dataset,subject,condition,band,filename,run,source,metric,first,second,eyes,recording
Chennu,2,baseline,alpha,02-2010-anest 20100210 135.003.set,,phase_only,Pi,0.7931034482758621,0.8620689655172412,,
Chennu,2,baseline,alpha,02-2010-anest 20100210 135.003.set,,phase_only,R,0.17061314141812078,0.17029002389381667,,
Chennu,2,baseline,alpha,02-2010-anest 20100210 135.003.set,,phase_only,D_eff,6.581324885367739,6.611629955552319,,
Chennu,2,baseline,alpha,02-2010-anest 20100210 135.003.set,,phase_only,M_tau,0.00576164773010473,0.005444772045926628,,
Chennu,2,mild,alpha,02-2010-anest 20100210 135.006.set,,phase_only,Pi,0.8735632183908046,0.8735632183908046,,
Chennu,2,mild,alpha,02-2010-anest 20100210 135.006.set,,phase_only,R,0.1793094423404234,0.17091534166770506,,
Chennu,2,mild,alpha,02-2010-anest 20100210 135.006.set,,phase_only,D_eff,6.419145390001249,6.9146665686235265,,
Chennu,2,mild,alpha,02-2010-anest 20100210 135.006.set,,phase_only,M_tau,0.004571212141511559,0.005452701912190848,,
Chennu,2,moderate,alpha,02-2010-anest 20100210 135.014.set,,phase_only,Pi,0.7931034482758621,0.896551724137931,,
Chennu,2,moderate,alpha,02-2010-anest 20100210 135.014.set,,phase_only,R,0.15760085070148572,0.16683405146883248,,
Chennu,2,moderate,alpha,02-2010-anest 20100210 135.014.set,,phase_only,D_eff,7.1315612085657385,6.8636172801676105,,
Chennu,2,moderate,alpha,02-2010-anest 20100210 135.014.set,,phase_only,M_tau,0.005417204101619113,0.005427473924812854,,
Chennu,2,recovery,alpha,02-2010-anest- 20100210 16.003.set,,phase_only,Pi,0.781609195402299,0.7816091954022989,,
Chennu,2,recovery,alpha,02-2010-anest- 20100210 16.003.set,,phase_only,R,0.17847131148801051,0.16161668144196786,,
Chennu,2,recovery,alpha,02-2010-anest- 20100210 16.003.set,,phase_only,D_eff,5.863191021961757,6.414095196748699,,
Chennu,2,recovery,alpha,02-2010-anest- 20100210 16.003.set,,phase_only,M_tau,0.005061542484996592,0.0047552681952452176,,
Chennu,3,baseline,alpha,03-2010-anest 20100211 142.003.set,,phase_only,Pi,0.7816091954022988,0.8735632183908046,,
Chennu,3,baseline,alpha,03-2010-anest 20100211 142.003.set,,phase_only,R,0.16073868401412392,0.16252345637374074,,
Chennu,3,baseline,alpha,03-2010-anest 20100211 142.003.set,,phase_only,D_eff,6.485427535066575,7.012822848139644,,
Chennu,3,baseline,alpha,03-2010-anest 20100211 142.003.set,,phase_only,M_tau,0.0037711545657767034,0.004074897242088662,,
Chennu,3,mild,alpha,03-2010-anest 20100211 142.008.set,,phase_only,Pi,0.7471264367816091,0.6321839080459767,,
Chennu,3,mild,alpha,03-2010-anest 20100211 142.008.set,,phase_only,R,0.1707190574192188,0.13883412688438165,,
Chennu,3,mild,alpha,03-2010-anest 20100211 142.008.set,,phase_only,D_eff,7.323000433153488,8.533672611969095,,
Chennu,3,mild,alpha,03-2010-anest 20100211 142.008.set,,phase_only,M_tau,0.003249954302435817,0.0030742013995214514,,
Chennu,3,moderate,alpha,03-2010-anest 20100211 142.021.set,,phase_only,Pi,0.14942528735632182,0.2528735632183908,,
Chennu,3,moderate,alpha,03-2010-anest 20100211 142.021.set,,phase_only,R,0.07959324956029858,0.0903612382496561,,
Chennu,3,moderate,alpha,03-2010-anest 20100211 142.021.set,,phase_only,D_eff,11.133310570688945,9.759664450636896,,
Chennu,3,moderate,alpha,03-2010-anest 20100211 142.021.set,,phase_only,M_tau,0.0019867015838045,0.0024634736470383308,,
Chennu,3,recovery,alpha,03-2010-anest 20100211 142.026.set,,phase_only,Pi,0.6091954022988505,0.8275862068965516,,
Chennu,3,recovery,alpha,03-2010-anest 20100211 142.026.set,,phase_only,R,0.1601698794512471,0.16229645454712413,,
Chennu,3,recovery,alpha,03-2010-anest 20100211 142.026.set,,phase_only,D_eff,8.4329320932366,7.579024038151359,,
Chennu,3,recovery,alpha,03-2010-anest 20100211 142.026.set,,phase_only,M_tau,0.002846655517950069,0.0035924604438529657,,
Chennu,5,baseline,alpha,05-2010-anest 20100223 095.004.set,,phase_only,Pi,0.7931034482758621,0.8620689655172413,,
Chennu,5,baseline,alpha,05-2010-anest 20100223 095.004.set,,phase_only,R,0.16971460708217234,0.17105697446468834,,
Chennu,5,baseline,alpha,05-2010-anest 20100223 095.004.set,,phase_only,D_eff,5.962095821761686,5.902427314512995,,
Chennu,5,baseline,alpha,05-2010-anest 20100223 095.004.set,,phase_only,M_tau,0.004230183806703251,0.0037769513496671587,,
Chennu,5,mild,alpha,05-2010-anest 20100223 095.009.set,,phase_only,Pi,0.7816091954022989,0.8160919540229884,,
Chennu,5,mild,alpha,05-2010-anest 20100223 095.009.set,,phase_only,R,0.1525164470587865,0.16087195485333913,,
Chennu,5,mild,alpha,05-2010-anest 20100223 095.009.set,,phase_only,D_eff,6.279637717301795,5.588198628997099,,
Chennu,5,mild,alpha,05-2010-anest 20100223 095.009.set,,phase_only,M_tau,0.0037115709202690723,0.004128926540474224,,
Chennu,5,moderate,alpha,05-2010-anest 20100223 095.022.set,,phase_only,Pi,0.21839080459770113,0.24137931034482757,,
Chennu,5,moderate,alpha,05-2010-anest 20100223 095.022.set,,phase_only,R,0.10136760446938457,0.1028107521304486,,
Chennu,5,moderate,alpha,05-2010-anest 20100223 095.022.set,,phase_only,D_eff,9.146011407939932,8.767292118169884,,
Chennu,5,moderate,alpha,05-2010-anest 20100223 095.022.set,,phase_only,M_tau,0.002467751274697983,0.0025455875961476276,,
Chennu,5,recovery,alpha,05-2010-anest 20100223 095.027.set,,phase_only,Pi,0.8735632183908046,0.6666666666666665,,
Chennu,5,recovery,alpha,05-2010-anest 20100223 095.027.set,,phase_only,R,0.16551566475365312,0.1552802826402454,,
Chennu,5,recovery,alpha,05-2010-anest 20100223 095.027.set,,phase_only,D_eff,5.759469184055342,4.90896351650384,,
Chennu,5,recovery,alpha,05-2010-anest 20100223 095.027.set,,phase_only,M_tau,0.0038249209527999933,0.002703001456672068,,
Chennu,6,baseline,alpha,06-2010-anest 20100224 093.003.set,,phase_only,Pi,0.7816091954022989,0.8735632183908045,,
Chennu,6,baseline,alpha,06-2010-anest 20100224 093.003.set,,phase_only,R,0.14859447168370324,0.1422122726661705,,
Chennu,6,baseline,alpha,06-2010-anest 20100224 093.003.set,,phase_only,D_eff,5.556383821900735,5.967025187245906,,
Chennu,6,baseline,alpha,06-2010-anest 20100224 093.003.set,,phase_only,M_tau,0.0031576196398763866,0.0029222261232521108,,
Chennu,6,mild,alpha,06-2010-anest 20100224 093.008.set,,phase_only,Pi,0.8160919540229886,0.6896551724137929,,
Chennu,6,mild,alpha,06-2010-anest 20100224 093.008.set,,phase_only,R,0.1420686448732461,0.1283461146251577,,
Chennu,6,mild,alpha,06-2010-anest 20100224 093.008.set,,phase_only,D_eff,6.174684957874017,7.393075719047646,,
Chennu,6,mild,alpha,06-2010-anest 20100224 093.008.set,,phase_only,M_tau,0.003075831874170838,0.003372498301359968,,
Chennu,6,moderate,alpha,06-2010-anest 20100224 093.013.set,,phase_only,Pi,0.41379310344827586,0.5402298850574713,,
Chennu,6,moderate,alpha,06-2010-anest 20100224 093.013.set,,phase_only,R,0.10461354566955296,0.11228860408445808,,
Chennu,6,moderate,alpha,06-2010-anest 20100224 093.013.set,,phase_only,D_eff,7.801311601402094,7.477056922561938,,
Chennu,6,moderate,alpha,06-2010-anest 20100224 093.013.set,,phase_only,M_tau,0.0025129340100857453,0.0028764426272324026,,
Chennu,6,recovery,alpha,06-2010-anest 20100224 093.026.set,,phase_only,Pi,0.8275862068965517,0.8850574712643678,,
Chennu,6,recovery,alpha,06-2010-anest 20100224 093.026.set,,phase_only,R,0.1571582626179548,0.15409431117187,,
Chennu,6,recovery,alpha,06-2010-anest 20100224 093.026.set,,phase_only,D_eff,5.763366019772256,6.300900715538391,,
Chennu,6,recovery,alpha,06-2010-anest 20100224 093.026.set,,phase_only,M_tau,0.003111761782331986,0.0033477983903670307,,
Chennu,7,baseline,alpha,07-2010-anest 20100226 133.003.set,,phase_only,Pi,0.8620689655172413,0.7931034482758621,,
Chennu,7,baseline,alpha,07-2010-anest 20100226 133.003.set,,phase_only,R,0.11080330037115783,0.08957364423479947,,
Chennu,7,baseline,alpha,07-2010-anest 20100226 133.003.set,,phase_only,D_eff,8.883297044925708,10.240761231368817,,
Chennu,7,baseline,alpha,07-2010-anest 20100226 133.003.set,,phase_only,M_tau,0.002717792240406434,0.0021318085136370134,,
Chennu,7,mild,alpha,07-2010-anest 20100226 133.008.set,,phase_only,Pi,0.8505747126436781,0.8390804597701149,,
Chennu,7,mild,alpha,07-2010-anest 20100226 133.008.set,,phase_only,R,0.09128885774167318,0.08915916443742201,,
Chennu,7,mild,alpha,07-2010-anest 20100226 133.008.set,,phase_only,D_eff,8.08169397256123,8.418752822473936,,
Chennu,7,mild,alpha,07-2010-anest 20100226 133.008.set,,phase_only,M_tau,0.0027708787405146523,0.002392681609993031,,
Chennu,7,moderate,alpha,07-2010-anest 20100226 133.021.set,,phase_only,Pi,0.9540229885057472,0.9425287356321839,,
Chennu,7,moderate,alpha,07-2010-anest 20100226 133.021.set,,phase_only,R,0.1053441304731588,0.09348142832068138,,
Chennu,7,moderate,alpha,07-2010-anest 20100226 133.021.set,,phase_only,D_eff,8.750888685904757,8.43307749387705,,
Chennu,7,moderate,alpha,07-2010-anest 20100226 133.021.set,,phase_only,M_tau,0.003198433518456772,0.002491363718158551,,
Chennu,7,recovery,alpha,07-2010-anest 20100226 133.027.set,,phase_only,Pi,0.6436781609195402,0.6321839080459771,,
Chennu,7,recovery,alpha,07-2010-anest 20100226 133.027.set,,phase_only,R,0.22779351073307522,0.18785912659045775,,
Chennu,7,recovery,alpha,07-2010-anest 20100226 133.027.set,,phase_only,D_eff,4.445003180892466,5.693971226403082,,
Chennu,7,recovery,alpha,07-2010-anest 20100226 133.027.set,,phase_only,M_tau,0.0028879690180829065,0.0033870566219179592,,
Chennu,8,baseline,alpha,08-2010-anest 20100301 095.004.set,,phase_only,Pi,0.9310344827586207,0.7241379310344828,,
Chennu,8,baseline,alpha,08-2010-anest 20100301 095.004.set,,phase_only,R,0.16266527432750916,0.16958139548796528,,
Chennu,8,baseline,alpha,08-2010-anest 20100301 095.004.set,,phase_only,D_eff,8.765908582338566,7.710015163109401,,
Chennu,8,baseline,alpha,08-2010-anest 20100301 095.004.set,,phase_only,M_tau,0.004404276933348938,0.00406548815366651,,
Chennu,8,mild,alpha,08-2010-anest 20100301 095.010.set,,phase_only,Pi,0.8505747126436782,0.7471264367816093,,
Chennu,8,mild,alpha,08-2010-anest 20100301 095.010.set,,phase_only,R,0.17925513370802823,0.17976375561146962,,
Chennu,8,mild,alpha,08-2010-anest 20100301 095.010.set,,phase_only,D_eff,6.9396973735170855,6.778093654759828,,
Chennu,8,mild,alpha,08-2010-anest 20100301 095.010.set,,phase_only,M_tau,0.004136994001715342,0.003890460172309748,,
Chennu,8,moderate,alpha,08-2010-anest 20100301 095.015.set,,phase_only,Pi,0.5517241379310345,0.45977011494252884,,
Chennu,8,moderate,alpha,08-2010-anest 20100301 095.015.set,,phase_only,R,0.11113641709522284,0.10280321752669311,,
Chennu,8,moderate,alpha,08-2010-anest 20100301 095.015.set,,phase_only,D_eff,9.101741715777056,9.225841509986726,,
Chennu,8,moderate,alpha,08-2010-anest 20100301 095.015.set,,phase_only,M_tau,0.0028600457488647136,0.0026000494531626174,,
Chennu,8,recovery,alpha,08-2010-anest 20100301 095.028.set,,phase_only,Pi,0.7701149425287357,0.7586206896551724,,
Chennu,8,recovery,alpha,08-2010-anest 20100301 095.028.set,,phase_only,R,0.16618246603454315,0.16881551783968907,,
Chennu,8,recovery,alpha,08-2010-anest 20100301 095.028.set,,phase_only,D_eff,7.242129115015704,6.899136202298861,,
Chennu,8,recovery,alpha,08-2010-anest 20100301 095.028.set,,phase_only,M_tau,0.0037467848593704268,0.003569974015587552,,
Chennu,9,baseline,alpha,09-2010-anest 20100301 135.003.set,,phase_only,Pi,0.8620689655172413,0.7931034482758621,,
Chennu,9,baseline,alpha,09-2010-anest 20100301 135.003.set,,phase_only,R,0.3052000593998305,0.28306572034763533,,
Chennu,9,baseline,alpha,09-2010-anest 20100301 135.003.set,,phase_only,D_eff,3.718981639629804,4.7091985472407165,,
Chennu,9,baseline,alpha,09-2010-anest 20100301 135.003.set,,phase_only,M_tau,0.002280846949935424,0.004428565880028001,,
Chennu,9,mild,alpha,09-2010-anest 20100301 135.008.set,,phase_only,Pi,0.839080459770115,0.8505747126436781,,
Chennu,9,mild,alpha,09-2010-anest 20100301 135.008.set,,phase_only,R,0.3121393000142554,0.2977573982712081,,
Chennu,9,mild,alpha,09-2010-anest 20100301 135.008.set,,phase_only,D_eff,3.7522377041654376,4.6545081644864394,,
Chennu,9,mild,alpha,09-2010-anest 20100301 135.008.set,,phase_only,M_tau,0.0033143328284834005,0.004848555480352917,,
Chennu,9,moderate,alpha,09-2010-anest 20100301 135.021.set,,phase_only,Pi,0.47126436781609193,0.36781609195402293,,
Chennu,9,moderate,alpha,09-2010-anest 20100301 135.021.set,,phase_only,R,0.24147641971143494,0.22577446386114006,,
Chennu,9,moderate,alpha,09-2010-anest 20100301 135.021.set,,phase_only,D_eff,5.676334637445897,6.537516842078188,,
Chennu,9,moderate,alpha,09-2010-anest 20100301 135.021.set,,phase_only,M_tau,0.004491669060205958,0.005347335992167338,,
Chennu,9,recovery,alpha,09-2010-anest 20100301 135.026.set,,phase_only,Pi,0.8735632183908045,0.8390804597701149,,
Chennu,9,recovery,alpha,09-2010-anest 20100301 135.026.set,,phase_only,R,0.2814053423849259,0.28609724072400533,,
Chennu,9,recovery,alpha,09-2010-anest 20100301 135.026.set,,phase_only,D_eff,4.237203428537686,4.586759730562037,,
Chennu,9,recovery,alpha,09-2010-anest 20100301 135.026.set,,phase_only,M_tau,0.003631223047775379,0.0037579344281824033,,
Chennu,10,baseline,alpha,10-2010-anest 20100305 130.005.set,,phase_only,Pi,0.7931034482758622,0.8620689655172413,,
Chennu,10,baseline,alpha,10-2010-anest 20100305 130.005.set,,phase_only,R,0.11366031634558957,0.09526286532869813,,
Chennu,10,baseline,alpha,10-2010-anest 20100305 130.005.set,,phase_only,D_eff,9.59895165967998,9.784123216607757,,
Chennu,10,baseline,alpha,10-2010-anest 20100305 130.005.set,,phase_only,M_tau,0.0025635661476798447,0.002395362156583734,,
Chennu,10,mild,alpha,10-2010-anest 20100305 130.010.set,,phase_only,Pi,0.7356321839080461,0.5172413793103448,,
Chennu,10,mild,alpha,10-2010-anest 20100305 130.010.set,,phase_only,R,0.09041278036441383,0.08265084498985512,,
Chennu,10,mild,alpha,10-2010-anest 20100305 130.010.set,,phase_only,D_eff,8.397122581316001,7.637143326044668,,
Chennu,10,mild,alpha,10-2010-anest 20100305 130.010.set,,phase_only,M_tau,0.002537130150269596,0.0020185958487809654,,
Chennu,10,moderate,alpha,10-2010-anest 20100305 130.015.set,,phase_only,Pi,0.4022988505747127,0.37931034482758613,,
Chennu,10,moderate,alpha,10-2010-anest 20100305 130.015.set,,phase_only,R,0.079332860377041,0.07874329426949478,,
Chennu,10,moderate,alpha,10-2010-anest 20100305 130.015.set,,phase_only,D_eff,7.758451602715437,7.734524720764339,,
Chennu,10,moderate,alpha,10-2010-anest 20100305 130.015.set,,phase_only,M_tau,0.0017471371753350897,0.0017348246505237892,,
Chennu,10,recovery,alpha,10-2010-anest 20100305 130.028.set,,phase_only,Pi,0.7011494252873562,0.5632183908045977,,
Chennu,10,recovery,alpha,10-2010-anest 20100305 130.028.set,,phase_only,R,0.0914498453619008,0.13287791330965207,,
Chennu,10,recovery,alpha,10-2010-anest 20100305 130.028.set,,phase_only,D_eff,9.401109091092042,6.4756703913107,,
Chennu,10,recovery,alpha,10-2010-anest 20100305 130.028.set,,phase_only,M_tau,0.0020193322818584654,0.0030257935151481344,,
Chennu,13,baseline,alpha,13-2010-anest 20100322 132.003.set,,phase_only,Pi,0.8620689655172413,0.7931034482758621,,
Chennu,13,baseline,alpha,13-2010-anest 20100322 132.003.set,,phase_only,R,0.18919202546341143,0.1640282655228616,,
Chennu,13,baseline,alpha,13-2010-anest 20100322 132.003.set,,phase_only,D_eff,5.788009295011439,6.061958135514309,,
Chennu,13,baseline,alpha,13-2010-anest 20100322 132.003.set,,phase_only,M_tau,0.004137330310081211,0.004182640206351276,,
Chennu,13,mild,alpha,13-2010-anest 20100322 132.008.set,,phase_only,Pi,0.7241379310344827,0.735632183908046,,
Chennu,13,mild,alpha,13-2010-anest 20100322 132.008.set,,phase_only,R,0.15372182246459962,0.16675540019771787,,
Chennu,13,mild,alpha,13-2010-anest 20100322 132.008.set,,phase_only,D_eff,5.799600375854564,5.557741758772463,,
Chennu,13,mild,alpha,13-2010-anest 20100322 132.008.set,,phase_only,M_tau,0.003913376314681111,0.003899526579257813,,
Chennu,13,moderate,alpha,13-2010-anest 20100322 132.013.set,,phase_only,Pi,0.632183908045977,0.5862068965517241,,
Chennu,13,moderate,alpha,13-2010-anest 20100322 132.013.set,,phase_only,R,0.14390677455338904,0.1301881578096779,,
Chennu,13,moderate,alpha,13-2010-anest 20100322 132.013.set,,phase_only,D_eff,5.683039815131809,5.981248146122768,,
Chennu,13,moderate,alpha,13-2010-anest 20100322 132.013.set,,phase_only,M_tau,0.004089426683160686,0.0037969657496821274,,
Chennu,13,recovery,alpha,13-2010-anest 20100322 132.026.set,,phase_only,Pi,0.6666666666666669,0.7011494252873564,,
Chennu,13,recovery,alpha,13-2010-anest 20100322 132.026.set,,phase_only,R,0.13974007067127034,0.14676987836840752,,
Chennu,13,recovery,alpha,13-2010-anest 20100322 132.026.set,,phase_only,D_eff,5.515145751033202,6.050047023993595,,
Chennu,13,recovery,alpha,13-2010-anest 20100322 132.026.set,,phase_only,M_tau,0.004051884096864117,0.004027746427266076,,
Chennu,14,baseline,alpha,14-2010-anest 20100324 125.007.set,,phase_only,Pi,0.8390804597701149,0.8160919540229885,,
Chennu,14,baseline,alpha,14-2010-anest 20100324 125.007.set,,phase_only,R,0.12411042202581532,0.12681050731596416,,
Chennu,14,baseline,alpha,14-2010-anest 20100324 125.007.set,,phase_only,D_eff,9.01809551664121,8.491634168208748,,
Chennu,14,baseline,alpha,14-2010-anest 20100324 125.007.set,,phase_only,M_tau,0.004383458550084738,0.0043175988309139554,,
Chennu,14,mild,alpha,14-2010-anest 20100324 132.011.set,,phase_only,Pi,0.9195402298850575,0.9195402298850573,,
Chennu,14,mild,alpha,14-2010-anest 20100324 132.011.set,,phase_only,R,0.1353164362453605,0.13337779079407666,,
Chennu,14,mild,alpha,14-2010-anest 20100324 132.011.set,,phase_only,D_eff,8.76049857181555,8.26011771742828,,
Chennu,14,mild,alpha,14-2010-anest 20100324 132.011.set,,phase_only,M_tau,0.004320201422330228,0.004526317326680618,,
Chennu,14,moderate,alpha,14-2010-anest 20100324 132.016.set,,phase_only,Pi,0.6896551724137931,0.5402298850574713,,
Chennu,14,moderate,alpha,14-2010-anest 20100324 132.016.set,,phase_only,R,0.0965827942698493,0.09432593783401522,,
Chennu,14,moderate,alpha,14-2010-anest 20100324 132.016.set,,phase_only,D_eff,9.356788644309997,9.700630569953113,,
Chennu,14,moderate,alpha,14-2010-anest 20100324 132.016.set,,phase_only,M_tau,0.0023464877800880206,0.0024289061178425723,,
Chennu,14,recovery,alpha,14-2010-anest 20100324 132.031.set,,phase_only,Pi,0.9080459770114943,0.9080459770114944,,
Chennu,14,recovery,alpha,14-2010-anest 20100324 132.031.set,,phase_only,R,0.14199316841261303,0.13560361690495865,,
Chennu,14,recovery,alpha,14-2010-anest 20100324 132.031.set,,phase_only,D_eff,9.092677067567074,8.970644794733868,,
Chennu,14,recovery,alpha,14-2010-anest 20100324 132.031.set,,phase_only,M_tau,0.004141800011795304,0.0038361792341828375,,
Chennu,18,baseline,alpha,18-2010-anest 20100331 140.003.set,,phase_only,Pi,0.7471264367816093,0.9080459770114943,,
Chennu,18,baseline,alpha,18-2010-anest 20100331 140.003.set,,phase_only,R,0.19108239028757307,0.21158833202286767,,
Chennu,18,baseline,alpha,18-2010-anest 20100331 140.003.set,,phase_only,D_eff,5.608220111572307,5.178994245896554,,
Chennu,18,baseline,alpha,18-2010-anest 20100331 140.003.set,,phase_only,M_tau,0.0036872465800574304,0.003920405444561455,,
Chennu,18,mild,alpha,18-2010-anest 20100331 140.009.set,,phase_only,Pi,0.6551724137931034,0.632183908045977,,
Chennu,18,mild,alpha,18-2010-anest 20100331 140.009.set,,phase_only,R,0.2129569972559149,0.20048876285604944,,
Chennu,18,mild,alpha,18-2010-anest 20100331 140.009.set,,phase_only,D_eff,4.4935557181332895,4.890566803374702,,
Chennu,18,mild,alpha,18-2010-anest 20100331 140.009.set,,phase_only,M_tau,0.002758805692349589,0.0027580674757372286,,
Chennu,18,moderate,alpha,18-2010-anest 20100331 140.014.set,,phase_only,Pi,0.6551724137931033,0.5287356321839081,,
Chennu,18,moderate,alpha,18-2010-anest 20100331 140.014.set,,phase_only,R,0.18384548263319786,0.17376304621191224,,
Chennu,18,moderate,alpha,18-2010-anest 20100331 140.014.set,,phase_only,D_eff,5.462137991032848,6.217643897581866,,
Chennu,18,moderate,alpha,18-2010-anest 20100331 140.014.set,,phase_only,M_tau,0.0031136283166437726,0.0032629716556449827,,
Chennu,18,recovery,alpha,18-2010-anest 20100331 140.027.set,,phase_only,Pi,0.7356321839080461,0.6666666666666666,,
Chennu,18,recovery,alpha,18-2010-anest 20100331 140.027.set,,phase_only,R,0.18792295758406094,0.18804828951666977,,
Chennu,18,recovery,alpha,18-2010-anest 20100331 140.027.set,,phase_only,D_eff,5.330679716526327,5.740461435252738,,
Chennu,18,recovery,alpha,18-2010-anest 20100331 140.027.set,,phase_only,M_tau,0.003141452141923414,0.0035652933908724583,,
Chennu,20,baseline,alpha,20-2010-anest 20100414 131.004.set,,phase_only,Pi,0.8275862068965517,0.8275862068965516,,
Chennu,20,baseline,alpha,20-2010-anest 20100414 131.004.set,,phase_only,R,0.1111128246595507,0.10419720863527451,,
Chennu,20,baseline,alpha,20-2010-anest 20100414 131.004.set,,phase_only,D_eff,9.984516221782748,10.442395492498388,,
Chennu,20,baseline,alpha,20-2010-anest 20100414 131.004.set,,phase_only,M_tau,0.002887207106617565,0.002383003226111179,,
Chennu,20,mild,alpha,20-2010-anest 20100414 131.009.set,,phase_only,Pi,0.7586206896551724,0.6666666666666667,,
Chennu,20,mild,alpha,20-2010-anest 20100414 131.009.set,,phase_only,R,0.11284029389460314,0.14101682789963144,,
Chennu,20,mild,alpha,20-2010-anest 20100414 131.009.set,,phase_only,D_eff,9.2117902002093,6.021498999371346,,
Chennu,20,mild,alpha,20-2010-anest 20100414 131.009.set,,phase_only,M_tau,0.0025207220404963792,0.0027084573489671547,,
Chennu,20,moderate,alpha,20-2010-anest 20100414 131.022.set,,phase_only,Pi,0.6666666666666667,0.7816091954022989,,
Chennu,20,moderate,alpha,20-2010-anest 20100414 131.022.set,,phase_only,R,0.13343018378886698,0.1090616847767265,,
Chennu,20,moderate,alpha,20-2010-anest 20100414 131.022.set,,phase_only,D_eff,6.496550884871021,8.287132821597494,,
Chennu,20,moderate,alpha,20-2010-anest 20100414 131.022.set,,phase_only,M_tau,0.0022862686673993516,0.0023725279555572797,,
Chennu,20,recovery,alpha,20-2010-anest 20100414 131.027.set,,phase_only,Pi,0.7701149425287356,0.6436781609195402,,
Chennu,20,recovery,alpha,20-2010-anest 20100414 131.027.set,,phase_only,R,0.11969857165282136,0.13411131242578178,,
Chennu,20,recovery,alpha,20-2010-anest 20100414 131.027.set,,phase_only,D_eff,8.403674044741843,5.658672756545558,,
Chennu,20,recovery,alpha,20-2010-anest 20100414 131.027.set,,phase_only,M_tau,0.0026146643099549385,0.002230672959763186,,
Chennu,22,baseline,alpha,22-2010-anest 20100415 132.004.set,,phase_only,Pi,0.8850574712643678,0.7701149425287356,,
Chennu,22,baseline,alpha,22-2010-anest 20100415 132.004.set,,phase_only,R,0.16547378174498711,0.16777457171776491,,
Chennu,22,baseline,alpha,22-2010-anest 20100415 132.004.set,,phase_only,D_eff,8.032134626455344,8.114450734150848,,
Chennu,22,baseline,alpha,22-2010-anest 20100415 132.004.set,,phase_only,M_tau,0.004457352871868038,0.004475732473524493,,
Chennu,22,mild,alpha,22-2010-anest 20100415 132.009.set,,phase_only,Pi,0.7816091954022989,0.5632183908045977,,
Chennu,22,mild,alpha,22-2010-anest 20100415 132.009.set,,phase_only,R,0.16449894630799874,0.14495728349551193,,
Chennu,22,mild,alpha,22-2010-anest 20100415 132.009.set,,phase_only,D_eff,9.152062285901854,9.432590203396156,,
Chennu,22,mild,alpha,22-2010-anest 20100415 132.009.set,,phase_only,M_tau,0.003861725629482811,0.004125694074350672,,
Chennu,22,moderate,alpha,22-2010-anest 20100415 132.014.set,,phase_only,Pi,0.8390804597701149,0.896551724137931,,
Chennu,22,moderate,alpha,22-2010-anest 20100415 132.014.set,,phase_only,R,0.18200580720946818,0.19382877697220022,,
Chennu,22,moderate,alpha,22-2010-anest 20100415 132.014.set,,phase_only,D_eff,8.202782205510179,7.4395335790978,,
Chennu,22,moderate,alpha,22-2010-anest 20100415 132.014.set,,phase_only,M_tau,0.005224591631505879,0.004595728834309011,,
Chennu,22,recovery,alpha,22-2010-anest 20100415 154.003.set,,phase_only,Pi,0.7701149425287356,0.7241379310344829,,
Chennu,22,recovery,alpha,22-2010-anest 20100415 154.003.set,,phase_only,R,0.16690430584197272,0.15579732865243826,,
Chennu,22,recovery,alpha,22-2010-anest 20100415 154.003.set,,phase_only,D_eff,7.3882848555609515,7.056927289126798,,
Chennu,22,recovery,alpha,22-2010-anest 20100415 154.003.set,,phase_only,M_tau,0.004725705973059161,0.003803597987735083,,
Chennu,23,baseline,alpha,23-2010-anest 20100420 094.003.set,,phase_only,Pi,0.8620689655172413,0.793103448275862,,
Chennu,23,baseline,alpha,23-2010-anest 20100420 094.003.set,,phase_only,R,0.21829436671289748,0.19150401005378156,,
Chennu,23,baseline,alpha,23-2010-anest 20100420 094.003.set,,phase_only,D_eff,5.662752403110865,5.190514895682093,,
Chennu,23,baseline,alpha,23-2010-anest 20100420 094.003.set,,phase_only,M_tau,0.004619762788373683,0.004644175656154019,,
Chennu,23,mild,alpha,23-2010-anest 20100420 094.008.set,,phase_only,Pi,0.8275862068965517,0.7931034482758622,,
Chennu,23,mild,alpha,23-2010-anest 20100420 094.008.set,,phase_only,R,0.22868728440875627,0.18430867947025684,,
Chennu,23,mild,alpha,23-2010-anest 20100420 094.008.set,,phase_only,D_eff,5.297325285347863,5.347219775519537,,
Chennu,23,mild,alpha,23-2010-anest 20100420 094.008.set,,phase_only,M_tau,0.0040563019139844515,0.004832580642919229,,
Chennu,23,moderate,alpha,23-2010-anest 20100420 094.022.set,,phase_only,Pi,0.7816091954022988,0.528735632183908,,
Chennu,23,moderate,alpha,23-2010-anest 20100420 094.022.set,,phase_only,R,0.19542403990336746,0.14450728601476906,,
Chennu,23,moderate,alpha,23-2010-anest 20100420 094.022.set,,phase_only,D_eff,6.278856885383227,6.688655716380396,,
Chennu,23,moderate,alpha,23-2010-anest 20100420 094.022.set,,phase_only,M_tau,0.004783160009700824,0.003619109780768931,,
Chennu,23,recovery,alpha,23-2010-anest 20100420 094.027.set,,phase_only,Pi,0.8045977011494252,0.7931034482758622,,
Chennu,23,recovery,alpha,23-2010-anest 20100420 094.027.set,,phase_only,R,0.21500911580730647,0.19964230835271946,,
Chennu,23,recovery,alpha,23-2010-anest 20100420 094.027.set,,phase_only,D_eff,5.33411568520563,5.518752044204183,,
Chennu,23,recovery,alpha,23-2010-anest 20100420 094.027.set,,phase_only,M_tau,0.0035654751939984725,0.0031832109271619485,,
Chennu,24,baseline,alpha,24-2010-anest 20100420 134.003.set,,phase_only,Pi,0.7701149425287357,0.8850574712643678,,
Chennu,24,baseline,alpha,24-2010-anest 20100420 134.003.set,,phase_only,R,0.20615199753530603,0.20465920536965287,,
Chennu,24,baseline,alpha,24-2010-anest 20100420 134.003.set,,phase_only,D_eff,6.345255462497277,6.075381659863584,,
Chennu,24,baseline,alpha,24-2010-anest 20100420 134.003.set,,phase_only,M_tau,0.004261556436747838,0.004231926792562,,
Chennu,24,mild,alpha,24-2010-anest 20100420 134.010.set,,phase_only,Pi,0.5977011494252873,0.5977011494252873,,
Chennu,24,mild,alpha,24-2010-anest 20100420 134.010.set,,phase_only,R,0.18495062474205862,0.18351091101585626,,
Chennu,24,mild,alpha,24-2010-anest 20100420 134.010.set,,phase_only,D_eff,5.490665955967586,4.783953338812249,,
Chennu,24,mild,alpha,24-2010-anest 20100420 134.010.set,,phase_only,M_tau,0.0029720239267486447,0.003551452626386293,,
Chennu,24,moderate,alpha,24-2010-anest 20100420 134.015.set,,phase_only,Pi,0.4367816091954024,0.586206896551724,,
Chennu,24,moderate,alpha,24-2010-anest 20100420 134.015.set,,phase_only,R,0.20329058601101055,0.16095196423275215,,
Chennu,24,moderate,alpha,24-2010-anest 20100420 134.015.set,,phase_only,D_eff,3.711279434219076,5.949869944886944,,
Chennu,24,moderate,alpha,24-2010-anest 20100420 134.015.set,,phase_only,M_tau,0.0025540679936996834,0.0035943505413938964,,
Chennu,24,recovery,alpha,24-2010-anest 20100420 134.028.set,,phase_only,Pi,0.6896551724137933,0.5747126436781609,,
Chennu,24,recovery,alpha,24-2010-anest 20100420 134.028.set,,phase_only,R,0.1691628975907398,0.17076257852849366,,
Chennu,24,recovery,alpha,24-2010-anest 20100420 134.028.set,,phase_only,D_eff,6.651077546255124,5.544953681770483,,
Chennu,24,recovery,alpha,24-2010-anest 20100420 134.028.set,,phase_only,M_tau,0.003717247950935573,0.002938664184777583,,
Chennu,25,baseline,alpha,25-2010-anest 20100422 133.003.set,,phase_only,Pi,0.896551724137931,0.7586206896551724,,
Chennu,25,baseline,alpha,25-2010-anest 20100422 133.003.set,,phase_only,R,0.1278664400421509,0.13357167560771244,,
Chennu,25,baseline,alpha,25-2010-anest 20100422 133.003.set,,phase_only,D_eff,9.615005190597433,8.801386588445203,,
Chennu,25,baseline,alpha,25-2010-anest 20100422 133.003.set,,phase_only,M_tau,0.0036330053495225857,0.0036295251727882756,,
Chennu,25,mild,alpha,25-2010-anest 20100422 133.008.set,,phase_only,Pi,0.896551724137931,0.8390804597701149,,
Chennu,25,mild,alpha,25-2010-anest 20100422 133.008.set,,phase_only,R,0.13943627636519412,0.13556816279443354,,
Chennu,25,mild,alpha,25-2010-anest 20100422 133.008.set,,phase_only,D_eff,8.98187302453985,9.134947442276422,,
Chennu,25,mild,alpha,25-2010-anest 20100422 133.008.set,,phase_only,M_tau,0.003878613845164538,0.003185164710339766,,
Chennu,25,moderate,alpha,25-2010-anest 20100422 133.021.set,,phase_only,Pi,0.7586206896551724,0.6206896551724138,,
Chennu,25,moderate,alpha,25-2010-anest 20100422 133.021.set,,phase_only,R,0.12087496771651235,0.10317297768690956,,
Chennu,25,moderate,alpha,25-2010-anest 20100422 133.021.set,,phase_only,D_eff,9.368234780546278,9.033783337691917,,
Chennu,25,moderate,alpha,25-2010-anest 20100422 133.021.set,,phase_only,M_tau,0.0033135896409232928,0.0025975664132700314,,
Chennu,25,recovery,alpha,25-2010-anest 20100422 133.026.set,,phase_only,Pi,0.7701149425287357,0.8045977011494252,,
Chennu,25,recovery,alpha,25-2010-anest 20100422 133.026.set,,phase_only,R,0.15080401944136854,0.13818766848649452,,
Chennu,25,recovery,alpha,25-2010-anest 20100422 133.026.set,,phase_only,D_eff,8.742133264726574,9.345095414448547,,
Chennu,25,recovery,alpha,25-2010-anest 20100422 133.026.set,,phase_only,M_tau,0.003253228768162703,0.0033051696716004005,,
Chennu,26,baseline,alpha,26-2010-anest 20100507 132.003.set,,phase_only,Pi,0.7816091954022989,0.8735632183908045,,
Chennu,26,baseline,alpha,26-2010-anest 20100507 132.003.set,,phase_only,R,0.1997089069876205,0.1885474883525327,,
Chennu,26,baseline,alpha,26-2010-anest 20100507 132.003.set,,phase_only,D_eff,6.270341235463717,6.276544634876537,,
Chennu,26,baseline,alpha,26-2010-anest 20100507 132.003.set,,phase_only,M_tau,0.0049355227006176415,0.005022487116981078,,
Chennu,26,mild,alpha,26-2010-anest 20100507 132.008.set,,phase_only,Pi,0.7931034482758622,0.8505747126436782,,
Chennu,26,mild,alpha,26-2010-anest 20100507 132.008.set,,phase_only,R,0.19967310287227735,0.19741887776386882,,
Chennu,26,mild,alpha,26-2010-anest 20100507 132.008.set,,phase_only,D_eff,5.571982343473905,6.2284730039439715,,
Chennu,26,mild,alpha,26-2010-anest 20100507 132.008.set,,phase_only,M_tau,0.0044537487888059455,0.0051499417387549,,
Chennu,26,moderate,alpha,26-2010-anest 20100507 132.013.set,,phase_only,Pi,0.8275862068965517,0.5747126436781609,,
Chennu,26,moderate,alpha,26-2010-anest 20100507 132.013.set,,phase_only,R,0.19027779863939584,0.1582319283233908,,
Chennu,26,moderate,alpha,26-2010-anest 20100507 132.013.set,,phase_only,D_eff,6.3711268054649475,7.6922126956703485,,
Chennu,26,moderate,alpha,26-2010-anest 20100507 132.013.set,,phase_only,M_tau,0.004465063525899601,0.004809704614139701,,
Chennu,26,recovery,alpha,26-2010-anest 20100507 132.026.set,,phase_only,Pi,0.8505747126436782,0.7701149425287356,,
Chennu,26,recovery,alpha,26-2010-anest 20100507 132.026.set,,phase_only,R,0.2029908395014146,0.19648873803476344,,
Chennu,26,recovery,alpha,26-2010-anest 20100507 132.026.set,,phase_only,D_eff,5.343271941780381,5.642287989709561,,
Chennu,26,recovery,alpha,26-2010-anest 20100507 132.026.set,,phase_only,M_tau,0.0038325922815275657,0.004223934286682727,,
Chennu,27,baseline,alpha,27-2010-anest 20100823 104.001.set,,phase_only,Pi,0.8505747126436782,0.8045977011494252,,
Chennu,27,baseline,alpha,27-2010-anest 20100823 104.001.set,,phase_only,R,0.18774536402451023,0.1651143552761773,,
Chennu,27,baseline,alpha,27-2010-anest 20100823 104.001.set,,phase_only,D_eff,5.537023953453137,5.89927615426894,,
Chennu,27,baseline,alpha,27-2010-anest 20100823 104.001.set,,phase_only,M_tau,0.004533017282527538,0.003841196744526266,,
Chennu,27,mild,alpha,27-2010-anest 20100823 104.010.set,,phase_only,Pi,0.8275862068965518,0.8045977011494252,,
Chennu,27,mild,alpha,27-2010-anest 20100823 104.010.set,,phase_only,R,0.17218121577820392,0.18206327123418117,,
Chennu,27,mild,alpha,27-2010-anest 20100823 104.010.set,,phase_only,D_eff,5.571369581399903,6.074542285036397,,
Chennu,27,mild,alpha,27-2010-anest 20100823 104.010.set,,phase_only,M_tau,0.0026675286064921037,0.0034422621758804896,,
Chennu,27,moderate,alpha,27-2010-anest 20100823 104.023.set,,phase_only,Pi,0.3448275862068966,0.2298850574712643,,
Chennu,27,moderate,alpha,27-2010-anest 20100823 104.023.set,,phase_only,R,0.12121409756841797,0.11247964758409973,,
Chennu,27,moderate,alpha,27-2010-anest 20100823 104.023.set,,phase_only,D_eff,8.384542367167649,8.714952524498436,,
Chennu,27,moderate,alpha,27-2010-anest 20100823 104.023.set,,phase_only,M_tau,0.0030338560466605306,0.0028545597180684966,,
Chennu,27,recovery,alpha,27-2010-anest 20100823 104.028.set,,phase_only,Pi,0.7931034482758621,0.8275862068965517,,
Chennu,27,recovery,alpha,27-2010-anest 20100823 104.028.set,,phase_only,R,0.19876745600005327,0.17112294841960518,,
Chennu,27,recovery,alpha,27-2010-anest 20100823 104.028.set,,phase_only,D_eff,5.077140975351513,6.791530400270232,,
Chennu,27,recovery,alpha,27-2010-anest 20100823 104.028.set,,phase_only,M_tau,0.0036803012026152453,0.004181625744110514,,
Chennu,28,baseline,alpha,28-2010-anest 20100824 092.004.set,,phase_only,Pi,0.839080459770115,0.8160919540229884,,
Chennu,28,baseline,alpha,28-2010-anest 20100824 092.004.set,,phase_only,R,0.18297655022957593,0.1707786681048547,,
Chennu,28,baseline,alpha,28-2010-anest 20100824 092.004.set,,phase_only,D_eff,6.154255824524351,6.279084092500644,,
Chennu,28,baseline,alpha,28-2010-anest 20100824 092.004.set,,phase_only,M_tau,0.0035182852063138795,0.004127964526574496,,
Chennu,28,mild,alpha,28-2010-anest 20100824 092.011.set,,phase_only,Pi,0.7931034482758622,0.7356321839080461,,
Chennu,28,mild,alpha,28-2010-anest 20100824 092.011.set,,phase_only,R,0.18493785690518463,0.1691902016139118,,
Chennu,28,mild,alpha,28-2010-anest 20100824 092.011.set,,phase_only,D_eff,5.6353777299412595,5.180667874275005,,
Chennu,28,mild,alpha,28-2010-anest 20100824 092.011.set,,phase_only,M_tau,0.003628809047841224,0.0030045779530051314,,
Chennu,28,moderate,alpha,28-2010-anest 20100824 092.016.set,,phase_only,Pi,0.8390804597701149,0.7356321839080461,,
Chennu,28,moderate,alpha,28-2010-anest 20100824 092.016.set,,phase_only,R,0.1650968455277101,0.16662107914993068,,
Chennu,28,moderate,alpha,28-2010-anest 20100824 092.016.set,,phase_only,D_eff,5.567744597587017,5.14594929473634,,
Chennu,28,moderate,alpha,28-2010-anest 20100824 092.016.set,,phase_only,M_tau,0.0033530462891541205,0.0036127938376852545,,
Chennu,28,recovery,alpha,28-2010-anest 20100824 092.029.set,,phase_only,Pi,0.7931034482758621,0.8620689655172413,,
Chennu,28,recovery,alpha,28-2010-anest 20100824 092.029.set,,phase_only,R,0.17498627165788366,0.18320466416208567,,
Chennu,28,recovery,alpha,28-2010-anest 20100824 092.029.set,,phase_only,D_eff,5.493313831270756,5.9860557807923405,,
Chennu,28,recovery,alpha,28-2010-anest 20100824 092.029.set,,phase_only,M_tau,0.003163851240735065,0.0035906364786672832,,
Chennu,29,baseline,alpha,29-2010-anest 20100921 142.005.set,,phase_only,Pi,0.8160919540229884,0.839080459770115,,
Chennu,29,baseline,alpha,29-2010-anest 20100921 142.005.set,,phase_only,R,0.17209082212385338,0.17308531670492608,,
Chennu,29,baseline,alpha,29-2010-anest 20100921 142.005.set,,phase_only,D_eff,7.343662816850197,7.150815659253332,,
Chennu,29,baseline,alpha,29-2010-anest 20100921 142.005.set,,phase_only,M_tau,0.004884220533915257,0.0044459760025479765,,
Chennu,29,mild,alpha,29-2010-anest 20100921 142.010.set,,phase_only,Pi,0.839080459770115,0.7816091954022988,,
Chennu,29,mild,alpha,29-2010-anest 20100921 142.010.set,,phase_only,R,0.18500986681463782,0.18449033162691333,,
Chennu,29,mild,alpha,29-2010-anest 20100921 142.010.set,,phase_only,D_eff,6.60198227818214,6.502050620444818,,
Chennu,29,mild,alpha,29-2010-anest 20100921 142.010.set,,phase_only,M_tau,0.0048312313860343035,0.004527219893400046,,
Chennu,29,moderate,alpha,29-2010-anest 20100921 142.023.set,,phase_only,Pi,0.8850574712643678,0.8735632183908046,,
Chennu,29,moderate,alpha,29-2010-anest 20100921 142.023.set,,phase_only,R,0.17488625226030602,0.17569425799151211,,
Chennu,29,moderate,alpha,29-2010-anest 20100921 142.023.set,,phase_only,D_eff,7.127347392447897,7.351348483951551,,
Chennu,29,moderate,alpha,29-2010-anest 20100921 142.023.set,,phase_only,M_tau,0.004350015976656068,0.004896666761657497,,
Chennu,29,recovery,alpha,29-2010-anest 20100921 142.028.set,,phase_only,Pi,0.6896551724137928,0.7586206896551724,,
Chennu,29,recovery,alpha,29-2010-anest 20100921 142.028.set,,phase_only,R,0.1699348595078447,0.16496904879112237,,
Chennu,29,recovery,alpha,29-2010-anest 20100921 142.028.set,,phase_only,D_eff,6.252440275171497,6.730062851068595,,
Chennu,29,recovery,alpha,29-2010-anest 20100921 142.028.set,,phase_only,M_tau,0.003261383860224523,0.0037751640575256684,,
DS005620,1010,awake,alpha,sub-1010_task-awake_acq-EC_eeg.vhdr,,phase_only,Pi,0.8505747126436782,0.8045977011494252,,
DS005620,1010,awake,alpha,sub-1010_task-awake_acq-EC_eeg.vhdr,,phase_only,R,0.12272701004079233,0.12111415719539338,,
DS005620,1010,awake,alpha,sub-1010_task-awake_acq-EC_eeg.vhdr,,phase_only,D_eff,8.865636988827214,9.528826394258878,,
DS005620,1010,awake,alpha,sub-1010_task-awake_acq-EC_eeg.vhdr,,phase_only,M_tau,0.004184320914980876,0.0037585072616359416,,
DS005620,1010,sed2,alpha,sub-1010_task-sed2_acq-rest_run-1_eeg.vhdr,1.0,phase_only,Pi,0.7543859649122806,0.6842105263157895,,
DS005620,1010,sed2,alpha,sub-1010_task-sed2_acq-rest_run-1_eeg.vhdr,1.0,phase_only,R,0.12347694019187946,0.11802218354014408,,
DS005620,1010,sed2,alpha,sub-1010_task-sed2_acq-rest_run-1_eeg.vhdr,1.0,phase_only,D_eff,7.420194839373658,7.66767088825271,,
DS005620,1010,sed2,alpha,sub-1010_task-sed2_acq-rest_run-1_eeg.vhdr,1.0,phase_only,M_tau,0.0035882269690402997,0.003046492342020258,,
DS005620,1010,sed2,alpha,sub-1010_task-sed2_acq-rest_run-2_eeg.vhdr,2.0,phase_only,Pi,0.6842105263157895,0.6140350877192983,,
DS005620,1010,sed2,alpha,sub-1010_task-sed2_acq-rest_run-2_eeg.vhdr,2.0,phase_only,R,0.09684905838679105,0.10424311552567497,,
DS005620,1010,sed2,alpha,sub-1010_task-sed2_acq-rest_run-2_eeg.vhdr,2.0,phase_only,D_eff,8.939659935832664,7.792953547164579,,
DS005620,1010,sed2,alpha,sub-1010_task-sed2_acq-rest_run-2_eeg.vhdr,2.0,phase_only,M_tau,0.002599361492397142,0.0029355863969691156,,
DS005620,1010,sed2,alpha,sub-1010_task-sed2_acq-rest_run-3_eeg.vhdr,3.0,phase_only,Pi,0.7368421052631579,0.8070175438596491,,
DS005620,1010,sed2,alpha,sub-1010_task-sed2_acq-rest_run-3_eeg.vhdr,3.0,phase_only,R,0.11305953653043922,0.1273707351289394,,
DS005620,1010,sed2,alpha,sub-1010_task-sed2_acq-rest_run-3_eeg.vhdr,3.0,phase_only,D_eff,7.637077307724197,7.9949687204103155,,
DS005620,1010,sed2,alpha,sub-1010_task-sed2_acq-rest_run-3_eeg.vhdr,3.0,phase_only,M_tau,0.0033346959681602836,0.0041337384759048326,,
DS005620,1010,sed,alpha,sub-1010_task-sed_acq-rest_run-1_eeg.vhdr,1.0,phase_only,Pi,0.67816091954023,0.67816091954023,,
DS005620,1010,sed,alpha,sub-1010_task-sed_acq-rest_run-1_eeg.vhdr,1.0,phase_only,R,0.22167715032401325,0.12138418690594,,
DS005620,1010,sed,alpha,sub-1010_task-sed_acq-rest_run-1_eeg.vhdr,1.0,phase_only,D_eff,8.513604318616947,7.380864186777974,,
DS005620,1010,sed,alpha,sub-1010_task-sed_acq-rest_run-1_eeg.vhdr,1.0,phase_only,M_tau,0.025415504841163294,0.0037301759556047516,,
DS005620,1010,sed,alpha,sub-1010_task-sed_acq-rest_run-2_eeg.vhdr,2.0,phase_only,Pi,0.6091954022988506,0.6436781609195401,,
DS005620,1010,sed,alpha,sub-1010_task-sed_acq-rest_run-2_eeg.vhdr,2.0,phase_only,R,0.09913613579944097,0.09887456295149405,,
DS005620,1010,sed,alpha,sub-1010_task-sed_acq-rest_run-2_eeg.vhdr,2.0,phase_only,D_eff,9.825704847979882,9.512669885090473,,
DS005620,1010,sed,alpha,sub-1010_task-sed_acq-rest_run-2_eeg.vhdr,2.0,phase_only,M_tau,0.0025630505095209895,0.0026522402192084484,,
DS005620,1010,sed,alpha,sub-1010_task-sed_acq-rest_run-3_eeg.vhdr,3.0,phase_only,Pi,0.7126436781609197,0.7701149425287356,,
DS005620,1010,sed,alpha,sub-1010_task-sed_acq-rest_run-3_eeg.vhdr,3.0,phase_only,R,0.11113699682080691,0.1139840170017937,,
DS005620,1010,sed,alpha,sub-1010_task-sed_acq-rest_run-3_eeg.vhdr,3.0,phase_only,D_eff,8.201593338458098,8.026892538408092,,
DS005620,1010,sed,alpha,sub-1010_task-sed_acq-rest_run-3_eeg.vhdr,3.0,phase_only,M_tau,0.0033459299274901416,0.003442225949998855,,
DS005620,1016,awake,alpha,sub-1016_task-awake_acq-EC_eeg.vhdr,,phase_only,Pi,0.7701149425287356,0.8850574712643677,,
DS005620,1016,awake,alpha,sub-1016_task-awake_acq-EC_eeg.vhdr,,phase_only,R,0.10983236074755981,0.10126838126071776,,
DS005620,1016,awake,alpha,sub-1016_task-awake_acq-EC_eeg.vhdr,,phase_only,D_eff,8.323868753870492,9.527562460254439,,
DS005620,1016,awake,alpha,sub-1016_task-awake_acq-EC_eeg.vhdr,,phase_only,M_tau,0.003139753346622645,0.00288319189696529,,
DS005620,1016,sed2,alpha,sub-1016_task-sed2_acq-rest_run-1_eeg.vhdr,1.0,phase_only,Pi,0.8245614035087719,0.8947368421052632,,
DS005620,1016,sed2,alpha,sub-1016_task-sed2_acq-rest_run-1_eeg.vhdr,1.0,phase_only,R,0.11619631016926939,0.11170658005778171,,
DS005620,1016,sed2,alpha,sub-1016_task-sed2_acq-rest_run-1_eeg.vhdr,1.0,phase_only,D_eff,7.583162268596278,7.658699762842258,,
DS005620,1016,sed2,alpha,sub-1016_task-sed2_acq-rest_run-1_eeg.vhdr,1.0,phase_only,M_tau,0.0029373721445843525,0.003109790907687758,,
DS005620,1016,sed2,alpha,sub-1016_task-sed2_acq-rest_run-2_eeg.vhdr,2.0,phase_only,Pi,0.9473684210526315,0.9473684210526315,,
DS005620,1016,sed2,alpha,sub-1016_task-sed2_acq-rest_run-2_eeg.vhdr,2.0,phase_only,R,0.10723737131328026,0.11051236709472356,,
DS005620,1016,sed2,alpha,sub-1016_task-sed2_acq-rest_run-2_eeg.vhdr,2.0,phase_only,D_eff,8.145320331063976,8.348070546904033,,
DS005620,1016,sed2,alpha,sub-1016_task-sed2_acq-rest_run-2_eeg.vhdr,2.0,phase_only,M_tau,0.003105421860062237,0.0032249990493439366,,
DS005620,1016,sed,alpha,sub-1016_task-sed_acq-rest_run-1_eeg.vhdr,1.0,phase_only,Pi,0.885057471264368,0.8850574712643678,,
DS005620,1016,sed,alpha,sub-1016_task-sed_acq-rest_run-1_eeg.vhdr,1.0,phase_only,R,0.11868921381235746,0.11292344622438576,,
DS005620,1016,sed,alpha,sub-1016_task-sed_acq-rest_run-1_eeg.vhdr,1.0,phase_only,D_eff,8.36082018266626,8.146516374126723,,
DS005620,1016,sed,alpha,sub-1016_task-sed_acq-rest_run-1_eeg.vhdr,1.0,phase_only,M_tau,0.0032783096960698104,0.0030601648742925,,
DS005620,1016,sed,alpha,sub-1016_task-sed_acq-rest_run-2_eeg.vhdr,2.0,phase_only,Pi,0.8850574712643677,0.9195402298850573,,
DS005620,1016,sed,alpha,sub-1016_task-sed_acq-rest_run-2_eeg.vhdr,2.0,phase_only,R,0.10906701507707645,0.10536913892606888,,
DS005620,1016,sed,alpha,sub-1016_task-sed_acq-rest_run-2_eeg.vhdr,2.0,phase_only,D_eff,8.762809612721966,7.989200790198697,,
DS005620,1016,sed,alpha,sub-1016_task-sed_acq-rest_run-2_eeg.vhdr,2.0,phase_only,M_tau,0.0031230466199971656,0.0028124218437485895,,
DS005620,1016,sed,alpha,sub-1016_task-sed_acq-rest_run-3_eeg.vhdr,3.0,phase_only,Pi,0.9310344827586207,0.9540229885057471,,
DS005620,1016,sed,alpha,sub-1016_task-sed_acq-rest_run-3_eeg.vhdr,3.0,phase_only,R,0.10624920158800012,0.09975042143323036,,
DS005620,1016,sed,alpha,sub-1016_task-sed_acq-rest_run-3_eeg.vhdr,3.0,phase_only,D_eff,9.021623325850639,8.726395336660158,,
DS005620,1016,sed,alpha,sub-1016_task-sed_acq-rest_run-3_eeg.vhdr,3.0,phase_only,M_tau,0.0028272483672855176,0.002829899461432224,,
DS005620,1017,awake,alpha,sub-1017_task-awake_acq-EC_eeg.vhdr,,phase_only,Pi,0.8505747126436782,0.8045977011494252,,
DS005620,1017,awake,alpha,sub-1017_task-awake_acq-EC_eeg.vhdr,,phase_only,R,0.15072935400368967,0.11930611891579926,,
DS005620,1017,awake,alpha,sub-1017_task-awake_acq-EC_eeg.vhdr,,phase_only,D_eff,7.950384340125208,8.991544392972905,,
DS005620,1017,awake,alpha,sub-1017_task-awake_acq-EC_eeg.vhdr,,phase_only,M_tau,0.0042711441872669755,0.0034376828331005,,
DS005620,1017,sed2,alpha,sub-1017_task-sed2_acq-rest_run-1_eeg.vhdr,1.0,phase_only,Pi,0.8070175438596491,0.9649122807017543,,
DS005620,1017,sed2,alpha,sub-1017_task-sed2_acq-rest_run-1_eeg.vhdr,1.0,phase_only,R,0.10011720230823078,0.11650929688041972,,
DS005620,1017,sed2,alpha,sub-1017_task-sed2_acq-rest_run-1_eeg.vhdr,1.0,phase_only,D_eff,8.719187704914825,8.31065667571815,,
DS005620,1017,sed2,alpha,sub-1017_task-sed2_acq-rest_run-1_eeg.vhdr,1.0,phase_only,M_tau,0.0025324127286340476,0.0033315662167061944,,
DS005620,1017,sed2,alpha,sub-1017_task-sed2_acq-rest_run-2_eeg.vhdr,2.0,phase_only,Pi,0.7543859649122807,0.7368421052631579,,
DS005620,1017,sed2,alpha,sub-1017_task-sed2_acq-rest_run-2_eeg.vhdr,2.0,phase_only,R,0.10460302334027596,0.0921642738834787,,
DS005620,1017,sed2,alpha,sub-1017_task-sed2_acq-rest_run-2_eeg.vhdr,2.0,phase_only,D_eff,9.20525368865934,9.428613945189676,,
DS005620,1017,sed2,alpha,sub-1017_task-sed2_acq-rest_run-2_eeg.vhdr,2.0,phase_only,M_tau,0.0029970830346663056,0.0024112523661080475,,
DS005620,1017,sed,alpha,sub-1017_task-sed_acq-rest_run-1_eeg.vhdr,1.0,phase_only,Pi,0.9310344827586207,0.7011494252873562,,
DS005620,1017,sed,alpha,sub-1017_task-sed_acq-rest_run-1_eeg.vhdr,1.0,phase_only,R,0.1135303823143604,0.09567793293093357,,
DS005620,1017,sed,alpha,sub-1017_task-sed_acq-rest_run-1_eeg.vhdr,1.0,phase_only,D_eff,8.398220081131582,8.696656011613175,,
DS005620,1017,sed,alpha,sub-1017_task-sed_acq-rest_run-1_eeg.vhdr,1.0,phase_only,M_tau,0.0031668277476991215,0.002493553909423083,,
DS005620,1017,sed,alpha,sub-1017_task-sed_acq-rest_run-2_eeg.vhdr,2.0,phase_only,Pi,0.7241379310344828,0.7701149425287356,,
DS005620,1017,sed,alpha,sub-1017_task-sed_acq-rest_run-2_eeg.vhdr,2.0,phase_only,R,0.09935522785463334,0.10077235964462941,,
DS005620,1017,sed,alpha,sub-1017_task-sed_acq-rest_run-2_eeg.vhdr,2.0,phase_only,D_eff,8.955311848126591,9.058413376102155,,
DS005620,1017,sed,alpha,sub-1017_task-sed_acq-rest_run-2_eeg.vhdr,2.0,phase_only,M_tau,0.002871452292568483,0.002800520033056621,,
DS005620,1022,awake,alpha,sub-1022_task-awake_acq-EC_eeg.vhdr,,phase_only,Pi,0.8275862068965517,0.8275862068965517,,
DS005620,1022,awake,alpha,sub-1022_task-awake_acq-EC_eeg.vhdr,,phase_only,R,0.17707933265243384,0.16416198047498534,,
DS005620,1022,awake,alpha,sub-1022_task-awake_acq-EC_eeg.vhdr,,phase_only,D_eff,7.62394063627026,8.093126351645518,,
DS005620,1022,awake,alpha,sub-1022_task-awake_acq-EC_eeg.vhdr,,phase_only,M_tau,0.004531676279557297,0.004675384549605073,,
DS005620,1022,sed2,alpha,sub-1022_task-sed2_acq-rest_run-1_eeg.vhdr,1.0,phase_only,Pi,0.42105263157894735,0.6666666666666666,,
DS005620,1022,sed2,alpha,sub-1022_task-sed2_acq-rest_run-1_eeg.vhdr,1.0,phase_only,R,0.1039138843626027,0.12797180663624563,,
DS005620,1022,sed2,alpha,sub-1022_task-sed2_acq-rest_run-1_eeg.vhdr,1.0,phase_only,D_eff,7.326478981004333,7.3634123246994445,,
DS005620,1022,sed2,alpha,sub-1022_task-sed2_acq-rest_run-1_eeg.vhdr,1.0,phase_only,M_tau,0.003097608609233011,0.004178292453416432,,
DS005620,1022,sed2,alpha,sub-1022_task-sed2_acq-rest_run-2_eeg.vhdr,2.0,phase_only,Pi,0.40350877192982454,0.47368421052631576,,
DS005620,1022,sed2,alpha,sub-1022_task-sed2_acq-rest_run-2_eeg.vhdr,2.0,phase_only,R,0.12415871343037652,0.11691596644359933,,
DS005620,1022,sed2,alpha,sub-1022_task-sed2_acq-rest_run-2_eeg.vhdr,2.0,phase_only,D_eff,6.031291463403298,6.783332646290745,,
DS005620,1022,sed2,alpha,sub-1022_task-sed2_acq-rest_run-2_eeg.vhdr,2.0,phase_only,M_tau,0.0034838749246074315,0.0032386140576757365,,
DS005620,1022,sed2,alpha,sub-1022_task-sed2_acq-rest_run-3_eeg.vhdr,3.0,phase_only,Pi,0.4736842105263159,0.4385964912280702,,
DS005620,1022,sed2,alpha,sub-1022_task-sed2_acq-rest_run-3_eeg.vhdr,3.0,phase_only,R,0.11783495613876244,0.12207404818745514,,
DS005620,1022,sed2,alpha,sub-1022_task-sed2_acq-rest_run-3_eeg.vhdr,3.0,phase_only,D_eff,6.957183492841392,6.693869354355999,,
DS005620,1022,sed2,alpha,sub-1022_task-sed2_acq-rest_run-3_eeg.vhdr,3.0,phase_only,M_tau,0.003547558424096689,0.003408421917209868,,
DS005620,1022,sed,alpha,sub-1022_task-sed_acq-rest_run-1_eeg.vhdr,1.0,phase_only,Pi,0.41379310344827586,0.5517241379310345,,
DS005620,1022,sed,alpha,sub-1022_task-sed_acq-rest_run-1_eeg.vhdr,1.0,phase_only,R,0.11152400227643657,0.11774504244695999,,
DS005620,1022,sed,alpha,sub-1022_task-sed_acq-rest_run-1_eeg.vhdr,1.0,phase_only,D_eff,8.596054302544355,8.317255539158777,,
DS005620,1022,sed,alpha,sub-1022_task-sed_acq-rest_run-1_eeg.vhdr,1.0,phase_only,M_tau,0.003399740187229686,0.0035840606228700724,,
DS005620,1022,sed,alpha,sub-1022_task-sed_acq-rest_run-2_eeg.vhdr,2.0,phase_only,Pi,0.4482758620689656,0.48275862068965525,,
DS005620,1022,sed,alpha,sub-1022_task-sed_acq-rest_run-2_eeg.vhdr,2.0,phase_only,R,0.1140720196556767,0.11157957837444984,,
DS005620,1022,sed,alpha,sub-1022_task-sed_acq-rest_run-2_eeg.vhdr,2.0,phase_only,D_eff,8.253705884782978,8.026565501751685,,
DS005620,1022,sed,alpha,sub-1022_task-sed_acq-rest_run-2_eeg.vhdr,2.0,phase_only,M_tau,0.0029746078939300686,0.0032736370208967967,,
DS005620,1022,sed,alpha,sub-1022_task-sed_acq-rest_run-3_eeg.vhdr,3.0,phase_only,Pi,0.37931034482758624,0.4252873563218391,,
DS005620,1022,sed,alpha,sub-1022_task-sed_acq-rest_run-3_eeg.vhdr,3.0,phase_only,R,0.10532557940443735,0.11297215264241378,,
DS005620,1022,sed,alpha,sub-1022_task-sed_acq-rest_run-3_eeg.vhdr,3.0,phase_only,D_eff,7.863427456070647,8.294316364969742,,
DS005620,1022,sed,alpha,sub-1022_task-sed_acq-rest_run-3_eeg.vhdr,3.0,phase_only,M_tau,0.002721073963716552,0.003065054296484287,,
DS005620,1024,awake,alpha,sub-1024_task-awake_acq-EC_eeg.vhdr,,phase_only,Pi,0.7931034482758621,0.8620689655172413,,
DS005620,1024,awake,alpha,sub-1024_task-awake_acq-EC_eeg.vhdr,,phase_only,R,0.13095307299425074,0.1382152198930949,,
DS005620,1024,awake,alpha,sub-1024_task-awake_acq-EC_eeg.vhdr,,phase_only,D_eff,7.873362507985169,7.833094214709418,,
DS005620,1024,awake,alpha,sub-1024_task-awake_acq-EC_eeg.vhdr,,phase_only,M_tau,0.003667336715638721,0.004219463812922094,,
DS005620,1024,sed2,alpha,sub-1024_task-sed2_acq-rest_run-1_eeg.vhdr,1.0,phase_only,Pi,0.6315789473684209,0.47368421052631576,,
DS005620,1024,sed2,alpha,sub-1024_task-sed2_acq-rest_run-1_eeg.vhdr,1.0,phase_only,R,0.11022075312030495,0.10369064870371796,,
DS005620,1024,sed2,alpha,sub-1024_task-sed2_acq-rest_run-1_eeg.vhdr,1.0,phase_only,D_eff,8.681540966369855,8.500907024144185,,
DS005620,1024,sed2,alpha,sub-1024_task-sed2_acq-rest_run-1_eeg.vhdr,1.0,phase_only,M_tau,0.0033065310355268316,0.002811523069337221,,
DS005620,1024,sed2,alpha,sub-1024_task-sed2_acq-rest_run-2_eeg.vhdr,2.0,phase_only,Pi,0.5614035087719298,0.45614035087719307,,
DS005620,1024,sed2,alpha,sub-1024_task-sed2_acq-rest_run-2_eeg.vhdr,2.0,phase_only,R,0.1073264930775124,0.10378748670856046,,
DS005620,1024,sed2,alpha,sub-1024_task-sed2_acq-rest_run-2_eeg.vhdr,2.0,phase_only,D_eff,8.147912857259225,8.614509077438527,,
DS005620,1024,sed2,alpha,sub-1024_task-sed2_acq-rest_run-2_eeg.vhdr,2.0,phase_only,M_tau,0.0029029869753023057,0.002867212698554837,,
DS005620,1024,sed2,alpha,sub-1024_task-sed2_acq-rest_run-3_eeg.vhdr,3.0,phase_only,Pi,0.4736842105263157,0.4736842105263157,,
DS005620,1024,sed2,alpha,sub-1024_task-sed2_acq-rest_run-3_eeg.vhdr,3.0,phase_only,R,0.0963517556088654,0.10432232475532954,,
DS005620,1024,sed2,alpha,sub-1024_task-sed2_acq-rest_run-3_eeg.vhdr,3.0,phase_only,D_eff,7.106906651892042,8.02930805643462,,
DS005620,1024,sed2,alpha,sub-1024_task-sed2_acq-rest_run-3_eeg.vhdr,3.0,phase_only,M_tau,0.0028715172552714633,0.0027676528153158107,,
DS005620,1024,sed,alpha,sub-1024_task-sed_acq-rest_run-1_eeg.vhdr,1.0,phase_only,Pi,0.4137931034482758,0.6091954022988506,,
DS005620,1024,sed,alpha,sub-1024_task-sed_acq-rest_run-1_eeg.vhdr,1.0,phase_only,R,0.09983836334192384,0.10908503209931494,,
DS005620,1024,sed,alpha,sub-1024_task-sed_acq-rest_run-1_eeg.vhdr,1.0,phase_only,D_eff,8.368149156650823,8.360770479955312,,
DS005620,1024,sed,alpha,sub-1024_task-sed_acq-rest_run-1_eeg.vhdr,1.0,phase_only,M_tau,0.0026378132475816302,0.0032120818927765175,,
DS005620,1024,sed,alpha,sub-1024_task-sed_acq-rest_run-2_eeg.vhdr,2.0,phase_only,Pi,0.4022988505747127,0.47126436781609193,,
DS005620,1024,sed,alpha,sub-1024_task-sed_acq-rest_run-2_eeg.vhdr,2.0,phase_only,R,0.10318010308462212,0.10204645051854651,,
DS005620,1024,sed,alpha,sub-1024_task-sed_acq-rest_run-2_eeg.vhdr,2.0,phase_only,D_eff,8.851984578897914,8.333162460442313,,
DS005620,1024,sed,alpha,sub-1024_task-sed_acq-rest_run-2_eeg.vhdr,2.0,phase_only,M_tau,0.003042762892573238,0.0026710249683403863,,
DS005620,1024,sed,alpha,sub-1024_task-sed_acq-rest_run-3_eeg.vhdr,3.0,phase_only,Pi,0.37931034482758624,0.5172413793103449,,
DS005620,1024,sed,alpha,sub-1024_task-sed_acq-rest_run-3_eeg.vhdr,3.0,phase_only,R,0.1006178327820084,0.10478425756931911,,
DS005620,1024,sed,alpha,sub-1024_task-sed_acq-rest_run-3_eeg.vhdr,3.0,phase_only,D_eff,8.298998731517571,7.933402857548818,,
DS005620,1024,sed,alpha,sub-1024_task-sed_acq-rest_run-3_eeg.vhdr,3.0,phase_only,M_tau,0.00268275534075189,0.0025248405189962036,,
DS005620,1033,awake,alpha,sub-1033_task-awake_acq-EC_eeg.vhdr,,phase_only,Pi,0.8160919540229885,0.8390804597701149,,
DS005620,1033,awake,alpha,sub-1033_task-awake_acq-EC_eeg.vhdr,,phase_only,R,0.17113722073388463,0.16759478750745258,,
DS005620,1033,awake,alpha,sub-1033_task-awake_acq-EC_eeg.vhdr,,phase_only,D_eff,4.428357085579241,4.449785947966241,,
DS005620,1033,awake,alpha,sub-1033_task-awake_acq-EC_eeg.vhdr,,phase_only,M_tau,0.0033833748023946652,0.0031029916105884863,,
DS005620,1033,sed2,alpha,sub-1033_task-sed2_acq-rest_run-1_eeg.vhdr,1.0,phase_only,Pi,0.24561403508771926,0.28070175438596484,,
DS005620,1033,sed2,alpha,sub-1033_task-sed2_acq-rest_run-1_eeg.vhdr,1.0,phase_only,R,0.08451169737439086,0.09153439061874367,,
DS005620,1033,sed2,alpha,sub-1033_task-sed2_acq-rest_run-1_eeg.vhdr,1.0,phase_only,D_eff,8.028916427814947,8.076364123024886,,
DS005620,1033,sed2,alpha,sub-1033_task-sed2_acq-rest_run-1_eeg.vhdr,1.0,phase_only,M_tau,0.002289742987794137,0.0018903463656131632,,
DS005620,1033,sed2,alpha,sub-1033_task-sed2_acq-rest_run-2_eeg.vhdr,2.0,phase_only,Pi,0.28070175438596484,0.29824561403508765,,
DS005620,1033,sed2,alpha,sub-1033_task-sed2_acq-rest_run-2_eeg.vhdr,2.0,phase_only,R,0.0852173724645662,0.09326532683670061,,
DS005620,1033,sed2,alpha,sub-1033_task-sed2_acq-rest_run-2_eeg.vhdr,2.0,phase_only,D_eff,8.051512496269458,8.112044579476697,,
DS005620,1033,sed2,alpha,sub-1033_task-sed2_acq-rest_run-2_eeg.vhdr,2.0,phase_only,M_tau,0.0019075358583907002,0.002239132264675142,,
DS005620,1033,sed2,alpha,sub-1033_task-sed2_acq-rest_run-3_eeg.vhdr,3.0,phase_only,Pi,0.3508771929824561,0.31578947368421045,,
DS005620,1033,sed2,alpha,sub-1033_task-sed2_acq-rest_run-3_eeg.vhdr,3.0,phase_only,R,0.09540515636610776,0.0994709028505954,,
DS005620,1033,sed2,alpha,sub-1033_task-sed2_acq-rest_run-3_eeg.vhdr,3.0,phase_only,D_eff,7.640809074860241,7.8087221579819905,,
DS005620,1033,sed2,alpha,sub-1033_task-sed2_acq-rest_run-3_eeg.vhdr,3.0,phase_only,M_tau,0.002357220630079463,0.0028606285146231423,,
DS005620,1033,sed,alpha,sub-1033_task-sed_acq-rest_run-1_eeg.vhdr,1.0,phase_only,Pi,0.264367816091954,0.3218390804597702,,
DS005620,1033,sed,alpha,sub-1033_task-sed_acq-rest_run-1_eeg.vhdr,1.0,phase_only,R,0.08629403908825278,0.11013009075826065,,
DS005620,1033,sed,alpha,sub-1033_task-sed_acq-rest_run-1_eeg.vhdr,1.0,phase_only,D_eff,7.8750524788527825,8.413958472534265,,
DS005620,1033,sed,alpha,sub-1033_task-sed_acq-rest_run-1_eeg.vhdr,1.0,phase_only,M_tau,0.0021564983871274306,0.004535706537361914,,
DS005620,1033,sed,alpha,sub-1033_task-sed_acq-rest_run-2_eeg.vhdr,2.0,phase_only,Pi,0.29885057471264365,0.32183908045977005,,
DS005620,1033,sed,alpha,sub-1033_task-sed_acq-rest_run-2_eeg.vhdr,2.0,phase_only,R,0.09167189882461385,0.10556653958254802,,
DS005620,1033,sed,alpha,sub-1033_task-sed_acq-rest_run-2_eeg.vhdr,2.0,phase_only,D_eff,8.146725566855789,7.402735934777847,,
DS005620,1033,sed,alpha,sub-1033_task-sed_acq-rest_run-2_eeg.vhdr,2.0,phase_only,M_tau,0.0021834320704332065,0.002836526874486469,,
DS005620,1033,sed,alpha,sub-1033_task-sed_acq-rest_run-3_eeg.vhdr,3.0,phase_only,Pi,0.3218390804597701,0.3218390804597701,,
DS005620,1033,sed,alpha,sub-1033_task-sed_acq-rest_run-3_eeg.vhdr,3.0,phase_only,R,0.0989789540991502,0.09652892992854134,,
DS005620,1033,sed,alpha,sub-1033_task-sed_acq-rest_run-3_eeg.vhdr,3.0,phase_only,D_eff,8.191493362329805,7.799537354481658,,
DS005620,1033,sed,alpha,sub-1033_task-sed_acq-rest_run-3_eeg.vhdr,3.0,phase_only,M_tau,0.002336524864656858,0.0027469405321296245,,
DS005620,1036,awake,alpha,sub-1036_task-awake_acq-EC_eeg.vhdr,,phase_only,Pi,0.8735632183908046,0.7816091954022988,,
DS005620,1036,awake,alpha,sub-1036_task-awake_acq-EC_eeg.vhdr,,phase_only,R,0.1554455535672469,0.1356467242572703,,
DS005620,1036,awake,alpha,sub-1036_task-awake_acq-EC_eeg.vhdr,,phase_only,D_eff,8.595259718167211,9.989256862803252,,
DS005620,1036,awake,alpha,sub-1036_task-awake_acq-EC_eeg.vhdr,,phase_only,M_tau,0.004745559130826327,0.004196547843500131,,
DS005620,1036,sed2,alpha,sub-1036_task-sed2_acq-rest_run-1_eeg.vhdr,1.0,phase_only,Pi,0.42105263157894735,0.40350877192982454,,
DS005620,1036,sed2,alpha,sub-1036_task-sed2_acq-rest_run-1_eeg.vhdr,1.0,phase_only,R,0.11718891260041134,0.0958154267677486,,
DS005620,1036,sed2,alpha,sub-1036_task-sed2_acq-rest_run-1_eeg.vhdr,1.0,phase_only,D_eff,8.924281894145437,9.02418714517318,,
DS005620,1036,sed2,alpha,sub-1036_task-sed2_acq-rest_run-1_eeg.vhdr,1.0,phase_only,M_tau,0.0063085089408231425,0.0032744674530867848,,
DS005620,1036,sed,alpha,sub-1036_task-sed_acq-rest_run-1_eeg.vhdr,1.0,phase_only,Pi,0.4022988505747126,0.45977011494252873,,
DS005620,1036,sed,alpha,sub-1036_task-sed_acq-rest_run-1_eeg.vhdr,1.0,phase_only,R,0.10042805405934202,0.11113454435065029,,
DS005620,1036,sed,alpha,sub-1036_task-sed_acq-rest_run-1_eeg.vhdr,1.0,phase_only,D_eff,8.170818722118717,7.934928106903289,,
DS005620,1036,sed,alpha,sub-1036_task-sed_acq-rest_run-1_eeg.vhdr,1.0,phase_only,M_tau,0.0028423389606888443,0.0031345905641914722,,
DS005620,1036,sed,alpha,sub-1036_task-sed_acq-rest_run-2_eeg.vhdr,2.0,phase_only,Pi,0.24999999999999997,0.75,,
DS005620,1036,sed,alpha,sub-1036_task-sed_acq-rest_run-2_eeg.vhdr,2.0,phase_only,R,0.10154017954570715,0.11226947163942964,,
DS005620,1036,sed,alpha,sub-1036_task-sed_acq-rest_run-2_eeg.vhdr,2.0,phase_only,D_eff,7.988359944975997,8.533078067502142,,
DS005620,1036,sed,alpha,sub-1036_task-sed_acq-rest_run-2_eeg.vhdr,2.0,phase_only,M_tau,0.0023635156215596376,0.004096117805031762,,
DS005620,1037,awake,alpha,sub-1037_task-awake_acq-EC_eeg.vhdr,,phase_only,Pi,0.9080459770114944,0.7471264367816093,,
DS005620,1037,awake,alpha,sub-1037_task-awake_acq-EC_eeg.vhdr,,phase_only,R,0.1442861264333017,0.14134577872273513,,
DS005620,1037,awake,alpha,sub-1037_task-awake_acq-EC_eeg.vhdr,,phase_only,D_eff,8.688163736344382,8.736472231135721,,
DS005620,1037,awake,alpha,sub-1037_task-awake_acq-EC_eeg.vhdr,,phase_only,M_tau,0.00475419362549462,0.00503399967169307,,
DS005620,1045,awake,alpha,sub-1045_task-awake_acq-EC_eeg.vhdr,,phase_only,Pi,0.8275862068965517,0.8275862068965517,,
DS005620,1045,awake,alpha,sub-1045_task-awake_acq-EC_eeg.vhdr,,phase_only,R,0.18543761043575283,0.17263065273950745,,
DS005620,1045,awake,alpha,sub-1045_task-awake_acq-EC_eeg.vhdr,,phase_only,D_eff,4.248012160728547,3.8771297656304813,,
DS005620,1045,awake,alpha,sub-1045_task-awake_acq-EC_eeg.vhdr,,phase_only,M_tau,0.0029552628147109755,0.0029633166755507557,,
DS005620,1045,sed2,alpha,sub-1045_task-sed2_acq-rest_run-1_eeg.vhdr,1.0,phase_only,Pi,0.17543859649122806,0.28070175438596484,,
DS005620,1045,sed2,alpha,sub-1045_task-sed2_acq-rest_run-1_eeg.vhdr,1.0,phase_only,R,0.10488315824526345,0.09932747761486409,,
DS005620,1045,sed2,alpha,sub-1045_task-sed2_acq-rest_run-1_eeg.vhdr,1.0,phase_only,D_eff,7.003750121052882,6.852266019073618,,
DS005620,1045,sed2,alpha,sub-1045_task-sed2_acq-rest_run-1_eeg.vhdr,1.0,phase_only,M_tau,0.0028972956896953367,0.002808767357254495,,
DS005620,1045,sed2,alpha,sub-1045_task-sed2_acq-rest_run-2_eeg.vhdr,2.0,phase_only,Pi,0.24561403508771926,0.26315789473684204,,
DS005620,1045,sed2,alpha,sub-1045_task-sed2_acq-rest_run-2_eeg.vhdr,2.0,phase_only,R,0.09896863436087039,0.10173747477803173,,
DS005620,1045,sed2,alpha,sub-1045_task-sed2_acq-rest_run-2_eeg.vhdr,2.0,phase_only,D_eff,7.509221656658121,7.150300469471364,,
DS005620,1045,sed2,alpha,sub-1045_task-sed2_acq-rest_run-2_eeg.vhdr,2.0,phase_only,M_tau,0.0031236832417988265,0.0024166941073888158,,
DS005620,1045,sed2,alpha,sub-1045_task-sed2_acq-rest_run-3_eeg.vhdr,3.0,phase_only,Pi,0.28070175438596484,0.45614035087719307,,
DS005620,1045,sed2,alpha,sub-1045_task-sed2_acq-rest_run-3_eeg.vhdr,3.0,phase_only,R,0.11482727999603023,0.12611947983108018,,
DS005620,1045,sed2,alpha,sub-1045_task-sed2_acq-rest_run-3_eeg.vhdr,3.0,phase_only,D_eff,6.1047628275356525,5.294410490237991,,
DS005620,1045,sed2,alpha,sub-1045_task-sed2_acq-rest_run-3_eeg.vhdr,3.0,phase_only,M_tau,0.0030208174614983316,0.002677248711005669,,
DS005620,1045,sed,alpha,sub-1045_task-sed_acq-rest_run-1_eeg.vhdr,1.0,phase_only,Pi,0.2643678160919539,0.3333333333333334,,
DS005620,1045,sed,alpha,sub-1045_task-sed_acq-rest_run-1_eeg.vhdr,1.0,phase_only,R,0.10700451772222988,0.10623701471165205,,
DS005620,1045,sed,alpha,sub-1045_task-sed_acq-rest_run-1_eeg.vhdr,1.0,phase_only,D_eff,6.727083855060754,6.678946996966024,,
DS005620,1045,sed,alpha,sub-1045_task-sed_acq-rest_run-1_eeg.vhdr,1.0,phase_only,M_tau,0.002723466181656093,0.0029797242640262206,,
DS005620,1045,sed,alpha,sub-1045_task-sed_acq-rest_run-2_eeg.vhdr,2.0,phase_only,Pi,0.2298850574712643,0.29885057471264365,,
DS005620,1045,sed,alpha,sub-1045_task-sed_acq-rest_run-2_eeg.vhdr,2.0,phase_only,R,0.09737326797317798,0.09556844861962625,,
DS005620,1045,sed,alpha,sub-1045_task-sed_acq-rest_run-2_eeg.vhdr,2.0,phase_only,D_eff,8.04330733996879,8.450369710221889,,
DS005620,1045,sed,alpha,sub-1045_task-sed_acq-rest_run-2_eeg.vhdr,2.0,phase_only,M_tau,0.002524269810725917,0.0027615125867997276,,
DS005620,1045,sed,alpha,sub-1045_task-sed_acq-rest_run-3_eeg.vhdr,3.0,phase_only,Pi,0.17241379310344823,0.3333333333333334,,
DS005620,1045,sed,alpha,sub-1045_task-sed_acq-rest_run-3_eeg.vhdr,3.0,phase_only,R,0.09806042430947778,0.1004377079918697,,
DS005620,1045,sed,alpha,sub-1045_task-sed_acq-rest_run-3_eeg.vhdr,3.0,phase_only,D_eff,7.689524632940095,7.393322234105844,,
DS005620,1045,sed,alpha,sub-1045_task-sed_acq-rest_run-3_eeg.vhdr,3.0,phase_only,M_tau,0.0027394465692782894,0.002558125067680948,,
DS005620,1046,awake,alpha,sub-1046_task-awake_acq-EC_eeg.vhdr,,phase_only,Pi,0.7586206896551724,0.896551724137931,,
DS005620,1046,awake,alpha,sub-1046_task-awake_acq-EC_eeg.vhdr,,phase_only,R,0.16067510123068504,0.16293444899540632,,
DS005620,1046,awake,alpha,sub-1046_task-awake_acq-EC_eeg.vhdr,,phase_only,D_eff,5.617474081278998,6.122252640032415,,
DS005620,1046,awake,alpha,sub-1046_task-awake_acq-EC_eeg.vhdr,,phase_only,M_tau,0.003183518872255731,0.0037852399565991004,,
DS005620,1046,sed2,alpha,sub-1046_task-sed2_acq-rest_run-1_eeg.vhdr,1.0,phase_only,Pi,0.7543859649122806,0.5438596491228069,,
DS005620,1046,sed2,alpha,sub-1046_task-sed2_acq-rest_run-1_eeg.vhdr,1.0,phase_only,R,0.13524880607673348,0.11732183128937006,,
DS005620,1046,sed2,alpha,sub-1046_task-sed2_acq-rest_run-1_eeg.vhdr,1.0,phase_only,D_eff,6.068059260079392,7.112523709954053,,
DS005620,1046,sed2,alpha,sub-1046_task-sed2_acq-rest_run-1_eeg.vhdr,1.0,phase_only,M_tau,0.0042720269421297995,0.004075639364994306,,
DS005620,1046,sed2,alpha,sub-1046_task-sed2_acq-rest_run-2_eeg.vhdr,2.0,phase_only,Pi,0.6315789473684209,0.7017543859649122,,
DS005620,1046,sed2,alpha,sub-1046_task-sed2_acq-rest_run-2_eeg.vhdr,2.0,phase_only,R,0.1167234694499874,0.12103361249634186,,
DS005620,1046,sed2,alpha,sub-1046_task-sed2_acq-rest_run-2_eeg.vhdr,2.0,phase_only,D_eff,5.940396131144101,6.465512164451539,,
DS005620,1046,sed2,alpha,sub-1046_task-sed2_acq-rest_run-2_eeg.vhdr,2.0,phase_only,M_tau,0.0026508280058165946,0.003266182153279269,,
DS005620,1046,sed,alpha,sub-1046_task-sed_acq-rest_run-1_eeg.vhdr,1.0,phase_only,Pi,0.5977011494252874,0.5402298850574713,,
DS005620,1046,sed,alpha,sub-1046_task-sed_acq-rest_run-1_eeg.vhdr,1.0,phase_only,R,0.12682861351253935,0.13376655694267942,,
DS005620,1046,sed,alpha,sub-1046_task-sed_acq-rest_run-1_eeg.vhdr,1.0,phase_only,D_eff,7.186293557071226,6.439582634678907,,
DS005620,1046,sed,alpha,sub-1046_task-sed_acq-rest_run-1_eeg.vhdr,1.0,phase_only,M_tau,0.003939265266936458,0.006012938383825951,,
DS005620,1046,sed,alpha,sub-1046_task-sed_acq-rest_run-2_eeg.vhdr,2.0,phase_only,Pi,0.4367816091954023,0.3908045977011495,,
DS005620,1046,sed,alpha,sub-1046_task-sed_acq-rest_run-2_eeg.vhdr,2.0,phase_only,R,0.11837531986000036,0.18685370462047834,,
DS005620,1046,sed,alpha,sub-1046_task-sed_acq-rest_run-2_eeg.vhdr,2.0,phase_only,D_eff,7.416209094184287,7.820555864955851,,
DS005620,1046,sed,alpha,sub-1046_task-sed_acq-rest_run-2_eeg.vhdr,2.0,phase_only,M_tau,0.004014544567297449,0.030010414468091932,,
DS005620,1054,awake,alpha,sub-1054_task-awake_acq-EC_eeg.vhdr,,phase_only,Pi,0.7931034482758621,0.8620689655172413,,
DS005620,1054,awake,alpha,sub-1054_task-awake_acq-EC_eeg.vhdr,,phase_only,R,0.12308953386666631,0.12146852816132594,,
DS005620,1054,awake,alpha,sub-1054_task-awake_acq-EC_eeg.vhdr,,phase_only,D_eff,8.366539248222825,8.856690179026378,,
DS005620,1054,awake,alpha,sub-1054_task-awake_acq-EC_eeg.vhdr,,phase_only,M_tau,0.003992414360047073,0.0036332531910720557,,
DS005620,1054,sed2,alpha,sub-1054_task-sed2_acq-rest_run-1_eeg.vhdr,1.0,phase_only,Pi,0.9122807017543859,0.8947368421052632,,
DS005620,1054,sed2,alpha,sub-1054_task-sed2_acq-rest_run-1_eeg.vhdr,1.0,phase_only,R,0.12971143845740576,0.13268975696052218,,
DS005620,1054,sed2,alpha,sub-1054_task-sed2_acq-rest_run-1_eeg.vhdr,1.0,phase_only,D_eff,7.340987110392061,7.514846526818281,,
DS005620,1054,sed2,alpha,sub-1054_task-sed2_acq-rest_run-1_eeg.vhdr,1.0,phase_only,M_tau,0.0030506491024911053,0.0035849113072250367,,
DS005620,1054,sed2,alpha,sub-1054_task-sed2_acq-rest_run-2_eeg.vhdr,2.0,phase_only,Pi,0.7894736842105263,0.8771929824561402,,
DS005620,1054,sed2,alpha,sub-1054_task-sed2_acq-rest_run-2_eeg.vhdr,2.0,phase_only,R,0.1039523192614604,0.09990796105535253,,
DS005620,1054,sed2,alpha,sub-1054_task-sed2_acq-rest_run-2_eeg.vhdr,2.0,phase_only,D_eff,8.385629950104544,8.086260371103723,,
DS005620,1054,sed2,alpha,sub-1054_task-sed2_acq-rest_run-2_eeg.vhdr,2.0,phase_only,M_tau,0.0025711783750801257,0.0030857689946725262,,
DS005620,1054,sed,alpha,sub-1054_task-sed_acq-rest_run-1_eeg.vhdr,1.0,phase_only,Pi,0.67816091954023,0.8850574712643677,,
DS005620,1054,sed,alpha,sub-1054_task-sed_acq-rest_run-1_eeg.vhdr,1.0,phase_only,R,0.10294952183949103,0.10470235481677956,,
DS005620,1054,sed,alpha,sub-1054_task-sed_acq-rest_run-1_eeg.vhdr,1.0,phase_only,D_eff,7.79067561715899,7.902355603856355,,
DS005620,1054,sed,alpha,sub-1054_task-sed_acq-rest_run-1_eeg.vhdr,1.0,phase_only,M_tau,0.0033100416514890004,0.003015390651810282,,
DS005620,1054,sed,alpha,sub-1054_task-sed_acq-rest_run-2_eeg.vhdr,2.0,phase_only,Pi,0.6781609195402298,0.6551724137931033,,
DS005620,1054,sed,alpha,sub-1054_task-sed_acq-rest_run-2_eeg.vhdr,2.0,phase_only,R,0.10265093710381511,0.09861262320418214,,
DS005620,1054,sed,alpha,sub-1054_task-sed_acq-rest_run-2_eeg.vhdr,2.0,phase_only,D_eff,7.792346035282311,7.980519733883633,,
DS005620,1054,sed,alpha,sub-1054_task-sed_acq-rest_run-2_eeg.vhdr,2.0,phase_only,M_tau,0.0027743676279657755,0.002393755224597117,,
DS005620,1055,awake,alpha,sub-1055_task-awake_acq-EC_eeg.vhdr,,phase_only,Pi,0.896551724137931,0.7586206896551724,,
DS005620,1055,awake,alpha,sub-1055_task-awake_acq-EC_eeg.vhdr,,phase_only,R,0.14052731067173568,0.10245607378454585,,
DS005620,1055,awake,alpha,sub-1055_task-awake_acq-EC_eeg.vhdr,,phase_only,D_eff,6.165027626993342,6.902888124131525,,
DS005620,1055,awake,alpha,sub-1055_task-awake_acq-EC_eeg.vhdr,,phase_only,M_tau,0.0034707479563878866,0.0027742079932606793,,
DS005620,1055,sed2,alpha,sub-1055_task-sed2_acq-rest_run-1_eeg.vhdr,1.0,phase_only,Pi,0.8771929824561402,0.807017543859649,,
DS005620,1055,sed2,alpha,sub-1055_task-sed2_acq-rest_run-1_eeg.vhdr,1.0,phase_only,R,0.1187971138501642,0.12425356926321098,,
DS005620,1055,sed2,alpha,sub-1055_task-sed2_acq-rest_run-1_eeg.vhdr,1.0,phase_only,D_eff,7.902832953110701,7.978791372509007,,
DS005620,1055,sed2,alpha,sub-1055_task-sed2_acq-rest_run-1_eeg.vhdr,1.0,phase_only,M_tau,0.0035714801844454478,0.003919788850749026,,
DS005620,1055,sed2,alpha,sub-1055_task-sed2_acq-rest_run-2_eeg.vhdr,2.0,phase_only,Pi,0.8771929824561402,0.631578947368421,,
DS005620,1055,sed2,alpha,sub-1055_task-sed2_acq-rest_run-2_eeg.vhdr,2.0,phase_only,R,0.10865108678987025,0.13705457402917484,,
DS005620,1055,sed2,alpha,sub-1055_task-sed2_acq-rest_run-2_eeg.vhdr,2.0,phase_only,D_eff,7.9150758102283945,8.875253412478374,,
DS005620,1055,sed2,alpha,sub-1055_task-sed2_acq-rest_run-2_eeg.vhdr,2.0,phase_only,M_tau,0.0037516235268558154,0.014789436366578064,,
DS005620,1055,sed,alpha,sub-1055_task-sed_acq-rest_run-1_eeg.vhdr,1.0,phase_only,Pi,0.5747126436781609,0.7586206896551724,,
DS005620,1055,sed,alpha,sub-1055_task-sed_acq-rest_run-1_eeg.vhdr,1.0,phase_only,R,0.137001269661126,0.1020310429097902,,
DS005620,1055,sed,alpha,sub-1055_task-sed_acq-rest_run-1_eeg.vhdr,1.0,phase_only,D_eff,9.046252822814232,8.685155619028798,,
DS005620,1055,sed,alpha,sub-1055_task-sed_acq-rest_run-1_eeg.vhdr,1.0,phase_only,M_tau,0.012504463831571496,0.0027868071877841377,,
DS005620,1055,sed,alpha,sub-1055_task-sed_acq-rest_run-2_eeg.vhdr,2.0,phase_only,Pi,0.6551724137931034,0.8045977011494254,,
DS005620,1055,sed,alpha,sub-1055_task-sed_acq-rest_run-2_eeg.vhdr,2.0,phase_only,R,0.12278206977413843,0.11875264405391586,,
DS005620,1055,sed,alpha,sub-1055_task-sed_acq-rest_run-2_eeg.vhdr,2.0,phase_only,D_eff,9.123819101333892,8.731025343312945,,
DS005620,1055,sed,alpha,sub-1055_task-sed_acq-rest_run-2_eeg.vhdr,2.0,phase_only,M_tau,0.004201662439450269,0.003114800511495455,,
DS005620,1057,awake,alpha,sub-1057_task-awake_acq-EC_eeg.vhdr,,phase_only,Pi,0.735632183908046,0.9195402298850573,,
DS005620,1057,awake,alpha,sub-1057_task-awake_acq-EC_eeg.vhdr,,phase_only,R,0.2234462919307805,0.23676359954806958,,
DS005620,1057,awake,alpha,sub-1057_task-awake_acq-EC_eeg.vhdr,,phase_only,D_eff,5.169702268686481,4.964912297899621,,
DS005620,1057,awake,alpha,sub-1057_task-awake_acq-EC_eeg.vhdr,,phase_only,M_tau,0.003774695661395459,0.0031056002035233206,,
DS005620,1057,sed2,alpha,sub-1057_task-sed2_acq-rest_run-1_eeg.vhdr,1.0,phase_only,Pi,0.45614035087719296,0.38596491228070173,,
DS005620,1057,sed2,alpha,sub-1057_task-sed2_acq-rest_run-1_eeg.vhdr,1.0,phase_only,R,0.13091652097558662,0.12453532679166389,,
DS005620,1057,sed2,alpha,sub-1057_task-sed2_acq-rest_run-1_eeg.vhdr,1.0,phase_only,D_eff,6.605606096684404,7.208397173529417,,
DS005620,1057,sed2,alpha,sub-1057_task-sed2_acq-rest_run-1_eeg.vhdr,1.0,phase_only,M_tau,0.003957567841352627,0.003530052774383379,,
DS005620,1057,sed2,alpha,sub-1057_task-sed2_acq-rest_run-2_eeg.vhdr,2.0,phase_only,Pi,0.31578947368421045,0.29824561403508765,,
DS005620,1057,sed2,alpha,sub-1057_task-sed2_acq-rest_run-2_eeg.vhdr,2.0,phase_only,R,0.09554521590013383,0.092419471270824,,
DS005620,1057,sed2,alpha,sub-1057_task-sed2_acq-rest_run-2_eeg.vhdr,2.0,phase_only,D_eff,8.919068902376472,8.889309836534268,,
DS005620,1057,sed2,alpha,sub-1057_task-sed2_acq-rest_run-2_eeg.vhdr,2.0,phase_only,M_tau,0.0025084252632231368,0.0021945294743451,,
DS005620,1057,sed2,alpha,sub-1057_task-sed2_acq-rest_run-3_eeg.vhdr,3.0,phase_only,Pi,0.5087719298245613,0.5789473684210525,,
DS005620,1057,sed2,alpha,sub-1057_task-sed2_acq-rest_run-3_eeg.vhdr,3.0,phase_only,R,0.14688888629535032,0.15371772144098883,,
DS005620,1057,sed2,alpha,sub-1057_task-sed2_acq-rest_run-3_eeg.vhdr,3.0,phase_only,D_eff,6.563907212549241,6.16742965189636,,
DS005620,1057,sed2,alpha,sub-1057_task-sed2_acq-rest_run-3_eeg.vhdr,3.0,phase_only,M_tau,0.0034441788993011366,0.003522692639381227,,
DS005620,1057,sed,alpha,sub-1057_task-sed_acq-rest_run-1_eeg.vhdr,1.0,phase_only,Pi,0.3103448275862069,0.4367816091954022,,
DS005620,1057,sed,alpha,sub-1057_task-sed_acq-rest_run-1_eeg.vhdr,1.0,phase_only,R,0.12791195410548334,0.1269578953831597,,
DS005620,1057,sed,alpha,sub-1057_task-sed_acq-rest_run-1_eeg.vhdr,1.0,phase_only,D_eff,7.446776565854706,7.201293595971139,,
DS005620,1057,sed,alpha,sub-1057_task-sed_acq-rest_run-1_eeg.vhdr,1.0,phase_only,M_tau,0.004365497636754142,0.003337490796601979,,
DS005620,1057,sed,alpha,sub-1057_task-sed_acq-rest_run-2_eeg.vhdr,2.0,phase_only,Pi,0.3218390804597701,0.3333333333333334,,
DS005620,1057,sed,alpha,sub-1057_task-sed_acq-rest_run-2_eeg.vhdr,2.0,phase_only,R,0.0946255976040238,0.10497346984923481,,
DS005620,1057,sed,alpha,sub-1057_task-sed_acq-rest_run-2_eeg.vhdr,2.0,phase_only,D_eff,8.908995327635772,8.520063995537905,,
DS005620,1057,sed,alpha,sub-1057_task-sed_acq-rest_run-2_eeg.vhdr,2.0,phase_only,M_tau,0.0026096256828803998,0.0029754356061089545,,
DS005620,1057,sed,alpha,sub-1057_task-sed_acq-rest_run-3_eeg.vhdr,3.0,phase_only,Pi,0.3218390804597702,0.367816091954023,,
DS005620,1057,sed,alpha,sub-1057_task-sed_acq-rest_run-3_eeg.vhdr,3.0,phase_only,R,0.11501198752395982,0.12173852367239618,,
DS005620,1057,sed,alpha,sub-1057_task-sed_acq-rest_run-3_eeg.vhdr,3.0,phase_only,D_eff,7.322176846610578,7.560407298181485,,
DS005620,1057,sed,alpha,sub-1057_task-sed_acq-rest_run-3_eeg.vhdr,3.0,phase_only,M_tau,0.0037027805159893005,0.003552795566573993,,
DS005620,1060,awake,alpha,sub-1060_task-awake_acq-EC_eeg.vhdr,,phase_only,Pi,0.8275862068965518,0.8275862068965517,,
DS005620,1060,awake,alpha,sub-1060_task-awake_acq-EC_eeg.vhdr,,phase_only,R,0.12945137974724294,0.12501794057691756,,
DS005620,1060,awake,alpha,sub-1060_task-awake_acq-EC_eeg.vhdr,,phase_only,D_eff,8.434068112615277,6.4397747480417005,,
DS005620,1060,awake,alpha,sub-1060_task-awake_acq-EC_eeg.vhdr,,phase_only,M_tau,0.0028533681337889584,0.002900279306755993,,
DS005620,1060,sed2,alpha,sub-1060_task-sed2_acq-rest_run-1_eeg.vhdr,1.0,phase_only,Pi,0.7017543859649121,0.5087719298245613,,
DS005620,1060,sed2,alpha,sub-1060_task-sed2_acq-rest_run-1_eeg.vhdr,1.0,phase_only,R,0.13365973163121517,0.1578253721554578,,
DS005620,1060,sed2,alpha,sub-1060_task-sed2_acq-rest_run-1_eeg.vhdr,1.0,phase_only,D_eff,5.827269144950511,4.958937669271971,,
DS005620,1060,sed2,alpha,sub-1060_task-sed2_acq-rest_run-1_eeg.vhdr,1.0,phase_only,M_tau,0.004166033175554073,0.004003213866214142,,
DS005620,1060,sed2,alpha,sub-1060_task-sed2_acq-rest_run-2_eeg.vhdr,2.0,phase_only,Pi,0.8070175438596491,0.8245614035087718,,
DS005620,1060,sed2,alpha,sub-1060_task-sed2_acq-rest_run-2_eeg.vhdr,2.0,phase_only,R,0.10560735963782215,0.10953338827360258,,
DS005620,1060,sed2,alpha,sub-1060_task-sed2_acq-rest_run-2_eeg.vhdr,2.0,phase_only,D_eff,8.042400407796999,6.958016224456679,,
DS005620,1060,sed2,alpha,sub-1060_task-sed2_acq-rest_run-2_eeg.vhdr,2.0,phase_only,M_tau,0.0029442298789138267,0.003368736781976343,,
DS005620,1060,sed2,alpha,sub-1060_task-sed2_acq-rest_run-3_eeg.vhdr,3.0,phase_only,Pi,0.5964912280701754,0.7368421052631579,,
DS005620,1060,sed2,alpha,sub-1060_task-sed2_acq-rest_run-3_eeg.vhdr,3.0,phase_only,R,0.10585245520920622,0.1169732706737829,,
DS005620,1060,sed2,alpha,sub-1060_task-sed2_acq-rest_run-3_eeg.vhdr,3.0,phase_only,D_eff,7.823223092615651,7.599928627362096,,
DS005620,1060,sed2,alpha,sub-1060_task-sed2_acq-rest_run-3_eeg.vhdr,3.0,phase_only,M_tau,0.0029048539845371473,0.005201236299402842,,
DS005620,1060,sed,alpha,sub-1060_task-sed_acq-rest_run-1_eeg.vhdr,1.0,phase_only,Pi,0.7816091954022989,0.735632183908046,,
DS005620,1060,sed,alpha,sub-1060_task-sed_acq-rest_run-1_eeg.vhdr,1.0,phase_only,R,0.13439968430104618,0.12496395972266688,,
DS005620,1060,sed,alpha,sub-1060_task-sed_acq-rest_run-1_eeg.vhdr,1.0,phase_only,D_eff,6.568830766115817,6.435026115780667,,
DS005620,1060,sed,alpha,sub-1060_task-sed_acq-rest_run-1_eeg.vhdr,1.0,phase_only,M_tau,0.0035306974686158898,0.0035813267638914233,,
DS005620,1060,sed,alpha,sub-1060_task-sed_acq-rest_run-2_eeg.vhdr,2.0,phase_only,Pi,0.7931034482758621,0.6896551724137931,,
DS005620,1060,sed,alpha,sub-1060_task-sed_acq-rest_run-2_eeg.vhdr,2.0,phase_only,R,0.10990684129427396,0.10818009087043937,,
DS005620,1060,sed,alpha,sub-1060_task-sed_acq-rest_run-2_eeg.vhdr,2.0,phase_only,D_eff,7.388458926271491,7.3152258215276715,,
DS005620,1060,sed,alpha,sub-1060_task-sed_acq-rest_run-2_eeg.vhdr,2.0,phase_only,M_tau,0.0027389892633082344,0.002923688725218872,,
DS005620,1060,sed,alpha,sub-1060_task-sed_acq-rest_run-3_eeg.vhdr,3.0,phase_only,Pi,0.7011494252873562,0.6896551724137931,,
DS005620,1060,sed,alpha,sub-1060_task-sed_acq-rest_run-3_eeg.vhdr,3.0,phase_only,R,0.10236391982220636,0.11436484436739955,,
DS005620,1060,sed,alpha,sub-1060_task-sed_acq-rest_run-3_eeg.vhdr,3.0,phase_only,D_eff,7.535273714314308,6.726462203726191,,
DS005620,1060,sed,alpha,sub-1060_task-sed_acq-rest_run-3_eeg.vhdr,3.0,phase_only,M_tau,0.0028772683815190374,0.0034328322206427144,,
DS005620,1061,awake,alpha,sub-1061_task-awake_acq-EC_eeg.vhdr,,phase_only,Pi,0.8735632183908045,0.7816091954022988,,
DS005620,1061,awake,alpha,sub-1061_task-awake_acq-EC_eeg.vhdr,,phase_only,R,0.17178478304633674,0.14813520351780765,,
DS005620,1061,awake,alpha,sub-1061_task-awake_acq-EC_eeg.vhdr,,phase_only,D_eff,4.993450078090186,5.65309227746436,,
DS005620,1061,awake,alpha,sub-1061_task-awake_acq-EC_eeg.vhdr,,phase_only,M_tau,0.0032026030683940106,0.0034762846778392856,,
DS005620,1061,sed2,alpha,sub-1061_task-sed2_acq-rest_run-1_eeg.vhdr,1.0,phase_only,Pi,0.4210526315789473,0.42105263157894735,,
DS005620,1061,sed2,alpha,sub-1061_task-sed2_acq-rest_run-1_eeg.vhdr,1.0,phase_only,R,0.13369611920733182,0.12871031076395256,,
DS005620,1061,sed2,alpha,sub-1061_task-sed2_acq-rest_run-1_eeg.vhdr,1.0,phase_only,D_eff,8.075990207706129,7.6719649491849005,,
DS005620,1061,sed2,alpha,sub-1061_task-sed2_acq-rest_run-1_eeg.vhdr,1.0,phase_only,M_tau,0.003712672824240964,0.00391890871766478,,
DS005620,1061,sed2,alpha,sub-1061_task-sed2_acq-rest_run-2_eeg.vhdr,2.0,phase_only,Pi,0.8245614035087719,0.8245614035087719,,
DS005620,1061,sed2,alpha,sub-1061_task-sed2_acq-rest_run-2_eeg.vhdr,2.0,phase_only,R,0.17663736058020585,0.18040674224909767,,
DS005620,1061,sed2,alpha,sub-1061_task-sed2_acq-rest_run-2_eeg.vhdr,2.0,phase_only,D_eff,5.270624905671901,5.221879032860422,,
DS005620,1061,sed2,alpha,sub-1061_task-sed2_acq-rest_run-2_eeg.vhdr,2.0,phase_only,M_tau,0.0040856741214764635,0.00366105563381381,,
DS005620,1061,sed2,alpha,sub-1061_task-sed2_acq-rest_run-3_eeg.vhdr,3.0,phase_only,Pi,0.5964912280701754,0.6315789473684209,,
DS005620,1061,sed2,alpha,sub-1061_task-sed2_acq-rest_run-3_eeg.vhdr,3.0,phase_only,R,0.1534015789668253,0.1624712446828848,,
DS005620,1061,sed2,alpha,sub-1061_task-sed2_acq-rest_run-3_eeg.vhdr,3.0,phase_only,D_eff,6.905717618675247,6.774963465374845,,
DS005620,1061,sed2,alpha,sub-1061_task-sed2_acq-rest_run-3_eeg.vhdr,3.0,phase_only,M_tau,0.006042419151287142,0.006087597993685947,,
DS005620,1061,sed,alpha,sub-1061_task-sed_acq-rest_run-1_eeg.vhdr,1.0,phase_only,Pi,0.7241379310344828,0.8275862068965517,,
DS005620,1061,sed,alpha,sub-1061_task-sed_acq-rest_run-1_eeg.vhdr,1.0,phase_only,R,0.1534541900277304,0.1610882891659004,,
DS005620,1061,sed,alpha,sub-1061_task-sed_acq-rest_run-1_eeg.vhdr,1.0,phase_only,D_eff,5.377381623377837,5.255205826583959,,
DS005620,1061,sed,alpha,sub-1061_task-sed_acq-rest_run-1_eeg.vhdr,1.0,phase_only,M_tau,0.0037750203469609452,0.0035801592298077235,,
DS005620,1061,sed,alpha,sub-1061_task-sed_acq-rest_run-2_eeg.vhdr,2.0,phase_only,Pi,0.5172413793103449,0.3333333333333334,,
DS005620,1061,sed,alpha,sub-1061_task-sed_acq-rest_run-2_eeg.vhdr,2.0,phase_only,R,0.21335937437631042,0.2096284007639367,,
DS005620,1061,sed,alpha,sub-1061_task-sed_acq-rest_run-2_eeg.vhdr,2.0,phase_only,D_eff,2.7587751524538473,1.0013902501804666,,
DS005620,1061,sed,alpha,sub-1061_task-sed_acq-rest_run-2_eeg.vhdr,2.0,phase_only,M_tau,0.004217490120694821,0.00026155762527368964,,
DS005620,1061,sed,alpha,sub-1061_task-sed_acq-rest_run-3_eeg.vhdr,3.0,phase_only,Pi,0.6091954022988506,0.45977011494252873,,
DS005620,1061,sed,alpha,sub-1061_task-sed_acq-rest_run-3_eeg.vhdr,3.0,phase_only,R,0.14324335643301328,0.1355045869911743,,
DS005620,1061,sed,alpha,sub-1061_task-sed_acq-rest_run-3_eeg.vhdr,3.0,phase_only,D_eff,7.411337157618675,7.589612023463694,,
DS005620,1061,sed,alpha,sub-1061_task-sed_acq-rest_run-3_eeg.vhdr,3.0,phase_only,M_tau,0.0036859613200407137,0.00431774241993503,,
DS005620,1062,awake,alpha,sub-1062_task-awake_acq-EC_eeg.vhdr,,phase_only,Pi,0.7816091954022989,0.8735632183908045,,
DS005620,1062,awake,alpha,sub-1062_task-awake_acq-EC_eeg.vhdr,,phase_only,R,0.14294718994774613,0.13464946052316504,,
DS005620,1062,awake,alpha,sub-1062_task-awake_acq-EC_eeg.vhdr,,phase_only,D_eff,6.25083349148282,6.152797301180708,,
DS005620,1062,awake,alpha,sub-1062_task-awake_acq-EC_eeg.vhdr,,phase_only,M_tau,0.0037528828375330936,0.003270099399987024,,
DS005620,1062,sed2,alpha,sub-1062_task-sed2_acq-rest_run-1_eeg.vhdr,1.0,phase_only,Pi,0.5087719298245613,0.38596491228070173,,
DS005620,1062,sed2,alpha,sub-1062_task-sed2_acq-rest_run-1_eeg.vhdr,1.0,phase_only,R,0.11283310868565792,0.1093281068335433,,
DS005620,1062,sed2,alpha,sub-1062_task-sed2_acq-rest_run-1_eeg.vhdr,1.0,phase_only,D_eff,8.070006494548522,9.045296199617994,,
DS005620,1062,sed2,alpha,sub-1062_task-sed2_acq-rest_run-1_eeg.vhdr,1.0,phase_only,M_tau,0.006375934925467043,0.004095646029069262,,
DS005620,1062,sed2,alpha,sub-1062_task-sed2_acq-rest_run-2_eeg.vhdr,2.0,phase_only,Pi,0.40350877192982465,0.5614035087719298,,
DS005620,1062,sed2,alpha,sub-1062_task-sed2_acq-rest_run-2_eeg.vhdr,2.0,phase_only,R,0.10882616251610501,0.11908183556537572,,
DS005620,1062,sed2,alpha,sub-1062_task-sed2_acq-rest_run-2_eeg.vhdr,2.0,phase_only,D_eff,8.518822069333561,8.63060526591407,,
DS005620,1062,sed2,alpha,sub-1062_task-sed2_acq-rest_run-2_eeg.vhdr,2.0,phase_only,M_tau,0.0035446349343402576,0.003767945180883179,,
DS005620,1062,sed2,alpha,sub-1062_task-sed2_acq-rest_run-3_eeg.vhdr,3.0,phase_only,Pi,0.5614035087719298,0.8070175438596491,,
DS005620,1062,sed2,alpha,sub-1062_task-sed2_acq-rest_run-3_eeg.vhdr,3.0,phase_only,R,0.14968776779806375,0.1402062076112166,,
DS005620,1062,sed2,alpha,sub-1062_task-sed2_acq-rest_run-3_eeg.vhdr,3.0,phase_only,D_eff,8.012217537082053,7.149520307030743,,
DS005620,1062,sed2,alpha,sub-1062_task-sed2_acq-rest_run-3_eeg.vhdr,3.0,phase_only,M_tau,0.01033501156462235,0.005675598598398036,,
DS005620,1062,sed,alpha,sub-1062_task-sed_acq-rest_run-1_eeg.vhdr,1.0,phase_only,Pi,0.8275862068965517,0.8160919540229885,,
DS005620,1062,sed,alpha,sub-1062_task-sed_acq-rest_run-1_eeg.vhdr,1.0,phase_only,R,0.13471221604807082,0.13678499866768268,,
DS005620,1062,sed,alpha,sub-1062_task-sed_acq-rest_run-1_eeg.vhdr,1.0,phase_only,D_eff,6.541378358926645,7.386995815900485,,
DS005620,1062,sed,alpha,sub-1062_task-sed_acq-rest_run-1_eeg.vhdr,1.0,phase_only,M_tau,0.00385083785850062,0.0038544797418455313,,
DS005620,1062,sed,alpha,sub-1062_task-sed_acq-rest_run-2_eeg.vhdr,2.0,phase_only,Pi,0.4022988505747127,0.36781609195402304,,
DS005620,1062,sed,alpha,sub-1062_task-sed_acq-rest_run-2_eeg.vhdr,2.0,phase_only,R,0.10835566902897757,0.10148078243715328,,
DS005620,1062,sed,alpha,sub-1062_task-sed_acq-rest_run-2_eeg.vhdr,2.0,phase_only,D_eff,8.646518931134313,8.740972086297653,,
DS005620,1062,sed,alpha,sub-1062_task-sed_acq-rest_run-2_eeg.vhdr,2.0,phase_only,M_tau,0.0028395251350598516,0.0029574067541618923,,
DS005620,1062,sed,alpha,sub-1062_task-sed_acq-rest_run-3_eeg.vhdr,3.0,phase_only,Pi,0.586206896551724,0.7471264367816093,,
DS005620,1062,sed,alpha,sub-1062_task-sed_acq-rest_run-3_eeg.vhdr,3.0,phase_only,R,0.12156920116360398,0.13580100766905454,,
DS005620,1062,sed,alpha,sub-1062_task-sed_acq-rest_run-3_eeg.vhdr,3.0,phase_only,D_eff,7.675196066045945,6.90277545334275,,
DS005620,1062,sed,alpha,sub-1062_task-sed_acq-rest_run-3_eeg.vhdr,3.0,phase_only,M_tau,0.0044698267513762786,0.005035645632774127,,
DS005620,1064,awake,alpha,sub-1064_task-awake_acq-EC_eeg.vhdr,,phase_only,Pi,0.8390804597701149,0.8160919540229885,,
DS005620,1064,awake,alpha,sub-1064_task-awake_acq-EC_eeg.vhdr,,phase_only,R,0.09939154400086887,0.10636092751706479,,
DS005620,1064,awake,alpha,sub-1064_task-awake_acq-EC_eeg.vhdr,,phase_only,D_eff,9.659152685954933,8.827707692119606,,
DS005620,1064,awake,alpha,sub-1064_task-awake_acq-EC_eeg.vhdr,,phase_only,M_tau,0.002609898550686973,0.0028492178577544484,,
DS005620,1064,sed2,alpha,sub-1064_task-sed2_acq-rest_run-1_eeg.vhdr,1.0,phase_only,Pi,0.5964912280701754,0.7368421052631579,,
DS005620,1064,sed2,alpha,sub-1064_task-sed2_acq-rest_run-1_eeg.vhdr,1.0,phase_only,R,0.13662803950930552,0.12129559859082935,,
DS005620,1064,sed2,alpha,sub-1064_task-sed2_acq-rest_run-1_eeg.vhdr,1.0,phase_only,D_eff,7.451973735469614,7.589372044136763,,
DS005620,1064,sed2,alpha,sub-1064_task-sed2_acq-rest_run-1_eeg.vhdr,1.0,phase_only,M_tau,0.005511500690203386,0.003522100626847547,,
DS005620,1064,sed2,alpha,sub-1064_task-sed2_acq-rest_run-2_eeg.vhdr,2.0,phase_only,Pi,0.7017543859649122,0.8070175438596491,,
DS005620,1064,sed2,alpha,sub-1064_task-sed2_acq-rest_run-2_eeg.vhdr,2.0,phase_only,R,0.13552433126221128,0.1516610979110391,,
DS005620,1064,sed2,alpha,sub-1064_task-sed2_acq-rest_run-2_eeg.vhdr,2.0,phase_only,D_eff,7.653048981077673,8.69697303314303,,
DS005620,1064,sed2,alpha,sub-1064_task-sed2_acq-rest_run-2_eeg.vhdr,2.0,phase_only,M_tau,0.006973185950015668,0.016259652196470104,,
DS005620,1064,sed2,alpha,sub-1064_task-sed2_acq-rest_run-3_eeg.vhdr,3.0,phase_only,Pi,0.5087719298245613,0.5789473684210527,,
DS005620,1064,sed2,alpha,sub-1064_task-sed2_acq-rest_run-3_eeg.vhdr,3.0,phase_only,R,0.1687922818631918,0.175032699491854,,
DS005620,1064,sed2,alpha,sub-1064_task-sed2_acq-rest_run-3_eeg.vhdr,3.0,phase_only,D_eff,5.642150261952918,5.2283138566365865,,
DS005620,1064,sed2,alpha,sub-1064_task-sed2_acq-rest_run-3_eeg.vhdr,3.0,phase_only,M_tau,0.005048752706755804,0.0041243605918025675,,
DS005620,1064,sed,alpha,sub-1064_task-sed_acq-rest_run-1_eeg.vhdr,1.0,phase_only,Pi,0.7011494252873564,0.7586206896551725,,
DS005620,1064,sed,alpha,sub-1064_task-sed_acq-rest_run-1_eeg.vhdr,1.0,phase_only,R,0.1312663683318807,0.12715206597901366,,
DS005620,1064,sed,alpha,sub-1064_task-sed_acq-rest_run-1_eeg.vhdr,1.0,phase_only,D_eff,7.943105917832785,7.58662103735263,,
DS005620,1064,sed,alpha,sub-1064_task-sed_acq-rest_run-1_eeg.vhdr,1.0,phase_only,M_tau,0.00461913650006737,0.004004131428441534,,
DS005620,1064,sed,alpha,sub-1064_task-sed_acq-rest_run-2_eeg.vhdr,2.0,phase_only,Pi,0.7126436781609196,0.6551724137931034,,
DS005620,1064,sed,alpha,sub-1064_task-sed_acq-rest_run-2_eeg.vhdr,2.0,phase_only,R,0.12960893916224006,0.12725812854739627,,
DS005620,1064,sed,alpha,sub-1064_task-sed_acq-rest_run-2_eeg.vhdr,2.0,phase_only,D_eff,7.452223339348863,7.409700634182711,,
DS005620,1064,sed,alpha,sub-1064_task-sed_acq-rest_run-2_eeg.vhdr,2.0,phase_only,M_tau,0.0043945304826912305,0.004101124400704262,,
DS005620,1064,sed,alpha,sub-1064_task-sed_acq-rest_run-3_eeg.vhdr,3.0,phase_only,Pi,0.5057471264367815,0.528735632183908,,
DS005620,1064,sed,alpha,sub-1064_task-sed_acq-rest_run-3_eeg.vhdr,3.0,phase_only,R,0.1497406926539089,0.1522741490866732,,
DS005620,1064,sed,alpha,sub-1064_task-sed_acq-rest_run-3_eeg.vhdr,3.0,phase_only,D_eff,6.744305725563058,6.271739049310456,,
DS005620,1064,sed,alpha,sub-1064_task-sed_acq-rest_run-3_eeg.vhdr,3.0,phase_only,M_tau,0.005088938691707538,0.004427736611017993,,
DS005620,1067,awake,alpha,sub-1067_task-awake_acq-EC_eeg.vhdr,,phase_only,Pi,0.8505747126436782,0.8045977011494252,,
DS005620,1067,awake,alpha,sub-1067_task-awake_acq-EC_eeg.vhdr,,phase_only,R,0.13350097808287112,0.17712522450189278,,
DS005620,1067,awake,alpha,sub-1067_task-awake_acq-EC_eeg.vhdr,,phase_only,D_eff,7.569981667269853,9.511664454885821,,
DS005620,1067,awake,alpha,sub-1067_task-awake_acq-EC_eeg.vhdr,,phase_only,M_tau,0.0038442176909392893,0.028004484127083354,,
DS005620,1067,sed2,alpha,sub-1067_task-sed2_acq-rest_run-1_eeg.vhdr,1.0,phase_only,Pi,0.9649122807017543,0.9298245614035087,,
DS005620,1067,sed2,alpha,sub-1067_task-sed2_acq-rest_run-1_eeg.vhdr,1.0,phase_only,R,0.15775178902792997,0.14473794241998303,,
DS005620,1067,sed2,alpha,sub-1067_task-sed2_acq-rest_run-1_eeg.vhdr,1.0,phase_only,D_eff,6.868191182886977,6.703606859201474,,
DS005620,1067,sed2,alpha,sub-1067_task-sed2_acq-rest_run-1_eeg.vhdr,1.0,phase_only,M_tau,0.0051314895978936265,0.005426395648238995,,
DS005620,1067,sed2,alpha,sub-1067_task-sed2_acq-rest_run-2_eeg.vhdr,2.0,phase_only,Pi,1.0,0.9298245614035089,,
DS005620,1067,sed2,alpha,sub-1067_task-sed2_acq-rest_run-2_eeg.vhdr,2.0,phase_only,R,0.1523158742583976,0.16712575859135034,,
DS005620,1067,sed2,alpha,sub-1067_task-sed2_acq-rest_run-2_eeg.vhdr,2.0,phase_only,D_eff,6.813648763417188,6.967280553147744,,
DS005620,1067,sed2,alpha,sub-1067_task-sed2_acq-rest_run-2_eeg.vhdr,2.0,phase_only,M_tau,0.005020797833536501,0.00577367045909088,,
DS005620,1067,sed2,alpha,sub-1067_task-sed2_acq-rest_run-3_eeg.vhdr,3.0,phase_only,Pi,1.0,0.9649122807017543,,
DS005620,1067,sed2,alpha,sub-1067_task-sed2_acq-rest_run-3_eeg.vhdr,3.0,phase_only,R,0.1590760536766339,0.18818164456945663,,
DS005620,1067,sed2,alpha,sub-1067_task-sed2_acq-rest_run-3_eeg.vhdr,3.0,phase_only,D_eff,7.025578696810617,7.101227171779705,,
DS005620,1067,sed2,alpha,sub-1067_task-sed2_acq-rest_run-3_eeg.vhdr,3.0,phase_only,M_tau,0.00497483902796087,0.011190223181327216,,
DS005620,1067,sed,alpha,sub-1067_task-sed_acq-rest_run-1_eeg.vhdr,1.0,phase_only,Pi,0.9770114942528735,1.0,,
DS005620,1067,sed,alpha,sub-1067_task-sed_acq-rest_run-1_eeg.vhdr,1.0,phase_only,R,0.15394171561130263,0.15435727388441223,,
DS005620,1067,sed,alpha,sub-1067_task-sed_acq-rest_run-1_eeg.vhdr,1.0,phase_only,D_eff,7.460626255377083,7.704917097583914,,
DS005620,1067,sed,alpha,sub-1067_task-sed_acq-rest_run-1_eeg.vhdr,1.0,phase_only,M_tau,0.008839788601667953,0.008052257512709911,,
DS005620,1067,sed,alpha,sub-1067_task-sed_acq-rest_run-2_eeg.vhdr,2.0,phase_only,Pi,0.9655172413793104,0.9310344827586208,,
DS005620,1067,sed,alpha,sub-1067_task-sed_acq-rest_run-2_eeg.vhdr,2.0,phase_only,R,0.14209396566332208,0.15889393406968277,,
DS005620,1067,sed,alpha,sub-1067_task-sed_acq-rest_run-2_eeg.vhdr,2.0,phase_only,D_eff,7.963454536065424,7.443630308161927,,
DS005620,1067,sed,alpha,sub-1067_task-sed_acq-rest_run-2_eeg.vhdr,2.0,phase_only,M_tau,0.005941749575807665,0.007628302979695404,,
DS005620,1067,sed,alpha,sub-1067_task-sed_acq-rest_run-3_eeg.vhdr,3.0,phase_only,Pi,0.9885057471264367,0.9655172413793104,,
DS005620,1067,sed,alpha,sub-1067_task-sed_acq-rest_run-3_eeg.vhdr,3.0,phase_only,R,0.15238610406785585,0.1593786870816111,,
DS005620,1067,sed,alpha,sub-1067_task-sed_acq-rest_run-3_eeg.vhdr,3.0,phase_only,D_eff,6.95878103325537,7.099344650172623,,
DS005620,1067,sed,alpha,sub-1067_task-sed_acq-rest_run-3_eeg.vhdr,3.0,phase_only,M_tau,0.0039795029149067695,0.004108516870955093,,
DS005620,1068,awake,alpha,sub-1068_task-awake_acq-EC_eeg.vhdr,,phase_only,Pi,0.7816091954022989,0.8735632183908046,,
DS005620,1068,awake,alpha,sub-1068_task-awake_acq-EC_eeg.vhdr,,phase_only,R,0.10664317586208434,0.09935693251541464,,
DS005620,1068,awake,alpha,sub-1068_task-awake_acq-EC_eeg.vhdr,,phase_only,D_eff,7.721393407205579,7.395264683784357,,
DS005620,1068,awake,alpha,sub-1068_task-awake_acq-EC_eeg.vhdr,,phase_only,M_tau,0.005660890360958643,0.0024836798840346314,,
DS005620,1068,sed2,alpha,sub-1068_task-sed2_acq-rest_run-1_eeg.vhdr,1.0,phase_only,Pi,0.7368421052631579,0.719298245614035,,
DS005620,1068,sed2,alpha,sub-1068_task-sed2_acq-rest_run-1_eeg.vhdr,1.0,phase_only,R,0.1678460593627181,0.27785658887623355,,
DS005620,1068,sed2,alpha,sub-1068_task-sed2_acq-rest_run-1_eeg.vhdr,1.0,phase_only,D_eff,7.079164147593306,7.546391913721836,,
DS005620,1068,sed2,alpha,sub-1068_task-sed2_acq-rest_run-1_eeg.vhdr,1.0,phase_only,M_tau,0.01147841284181328,0.03780349095188502,,
DS005620,1068,sed,alpha,sub-1068_task-sed_acq-rest_run-1_eeg.vhdr,1.0,phase_only,Pi,0.5862068965517241,0.5977011494252874,,
DS005620,1068,sed,alpha,sub-1068_task-sed_acq-rest_run-1_eeg.vhdr,1.0,phase_only,R,0.1699626096662461,0.16986214094606203,,
DS005620,1068,sed,alpha,sub-1068_task-sed_acq-rest_run-1_eeg.vhdr,1.0,phase_only,D_eff,5.481035855142341,5.421564093648403,,
DS005620,1068,sed,alpha,sub-1068_task-sed_acq-rest_run-1_eeg.vhdr,1.0,phase_only,M_tau,0.003977699377592717,0.003574193671241469,,
DS005620,1068,sed,alpha,sub-1068_task-sed_acq-rest_run-2_eeg.vhdr,2.0,phase_only,Pi,0.49425287356321834,0.5057471264367817,,
DS005620,1068,sed,alpha,sub-1068_task-sed_acq-rest_run-2_eeg.vhdr,2.0,phase_only,R,0.3178751790287624,0.46861499750296043,,
DS005620,1068,sed,alpha,sub-1068_task-sed_acq-rest_run-2_eeg.vhdr,2.0,phase_only,D_eff,8.641596161957269,8.264763974478127,,
DS005620,1068,sed,alpha,sub-1068_task-sed_acq-rest_run-2_eeg.vhdr,2.0,phase_only,M_tau,0.038122452462528524,0.04812541453449229,,
DS005620,1071,awake,alpha,sub-1071_task-awake_acq-EC_eeg.vhdr,,phase_only,Pi,0.839080459770115,0.8160919540229883,,
DS005620,1071,awake,alpha,sub-1071_task-awake_acq-EC_eeg.vhdr,,phase_only,R,0.20317260604432008,0.18025919608567928,,
DS005620,1071,awake,alpha,sub-1071_task-awake_acq-EC_eeg.vhdr,,phase_only,D_eff,5.483369974720704,6.036884493198647,,
DS005620,1071,awake,alpha,sub-1071_task-awake_acq-EC_eeg.vhdr,,phase_only,M_tau,0.0037690821727170793,0.0033884945819567793,,
DS005620,1071,sed2,alpha,sub-1071_task-sed2_acq-rest_run-1_eeg.vhdr,1.0,phase_only,Pi,0.45614035087719296,0.35087719298245607,,
DS005620,1071,sed2,alpha,sub-1071_task-sed2_acq-rest_run-1_eeg.vhdr,1.0,phase_only,R,0.16087037782705957,0.17453808126226816,,
DS005620,1071,sed2,alpha,sub-1071_task-sed2_acq-rest_run-1_eeg.vhdr,1.0,phase_only,D_eff,7.289116266215295,8.145380092634758,,
DS005620,1071,sed2,alpha,sub-1071_task-sed2_acq-rest_run-1_eeg.vhdr,1.0,phase_only,M_tau,0.008852940300717899,0.015245075636963026,,
DS005620,1071,sed2,alpha,sub-1071_task-sed2_acq-rest_run-2_eeg.vhdr,2.0,phase_only,Pi,0.5087719298245613,0.4385964912280701,,
DS005620,1071,sed2,alpha,sub-1071_task-sed2_acq-rest_run-2_eeg.vhdr,2.0,phase_only,R,0.1301004097565385,0.2112371712185437,,
DS005620,1071,sed2,alpha,sub-1071_task-sed2_acq-rest_run-2_eeg.vhdr,2.0,phase_only,D_eff,6.844540550455632,7.683631516667315,,
DS005620,1071,sed2,alpha,sub-1071_task-sed2_acq-rest_run-2_eeg.vhdr,2.0,phase_only,M_tau,0.005943608188698274,0.023361592252511172,,
DS005620,1071,sed2,alpha,sub-1071_task-sed2_acq-rest_run-3_eeg.vhdr,3.0,phase_only,Pi,0.5185185185185186,0.42105263157894735,,
DS005620,1071,sed2,alpha,sub-1071_task-sed2_acq-rest_run-3_eeg.vhdr,3.0,phase_only,R,0.1529207123913159,0.38216272262184886,,
DS005620,1071,sed2,alpha,sub-1071_task-sed2_acq-rest_run-3_eeg.vhdr,3.0,phase_only,D_eff,5.776634576970213,7.73117433123183,,
DS005620,1071,sed2,alpha,sub-1071_task-sed2_acq-rest_run-3_eeg.vhdr,3.0,phase_only,M_tau,0.011589873591239796,0.038337361756187356,,
DS005620,1071,sed,alpha,sub-1071_task-sed_acq-rest_run-1_eeg.vhdr,1.0,phase_only,Pi,0.5517241379310345,0.6551724137931034,,
DS005620,1071,sed,alpha,sub-1071_task-sed_acq-rest_run-1_eeg.vhdr,1.0,phase_only,R,0.1497620465796559,0.15837933887757666,,
DS005620,1071,sed,alpha,sub-1071_task-sed_acq-rest_run-1_eeg.vhdr,1.0,phase_only,D_eff,6.643006845959906,6.908735907228578,,
DS005620,1071,sed,alpha,sub-1071_task-sed_acq-rest_run-1_eeg.vhdr,1.0,phase_only,M_tau,0.004869240230278858,0.004971530435232306,,
DS005620,1071,sed,alpha,sub-1071_task-sed_acq-rest_run-2_eeg.vhdr,2.0,phase_only,Pi,0.3908045977011494,0.5402298850574712,,
DS005620,1071,sed,alpha,sub-1071_task-sed_acq-rest_run-2_eeg.vhdr,2.0,phase_only,R,0.11553413073197676,0.10985241229453156,,
DS005620,1071,sed,alpha,sub-1071_task-sed_acq-rest_run-2_eeg.vhdr,2.0,phase_only,D_eff,6.96427750776841,6.665228131842513,,
DS005620,1071,sed,alpha,sub-1071_task-sed_acq-rest_run-2_eeg.vhdr,2.0,phase_only,M_tau,0.0063195229424555886,0.0037216207454460444,,
DS005620,1071,sed,alpha,sub-1071_task-sed_acq-rest_run-3_eeg.vhdr,3.0,phase_only,Pi,0.45977011494252873,0.5057471264367815,,
DS005620,1071,sed,alpha,sub-1071_task-sed_acq-rest_run-3_eeg.vhdr,3.0,phase_only,R,0.1329151516410503,0.3634673585676559,,
DS005620,1071,sed,alpha,sub-1071_task-sed_acq-rest_run-3_eeg.vhdr,3.0,phase_only,D_eff,6.340427295279645,6.845862926994825,,
DS005620,1071,sed,alpha,sub-1071_task-sed_acq-rest_run-3_eeg.vhdr,3.0,phase_only,M_tau,0.005138681249549362,0.03863955054864657,,
DS005620,1074,awake,alpha,sub-1074_task-awake_acq-EC_eeg.vhdr,,phase_only,Pi,0.7931034482758621,0.8620689655172412,,
DS005620,1074,awake,alpha,sub-1074_task-awake_acq-EC_eeg.vhdr,,phase_only,R,0.10323851761820951,0.09241143693685731,,
DS005620,1074,awake,alpha,sub-1074_task-awake_acq-EC_eeg.vhdr,,phase_only,D_eff,8.802685927164967,9.375687066666119,,
DS005620,1074,awake,alpha,sub-1074_task-awake_acq-EC_eeg.vhdr,,phase_only,M_tau,0.0030998961422912625,0.002342434247215731,,
DS005620,1074,sed2,alpha,sub-1074_task-sed2_acq-rest_run-1_eeg.vhdr,1.0,phase_only,Pi,0.6842105263157894,0.7894736842105262,,
DS005620,1074,sed2,alpha,sub-1074_task-sed2_acq-rest_run-1_eeg.vhdr,1.0,phase_only,R,0.12304816322842389,0.12276967491310446,,
DS005620,1074,sed2,alpha,sub-1074_task-sed2_acq-rest_run-1_eeg.vhdr,1.0,phase_only,D_eff,7.726052569403313,8.105980783932472,,
DS005620,1074,sed2,alpha,sub-1074_task-sed2_acq-rest_run-1_eeg.vhdr,1.0,phase_only,M_tau,0.003836062624828879,0.003669146881691853,,
DS005620,1074,sed2,alpha,sub-1074_task-sed2_acq-rest_run-2_eeg.vhdr,2.0,phase_only,Pi,0.7894736842105262,0.6666666666666666,,
DS005620,1074,sed2,alpha,sub-1074_task-sed2_acq-rest_run-2_eeg.vhdr,2.0,phase_only,R,0.11191002661635034,0.1430789425002215,,
DS005620,1074,sed2,alpha,sub-1074_task-sed2_acq-rest_run-2_eeg.vhdr,2.0,phase_only,D_eff,7.776798762320195,10.365745446136383,,
DS005620,1074,sed2,alpha,sub-1074_task-sed2_acq-rest_run-2_eeg.vhdr,2.0,phase_only,M_tau,0.0032105652501087626,0.016647697355929535,,
DS005620,1074,sed2,alpha,sub-1074_task-sed2_acq-rest_run-3_eeg.vhdr,3.0,phase_only,Pi,0.4736842105263159,0.5964912280701754,,
DS005620,1074,sed2,alpha,sub-1074_task-sed2_acq-rest_run-3_eeg.vhdr,3.0,phase_only,R,0.15970903060806582,0.15236229907859136,,
DS005620,1074,sed2,alpha,sub-1074_task-sed2_acq-rest_run-3_eeg.vhdr,3.0,phase_only,D_eff,6.85807616051106,6.640449544357729,,
DS005620,1074,sed2,alpha,sub-1074_task-sed2_acq-rest_run-3_eeg.vhdr,3.0,phase_only,M_tau,0.005269430392324658,0.004773515469356873,,
DS005620,1074,sed,alpha,sub-1074_task-sed_acq-rest_run-1_eeg.vhdr,1.0,phase_only,Pi,0.6091954022988505,0.6666666666666666,,
DS005620,1074,sed,alpha,sub-1074_task-sed_acq-rest_run-1_eeg.vhdr,1.0,phase_only,R,0.12324945138922548,0.13300331470417454,,
DS005620,1074,sed,alpha,sub-1074_task-sed_acq-rest_run-1_eeg.vhdr,1.0,phase_only,D_eff,7.457380036049774,7.524532854529723,,
DS005620,1074,sed,alpha,sub-1074_task-sed_acq-rest_run-1_eeg.vhdr,1.0,phase_only,M_tau,0.004090164048872034,0.0038085380123480755,,
DS005620,1074,sed,alpha,sub-1074_task-sed_acq-rest_run-2_eeg.vhdr,2.0,phase_only,Pi,0.8735632183908045,0.8275862068965517,,
DS005620,1074,sed,alpha,sub-1074_task-sed_acq-rest_run-2_eeg.vhdr,2.0,phase_only,R,0.10973950416569593,0.11120167922806429,,
DS005620,1074,sed,alpha,sub-1074_task-sed_acq-rest_run-2_eeg.vhdr,2.0,phase_only,D_eff,8.975237188707634,8.609285940950263,,
DS005620,1074,sed,alpha,sub-1074_task-sed_acq-rest_run-2_eeg.vhdr,2.0,phase_only,M_tau,0.003419992547406869,0.0032036590616630694,,
DS005620,1074,sed,alpha,sub-1074_task-sed_acq-rest_run-3_eeg.vhdr,3.0,phase_only,Pi,0.4252873563218391,0.6091954022988505,,
DS005620,1074,sed,alpha,sub-1074_task-sed_acq-rest_run-3_eeg.vhdr,3.0,phase_only,R,0.16016228844582178,0.1549791064804593,,
DS005620,1074,sed,alpha,sub-1074_task-sed_acq-rest_run-3_eeg.vhdr,3.0,phase_only,D_eff,6.483107256731289,6.573928435435968,,
DS005620,1074,sed,alpha,sub-1074_task-sed_acq-rest_run-3_eeg.vhdr,3.0,phase_only,M_tau,0.004899696882323738,0.003438745085383134,,
Chennu,2,baseline,gamma,02-2010-anest 20100210 135.003.set,,phase_only,Pi,0.9080459770114943,0.7471264367816091,,
Chennu,2,baseline,gamma,02-2010-anest 20100210 135.003.set,,phase_only,R,0.11474192889071806,0.10509793310087298,,
Chennu,2,baseline,gamma,02-2010-anest 20100210 135.003.set,,phase_only,D_eff,14.403945579341919,14.201891025185128,,
Chennu,2,baseline,gamma,02-2010-anest 20100210 135.003.set,,phase_only,M_tau,0.0030638011324421277,0.0031028038495623284,,
Chennu,2,mild,gamma,02-2010-anest 20100210 135.006.set,,phase_only,Pi,0.7011494252873564,0.5747126436781609,,
Chennu,2,mild,gamma,02-2010-anest 20100210 135.006.set,,phase_only,R,0.11214123619407433,0.11424906718643822,,
Chennu,2,mild,gamma,02-2010-anest 20100210 135.006.set,,phase_only,D_eff,11.607239762901282,10.920379396998387,,
Chennu,2,mild,gamma,02-2010-anest 20100210 135.006.set,,phase_only,M_tau,0.0030898670892381065,0.0029845368288779314,,
Chennu,2,moderate,gamma,02-2010-anest 20100210 135.014.set,,phase_only,Pi,0.5632183908045977,0.6091954022988505,,
Chennu,2,moderate,gamma,02-2010-anest 20100210 135.014.set,,phase_only,R,0.11379077625873672,0.11639135380978181,,
Chennu,2,moderate,gamma,02-2010-anest 20100210 135.014.set,,phase_only,D_eff,10.767880335087124,11.237728029846549,,
Chennu,2,moderate,gamma,02-2010-anest 20100210 135.014.set,,phase_only,M_tau,0.003435845523544358,0.0036075016734082414,,
Chennu,2,recovery,gamma,02-2010-anest- 20100210 16.003.set,,phase_only,Pi,0.6781609195402301,0.7471264367816091,,
Chennu,2,recovery,gamma,02-2010-anest- 20100210 16.003.set,,phase_only,R,0.10698638169661333,0.10368955781754377,,
Chennu,2,recovery,gamma,02-2010-anest- 20100210 16.003.set,,phase_only,D_eff,12.377905771931342,13.62508725375345,,
Chennu,2,recovery,gamma,02-2010-anest- 20100210 16.003.set,,phase_only,M_tau,0.0029686003624879585,0.0029317025283858203,,
Chennu,3,baseline,gamma,03-2010-anest 20100211 142.003.set,,phase_only,Pi,0.8505747126436782,0.8045977011494252,,
Chennu,3,baseline,gamma,03-2010-anest 20100211 142.003.set,,phase_only,R,0.14098713819730582,0.12374393238828213,,
Chennu,3,baseline,gamma,03-2010-anest 20100211 142.003.set,,phase_only,D_eff,16.8703540855703,17.234147675362443,,
Chennu,3,baseline,gamma,03-2010-anest 20100211 142.003.set,,phase_only,M_tau,0.004645569605490472,0.0036428377907923378,,
Chennu,3,mild,gamma,03-2010-anest 20100211 142.008.set,,phase_only,Pi,0.7701149425287357,0.8505747126436782,,
Chennu,3,mild,gamma,03-2010-anest 20100211 142.008.set,,phase_only,R,0.15011480973054875,0.12959872295346245,,
Chennu,3,mild,gamma,03-2010-anest 20100211 142.008.set,,phase_only,D_eff,17.43029095957562,17.33475190591188,,
Chennu,3,mild,gamma,03-2010-anest 20100211 142.008.set,,phase_only,M_tau,0.0055899530326988835,0.004042003991954362,,
Chennu,3,moderate,gamma,03-2010-anest 20100211 142.021.set,,phase_only,Pi,0.3448275862068966,0.17241379310344823,,
Chennu,3,moderate,gamma,03-2010-anest 20100211 142.021.set,,phase_only,R,0.0830934618064722,0.07873912222097455,,
Chennu,3,moderate,gamma,03-2010-anest 20100211 142.021.set,,phase_only,D_eff,18.64217671285073,19.837898874969376,,
Chennu,3,moderate,gamma,03-2010-anest 20100211 142.021.set,,phase_only,M_tau,0.0032771648925562415,0.002952738537446955,,
Chennu,3,recovery,gamma,03-2010-anest 20100211 142.026.set,,phase_only,Pi,0.6206896551724138,0.6666666666666666,,
Chennu,3,recovery,gamma,03-2010-anest 20100211 142.026.set,,phase_only,R,0.14078849079950706,0.14547660529447146,,
Chennu,3,recovery,gamma,03-2010-anest 20100211 142.026.set,,phase_only,D_eff,19.249088363969957,19.03069349716091,,
Chennu,3,recovery,gamma,03-2010-anest 20100211 142.026.set,,phase_only,M_tau,0.005003302196037627,0.0051375415301348655,,
Chennu,5,baseline,gamma,05-2010-anest 20100223 095.004.set,,phase_only,Pi,0.7931034482758621,0.8620689655172415,,
Chennu,5,baseline,gamma,05-2010-anest 20100223 095.004.set,,phase_only,R,0.12199135267977664,0.11696915012844657,,
Chennu,5,baseline,gamma,05-2010-anest 20100223 095.004.set,,phase_only,D_eff,13.593889557730732,13.977416893667533,,
Chennu,5,baseline,gamma,05-2010-anest 20100223 095.004.set,,phase_only,M_tau,0.0033697424214886966,0.003302706359885717,,
Chennu,5,mild,gamma,05-2010-anest 20100223 095.009.set,,phase_only,Pi,0.528735632183908,0.6091954022988506,,
Chennu,5,mild,gamma,05-2010-anest 20100223 095.009.set,,phase_only,R,0.10270408884405147,0.10639555512894863,,
Chennu,5,mild,gamma,05-2010-anest 20100223 095.009.set,,phase_only,D_eff,12.909877075817139,13.089732329260048,,
Chennu,5,mild,gamma,05-2010-anest 20100223 095.009.set,,phase_only,M_tau,0.0028279278775423617,0.002882546550889769,,
Chennu,5,moderate,gamma,05-2010-anest 20100223 095.022.set,,phase_only,Pi,0.29885057471264365,0.36781609195402304,,
Chennu,5,moderate,gamma,05-2010-anest 20100223 095.022.set,,phase_only,R,0.09377082054752003,0.0909504384220691,,
Chennu,5,moderate,gamma,05-2010-anest 20100223 095.022.set,,phase_only,D_eff,13.555822918297201,13.424813916907503,,
Chennu,5,moderate,gamma,05-2010-anest 20100223 095.022.set,,phase_only,M_tau,0.0022902687412622584,0.002282860616985621,,
Chennu,5,recovery,gamma,05-2010-anest 20100223 095.027.set,,phase_only,Pi,0.67816091954023,0.6436781609195402,,
Chennu,5,recovery,gamma,05-2010-anest 20100223 095.027.set,,phase_only,R,0.10892564589556589,0.10616646488623749,,
Chennu,5,recovery,gamma,05-2010-anest 20100223 095.027.set,,phase_only,D_eff,13.134252712545715,13.707197290876746,,
Chennu,5,recovery,gamma,05-2010-anest 20100223 095.027.set,,phase_only,M_tau,0.0028865991840825553,0.0028607879594012477,,
Chennu,6,baseline,gamma,06-2010-anest 20100224 093.003.set,,phase_only,Pi,0.8505747126436782,0.8045977011494254,,
Chennu,6,baseline,gamma,06-2010-anest 20100224 093.003.set,,phase_only,R,0.0859677756908751,0.07624339892852179,,
Chennu,6,baseline,gamma,06-2010-anest 20100224 093.003.set,,phase_only,D_eff,13.640729945702692,13.969165412573727,,
Chennu,6,baseline,gamma,06-2010-anest 20100224 093.003.set,,phase_only,M_tau,0.002166079460200607,0.001652567896742693,,
Chennu,6,mild,gamma,06-2010-anest 20100224 093.008.set,,phase_only,Pi,0.8275862068965518,0.8160919540229886,,
Chennu,6,mild,gamma,06-2010-anest 20100224 093.008.set,,phase_only,R,0.08783574609664299,0.0811643241588237,,
Chennu,6,mild,gamma,06-2010-anest 20100224 093.008.set,,phase_only,D_eff,13.170330097744916,12.804743467332898,,
Chennu,6,mild,gamma,06-2010-anest 20100224 093.008.set,,phase_only,M_tau,0.0020400817571287933,0.001788386358375307,,
Chennu,6,moderate,gamma,06-2010-anest 20100224 093.013.set,,phase_only,Pi,0.6091954022988506,0.7241379310344828,,
Chennu,6,moderate,gamma,06-2010-anest 20100224 093.013.set,,phase_only,R,0.08335509085254654,0.08051457638007223,,
Chennu,6,moderate,gamma,06-2010-anest 20100224 093.013.set,,phase_only,D_eff,12.056550680715736,12.769864677337958,,
Chennu,6,moderate,gamma,06-2010-anest 20100224 093.013.set,,phase_only,M_tau,0.0018333524354251277,0.0017575027428503864,,
Chennu,6,recovery,gamma,06-2010-anest 20100224 093.026.set,,phase_only,Pi,0.7126436781609197,0.6666666666666667,,
Chennu,6,recovery,gamma,06-2010-anest 20100224 093.026.set,,phase_only,R,0.09053790332918714,0.0857432163749938,,
Chennu,6,recovery,gamma,06-2010-anest 20100224 093.026.set,,phase_only,D_eff,16.35459965116805,15.930239255172241,,
Chennu,6,recovery,gamma,06-2010-anest 20100224 093.026.set,,phase_only,M_tau,0.002042691206499596,0.002069300253469117,,
Chennu,7,baseline,gamma,07-2010-anest 20100226 133.003.set,,phase_only,Pi,0.9310344827586207,0.7241379310344829,,
Chennu,7,baseline,gamma,07-2010-anest 20100226 133.003.set,,phase_only,R,0.12165685770932955,0.1134474135530768,,
Chennu,7,baseline,gamma,07-2010-anest 20100226 133.003.set,,phase_only,D_eff,15.6524307885348,15.518755972916534,,
Chennu,7,baseline,gamma,07-2010-anest 20100226 133.003.set,,phase_only,M_tau,0.0034630779494737108,0.0033150659674617594,,
Chennu,7,mild,gamma,07-2010-anest 20100226 133.008.set,,phase_only,Pi,0.09195402298850575,0.10344827586206896,,
Chennu,7,mild,gamma,07-2010-anest 20100226 133.008.set,,phase_only,R,0.07964634178590244,0.08163814447109335,,
Chennu,7,mild,gamma,07-2010-anest 20100226 133.008.set,,phase_only,D_eff,13.672526057525639,13.33465260708393,,
Chennu,7,mild,gamma,07-2010-anest 20100226 133.008.set,,phase_only,M_tau,0.0019092831323528896,0.0019714375348871033,,
Chennu,7,moderate,gamma,07-2010-anest 20100226 133.021.set,,phase_only,Pi,0.264367816091954,0.11494252873563218,,
Chennu,7,moderate,gamma,07-2010-anest 20100226 133.021.set,,phase_only,R,0.09431007478528508,0.09167591744460087,,
Chennu,7,moderate,gamma,07-2010-anest 20100226 133.021.set,,phase_only,D_eff,12.260143537891084,11.787864473700248,,
Chennu,7,moderate,gamma,07-2010-anest 20100226 133.021.set,,phase_only,M_tau,0.002806578856520876,0.0023958743138652516,,
Chennu,7,recovery,gamma,07-2010-anest 20100226 133.027.set,,phase_only,Pi,0.6781609195402298,0.47126436781609193,,
Chennu,7,recovery,gamma,07-2010-anest 20100226 133.027.set,,phase_only,R,0.11327452502051616,0.10019154979346494,,
Chennu,7,recovery,gamma,07-2010-anest 20100226 133.027.set,,phase_only,D_eff,14.67466407407014,15.47062162484272,,
Chennu,7,recovery,gamma,07-2010-anest 20100226 133.027.set,,phase_only,M_tau,0.003719166271543852,0.0026567981318606415,,
Chennu,8,baseline,gamma,08-2010-anest 20100301 095.004.set,,phase_only,Pi,0.8505747126436781,0.8045977011494252,,
Chennu,8,baseline,gamma,08-2010-anest 20100301 095.004.set,,phase_only,R,0.15810487882859528,0.1336960216593628,,
Chennu,8,baseline,gamma,08-2010-anest 20100301 095.004.set,,phase_only,D_eff,16.924650508040273,17.890998300818758,,
Chennu,8,baseline,gamma,08-2010-anest 20100301 095.004.set,,phase_only,M_tau,0.00549857712715278,0.0042874614789724375,,
Chennu,8,mild,gamma,08-2010-anest 20100301 095.010.set,,phase_only,Pi,0.14942528735632182,0.08045977011494251,,
Chennu,8,mild,gamma,08-2010-anest 20100301 095.010.set,,phase_only,R,0.09051390001725396,0.07277584161340725,,
Chennu,8,mild,gamma,08-2010-anest 20100301 095.010.set,,phase_only,D_eff,14.986120334545491,14.415266831975044,,
Chennu,8,mild,gamma,08-2010-anest 20100301 095.010.set,,phase_only,M_tau,0.0023588529618942173,0.001520853871009235,,
Chennu,8,moderate,gamma,08-2010-anest 20100301 095.015.set,,phase_only,Pi,0.12643678160919541,0.06896551724137931,,
Chennu,8,moderate,gamma,08-2010-anest 20100301 095.015.set,,phase_only,R,0.08000891560547621,0.07609163015499312,,
Chennu,8,moderate,gamma,08-2010-anest 20100301 095.015.set,,phase_only,D_eff,14.865362154357914,14.534106149070816,,
Chennu,8,moderate,gamma,08-2010-anest 20100301 095.015.set,,phase_only,M_tau,0.0017813364595596346,0.001648490680057448,,
Chennu,8,recovery,gamma,08-2010-anest 20100301 095.028.set,,phase_only,Pi,0.6781609195402298,0.4022988505747127,,
Chennu,8,recovery,gamma,08-2010-anest 20100301 095.028.set,,phase_only,R,0.14408297211065188,0.10862313422669907,,
Chennu,8,recovery,gamma,08-2010-anest 20100301 095.028.set,,phase_only,D_eff,15.618417317226282,16.85025116378843,,
Chennu,8,recovery,gamma,08-2010-anest 20100301 095.028.set,,phase_only,M_tau,0.004944195878118245,0.003103150245619411,,
Chennu,9,baseline,gamma,09-2010-anest 20100301 135.003.set,,phase_only,Pi,0.8505747126436782,0.8045977011494252,,
Chennu,9,baseline,gamma,09-2010-anest 20100301 135.003.set,,phase_only,R,0.10517248729622346,0.09773795393682318,,
Chennu,9,baseline,gamma,09-2010-anest 20100301 135.003.set,,phase_only,D_eff,14.9342424977405,14.840212966474049,,
Chennu,9,baseline,gamma,09-2010-anest 20100301 135.003.set,,phase_only,M_tau,0.0030314744095919065,0.002625793336814211,,
Chennu,9,mild,gamma,09-2010-anest 20100301 135.008.set,,phase_only,Pi,0.8045977011494252,0.7126436781609194,,
Chennu,9,mild,gamma,09-2010-anest 20100301 135.008.set,,phase_only,R,0.10901526679648092,0.09418851245011226,,
Chennu,9,mild,gamma,09-2010-anest 20100301 135.008.set,,phase_only,D_eff,15.63467358854013,15.053629829062434,,
Chennu,9,mild,gamma,09-2010-anest 20100301 135.008.set,,phase_only,M_tau,0.0033676940919645415,0.0025312427405102308,,
Chennu,9,moderate,gamma,09-2010-anest 20100301 135.021.set,,phase_only,Pi,0.41379310344827586,0.4252873563218391,,
Chennu,9,moderate,gamma,09-2010-anest 20100301 135.021.set,,phase_only,R,0.08157293297537524,0.08357816690965485,,
Chennu,9,moderate,gamma,09-2010-anest 20100301 135.021.set,,phase_only,D_eff,15.421888396058813,15.072644948457333,,
Chennu,9,moderate,gamma,09-2010-anest 20100301 135.021.set,,phase_only,M_tau,0.00195506711054571,0.0018047949377414207,,
Chennu,9,recovery,gamma,09-2010-anest 20100301 135.026.set,,phase_only,Pi,0.6206896551724138,0.2988505747126436,,
Chennu,9,recovery,gamma,09-2010-anest 20100301 135.026.set,,phase_only,R,0.08877416061144695,0.08156050237275278,,
Chennu,9,recovery,gamma,09-2010-anest 20100301 135.026.set,,phase_only,D_eff,16.14548798935149,16.172168075124898,,
Chennu,9,recovery,gamma,09-2010-anest 20100301 135.026.set,,phase_only,M_tau,0.0023451386721300934,0.0020786542044636275,,
Chennu,10,baseline,gamma,10-2010-anest 20100305 130.005.set,,phase_only,Pi,0.8505747126436782,0.8045977011494252,,
Chennu,10,baseline,gamma,10-2010-anest 20100305 130.005.set,,phase_only,R,0.08418561879718504,0.07709572629277825,,
Chennu,10,baseline,gamma,10-2010-anest 20100305 130.005.set,,phase_only,D_eff,12.977589534525801,13.591486417775892,,
Chennu,10,baseline,gamma,10-2010-anest 20100305 130.005.set,,phase_only,M_tau,0.001927684394676138,0.0017368213711435585,,
Chennu,10,mild,gamma,10-2010-anest 20100305 130.010.set,,phase_only,Pi,0.7011494252873562,0.8620689655172413,,
Chennu,10,mild,gamma,10-2010-anest 20100305 130.010.set,,phase_only,R,0.08944140636300668,0.07699414722340757,,
Chennu,10,mild,gamma,10-2010-anest 20100305 130.010.set,,phase_only,D_eff,11.367876310183474,13.99362239413176,,
Chennu,10,mild,gamma,10-2010-anest 20100305 130.010.set,,phase_only,M_tau,0.002154722609775565,0.001886883767467155,,
Chennu,10,moderate,gamma,10-2010-anest 20100305 130.015.set,,phase_only,Pi,0.8620689655172413,0.8045977011494254,,
Chennu,10,moderate,gamma,10-2010-anest 20100305 130.015.set,,phase_only,R,0.08145132544389912,0.08268534755399753,,
Chennu,10,moderate,gamma,10-2010-anest 20100305 130.015.set,,phase_only,D_eff,13.615421893790632,14.446438865115734,,
Chennu,10,moderate,gamma,10-2010-anest 20100305 130.015.set,,phase_only,M_tau,0.002166273401953641,0.0023204536731100587,,
Chennu,10,recovery,gamma,10-2010-anest 20100305 130.028.set,,phase_only,Pi,0.6206896551724138,0.6551724137931034,,
Chennu,10,recovery,gamma,10-2010-anest 20100305 130.028.set,,phase_only,R,0.1049647644640569,0.09496236199303901,,
Chennu,10,recovery,gamma,10-2010-anest 20100305 130.028.set,,phase_only,D_eff,11.42932530233121,11.457299550035948,,
Chennu,10,recovery,gamma,10-2010-anest 20100305 130.028.set,,phase_only,M_tau,0.0028968452111250006,0.0026358194551042422,,
Chennu,13,baseline,gamma,13-2010-anest 20100322 132.003.set,,phase_only,Pi,0.8620689655172413,0.7931034482758621,,
Chennu,13,baseline,gamma,13-2010-anest 20100322 132.003.set,,phase_only,R,0.10126713013685067,0.10311234962870039,,
Chennu,13,baseline,gamma,13-2010-anest 20100322 132.003.set,,phase_only,D_eff,14.101947979073243,13.566560240998559,,
Chennu,13,baseline,gamma,13-2010-anest 20100322 132.003.set,,phase_only,M_tau,0.002510103574856828,0.002633409739051104,,
Chennu,13,mild,gamma,13-2010-anest 20100322 132.008.set,,phase_only,Pi,0.735632183908046,0.6896551724137931,,
Chennu,13,mild,gamma,13-2010-anest 20100322 132.008.set,,phase_only,R,0.09521520453181491,0.09366401465138394,,
Chennu,13,mild,gamma,13-2010-anest 20100322 132.008.set,,phase_only,D_eff,13.606098153791,13.954668618680147,,
Chennu,13,mild,gamma,13-2010-anest 20100322 132.008.set,,phase_only,M_tau,0.002501720075402835,0.002360370160825162,,
Chennu,13,moderate,gamma,13-2010-anest 20100322 132.013.set,,phase_only,Pi,0.3563218390804598,0.2988505747126437,,
Chennu,13,moderate,gamma,13-2010-anest 20100322 132.013.set,,phase_only,R,0.08346411509969276,0.08059728379606092,,
Chennu,13,moderate,gamma,13-2010-anest 20100322 132.013.set,,phase_only,D_eff,13.730462368673846,13.28040704288596,,
Chennu,13,moderate,gamma,13-2010-anest 20100322 132.013.set,,phase_only,M_tau,0.0020971842830521483,0.0018881530546061619,,
Chennu,13,recovery,gamma,13-2010-anest 20100322 132.026.set,,phase_only,Pi,0.3563218390804598,0.3678160919540231,,
Chennu,13,recovery,gamma,13-2010-anest 20100322 132.026.set,,phase_only,R,0.11015383325113692,0.12236303641808917,,
Chennu,13,recovery,gamma,13-2010-anest 20100322 132.026.set,,phase_only,D_eff,16.747287948136776,16.575368627640547,,
Chennu,13,recovery,gamma,13-2010-anest 20100322 132.026.set,,phase_only,M_tau,0.005130226095482045,0.005081193941432998,,
Chennu,14,baseline,gamma,14-2010-anest 20100324 125.007.set,,phase_only,Pi,0.8735632183908046,0.7816091954022989,,
Chennu,14,baseline,gamma,14-2010-anest 20100324 125.007.set,,phase_only,R,0.12152145679913297,0.1035378211938055,,
Chennu,14,baseline,gamma,14-2010-anest 20100324 125.007.set,,phase_only,D_eff,15.625170778574843,15.766208930015168,,
Chennu,14,baseline,gamma,14-2010-anest 20100324 125.007.set,,phase_only,M_tau,0.0037610222848283173,0.002904835377320345,,
Chennu,14,mild,gamma,14-2010-anest 20100324 132.011.set,,phase_only,Pi,0.7241379310344829,0.7701149425287357,,
Chennu,14,mild,gamma,14-2010-anest 20100324 132.011.set,,phase_only,R,0.11903865994365888,0.10291462659191744,,
Chennu,14,mild,gamma,14-2010-anest 20100324 132.011.set,,phase_only,D_eff,15.44790264384133,14.636424264532133,,
Chennu,14,mild,gamma,14-2010-anest 20100324 132.011.set,,phase_only,M_tau,0.003976233580794869,0.003188282294326089,,
Chennu,14,moderate,gamma,14-2010-anest 20100324 132.016.set,,phase_only,Pi,0.7011494252873564,0.5172413793103449,,
Chennu,14,moderate,gamma,14-2010-anest 20100324 132.016.set,,phase_only,R,0.10639814294494906,0.09772072356354625,,
Chennu,14,moderate,gamma,14-2010-anest 20100324 132.016.set,,phase_only,D_eff,13.69013156736461,13.740838545131991,,
Chennu,14,moderate,gamma,14-2010-anest 20100324 132.016.set,,phase_only,M_tau,0.0036469615930820177,0.0028961996214774653,,
Chennu,14,recovery,gamma,14-2010-anest 20100324 132.031.set,,phase_only,Pi,0.5862068965517241,0.44827586206896547,,
Chennu,14,recovery,gamma,14-2010-anest 20100324 132.031.set,,phase_only,R,0.14080769911596233,0.1358894227442076,,
Chennu,14,recovery,gamma,14-2010-anest 20100324 132.031.set,,phase_only,D_eff,14.570515730163297,13.772519106286186,,
Chennu,14,recovery,gamma,14-2010-anest 20100324 132.031.set,,phase_only,M_tau,0.005873655474300651,0.006189696068105524,,
Chennu,18,baseline,gamma,18-2010-anest 20100331 140.003.set,,phase_only,Pi,0.8275862068965517,0.8275862068965517,,
Chennu,18,baseline,gamma,18-2010-anest 20100331 140.003.set,,phase_only,R,0.10983355824850112,0.10200787786607086,,
Chennu,18,baseline,gamma,18-2010-anest 20100331 140.003.set,,phase_only,D_eff,14.45829892887613,13.64211379558183,,
Chennu,18,baseline,gamma,18-2010-anest 20100331 140.003.set,,phase_only,M_tau,0.003385593374679365,0.002730594348246928,,
Chennu,18,mild,gamma,18-2010-anest 20100331 140.009.set,,phase_only,Pi,0.7356321839080461,0.2413793103448275,,
Chennu,18,mild,gamma,18-2010-anest 20100331 140.009.set,,phase_only,R,0.10566438405712494,0.08637195271167311,,
Chennu,18,mild,gamma,18-2010-anest 20100331 140.009.set,,phase_only,D_eff,13.1977851956237,12.384322297350312,,
Chennu,18,mild,gamma,18-2010-anest 20100331 140.009.set,,phase_only,M_tau,0.0027967112686308514,0.0020476050069903316,,
Chennu,18,moderate,gamma,18-2010-anest 20100331 140.014.set,,phase_only,Pi,0.2413793103448275,0.29885057471264365,,
Chennu,18,moderate,gamma,18-2010-anest 20100331 140.014.set,,phase_only,R,0.08722306204458329,0.08573322515619546,,
Chennu,18,moderate,gamma,18-2010-anest 20100331 140.014.set,,phase_only,D_eff,11.884163037915034,12.042908698190372,,
Chennu,18,moderate,gamma,18-2010-anest 20100331 140.014.set,,phase_only,M_tau,0.0022089500544909967,0.002348128174804938,,
Chennu,18,recovery,gamma,18-2010-anest 20100331 140.027.set,,phase_only,Pi,0.4942528735632184,0.5517241379310345,,
Chennu,18,recovery,gamma,18-2010-anest 20100331 140.027.set,,phase_only,R,0.09435210710218936,0.09157381099153952,,
Chennu,18,recovery,gamma,18-2010-anest 20100331 140.027.set,,phase_only,D_eff,15.466038549690024,14.364275654147018,,
Chennu,18,recovery,gamma,18-2010-anest 20100331 140.027.set,,phase_only,M_tau,0.00258889594965948,0.0025154112988404723,,
Chennu,20,baseline,gamma,20-2010-anest 20100414 131.004.set,,phase_only,Pi,0.8275862068965517,0.8275862068965517,,
Chennu,20,baseline,gamma,20-2010-anest 20100414 131.004.set,,phase_only,R,0.10258485244341639,0.0963710264757426,,
Chennu,20,baseline,gamma,20-2010-anest 20100414 131.004.set,,phase_only,D_eff,16.25245877240889,16.58656542877942,,
Chennu,20,baseline,gamma,20-2010-anest 20100414 131.004.set,,phase_only,M_tau,0.0031563349637546037,0.002929007640409693,,
Chennu,20,mild,gamma,20-2010-anest 20100414 131.009.set,,phase_only,Pi,0.5172413793103448,0.44827586206896547,,
Chennu,20,mild,gamma,20-2010-anest 20100414 131.009.set,,phase_only,R,0.09556329986552321,0.09312350602026356,,
Chennu,20,mild,gamma,20-2010-anest 20100414 131.009.set,,phase_only,D_eff,14.794759213712963,14.609142957210738,,
Chennu,20,mild,gamma,20-2010-anest 20100414 131.009.set,,phase_only,M_tau,0.0024497571484742857,0.0023408992329188518,,
Chennu,20,moderate,gamma,20-2010-anest 20100414 131.022.set,,phase_only,Pi,0.1954022988505747,0.1264367816091954,,
Chennu,20,moderate,gamma,20-2010-anest 20100414 131.022.set,,phase_only,R,0.08164542650476267,0.07962386193923712,,
Chennu,20,moderate,gamma,20-2010-anest 20100414 131.022.set,,phase_only,D_eff,14.31259867825704,14.007639465683122,,
Chennu,20,moderate,gamma,20-2010-anest 20100414 131.022.set,,phase_only,M_tau,0.0018254252423232482,0.001810506978663414,,
Chennu,20,recovery,gamma,20-2010-anest 20100414 131.027.set,,phase_only,Pi,0.367816091954023,0.28735632183908044,,
Chennu,20,recovery,gamma,20-2010-anest 20100414 131.027.set,,phase_only,R,0.08378335272763744,0.08131413937089961,,
Chennu,20,recovery,gamma,20-2010-anest 20100414 131.027.set,,phase_only,D_eff,17.035145588147167,17.388396808063053,,
Chennu,20,recovery,gamma,20-2010-anest 20100414 131.027.set,,phase_only,M_tau,0.002009144057744424,0.001823557196317093,,
Chennu,22,baseline,gamma,22-2010-anest 20100415 132.004.set,,phase_only,Pi,0.8620689655172413,0.7931034482758621,,
Chennu,22,baseline,gamma,22-2010-anest 20100415 132.004.set,,phase_only,R,0.11242402836288538,0.11308754458933022,,
Chennu,22,baseline,gamma,22-2010-anest 20100415 132.004.set,,phase_only,D_eff,17.140629719968132,16.95239663141641,,
Chennu,22,baseline,gamma,22-2010-anest 20100415 132.004.set,,phase_only,M_tau,0.003065464467721286,0.0028478689910587307,,
Chennu,22,mild,gamma,22-2010-anest 20100415 132.009.set,,phase_only,Pi,0.4022988505747126,0.4367816091954023,,
Chennu,22,mild,gamma,22-2010-anest 20100415 132.009.set,,phase_only,R,0.0933560148938729,0.0958297854098498,,
Chennu,22,mild,gamma,22-2010-anest 20100415 132.009.set,,phase_only,D_eff,15.257389299408171,15.076070712501416,,
Chennu,22,mild,gamma,22-2010-anest 20100415 132.009.set,,phase_only,M_tau,0.0024592504987168587,0.0023333140847382966,,
Chennu,22,moderate,gamma,22-2010-anest 20100415 132.014.set,,phase_only,Pi,0.1954022988505747,0.11494252873563217,,
Chennu,22,moderate,gamma,22-2010-anest 20100415 132.014.set,,phase_only,R,0.09294265986063104,0.08301507235998351,,
Chennu,22,moderate,gamma,22-2010-anest 20100415 132.014.set,,phase_only,D_eff,14.326808948297192,13.628292938803652,,
Chennu,22,moderate,gamma,22-2010-anest 20100415 132.014.set,,phase_only,M_tau,0.002301677509207514,0.0018967508172854242,,
Chennu,22,recovery,gamma,22-2010-anest 20100415 154.003.set,,phase_only,Pi,0.40229885057471276,0.34482758620689663,,
Chennu,22,recovery,gamma,22-2010-anest 20100415 154.003.set,,phase_only,R,0.16060505751722137,0.165599288630905,,
Chennu,22,recovery,gamma,22-2010-anest 20100415 154.003.set,,phase_only,D_eff,13.091768884290646,12.723994267671763,,
Chennu,22,recovery,gamma,22-2010-anest 20100415 154.003.set,,phase_only,M_tau,0.005012596224147058,0.005626589390379169,,
Chennu,23,baseline,gamma,23-2010-anest 20100420 094.003.set,,phase_only,Pi,0.8160919540229885,0.839080459770115,,
Chennu,23,baseline,gamma,23-2010-anest 20100420 094.003.set,,phase_only,R,0.09222928228280845,0.09287186113970511,,
Chennu,23,baseline,gamma,23-2010-anest 20100420 094.003.set,,phase_only,D_eff,19.057435064960455,18.516816295755223,,
Chennu,23,baseline,gamma,23-2010-anest 20100420 094.003.set,,phase_only,M_tau,0.0021711890912109347,0.0020694398758626794,,
Chennu,23,mild,gamma,23-2010-anest 20100420 094.008.set,,phase_only,Pi,0.5862068965517241,0.7586206896551725,,
Chennu,23,mild,gamma,23-2010-anest 20100420 094.008.set,,phase_only,R,0.09426133744191151,0.09046188664717647,,
Chennu,23,mild,gamma,23-2010-anest 20100420 094.008.set,,phase_only,D_eff,15.743002350484812,17.34857956325376,,
Chennu,23,mild,gamma,23-2010-anest 20100420 094.008.set,,phase_only,M_tau,0.0022785462985973003,0.002038595829512869,,
Chennu,23,moderate,gamma,23-2010-anest 20100420 094.022.set,,phase_only,Pi,0.264367816091954,0.16091954022988503,,
Chennu,23,moderate,gamma,23-2010-anest 20100420 094.022.set,,phase_only,R,0.07957301532783699,0.07713579341553739,,
Chennu,23,moderate,gamma,23-2010-anest 20100420 094.022.set,,phase_only,D_eff,14.635550919783562,14.438129470763295,,
Chennu,23,moderate,gamma,23-2010-anest 20100420 094.022.set,,phase_only,M_tau,0.001792511153277507,0.0016307202568756581,,
Chennu,23,recovery,gamma,23-2010-anest 20100420 094.027.set,,phase_only,Pi,0.45977011494252884,0.5172413793103448,,
Chennu,23,recovery,gamma,23-2010-anest 20100420 094.027.set,,phase_only,R,0.14502520976851604,0.14745557559460679,,
Chennu,23,recovery,gamma,23-2010-anest 20100420 094.027.set,,phase_only,D_eff,5.554836578392433,5.605122862102301,,
Chennu,23,recovery,gamma,23-2010-anest 20100420 094.027.set,,phase_only,M_tau,0.002787899500028228,0.0024000133632648625,,
Chennu,24,baseline,gamma,24-2010-anest 20100420 134.003.set,,phase_only,Pi,0.8275862068965517,0.8275862068965517,,
Chennu,24,baseline,gamma,24-2010-anest 20100420 134.003.set,,phase_only,R,0.10495382348168239,0.10229448100955019,,
Chennu,24,baseline,gamma,24-2010-anest 20100420 134.003.set,,phase_only,D_eff,14.426540840942282,14.88671547229304,,
Chennu,24,baseline,gamma,24-2010-anest 20100420 134.003.set,,phase_only,M_tau,0.0026611258217527035,0.002632136454648731,,
Chennu,24,mild,gamma,24-2010-anest 20100420 134.010.set,,phase_only,Pi,0.13793103448275862,0.11494252873563217,,
Chennu,24,mild,gamma,24-2010-anest 20100420 134.010.set,,phase_only,R,0.08759224700375316,0.0850231347072118,,
Chennu,24,mild,gamma,24-2010-anest 20100420 134.010.set,,phase_only,D_eff,9.413811764176655,8.407045546853427,,
Chennu,24,mild,gamma,24-2010-anest 20100420 134.010.set,,phase_only,M_tau,0.001832897596311669,0.001978866859674886,,
Chennu,24,moderate,gamma,24-2010-anest 20100420 134.015.set,,phase_only,Pi,0.22988505747126434,0.18390804597701146,,
Chennu,24,moderate,gamma,24-2010-anest 20100420 134.015.set,,phase_only,R,0.08417520840625094,0.08408116925800198,,
Chennu,24,moderate,gamma,24-2010-anest 20100420 134.015.set,,phase_only,D_eff,10.83113162409867,9.691196584540814,,
Chennu,24,moderate,gamma,24-2010-anest 20100420 134.015.set,,phase_only,M_tau,0.0018622678595196895,0.0017695600599266586,,
Chennu,24,recovery,gamma,24-2010-anest 20100420 134.028.set,,phase_only,Pi,0.4252873563218391,0.28735632183908044,,
Chennu,24,recovery,gamma,24-2010-anest 20100420 134.028.set,,phase_only,R,0.08288799186079134,0.07630000518018096,,
Chennu,24,recovery,gamma,24-2010-anest 20100420 134.028.set,,phase_only,D_eff,15.086424447049929,15.885754854831754,,
Chennu,24,recovery,gamma,24-2010-anest 20100420 134.028.set,,phase_only,M_tau,0.001772155347841696,0.0016356295944624274,,
Chennu,25,baseline,gamma,25-2010-anest 20100422 133.003.set,,phase_only,Pi,0.8390804597701149,0.8160919540229884,,
Chennu,25,baseline,gamma,25-2010-anest 20100422 133.003.set,,phase_only,R,0.14351652293150283,0.14073157284135818,,
Chennu,25,baseline,gamma,25-2010-anest 20100422 133.003.set,,phase_only,D_eff,15.394774314295463,16.3659466488556,,
Chennu,25,baseline,gamma,25-2010-anest 20100422 133.003.set,,phase_only,M_tau,0.004542740755844087,0.004418572443716141,,
Chennu,25,mild,gamma,25-2010-anest 20100422 133.008.set,,phase_only,Pi,0.7126436781609196,0.8045977011494254,,
Chennu,25,mild,gamma,25-2010-anest 20100422 133.008.set,,phase_only,R,0.13568885206797981,0.13745663090763707,,
Chennu,25,mild,gamma,25-2010-anest 20100422 133.008.set,,phase_only,D_eff,16.650857343119842,17.20988622636457,,
Chennu,25,mild,gamma,25-2010-anest 20100422 133.008.set,,phase_only,M_tau,0.004420070668448255,0.004855893512955421,,
Chennu,25,moderate,gamma,25-2010-anest 20100422 133.021.set,,phase_only,Pi,0.28735632183908044,0.19540229885057467,,
Chennu,25,moderate,gamma,25-2010-anest 20100422 133.021.set,,phase_only,R,0.10839301442115193,0.08482908199347362,,
Chennu,25,moderate,gamma,25-2010-anest 20100422 133.021.set,,phase_only,D_eff,17.173408046170486,16.965998751094155,,
Chennu,25,moderate,gamma,25-2010-anest 20100422 133.021.set,,phase_only,M_tau,0.0030777964184894174,0.0018161939100475176,,
Chennu,25,recovery,gamma,25-2010-anest 20100422 133.026.set,,phase_only,Pi,0.2528735632183908,0.586206896551724,,
Chennu,25,recovery,gamma,25-2010-anest 20100422 133.026.set,,phase_only,R,0.12445986781114612,0.1349969545738338,,
Chennu,25,recovery,gamma,25-2010-anest 20100422 133.026.set,,phase_only,D_eff,18.52682629256479,18.59867251791925,,
Chennu,25,recovery,gamma,25-2010-anest 20100422 133.026.set,,phase_only,M_tau,0.003234470313458659,0.003836567901356811,,
Chennu,26,baseline,gamma,26-2010-anest 20100507 132.003.set,,phase_only,Pi,0.8505747126436782,0.8045977011494252,,
Chennu,26,baseline,gamma,26-2010-anest 20100507 132.003.set,,phase_only,R,0.12773991878913715,0.11973380303130113,,
Chennu,26,baseline,gamma,26-2010-anest 20100507 132.003.set,,phase_only,D_eff,14.566202942118997,14.172953427552635,,
Chennu,26,baseline,gamma,26-2010-anest 20100507 132.003.set,,phase_only,M_tau,0.00398052307816319,0.0035917978322326342,,
Chennu,26,mild,gamma,26-2010-anest 20100507 132.008.set,,phase_only,Pi,0.6551724137931034,0.5747126436781609,,
Chennu,26,mild,gamma,26-2010-anest 20100507 132.008.set,,phase_only,R,0.11416901390173037,0.10607338635156882,,
Chennu,26,mild,gamma,26-2010-anest 20100507 132.008.set,,phase_only,D_eff,15.353239737046817,15.215778368926786,,
Chennu,26,mild,gamma,26-2010-anest 20100507 132.008.set,,phase_only,M_tau,0.003228485624790638,0.002999215667473345,,
Chennu,26,moderate,gamma,26-2010-anest 20100507 132.013.set,,phase_only,Pi,0.5517241379310345,0.3103448275862069,,
Chennu,26,moderate,gamma,26-2010-anest 20100507 132.013.set,,phase_only,R,0.10297564116300553,0.09616245028425402,,
Chennu,26,moderate,gamma,26-2010-anest 20100507 132.013.set,,phase_only,D_eff,15.392104903315966,15.668650281944696,,
Chennu,26,moderate,gamma,26-2010-anest 20100507 132.013.set,,phase_only,M_tau,0.0029158625085165687,0.002472219391828924,,
Chennu,26,recovery,gamma,26-2010-anest 20100507 132.026.set,,phase_only,Pi,0.48275862068965514,0.6436781609195402,,
Chennu,26,recovery,gamma,26-2010-anest 20100507 132.026.set,,phase_only,R,0.10225093560481878,0.10767311674367196,,
Chennu,26,recovery,gamma,26-2010-anest 20100507 132.026.set,,phase_only,D_eff,14.35524165979125,15.365062598169606,,
Chennu,26,recovery,gamma,26-2010-anest 20100507 132.026.set,,phase_only,M_tau,0.002653033302243307,0.003061399569895793,,
Chennu,27,baseline,gamma,27-2010-anest 20100823 104.001.set,,phase_only,Pi,0.8390804597701149,0.8160919540229885,,
Chennu,27,baseline,gamma,27-2010-anest 20100823 104.001.set,,phase_only,R,0.11754546263331099,0.1227990522555959,,
Chennu,27,baseline,gamma,27-2010-anest 20100823 104.001.set,,phase_only,D_eff,15.702371011587926,16.938648072978523,,
Chennu,27,baseline,gamma,27-2010-anest 20100823 104.001.set,,phase_only,M_tau,0.003946480613068397,0.004734855674285706,,
Chennu,27,mild,gamma,27-2010-anest 20100823 104.010.set,,phase_only,Pi,0.8275862068965518,0.8735632183908045,,
Chennu,27,mild,gamma,27-2010-anest 20100823 104.010.set,,phase_only,R,0.1552318198374603,0.1507607111079,,
Chennu,27,mild,gamma,27-2010-anest 20100823 104.010.set,,phase_only,D_eff,17.224093442118065,17.371795637247942,,
Chennu,27,mild,gamma,27-2010-anest 20100823 104.010.set,,phase_only,M_tau,0.005565618443088956,0.005026771273759151,,
Chennu,27,moderate,gamma,27-2010-anest 20100823 104.023.set,,phase_only,Pi,0.5172413793103449,0.3218390804597701,,
Chennu,27,moderate,gamma,27-2010-anest 20100823 104.023.set,,phase_only,R,0.1164678522409659,0.09544462211424039,,
Chennu,27,moderate,gamma,27-2010-anest 20100823 104.023.set,,phase_only,D_eff,14.56805697630671,14.981598986473353,,
Chennu,27,moderate,gamma,27-2010-anest 20100823 104.023.set,,phase_only,M_tau,0.004190513811171169,0.003198095693097355,,
Chennu,27,recovery,gamma,27-2010-anest 20100823 104.028.set,,phase_only,Pi,0.735632183908046,0.5287356321839082,,
Chennu,27,recovery,gamma,27-2010-anest 20100823 104.028.set,,phase_only,R,0.12025996913304536,0.12079213544543985,,
Chennu,27,recovery,gamma,27-2010-anest 20100823 104.028.set,,phase_only,D_eff,17.43647879070165,20.332534006130004,,
Chennu,27,recovery,gamma,27-2010-anest 20100823 104.028.set,,phase_only,M_tau,0.0036948974632208032,0.0041675957095156655,,
Chennu,28,baseline,gamma,28-2010-anest 20100824 092.004.set,,phase_only,Pi,0.7931034482758621,0.8620689655172413,,
Chennu,28,baseline,gamma,28-2010-anest 20100824 092.004.set,,phase_only,R,0.11452818754109936,0.10880004267653562,,
Chennu,28,baseline,gamma,28-2010-anest 20100824 092.004.set,,phase_only,D_eff,12.019632165551927,11.827449035704337,,
Chennu,28,baseline,gamma,28-2010-anest 20100824 092.004.set,,phase_only,M_tau,0.003237373844412886,0.0028734087179250996,,
Chennu,28,mild,gamma,28-2010-anest 20100824 092.011.set,,phase_only,Pi,0.41379310344827586,0.3218390804597701,,
Chennu,28,mild,gamma,28-2010-anest 20100824 092.011.set,,phase_only,R,0.09518254970850676,0.08283086363044145,,
Chennu,28,mild,gamma,28-2010-anest 20100824 092.011.set,,phase_only,D_eff,12.128725130471624,11.990775991776037,,
Chennu,28,mild,gamma,28-2010-anest 20100824 092.011.set,,phase_only,M_tau,0.002641605402503087,0.0018573132360322517,,
Chennu,28,moderate,gamma,28-2010-anest 20100824 092.016.set,,phase_only,Pi,0.4137931034482759,0.3103448275862069,,
Chennu,28,moderate,gamma,28-2010-anest 20100824 092.016.set,,phase_only,R,0.09251762081089031,0.08890542321292262,,
Chennu,28,moderate,gamma,28-2010-anest 20100824 092.016.set,,phase_only,D_eff,11.799607545736455,11.827073105709811,,
Chennu,28,moderate,gamma,28-2010-anest 20100824 092.016.set,,phase_only,M_tau,0.00221452644673792,0.0019842514742502,,
Chennu,28,recovery,gamma,28-2010-anest 20100824 092.029.set,,phase_only,Pi,0.6666666666666667,0.8390804597701149,,
Chennu,28,recovery,gamma,28-2010-anest 20100824 092.029.set,,phase_only,R,0.1167726651242314,0.10827614716887311,,
Chennu,28,recovery,gamma,28-2010-anest 20100824 092.029.set,,phase_only,D_eff,11.334873270656171,12.666671132332029,,
Chennu,28,recovery,gamma,28-2010-anest 20100824 092.029.set,,phase_only,M_tau,0.003706095233892576,0.0031340651972903105,,
Chennu,29,baseline,gamma,29-2010-anest 20100921 142.005.set,,phase_only,Pi,0.8505747126436782,0.8045977011494252,,
Chennu,29,baseline,gamma,29-2010-anest 20100921 142.005.set,,phase_only,R,0.1065232145524935,0.09213447088625325,,
Chennu,29,baseline,gamma,29-2010-anest 20100921 142.005.set,,phase_only,D_eff,15.497948490765422,14.937156244302988,,
Chennu,29,baseline,gamma,29-2010-anest 20100921 142.005.set,,phase_only,M_tau,0.0029815173308048587,0.0022359782431051653,,
Chennu,29,mild,gamma,29-2010-anest 20100921 142.010.set,,phase_only,Pi,0.48275862068965514,0.6206896551724138,,
Chennu,29,mild,gamma,29-2010-anest 20100921 142.010.set,,phase_only,R,0.08374400648356194,0.08573562342109337,,
Chennu,29,mild,gamma,29-2010-anest 20100921 142.010.set,,phase_only,D_eff,13.665215680779374,14.442506755277295,,
Chennu,29,mild,gamma,29-2010-anest 20100921 142.010.set,,phase_only,M_tau,0.001977036297893479,0.002133281808554893,,
Chennu,29,moderate,gamma,29-2010-anest 20100921 142.023.set,,phase_only,Pi,0.528735632183908,0.5057471264367815,,
Chennu,29,moderate,gamma,29-2010-anest 20100921 142.023.set,,phase_only,R,0.08524526693765014,0.08334000766857601,,
Chennu,29,moderate,gamma,29-2010-anest 20100921 142.023.set,,phase_only,D_eff,13.436903448020745,12.95930513437025,,
Chennu,29,moderate,gamma,29-2010-anest 20100921 142.023.set,,phase_only,M_tau,0.002081463198746758,0.00207586046503909,,
Chennu,29,recovery,gamma,29-2010-anest 20100921 142.028.set,,phase_only,Pi,0.49425287356321834,0.5517241379310345,,
Chennu,29,recovery,gamma,29-2010-anest 20100921 142.028.set,,phase_only,R,0.08054950997297208,0.08291175690402107,,
Chennu,29,recovery,gamma,29-2010-anest 20100921 142.028.set,,phase_only,D_eff,15.177115979911976,14.501903876278991,,
Chennu,29,recovery,gamma,29-2010-anest 20100921 142.028.set,,phase_only,M_tau,0.0018166328497458343,0.0018734677690236963,,
DS005620,1010,awake,gamma,sub-1010_task-awake_acq-EC_eeg.vhdr,,phase_only,Pi,0.8160919540229886,0.8390804597701149,,
DS005620,1010,awake,gamma,sub-1010_task-awake_acq-EC_eeg.vhdr,,phase_only,R,0.1396731441925097,0.13000243705651252,,
DS005620,1010,awake,gamma,sub-1010_task-awake_acq-EC_eeg.vhdr,,phase_only,D_eff,11.308438276414098,13.074505584756663,,
DS005620,1010,awake,gamma,sub-1010_task-awake_acq-EC_eeg.vhdr,,phase_only,M_tau,0.004370801862945271,0.004066214024577804,,
DS005620,1010,sed2,gamma,sub-1010_task-sed2_acq-rest_run-1_eeg.vhdr,1.0,phase_only,Pi,0.24561403508771926,0.22807017543859648,,
DS005620,1010,sed2,gamma,sub-1010_task-sed2_acq-rest_run-1_eeg.vhdr,1.0,phase_only,R,0.07376430857578138,0.07530027340316417,,
DS005620,1010,sed2,gamma,sub-1010_task-sed2_acq-rest_run-1_eeg.vhdr,1.0,phase_only,D_eff,13.643377355787822,13.931239460133616,,
DS005620,1010,sed2,gamma,sub-1010_task-sed2_acq-rest_run-1_eeg.vhdr,1.0,phase_only,M_tau,0.001560528147175421,0.0015518851039896895,,
DS005620,1010,sed2,gamma,sub-1010_task-sed2_acq-rest_run-2_eeg.vhdr,2.0,phase_only,Pi,0.33333333333333326,0.33333333333333326,,
DS005620,1010,sed2,gamma,sub-1010_task-sed2_acq-rest_run-2_eeg.vhdr,2.0,phase_only,R,0.0836241496861258,0.08647357294801872,,
DS005620,1010,sed2,gamma,sub-1010_task-sed2_acq-rest_run-2_eeg.vhdr,2.0,phase_only,D_eff,12.49294702601009,11.913710184090368,,
DS005620,1010,sed2,gamma,sub-1010_task-sed2_acq-rest_run-2_eeg.vhdr,2.0,phase_only,M_tau,0.0019556660813319416,0.0020331315696868577,,
DS005620,1010,sed2,gamma,sub-1010_task-sed2_acq-rest_run-3_eeg.vhdr,3.0,phase_only,Pi,0.33333333333333326,0.33333333333333326,,
DS005620,1010,sed2,gamma,sub-1010_task-sed2_acq-rest_run-3_eeg.vhdr,3.0,phase_only,R,0.09079079442430017,0.08747675279028799,,
DS005620,1010,sed2,gamma,sub-1010_task-sed2_acq-rest_run-3_eeg.vhdr,3.0,phase_only,D_eff,12.65815424920981,12.516511794826561,,
DS005620,1010,sed2,gamma,sub-1010_task-sed2_acq-rest_run-3_eeg.vhdr,3.0,phase_only,M_tau,0.002206605755017363,0.0021114563954029845,,
DS005620,1010,sed,gamma,sub-1010_task-sed_acq-rest_run-1_eeg.vhdr,1.0,phase_only,Pi,0.3563218390804598,0.2298850574712643,,
DS005620,1010,sed,gamma,sub-1010_task-sed_acq-rest_run-1_eeg.vhdr,1.0,phase_only,R,0.12764587688172713,0.07437121207869139,,
DS005620,1010,sed,gamma,sub-1010_task-sed_acq-rest_run-1_eeg.vhdr,1.0,phase_only,D_eff,13.8244916388968,13.762707942410529,,
DS005620,1010,sed,gamma,sub-1010_task-sed_acq-rest_run-1_eeg.vhdr,1.0,phase_only,M_tau,0.019360913981231905,0.0015498204582151242,,
DS005620,1010,sed,gamma,sub-1010_task-sed_acq-rest_run-2_eeg.vhdr,2.0,phase_only,Pi,0.3103448275862069,0.3563218390804598,,
DS005620,1010,sed,gamma,sub-1010_task-sed_acq-rest_run-2_eeg.vhdr,2.0,phase_only,R,0.1258439811854763,0.1667801912032677,,
DS005620,1010,sed,gamma,sub-1010_task-sed_acq-rest_run-2_eeg.vhdr,2.0,phase_only,D_eff,14.827194251085183,17.094242376706724,,
DS005620,1010,sed,gamma,sub-1010_task-sed_acq-rest_run-2_eeg.vhdr,2.0,phase_only,M_tau,0.0046921356591639075,0.007080623471229731,,
DS005620,1010,sed,gamma,sub-1010_task-sed_acq-rest_run-3_eeg.vhdr,3.0,phase_only,Pi,0.3333333333333334,0.3333333333333334,,
DS005620,1010,sed,gamma,sub-1010_task-sed_acq-rest_run-3_eeg.vhdr,3.0,phase_only,R,0.08836680964211278,0.09033246134755922,,
DS005620,1010,sed,gamma,sub-1010_task-sed_acq-rest_run-3_eeg.vhdr,3.0,phase_only,D_eff,12.191083017442969,12.563427838772194,,
DS005620,1010,sed,gamma,sub-1010_task-sed_acq-rest_run-3_eeg.vhdr,3.0,phase_only,M_tau,0.0020875687184835935,0.0022075835740823584,,
DS005620,1016,awake,gamma,sub-1016_task-awake_acq-EC_eeg.vhdr,,phase_only,Pi,0.8505747126436782,0.8045977011494252,,
DS005620,1016,awake,gamma,sub-1016_task-awake_acq-EC_eeg.vhdr,,phase_only,R,0.101181671877279,0.08821004915731195,,
DS005620,1016,awake,gamma,sub-1016_task-awake_acq-EC_eeg.vhdr,,phase_only,D_eff,16.019542691250173,15.030221446410122,,
DS005620,1016,awake,gamma,sub-1016_task-awake_acq-EC_eeg.vhdr,,phase_only,M_tau,0.002584730983543573,0.002197954593368359,,
DS005620,1016,sed2,gamma,sub-1016_task-sed2_acq-rest_run-1_eeg.vhdr,1.0,phase_only,Pi,0.3684210526315789,0.3157894736842105,,
DS005620,1016,sed2,gamma,sub-1016_task-sed2_acq-rest_run-1_eeg.vhdr,1.0,phase_only,R,0.06921252707302618,0.06836972063360065,,
DS005620,1016,sed2,gamma,sub-1016_task-sed2_acq-rest_run-1_eeg.vhdr,1.0,phase_only,D_eff,15.57437177593264,16.760897619461335,,
DS005620,1016,sed2,gamma,sub-1016_task-sed2_acq-rest_run-1_eeg.vhdr,1.0,phase_only,M_tau,0.0013836050632084788,0.0014475224748739053,,
DS005620,1016,sed2,gamma,sub-1016_task-sed2_acq-rest_run-2_eeg.vhdr,2.0,phase_only,Pi,0.33333333333333326,0.21052631578947367,,
DS005620,1016,sed2,gamma,sub-1016_task-sed2_acq-rest_run-2_eeg.vhdr,2.0,phase_only,R,0.06956209101422389,0.07267069871396252,,
DS005620,1016,sed2,gamma,sub-1016_task-sed2_acq-rest_run-2_eeg.vhdr,2.0,phase_only,D_eff,16.517261841973237,17.526579693551657,,
DS005620,1016,sed2,gamma,sub-1016_task-sed2_acq-rest_run-2_eeg.vhdr,2.0,phase_only,M_tau,0.0014685079310269842,0.0015619047649962949,,
DS005620,1016,sed,gamma,sub-1016_task-sed_acq-rest_run-1_eeg.vhdr,1.0,phase_only,Pi,0.3448275862068966,0.3448275862068966,,
DS005620,1016,sed,gamma,sub-1016_task-sed_acq-rest_run-1_eeg.vhdr,1.0,phase_only,R,0.07702126689390101,0.0763216953889069,,
DS005620,1016,sed,gamma,sub-1016_task-sed_acq-rest_run-1_eeg.vhdr,1.0,phase_only,D_eff,13.214004650782805,13.434422012262376,,
DS005620,1016,sed,gamma,sub-1016_task-sed_acq-rest_run-1_eeg.vhdr,1.0,phase_only,M_tau,0.0017060840126463792,0.0016850300703092139,,
DS005620,1016,sed,gamma,sub-1016_task-sed_acq-rest_run-2_eeg.vhdr,2.0,phase_only,Pi,0.4252873563218391,0.3218390804597701,,
DS005620,1016,sed,gamma,sub-1016_task-sed_acq-rest_run-2_eeg.vhdr,2.0,phase_only,R,0.07445208949062215,0.07422450766747941,,
DS005620,1016,sed,gamma,sub-1016_task-sed_acq-rest_run-2_eeg.vhdr,2.0,phase_only,D_eff,14.32509244360051,13.88335566334975,,
DS005620,1016,sed,gamma,sub-1016_task-sed_acq-rest_run-2_eeg.vhdr,2.0,phase_only,M_tau,0.001664284360049324,0.001610786497522469,,
DS005620,1016,sed,gamma,sub-1016_task-sed_acq-rest_run-3_eeg.vhdr,3.0,phase_only,Pi,0.40229885057471254,0.28735632183908044,,
DS005620,1016,sed,gamma,sub-1016_task-sed_acq-rest_run-3_eeg.vhdr,3.0,phase_only,R,0.07383816649477817,0.07212293756019357,,
DS005620,1016,sed,gamma,sub-1016_task-sed_acq-rest_run-3_eeg.vhdr,3.0,phase_only,D_eff,14.452624847677193,14.278389805728374,,
DS005620,1016,sed,gamma,sub-1016_task-sed_acq-rest_run-3_eeg.vhdr,3.0,phase_only,M_tau,0.0016835266860188935,0.0016100615614005347,,
DS005620,1017,awake,gamma,sub-1017_task-awake_acq-EC_eeg.vhdr,,phase_only,Pi,0.7931034482758622,0.8620689655172413,,
DS005620,1017,awake,gamma,sub-1017_task-awake_acq-EC_eeg.vhdr,,phase_only,R,0.08200200984734067,0.08292768605001467,,
DS005620,1017,awake,gamma,sub-1017_task-awake_acq-EC_eeg.vhdr,,phase_only,D_eff,14.451919116256432,14.309095774980094,,
DS005620,1017,awake,gamma,sub-1017_task-awake_acq-EC_eeg.vhdr,,phase_only,M_tau,0.001951672690210038,0.0019340972263465965,,
DS005620,1017,sed2,gamma,sub-1017_task-sed2_acq-rest_run-1_eeg.vhdr,1.0,phase_only,Pi,0.5263157894736841,0.5964912280701754,,
DS005620,1017,sed2,gamma,sub-1017_task-sed2_acq-rest_run-1_eeg.vhdr,1.0,phase_only,R,0.09782554569551567,0.0855260748667366,,
DS005620,1017,sed2,gamma,sub-1017_task-sed2_acq-rest_run-1_eeg.vhdr,1.0,phase_only,D_eff,11.362159480160843,12.564319088349693,,
DS005620,1017,sed2,gamma,sub-1017_task-sed2_acq-rest_run-1_eeg.vhdr,1.0,phase_only,M_tau,0.0025346685783582687,0.002230658900347037,,
DS005620,1017,sed2,gamma,sub-1017_task-sed2_acq-rest_run-2_eeg.vhdr,2.0,phase_only,Pi,0.6315789473684209,0.47368421052631576,,
DS005620,1017,sed2,gamma,sub-1017_task-sed2_acq-rest_run-2_eeg.vhdr,2.0,phase_only,R,0.09079921546424671,0.09703582566132256,,
DS005620,1017,sed2,gamma,sub-1017_task-sed2_acq-rest_run-2_eeg.vhdr,2.0,phase_only,D_eff,11.349879073952343,11.328621838563103,,
DS005620,1017,sed2,gamma,sub-1017_task-sed2_acq-rest_run-2_eeg.vhdr,2.0,phase_only,M_tau,0.0021708331145678947,0.002433525564072185,,
DS005620,1017,sed,gamma,sub-1017_task-sed_acq-rest_run-1_eeg.vhdr,1.0,phase_only,Pi,0.5517241379310345,0.4942528735632184,,
DS005620,1017,sed,gamma,sub-1017_task-sed_acq-rest_run-1_eeg.vhdr,1.0,phase_only,R,0.08939607976001708,0.09628478258332861,,
DS005620,1017,sed,gamma,sub-1017_task-sed_acq-rest_run-1_eeg.vhdr,1.0,phase_only,D_eff,12.210591570046288,12.138925861782177,,
DS005620,1017,sed,gamma,sub-1017_task-sed_acq-rest_run-1_eeg.vhdr,1.0,phase_only,M_tau,0.0027623209092976792,0.0027368170503825587,,
DS005620,1017,sed,gamma,sub-1017_task-sed_acq-rest_run-2_eeg.vhdr,2.0,phase_only,Pi,0.5172413793103449,0.5517241379310345,,
DS005620,1017,sed,gamma,sub-1017_task-sed_acq-rest_run-2_eeg.vhdr,2.0,phase_only,R,0.09110532899016546,0.09272722616606675,,
DS005620,1017,sed,gamma,sub-1017_task-sed_acq-rest_run-2_eeg.vhdr,2.0,phase_only,D_eff,11.570221539954018,11.378003965606814,,
DS005620,1017,sed,gamma,sub-1017_task-sed_acq-rest_run-2_eeg.vhdr,2.0,phase_only,M_tau,0.002414098959300134,0.0022759408845466453,,
DS005620,1022,awake,gamma,sub-1022_task-awake_acq-EC_eeg.vhdr,,phase_only,Pi,0.8735632183908045,0.7816091954022989,,
DS005620,1022,awake,gamma,sub-1022_task-awake_acq-EC_eeg.vhdr,,phase_only,R,0.09499586165057901,0.09253766402654304,,
DS005620,1022,awake,gamma,sub-1022_task-awake_acq-EC_eeg.vhdr,,phase_only,D_eff,14.17679524949309,14.94083130308498,,
DS005620,1022,awake,gamma,sub-1022_task-awake_acq-EC_eeg.vhdr,,phase_only,M_tau,0.0023353454183267725,0.002259168653484686,,
DS005620,1022,sed2,gamma,sub-1022_task-sed2_acq-rest_run-1_eeg.vhdr,1.0,phase_only,Pi,0.47368421052631576,0.5263157894736842,,
DS005620,1022,sed2,gamma,sub-1022_task-sed2_acq-rest_run-1_eeg.vhdr,1.0,phase_only,R,0.09584046781508915,0.09224201479642384,,
DS005620,1022,sed2,gamma,sub-1022_task-sed2_acq-rest_run-1_eeg.vhdr,1.0,phase_only,D_eff,12.847783881446423,12.714940211091132,,
DS005620,1022,sed2,gamma,sub-1022_task-sed2_acq-rest_run-1_eeg.vhdr,1.0,phase_only,M_tau,0.0026724914891694054,0.002767518850901611,,
DS005620,1022,sed2,gamma,sub-1022_task-sed2_acq-rest_run-2_eeg.vhdr,2.0,phase_only,Pi,0.631578947368421,0.5263157894736842,,
DS005620,1022,sed2,gamma,sub-1022_task-sed2_acq-rest_run-2_eeg.vhdr,2.0,phase_only,R,0.09235312432353396,0.0937277357671597,,
DS005620,1022,sed2,gamma,sub-1022_task-sed2_acq-rest_run-2_eeg.vhdr,2.0,phase_only,D_eff,13.350520765453457,12.545813797358893,,
DS005620,1022,sed2,gamma,sub-1022_task-sed2_acq-rest_run-2_eeg.vhdr,2.0,phase_only,M_tau,0.0026414902398536845,0.0026582392875796686,,
DS005620,1022,sed2,gamma,sub-1022_task-sed2_acq-rest_run-3_eeg.vhdr,3.0,phase_only,Pi,0.5789473684210525,0.543859649122807,,
DS005620,1022,sed2,gamma,sub-1022_task-sed2_acq-rest_run-3_eeg.vhdr,3.0,phase_only,R,0.09520124519528224,0.08817550724876823,,
DS005620,1022,sed2,gamma,sub-1022_task-sed2_acq-rest_run-3_eeg.vhdr,3.0,phase_only,D_eff,12.778603669352655,12.408023725349182,,
DS005620,1022,sed2,gamma,sub-1022_task-sed2_acq-rest_run-3_eeg.vhdr,3.0,phase_only,M_tau,0.0026638803181968053,0.0023177693462043156,,
DS005620,1022,sed,gamma,sub-1022_task-sed_acq-rest_run-1_eeg.vhdr,1.0,phase_only,Pi,0.5977011494252873,0.5862068965517241,,
DS005620,1022,sed,gamma,sub-1022_task-sed_acq-rest_run-1_eeg.vhdr,1.0,phase_only,R,0.08861226832515207,0.08670319924978237,,
DS005620,1022,sed,gamma,sub-1022_task-sed_acq-rest_run-1_eeg.vhdr,1.0,phase_only,D_eff,12.626634407808526,12.907742444113639,,
DS005620,1022,sed,gamma,sub-1022_task-sed_acq-rest_run-1_eeg.vhdr,1.0,phase_only,M_tau,0.0022482261805320965,0.002172862727639617,,
DS005620,1022,sed,gamma,sub-1022_task-sed_acq-rest_run-2_eeg.vhdr,2.0,phase_only,Pi,0.48275862068965514,0.5287356321839081,,
DS005620,1022,sed,gamma,sub-1022_task-sed_acq-rest_run-2_eeg.vhdr,2.0,phase_only,R,0.08431145749640152,0.09103554266304355,,
DS005620,1022,sed,gamma,sub-1022_task-sed_acq-rest_run-2_eeg.vhdr,2.0,phase_only,D_eff,12.814172807785832,13.009407717493584,,
DS005620,1022,sed,gamma,sub-1022_task-sed_acq-rest_run-2_eeg.vhdr,2.0,phase_only,M_tau,0.002165094378554617,0.0024658347619288343,,
DS005620,1022,sed,gamma,sub-1022_task-sed_acq-rest_run-3_eeg.vhdr,3.0,phase_only,Pi,0.6091954022988505,0.3563218390804597,,
DS005620,1022,sed,gamma,sub-1022_task-sed_acq-rest_run-3_eeg.vhdr,3.0,phase_only,R,0.08975796685457851,0.08648524901652807,,
DS005620,1022,sed,gamma,sub-1022_task-sed_acq-rest_run-3_eeg.vhdr,3.0,phase_only,D_eff,13.176735262895109,12.332095125843642,,
DS005620,1022,sed,gamma,sub-1022_task-sed_acq-rest_run-3_eeg.vhdr,3.0,phase_only,M_tau,0.0023957534382076716,0.002041166359378231,,
DS005620,1024,awake,gamma,sub-1024_task-awake_acq-EC_eeg.vhdr,,phase_only,Pi,0.8505747126436781,0.8045977011494254,,
DS005620,1024,awake,gamma,sub-1024_task-awake_acq-EC_eeg.vhdr,,phase_only,R,0.08431183670945325,0.0866818687628745,,
DS005620,1024,awake,gamma,sub-1024_task-awake_acq-EC_eeg.vhdr,,phase_only,D_eff,13.380219228117168,13.73324567253796,,
DS005620,1024,awake,gamma,sub-1024_task-awake_acq-EC_eeg.vhdr,,phase_only,M_tau,0.0019472119192615587,0.0020372092212172926,,
DS005620,1024,sed2,gamma,sub-1024_task-sed2_acq-rest_run-1_eeg.vhdr,1.0,phase_only,Pi,0.7543859649122806,0.6491228070175437,,
DS005620,1024,sed2,gamma,sub-1024_task-sed2_acq-rest_run-1_eeg.vhdr,1.0,phase_only,R,0.08884266848080179,0.09930059106312916,,
DS005620,1024,sed2,gamma,sub-1024_task-sed2_acq-rest_run-1_eeg.vhdr,1.0,phase_only,D_eff,12.463952858183783,12.74548003867634,,
DS005620,1024,sed2,gamma,sub-1024_task-sed2_acq-rest_run-1_eeg.vhdr,1.0,phase_only,M_tau,0.0023072161818011843,0.0025147096845997423,,
DS005620,1024,sed2,gamma,sub-1024_task-sed2_acq-rest_run-2_eeg.vhdr,2.0,phase_only,Pi,0.7192982456140351,0.7017543859649122,,
DS005620,1024,sed2,gamma,sub-1024_task-sed2_acq-rest_run-2_eeg.vhdr,2.0,phase_only,R,0.09134572572048212,0.08912610694612173,,
DS005620,1024,sed2,gamma,sub-1024_task-sed2_acq-rest_run-2_eeg.vhdr,2.0,phase_only,D_eff,12.33624500817662,11.694536250491472,,
DS005620,1024,sed2,gamma,sub-1024_task-sed2_acq-rest_run-2_eeg.vhdr,2.0,phase_only,M_tau,0.0022586397403052683,0.002193415439539447,,
DS005620,1024,sed2,gamma,sub-1024_task-sed2_acq-rest_run-3_eeg.vhdr,3.0,phase_only,Pi,0.6666666666666666,0.6140350877192983,,
DS005620,1024,sed2,gamma,sub-1024_task-sed2_acq-rest_run-3_eeg.vhdr,3.0,phase_only,R,0.08436354440275555,0.08386925321278949,,
DS005620,1024,sed2,gamma,sub-1024_task-sed2_acq-rest_run-3_eeg.vhdr,3.0,phase_only,D_eff,12.421058217054275,11.283194354208984,,
DS005620,1024,sed2,gamma,sub-1024_task-sed2_acq-rest_run-3_eeg.vhdr,3.0,phase_only,M_tau,0.002215434770824158,0.0020544160045975,,
DS005620,1024,sed,gamma,sub-1024_task-sed_acq-rest_run-1_eeg.vhdr,1.0,phase_only,Pi,0.5977011494252873,0.6666666666666666,,
DS005620,1024,sed,gamma,sub-1024_task-sed_acq-rest_run-1_eeg.vhdr,1.0,phase_only,R,0.09264737194205026,0.08634086378023427,,
DS005620,1024,sed,gamma,sub-1024_task-sed_acq-rest_run-1_eeg.vhdr,1.0,phase_only,D_eff,11.203115508252598,11.270199511868395,,
DS005620,1024,sed,gamma,sub-1024_task-sed_acq-rest_run-1_eeg.vhdr,1.0,phase_only,M_tau,0.0022591735286637176,0.0021144956951010966,,
DS005620,1024,sed,gamma,sub-1024_task-sed_acq-rest_run-2_eeg.vhdr,2.0,phase_only,Pi,0.5287356321839081,0.5517241379310345,,
DS005620,1024,sed,gamma,sub-1024_task-sed_acq-rest_run-2_eeg.vhdr,2.0,phase_only,R,0.08322838509032131,0.08392273498482794,,
DS005620,1024,sed,gamma,sub-1024_task-sed_acq-rest_run-2_eeg.vhdr,2.0,phase_only,D_eff,11.679285476539922,11.204875195644318,,
DS005620,1024,sed,gamma,sub-1024_task-sed_acq-rest_run-2_eeg.vhdr,2.0,phase_only,M_tau,0.0019957283250424825,0.0019086990133815858,,
DS005620,1024,sed,gamma,sub-1024_task-sed_acq-rest_run-3_eeg.vhdr,3.0,phase_only,Pi,0.6091954022988507,0.5747126436781609,,
DS005620,1024,sed,gamma,sub-1024_task-sed_acq-rest_run-3_eeg.vhdr,3.0,phase_only,R,0.08759407498767695,0.08756157053386375,,
DS005620,1024,sed,gamma,sub-1024_task-sed_acq-rest_run-3_eeg.vhdr,3.0,phase_only,D_eff,11.255415632292106,11.218224145530188,,
DS005620,1024,sed,gamma,sub-1024_task-sed_acq-rest_run-3_eeg.vhdr,3.0,phase_only,M_tau,0.0021597763737908585,0.002005957010362555,,
DS005620,1033,awake,gamma,sub-1033_task-awake_acq-EC_eeg.vhdr,,phase_only,Pi,0.839080459770115,0.8160919540229884,,
DS005620,1033,awake,gamma,sub-1033_task-awake_acq-EC_eeg.vhdr,,phase_only,R,0.25378944728285363,0.26635287782706013,,
DS005620,1033,awake,gamma,sub-1033_task-awake_acq-EC_eeg.vhdr,,phase_only,D_eff,16.01444050530109,14.451704522396529,,
DS005620,1033,awake,gamma,sub-1033_task-awake_acq-EC_eeg.vhdr,,phase_only,M_tau,0.013081020951048909,0.014664149112138026,,
DS005620,1033,sed2,gamma,sub-1033_task-sed2_acq-rest_run-1_eeg.vhdr,1.0,phase_only,Pi,0.2982456140350877,0.2807017543859649,,
DS005620,1033,sed2,gamma,sub-1033_task-sed2_acq-rest_run-1_eeg.vhdr,1.0,phase_only,R,0.0728919588889361,0.07258810244452626,,
DS005620,1033,sed2,gamma,sub-1033_task-sed2_acq-rest_run-1_eeg.vhdr,1.0,phase_only,D_eff,15.99298527263862,16.25757860492577,,
DS005620,1033,sed2,gamma,sub-1033_task-sed2_acq-rest_run-1_eeg.vhdr,1.0,phase_only,M_tau,0.0014851174712298843,0.001485637369875858,,
DS005620,1033,sed2,gamma,sub-1033_task-sed2_acq-rest_run-2_eeg.vhdr,2.0,phase_only,Pi,0.31578947368421045,0.2982456140350877,,
DS005620,1033,sed2,gamma,sub-1033_task-sed2_acq-rest_run-2_eeg.vhdr,2.0,phase_only,R,0.07518083170655687,0.07086737989953243,,
DS005620,1033,sed2,gamma,sub-1033_task-sed2_acq-rest_run-2_eeg.vhdr,2.0,phase_only,D_eff,15.44319399800269,16.23752884101709,,
DS005620,1033,sed2,gamma,sub-1033_task-sed2_acq-rest_run-2_eeg.vhdr,2.0,phase_only,M_tau,0.001465164524011221,0.0013353079909025002,,
DS005620,1033,sed2,gamma,sub-1033_task-sed2_acq-rest_run-3_eeg.vhdr,3.0,phase_only,Pi,0.2807017543859649,0.22807017543859648,,
DS005620,1033,sed2,gamma,sub-1033_task-sed2_acq-rest_run-3_eeg.vhdr,3.0,phase_only,R,0.07118960311005522,0.07921597933383503,,
DS005620,1033,sed2,gamma,sub-1033_task-sed2_acq-rest_run-3_eeg.vhdr,3.0,phase_only,D_eff,16.834711724929992,17.10455083696419,,
DS005620,1033,sed2,gamma,sub-1033_task-sed2_acq-rest_run-3_eeg.vhdr,3.0,phase_only,M_tau,0.0015703689996523001,0.0023074378178888576,,
DS005620,1033,sed,gamma,sub-1033_task-sed_acq-rest_run-1_eeg.vhdr,1.0,phase_only,Pi,0.3218390804597701,0.5172413793103449,,
DS005620,1033,sed,gamma,sub-1033_task-sed_acq-rest_run-1_eeg.vhdr,1.0,phase_only,R,0.07382325427364582,0.13934897012593195,,
DS005620,1033,sed,gamma,sub-1033_task-sed_acq-rest_run-1_eeg.vhdr,1.0,phase_only,D_eff,16.13900657563731,15.521910677460031,,
DS005620,1033,sed,gamma,sub-1033_task-sed_acq-rest_run-1_eeg.vhdr,1.0,phase_only,M_tau,0.0015377154563303483,0.006765808779047901,,
DS005620,1033,sed,gamma,sub-1033_task-sed_acq-rest_run-2_eeg.vhdr,2.0,phase_only,Pi,0.3448275862068966,0.264367816091954,,
DS005620,1033,sed,gamma,sub-1033_task-sed_acq-rest_run-2_eeg.vhdr,2.0,phase_only,R,0.07878125595482058,0.10394943073228409,,
DS005620,1033,sed,gamma,sub-1033_task-sed_acq-rest_run-2_eeg.vhdr,2.0,phase_only,D_eff,16.142737021460874,16.36112489851009,,
DS005620,1033,sed,gamma,sub-1033_task-sed_acq-rest_run-2_eeg.vhdr,2.0,phase_only,M_tau,0.002399266850421262,0.0033400527329539445,,
DS005620,1033,sed,gamma,sub-1033_task-sed_acq-rest_run-3_eeg.vhdr,3.0,phase_only,Pi,0.2528735632183907,0.2528735632183907,,
DS005620,1033,sed,gamma,sub-1033_task-sed_acq-rest_run-3_eeg.vhdr,3.0,phase_only,R,0.07328360614404354,0.07316355229915485,,
DS005620,1033,sed,gamma,sub-1033_task-sed_acq-rest_run-3_eeg.vhdr,3.0,phase_only,D_eff,16.678371773045807,16.61363545639405,,
DS005620,1033,sed,gamma,sub-1033_task-sed_acq-rest_run-3_eeg.vhdr,3.0,phase_only,M_tau,0.001734574591308248,0.0014477479523362312,,
DS005620,1036,awake,gamma,sub-1036_task-awake_acq-EC_eeg.vhdr,,phase_only,Pi,0.8275862068965517,0.8275862068965517,,
DS005620,1036,awake,gamma,sub-1036_task-awake_acq-EC_eeg.vhdr,,phase_only,R,0.11189466165685105,0.10180347554648358,,
DS005620,1036,awake,gamma,sub-1036_task-awake_acq-EC_eeg.vhdr,,phase_only,D_eff,18.260816806900753,17.26097445866941,,
DS005620,1036,awake,gamma,sub-1036_task-awake_acq-EC_eeg.vhdr,,phase_only,M_tau,0.002919911540612697,0.0025207379425775615,,
DS005620,1036,sed2,gamma,sub-1036_task-sed2_acq-rest_run-1_eeg.vhdr,1.0,phase_only,Pi,0.5789473684210527,0.45614035087719296,,
DS005620,1036,sed2,gamma,sub-1036_task-sed2_acq-rest_run-1_eeg.vhdr,1.0,phase_only,R,0.12398925427187105,0.09851870371637274,,
DS005620,1036,sed2,gamma,sub-1036_task-sed2_acq-rest_run-1_eeg.vhdr,1.0,phase_only,D_eff,17.35995173882711,14.736338702328021,,
DS005620,1036,sed2,gamma,sub-1036_task-sed2_acq-rest_run-1_eeg.vhdr,1.0,phase_only,M_tau,0.010663044694459512,0.004655091006427148,,
DS005620,1036,sed,gamma,sub-1036_task-sed_acq-rest_run-1_eeg.vhdr,1.0,phase_only,Pi,0.21839080459770108,0.22988505747126434,,
DS005620,1036,sed,gamma,sub-1036_task-sed_acq-rest_run-1_eeg.vhdr,1.0,phase_only,R,0.0862670243763478,0.0862319754669036,,
DS005620,1036,sed,gamma,sub-1036_task-sed_acq-rest_run-1_eeg.vhdr,1.0,phase_only,D_eff,13.712546120375576,13.628922246799283,,
DS005620,1036,sed,gamma,sub-1036_task-sed_acq-rest_run-1_eeg.vhdr,1.0,phase_only,M_tau,0.0021819762743225724,0.0022036786460913,,
DS005620,1036,sed,gamma,sub-1036_task-sed_acq-rest_run-2_eeg.vhdr,2.0,phase_only,Pi,0.041666666666666664,0.29166666666666663,,
DS005620,1036,sed,gamma,sub-1036_task-sed_acq-rest_run-2_eeg.vhdr,2.0,phase_only,R,0.0828985374132854,0.08640456573894736,,
DS005620,1036,sed,gamma,sub-1036_task-sed_acq-rest_run-2_eeg.vhdr,2.0,phase_only,D_eff,14.589425993471234,14.649388701282447,,
DS005620,1036,sed,gamma,sub-1036_task-sed_acq-rest_run-2_eeg.vhdr,2.0,phase_only,M_tau,0.001693661522724325,0.002329171316329725,,
DS005620,1037,awake,gamma,sub-1037_task-awake_acq-EC_eeg.vhdr,,phase_only,Pi,0.8505747126436783,0.8045977011494254,,
DS005620,1037,awake,gamma,sub-1037_task-awake_acq-EC_eeg.vhdr,,phase_only,R,0.09032425389248906,0.09190903025860862,,
DS005620,1037,awake,gamma,sub-1037_task-awake_acq-EC_eeg.vhdr,,phase_only,D_eff,14.508762502963751,14.55813852426729,,
DS005620,1037,awake,gamma,sub-1037_task-awake_acq-EC_eeg.vhdr,,phase_only,M_tau,0.0026382339241240033,0.0027890764959824753,,
DS005620,1045,awake,gamma,sub-1045_task-awake_acq-EC_eeg.vhdr,,phase_only,Pi,0.8620689655172413,0.7931034482758621,,
DS005620,1045,awake,gamma,sub-1045_task-awake_acq-EC_eeg.vhdr,,phase_only,R,0.13224801173636172,0.13523241041551148,,
DS005620,1045,awake,gamma,sub-1045_task-awake_acq-EC_eeg.vhdr,,phase_only,D_eff,14.677217021813547,15.316453985379907,,
DS005620,1045,awake,gamma,sub-1045_task-awake_acq-EC_eeg.vhdr,,phase_only,M_tau,0.004462520140115858,0.004699416667619693,,
DS005620,1045,sed2,gamma,sub-1045_task-sed2_acq-rest_run-1_eeg.vhdr,1.0,phase_only,Pi,0.6491228070175439,0.5087719298245614,,
DS005620,1045,sed2,gamma,sub-1045_task-sed2_acq-rest_run-1_eeg.vhdr,1.0,phase_only,R,0.14607473437381996,0.14386856284253127,,
DS005620,1045,sed2,gamma,sub-1045_task-sed2_acq-rest_run-1_eeg.vhdr,1.0,phase_only,D_eff,14.42152074085197,15.284748429044475,,
DS005620,1045,sed2,gamma,sub-1045_task-sed2_acq-rest_run-1_eeg.vhdr,1.0,phase_only,M_tau,0.006480896059855558,0.005669982724188853,,
DS005620,1045,sed2,gamma,sub-1045_task-sed2_acq-rest_run-2_eeg.vhdr,2.0,phase_only,Pi,0.24561403508771926,0.28070175438596495,,
DS005620,1045,sed2,gamma,sub-1045_task-sed2_acq-rest_run-2_eeg.vhdr,2.0,phase_only,R,0.09547175246129253,0.09671481177098074,,
DS005620,1045,sed2,gamma,sub-1045_task-sed2_acq-rest_run-2_eeg.vhdr,2.0,phase_only,D_eff,15.397317875833489,15.477578981878525,,
DS005620,1045,sed2,gamma,sub-1045_task-sed2_acq-rest_run-2_eeg.vhdr,2.0,phase_only,M_tau,0.002441315718997432,0.002589699608299984,,
DS005620,1045,sed2,gamma,sub-1045_task-sed2_acq-rest_run-3_eeg.vhdr,3.0,phase_only,Pi,0.1754385964912281,0.22807017543859648,,
DS005620,1045,sed2,gamma,sub-1045_task-sed2_acq-rest_run-3_eeg.vhdr,3.0,phase_only,R,0.07669323514664823,0.07789231257398135,,
DS005620,1045,sed2,gamma,sub-1045_task-sed2_acq-rest_run-3_eeg.vhdr,3.0,phase_only,D_eff,14.154661346082335,15.513635970095393,,
DS005620,1045,sed2,gamma,sub-1045_task-sed2_acq-rest_run-3_eeg.vhdr,3.0,phase_only,M_tau,0.0017694803835101736,0.0016498806072950155,,
DS005620,1045,sed,gamma,sub-1045_task-sed_acq-rest_run-1_eeg.vhdr,1.0,phase_only,Pi,0.06896551724137931,0.12643678160919541,,
DS005620,1045,sed,gamma,sub-1045_task-sed_acq-rest_run-1_eeg.vhdr,1.0,phase_only,R,0.08246567154651466,0.08179763845349731,,
DS005620,1045,sed,gamma,sub-1045_task-sed_acq-rest_run-1_eeg.vhdr,1.0,phase_only,D_eff,12.818786542191065,13.351868635487492,,
DS005620,1045,sed,gamma,sub-1045_task-sed_acq-rest_run-1_eeg.vhdr,1.0,phase_only,M_tau,0.0018807023278123206,0.0018103428112692381,,
DS005620,1045,sed,gamma,sub-1045_task-sed_acq-rest_run-2_eeg.vhdr,2.0,phase_only,Pi,0.17241379310344823,0.04597701149425287,,
DS005620,1045,sed,gamma,sub-1045_task-sed_acq-rest_run-2_eeg.vhdr,2.0,phase_only,R,0.12190488141831794,0.08294745535333611,,
DS005620,1045,sed,gamma,sub-1045_task-sed_acq-rest_run-2_eeg.vhdr,2.0,phase_only,D_eff,12.71374829247343,12.362545225329665,,
DS005620,1045,sed,gamma,sub-1045_task-sed_acq-rest_run-2_eeg.vhdr,2.0,phase_only,M_tau,0.0049886356529915896,0.0019306713958886067,,
DS005620,1045,sed,gamma,sub-1045_task-sed_acq-rest_run-3_eeg.vhdr,3.0,phase_only,Pi,0.11494252873563218,0.17241379310344823,,
DS005620,1045,sed,gamma,sub-1045_task-sed_acq-rest_run-3_eeg.vhdr,3.0,phase_only,R,0.07819009596862983,0.07939903263617912,,
DS005620,1045,sed,gamma,sub-1045_task-sed_acq-rest_run-3_eeg.vhdr,3.0,phase_only,D_eff,13.29883184430647,13.697226231373394,,
DS005620,1045,sed,gamma,sub-1045_task-sed_acq-rest_run-3_eeg.vhdr,3.0,phase_only,M_tau,0.001734573830595028,0.0018578178202681343,,
DS005620,1046,awake,gamma,sub-1046_task-awake_acq-EC_eeg.vhdr,,phase_only,Pi,0.7931034482758621,0.8620689655172412,,
DS005620,1046,awake,gamma,sub-1046_task-awake_acq-EC_eeg.vhdr,,phase_only,R,0.08600892263405518,0.0870570868302078,,
DS005620,1046,awake,gamma,sub-1046_task-awake_acq-EC_eeg.vhdr,,phase_only,D_eff,12.893932628188152,13.423464986740967,,
DS005620,1046,awake,gamma,sub-1046_task-awake_acq-EC_eeg.vhdr,,phase_only,M_tau,0.002022076330599907,0.0021470074606641104,,
DS005620,1046,sed2,gamma,sub-1046_task-sed2_acq-rest_run-1_eeg.vhdr,1.0,phase_only,Pi,0.7017543859649124,0.5438596491228069,,
DS005620,1046,sed2,gamma,sub-1046_task-sed2_acq-rest_run-1_eeg.vhdr,1.0,phase_only,R,0.08457528847741654,0.0822384313407964,,
DS005620,1046,sed2,gamma,sub-1046_task-sed2_acq-rest_run-1_eeg.vhdr,1.0,phase_only,D_eff,14.747488738039138,14.828941742086203,,
DS005620,1046,sed2,gamma,sub-1046_task-sed2_acq-rest_run-1_eeg.vhdr,1.0,phase_only,M_tau,0.002195419873731058,0.002275915066279374,,
DS005620,1046,sed2,gamma,sub-1046_task-sed2_acq-rest_run-2_eeg.vhdr,2.0,phase_only,Pi,0.40350877192982454,0.3684210526315789,,
DS005620,1046,sed2,gamma,sub-1046_task-sed2_acq-rest_run-2_eeg.vhdr,2.0,phase_only,R,0.12135921174933167,0.1199864787842374,,
DS005620,1046,sed2,gamma,sub-1046_task-sed2_acq-rest_run-2_eeg.vhdr,2.0,phase_only,D_eff,17.335688813223623,18.200651295422283,,
DS005620,1046,sed2,gamma,sub-1046_task-sed2_acq-rest_run-2_eeg.vhdr,2.0,phase_only,M_tau,0.004200881285304485,0.00651569426227788,,
DS005620,1046,sed,gamma,sub-1046_task-sed_acq-rest_run-1_eeg.vhdr,1.0,phase_only,Pi,0.8850574712643678,0.7586206896551724,,
DS005620,1046,sed,gamma,sub-1046_task-sed_acq-rest_run-1_eeg.vhdr,1.0,phase_only,R,0.08703929087037904,0.11322541622264017,,
DS005620,1046,sed,gamma,sub-1046_task-sed_acq-rest_run-1_eeg.vhdr,1.0,phase_only,D_eff,13.02672430993156,14.251292643008227,,
DS005620,1046,sed,gamma,sub-1046_task-sed_acq-rest_run-1_eeg.vhdr,1.0,phase_only,M_tau,0.0022366653052268756,0.011455750271771507,,
DS005620,1046,sed,gamma,sub-1046_task-sed_acq-rest_run-2_eeg.vhdr,2.0,phase_only,Pi,0.3908045977011495,0.528735632183908,,
DS005620,1046,sed,gamma,sub-1046_task-sed_acq-rest_run-2_eeg.vhdr,2.0,phase_only,R,0.14944330592494454,0.21475580284558543,,
DS005620,1046,sed,gamma,sub-1046_task-sed_acq-rest_run-2_eeg.vhdr,2.0,phase_only,D_eff,15.729286485193423,11.880460843769246,,
DS005620,1046,sed,gamma,sub-1046_task-sed_acq-rest_run-2_eeg.vhdr,2.0,phase_only,M_tau,0.00894408665861705,0.02205294146310732,,
DS005620,1054,awake,gamma,sub-1054_task-awake_acq-EC_eeg.vhdr,,phase_only,Pi,0.8160919540229885,0.8390804597701149,,
DS005620,1054,awake,gamma,sub-1054_task-awake_acq-EC_eeg.vhdr,,phase_only,R,0.11385406907033975,0.10827706215338143,,
DS005620,1054,awake,gamma,sub-1054_task-awake_acq-EC_eeg.vhdr,,phase_only,D_eff,18.511685210234557,18.617426618066144,,
DS005620,1054,awake,gamma,sub-1054_task-awake_acq-EC_eeg.vhdr,,phase_only,M_tau,0.0035028295497384655,0.003404776441417493,,
DS005620,1054,sed2,gamma,sub-1054_task-sed2_acq-rest_run-1_eeg.vhdr,1.0,phase_only,Pi,0.21052631578947367,0.21052631578947367,,
DS005620,1054,sed2,gamma,sub-1054_task-sed2_acq-rest_run-1_eeg.vhdr,1.0,phase_only,R,0.09050469075170074,0.10237354696397738,,
DS005620,1054,sed2,gamma,sub-1054_task-sed2_acq-rest_run-1_eeg.vhdr,1.0,phase_only,D_eff,13.02408303361088,12.310861687508751,,
DS005620,1054,sed2,gamma,sub-1054_task-sed2_acq-rest_run-1_eeg.vhdr,1.0,phase_only,M_tau,0.0023956511110269315,0.005932599795647649,,
DS005620,1054,sed2,gamma,sub-1054_task-sed2_acq-rest_run-2_eeg.vhdr,2.0,phase_only,Pi,0.17543859649122806,0.10526315789473684,,
DS005620,1054,sed2,gamma,sub-1054_task-sed2_acq-rest_run-2_eeg.vhdr,2.0,phase_only,R,0.09182697862560278,0.09153356967619529,,
DS005620,1054,sed2,gamma,sub-1054_task-sed2_acq-rest_run-2_eeg.vhdr,2.0,phase_only,D_eff,13.387392376205142,12.3841289691906,,
DS005620,1054,sed2,gamma,sub-1054_task-sed2_acq-rest_run-2_eeg.vhdr,2.0,phase_only,M_tau,0.0028630241525205474,0.0022977413835578208,,
DS005620,1054,sed,gamma,sub-1054_task-sed_acq-rest_run-1_eeg.vhdr,1.0,phase_only,Pi,0.21839080459770113,0.27586206896551724,,
DS005620,1054,sed,gamma,sub-1054_task-sed_acq-rest_run-1_eeg.vhdr,1.0,phase_only,R,0.10017092114024578,0.09774867632271084,,
DS005620,1054,sed,gamma,sub-1054_task-sed_acq-rest_run-1_eeg.vhdr,1.0,phase_only,D_eff,12.278541465849479,12.542749804023265,,
DS005620,1054,sed,gamma,sub-1054_task-sed_acq-rest_run-1_eeg.vhdr,1.0,phase_only,M_tau,0.004593188735930962,0.002525477957921848,,
DS005620,1054,sed,gamma,sub-1054_task-sed_acq-rest_run-2_eeg.vhdr,2.0,phase_only,Pi,0.5402298850574712,0.5977011494252873,,
DS005620,1054,sed,gamma,sub-1054_task-sed_acq-rest_run-2_eeg.vhdr,2.0,phase_only,R,0.10755558344507526,0.10640136158383438,,
DS005620,1054,sed,gamma,sub-1054_task-sed_acq-rest_run-2_eeg.vhdr,2.0,phase_only,D_eff,16.362809259440148,15.775153035353604,,
DS005620,1054,sed,gamma,sub-1054_task-sed_acq-rest_run-2_eeg.vhdr,2.0,phase_only,M_tau,0.0038198185944685863,0.0029146578388382725,,
DS005620,1055,awake,gamma,sub-1055_task-awake_acq-EC_eeg.vhdr,,phase_only,Pi,0.7931034482758622,0.8620689655172413,,
DS005620,1055,awake,gamma,sub-1055_task-awake_acq-EC_eeg.vhdr,,phase_only,R,0.09352346016177993,0.08920775011172541,,
DS005620,1055,awake,gamma,sub-1055_task-awake_acq-EC_eeg.vhdr,,phase_only,D_eff,14.465714670285296,15.53285537711673,,
DS005620,1055,awake,gamma,sub-1055_task-awake_acq-EC_eeg.vhdr,,phase_only,M_tau,0.003097971961280014,0.0025448161946196174,,
DS005620,1055,sed2,gamma,sub-1055_task-sed2_acq-rest_run-1_eeg.vhdr,1.0,phase_only,Pi,0.7543859649122806,0.7543859649122805,,
DS005620,1055,sed2,gamma,sub-1055_task-sed2_acq-rest_run-1_eeg.vhdr,1.0,phase_only,R,0.11992055530785825,0.10315586584774719,,
DS005620,1055,sed2,gamma,sub-1055_task-sed2_acq-rest_run-1_eeg.vhdr,1.0,phase_only,D_eff,13.631477802953919,13.092459497448374,,
DS005620,1055,sed2,gamma,sub-1055_task-sed2_acq-rest_run-1_eeg.vhdr,1.0,phase_only,M_tau,0.006592113309707463,0.0027474684965472632,,
DS005620,1055,sed2,gamma,sub-1055_task-sed2_acq-rest_run-2_eeg.vhdr,2.0,phase_only,Pi,0.9122807017543859,0.8070175438596491,,
DS005620,1055,sed2,gamma,sub-1055_task-sed2_acq-rest_run-2_eeg.vhdr,2.0,phase_only,R,0.10214756477493638,0.10887224570561917,,
DS005620,1055,sed2,gamma,sub-1055_task-sed2_acq-rest_run-2_eeg.vhdr,2.0,phase_only,D_eff,14.795431193738379,14.697310689134422,,
DS005620,1055,sed2,gamma,sub-1055_task-sed2_acq-rest_run-2_eeg.vhdr,2.0,phase_only,M_tau,0.004203265497898547,0.005649598881446853,,
DS005620,1055,sed,gamma,sub-1055_task-sed_acq-rest_run-1_eeg.vhdr,1.0,phase_only,Pi,0.7241379310344828,0.8735632183908045,,
DS005620,1055,sed,gamma,sub-1055_task-sed_acq-rest_run-1_eeg.vhdr,1.0,phase_only,R,0.13747083818752134,0.10276376217424298,,
DS005620,1055,sed,gamma,sub-1055_task-sed_acq-rest_run-1_eeg.vhdr,1.0,phase_only,D_eff,14.137294767949452,14.01416955239953,,
DS005620,1055,sed,gamma,sub-1055_task-sed_acq-rest_run-1_eeg.vhdr,1.0,phase_only,M_tau,0.011419379112259952,0.002753322242164379,,
DS005620,1055,sed,gamma,sub-1055_task-sed_acq-rest_run-2_eeg.vhdr,2.0,phase_only,Pi,0.8620689655172413,0.896551724137931,,
DS005620,1055,sed,gamma,sub-1055_task-sed_acq-rest_run-2_eeg.vhdr,2.0,phase_only,R,0.11187780976905955,0.11247418089687489,,
DS005620,1055,sed,gamma,sub-1055_task-sed_acq-rest_run-2_eeg.vhdr,2.0,phase_only,D_eff,14.142813106157496,14.305702063767214,,
DS005620,1055,sed,gamma,sub-1055_task-sed_acq-rest_run-2_eeg.vhdr,2.0,phase_only,M_tau,0.00488309101785858,0.0035480809875972764,,
DS005620,1057,awake,gamma,sub-1057_task-awake_acq-EC_eeg.vhdr,,phase_only,Pi,0.8505747126436782,0.8045977011494252,,
DS005620,1057,awake,gamma,sub-1057_task-awake_acq-EC_eeg.vhdr,,phase_only,R,0.10252727805438203,0.1013018646511187,,
DS005620,1057,awake,gamma,sub-1057_task-awake_acq-EC_eeg.vhdr,,phase_only,D_eff,16.55668948773731,17.084741408341184,,
DS005620,1057,awake,gamma,sub-1057_task-awake_acq-EC_eeg.vhdr,,phase_only,M_tau,0.0027754975790806034,0.0025975635881476658,,
DS005620,1057,sed2,gamma,sub-1057_task-sed2_acq-rest_run-1_eeg.vhdr,1.0,phase_only,Pi,0.21052631578947367,0.21052631578947367,,
DS005620,1057,sed2,gamma,sub-1057_task-sed2_acq-rest_run-1_eeg.vhdr,1.0,phase_only,R,0.08026497911129582,0.07612863568831707,,
DS005620,1057,sed2,gamma,sub-1057_task-sed2_acq-rest_run-1_eeg.vhdr,1.0,phase_only,D_eff,14.994913164388562,15.24624345469851,,
DS005620,1057,sed2,gamma,sub-1057_task-sed2_acq-rest_run-1_eeg.vhdr,1.0,phase_only,M_tau,0.0018131326577209054,0.001800056849052137,,
DS005620,1057,sed2,gamma,sub-1057_task-sed2_acq-rest_run-2_eeg.vhdr,2.0,phase_only,Pi,0.24561403508771926,0.1754385964912281,,
DS005620,1057,sed2,gamma,sub-1057_task-sed2_acq-rest_run-2_eeg.vhdr,2.0,phase_only,R,0.08960186094855281,0.08513818586931557,,
DS005620,1057,sed2,gamma,sub-1057_task-sed2_acq-rest_run-2_eeg.vhdr,2.0,phase_only,D_eff,13.679053222671804,14.247183301024748,,
DS005620,1057,sed2,gamma,sub-1057_task-sed2_acq-rest_run-2_eeg.vhdr,2.0,phase_only,M_tau,0.0021272422460497844,0.002107641790716858,,
DS005620,1057,sed2,gamma,sub-1057_task-sed2_acq-rest_run-3_eeg.vhdr,3.0,phase_only,Pi,0.1929824561403509,0.21052631578947367,,
DS005620,1057,sed2,gamma,sub-1057_task-sed2_acq-rest_run-3_eeg.vhdr,3.0,phase_only,R,0.07775378463174233,0.0828753320158702,,
DS005620,1057,sed2,gamma,sub-1057_task-sed2_acq-rest_run-3_eeg.vhdr,3.0,phase_only,D_eff,15.209010800186478,15.046014891420091,,
DS005620,1057,sed2,gamma,sub-1057_task-sed2_acq-rest_run-3_eeg.vhdr,3.0,phase_only,M_tau,0.001833869307063816,0.0019784454596679896,,
DS005620,1057,sed,gamma,sub-1057_task-sed_acq-rest_run-1_eeg.vhdr,1.0,phase_only,Pi,0.4137931034482758,0.37931034482758624,,
DS005620,1057,sed,gamma,sub-1057_task-sed_acq-rest_run-1_eeg.vhdr,1.0,phase_only,R,0.09384227079996801,0.092952827938687,,
DS005620,1057,sed,gamma,sub-1057_task-sed_acq-rest_run-1_eeg.vhdr,1.0,phase_only,D_eff,13.059004611239017,13.925637030541344,,
DS005620,1057,sed,gamma,sub-1057_task-sed_acq-rest_run-1_eeg.vhdr,1.0,phase_only,M_tau,0.002395432934360624,0.002467676248016362,,
DS005620,1057,sed,gamma,sub-1057_task-sed_acq-rest_run-2_eeg.vhdr,2.0,phase_only,Pi,0.1954022988505747,0.21839080459770113,,
DS005620,1057,sed,gamma,sub-1057_task-sed_acq-rest_run-2_eeg.vhdr,2.0,phase_only,R,0.0854075945631356,0.08347068462363064,,
DS005620,1057,sed,gamma,sub-1057_task-sed_acq-rest_run-2_eeg.vhdr,2.0,phase_only,D_eff,13.26466498858599,13.789359379173312,,
DS005620,1057,sed,gamma,sub-1057_task-sed_acq-rest_run-2_eeg.vhdr,2.0,phase_only,M_tau,0.0019984998093241137,0.002014902662322448,,
DS005620,1057,sed,gamma,sub-1057_task-sed_acq-rest_run-3_eeg.vhdr,3.0,phase_only,Pi,0.13793103448275862,0.13793103448275862,,
DS005620,1057,sed,gamma,sub-1057_task-sed_acq-rest_run-3_eeg.vhdr,3.0,phase_only,R,0.08461382106798043,0.08426546548335356,,
DS005620,1057,sed,gamma,sub-1057_task-sed_acq-rest_run-3_eeg.vhdr,3.0,phase_only,D_eff,13.422550067556347,13.83947790681305,,
DS005620,1057,sed,gamma,sub-1057_task-sed_acq-rest_run-3_eeg.vhdr,3.0,phase_only,M_tau,0.002044621421343573,0.001944733891695614,,
DS005620,1060,awake,gamma,sub-1060_task-awake_acq-EC_eeg.vhdr,,phase_only,Pi,0.7701149425287356,0.8850574712643678,,
DS005620,1060,awake,gamma,sub-1060_task-awake_acq-EC_eeg.vhdr,,phase_only,R,0.15799850955143377,0.15208949507850547,,
DS005620,1060,awake,gamma,sub-1060_task-awake_acq-EC_eeg.vhdr,,phase_only,D_eff,16.9126024292808,17.262207571636253,,
DS005620,1060,awake,gamma,sub-1060_task-awake_acq-EC_eeg.vhdr,,phase_only,M_tau,0.005693197626927672,0.005644899401960766,,
DS005620,1060,sed2,gamma,sub-1060_task-sed2_acq-rest_run-1_eeg.vhdr,1.0,phase_only,Pi,0.0,0.03508771929824561,,
DS005620,1060,sed2,gamma,sub-1060_task-sed2_acq-rest_run-1_eeg.vhdr,1.0,phase_only,R,0.10045048752479131,0.1050876967581467,,
DS005620,1060,sed2,gamma,sub-1060_task-sed2_acq-rest_run-1_eeg.vhdr,1.0,phase_only,D_eff,13.719871022996914,14.331209451221946,,
DS005620,1060,sed2,gamma,sub-1060_task-sed2_acq-rest_run-1_eeg.vhdr,1.0,phase_only,M_tau,0.0028319100708959475,0.004070179383966974,,
DS005620,1060,sed2,gamma,sub-1060_task-sed2_acq-rest_run-2_eeg.vhdr,2.0,phase_only,Pi,0.03508771929824561,0.08771929824561403,,
DS005620,1060,sed2,gamma,sub-1060_task-sed2_acq-rest_run-2_eeg.vhdr,2.0,phase_only,R,0.08482647111199944,0.11607335738327523,,
DS005620,1060,sed2,gamma,sub-1060_task-sed2_acq-rest_run-2_eeg.vhdr,2.0,phase_only,D_eff,14.01396818211828,14.653767666235073,,
DS005620,1060,sed2,gamma,sub-1060_task-sed2_acq-rest_run-2_eeg.vhdr,2.0,phase_only,M_tau,0.0023922108276595053,0.009307933682100353,,
DS005620,1060,sed2,gamma,sub-1060_task-sed2_acq-rest_run-3_eeg.vhdr,3.0,phase_only,Pi,0.017543859649122806,0.21052631578947367,,
DS005620,1060,sed2,gamma,sub-1060_task-sed2_acq-rest_run-3_eeg.vhdr,3.0,phase_only,R,0.09013220720541734,0.11660881701059926,,
DS005620,1060,sed2,gamma,sub-1060_task-sed2_acq-rest_run-3_eeg.vhdr,3.0,phase_only,D_eff,14.526733796877316,15.259740943293304,,
DS005620,1060,sed2,gamma,sub-1060_task-sed2_acq-rest_run-3_eeg.vhdr,3.0,phase_only,M_tau,0.0033141076078065474,0.011000405569176325,,
DS005620,1060,sed,gamma,sub-1060_task-sed_acq-rest_run-1_eeg.vhdr,1.0,phase_only,Pi,0.011494252873563218,0.0,,
DS005620,1060,sed,gamma,sub-1060_task-sed_acq-rest_run-1_eeg.vhdr,1.0,phase_only,R,0.09908900994714893,0.10009727666945094,,
DS005620,1060,sed,gamma,sub-1060_task-sed_acq-rest_run-1_eeg.vhdr,1.0,phase_only,D_eff,12.340945105682806,12.709011790288642,,
DS005620,1060,sed,gamma,sub-1060_task-sed_acq-rest_run-1_eeg.vhdr,1.0,phase_only,M_tau,0.0028160438557079206,0.0028979468909152892,,
DS005620,1060,sed,gamma,sub-1060_task-sed_acq-rest_run-2_eeg.vhdr,2.0,phase_only,Pi,0.0,0.0,,
DS005620,1060,sed,gamma,sub-1060_task-sed_acq-rest_run-2_eeg.vhdr,2.0,phase_only,R,0.09152363311647768,0.09021012649866664,,
DS005620,1060,sed,gamma,sub-1060_task-sed_acq-rest_run-2_eeg.vhdr,2.0,phase_only,D_eff,12.71023425302966,12.82476549839996,,
DS005620,1060,sed,gamma,sub-1060_task-sed_acq-rest_run-2_eeg.vhdr,2.0,phase_only,M_tau,0.0025351372029022616,0.002266674178009907,,
DS005620,1060,sed,gamma,sub-1060_task-sed_acq-rest_run-3_eeg.vhdr,3.0,phase_only,Pi,0.08045977011494251,0.022988505747126436,,
DS005620,1060,sed,gamma,sub-1060_task-sed_acq-rest_run-3_eeg.vhdr,3.0,phase_only,R,0.0894910237228717,0.0877924577999883,,
DS005620,1060,sed,gamma,sub-1060_task-sed_acq-rest_run-3_eeg.vhdr,3.0,phase_only,D_eff,14.097068269740237,13.933359170173905,,
DS005620,1060,sed,gamma,sub-1060_task-sed_acq-rest_run-3_eeg.vhdr,3.0,phase_only,M_tau,0.002470440035255935,0.002285352032963714,,
DS005620,1061,awake,gamma,sub-1061_task-awake_acq-EC_eeg.vhdr,,phase_only,Pi,0.7931034482758621,0.8620689655172413,,
DS005620,1061,awake,gamma,sub-1061_task-awake_acq-EC_eeg.vhdr,,phase_only,R,0.10606023965447288,0.10987643166988793,,
DS005620,1061,awake,gamma,sub-1061_task-awake_acq-EC_eeg.vhdr,,phase_only,D_eff,15.616296554032834,15.852929997666958,,
DS005620,1061,awake,gamma,sub-1061_task-awake_acq-EC_eeg.vhdr,,phase_only,M_tau,0.002869070264160935,0.003389050095055024,,
DS005620,1061,sed2,gamma,sub-1061_task-sed2_acq-rest_run-1_eeg.vhdr,1.0,phase_only,Pi,0.5964912280701753,0.6666666666666666,,
DS005620,1061,sed2,gamma,sub-1061_task-sed2_acq-rest_run-1_eeg.vhdr,1.0,phase_only,R,0.10556517995507236,0.11025829277510642,,
DS005620,1061,sed2,gamma,sub-1061_task-sed2_acq-rest_run-1_eeg.vhdr,1.0,phase_only,D_eff,13.860923262760856,13.728242052806285,,
DS005620,1061,sed2,gamma,sub-1061_task-sed2_acq-rest_run-1_eeg.vhdr,1.0,phase_only,M_tau,0.004764471645590469,0.004452229879905753,,
DS005620,1061,sed2,gamma,sub-1061_task-sed2_acq-rest_run-2_eeg.vhdr,2.0,phase_only,Pi,0.5263157894736841,0.5438596491228069,,
DS005620,1061,sed2,gamma,sub-1061_task-sed2_acq-rest_run-2_eeg.vhdr,2.0,phase_only,R,0.09673202793336122,0.09708451866720355,,
DS005620,1061,sed2,gamma,sub-1061_task-sed2_acq-rest_run-2_eeg.vhdr,2.0,phase_only,D_eff,12.578726703744046,12.486926480420005,,
DS005620,1061,sed2,gamma,sub-1061_task-sed2_acq-rest_run-2_eeg.vhdr,2.0,phase_only,M_tau,0.0025592646593513477,0.0027256896185894053,,
DS005620,1061,sed2,gamma,sub-1061_task-sed2_acq-rest_run-3_eeg.vhdr,3.0,phase_only,Pi,0.6666666666666666,0.5438596491228069,,
DS005620,1061,sed2,gamma,sub-1061_task-sed2_acq-rest_run-3_eeg.vhdr,3.0,phase_only,R,0.10772403534344814,0.11043251643422547,,
DS005620,1061,sed2,gamma,sub-1061_task-sed2_acq-rest_run-3_eeg.vhdr,3.0,phase_only,D_eff,12.434497273023869,13.013660654256903,,
DS005620,1061,sed2,gamma,sub-1061_task-sed2_acq-rest_run-3_eeg.vhdr,3.0,phase_only,M_tau,0.004910370162985027,0.007220079054566265,,
DS005620,1061,sed,gamma,sub-1061_task-sed_acq-rest_run-1_eeg.vhdr,1.0,phase_only,Pi,0.5632183908045977,0.5747126436781609,,
DS005620,1061,sed,gamma,sub-1061_task-sed_acq-rest_run-1_eeg.vhdr,1.0,phase_only,R,0.09869029957093678,0.10046016970363027,,
DS005620,1061,sed,gamma,sub-1061_task-sed_acq-rest_run-1_eeg.vhdr,1.0,phase_only,D_eff,11.452881550960978,11.90976496195396,,
DS005620,1061,sed,gamma,sub-1061_task-sed_acq-rest_run-1_eeg.vhdr,1.0,phase_only,M_tau,0.0026555677613209687,0.0027598792668075763,,
DS005620,1061,sed,gamma,sub-1061_task-sed_acq-rest_run-2_eeg.vhdr,2.0,phase_only,Pi,0.37931034482758624,0.3333333333333334,,
DS005620,1061,sed,gamma,sub-1061_task-sed_acq-rest_run-2_eeg.vhdr,2.0,phase_only,R,0.1270776738884496,0.12905005559686167,,
DS005620,1061,sed,gamma,sub-1061_task-sed_acq-rest_run-2_eeg.vhdr,2.0,phase_only,D_eff,5.266470873941774,1.0187096774142577,,
DS005620,1061,sed,gamma,sub-1061_task-sed_acq-rest_run-2_eeg.vhdr,2.0,phase_only,M_tau,0.004059629222661705,4.77509247537931e-06,,
DS005620,1061,sed,gamma,sub-1061_task-sed_acq-rest_run-3_eeg.vhdr,3.0,phase_only,Pi,0.6321839080459771,0.6666666666666667,,
DS005620,1061,sed,gamma,sub-1061_task-sed_acq-rest_run-3_eeg.vhdr,3.0,phase_only,R,0.10626285088844338,0.10896548053210386,,
DS005620,1061,sed,gamma,sub-1061_task-sed_acq-rest_run-3_eeg.vhdr,3.0,phase_only,D_eff,11.501820323122223,11.780649911494812,,
DS005620,1061,sed,gamma,sub-1061_task-sed_acq-rest_run-3_eeg.vhdr,3.0,phase_only,M_tau,0.0029127964015226862,0.0032758727289115964,,
DS005620,1062,awake,gamma,sub-1062_task-awake_acq-EC_eeg.vhdr,,phase_only,Pi,0.7586206896551724,0.896551724137931,,
DS005620,1062,awake,gamma,sub-1062_task-awake_acq-EC_eeg.vhdr,,phase_only,R,0.12398607295945026,0.12244362015033645,,
DS005620,1062,awake,gamma,sub-1062_task-awake_acq-EC_eeg.vhdr,,phase_only,D_eff,18.27367253038889,18.303839290271476,,
DS005620,1062,awake,gamma,sub-1062_task-awake_acq-EC_eeg.vhdr,,phase_only,M_tau,0.004138424153883407,0.0037663205859650288,,
DS005620,1062,sed2,gamma,sub-1062_task-sed2_acq-rest_run-1_eeg.vhdr,1.0,phase_only,Pi,0.3157894736842105,0.31578947368421045,,
DS005620,1062,sed2,gamma,sub-1062_task-sed2_acq-rest_run-1_eeg.vhdr,1.0,phase_only,R,0.14673196634935182,0.14125611205437533,,
DS005620,1062,sed2,gamma,sub-1062_task-sed2_acq-rest_run-1_eeg.vhdr,1.0,phase_only,D_eff,14.864606482525613,15.02977089888286,,
DS005620,1062,sed2,gamma,sub-1062_task-sed2_acq-rest_run-1_eeg.vhdr,1.0,phase_only,M_tau,0.016330560778301504,0.01864960424837614,,
DS005620,1062,sed2,gamma,sub-1062_task-sed2_acq-rest_run-2_eeg.vhdr,2.0,phase_only,Pi,0.03508771929824561,0.12280701754385963,,
DS005620,1062,sed2,gamma,sub-1062_task-sed2_acq-rest_run-2_eeg.vhdr,2.0,phase_only,R,0.09502267098437779,0.10550350049059613,,
DS005620,1062,sed2,gamma,sub-1062_task-sed2_acq-rest_run-2_eeg.vhdr,2.0,phase_only,D_eff,13.357924983289564,13.938303924038607,,
DS005620,1062,sed2,gamma,sub-1062_task-sed2_acq-rest_run-2_eeg.vhdr,2.0,phase_only,M_tau,0.003937457891399457,0.004498052562161274,,
DS005620,1062,sed2,gamma,sub-1062_task-sed2_acq-rest_run-3_eeg.vhdr,3.0,phase_only,Pi,0.38596491228070173,0.3684210526315789,,
DS005620,1062,sed2,gamma,sub-1062_task-sed2_acq-rest_run-3_eeg.vhdr,3.0,phase_only,R,0.15763639470202911,0.12474069289702297,,
DS005620,1062,sed2,gamma,sub-1062_task-sed2_acq-rest_run-3_eeg.vhdr,3.0,phase_only,D_eff,15.806563215658965,15.315627184899798,,
DS005620,1062,sed2,gamma,sub-1062_task-sed2_acq-rest_run-3_eeg.vhdr,3.0,phase_only,M_tau,0.021291245331612467,0.009827359625380375,,
DS005620,1062,sed,gamma,sub-1062_task-sed_acq-rest_run-1_eeg.vhdr,1.0,phase_only,Pi,0.06896551724137931,0.022988505747126436,,
DS005620,1062,sed,gamma,sub-1062_task-sed_acq-rest_run-1_eeg.vhdr,1.0,phase_only,R,0.09042737047710442,0.08894904982930694,,
DS005620,1062,sed,gamma,sub-1062_task-sed_acq-rest_run-1_eeg.vhdr,1.0,phase_only,D_eff,12.87354567579373,12.64505678900338,,
DS005620,1062,sed,gamma,sub-1062_task-sed_acq-rest_run-1_eeg.vhdr,1.0,phase_only,M_tau,0.0024673160061069307,0.002284033017189831,,
DS005620,1062,sed,gamma,sub-1062_task-sed_acq-rest_run-2_eeg.vhdr,2.0,phase_only,Pi,0.08045977011494251,0.08045977011494251,,
DS005620,1062,sed,gamma,sub-1062_task-sed_acq-rest_run-2_eeg.vhdr,2.0,phase_only,R,0.10238759657646278,0.09505928149589442,,
DS005620,1062,sed,gamma,sub-1062_task-sed_acq-rest_run-2_eeg.vhdr,2.0,phase_only,D_eff,13.369243250580212,13.157735534112337,,
DS005620,1062,sed,gamma,sub-1062_task-sed_acq-rest_run-2_eeg.vhdr,2.0,phase_only,M_tau,0.004927207372121682,0.0026670445979489446,,
DS005620,1062,sed,gamma,sub-1062_task-sed_acq-rest_run-3_eeg.vhdr,3.0,phase_only,Pi,0.034482758620689655,0.057471264367816084,,
DS005620,1062,sed,gamma,sub-1062_task-sed_acq-rest_run-3_eeg.vhdr,3.0,phase_only,R,0.09543887474871605,0.09537425895441783,,
DS005620,1062,sed,gamma,sub-1062_task-sed_acq-rest_run-3_eeg.vhdr,3.0,phase_only,D_eff,11.53443929762764,11.324489363686244,,
DS005620,1062,sed,gamma,sub-1062_task-sed_acq-rest_run-3_eeg.vhdr,3.0,phase_only,M_tau,0.0031597419662593306,0.0024646133352267006,,
DS005620,1064,awake,gamma,sub-1064_task-awake_acq-EC_eeg.vhdr,,phase_only,Pi,0.8045977011494254,0.8505747126436781,,
DS005620,1064,awake,gamma,sub-1064_task-awake_acq-EC_eeg.vhdr,,phase_only,R,0.11560040139586746,0.09678972191106415,,
DS005620,1064,awake,gamma,sub-1064_task-awake_acq-EC_eeg.vhdr,,phase_only,D_eff,12.437244531338989,12.720827479585008,,
DS005620,1064,awake,gamma,sub-1064_task-awake_acq-EC_eeg.vhdr,,phase_only,M_tau,0.003817929557373455,0.002517659795797469,,
DS005620,1064,sed2,gamma,sub-1064_task-sed2_acq-rest_run-1_eeg.vhdr,1.0,phase_only,Pi,0.8245614035087719,0.9298245614035089,,
DS005620,1064,sed2,gamma,sub-1064_task-sed2_acq-rest_run-1_eeg.vhdr,1.0,phase_only,R,0.11072046545457155,0.10466165996961091,,
DS005620,1064,sed2,gamma,sub-1064_task-sed2_acq-rest_run-1_eeg.vhdr,1.0,phase_only,D_eff,13.198145392575027,13.169792480579845,,
DS005620,1064,sed2,gamma,sub-1064_task-sed2_acq-rest_run-1_eeg.vhdr,1.0,phase_only,M_tau,0.004897317892660506,0.0031190208372020426,,
DS005620,1064,sed2,gamma,sub-1064_task-sed2_acq-rest_run-2_eeg.vhdr,2.0,phase_only,Pi,0.6491228070175437,0.543859649122807,,
DS005620,1064,sed2,gamma,sub-1064_task-sed2_acq-rest_run-2_eeg.vhdr,2.0,phase_only,R,0.3783937075958533,0.3664824990874322,,
DS005620,1064,sed2,gamma,sub-1064_task-sed2_acq-rest_run-2_eeg.vhdr,2.0,phase_only,D_eff,12.10947991451873,11.532724716624456,,
DS005620,1064,sed2,gamma,sub-1064_task-sed2_acq-rest_run-2_eeg.vhdr,2.0,phase_only,M_tau,0.01894693208993048,0.028061291992535885,,
DS005620,1064,sed2,gamma,sub-1064_task-sed2_acq-rest_run-3_eeg.vhdr,3.0,phase_only,Pi,0.7543859649122806,0.7192982456140351,,
DS005620,1064,sed2,gamma,sub-1064_task-sed2_acq-rest_run-3_eeg.vhdr,3.0,phase_only,R,0.10461114423306604,0.10335788560346562,,
DS005620,1064,sed2,gamma,sub-1064_task-sed2_acq-rest_run-3_eeg.vhdr,3.0,phase_only,D_eff,14.132874696761235,14.169477339213262,,
DS005620,1064,sed2,gamma,sub-1064_task-sed2_acq-rest_run-3_eeg.vhdr,3.0,phase_only,M_tau,0.006573338084853705,0.0037471868428438316,,
DS005620,1064,sed,gamma,sub-1064_task-sed_acq-rest_run-1_eeg.vhdr,1.0,phase_only,Pi,0.5747126436781609,0.4022988505747126,,
DS005620,1064,sed,gamma,sub-1064_task-sed_acq-rest_run-1_eeg.vhdr,1.0,phase_only,R,0.0871353763282472,0.08209906749925369,,
DS005620,1064,sed,gamma,sub-1064_task-sed_acq-rest_run-1_eeg.vhdr,1.0,phase_only,D_eff,11.956502593681597,12.124388990757414,,
DS005620,1064,sed,gamma,sub-1064_task-sed_acq-rest_run-1_eeg.vhdr,1.0,phase_only,M_tau,0.0023725688542076103,0.0018694253923461001,,
DS005620,1064,sed,gamma,sub-1064_task-sed_acq-rest_run-2_eeg.vhdr,2.0,phase_only,Pi,0.4942528735632184,0.4827586206896552,,
DS005620,1064,sed,gamma,sub-1064_task-sed_acq-rest_run-2_eeg.vhdr,2.0,phase_only,R,0.08732428319966429,0.08475640893050007,,
DS005620,1064,sed,gamma,sub-1064_task-sed_acq-rest_run-2_eeg.vhdr,2.0,phase_only,D_eff,11.842133618326274,12.24545032270134,,
DS005620,1064,sed,gamma,sub-1064_task-sed_acq-rest_run-2_eeg.vhdr,2.0,phase_only,M_tau,0.002267420561801172,0.0020455084621827657,,
DS005620,1064,sed,gamma,sub-1064_task-sed_acq-rest_run-3_eeg.vhdr,3.0,phase_only,Pi,0.7816091954022989,0.6896551724137931,,
DS005620,1064,sed,gamma,sub-1064_task-sed_acq-rest_run-3_eeg.vhdr,3.0,phase_only,R,0.10031676886463918,0.09385991523817837,,
DS005620,1064,sed,gamma,sub-1064_task-sed_acq-rest_run-3_eeg.vhdr,3.0,phase_only,D_eff,11.992165647547036,11.801051249000222,,
DS005620,1064,sed,gamma,sub-1064_task-sed_acq-rest_run-3_eeg.vhdr,3.0,phase_only,M_tau,0.004466705752871298,0.002240017971754876,,
DS005620,1067,awake,gamma,sub-1067_task-awake_acq-EC_eeg.vhdr,,phase_only,Pi,0.8505747126436782,0.8045977011494254,,
DS005620,1067,awake,gamma,sub-1067_task-awake_acq-EC_eeg.vhdr,,phase_only,R,0.1651248221347841,0.19389594784218858,,
DS005620,1067,awake,gamma,sub-1067_task-awake_acq-EC_eeg.vhdr,,phase_only,D_eff,17.759869586819057,17.483843427992262,,
DS005620,1067,awake,gamma,sub-1067_task-awake_acq-EC_eeg.vhdr,,phase_only,M_tau,0.007716645500159292,0.015294063195460226,,
DS005620,1067,sed2,gamma,sub-1067_task-sed2_acq-rest_run-1_eeg.vhdr,1.0,phase_only,Pi,0.03508771929824561,0.03508771929824561,,
DS005620,1067,sed2,gamma,sub-1067_task-sed2_acq-rest_run-1_eeg.vhdr,1.0,phase_only,R,0.10079329733162293,0.10225695244777376,,
DS005620,1067,sed2,gamma,sub-1067_task-sed2_acq-rest_run-1_eeg.vhdr,1.0,phase_only,D_eff,13.261690189360051,13.476305195336169,,
DS005620,1067,sed2,gamma,sub-1067_task-sed2_acq-rest_run-1_eeg.vhdr,1.0,phase_only,M_tau,0.003026682355614974,0.003015702210415963,,
DS005620,1067,sed2,gamma,sub-1067_task-sed2_acq-rest_run-2_eeg.vhdr,2.0,phase_only,Pi,0.17543859649122806,0.29824561403508776,,
DS005620,1067,sed2,gamma,sub-1067_task-sed2_acq-rest_run-2_eeg.vhdr,2.0,phase_only,R,0.1138547305293084,0.1292896615209906,,
DS005620,1067,sed2,gamma,sub-1067_task-sed2_acq-rest_run-2_eeg.vhdr,2.0,phase_only,D_eff,14.85507594570827,14.669322178178906,,
DS005620,1067,sed2,gamma,sub-1067_task-sed2_acq-rest_run-2_eeg.vhdr,2.0,phase_only,M_tau,0.003856696406959631,0.0065665163814114785,,
DS005620,1067,sed2,gamma,sub-1067_task-sed2_acq-rest_run-3_eeg.vhdr,3.0,phase_only,Pi,0.19298245614035084,0.24561403508771926,,
DS005620,1067,sed2,gamma,sub-1067_task-sed2_acq-rest_run-3_eeg.vhdr,3.0,phase_only,R,0.11939638860962591,0.14576834765188465,,
DS005620,1067,sed2,gamma,sub-1067_task-sed2_acq-rest_run-3_eeg.vhdr,3.0,phase_only,D_eff,14.907225843438118,14.905623963612198,,
DS005620,1067,sed2,gamma,sub-1067_task-sed2_acq-rest_run-3_eeg.vhdr,3.0,phase_only,M_tau,0.004134660824596327,0.01299227537857391,,
DS005620,1067,sed,gamma,sub-1067_task-sed_acq-rest_run-1_eeg.vhdr,1.0,phase_only,Pi,0.08045977011494251,0.22988505747126434,,
DS005620,1067,sed,gamma,sub-1067_task-sed_acq-rest_run-1_eeg.vhdr,1.0,phase_only,R,0.12494341980776466,0.13563874483168142,,
DS005620,1067,sed,gamma,sub-1067_task-sed_acq-rest_run-1_eeg.vhdr,1.0,phase_only,D_eff,12.5984959517985,12.758965864674538,,
DS005620,1067,sed,gamma,sub-1067_task-sed_acq-rest_run-1_eeg.vhdr,1.0,phase_only,M_tau,0.007656902815751496,0.009580192695406392,,
DS005620,1067,sed,gamma,sub-1067_task-sed_acq-rest_run-2_eeg.vhdr,2.0,phase_only,Pi,0.08045977011494251,0.06896551724137931,,
DS005620,1067,sed,gamma,sub-1067_task-sed_acq-rest_run-2_eeg.vhdr,2.0,phase_only,R,0.11302757139927205,0.10323724420257638,,
DS005620,1067,sed,gamma,sub-1067_task-sed_acq-rest_run-2_eeg.vhdr,2.0,phase_only,D_eff,12.631951996668636,13.158677772095162,,
DS005620,1067,sed,gamma,sub-1067_task-sed_acq-rest_run-2_eeg.vhdr,2.0,phase_only,M_tau,0.005121544794890218,0.005727845190754782,,
DS005620,1067,sed,gamma,sub-1067_task-sed_acq-rest_run-3_eeg.vhdr,3.0,phase_only,Pi,0.011494252873563218,0.0,,
DS005620,1067,sed,gamma,sub-1067_task-sed_acq-rest_run-3_eeg.vhdr,3.0,phase_only,R,0.10332980872406271,0.10055976212990295,,
DS005620,1067,sed,gamma,sub-1067_task-sed_acq-rest_run-3_eeg.vhdr,3.0,phase_only,D_eff,12.126723363685441,11.94461792830803,,
DS005620,1067,sed,gamma,sub-1067_task-sed_acq-rest_run-3_eeg.vhdr,3.0,phase_only,M_tau,0.0030473654153204965,0.0027259097248129825,,
DS005620,1068,awake,gamma,sub-1068_task-awake_acq-EC_eeg.vhdr,,phase_only,Pi,0.8850574712643677,0.7701149425287357,,
DS005620,1068,awake,gamma,sub-1068_task-awake_acq-EC_eeg.vhdr,,phase_only,R,0.14789802922311218,0.12246109419831569,,
DS005620,1068,awake,gamma,sub-1068_task-awake_acq-EC_eeg.vhdr,,phase_only,D_eff,12.118122873627277,13.457878221512654,,
DS005620,1068,awake,gamma,sub-1068_task-awake_acq-EC_eeg.vhdr,,phase_only,M_tau,0.004588310406577879,0.0044596119626411825,,
DS005620,1068,sed2,gamma,sub-1068_task-sed2_acq-rest_run-1_eeg.vhdr,1.0,phase_only,Pi,0.6140350877192982,0.6842105263157894,,
DS005620,1068,sed2,gamma,sub-1068_task-sed2_acq-rest_run-1_eeg.vhdr,1.0,phase_only,R,0.1342225360171179,0.21153873104453993,,
DS005620,1068,sed2,gamma,sub-1068_task-sed2_acq-rest_run-1_eeg.vhdr,1.0,phase_only,D_eff,11.367959641148241,11.67638283539226,,
DS005620,1068,sed2,gamma,sub-1068_task-sed2_acq-rest_run-1_eeg.vhdr,1.0,phase_only,M_tau,0.010904839795374701,0.026386905091344705,,
DS005620,1068,sed,gamma,sub-1068_task-sed_acq-rest_run-1_eeg.vhdr,1.0,phase_only,Pi,0.5632183908045977,0.6206896551724138,,
DS005620,1068,sed,gamma,sub-1068_task-sed_acq-rest_run-1_eeg.vhdr,1.0,phase_only,R,0.12175349820632678,0.11515641878825805,,
DS005620,1068,sed,gamma,sub-1068_task-sed_acq-rest_run-1_eeg.vhdr,1.0,phase_only,D_eff,10.727892969750908,11.098805238641205,,
DS005620,1068,sed,gamma,sub-1068_task-sed_acq-rest_run-1_eeg.vhdr,1.0,phase_only,M_tau,0.004064837424624893,0.00297336916679628,,
DS005620,1068,sed,gamma,sub-1068_task-sed_acq-rest_run-2_eeg.vhdr,2.0,phase_only,Pi,0.5402298850574712,0.5057471264367815,,
DS005620,1068,sed,gamma,sub-1068_task-sed_acq-rest_run-2_eeg.vhdr,2.0,phase_only,R,0.30765420035873003,0.4404455821335029,,
DS005620,1068,sed,gamma,sub-1068_task-sed_acq-rest_run-2_eeg.vhdr,2.0,phase_only,D_eff,11.829443843120798,10.31894153117298,,
DS005620,1068,sed,gamma,sub-1068_task-sed_acq-rest_run-2_eeg.vhdr,2.0,phase_only,M_tau,0.03772069973737838,0.05223386733536622,,
DS005620,1071,awake,gamma,sub-1071_task-awake_acq-EC_eeg.vhdr,,phase_only,Pi,0.8045977011494252,0.8505747126436783,,
DS005620,1071,awake,gamma,sub-1071_task-awake_acq-EC_eeg.vhdr,,phase_only,R,0.11702165600277009,0.12153615346627761,,
DS005620,1071,awake,gamma,sub-1071_task-awake_acq-EC_eeg.vhdr,,phase_only,D_eff,20.176609313087127,20.2821668856622,,
DS005620,1071,awake,gamma,sub-1071_task-awake_acq-EC_eeg.vhdr,,phase_only,M_tau,0.004073480751276607,0.004444180552617996,,
DS005620,1071,sed2,gamma,sub-1071_task-sed2_acq-rest_run-1_eeg.vhdr,1.0,phase_only,Pi,0.3684210526315789,0.3684210526315789,,
DS005620,1071,sed2,gamma,sub-1071_task-sed2_acq-rest_run-1_eeg.vhdr,1.0,phase_only,R,0.10592937219863607,0.12361489584894435,,
DS005620,1071,sed2,gamma,sub-1071_task-sed2_acq-rest_run-1_eeg.vhdr,1.0,phase_only,D_eff,12.156645065778543,13.263177262892029,,
DS005620,1071,sed2,gamma,sub-1071_task-sed2_acq-rest_run-1_eeg.vhdr,1.0,phase_only,M_tau,0.003827438290160337,0.010570987774614802,,
DS005620,1071,sed2,gamma,sub-1071_task-sed2_acq-rest_run-2_eeg.vhdr,2.0,phase_only,Pi,0.5087719298245614,0.33333333333333326,,
DS005620,1071,sed2,gamma,sub-1071_task-sed2_acq-rest_run-2_eeg.vhdr,2.0,phase_only,R,0.13943770055934446,0.23555192964618368,,
DS005620,1071,sed2,gamma,sub-1071_task-sed2_acq-rest_run-2_eeg.vhdr,2.0,phase_only,D_eff,11.406878739748128,13.11472927191908,,
DS005620,1071,sed2,gamma,sub-1071_task-sed2_acq-rest_run-2_eeg.vhdr,2.0,phase_only,M_tau,0.008299005617337379,0.027827151891682354,,
DS005620,1071,sed2,gamma,sub-1071_task-sed2_acq-rest_run-3_eeg.vhdr,3.0,phase_only,Pi,0.5370370370370371,0.33333333333333326,,
DS005620,1071,sed2,gamma,sub-1071_task-sed2_acq-rest_run-3_eeg.vhdr,3.0,phase_only,R,0.1716898183339818,0.23864257265001013,,
DS005620,1071,sed2,gamma,sub-1071_task-sed2_acq-rest_run-3_eeg.vhdr,3.0,phase_only,D_eff,8.436889482058312,9.711537453993273,,
DS005620,1071,sed2,gamma,sub-1071_task-sed2_acq-rest_run-3_eeg.vhdr,3.0,phase_only,M_tau,0.010676827533096445,0.020220912317922255,,
DS005620,1071,sed,gamma,sub-1071_task-sed_acq-rest_run-1_eeg.vhdr,1.0,phase_only,Pi,0.034482758620689655,0.11494252873563217,,
DS005620,1071,sed,gamma,sub-1071_task-sed_acq-rest_run-1_eeg.vhdr,1.0,phase_only,R,0.09269143143795021,0.09797146141082322,,
DS005620,1071,sed,gamma,sub-1071_task-sed_acq-rest_run-1_eeg.vhdr,1.0,phase_only,D_eff,12.11468738487357,12.296363727731746,,
DS005620,1071,sed,gamma,sub-1071_task-sed_acq-rest_run-1_eeg.vhdr,1.0,phase_only,M_tau,0.0027453903457824343,0.002540012169036858,,
DS005620,1071,sed,gamma,sub-1071_task-sed_acq-rest_run-2_eeg.vhdr,2.0,phase_only,Pi,0.5402298850574712,0.6091954022988506,,
DS005620,1071,sed,gamma,sub-1071_task-sed_acq-rest_run-2_eeg.vhdr,2.0,phase_only,R,0.12345828497909611,0.11878445353294614,,
DS005620,1071,sed,gamma,sub-1071_task-sed_acq-rest_run-2_eeg.vhdr,2.0,phase_only,D_eff,9.68952071784391,10.112299783051162,,
DS005620,1071,sed,gamma,sub-1071_task-sed_acq-rest_run-2_eeg.vhdr,2.0,phase_only,M_tau,0.006125667015093183,0.003959391330430838,,
DS005620,1071,sed,gamma,sub-1071_task-sed_acq-rest_run-3_eeg.vhdr,3.0,phase_only,Pi,0.5172413793103448,0.3333333333333334,,
DS005620,1071,sed,gamma,sub-1071_task-sed_acq-rest_run-3_eeg.vhdr,3.0,phase_only,R,0.1606524138115363,0.2546536932633735,,
DS005620,1071,sed,gamma,sub-1071_task-sed_acq-rest_run-3_eeg.vhdr,3.0,phase_only,D_eff,8.158820321587983,9.55025768691055,,
DS005620,1071,sed,gamma,sub-1071_task-sed_acq-rest_run-3_eeg.vhdr,3.0,phase_only,M_tau,0.006072486183184669,0.023282682512024686,,
DS005620,1074,awake,gamma,sub-1074_task-awake_acq-EC_eeg.vhdr,,phase_only,Pi,0.8045977011494254,0.8505747126436781,,
DS005620,1074,awake,gamma,sub-1074_task-awake_acq-EC_eeg.vhdr,,phase_only,R,0.12310176670835608,0.0954831822154566,,
DS005620,1074,awake,gamma,sub-1074_task-awake_acq-EC_eeg.vhdr,,phase_only,D_eff,16.746838385603354,15.821281885167663,,
DS005620,1074,awake,gamma,sub-1074_task-awake_acq-EC_eeg.vhdr,,phase_only,M_tau,0.0038482202203660694,0.002357861879307469,,
DS005620,1074,sed2,gamma,sub-1074_task-sed2_acq-rest_run-1_eeg.vhdr,1.0,phase_only,Pi,0.45614035087719296,0.3684210526315789,,
DS005620,1074,sed2,gamma,sub-1074_task-sed2_acq-rest_run-1_eeg.vhdr,1.0,phase_only,R,0.07854230093335994,0.07527354045369167,,
DS005620,1074,sed2,gamma,sub-1074_task-sed2_acq-rest_run-1_eeg.vhdr,1.0,phase_only,D_eff,15.417142440664708,15.2915881292963,,
DS005620,1074,sed2,gamma,sub-1074_task-sed2_acq-rest_run-1_eeg.vhdr,1.0,phase_only,M_tau,0.0019074709335265422,0.0017800947358269422,,
DS005620,1074,sed2,gamma,sub-1074_task-sed2_acq-rest_run-2_eeg.vhdr,2.0,phase_only,Pi,0.631578947368421,0.5789473684210525,,
DS005620,1074,sed2,gamma,sub-1074_task-sed2_acq-rest_run-2_eeg.vhdr,2.0,phase_only,R,0.10690715694785267,0.13376270350118324,,
DS005620,1074,sed2,gamma,sub-1074_task-sed2_acq-rest_run-2_eeg.vhdr,2.0,phase_only,D_eff,12.5104993382483,13.387607768508444,,
DS005620,1074,sed2,gamma,sub-1074_task-sed2_acq-rest_run-2_eeg.vhdr,2.0,phase_only,M_tau,0.00325808301217201,0.00998182439934013,,
DS005620,1074,sed2,gamma,sub-1074_task-sed2_acq-rest_run-3_eeg.vhdr,3.0,phase_only,Pi,0.6315789473684209,0.5263157894736841,,
DS005620,1074,sed2,gamma,sub-1074_task-sed2_acq-rest_run-3_eeg.vhdr,3.0,phase_only,R,0.11763097601462282,0.14627515690362627,,
DS005620,1074,sed2,gamma,sub-1074_task-sed2_acq-rest_run-3_eeg.vhdr,3.0,phase_only,D_eff,12.679695432779857,14.20864555361084,,
DS005620,1074,sed2,gamma,sub-1074_task-sed2_acq-rest_run-3_eeg.vhdr,3.0,phase_only,M_tau,0.009202011866531573,0.022051283443937243,,
DS005620,1074,sed,gamma,sub-1074_task-sed_acq-rest_run-1_eeg.vhdr,1.0,phase_only,Pi,0.39080459770114945,0.37931034482758624,,
DS005620,1074,sed,gamma,sub-1074_task-sed_acq-rest_run-1_eeg.vhdr,1.0,phase_only,R,0.08014625663249415,0.07804448009617924,,
DS005620,1074,sed,gamma,sub-1074_task-sed_acq-rest_run-1_eeg.vhdr,1.0,phase_only,D_eff,15.897157851397594,16.215182190196014,,
DS005620,1074,sed,gamma,sub-1074_task-sed_acq-rest_run-1_eeg.vhdr,1.0,phase_only,M_tau,0.0019994070289294863,0.0017307317956895998,,
DS005620,1074,sed,gamma,sub-1074_task-sed_acq-rest_run-2_eeg.vhdr,2.0,phase_only,Pi,0.5977011494252873,0.67816091954023,,
DS005620,1074,sed,gamma,sub-1074_task-sed_acq-rest_run-2_eeg.vhdr,2.0,phase_only,R,0.09373925616246057,0.09786889250067451,,
DS005620,1074,sed,gamma,sub-1074_task-sed_acq-rest_run-2_eeg.vhdr,2.0,phase_only,D_eff,12.330220830004667,11.89194061824303,,
DS005620,1074,sed,gamma,sub-1074_task-sed_acq-rest_run-2_eeg.vhdr,2.0,phase_only,M_tau,0.0024395675188708587,0.0025593323204612653,,
DS005620,1074,sed,gamma,sub-1074_task-sed_acq-rest_run-3_eeg.vhdr,3.0,phase_only,Pi,0.5402298850574712,0.528735632183908,,
DS005620,1074,sed,gamma,sub-1074_task-sed_acq-rest_run-3_eeg.vhdr,3.0,phase_only,R,0.10938092938050353,0.10690729699266859,,
DS005620,1074,sed,gamma,sub-1074_task-sed_acq-rest_run-3_eeg.vhdr,3.0,phase_only,D_eff,12.445768823976131,12.686963513177291,,
DS005620,1074,sed,gamma,sub-1074_task-sed_acq-rest_run-3_eeg.vhdr,3.0,phase_only,M_tau,0.005270200891927757,0.005101734649384226,,
Chennu,2,baseline,alpha,02-2010-anest 20100210 135.003.set,,csd_phase_only,Pi,0.8275862068965517,0.8275862068965517,,
Chennu,2,baseline,alpha,02-2010-anest 20100210 135.003.set,,csd_phase_only,R,0.4359792447560881,0.45795736317619157,,
Chennu,2,baseline,alpha,02-2010-anest 20100210 135.003.set,,csd_phase_only,D_eff,9.90725926401467,10.064901330290878,,
Chennu,2,baseline,alpha,02-2010-anest 20100210 135.003.set,,csd_phase_only,M_tau,0.030745453054494495,0.033652677311434676,,
Chennu,2,mild,alpha,02-2010-anest 20100210 135.006.set,,csd_phase_only,Pi,0.839080459770115,0.6896551724137929,,
Chennu,2,mild,alpha,02-2010-anest 20100210 135.006.set,,csd_phase_only,R,0.4750564082866239,0.4073895330401805,,
Chennu,2,mild,alpha,02-2010-anest 20100210 135.006.set,,csd_phase_only,D_eff,9.663134764213618,10.53554781210424,,
Chennu,2,mild,alpha,02-2010-anest 20100210 135.006.set,,csd_phase_only,M_tau,0.03194068120166855,0.02786913607398806,,
Chennu,2,moderate,alpha,02-2010-anest 20100210 135.014.set,,csd_phase_only,Pi,0.8275862068965516,0.7816091954022989,,
Chennu,2,moderate,alpha,02-2010-anest 20100210 135.014.set,,csd_phase_only,R,0.4547592646259334,0.4360919164739633,,
Chennu,2,moderate,alpha,02-2010-anest 20100210 135.014.set,,csd_phase_only,D_eff,10.461218724253285,10.828785906599085,,
Chennu,2,moderate,alpha,02-2010-anest 20100210 135.014.set,,csd_phase_only,M_tau,0.03199254546046925,0.030087974560669476,,
Chennu,2,recovery,alpha,02-2010-anest- 20100210 16.003.set,,csd_phase_only,Pi,0.7126436781609194,0.6436781609195402,,
Chennu,2,recovery,alpha,02-2010-anest- 20100210 16.003.set,,csd_phase_only,R,0.4655240571841247,0.45473265077961367,,
Chennu,2,recovery,alpha,02-2010-anest- 20100210 16.003.set,,csd_phase_only,D_eff,8.7111417926626,8.536793024548292,,
Chennu,2,recovery,alpha,02-2010-anest- 20100210 16.003.set,,csd_phase_only,M_tau,0.028814560670818393,0.024452010778591635,,
Chennu,3,baseline,alpha,03-2010-anest 20100211 142.003.set,,csd_phase_only,Pi,0.7816091954022989,0.8735632183908046,,
Chennu,3,baseline,alpha,03-2010-anest 20100211 142.003.set,,csd_phase_only,R,0.36034742338612386,0.3492113842281639,,
Chennu,3,baseline,alpha,03-2010-anest 20100211 142.003.set,,csd_phase_only,D_eff,10.17194723440444,11.173852504702383,,
Chennu,3,baseline,alpha,03-2010-anest 20100211 142.003.set,,csd_phase_only,M_tau,0.02096906491435211,0.022397602750486776,,
Chennu,3,mild,alpha,03-2010-anest 20100211 142.008.set,,csd_phase_only,Pi,0.8275862068965518,0.8735632183908046,,
Chennu,3,mild,alpha,03-2010-anest 20100211 142.008.set,,csd_phase_only,R,0.3768627812075499,0.3701169381707424,,
Chennu,3,mild,alpha,03-2010-anest 20100211 142.008.set,,csd_phase_only,D_eff,10.090445177376877,11.931140786619757,,
Chennu,3,mild,alpha,03-2010-anest 20100211 142.008.set,,csd_phase_only,M_tau,0.020610064835705554,0.023431310561859372,,
Chennu,3,moderate,alpha,03-2010-anest 20100211 142.021.set,,csd_phase_only,Pi,0.8275862068965518,0.8505747126436782,,
Chennu,3,moderate,alpha,03-2010-anest 20100211 142.021.set,,csd_phase_only,R,0.35260651488802125,0.3652860382626861,,
Chennu,3,moderate,alpha,03-2010-anest 20100211 142.021.set,,csd_phase_only,D_eff,12.201585162811769,13.001847294012528,,
Chennu,3,moderate,alpha,03-2010-anest 20100211 142.021.set,,csd_phase_only,M_tau,0.023152735077262218,0.022047091378962855,,
Chennu,3,recovery,alpha,03-2010-anest 20100211 142.026.set,,csd_phase_only,Pi,0.839080459770115,0.9310344827586207,,
Chennu,3,recovery,alpha,03-2010-anest 20100211 142.026.set,,csd_phase_only,R,0.37844432032100256,0.3722197908376618,,
Chennu,3,recovery,alpha,03-2010-anest 20100211 142.026.set,,csd_phase_only,D_eff,9.591260558604624,10.52873200944978,,
Chennu,3,recovery,alpha,03-2010-anest 20100211 142.026.set,,csd_phase_only,M_tau,0.02093788734421851,0.02094061471973384,,
Chennu,5,baseline,alpha,05-2010-anest 20100223 095.004.set,,csd_phase_only,Pi,0.7701149425287355,0.8850574712643678,,
Chennu,5,baseline,alpha,05-2010-anest 20100223 095.004.set,,csd_phase_only,R,0.3305546826549765,0.3559373029523551,,
Chennu,5,baseline,alpha,05-2010-anest 20100223 095.004.set,,csd_phase_only,D_eff,10.581662368820666,10.1295349169803,,
Chennu,5,baseline,alpha,05-2010-anest 20100223 095.004.set,,csd_phase_only,M_tau,0.020485606106979862,0.021617768575473054,,
Chennu,5,mild,alpha,05-2010-anest 20100223 095.009.set,,csd_phase_only,Pi,0.7241379310344828,0.6896551724137931,,
Chennu,5,mild,alpha,05-2010-anest 20100223 095.009.set,,csd_phase_only,R,0.31993564113346,0.29868487593469223,,
Chennu,5,mild,alpha,05-2010-anest 20100223 095.009.set,,csd_phase_only,D_eff,11.932311848083778,11.159478838056327,,
Chennu,5,mild,alpha,05-2010-anest 20100223 095.009.set,,csd_phase_only,M_tau,0.021752295693394035,0.019091496115902634,,
Chennu,5,moderate,alpha,05-2010-anest 20100223 095.022.set,,csd_phase_only,Pi,0.482758620689655,0.6666666666666667,,
Chennu,5,moderate,alpha,05-2010-anest 20100223 095.022.set,,csd_phase_only,R,0.30440539145504564,0.32920363039277534,,
Chennu,5,moderate,alpha,05-2010-anest 20100223 095.022.set,,csd_phase_only,D_eff,13.733516988718598,12.780095019387398,,
Chennu,5,moderate,alpha,05-2010-anest 20100223 095.022.set,,csd_phase_only,M_tau,0.02169308272353891,0.023252221510994864,,
Chennu,5,recovery,alpha,05-2010-anest 20100223 095.027.set,,csd_phase_only,Pi,0.7701149425287357,0.8390804597701149,,
Chennu,5,recovery,alpha,05-2010-anest 20100223 095.027.set,,csd_phase_only,R,0.33726885642090587,0.3129120929042876,,
Chennu,5,recovery,alpha,05-2010-anest 20100223 095.027.set,,csd_phase_only,D_eff,10.859408547917644,10.065456941407277,,
Chennu,5,recovery,alpha,05-2010-anest 20100223 095.027.set,,csd_phase_only,M_tau,0.02431514108146139,0.02109306288088611,,
Chennu,6,baseline,alpha,06-2010-anest 20100224 093.003.set,,csd_phase_only,Pi,0.7816091954022989,0.8735632183908045,,
Chennu,6,baseline,alpha,06-2010-anest 20100224 093.003.set,,csd_phase_only,R,0.3710839348638413,0.3566254979832764,,
Chennu,6,baseline,alpha,06-2010-anest 20100224 093.003.set,,csd_phase_only,D_eff,8.362983996850563,8.51739576236144,,
Chennu,6,baseline,alpha,06-2010-anest 20100224 093.003.set,,csd_phase_only,M_tau,0.01993040233805455,0.019954178268384422,,
Chennu,6,mild,alpha,06-2010-anest 20100224 093.008.set,,csd_phase_only,Pi,0.7241379310344829,0.6436781609195404,,
Chennu,6,mild,alpha,06-2010-anest 20100224 093.008.set,,csd_phase_only,R,0.3588939566003047,0.3323236277629386,,
Chennu,6,mild,alpha,06-2010-anest 20100224 093.008.set,,csd_phase_only,D_eff,9.214835808455428,11.111256256199093,,
Chennu,6,mild,alpha,06-2010-anest 20100224 093.008.set,,csd_phase_only,M_tau,0.020336034992891272,0.021662870953414647,,
Chennu,6,moderate,alpha,06-2010-anest 20100224 093.013.set,,csd_phase_only,Pi,0.7011494252873564,0.7471264367816093,,
Chennu,6,moderate,alpha,06-2010-anest 20100224 093.013.set,,csd_phase_only,R,0.38210836027337974,0.41868386923154766,,
Chennu,6,moderate,alpha,06-2010-anest 20100224 093.013.set,,csd_phase_only,D_eff,9.963659943353843,9.48848137425229,,
Chennu,6,moderate,alpha,06-2010-anest 20100224 093.013.set,,csd_phase_only,M_tau,0.027564053466482618,0.02676947187233933,,
Chennu,6,recovery,alpha,06-2010-anest 20100224 093.026.set,,csd_phase_only,Pi,0.8505747126436783,0.7586206896551725,,
Chennu,6,recovery,alpha,06-2010-anest 20100224 093.026.set,,csd_phase_only,R,0.3781634486111375,0.37134063622854857,,
Chennu,6,recovery,alpha,06-2010-anest 20100224 093.026.set,,csd_phase_only,D_eff,8.055876587700912,8.967556147020428,,
Chennu,6,recovery,alpha,06-2010-anest 20100224 093.026.set,,csd_phase_only,M_tau,0.018258855343789137,0.017509566993735286,,
Chennu,7,baseline,alpha,07-2010-anest 20100226 133.003.set,,csd_phase_only,Pi,0.7126436781609196,0.942528735632184,,
Chennu,7,baseline,alpha,07-2010-anest 20100226 133.003.set,,csd_phase_only,R,0.38431404790751933,0.3757223098065476,,
Chennu,7,baseline,alpha,07-2010-anest 20100226 133.003.set,,csd_phase_only,D_eff,12.241933076338347,12.363112545706178,,
Chennu,7,baseline,alpha,07-2010-anest 20100226 133.003.set,,csd_phase_only,M_tau,0.02770469080554689,0.02598754936433737,,
Chennu,7,mild,alpha,07-2010-anest 20100226 133.008.set,,csd_phase_only,Pi,0.7011494252873562,0.7816091954022989,,
Chennu,7,mild,alpha,07-2010-anest 20100226 133.008.set,,csd_phase_only,R,0.3765483569041458,0.3697437564710617,,
Chennu,7,mild,alpha,07-2010-anest 20100226 133.008.set,,csd_phase_only,D_eff,9.397454186352611,10.27188130170629,,
Chennu,7,mild,alpha,07-2010-anest 20100226 133.008.set,,csd_phase_only,M_tau,0.027364230989948037,0.026393183533989624,,
Chennu,7,moderate,alpha,07-2010-anest 20100226 133.021.set,,csd_phase_only,Pi,0.40229885057471276,0.42528735632183906,,
Chennu,7,moderate,alpha,07-2010-anest 20100226 133.021.set,,csd_phase_only,R,0.3031572649934699,0.30159184468148825,,
Chennu,7,moderate,alpha,07-2010-anest 20100226 133.021.set,,csd_phase_only,D_eff,10.597926791265833,9.82759976550027,,
Chennu,7,moderate,alpha,07-2010-anest 20100226 133.021.set,,csd_phase_only,M_tau,0.01604649691039285,0.018474021475674663,,
Chennu,7,recovery,alpha,07-2010-anest 20100226 133.027.set,,csd_phase_only,Pi,0.5287356321839081,0.6436781609195401,,
Chennu,7,recovery,alpha,07-2010-anest 20100226 133.027.set,,csd_phase_only,R,0.5928664504717839,0.5112513223188964,,
Chennu,7,recovery,alpha,07-2010-anest 20100226 133.027.set,,csd_phase_only,D_eff,5.961024436836617,8.111456731324951,,
Chennu,7,recovery,alpha,07-2010-anest 20100226 133.027.set,,csd_phase_only,M_tau,0.026385521203921503,0.03154995329020093,,
Chennu,8,baseline,alpha,08-2010-anest 20100301 095.004.set,,csd_phase_only,Pi,0.8045977011494252,0.8505747126436782,,
Chennu,8,baseline,alpha,08-2010-anest 20100301 095.004.set,,csd_phase_only,R,0.3581826679171394,0.3896849319947365,,
Chennu,8,baseline,alpha,08-2010-anest 20100301 095.004.set,,csd_phase_only,D_eff,13.253293047106396,12.043999901179081,,
Chennu,8,baseline,alpha,08-2010-anest 20100301 095.004.set,,csd_phase_only,M_tau,0.025511987779498962,0.027449323766119738,,
Chennu,8,mild,alpha,08-2010-anest 20100301 095.010.set,,csd_phase_only,Pi,0.839080459770115,0.8160919540229885,,
Chennu,8,mild,alpha,08-2010-anest 20100301 095.010.set,,csd_phase_only,R,0.41644561081049913,0.4199034703140397,,
Chennu,8,mild,alpha,08-2010-anest 20100301 095.010.set,,csd_phase_only,D_eff,11.1698567780719,10.657834097555831,,
Chennu,8,mild,alpha,08-2010-anest 20100301 095.010.set,,csd_phase_only,M_tau,0.03083334161910666,0.02876432253750072,,
Chennu,8,moderate,alpha,08-2010-anest 20100301 095.015.set,,csd_phase_only,Pi,0.9655172413793104,0.8850574712643678,,
Chennu,8,moderate,alpha,08-2010-anest 20100301 095.015.set,,csd_phase_only,R,0.3706150288776588,0.3740216467348753,,
Chennu,8,moderate,alpha,08-2010-anest 20100301 095.015.set,,csd_phase_only,D_eff,12.946963497370502,12.471943075269865,,
Chennu,8,moderate,alpha,08-2010-anest 20100301 095.015.set,,csd_phase_only,M_tau,0.02531603437545702,0.026139761566550693,,
Chennu,8,recovery,alpha,08-2010-anest 20100301 095.028.set,,csd_phase_only,Pi,0.9195402298850575,0.839080459770115,,
Chennu,8,recovery,alpha,08-2010-anest 20100301 095.028.set,,csd_phase_only,R,0.4127682142008682,0.4270778477530154,,
Chennu,8,recovery,alpha,08-2010-anest 20100301 095.028.set,,csd_phase_only,D_eff,11.218841333383448,10.674944825365314,,
Chennu,8,recovery,alpha,08-2010-anest 20100301 095.028.set,,csd_phase_only,M_tau,0.026805160556734736,0.025547196276634793,,
Chennu,9,baseline,alpha,09-2010-anest 20100301 135.003.set,,csd_phase_only,Pi,0.8390804597701149,0.8160919540229885,,
Chennu,9,baseline,alpha,09-2010-anest 20100301 135.003.set,,csd_phase_only,R,0.5068042214250771,0.46929894552030527,,
Chennu,9,baseline,alpha,09-2010-anest 20100301 135.003.set,,csd_phase_only,D_eff,5.336593815756167,6.553913862758993,,
Chennu,9,baseline,alpha,09-2010-anest 20100301 135.003.set,,csd_phase_only,M_tau,0.02260106625214793,0.021234680418285693,,
Chennu,9,mild,alpha,09-2010-anest 20100301 135.008.set,,csd_phase_only,Pi,0.6896551724137931,0.8275862068965517,,
Chennu,9,mild,alpha,09-2010-anest 20100301 135.008.set,,csd_phase_only,R,0.5513432092606713,0.5456619768870435,,
Chennu,9,mild,alpha,09-2010-anest 20100301 135.008.set,,csd_phase_only,D_eff,4.518595150280765,5.186202039670434,,
Chennu,9,mild,alpha,09-2010-anest 20100301 135.008.set,,csd_phase_only,M_tau,0.017375895877507125,0.02023763982929159,,
Chennu,9,moderate,alpha,09-2010-anest 20100301 135.021.set,,csd_phase_only,Pi,0.7241379310344827,0.632183908045977,,
Chennu,9,moderate,alpha,09-2010-anest 20100301 135.021.set,,csd_phase_only,R,0.47044605627245434,0.44666046407312926,,
Chennu,9,moderate,alpha,09-2010-anest 20100301 135.021.set,,csd_phase_only,D_eff,8.23356228489492,8.914065040425866,,
Chennu,9,moderate,alpha,09-2010-anest 20100301 135.021.set,,csd_phase_only,M_tau,0.027142252257648207,0.025688731194172778,,
Chennu,9,recovery,alpha,09-2010-anest 20100301 135.026.set,,csd_phase_only,Pi,0.8045977011494254,0.8275862068965516,,
Chennu,9,recovery,alpha,09-2010-anest 20100301 135.026.set,,csd_phase_only,R,0.5293349322392857,0.5050766693505342,,
Chennu,9,recovery,alpha,09-2010-anest 20100301 135.026.set,,csd_phase_only,D_eff,5.057033052740869,5.944895884527163,,
Chennu,9,recovery,alpha,09-2010-anest 20100301 135.026.set,,csd_phase_only,M_tau,0.016975899396445008,0.020462535864858456,,
Chennu,10,baseline,alpha,10-2010-anest 20100305 130.005.set,,csd_phase_only,Pi,0.7586206896551724,0.896551724137931,,
Chennu,10,baseline,alpha,10-2010-anest 20100305 130.005.set,,csd_phase_only,R,0.3168162394247767,0.30836646727160805,,
Chennu,10,baseline,alpha,10-2010-anest 20100305 130.005.set,,csd_phase_only,D_eff,14.196670255479027,14.811468597120964,,
Chennu,10,baseline,alpha,10-2010-anest 20100305 130.005.set,,csd_phase_only,M_tau,0.02103063596352312,0.019455884224462178,,
Chennu,10,mild,alpha,10-2010-anest 20100305 130.010.set,,csd_phase_only,Pi,0.6091954022988504,0.5517241379310346,,
Chennu,10,mild,alpha,10-2010-anest 20100305 130.010.set,,csd_phase_only,R,0.3022009839404158,0.33180720371271,,
Chennu,10,mild,alpha,10-2010-anest 20100305 130.010.set,,csd_phase_only,D_eff,12.710053997387389,10.898900898460091,,
Chennu,10,mild,alpha,10-2010-anest 20100305 130.010.set,,csd_phase_only,M_tau,0.02091052998125264,0.02453599138657697,,
Chennu,10,moderate,alpha,10-2010-anest 20100305 130.015.set,,csd_phase_only,Pi,0.586206896551724,0.6666666666666666,,
Chennu,10,moderate,alpha,10-2010-anest 20100305 130.015.set,,csd_phase_only,R,0.3248760732287323,0.3156397612881621,,
Chennu,10,moderate,alpha,10-2010-anest 20100305 130.015.set,,csd_phase_only,D_eff,11.14155091488049,11.304680369024489,,
Chennu,10,moderate,alpha,10-2010-anest 20100305 130.015.set,,csd_phase_only,M_tau,0.025151333142258495,0.023221566115656178,,
Chennu,10,recovery,alpha,10-2010-anest 20100305 130.028.set,,csd_phase_only,Pi,0.8045977011494254,0.5862068965517241,,
Chennu,10,recovery,alpha,10-2010-anest 20100305 130.028.set,,csd_phase_only,R,0.29417172534065567,0.38314815011935305,,
Chennu,10,recovery,alpha,10-2010-anest 20100305 130.028.set,,csd_phase_only,D_eff,13.586943902045737,9.749235509694675,,
Chennu,10,recovery,alpha,10-2010-anest 20100305 130.028.set,,csd_phase_only,M_tau,0.017534761603129015,0.02173313793646709,,
Chennu,13,baseline,alpha,13-2010-anest 20100322 132.003.set,,csd_phase_only,Pi,0.8735632183908045,0.7816091954022989,,
Chennu,13,baseline,alpha,13-2010-anest 20100322 132.003.set,,csd_phase_only,R,0.46260086726933375,0.4259651265431094,,
Chennu,13,baseline,alpha,13-2010-anest 20100322 132.003.set,,csd_phase_only,D_eff,8.406837671293472,9.108076925884196,,
Chennu,13,baseline,alpha,13-2010-anest 20100322 132.003.set,,csd_phase_only,M_tau,0.025653807702146533,0.027521331825247165,,
Chennu,13,mild,alpha,13-2010-anest 20100322 132.008.set,,csd_phase_only,Pi,0.8045977011494254,0.7701149425287356,,
Chennu,13,mild,alpha,13-2010-anest 20100322 132.008.set,,csd_phase_only,R,0.4208081547692662,0.4357038754322985,,
Chennu,13,mild,alpha,13-2010-anest 20100322 132.008.set,,csd_phase_only,D_eff,8.492581937603173,7.9802518010113666,,
Chennu,13,mild,alpha,13-2010-anest 20100322 132.008.set,,csd_phase_only,M_tau,0.025219091807666023,0.027255710313432546,,
Chennu,13,moderate,alpha,13-2010-anest 20100322 132.013.set,,csd_phase_only,Pi,0.6551724137931034,0.6436781609195401,,
Chennu,13,moderate,alpha,13-2010-anest 20100322 132.013.set,,csd_phase_only,R,0.42426690893472735,0.39217476515540267,,
Chennu,13,moderate,alpha,13-2010-anest 20100322 132.013.set,,csd_phase_only,D_eff,8.213898016817136,8.67718471031775,,
Chennu,13,moderate,alpha,13-2010-anest 20100322 132.013.set,,csd_phase_only,M_tau,0.02255008067692885,0.023274034178034874,,
Chennu,13,recovery,alpha,13-2010-anest 20100322 132.026.set,,csd_phase_only,Pi,0.6781609195402297,0.7931034482758621,,
Chennu,13,recovery,alpha,13-2010-anest 20100322 132.026.set,,csd_phase_only,R,0.4000288979108763,0.4142875006427862,,
Chennu,13,recovery,alpha,13-2010-anest 20100322 132.026.set,,csd_phase_only,D_eff,8.836538314444018,9.17742985966885,,
Chennu,13,recovery,alpha,13-2010-anest 20100322 132.026.set,,csd_phase_only,M_tau,0.023248930233754187,0.028940789607687836,,
Chennu,14,baseline,alpha,14-2010-anest 20100324 125.007.set,,csd_phase_only,Pi,0.8505747126436782,0.8045977011494252,,
Chennu,14,baseline,alpha,14-2010-anest 20100324 125.007.set,,csd_phase_only,R,0.3650316995772525,0.3283971195996642,,
Chennu,14,baseline,alpha,14-2010-anest 20100324 125.007.set,,csd_phase_only,D_eff,11.684861823514323,11.247572561423276,,
Chennu,14,baseline,alpha,14-2010-anest 20100324 125.007.set,,csd_phase_only,M_tau,0.023073026242354217,0.02113468908495042,,
Chennu,14,mild,alpha,14-2010-anest 20100324 132.011.set,,csd_phase_only,Pi,0.9310344827586207,0.9310344827586207,,
Chennu,14,mild,alpha,14-2010-anest 20100324 132.011.set,,csd_phase_only,R,0.35881425812530804,0.3676093169881582,,
Chennu,14,mild,alpha,14-2010-anest 20100324 132.011.set,,csd_phase_only,D_eff,12.326465515486976,11.923966285864024,,
Chennu,14,mild,alpha,14-2010-anest 20100324 132.011.set,,csd_phase_only,M_tau,0.01962188621545865,0.02522372804376531,,
Chennu,14,moderate,alpha,14-2010-anest 20100324 132.016.set,,csd_phase_only,Pi,0.9310344827586207,0.9310344827586207,,
Chennu,14,moderate,alpha,14-2010-anest 20100324 132.016.set,,csd_phase_only,R,0.3493190341485105,0.38338845543270117,,
Chennu,14,moderate,alpha,14-2010-anest 20100324 132.016.set,,csd_phase_only,D_eff,12.121879314900408,10.619352152797351,,
Chennu,14,moderate,alpha,14-2010-anest 20100324 132.016.set,,csd_phase_only,M_tau,0.0208728939977754,0.02012823196148911,,
Chennu,14,recovery,alpha,14-2010-anest 20100324 132.031.set,,csd_phase_only,Pi,0.896551724137931,0.9540229885057472,,
Chennu,14,recovery,alpha,14-2010-anest 20100324 132.031.set,,csd_phase_only,R,0.3435465928847678,0.3509790055075424,,
Chennu,14,recovery,alpha,14-2010-anest 20100324 132.031.set,,csd_phase_only,D_eff,12.673202264393868,12.11406685981526,,
Chennu,14,recovery,alpha,14-2010-anest 20100324 132.031.set,,csd_phase_only,M_tau,0.021311716171713953,0.021438079199435887,,
Chennu,18,baseline,alpha,18-2010-anest 20100331 140.003.set,,csd_phase_only,Pi,0.7816091954022989,0.8735632183908046,,
Chennu,18,baseline,alpha,18-2010-anest 20100331 140.003.set,,csd_phase_only,R,0.4977719987566913,0.5501820057441926,,
Chennu,18,baseline,alpha,18-2010-anest 20100331 140.003.set,,csd_phase_only,D_eff,8.105575002733767,6.779515424670712,,
Chennu,18,baseline,alpha,18-2010-anest 20100331 140.003.set,,csd_phase_only,M_tau,0.02842724666584682,0.02936952834589931,,
Chennu,18,mild,alpha,18-2010-anest 20100331 140.009.set,,csd_phase_only,Pi,0.7126436781609194,0.7931034482758621,,
Chennu,18,mild,alpha,18-2010-anest 20100331 140.009.set,,csd_phase_only,R,0.6113078573855452,0.5685487432184991,,
Chennu,18,mild,alpha,18-2010-anest 20100331 140.009.set,,csd_phase_only,D_eff,5.691507288037487,6.803468827955609,,
Chennu,18,mild,alpha,18-2010-anest 20100331 140.009.set,,csd_phase_only,M_tau,0.019582478265466507,0.024441739880800152,,
Chennu,18,moderate,alpha,18-2010-anest 20100331 140.014.set,,csd_phase_only,Pi,0.6896551724137929,0.747126436781609,,
Chennu,18,moderate,alpha,18-2010-anest 20100331 140.014.set,,csd_phase_only,R,0.5433507749631421,0.4801870511159581,,
Chennu,18,moderate,alpha,18-2010-anest 20100331 140.014.set,,csd_phase_only,D_eff,7.385598339507192,8.629789636752092,,
Chennu,18,moderate,alpha,18-2010-anest 20100331 140.014.set,,csd_phase_only,M_tau,0.02223961382804544,0.029233633355565627,,
Chennu,18,recovery,alpha,18-2010-anest 20100331 140.027.set,,csd_phase_only,Pi,0.8620689655172413,0.8160919540229885,,
Chennu,18,recovery,alpha,18-2010-anest 20100331 140.027.set,,csd_phase_only,R,0.5563237126408892,0.5178419581667288,,
Chennu,18,recovery,alpha,18-2010-anest 20100331 140.027.set,,csd_phase_only,D_eff,7.273690861300733,8.07958186379421,,
Chennu,18,recovery,alpha,18-2010-anest 20100331 140.027.set,,csd_phase_only,M_tau,0.030446831596184845,0.026739045158529467,,
Chennu,20,baseline,alpha,20-2010-anest 20100414 131.004.set,,csd_phase_only,Pi,0.9080459770114943,0.7471264367816091,,
Chennu,20,baseline,alpha,20-2010-anest 20100414 131.004.set,,csd_phase_only,R,0.3415472718665084,0.38345126837601107,,
Chennu,20,baseline,alpha,20-2010-anest 20100414 131.004.set,,csd_phase_only,D_eff,14.469873857994665,13.847351327642746,,
Chennu,20,baseline,alpha,20-2010-anest 20100414 131.004.set,,csd_phase_only,M_tau,0.024937093732794412,0.028209620180049497,,
Chennu,20,mild,alpha,20-2010-anest 20100414 131.009.set,,csd_phase_only,Pi,0.8735632183908045,0.7471264367816093,,
Chennu,20,mild,alpha,20-2010-anest 20100414 131.009.set,,csd_phase_only,R,0.3319165151101681,0.39739820732393244,,
Chennu,20,mild,alpha,20-2010-anest 20100414 131.009.set,,csd_phase_only,D_eff,13.64149194849729,9.92320038089161,,
Chennu,20,mild,alpha,20-2010-anest 20100414 131.009.set,,csd_phase_only,M_tau,0.023423098498317807,0.02731338948847182,,
Chennu,20,moderate,alpha,20-2010-anest 20100414 131.022.set,,csd_phase_only,Pi,0.7126436781609196,0.7816091954022989,,
Chennu,20,moderate,alpha,20-2010-anest 20100414 131.022.set,,csd_phase_only,R,0.40770753170372837,0.41871044781511313,,
Chennu,20,moderate,alpha,20-2010-anest 20100414 131.022.set,,csd_phase_only,D_eff,10.22665244402525,11.390827818991506,,
Chennu,20,moderate,alpha,20-2010-anest 20100414 131.022.set,,csd_phase_only,M_tau,0.025330038051387026,0.025878600419800925,,
Chennu,20,recovery,alpha,20-2010-anest 20100414 131.027.set,,csd_phase_only,Pi,0.8390804597701149,0.6436781609195402,,
Chennu,20,recovery,alpha,20-2010-anest 20100414 131.027.set,,csd_phase_only,R,0.36276324138195976,0.4381159167199855,,
Chennu,20,recovery,alpha,20-2010-anest 20100414 131.027.set,,csd_phase_only,D_eff,12.922997759747654,9.414517841963837,,
Chennu,20,recovery,alpha,20-2010-anest 20100414 131.027.set,,csd_phase_only,M_tau,0.02533596958210619,0.026308565976284573,,
Chennu,22,baseline,alpha,22-2010-anest 20100415 132.004.set,,csd_phase_only,Pi,0.8160919540229885,0.8390804597701149,,
Chennu,22,baseline,alpha,22-2010-anest 20100415 132.004.set,,csd_phase_only,R,0.3612175983187124,0.3601949436071568,,
Chennu,22,baseline,alpha,22-2010-anest 20100415 132.004.set,,csd_phase_only,D_eff,12.03357166437693,11.711845156393197,,
Chennu,22,baseline,alpha,22-2010-anest 20100415 132.004.set,,csd_phase_only,M_tau,0.024393615017541472,0.025338195054187555,,
Chennu,22,mild,alpha,22-2010-anest 20100415 132.009.set,,csd_phase_only,Pi,0.6551724137931034,0.6666666666666667,,
Chennu,22,mild,alpha,22-2010-anest 20100415 132.009.set,,csd_phase_only,R,0.3725044406998014,0.3173522055064885,,
Chennu,22,mild,alpha,22-2010-anest 20100415 132.009.set,,csd_phase_only,D_eff,10.880281380704526,11.799163814228935,,
Chennu,22,mild,alpha,22-2010-anest 20100415 132.009.set,,csd_phase_only,M_tau,0.0276701245853661,0.022235485323667006,,
Chennu,22,moderate,alpha,22-2010-anest 20100415 132.014.set,,csd_phase_only,Pi,0.6781609195402298,0.7471264367816094,,
Chennu,22,moderate,alpha,22-2010-anest 20100415 132.014.set,,csd_phase_only,R,0.3961051806411115,0.46059449691085785,,
Chennu,22,moderate,alpha,22-2010-anest 20100415 132.014.set,,csd_phase_only,D_eff,12.065787920417492,9.962440305684073,,
Chennu,22,moderate,alpha,22-2010-anest 20100415 132.014.set,,csd_phase_only,M_tau,0.029084017306864357,0.0278225882486069,,
Chennu,22,recovery,alpha,22-2010-anest 20100415 154.003.set,,csd_phase_only,Pi,0.7241379310344828,0.6436781609195402,,
Chennu,22,recovery,alpha,22-2010-anest 20100415 154.003.set,,csd_phase_only,R,0.4255461289465687,0.4231878258038425,,
Chennu,22,recovery,alpha,22-2010-anest 20100415 154.003.set,,csd_phase_only,D_eff,9.89678318138185,8.71085574962839,,
Chennu,22,recovery,alpha,22-2010-anest 20100415 154.003.set,,csd_phase_only,M_tau,0.025802289528763338,0.024677936560201074,,
Chennu,23,baseline,alpha,23-2010-anest 20100420 094.003.set,,csd_phase_only,Pi,0.9080459770114943,0.7471264367816091,,
Chennu,23,baseline,alpha,23-2010-anest 20100420 094.003.set,,csd_phase_only,R,0.46211640376999746,0.410356464536299,,
Chennu,23,baseline,alpha,23-2010-anest 20100420 094.003.set,,csd_phase_only,D_eff,8.781952846401053,8.47043368052149,,
Chennu,23,baseline,alpha,23-2010-anest 20100420 094.003.set,,csd_phase_only,M_tau,0.025172279586448697,0.023897950330738126,,
Chennu,23,mild,alpha,23-2010-anest 20100420 094.008.set,,csd_phase_only,Pi,0.8620689655172413,0.8735632183908045,,
Chennu,23,mild,alpha,23-2010-anest 20100420 094.008.set,,csd_phase_only,R,0.4846291386868609,0.4345155227790326,,
Chennu,23,mild,alpha,23-2010-anest 20100420 094.008.set,,csd_phase_only,D_eff,7.373325428187847,7.104572150973474,,
Chennu,23,mild,alpha,23-2010-anest 20100420 094.008.set,,csd_phase_only,M_tau,0.02728648535072661,0.02334051606158909,,
Chennu,23,moderate,alpha,23-2010-anest 20100420 094.022.set,,csd_phase_only,Pi,0.8505747126436781,0.839080459770115,,
Chennu,23,moderate,alpha,23-2010-anest 20100420 094.022.set,,csd_phase_only,R,0.4719551626608375,0.42382443912550605,,
Chennu,23,moderate,alpha,23-2010-anest 20100420 094.022.set,,csd_phase_only,D_eff,8.068722628794701,9.677665980938944,,
Chennu,23,moderate,alpha,23-2010-anest 20100420 094.022.set,,csd_phase_only,M_tau,0.023360605971719958,0.025069064875582348,,
Chennu,23,recovery,alpha,23-2010-anest 20100420 094.027.set,,csd_phase_only,Pi,0.8390804597701149,0.8045977011494252,,
Chennu,23,recovery,alpha,23-2010-anest 20100420 094.027.set,,csd_phase_only,R,0.4909022789188043,0.509024331535633,,
Chennu,23,recovery,alpha,23-2010-anest 20100420 094.027.set,,csd_phase_only,D_eff,7.423178680104166,6.527430420200216,,
Chennu,23,recovery,alpha,23-2010-anest 20100420 094.027.set,,csd_phase_only,M_tau,0.02530483167653385,0.022349188535479184,,
Chennu,24,baseline,alpha,24-2010-anest 20100420 134.003.set,,csd_phase_only,Pi,0.7471264367816093,0.9080459770114943,,
Chennu,24,baseline,alpha,24-2010-anest 20100420 134.003.set,,csd_phase_only,R,0.42697037435732704,0.43362935052692264,,
Chennu,24,baseline,alpha,24-2010-anest 20100420 134.003.set,,csd_phase_only,D_eff,10.228325691192305,9.843156193382136,,
Chennu,24,baseline,alpha,24-2010-anest 20100420 134.003.set,,csd_phase_only,M_tau,0.02409624000542756,0.02401424955831255,,
Chennu,24,mild,alpha,24-2010-anest 20100420 134.010.set,,csd_phase_only,Pi,0.7701149425287357,0.8160919540229886,,
Chennu,24,mild,alpha,24-2010-anest 20100420 134.010.set,,csd_phase_only,R,0.4340884557331914,0.42781570713032435,,
Chennu,24,mild,alpha,24-2010-anest 20100420 134.010.set,,csd_phase_only,D_eff,8.063220782148115,7.71458527757839,,
Chennu,24,mild,alpha,24-2010-anest 20100420 134.010.set,,csd_phase_only,M_tau,0.025172623200072308,0.024504675913695737,,
Chennu,24,moderate,alpha,24-2010-anest 20100420 134.015.set,,csd_phase_only,Pi,0.5287356321839081,0.7701149425287356,,
Chennu,24,moderate,alpha,24-2010-anest 20100420 134.015.set,,csd_phase_only,R,0.5507440032148455,0.4560170418810508,,
Chennu,24,moderate,alpha,24-2010-anest 20100420 134.015.set,,csd_phase_only,D_eff,5.493737442454863,8.57324362996873,,
Chennu,24,moderate,alpha,24-2010-anest 20100420 134.015.set,,csd_phase_only,M_tau,0.023260273321923517,0.023251016063861273,,
Chennu,24,recovery,alpha,24-2010-anest 20100420 134.028.set,,csd_phase_only,Pi,0.8505747126436782,0.8850574712643678,,
Chennu,24,recovery,alpha,24-2010-anest 20100420 134.028.set,,csd_phase_only,R,0.39242489302488204,0.40048900328889975,,
Chennu,24,recovery,alpha,24-2010-anest 20100420 134.028.set,,csd_phase_only,D_eff,10.803467075367248,9.305548944318877,,
Chennu,24,recovery,alpha,24-2010-anest 20100420 134.028.set,,csd_phase_only,M_tau,0.025043013668683115,0.02479612585281192,,
Chennu,25,baseline,alpha,25-2010-anest 20100422 133.003.set,,csd_phase_only,Pi,0.8965517241379309,0.7586206896551724,,
Chennu,25,baseline,alpha,25-2010-anest 20100422 133.003.set,,csd_phase_only,R,0.35558126665322143,0.32935335740275196,,
Chennu,25,baseline,alpha,25-2010-anest 20100422 133.003.set,,csd_phase_only,D_eff,13.38734878883159,12.58988432530939,,
Chennu,25,baseline,alpha,25-2010-anest 20100422 133.003.set,,csd_phase_only,M_tau,0.021678218327427282,0.020694674728747933,,
Chennu,25,mild,alpha,25-2010-anest 20100422 133.008.set,,csd_phase_only,Pi,0.8390804597701148,0.9080459770114943,,
Chennu,25,mild,alpha,25-2010-anest 20100422 133.008.set,,csd_phase_only,R,0.36823018538716207,0.335179287537797,,
Chennu,25,mild,alpha,25-2010-anest 20100422 133.008.set,,csd_phase_only,D_eff,12.886022676957506,12.93221395047582,,
Chennu,25,mild,alpha,25-2010-anest 20100422 133.008.set,,csd_phase_only,M_tau,0.022501786012493814,0.022583828236814367,,
Chennu,25,moderate,alpha,25-2010-anest 20100422 133.021.set,,csd_phase_only,Pi,0.8620689655172413,0.8850574712643678,,
Chennu,25,moderate,alpha,25-2010-anest 20100422 133.021.set,,csd_phase_only,R,0.3311576957295699,0.3579776969391232,,
Chennu,25,moderate,alpha,25-2010-anest 20100422 133.021.set,,csd_phase_only,D_eff,13.00256473068468,12.110765050620701,,
Chennu,25,moderate,alpha,25-2010-anest 20100422 133.021.set,,csd_phase_only,M_tau,0.022221872888378694,0.02605034014595527,,
Chennu,25,recovery,alpha,25-2010-anest 20100422 133.026.set,,csd_phase_only,Pi,0.8505747126436781,0.8850574712643677,,
Chennu,25,recovery,alpha,25-2010-anest 20100422 133.026.set,,csd_phase_only,R,0.4002509338320873,0.3631750807546329,,
Chennu,25,recovery,alpha,25-2010-anest 20100422 133.026.set,,csd_phase_only,D_eff,11.797111011377556,12.379288788977574,,
Chennu,25,recovery,alpha,25-2010-anest 20100422 133.026.set,,csd_phase_only,M_tau,0.026450316282179073,0.024753149993734225,,
Chennu,26,baseline,alpha,26-2010-anest 20100507 132.003.set,,csd_phase_only,Pi,0.8275862068965517,0.8275862068965517,,
Chennu,26,baseline,alpha,26-2010-anest 20100507 132.003.set,,csd_phase_only,R,0.43533024971201556,0.4313198682254289,,
Chennu,26,baseline,alpha,26-2010-anest 20100507 132.003.set,,csd_phase_only,D_eff,9.886076373866862,10.164109909362535,,
Chennu,26,baseline,alpha,26-2010-anest 20100507 132.003.set,,csd_phase_only,M_tau,0.02675425388450683,0.024754781894513325,,
Chennu,26,mild,alpha,26-2010-anest 20100507 132.008.set,,csd_phase_only,Pi,0.7241379310344828,0.7816091954022989,,
Chennu,26,mild,alpha,26-2010-anest 20100507 132.008.set,,csd_phase_only,R,0.4376506389778841,0.44861180120863403,,
Chennu,26,mild,alpha,26-2010-anest 20100507 132.008.set,,csd_phase_only,D_eff,9.363214022570016,9.956146027963086,,
Chennu,26,mild,alpha,26-2010-anest 20100507 132.008.set,,csd_phase_only,M_tau,0.026313924256015666,0.028186644875708957,,
Chennu,26,moderate,alpha,26-2010-anest 20100507 132.013.set,,csd_phase_only,Pi,0.7931034482758622,0.574712643678161,,
Chennu,26,moderate,alpha,26-2010-anest 20100507 132.013.set,,csd_phase_only,R,0.4612326297735177,0.39740104618260297,,
Chennu,26,moderate,alpha,26-2010-anest 20100507 132.013.set,,csd_phase_only,D_eff,9.546571071923434,11.733337001920777,,
Chennu,26,moderate,alpha,26-2010-anest 20100507 132.013.set,,csd_phase_only,M_tau,0.030107190500354184,0.027463278139278634,,
Chennu,26,recovery,alpha,26-2010-anest 20100507 132.026.set,,csd_phase_only,Pi,0.8045977011494252,0.8390804597701149,,
Chennu,26,recovery,alpha,26-2010-anest 20100507 132.026.set,,csd_phase_only,R,0.46254616885261596,0.4360662343084746,,
Chennu,26,recovery,alpha,26-2010-anest 20100507 132.026.set,,csd_phase_only,D_eff,9.169424146877173,9.236884658724732,,
Chennu,26,recovery,alpha,26-2010-anest 20100507 132.026.set,,csd_phase_only,M_tau,0.0285152684239248,0.024063202637856305,,
Chennu,27,baseline,alpha,27-2010-anest 20100823 104.001.set,,csd_phase_only,Pi,0.9080459770114944,0.7471264367816093,,
Chennu,27,baseline,alpha,27-2010-anest 20100823 104.001.set,,csd_phase_only,R,0.5696268637980002,0.5178546275723328,,
Chennu,27,baseline,alpha,27-2010-anest 20100823 104.001.set,,csd_phase_only,D_eff,7.058343905885291,8.226129370254428,,
Chennu,27,baseline,alpha,27-2010-anest 20100823 104.001.set,,csd_phase_only,M_tau,0.03132624263998321,0.03304060913041644,,
Chennu,27,mild,alpha,27-2010-anest 20100823 104.010.set,,csd_phase_only,Pi,0.9425287356321839,0.8160919540229886,,
Chennu,27,mild,alpha,27-2010-anest 20100823 104.010.set,,csd_phase_only,R,0.5419945216430625,0.5202979735304193,,
Chennu,27,mild,alpha,27-2010-anest 20100823 104.010.set,,csd_phase_only,D_eff,7.894788941441132,8.311285512456744,,
Chennu,27,mild,alpha,27-2010-anest 20100823 104.010.set,,csd_phase_only,M_tau,0.029830828586090513,0.0283404625781293,,
Chennu,27,moderate,alpha,27-2010-anest 20100823 104.023.set,,csd_phase_only,Pi,0.39080459770114945,0.2988505747126436,,
Chennu,27,moderate,alpha,27-2010-anest 20100823 104.023.set,,csd_phase_only,R,0.37605242999989147,0.3600667562327492,,
Chennu,27,moderate,alpha,27-2010-anest 20100823 104.023.set,,csd_phase_only,D_eff,12.717811560125067,13.358220262623924,,
Chennu,27,moderate,alpha,27-2010-anest 20100823 104.023.set,,csd_phase_only,M_tau,0.024977451490095195,0.02442232314425281,,
Chennu,27,recovery,alpha,27-2010-anest 20100823 104.028.set,,csd_phase_only,Pi,0.6896551724137931,0.6436781609195401,,
Chennu,27,recovery,alpha,27-2010-anest 20100823 104.028.set,,csd_phase_only,R,0.616299157971242,0.5211822514459794,,
Chennu,27,recovery,alpha,27-2010-anest 20100823 104.028.set,,csd_phase_only,D_eff,6.09047489087721,8.553662305110908,,
Chennu,27,recovery,alpha,27-2010-anest 20100823 104.028.set,,csd_phase_only,M_tau,0.024719833213419702,0.027701221317502106,,
Chennu,28,baseline,alpha,28-2010-anest 20100824 092.004.set,,csd_phase_only,Pi,0.7931034482758621,0.8620689655172415,,
Chennu,28,baseline,alpha,28-2010-anest 20100824 092.004.set,,csd_phase_only,R,0.41611610358314727,0.4006699886369671,,
Chennu,28,baseline,alpha,28-2010-anest 20100824 092.004.set,,csd_phase_only,D_eff,10.531942984393542,10.35499309067331,,
Chennu,28,baseline,alpha,28-2010-anest 20100824 092.004.set,,csd_phase_only,M_tau,0.03120372000272802,0.02776259039128586,,
Chennu,28,mild,alpha,28-2010-anest 20100824 092.011.set,,csd_phase_only,Pi,0.7471264367816093,0.7011494252873562,,
Chennu,28,mild,alpha,28-2010-anest 20100824 092.011.set,,csd_phase_only,R,0.4230251316449795,0.40401455074535186,,
Chennu,28,mild,alpha,28-2010-anest 20100824 092.011.set,,csd_phase_only,D_eff,9.236403043119632,8.638492995870898,,
Chennu,28,mild,alpha,28-2010-anest 20100824 092.011.set,,csd_phase_only,M_tau,0.023725825644732156,0.023851056907403665,,
Chennu,28,moderate,alpha,28-2010-anest 20100824 092.016.set,,csd_phase_only,Pi,0.7701149425287356,0.5402298850574713,,
Chennu,28,moderate,alpha,28-2010-anest 20100824 092.016.set,,csd_phase_only,R,0.38038438723335327,0.40058488584789775,,
Chennu,28,moderate,alpha,28-2010-anest 20100824 092.016.set,,csd_phase_only,D_eff,9.60819339767356,8.014225745245472,,
Chennu,28,moderate,alpha,28-2010-anest 20100824 092.016.set,,csd_phase_only,M_tau,0.023034604519679563,0.017953306387656638,,
Chennu,28,recovery,alpha,28-2010-anest 20100824 092.029.set,,csd_phase_only,Pi,0.7471264367816093,0.6896551724137931,,
Chennu,28,recovery,alpha,28-2010-anest 20100824 092.029.set,,csd_phase_only,R,0.400710640230596,0.39395350024156245,,
Chennu,28,recovery,alpha,28-2010-anest 20100824 092.029.set,,csd_phase_only,D_eff,9.581257423912511,9.589477704916119,,
Chennu,28,recovery,alpha,28-2010-anest 20100824 092.029.set,,csd_phase_only,M_tau,0.024630607145962092,0.025898476452629497,,
Chennu,29,baseline,alpha,29-2010-anest 20100921 142.005.set,,csd_phase_only,Pi,0.8275862068965517,0.8275862068965517,,
Chennu,29,baseline,alpha,29-2010-anest 20100921 142.005.set,,csd_phase_only,R,0.34978679767653825,0.345489077118772,,
Chennu,29,baseline,alpha,29-2010-anest 20100921 142.005.set,,csd_phase_only,D_eff,10.357327394277258,9.951051222265342,,
Chennu,29,baseline,alpha,29-2010-anest 20100921 142.005.set,,csd_phase_only,M_tau,0.020184522021431544,0.018117463772046608,,
Chennu,29,mild,alpha,29-2010-anest 20100921 142.010.set,,csd_phase_only,Pi,0.8850574712643677,0.8505747126436782,,
Chennu,29,mild,alpha,29-2010-anest 20100921 142.010.set,,csd_phase_only,R,0.346272455529953,0.3697654887153073,,
Chennu,29,mild,alpha,29-2010-anest 20100921 142.010.set,,csd_phase_only,D_eff,9.619605238149315,9.53523724336393,,
Chennu,29,mild,alpha,29-2010-anest 20100921 142.010.set,,csd_phase_only,M_tau,0.021737186134861936,0.020949611201762572,,
Chennu,29,moderate,alpha,29-2010-anest 20100921 142.023.set,,csd_phase_only,Pi,0.8505747126436782,0.8275862068965518,,
Chennu,29,moderate,alpha,29-2010-anest 20100921 142.023.set,,csd_phase_only,R,0.34652458339331,0.35790523307802424,,
Chennu,29,moderate,alpha,29-2010-anest 20100921 142.023.set,,csd_phase_only,D_eff,10.338958550789705,10.44548678107173,,
Chennu,29,moderate,alpha,29-2010-anest 20100921 142.023.set,,csd_phase_only,M_tau,0.019523653130170415,0.021164525960909585,,
Chennu,29,recovery,alpha,29-2010-anest 20100921 142.028.set,,csd_phase_only,Pi,0.7471264367816091,0.8275862068965517,,
Chennu,29,recovery,alpha,29-2010-anest 20100921 142.028.set,,csd_phase_only,R,0.36137713739072336,0.37346603937701234,,
Chennu,29,recovery,alpha,29-2010-anest 20100921 142.028.set,,csd_phase_only,D_eff,8.845911796058989,9.156751361003284,,
Chennu,29,recovery,alpha,29-2010-anest 20100921 142.028.set,,csd_phase_only,M_tau,0.018926739479426944,0.019987174730377075,,
DS005620,1010,awake,alpha,sub-1010_task-awake_acq-EC_eeg.vhdr,,csd_phase_only,Pi,0.8275862068965517,0.8275862068965517,,
DS005620,1010,awake,alpha,sub-1010_task-awake_acq-EC_eeg.vhdr,,csd_phase_only,R,0.2508662596850024,0.26601860302823627,,
DS005620,1010,awake,alpha,sub-1010_task-awake_acq-EC_eeg.vhdr,,csd_phase_only,D_eff,14.720226690048435,15.634881890529828,,
DS005620,1010,awake,alpha,sub-1010_task-awake_acq-EC_eeg.vhdr,,csd_phase_only,M_tau,0.012583823555410852,0.01398868846592852,,
DS005620,1010,sed2,alpha,sub-1010_task-sed2_acq-rest_run-1_eeg.vhdr,1.0,csd_phase_only,Pi,0.2807017543859649,0.1754385964912281,,
DS005620,1010,sed2,alpha,sub-1010_task-sed2_acq-rest_run-1_eeg.vhdr,1.0,csd_phase_only,R,0.1825808662577736,0.167141460899909,,
DS005620,1010,sed2,alpha,sub-1010_task-sed2_acq-rest_run-1_eeg.vhdr,1.0,csd_phase_only,D_eff,12.851891004736409,13.60708489703866,,
DS005620,1010,sed2,alpha,sub-1010_task-sed2_acq-rest_run-1_eeg.vhdr,1.0,csd_phase_only,M_tau,0.007284974818194516,0.006037091623731363,,
DS005620,1010,sed2,alpha,sub-1010_task-sed2_acq-rest_run-2_eeg.vhdr,2.0,csd_phase_only,Pi,0.5964912280701755,0.5438596491228069,,
DS005620,1010,sed2,alpha,sub-1010_task-sed2_acq-rest_run-2_eeg.vhdr,2.0,csd_phase_only,R,0.22102394857270655,0.21926944584279104,,
DS005620,1010,sed2,alpha,sub-1010_task-sed2_acq-rest_run-2_eeg.vhdr,2.0,csd_phase_only,D_eff,14.710631321394706,13.656599159674919,,
DS005620,1010,sed2,alpha,sub-1010_task-sed2_acq-rest_run-2_eeg.vhdr,2.0,csd_phase_only,M_tau,0.011372741825478096,0.010839524239483984,,
DS005620,1010,sed2,alpha,sub-1010_task-sed2_acq-rest_run-3_eeg.vhdr,3.0,csd_phase_only,Pi,0.5438596491228069,0.6491228070175439,,
DS005620,1010,sed2,alpha,sub-1010_task-sed2_acq-rest_run-3_eeg.vhdr,3.0,csd_phase_only,R,0.19319877968610819,0.20737739905816074,,
DS005620,1010,sed2,alpha,sub-1010_task-sed2_acq-rest_run-3_eeg.vhdr,3.0,csd_phase_only,D_eff,13.96947720019817,14.48685306875962,,
DS005620,1010,sed2,alpha,sub-1010_task-sed2_acq-rest_run-3_eeg.vhdr,3.0,csd_phase_only,M_tau,0.010228333604753073,0.01076851965485223,,
DS005620,1010,sed,alpha,sub-1010_task-sed_acq-rest_run-1_eeg.vhdr,1.0,csd_phase_only,Pi,0.1264367816091954,0.2068965517241379,,
DS005620,1010,sed,alpha,sub-1010_task-sed_acq-rest_run-1_eeg.vhdr,1.0,csd_phase_only,R,0.1762823458723376,0.18147405776756576,,
DS005620,1010,sed,alpha,sub-1010_task-sed_acq-rest_run-1_eeg.vhdr,1.0,csd_phase_only,D_eff,10.157739354416725,12.687584470636445,,
DS005620,1010,sed,alpha,sub-1010_task-sed_acq-rest_run-1_eeg.vhdr,1.0,csd_phase_only,M_tau,0.00727969156682952,0.007227384031290983,,
DS005620,1010,sed,alpha,sub-1010_task-sed_acq-rest_run-2_eeg.vhdr,2.0,csd_phase_only,Pi,0.6206896551724138,0.4482758620689655,,
DS005620,1010,sed,alpha,sub-1010_task-sed_acq-rest_run-2_eeg.vhdr,2.0,csd_phase_only,R,0.21550027987341816,0.20777193252669707,,
DS005620,1010,sed,alpha,sub-1010_task-sed_acq-rest_run-2_eeg.vhdr,2.0,csd_phase_only,D_eff,15.247369543619511,16.195724525703913,,
DS005620,1010,sed,alpha,sub-1010_task-sed_acq-rest_run-2_eeg.vhdr,2.0,csd_phase_only,M_tau,0.011983994980211021,0.009399370074539552,,
DS005620,1010,sed,alpha,sub-1010_task-sed_acq-rest_run-3_eeg.vhdr,3.0,csd_phase_only,Pi,0.5632183908045978,0.5862068965517241,,
DS005620,1010,sed,alpha,sub-1010_task-sed_acq-rest_run-3_eeg.vhdr,3.0,csd_phase_only,R,0.21261458850924947,0.19996451161654452,,
DS005620,1010,sed,alpha,sub-1010_task-sed_acq-rest_run-3_eeg.vhdr,3.0,csd_phase_only,D_eff,14.401471626950551,14.342232131461795,,
DS005620,1010,sed,alpha,sub-1010_task-sed_acq-rest_run-3_eeg.vhdr,3.0,csd_phase_only,M_tau,0.011273589500476775,0.01149281747912338,,
DS005620,1016,awake,alpha,sub-1016_task-awake_acq-EC_eeg.vhdr,,csd_phase_only,Pi,0.839080459770115,0.8160919540229885,,
DS005620,1016,awake,alpha,sub-1016_task-awake_acq-EC_eeg.vhdr,,csd_phase_only,R,0.23403077562255795,0.2125488788295135,,
DS005620,1016,awake,alpha,sub-1016_task-awake_acq-EC_eeg.vhdr,,csd_phase_only,D_eff,13.954844687586155,16.540781379437483,,
DS005620,1016,awake,alpha,sub-1016_task-awake_acq-EC_eeg.vhdr,,csd_phase_only,M_tau,0.011081291979603692,0.012345018818949392,,
DS005620,1016,sed2,alpha,sub-1016_task-sed2_acq-rest_run-1_eeg.vhdr,1.0,csd_phase_only,Pi,0.9298245614035087,0.8771929824561402,,
DS005620,1016,sed2,alpha,sub-1016_task-sed2_acq-rest_run-1_eeg.vhdr,1.0,csd_phase_only,R,0.20927611376444363,0.2167870060034812,,
DS005620,1016,sed2,alpha,sub-1016_task-sed2_acq-rest_run-1_eeg.vhdr,1.0,csd_phase_only,D_eff,14.185771441140371,14.464365960308603,,
DS005620,1016,sed2,alpha,sub-1016_task-sed2_acq-rest_run-1_eeg.vhdr,1.0,csd_phase_only,M_tau,0.011370308016465984,0.01105339076067706,,
DS005620,1016,sed2,alpha,sub-1016_task-sed2_acq-rest_run-2_eeg.vhdr,2.0,csd_phase_only,Pi,0.8421052631578947,0.8596491228070174,,
DS005620,1016,sed2,alpha,sub-1016_task-sed2_acq-rest_run-2_eeg.vhdr,2.0,csd_phase_only,R,0.20306693687868752,0.19724809923318654,,
DS005620,1016,sed2,alpha,sub-1016_task-sed2_acq-rest_run-2_eeg.vhdr,2.0,csd_phase_only,D_eff,15.186516564898952,15.403148470265212,,
DS005620,1016,sed2,alpha,sub-1016_task-sed2_acq-rest_run-2_eeg.vhdr,2.0,csd_phase_only,M_tau,0.009067172198168638,0.01105129042710921,,
DS005620,1016,sed,alpha,sub-1016_task-sed_acq-rest_run-1_eeg.vhdr,1.0,csd_phase_only,Pi,0.8275862068965517,0.839080459770115,,
DS005620,1016,sed,alpha,sub-1016_task-sed_acq-rest_run-1_eeg.vhdr,1.0,csd_phase_only,R,0.22441186465985116,0.2408378813393637,,
DS005620,1016,sed,alpha,sub-1016_task-sed_acq-rest_run-1_eeg.vhdr,1.0,csd_phase_only,D_eff,14.42822876710311,13.965540301397196,,
DS005620,1016,sed,alpha,sub-1016_task-sed_acq-rest_run-1_eeg.vhdr,1.0,csd_phase_only,M_tau,0.011157780137169613,0.013664260827087438,,
DS005620,1016,sed,alpha,sub-1016_task-sed_acq-rest_run-2_eeg.vhdr,2.0,csd_phase_only,Pi,0.8735632183908045,0.8850574712643677,,
DS005620,1016,sed,alpha,sub-1016_task-sed_acq-rest_run-2_eeg.vhdr,2.0,csd_phase_only,R,0.25503406992275757,0.2110843845771227,,
DS005620,1016,sed,alpha,sub-1016_task-sed_acq-rest_run-2_eeg.vhdr,2.0,csd_phase_only,D_eff,15.256138835938671,14.706602586914299,,
DS005620,1016,sed,alpha,sub-1016_task-sed_acq-rest_run-2_eeg.vhdr,2.0,csd_phase_only,M_tau,0.014391760523864816,0.010448183488595386,,
DS005620,1016,sed,alpha,sub-1016_task-sed_acq-rest_run-3_eeg.vhdr,3.0,csd_phase_only,Pi,0.8620689655172413,0.9080459770114943,,
DS005620,1016,sed,alpha,sub-1016_task-sed_acq-rest_run-3_eeg.vhdr,3.0,csd_phase_only,R,0.2236969337361982,0.2121969302279683,,
DS005620,1016,sed,alpha,sub-1016_task-sed_acq-rest_run-3_eeg.vhdr,3.0,csd_phase_only,D_eff,15.595757182506192,15.627391314357228,,
DS005620,1016,sed,alpha,sub-1016_task-sed_acq-rest_run-3_eeg.vhdr,3.0,csd_phase_only,M_tau,0.011399775619801059,0.010422484371992358,,
DS005620,1017,awake,alpha,sub-1017_task-awake_acq-EC_eeg.vhdr,,csd_phase_only,Pi,0.8160919540229884,0.839080459770115,,
DS005620,1017,awake,alpha,sub-1017_task-awake_acq-EC_eeg.vhdr,,csd_phase_only,R,0.2446931183209885,0.243595562583654,,
DS005620,1017,awake,alpha,sub-1017_task-awake_acq-EC_eeg.vhdr,,csd_phase_only,D_eff,13.721788786385327,15.413783906210814,,
DS005620,1017,awake,alpha,sub-1017_task-awake_acq-EC_eeg.vhdr,,csd_phase_only,M_tau,0.013376508625319757,0.013162483021130935,,
DS005620,1017,sed2,alpha,sub-1017_task-sed2_acq-rest_run-1_eeg.vhdr,1.0,csd_phase_only,Pi,0.14035087719298245,0.017543859649122806,,
DS005620,1017,sed2,alpha,sub-1017_task-sed2_acq-rest_run-1_eeg.vhdr,1.0,csd_phase_only,R,0.1730195226943969,0.17220661386519767,,
DS005620,1017,sed2,alpha,sub-1017_task-sed2_acq-rest_run-1_eeg.vhdr,1.0,csd_phase_only,D_eff,8.86930395629903,8.280094005878562,,
DS005620,1017,sed2,alpha,sub-1017_task-sed2_acq-rest_run-1_eeg.vhdr,1.0,csd_phase_only,M_tau,0.005539979284872895,0.003824602699862711,,
DS005620,1017,sed2,alpha,sub-1017_task-sed2_acq-rest_run-2_eeg.vhdr,2.0,csd_phase_only,Pi,0.10526315789473684,0.12280701754385963,,
DS005620,1017,sed2,alpha,sub-1017_task-sed2_acq-rest_run-2_eeg.vhdr,2.0,csd_phase_only,R,0.1695770867038853,0.16148743939088195,,
DS005620,1017,sed2,alpha,sub-1017_task-sed2_acq-rest_run-2_eeg.vhdr,2.0,csd_phase_only,D_eff,9.63096309987463,9.49785410061381,,
DS005620,1017,sed2,alpha,sub-1017_task-sed2_acq-rest_run-2_eeg.vhdr,2.0,csd_phase_only,M_tau,0.004531633283468564,0.004353759772297426,,
DS005620,1017,sed,alpha,sub-1017_task-sed_acq-rest_run-1_eeg.vhdr,1.0,csd_phase_only,Pi,0.022988505747126436,0.04597701149425287,,
DS005620,1017,sed,alpha,sub-1017_task-sed_acq-rest_run-1_eeg.vhdr,1.0,csd_phase_only,R,0.1733661615773156,0.16166384006061127,,
DS005620,1017,sed,alpha,sub-1017_task-sed_acq-rest_run-1_eeg.vhdr,1.0,csd_phase_only,D_eff,8.337559217188621,8.557758290016265,,
DS005620,1017,sed,alpha,sub-1017_task-sed_acq-rest_run-1_eeg.vhdr,1.0,csd_phase_only,M_tau,0.004386305831290093,0.004126507521335027,,
DS005620,1017,sed,alpha,sub-1017_task-sed_acq-rest_run-2_eeg.vhdr,2.0,csd_phase_only,Pi,0.08045977011494251,0.06896551724137931,,
DS005620,1017,sed,alpha,sub-1017_task-sed_acq-rest_run-2_eeg.vhdr,2.0,csd_phase_only,R,0.15731510057410428,0.16652092528555013,,
DS005620,1017,sed,alpha,sub-1017_task-sed_acq-rest_run-2_eeg.vhdr,2.0,csd_phase_only,D_eff,9.080794123081807,9.357613856109367,,
DS005620,1017,sed,alpha,sub-1017_task-sed_acq-rest_run-2_eeg.vhdr,2.0,csd_phase_only,M_tau,0.004892686019345438,0.00447845704854639,,
DS005620,1022,awake,alpha,sub-1022_task-awake_acq-EC_eeg.vhdr,,csd_phase_only,Pi,0.8620689655172413,0.7931034482758621,,
DS005620,1022,awake,alpha,sub-1022_task-awake_acq-EC_eeg.vhdr,,csd_phase_only,R,0.32237234972128853,0.303175826818391,,
DS005620,1022,awake,alpha,sub-1022_task-awake_acq-EC_eeg.vhdr,,csd_phase_only,D_eff,12.526234176630831,13.417520224709722,,
DS005620,1022,awake,alpha,sub-1022_task-awake_acq-EC_eeg.vhdr,,csd_phase_only,M_tau,0.01592772706964572,0.017515753263423302,,
DS005620,1022,sed2,alpha,sub-1022_task-sed2_acq-rest_run-1_eeg.vhdr,1.0,csd_phase_only,Pi,0.4912280701754385,0.6842105263157895,,
DS005620,1022,sed2,alpha,sub-1022_task-sed2_acq-rest_run-1_eeg.vhdr,1.0,csd_phase_only,R,0.1979428599783073,0.2137587068115705,,
DS005620,1022,sed2,alpha,sub-1022_task-sed2_acq-rest_run-1_eeg.vhdr,1.0,csd_phase_only,D_eff,13.326615411506754,13.050175773583222,,
DS005620,1022,sed2,alpha,sub-1022_task-sed2_acq-rest_run-1_eeg.vhdr,1.0,csd_phase_only,M_tau,0.01009240364493732,0.01120819253704402,,
DS005620,1022,sed2,alpha,sub-1022_task-sed2_acq-rest_run-2_eeg.vhdr,2.0,csd_phase_only,Pi,0.5087719298245614,0.3684210526315789,,
DS005620,1022,sed2,alpha,sub-1022_task-sed2_acq-rest_run-2_eeg.vhdr,2.0,csd_phase_only,R,0.200996530229419,0.18932508729330513,,
DS005620,1022,sed2,alpha,sub-1022_task-sed2_acq-rest_run-2_eeg.vhdr,2.0,csd_phase_only,D_eff,11.440685373066092,10.849911999458481,,
DS005620,1022,sed2,alpha,sub-1022_task-sed2_acq-rest_run-2_eeg.vhdr,2.0,csd_phase_only,M_tau,0.010071646685725416,0.008105936140078814,,
DS005620,1022,sed2,alpha,sub-1022_task-sed2_acq-rest_run-3_eeg.vhdr,3.0,csd_phase_only,Pi,0.45614035087719307,0.4736842105263157,,
DS005620,1022,sed2,alpha,sub-1022_task-sed2_acq-rest_run-3_eeg.vhdr,3.0,csd_phase_only,R,0.1946132125154878,0.1983197820106369,,
DS005620,1022,sed2,alpha,sub-1022_task-sed2_acq-rest_run-3_eeg.vhdr,3.0,csd_phase_only,D_eff,11.356799396334418,11.59292220105272,,
DS005620,1022,sed2,alpha,sub-1022_task-sed2_acq-rest_run-3_eeg.vhdr,3.0,csd_phase_only,M_tau,0.009572013074530997,0.009348156100403139,,
DS005620,1022,sed,alpha,sub-1022_task-sed_acq-rest_run-1_eeg.vhdr,1.0,csd_phase_only,Pi,0.5632183908045977,0.5747126436781609,,
DS005620,1022,sed,alpha,sub-1022_task-sed_acq-rest_run-1_eeg.vhdr,1.0,csd_phase_only,R,0.22070722904114495,0.21472591874051172,,
DS005620,1022,sed,alpha,sub-1022_task-sed_acq-rest_run-1_eeg.vhdr,1.0,csd_phase_only,D_eff,14.64843071236515,14.901317974044021,,
DS005620,1022,sed,alpha,sub-1022_task-sed_acq-rest_run-1_eeg.vhdr,1.0,csd_phase_only,M_tau,0.010046461420757484,0.010724305943832037,,
DS005620,1022,sed,alpha,sub-1022_task-sed_acq-rest_run-2_eeg.vhdr,2.0,csd_phase_only,Pi,0.528735632183908,0.471264367816092,,
DS005620,1022,sed,alpha,sub-1022_task-sed_acq-rest_run-2_eeg.vhdr,2.0,csd_phase_only,R,0.21017477069608476,0.2037213799974932,,
DS005620,1022,sed,alpha,sub-1022_task-sed_acq-rest_run-2_eeg.vhdr,2.0,csd_phase_only,D_eff,14.483674713773224,13.726109262263776,,
DS005620,1022,sed,alpha,sub-1022_task-sed_acq-rest_run-2_eeg.vhdr,2.0,csd_phase_only,M_tau,0.009619808853633094,0.00990683513538074,,
DS005620,1022,sed,alpha,sub-1022_task-sed_acq-rest_run-3_eeg.vhdr,3.0,csd_phase_only,Pi,0.5977011494252873,0.7241379310344829,,
DS005620,1022,sed,alpha,sub-1022_task-sed_acq-rest_run-3_eeg.vhdr,3.0,csd_phase_only,R,0.2126243073011879,0.22784254002422963,,
DS005620,1022,sed,alpha,sub-1022_task-sed_acq-rest_run-3_eeg.vhdr,3.0,csd_phase_only,D_eff,14.17148929187441,14.503799848509486,,
DS005620,1022,sed,alpha,sub-1022_task-sed_acq-rest_run-3_eeg.vhdr,3.0,csd_phase_only,M_tau,0.012567980733111528,0.012625387549728665,,
DS005620,1024,awake,alpha,sub-1024_task-awake_acq-EC_eeg.vhdr,,csd_phase_only,Pi,0.8160919540229885,0.8390804597701149,,
DS005620,1024,awake,alpha,sub-1024_task-awake_acq-EC_eeg.vhdr,,csd_phase_only,R,0.2704589033176058,0.2958617917874797,,
DS005620,1024,awake,alpha,sub-1024_task-awake_acq-EC_eeg.vhdr,,csd_phase_only,D_eff,13.729717561175397,12.749976723050354,,
DS005620,1024,awake,alpha,sub-1024_task-awake_acq-EC_eeg.vhdr,,csd_phase_only,M_tau,0.01736380258818767,0.01672501420944888,,
DS005620,1024,sed2,alpha,sub-1024_task-sed2_acq-rest_run-1_eeg.vhdr,1.0,csd_phase_only,Pi,0.4912280701754385,0.45614035087719296,,
DS005620,1024,sed2,alpha,sub-1024_task-sed2_acq-rest_run-1_eeg.vhdr,1.0,csd_phase_only,R,0.21880009216416063,0.197549296963891,,
DS005620,1024,sed2,alpha,sub-1024_task-sed2_acq-rest_run-1_eeg.vhdr,1.0,csd_phase_only,D_eff,15.195160689018953,15.125938829702783,,
DS005620,1024,sed2,alpha,sub-1024_task-sed2_acq-rest_run-1_eeg.vhdr,1.0,csd_phase_only,M_tau,0.010610260502977906,0.010505931048477427,,
DS005620,1024,sed2,alpha,sub-1024_task-sed2_acq-rest_run-2_eeg.vhdr,2.0,csd_phase_only,Pi,0.7017543859649121,0.8070175438596491,,
DS005620,1024,sed2,alpha,sub-1024_task-sed2_acq-rest_run-2_eeg.vhdr,2.0,csd_phase_only,R,0.24101711414762214,0.246436485955879,,
DS005620,1024,sed2,alpha,sub-1024_task-sed2_acq-rest_run-2_eeg.vhdr,2.0,csd_phase_only,D_eff,14.729525005631142,13.964895009276868,,
DS005620,1024,sed2,alpha,sub-1024_task-sed2_acq-rest_run-2_eeg.vhdr,2.0,csd_phase_only,M_tau,0.012605091452789083,0.015500210205511233,,
DS005620,1024,sed2,alpha,sub-1024_task-sed2_acq-rest_run-3_eeg.vhdr,3.0,csd_phase_only,Pi,0.5087719298245614,0.5087719298245613,,
DS005620,1024,sed2,alpha,sub-1024_task-sed2_acq-rest_run-3_eeg.vhdr,3.0,csd_phase_only,R,0.19652266297835783,0.20472047188465478,,
DS005620,1024,sed2,alpha,sub-1024_task-sed2_acq-rest_run-3_eeg.vhdr,3.0,csd_phase_only,D_eff,12.343850139410446,13.483549207125726,,
DS005620,1024,sed2,alpha,sub-1024_task-sed2_acq-rest_run-3_eeg.vhdr,3.0,csd_phase_only,M_tau,0.01037691456942648,0.010979125599843445,,
DS005620,1024,sed,alpha,sub-1024_task-sed_acq-rest_run-1_eeg.vhdr,1.0,csd_phase_only,Pi,0.632183908045977,0.6206896551724138,,
DS005620,1024,sed,alpha,sub-1024_task-sed_acq-rest_run-1_eeg.vhdr,1.0,csd_phase_only,R,0.2129574155783317,0.22933360049769974,,
DS005620,1024,sed,alpha,sub-1024_task-sed_acq-rest_run-1_eeg.vhdr,1.0,csd_phase_only,D_eff,14.578734370981751,14.387471620416905,,
DS005620,1024,sed,alpha,sub-1024_task-sed_acq-rest_run-1_eeg.vhdr,1.0,csd_phase_only,M_tau,0.011772242685545435,0.010964718975733522,,
DS005620,1024,sed,alpha,sub-1024_task-sed_acq-rest_run-2_eeg.vhdr,2.0,csd_phase_only,Pi,0.6666666666666666,0.7011494252873561,,
DS005620,1024,sed,alpha,sub-1024_task-sed_acq-rest_run-2_eeg.vhdr,2.0,csd_phase_only,R,0.21543746506025832,0.2253924001445672,,
DS005620,1024,sed,alpha,sub-1024_task-sed_acq-rest_run-2_eeg.vhdr,2.0,csd_phase_only,D_eff,14.003648581853323,13.30543011364963,,
DS005620,1024,sed,alpha,sub-1024_task-sed_acq-rest_run-2_eeg.vhdr,2.0,csd_phase_only,M_tau,0.012334160883147031,0.011755492956989615,,
DS005620,1024,sed,alpha,sub-1024_task-sed_acq-rest_run-3_eeg.vhdr,3.0,csd_phase_only,Pi,0.6666666666666665,0.7816091954022988,,
DS005620,1024,sed,alpha,sub-1024_task-sed_acq-rest_run-3_eeg.vhdr,3.0,csd_phase_only,R,0.22329825735391426,0.24105762863294036,,
DS005620,1024,sed,alpha,sub-1024_task-sed_acq-rest_run-3_eeg.vhdr,3.0,csd_phase_only,D_eff,13.69749434297751,14.251113443651839,,
DS005620,1024,sed,alpha,sub-1024_task-sed_acq-rest_run-3_eeg.vhdr,3.0,csd_phase_only,M_tau,0.01133482118336819,0.013827739585943131,,
DS005620,1033,awake,alpha,sub-1033_task-awake_acq-EC_eeg.vhdr,,csd_phase_only,Pi,0.7816091954022989,0.8735632183908045,,
DS005620,1033,awake,alpha,sub-1033_task-awake_acq-EC_eeg.vhdr,,csd_phase_only,R,0.3535080851118558,0.351406898719316,,
DS005620,1033,awake,alpha,sub-1033_task-awake_acq-EC_eeg.vhdr,,csd_phase_only,D_eff,6.761927357588687,6.6431803523001,,
DS005620,1033,awake,alpha,sub-1033_task-awake_acq-EC_eeg.vhdr,,csd_phase_only,M_tau,0.0147416308612837,0.01478068942184975,,
DS005620,1033,sed2,alpha,sub-1033_task-sed2_acq-rest_run-1_eeg.vhdr,1.0,csd_phase_only,Pi,0.4385964912280702,0.6140350877192982,,
DS005620,1033,sed2,alpha,sub-1033_task-sed2_acq-rest_run-1_eeg.vhdr,1.0,csd_phase_only,R,0.266462870428745,0.30417090738475244,,
DS005620,1033,sed2,alpha,sub-1033_task-sed2_acq-rest_run-1_eeg.vhdr,1.0,csd_phase_only,D_eff,13.51826648608774,11.897687554596443,,
DS005620,1033,sed2,alpha,sub-1033_task-sed2_acq-rest_run-1_eeg.vhdr,1.0,csd_phase_only,M_tau,0.015929714830461558,0.017994778728961415,,
DS005620,1033,sed2,alpha,sub-1033_task-sed2_acq-rest_run-2_eeg.vhdr,2.0,csd_phase_only,Pi,0.5263157894736842,0.38596491228070173,,
DS005620,1033,sed2,alpha,sub-1033_task-sed2_acq-rest_run-2_eeg.vhdr,2.0,csd_phase_only,R,0.2993174842179819,0.28366757197971654,,
DS005620,1033,sed2,alpha,sub-1033_task-sed2_acq-rest_run-2_eeg.vhdr,2.0,csd_phase_only,D_eff,13.463624587866923,13.327203201401053,,
DS005620,1033,sed2,alpha,sub-1033_task-sed2_acq-rest_run-2_eeg.vhdr,2.0,csd_phase_only,M_tau,0.0167194354796338,0.018425171514427775,,
DS005620,1033,sed2,alpha,sub-1033_task-sed2_acq-rest_run-3_eeg.vhdr,3.0,csd_phase_only,Pi,0.5614035087719298,0.5614035087719298,,
DS005620,1033,sed2,alpha,sub-1033_task-sed2_acq-rest_run-3_eeg.vhdr,3.0,csd_phase_only,R,0.29309412956439646,0.3040844588683226,,
DS005620,1033,sed2,alpha,sub-1033_task-sed2_acq-rest_run-3_eeg.vhdr,3.0,csd_phase_only,D_eff,12.876557422248464,13.065554560509817,,
DS005620,1033,sed2,alpha,sub-1033_task-sed2_acq-rest_run-3_eeg.vhdr,3.0,csd_phase_only,M_tau,0.015529966617826501,0.01866502396593992,,
DS005620,1033,sed,alpha,sub-1033_task-sed_acq-rest_run-1_eeg.vhdr,1.0,csd_phase_only,Pi,0.4482758620689654,0.49425287356321845,,
DS005620,1033,sed,alpha,sub-1033_task-sed_acq-rest_run-1_eeg.vhdr,1.0,csd_phase_only,R,0.2746894159201403,0.25923871166963897,,
DS005620,1033,sed,alpha,sub-1033_task-sed_acq-rest_run-1_eeg.vhdr,1.0,csd_phase_only,D_eff,13.05852323867734,13.011064332431237,,
DS005620,1033,sed,alpha,sub-1033_task-sed_acq-rest_run-1_eeg.vhdr,1.0,csd_phase_only,M_tau,0.016899132512087956,0.014301495210965815,,
DS005620,1033,sed,alpha,sub-1033_task-sed_acq-rest_run-2_eeg.vhdr,2.0,csd_phase_only,Pi,0.45977011494252873,0.37931034482758624,,
DS005620,1033,sed,alpha,sub-1033_task-sed_acq-rest_run-2_eeg.vhdr,2.0,csd_phase_only,R,0.2859281900988985,0.2406456204795407,,
DS005620,1033,sed,alpha,sub-1033_task-sed_acq-rest_run-2_eeg.vhdr,2.0,csd_phase_only,D_eff,13.484981329706741,13.131395891691723,,
DS005620,1033,sed,alpha,sub-1033_task-sed_acq-rest_run-2_eeg.vhdr,2.0,csd_phase_only,M_tau,0.01854538557185434,0.013538552945556948,,
DS005620,1033,sed,alpha,sub-1033_task-sed_acq-rest_run-3_eeg.vhdr,3.0,csd_phase_only,Pi,0.471264367816092,0.5172413793103448,,
DS005620,1033,sed,alpha,sub-1033_task-sed_acq-rest_run-3_eeg.vhdr,3.0,csd_phase_only,R,0.27846235510206857,0.28890023852069785,,
DS005620,1033,sed,alpha,sub-1033_task-sed_acq-rest_run-3_eeg.vhdr,3.0,csd_phase_only,D_eff,13.850431704545672,13.363511659720128,,
DS005620,1033,sed,alpha,sub-1033_task-sed_acq-rest_run-3_eeg.vhdr,3.0,csd_phase_only,M_tau,0.01632964465209818,0.016758925746460727,,
DS005620,1036,awake,alpha,sub-1036_task-awake_acq-EC_eeg.vhdr,,csd_phase_only,Pi,0.7931034482758622,0.8620689655172415,,
DS005620,1036,awake,alpha,sub-1036_task-awake_acq-EC_eeg.vhdr,,csd_phase_only,R,0.24590304697625268,0.23825975435214836,,
DS005620,1036,awake,alpha,sub-1036_task-awake_acq-EC_eeg.vhdr,,csd_phase_only,D_eff,14.761035471424782,17.056389184721432,,
DS005620,1036,awake,alpha,sub-1036_task-awake_acq-EC_eeg.vhdr,,csd_phase_only,M_tau,0.013938543600868046,0.012026064694226785,,
DS005620,1036,sed2,alpha,sub-1036_task-sed2_acq-rest_run-1_eeg.vhdr,1.0,csd_phase_only,Pi,0.6140350877192983,0.8596491228070174,,
DS005620,1036,sed2,alpha,sub-1036_task-sed2_acq-rest_run-1_eeg.vhdr,1.0,csd_phase_only,R,0.2191602023676947,0.23984813621445736,,
DS005620,1036,sed2,alpha,sub-1036_task-sed2_acq-rest_run-1_eeg.vhdr,1.0,csd_phase_only,D_eff,13.736365551526193,14.759988881240908,,
DS005620,1036,sed2,alpha,sub-1036_task-sed2_acq-rest_run-1_eeg.vhdr,1.0,csd_phase_only,M_tau,0.01040752681733804,0.013464583011195588,,
DS005620,1036,sed,alpha,sub-1036_task-sed_acq-rest_run-1_eeg.vhdr,1.0,csd_phase_only,Pi,0.67816091954023,0.7011494252873564,,
DS005620,1036,sed,alpha,sub-1036_task-sed_acq-rest_run-1_eeg.vhdr,1.0,csd_phase_only,R,0.24345600722079094,0.21973090481259067,,
DS005620,1036,sed,alpha,sub-1036_task-sed_acq-rest_run-1_eeg.vhdr,1.0,csd_phase_only,D_eff,13.053543470911533,13.355440938851313,,
DS005620,1036,sed,alpha,sub-1036_task-sed_acq-rest_run-1_eeg.vhdr,1.0,csd_phase_only,M_tau,0.012266613802793645,0.011059696981808274,,
DS005620,1036,sed,alpha,sub-1036_task-sed_acq-rest_run-2_eeg.vhdr,2.0,csd_phase_only,Pi,0.49999999999999994,0.75,,
DS005620,1036,sed,alpha,sub-1036_task-sed_acq-rest_run-2_eeg.vhdr,2.0,csd_phase_only,R,0.25676694685076196,0.2580107993309949,,
DS005620,1036,sed,alpha,sub-1036_task-sed_acq-rest_run-2_eeg.vhdr,2.0,csd_phase_only,D_eff,11.975521507767919,13.29036590199103,,
DS005620,1036,sed,alpha,sub-1036_task-sed_acq-rest_run-2_eeg.vhdr,2.0,csd_phase_only,M_tau,0.016193196571403987,0.009661326774846938,,
DS005620,1037,awake,alpha,sub-1037_task-awake_acq-EC_eeg.vhdr,,csd_phase_only,Pi,0.8620689655172413,0.7931034482758621,,
DS005620,1037,awake,alpha,sub-1037_task-awake_acq-EC_eeg.vhdr,,csd_phase_only,R,0.2671212742176565,0.26160233663333643,,
DS005620,1037,awake,alpha,sub-1037_task-awake_acq-EC_eeg.vhdr,,csd_phase_only,D_eff,15.024055019088815,14.771057866073125,,
DS005620,1037,awake,alpha,sub-1037_task-awake_acq-EC_eeg.vhdr,,csd_phase_only,M_tau,0.017034170393062945,0.01604121244774555,,
DS005620,1045,awake,alpha,sub-1045_task-awake_acq-EC_eeg.vhdr,,csd_phase_only,Pi,0.8390804597701149,0.8160919540229884,,
DS005620,1045,awake,alpha,sub-1045_task-awake_acq-EC_eeg.vhdr,,csd_phase_only,R,0.25720152949828967,0.2720180060697473,,
DS005620,1045,awake,alpha,sub-1045_task-awake_acq-EC_eeg.vhdr,,csd_phase_only,D_eff,7.165802178171067,6.759628909438396,,
DS005620,1045,awake,alpha,sub-1045_task-awake_acq-EC_eeg.vhdr,,csd_phase_only,M_tau,0.011071297233798062,0.01176883540770004,,
DS005620,1045,sed2,alpha,sub-1045_task-sed2_acq-rest_run-1_eeg.vhdr,1.0,csd_phase_only,Pi,0.42105263157894735,0.3684210526315789,,
DS005620,1045,sed2,alpha,sub-1045_task-sed2_acq-rest_run-1_eeg.vhdr,1.0,csd_phase_only,R,0.20183152553886433,0.2038041030529089,,
DS005620,1045,sed2,alpha,sub-1045_task-sed2_acq-rest_run-1_eeg.vhdr,1.0,csd_phase_only,D_eff,12.910928683943295,12.424105915300009,,
DS005620,1045,sed2,alpha,sub-1045_task-sed2_acq-rest_run-1_eeg.vhdr,1.0,csd_phase_only,M_tau,0.010069065586472307,0.00926094957853789,,
DS005620,1045,sed2,alpha,sub-1045_task-sed2_acq-rest_run-2_eeg.vhdr,2.0,csd_phase_only,Pi,0.24561403508771926,0.29824561403508765,,
DS005620,1045,sed2,alpha,sub-1045_task-sed2_acq-rest_run-2_eeg.vhdr,2.0,csd_phase_only,R,0.18907636764267866,0.1878690091811092,,
DS005620,1045,sed2,alpha,sub-1045_task-sed2_acq-rest_run-2_eeg.vhdr,2.0,csd_phase_only,D_eff,13.750858288909129,13.004401912422637,,
DS005620,1045,sed2,alpha,sub-1045_task-sed2_acq-rest_run-2_eeg.vhdr,2.0,csd_phase_only,M_tau,0.009467933257346595,0.009167699922725632,,
DS005620,1045,sed2,alpha,sub-1045_task-sed2_acq-rest_run-3_eeg.vhdr,3.0,csd_phase_only,Pi,0.15789473684210525,0.17543859649122806,,
DS005620,1045,sed2,alpha,sub-1045_task-sed2_acq-rest_run-3_eeg.vhdr,3.0,csd_phase_only,R,0.1525576409898161,0.15203202605302601,,
DS005620,1045,sed2,alpha,sub-1045_task-sed2_acq-rest_run-3_eeg.vhdr,3.0,csd_phase_only,D_eff,10.986780243518199,10.14600478254006,,
DS005620,1045,sed2,alpha,sub-1045_task-sed2_acq-rest_run-3_eeg.vhdr,3.0,csd_phase_only,M_tau,0.006503632173671916,0.006090732084967936,,
DS005620,1045,sed,alpha,sub-1045_task-sed_acq-rest_run-1_eeg.vhdr,1.0,csd_phase_only,Pi,0.2068965517241379,0.2873563218390805,,
DS005620,1045,sed,alpha,sub-1045_task-sed_acq-rest_run-1_eeg.vhdr,1.0,csd_phase_only,R,0.1765418764929872,0.18395059550182963,,
DS005620,1045,sed,alpha,sub-1045_task-sed_acq-rest_run-1_eeg.vhdr,1.0,csd_phase_only,D_eff,12.437542929769123,12.87994551643292,,
DS005620,1045,sed,alpha,sub-1045_task-sed_acq-rest_run-1_eeg.vhdr,1.0,csd_phase_only,M_tau,0.0080535834367342,0.00874261846249193,,
DS005620,1045,sed,alpha,sub-1045_task-sed_acq-rest_run-2_eeg.vhdr,2.0,csd_phase_only,Pi,0.39080459770114945,0.367816091954023,,
DS005620,1045,sed,alpha,sub-1045_task-sed_acq-rest_run-2_eeg.vhdr,2.0,csd_phase_only,R,0.19470394632006469,0.1934795722171547,,
DS005620,1045,sed,alpha,sub-1045_task-sed_acq-rest_run-2_eeg.vhdr,2.0,csd_phase_only,D_eff,13.913932090072766,14.620383431618938,,
DS005620,1045,sed,alpha,sub-1045_task-sed_acq-rest_run-2_eeg.vhdr,2.0,csd_phase_only,M_tau,0.009767257212365476,0.00973284302859122,,
DS005620,1045,sed,alpha,sub-1045_task-sed_acq-rest_run-3_eeg.vhdr,3.0,csd_phase_only,Pi,0.34482758620689646,0.27586206896551724,,
DS005620,1045,sed,alpha,sub-1045_task-sed_acq-rest_run-3_eeg.vhdr,3.0,csd_phase_only,R,0.20066592204260353,0.18190626211203212,,
DS005620,1045,sed,alpha,sub-1045_task-sed_acq-rest_run-3_eeg.vhdr,3.0,csd_phase_only,D_eff,14.210876526624476,13.766253533375728,,
DS005620,1045,sed,alpha,sub-1045_task-sed_acq-rest_run-3_eeg.vhdr,3.0,csd_phase_only,M_tau,0.008429766680427308,0.00879176516570683,,
DS005620,1046,awake,alpha,sub-1046_task-awake_acq-EC_eeg.vhdr,,csd_phase_only,Pi,0.7816091954022989,0.8735632183908046,,
DS005620,1046,awake,alpha,sub-1046_task-awake_acq-EC_eeg.vhdr,,csd_phase_only,R,0.21801456668898303,0.2468311551733713,,
DS005620,1046,awake,alpha,sub-1046_task-awake_acq-EC_eeg.vhdr,,csd_phase_only,D_eff,8.355852044983335,9.827381235961207,,
DS005620,1046,awake,alpha,sub-1046_task-awake_acq-EC_eeg.vhdr,,csd_phase_only,M_tau,0.008107372319285759,0.010805115445761545,,
DS005620,1046,sed2,alpha,sub-1046_task-sed2_acq-rest_run-1_eeg.vhdr,1.0,csd_phase_only,Pi,0.7719298245614034,0.7719298245614034,,
DS005620,1046,sed2,alpha,sub-1046_task-sed2_acq-rest_run-1_eeg.vhdr,1.0,csd_phase_only,R,0.19108609595688514,0.21459767513633968,,
DS005620,1046,sed2,alpha,sub-1046_task-sed2_acq-rest_run-1_eeg.vhdr,1.0,csd_phase_only,D_eff,11.93030223735101,12.07097160244684,,
DS005620,1046,sed2,alpha,sub-1046_task-sed2_acq-rest_run-1_eeg.vhdr,1.0,csd_phase_only,M_tau,0.010314852430523267,0.011828048322287414,,
DS005620,1046,sed2,alpha,sub-1046_task-sed2_acq-rest_run-2_eeg.vhdr,2.0,csd_phase_only,Pi,0.8596491228070174,0.8596491228070174,,
DS005620,1046,sed2,alpha,sub-1046_task-sed2_acq-rest_run-2_eeg.vhdr,2.0,csd_phase_only,R,0.1921185432428987,0.18482118591338442,,
DS005620,1046,sed2,alpha,sub-1046_task-sed2_acq-rest_run-2_eeg.vhdr,2.0,csd_phase_only,D_eff,10.860391841825423,10.99513259054343,,
DS005620,1046,sed2,alpha,sub-1046_task-sed2_acq-rest_run-2_eeg.vhdr,2.0,csd_phase_only,M_tau,0.00933158655458211,0.008154312947901088,,
DS005620,1046,sed,alpha,sub-1046_task-sed_acq-rest_run-1_eeg.vhdr,1.0,csd_phase_only,Pi,0.7011494252873564,0.8045977011494254,,
DS005620,1046,sed,alpha,sub-1046_task-sed_acq-rest_run-1_eeg.vhdr,1.0,csd_phase_only,R,0.20797676399172166,0.21435286698474496,,
DS005620,1046,sed,alpha,sub-1046_task-sed_acq-rest_run-1_eeg.vhdr,1.0,csd_phase_only,D_eff,13.362601756394852,11.224790893216023,,
DS005620,1046,sed,alpha,sub-1046_task-sed_acq-rest_run-1_eeg.vhdr,1.0,csd_phase_only,M_tau,0.011692789631708726,0.011212265559069822,,
DS005620,1046,sed,alpha,sub-1046_task-sed_acq-rest_run-2_eeg.vhdr,2.0,csd_phase_only,Pi,0.781609195402299,0.7816091954022988,,
DS005620,1046,sed,alpha,sub-1046_task-sed_acq-rest_run-2_eeg.vhdr,2.0,csd_phase_only,R,0.19321307753511105,0.2090008378445882,,
DS005620,1046,sed,alpha,sub-1046_task-sed_acq-rest_run-2_eeg.vhdr,2.0,csd_phase_only,D_eff,12.423954550670995,11.726732885811378,,
DS005620,1046,sed,alpha,sub-1046_task-sed_acq-rest_run-2_eeg.vhdr,2.0,csd_phase_only,M_tau,0.009124654995272135,0.010953093446489632,,
DS005620,1054,awake,alpha,sub-1054_task-awake_acq-EC_eeg.vhdr,,csd_phase_only,Pi,0.8160919540229884,0.839080459770115,,
DS005620,1054,awake,alpha,sub-1054_task-awake_acq-EC_eeg.vhdr,,csd_phase_only,R,0.15257745985510807,0.15138350404951934,,
DS005620,1054,awake,alpha,sub-1054_task-awake_acq-EC_eeg.vhdr,,csd_phase_only,D_eff,13.156409442852986,13.424984472995886,,
DS005620,1054,awake,alpha,sub-1054_task-awake_acq-EC_eeg.vhdr,,csd_phase_only,M_tau,0.0058164099705813165,0.006190647494333836,,
DS005620,1054,sed2,alpha,sub-1054_task-sed2_acq-rest_run-1_eeg.vhdr,1.0,csd_phase_only,Pi,0.7017543859649122,0.5789473684210527,,
DS005620,1054,sed2,alpha,sub-1054_task-sed2_acq-rest_run-1_eeg.vhdr,1.0,csd_phase_only,R,0.1885417794461644,0.20285992156269064,,
DS005620,1054,sed2,alpha,sub-1054_task-sed2_acq-rest_run-1_eeg.vhdr,1.0,csd_phase_only,D_eff,10.973561480184433,11.054848834823014,,
DS005620,1054,sed2,alpha,sub-1054_task-sed2_acq-rest_run-1_eeg.vhdr,1.0,csd_phase_only,M_tau,0.008473502819621247,0.010376564564597126,,
DS005620,1054,sed2,alpha,sub-1054_task-sed2_acq-rest_run-2_eeg.vhdr,2.0,csd_phase_only,Pi,0.719298245614035,0.7543859649122806,,
DS005620,1054,sed2,alpha,sub-1054_task-sed2_acq-rest_run-2_eeg.vhdr,2.0,csd_phase_only,R,0.19759401893926878,0.19543238117380254,,
DS005620,1054,sed2,alpha,sub-1054_task-sed2_acq-rest_run-2_eeg.vhdr,2.0,csd_phase_only,D_eff,12.775893891004184,12.805679526800018,,
DS005620,1054,sed2,alpha,sub-1054_task-sed2_acq-rest_run-2_eeg.vhdr,2.0,csd_phase_only,M_tau,0.009890302426678895,0.010848674447542688,,
DS005620,1054,sed,alpha,sub-1054_task-sed_acq-rest_run-1_eeg.vhdr,1.0,csd_phase_only,Pi,0.6206896551724137,0.6896551724137931,,
DS005620,1054,sed,alpha,sub-1054_task-sed_acq-rest_run-1_eeg.vhdr,1.0,csd_phase_only,R,0.20462432975216305,0.19723258809693434,,
DS005620,1054,sed,alpha,sub-1054_task-sed_acq-rest_run-1_eeg.vhdr,1.0,csd_phase_only,D_eff,11.696698366810491,11.690224499455859,,
DS005620,1054,sed,alpha,sub-1054_task-sed_acq-rest_run-1_eeg.vhdr,1.0,csd_phase_only,M_tau,0.009938170852610347,0.009562696015650591,,
DS005620,1054,sed,alpha,sub-1054_task-sed_acq-rest_run-2_eeg.vhdr,2.0,csd_phase_only,Pi,0.6781609195402298,0.8505747126436782,,
DS005620,1054,sed,alpha,sub-1054_task-sed_acq-rest_run-2_eeg.vhdr,2.0,csd_phase_only,R,0.20016909400009997,0.17924221677652033,,
DS005620,1054,sed,alpha,sub-1054_task-sed_acq-rest_run-2_eeg.vhdr,2.0,csd_phase_only,D_eff,12.638788432618908,12.452313726175342,,
DS005620,1054,sed,alpha,sub-1054_task-sed_acq-rest_run-2_eeg.vhdr,2.0,csd_phase_only,M_tau,0.009334279618448977,0.0077754548972365604,,
DS005620,1055,awake,alpha,sub-1055_task-awake_acq-EC_eeg.vhdr,,csd_phase_only,Pi,0.8390804597701149,0.8160919540229886,,
DS005620,1055,awake,alpha,sub-1055_task-awake_acq-EC_eeg.vhdr,,csd_phase_only,R,0.13733471908106282,0.18286250464609005,,
DS005620,1055,awake,alpha,sub-1055_task-awake_acq-EC_eeg.vhdr,,csd_phase_only,D_eff,9.717738429434268,9.503326558561978,,
DS005620,1055,awake,alpha,sub-1055_task-awake_acq-EC_eeg.vhdr,,csd_phase_only,M_tau,0.004887202252692201,0.008808617460017688,,
DS005620,1055,sed2,alpha,sub-1055_task-sed2_acq-rest_run-1_eeg.vhdr,1.0,csd_phase_only,Pi,0.4736842105263157,0.5789473684210527,,
DS005620,1055,sed2,alpha,sub-1055_task-sed2_acq-rest_run-1_eeg.vhdr,1.0,csd_phase_only,R,0.2171151815730634,0.224164135327546,,
DS005620,1055,sed2,alpha,sub-1055_task-sed2_acq-rest_run-1_eeg.vhdr,1.0,csd_phase_only,D_eff,12.608845261021212,12.33936863594284,,
DS005620,1055,sed2,alpha,sub-1055_task-sed2_acq-rest_run-1_eeg.vhdr,1.0,csd_phase_only,M_tau,0.012609522936136972,0.011256260937457739,,
DS005620,1055,sed2,alpha,sub-1055_task-sed2_acq-rest_run-2_eeg.vhdr,2.0,csd_phase_only,Pi,0.5614035087719298,0.5087719298245613,,
DS005620,1055,sed2,alpha,sub-1055_task-sed2_acq-rest_run-2_eeg.vhdr,2.0,csd_phase_only,R,0.22010494360560687,0.232152445845236,,
DS005620,1055,sed2,alpha,sub-1055_task-sed2_acq-rest_run-2_eeg.vhdr,2.0,csd_phase_only,D_eff,12.55177037759007,12.840306328733314,,
DS005620,1055,sed2,alpha,sub-1055_task-sed2_acq-rest_run-2_eeg.vhdr,2.0,csd_phase_only,M_tau,0.011467693447723715,0.014512591486862092,,
DS005620,1055,sed,alpha,sub-1055_task-sed_acq-rest_run-1_eeg.vhdr,1.0,csd_phase_only,Pi,0.6551724137931035,0.5862068965517241,,
DS005620,1055,sed,alpha,sub-1055_task-sed_acq-rest_run-1_eeg.vhdr,1.0,csd_phase_only,R,0.19540862554710092,0.17915659599745573,,
DS005620,1055,sed,alpha,sub-1055_task-sed_acq-rest_run-1_eeg.vhdr,1.0,csd_phase_only,D_eff,12.456141542099394,13.917724283165208,,
DS005620,1055,sed,alpha,sub-1055_task-sed_acq-rest_run-1_eeg.vhdr,1.0,csd_phase_only,M_tau,0.00865880924079161,0.009722329518708286,,
DS005620,1055,sed,alpha,sub-1055_task-sed_acq-rest_run-2_eeg.vhdr,2.0,csd_phase_only,Pi,0.4137931034482759,0.5517241379310345,,
DS005620,1055,sed,alpha,sub-1055_task-sed_acq-rest_run-2_eeg.vhdr,2.0,csd_phase_only,R,0.2434640810340346,0.23471567573135574,,
DS005620,1055,sed,alpha,sub-1055_task-sed_acq-rest_run-2_eeg.vhdr,2.0,csd_phase_only,D_eff,13.771049732829894,13.554761592661155,,
DS005620,1055,sed,alpha,sub-1055_task-sed_acq-rest_run-2_eeg.vhdr,2.0,csd_phase_only,M_tau,0.016375843988941517,0.012079176327100285,,
DS005620,1057,awake,alpha,sub-1057_task-awake_acq-EC_eeg.vhdr,,csd_phase_only,Pi,0.7356321839080461,0.9195402298850575,,
DS005620,1057,awake,alpha,sub-1057_task-awake_acq-EC_eeg.vhdr,,csd_phase_only,R,0.2550236661309875,0.2729979862605103,,
DS005620,1057,awake,alpha,sub-1057_task-awake_acq-EC_eeg.vhdr,,csd_phase_only,D_eff,8.548431876097062,8.124723385671459,,
DS005620,1057,awake,alpha,sub-1057_task-awake_acq-EC_eeg.vhdr,,csd_phase_only,M_tau,0.009625957193730257,0.010928625422209659,,
DS005620,1057,sed2,alpha,sub-1057_task-sed2_acq-rest_run-1_eeg.vhdr,1.0,csd_phase_only,Pi,0.42105263157894735,0.2807017543859649,,
DS005620,1057,sed2,alpha,sub-1057_task-sed2_acq-rest_run-1_eeg.vhdr,1.0,csd_phase_only,R,0.17414406719972803,0.17524908384210772,,
DS005620,1057,sed2,alpha,sub-1057_task-sed2_acq-rest_run-1_eeg.vhdr,1.0,csd_phase_only,D_eff,12.898689441861036,14.127044295483906,,
DS005620,1057,sed2,alpha,sub-1057_task-sed2_acq-rest_run-1_eeg.vhdr,1.0,csd_phase_only,M_tau,0.00800995797800102,0.007440110164442573,,
DS005620,1057,sed2,alpha,sub-1057_task-sed2_acq-rest_run-2_eeg.vhdr,2.0,csd_phase_only,Pi,0.3684210526315789,0.2807017543859649,,
DS005620,1057,sed2,alpha,sub-1057_task-sed2_acq-rest_run-2_eeg.vhdr,2.0,csd_phase_only,R,0.17597437676692732,0.17237545992198683,,
DS005620,1057,sed2,alpha,sub-1057_task-sed2_acq-rest_run-2_eeg.vhdr,2.0,csd_phase_only,D_eff,15.122712777423029,15.852144894451254,,
DS005620,1057,sed2,alpha,sub-1057_task-sed2_acq-rest_run-2_eeg.vhdr,2.0,csd_phase_only,M_tau,0.008139848979610138,0.007406963034975938,,
DS005620,1057,sed2,alpha,sub-1057_task-sed2_acq-rest_run-3_eeg.vhdr,3.0,csd_phase_only,Pi,0.4385964912280701,0.5438596491228068,,
DS005620,1057,sed2,alpha,sub-1057_task-sed2_acq-rest_run-3_eeg.vhdr,3.0,csd_phase_only,R,0.17585989812697567,0.1692470726472123,,
DS005620,1057,sed2,alpha,sub-1057_task-sed2_acq-rest_run-3_eeg.vhdr,3.0,csd_phase_only,D_eff,12.194605358249035,11.83218861972679,,
DS005620,1057,sed2,alpha,sub-1057_task-sed2_acq-rest_run-3_eeg.vhdr,3.0,csd_phase_only,M_tau,0.00976641301878517,0.007523234896976207,,
DS005620,1057,sed,alpha,sub-1057_task-sed_acq-rest_run-1_eeg.vhdr,1.0,csd_phase_only,Pi,0.42528735632183906,0.44827586206896547,,
DS005620,1057,sed,alpha,sub-1057_task-sed_acq-rest_run-1_eeg.vhdr,1.0,csd_phase_only,R,0.19619558421875904,0.17533837547918946,,
DS005620,1057,sed,alpha,sub-1057_task-sed_acq-rest_run-1_eeg.vhdr,1.0,csd_phase_only,D_eff,13.146076454702484,12.815369441259032,,
DS005620,1057,sed,alpha,sub-1057_task-sed_acq-rest_run-1_eeg.vhdr,1.0,csd_phase_only,M_tau,0.010396902670068452,0.008397003635194893,,
DS005620,1057,sed,alpha,sub-1057_task-sed_acq-rest_run-2_eeg.vhdr,2.0,csd_phase_only,Pi,0.2528735632183908,0.3678160919540231,,
DS005620,1057,sed,alpha,sub-1057_task-sed_acq-rest_run-2_eeg.vhdr,2.0,csd_phase_only,R,0.18156309537611043,0.19092027311913948,,
DS005620,1057,sed,alpha,sub-1057_task-sed_acq-rest_run-2_eeg.vhdr,2.0,csd_phase_only,D_eff,15.699746861008899,14.834622141041171,,
DS005620,1057,sed,alpha,sub-1057_task-sed_acq-rest_run-2_eeg.vhdr,2.0,csd_phase_only,M_tau,0.007500009585656878,0.009085761753202675,,
DS005620,1057,sed,alpha,sub-1057_task-sed_acq-rest_run-3_eeg.vhdr,3.0,csd_phase_only,Pi,0.3448275862068966,0.3793103448275862,,
DS005620,1057,sed,alpha,sub-1057_task-sed_acq-rest_run-3_eeg.vhdr,3.0,csd_phase_only,R,0.1880701675727107,0.19605342199529918,,
DS005620,1057,sed,alpha,sub-1057_task-sed_acq-rest_run-3_eeg.vhdr,3.0,csd_phase_only,D_eff,13.717478368310397,14.667918367496723,,
DS005620,1057,sed,alpha,sub-1057_task-sed_acq-rest_run-3_eeg.vhdr,3.0,csd_phase_only,M_tau,0.009818790161879285,0.008606900763843506,,
DS005620,1060,awake,alpha,sub-1060_task-awake_acq-EC_eeg.vhdr,,csd_phase_only,Pi,0.8505747126436781,0.8045977011494254,,
DS005620,1060,awake,alpha,sub-1060_task-awake_acq-EC_eeg.vhdr,,csd_phase_only,R,0.343774451753659,0.3200354521728457,,
DS005620,1060,awake,alpha,sub-1060_task-awake_acq-EC_eeg.vhdr,,csd_phase_only,D_eff,13.430048694229443,11.616323496123227,,
DS005620,1060,awake,alpha,sub-1060_task-awake_acq-EC_eeg.vhdr,,csd_phase_only,M_tau,0.02599348702834965,0.019490560550365278,,
DS005620,1060,sed2,alpha,sub-1060_task-sed2_acq-rest_run-1_eeg.vhdr,1.0,csd_phase_only,Pi,0.07017543859649122,0.07017543859649122,,
DS005620,1060,sed2,alpha,sub-1060_task-sed2_acq-rest_run-1_eeg.vhdr,1.0,csd_phase_only,R,0.22530879436680032,0.20586450337570153,,
DS005620,1060,sed2,alpha,sub-1060_task-sed2_acq-rest_run-1_eeg.vhdr,1.0,csd_phase_only,D_eff,9.152928005338095,8.065668126454542,,
DS005620,1060,sed2,alpha,sub-1060_task-sed2_acq-rest_run-1_eeg.vhdr,1.0,csd_phase_only,M_tau,0.0102677187964571,0.009646602402383657,,
DS005620,1060,sed2,alpha,sub-1060_task-sed2_acq-rest_run-2_eeg.vhdr,2.0,csd_phase_only,Pi,0.6315789473684209,0.38596491228070173,,
DS005620,1060,sed2,alpha,sub-1060_task-sed2_acq-rest_run-2_eeg.vhdr,2.0,csd_phase_only,R,0.25126156323290955,0.23067347647259787,,
DS005620,1060,sed2,alpha,sub-1060_task-sed2_acq-rest_run-2_eeg.vhdr,2.0,csd_phase_only,D_eff,13.066213946559982,11.734103319891329,,
DS005620,1060,sed2,alpha,sub-1060_task-sed2_acq-rest_run-2_eeg.vhdr,2.0,csd_phase_only,M_tau,0.012783989663912643,0.010018836430776642,,
DS005620,1060,sed2,alpha,sub-1060_task-sed2_acq-rest_run-3_eeg.vhdr,3.0,csd_phase_only,Pi,0.31578947368421045,0.4035087719298246,,
DS005620,1060,sed2,alpha,sub-1060_task-sed2_acq-rest_run-3_eeg.vhdr,3.0,csd_phase_only,R,0.20654960958794072,0.21462621927958755,,
DS005620,1060,sed2,alpha,sub-1060_task-sed2_acq-rest_run-3_eeg.vhdr,3.0,csd_phase_only,D_eff,12.357208942290583,12.467952608637322,,
DS005620,1060,sed2,alpha,sub-1060_task-sed2_acq-rest_run-3_eeg.vhdr,3.0,csd_phase_only,M_tau,0.00910537908189439,0.010792095380394311,,
DS005620,1060,sed,alpha,sub-1060_task-sed_acq-rest_run-1_eeg.vhdr,1.0,csd_phase_only,Pi,0.3218390804597701,0.3563218390804598,,
DS005620,1060,sed,alpha,sub-1060_task-sed_acq-rest_run-1_eeg.vhdr,1.0,csd_phase_only,R,0.21696379913224412,0.21993661798372735,,
DS005620,1060,sed,alpha,sub-1060_task-sed_acq-rest_run-1_eeg.vhdr,1.0,csd_phase_only,D_eff,11.241611178860417,11.062886675048935,,
DS005620,1060,sed,alpha,sub-1060_task-sed_acq-rest_run-1_eeg.vhdr,1.0,csd_phase_only,M_tau,0.011076923378760166,0.010917047704789516,,
DS005620,1060,sed,alpha,sub-1060_task-sed_acq-rest_run-2_eeg.vhdr,2.0,csd_phase_only,Pi,0.48275862068965525,0.5402298850574713,,
DS005620,1060,sed,alpha,sub-1060_task-sed_acq-rest_run-2_eeg.vhdr,2.0,csd_phase_only,R,0.2356798111779662,0.23801689909934734,,
DS005620,1060,sed,alpha,sub-1060_task-sed_acq-rest_run-2_eeg.vhdr,2.0,csd_phase_only,D_eff,12.473023006638412,12.6010677928209,,
DS005620,1060,sed,alpha,sub-1060_task-sed_acq-rest_run-2_eeg.vhdr,2.0,csd_phase_only,M_tau,0.0111158949130623,0.013796346573307966,,
DS005620,1060,sed,alpha,sub-1060_task-sed_acq-rest_run-3_eeg.vhdr,3.0,csd_phase_only,Pi,0.4827586206896552,0.36781609195402304,,
DS005620,1060,sed,alpha,sub-1060_task-sed_acq-rest_run-3_eeg.vhdr,3.0,csd_phase_only,R,0.22935147934741243,0.21639700371943105,,
DS005620,1060,sed,alpha,sub-1060_task-sed_acq-rest_run-3_eeg.vhdr,3.0,csd_phase_only,D_eff,13.143812836041446,11.787092551296768,,
DS005620,1060,sed,alpha,sub-1060_task-sed_acq-rest_run-3_eeg.vhdr,3.0,csd_phase_only,M_tau,0.012735777129705939,0.011764429117883347,,
DS005620,1061,awake,alpha,sub-1061_task-awake_acq-EC_eeg.vhdr,,csd_phase_only,Pi,0.8045977011494252,0.8505747126436782,,
DS005620,1061,awake,alpha,sub-1061_task-awake_acq-EC_eeg.vhdr,,csd_phase_only,R,0.2728444996063562,0.2406438300249291,,
DS005620,1061,awake,alpha,sub-1061_task-awake_acq-EC_eeg.vhdr,,csd_phase_only,D_eff,8.048811106676688,9.3158749781982,,
DS005620,1061,awake,alpha,sub-1061_task-awake_acq-EC_eeg.vhdr,,csd_phase_only,M_tau,0.01114833221220042,0.009985328652956356,,
DS005620,1061,sed2,alpha,sub-1061_task-sed2_acq-rest_run-1_eeg.vhdr,1.0,csd_phase_only,Pi,0.40350877192982454,0.3684210526315789,,
DS005620,1061,sed2,alpha,sub-1061_task-sed2_acq-rest_run-1_eeg.vhdr,1.0,csd_phase_only,R,0.202385900093786,0.2050263906245595,,
DS005620,1061,sed2,alpha,sub-1061_task-sed2_acq-rest_run-1_eeg.vhdr,1.0,csd_phase_only,D_eff,13.969158354647604,14.084997439782022,,
DS005620,1061,sed2,alpha,sub-1061_task-sed2_acq-rest_run-1_eeg.vhdr,1.0,csd_phase_only,M_tau,0.009618268807490067,0.010044895656972674,,
DS005620,1061,sed2,alpha,sub-1061_task-sed2_acq-rest_run-2_eeg.vhdr,2.0,csd_phase_only,Pi,0.45614035087719296,0.42105263157894735,,
DS005620,1061,sed2,alpha,sub-1061_task-sed2_acq-rest_run-2_eeg.vhdr,2.0,csd_phase_only,R,0.1713500390486301,0.1698532273422593,,
DS005620,1061,sed2,alpha,sub-1061_task-sed2_acq-rest_run-2_eeg.vhdr,2.0,csd_phase_only,D_eff,9.96672095159144,9.556832567442308,,
DS005620,1061,sed2,alpha,sub-1061_task-sed2_acq-rest_run-2_eeg.vhdr,2.0,csd_phase_only,M_tau,0.007968589708569689,0.007227901329890952,,
DS005620,1061,sed2,alpha,sub-1061_task-sed2_acq-rest_run-3_eeg.vhdr,3.0,csd_phase_only,Pi,0.3859649122807017,0.21052631578947367,,
DS005620,1061,sed2,alpha,sub-1061_task-sed2_acq-rest_run-3_eeg.vhdr,3.0,csd_phase_only,R,0.19146947058406716,0.1753216157260134,,
DS005620,1061,sed2,alpha,sub-1061_task-sed2_acq-rest_run-3_eeg.vhdr,3.0,csd_phase_only,D_eff,12.861303232218152,12.8968891139157,,
DS005620,1061,sed2,alpha,sub-1061_task-sed2_acq-rest_run-3_eeg.vhdr,3.0,csd_phase_only,M_tau,0.008453343536279027,0.008575519866634152,,
DS005620,1061,sed,alpha,sub-1061_task-sed_acq-rest_run-1_eeg.vhdr,1.0,csd_phase_only,Pi,0.36781609195402304,0.4942528735632184,,
DS005620,1061,sed,alpha,sub-1061_task-sed_acq-rest_run-1_eeg.vhdr,1.0,csd_phase_only,R,0.1728727132770114,0.1699927797091742,,
DS005620,1061,sed,alpha,sub-1061_task-sed_acq-rest_run-1_eeg.vhdr,1.0,csd_phase_only,D_eff,10.125985414345614,10.054470103043387,,
DS005620,1061,sed,alpha,sub-1061_task-sed_acq-rest_run-1_eeg.vhdr,1.0,csd_phase_only,M_tau,0.007832893279173973,0.008335857220101507,,
DS005620,1061,sed,alpha,sub-1061_task-sed_acq-rest_run-2_eeg.vhdr,2.0,csd_phase_only,Pi,0.37931034482758624,0.3333333333333334,,
DS005620,1061,sed,alpha,sub-1061_task-sed_acq-rest_run-2_eeg.vhdr,2.0,csd_phase_only,R,0.30271611918279173,0.38702561480178,,
DS005620,1061,sed,alpha,sub-1061_task-sed_acq-rest_run-2_eeg.vhdr,2.0,csd_phase_only,D_eff,59.509301897634096,107.06199247045602,,
DS005620,1061,sed,alpha,sub-1061_task-sed_acq-rest_run-2_eeg.vhdr,2.0,csd_phase_only,M_tau,0.0036111976439581975,6.98225506635138e-06,,
DS005620,1061,sed,alpha,sub-1061_task-sed_acq-rest_run-3_eeg.vhdr,3.0,csd_phase_only,Pi,0.37931034482758624,0.37931034482758613,,
DS005620,1061,sed,alpha,sub-1061_task-sed_acq-rest_run-3_eeg.vhdr,3.0,csd_phase_only,R,0.22349118693470627,0.22098683230276953,,
DS005620,1061,sed,alpha,sub-1061_task-sed_acq-rest_run-3_eeg.vhdr,3.0,csd_phase_only,D_eff,13.854342906858234,14.25697180050676,,
DS005620,1061,sed,alpha,sub-1061_task-sed_acq-rest_run-3_eeg.vhdr,3.0,csd_phase_only,M_tau,0.013361244509804754,0.01322393531303098,,
DS005620,1062,awake,alpha,sub-1062_task-awake_acq-EC_eeg.vhdr,,csd_phase_only,Pi,0.7701149425287357,0.8850574712643678,,
DS005620,1062,awake,alpha,sub-1062_task-awake_acq-EC_eeg.vhdr,,csd_phase_only,R,0.2585845010558447,0.2609924724072963,,
DS005620,1062,awake,alpha,sub-1062_task-awake_acq-EC_eeg.vhdr,,csd_phase_only,D_eff,9.848614669694147,9.410206779079454,,
DS005620,1062,awake,alpha,sub-1062_task-awake_acq-EC_eeg.vhdr,,csd_phase_only,M_tau,0.011015789251400085,0.012213700640859346,,
DS005620,1062,sed2,alpha,sub-1062_task-sed2_acq-rest_run-1_eeg.vhdr,1.0,csd_phase_only,Pi,0.19298245614035087,0.08771929824561403,,
DS005620,1062,sed2,alpha,sub-1062_task-sed2_acq-rest_run-1_eeg.vhdr,1.0,csd_phase_only,R,0.16373299132999544,0.15114492724631792,,
DS005620,1062,sed2,alpha,sub-1062_task-sed2_acq-rest_run-1_eeg.vhdr,1.0,csd_phase_only,D_eff,15.383344107293384,15.709897262112564,,
DS005620,1062,sed2,alpha,sub-1062_task-sed2_acq-rest_run-1_eeg.vhdr,1.0,csd_phase_only,M_tau,0.007642510065794927,0.006545858042159905,,
DS005620,1062,sed2,alpha,sub-1062_task-sed2_acq-rest_run-2_eeg.vhdr,2.0,csd_phase_only,Pi,0.19298245614035087,0.24561403508771926,,
DS005620,1062,sed2,alpha,sub-1062_task-sed2_acq-rest_run-2_eeg.vhdr,2.0,csd_phase_only,R,0.15918352363070526,0.16694935429829688,,
DS005620,1062,sed2,alpha,sub-1062_task-sed2_acq-rest_run-2_eeg.vhdr,2.0,csd_phase_only,D_eff,13.960989656638708,13.23653603384102,,
DS005620,1062,sed2,alpha,sub-1062_task-sed2_acq-rest_run-2_eeg.vhdr,2.0,csd_phase_only,M_tau,0.006554624959021053,0.005737186228120469,,
DS005620,1062,sed2,alpha,sub-1062_task-sed2_acq-rest_run-3_eeg.vhdr,3.0,csd_phase_only,Pi,0.14035087719298245,0.24561403508771926,,
DS005620,1062,sed2,alpha,sub-1062_task-sed2_acq-rest_run-3_eeg.vhdr,3.0,csd_phase_only,R,0.15529192394761596,0.16920135699349542,,
DS005620,1062,sed2,alpha,sub-1062_task-sed2_acq-rest_run-3_eeg.vhdr,3.0,csd_phase_only,D_eff,14.54370223651036,13.293696251504793,,
DS005620,1062,sed2,alpha,sub-1062_task-sed2_acq-rest_run-3_eeg.vhdr,3.0,csd_phase_only,M_tau,0.006408385132306052,0.006426597888477038,,
DS005620,1062,sed,alpha,sub-1062_task-sed_acq-rest_run-1_eeg.vhdr,1.0,csd_phase_only,Pi,0.37931034482758613,0.29885057471264365,,
DS005620,1062,sed,alpha,sub-1062_task-sed_acq-rest_run-1_eeg.vhdr,1.0,csd_phase_only,R,0.155751564923057,0.1634634239216925,,
DS005620,1062,sed,alpha,sub-1062_task-sed_acq-rest_run-1_eeg.vhdr,1.0,csd_phase_only,D_eff,12.020325682773331,13.345468913198134,,
DS005620,1062,sed,alpha,sub-1062_task-sed_acq-rest_run-1_eeg.vhdr,1.0,csd_phase_only,M_tau,0.006531878586847763,0.006900214946795359,,
DS005620,1062,sed,alpha,sub-1062_task-sed_acq-rest_run-2_eeg.vhdr,2.0,csd_phase_only,Pi,0.13793103448275862,0.14942528735632182,,
DS005620,1062,sed,alpha,sub-1062_task-sed_acq-rest_run-2_eeg.vhdr,2.0,csd_phase_only,R,0.1693404109890693,0.1629112395782189,,
DS005620,1062,sed,alpha,sub-1062_task-sed_acq-rest_run-2_eeg.vhdr,2.0,csd_phase_only,D_eff,15.856087891666977,15.144774818242825,,
DS005620,1062,sed,alpha,sub-1062_task-sed_acq-rest_run-2_eeg.vhdr,2.0,csd_phase_only,M_tau,0.008244441018199485,0.006597838598299826,,
DS005620,1062,sed,alpha,sub-1062_task-sed_acq-rest_run-3_eeg.vhdr,3.0,csd_phase_only,Pi,0.34482758620689663,0.3103448275862069,,
DS005620,1062,sed,alpha,sub-1062_task-sed_acq-rest_run-3_eeg.vhdr,3.0,csd_phase_only,R,0.1451536069195599,0.13398011144643113,,
DS005620,1062,sed,alpha,sub-1062_task-sed_acq-rest_run-3_eeg.vhdr,3.0,csd_phase_only,D_eff,10.165821311481169,8.80739242748989,,
DS005620,1062,sed,alpha,sub-1062_task-sed_acq-rest_run-3_eeg.vhdr,3.0,csd_phase_only,M_tau,0.00536896517642842,0.004375589078682289,,
DS005620,1064,awake,alpha,sub-1064_task-awake_acq-EC_eeg.vhdr,,csd_phase_only,Pi,0.7931034482758621,0.8620689655172413,,
DS005620,1064,awake,alpha,sub-1064_task-awake_acq-EC_eeg.vhdr,,csd_phase_only,R,0.21290389895406092,0.21901057242047034,,
DS005620,1064,awake,alpha,sub-1064_task-awake_acq-EC_eeg.vhdr,,csd_phase_only,D_eff,15.62078869953605,15.645258821351295,,
DS005620,1064,awake,alpha,sub-1064_task-awake_acq-EC_eeg.vhdr,,csd_phase_only,M_tau,0.011444236787345609,0.010755630321963795,,
DS005620,1064,sed2,alpha,sub-1064_task-sed2_acq-rest_run-1_eeg.vhdr,1.0,csd_phase_only,Pi,0.7368421052631579,0.6315789473684209,,
DS005620,1064,sed2,alpha,sub-1064_task-sed2_acq-rest_run-1_eeg.vhdr,1.0,csd_phase_only,R,0.21998071108953257,0.2043729454502853,,
DS005620,1064,sed2,alpha,sub-1064_task-sed2_acq-rest_run-1_eeg.vhdr,1.0,csd_phase_only,D_eff,13.06460028610422,13.439363396804003,,
DS005620,1064,sed2,alpha,sub-1064_task-sed2_acq-rest_run-1_eeg.vhdr,1.0,csd_phase_only,M_tau,0.01203861839026094,0.009343513986687821,,
DS005620,1064,sed2,alpha,sub-1064_task-sed2_acq-rest_run-2_eeg.vhdr,2.0,csd_phase_only,Pi,0.5263157894736842,0.6315789473684209,,
DS005620,1064,sed2,alpha,sub-1064_task-sed2_acq-rest_run-2_eeg.vhdr,2.0,csd_phase_only,R,0.1833589874240924,0.19166236644772697,,
DS005620,1064,sed2,alpha,sub-1064_task-sed2_acq-rest_run-2_eeg.vhdr,2.0,csd_phase_only,D_eff,12.564712507099012,13.632184771757672,,
DS005620,1064,sed2,alpha,sub-1064_task-sed2_acq-rest_run-2_eeg.vhdr,2.0,csd_phase_only,M_tau,0.008021891024414177,0.0092979639383942,,
DS005620,1064,sed2,alpha,sub-1064_task-sed2_acq-rest_run-3_eeg.vhdr,3.0,csd_phase_only,Pi,0.5263157894736841,0.5964912280701754,,
DS005620,1064,sed2,alpha,sub-1064_task-sed2_acq-rest_run-3_eeg.vhdr,3.0,csd_phase_only,R,0.32522300402125276,0.3141885034961695,,
DS005620,1064,sed2,alpha,sub-1064_task-sed2_acq-rest_run-3_eeg.vhdr,3.0,csd_phase_only,D_eff,8.064161290944236,6.7039138702695995,,
DS005620,1064,sed2,alpha,sub-1064_task-sed2_acq-rest_run-3_eeg.vhdr,3.0,csd_phase_only,M_tau,0.015909011821928706,0.014657053649521416,,
DS005620,1064,sed,alpha,sub-1064_task-sed_acq-rest_run-1_eeg.vhdr,1.0,csd_phase_only,Pi,0.482758620689655,0.44827586206896547,,
DS005620,1064,sed,alpha,sub-1064_task-sed_acq-rest_run-1_eeg.vhdr,1.0,csd_phase_only,R,0.18784189514841537,0.18269898489558187,,
DS005620,1064,sed,alpha,sub-1064_task-sed_acq-rest_run-1_eeg.vhdr,1.0,csd_phase_only,D_eff,10.798700961684414,10.638981942079038,,
DS005620,1064,sed,alpha,sub-1064_task-sed_acq-rest_run-1_eeg.vhdr,1.0,csd_phase_only,M_tau,0.009045621170206408,0.008725088458976843,,
DS005620,1064,sed,alpha,sub-1064_task-sed_acq-rest_run-2_eeg.vhdr,2.0,csd_phase_only,Pi,0.5747126436781609,0.5632183908045978,,
DS005620,1064,sed,alpha,sub-1064_task-sed_acq-rest_run-2_eeg.vhdr,2.0,csd_phase_only,R,0.2557253890887479,0.24914845486574827,,
DS005620,1064,sed,alpha,sub-1064_task-sed_acq-rest_run-2_eeg.vhdr,2.0,csd_phase_only,D_eff,11.325359199935054,11.01639516020214,,
DS005620,1064,sed,alpha,sub-1064_task-sed_acq-rest_run-2_eeg.vhdr,2.0,csd_phase_only,M_tau,0.013739177430274377,0.014070217531493939,,
DS005620,1064,sed,alpha,sub-1064_task-sed_acq-rest_run-3_eeg.vhdr,3.0,csd_phase_only,Pi,0.4942528735632184,0.4712643678160919,,
DS005620,1064,sed,alpha,sub-1064_task-sed_acq-rest_run-3_eeg.vhdr,3.0,csd_phase_only,R,0.3153337737807334,0.3317769325718391,,
DS005620,1064,sed,alpha,sub-1064_task-sed_acq-rest_run-3_eeg.vhdr,3.0,csd_phase_only,D_eff,9.908946451097904,8.619886808449127,,
DS005620,1064,sed,alpha,sub-1064_task-sed_acq-rest_run-3_eeg.vhdr,3.0,csd_phase_only,M_tau,0.016930505999592862,0.019230969773681238,,
DS005620,1067,awake,alpha,sub-1067_task-awake_acq-EC_eeg.vhdr,,csd_phase_only,Pi,0.8160919540229884,0.839080459770115,,
DS005620,1067,awake,alpha,sub-1067_task-awake_acq-EC_eeg.vhdr,,csd_phase_only,R,0.2663173150752056,0.2594252149219427,,
DS005620,1067,awake,alpha,sub-1067_task-awake_acq-EC_eeg.vhdr,,csd_phase_only,D_eff,13.002446462168878,12.515869580330829,,
DS005620,1067,awake,alpha,sub-1067_task-awake_acq-EC_eeg.vhdr,,csd_phase_only,M_tau,0.01421751111215892,0.013384832361237853,,
DS005620,1067,sed2,alpha,sub-1067_task-sed2_acq-rest_run-1_eeg.vhdr,1.0,csd_phase_only,Pi,0.21052631578947367,0.15789473684210525,,
DS005620,1067,sed2,alpha,sub-1067_task-sed2_acq-rest_run-1_eeg.vhdr,1.0,csd_phase_only,R,0.191199300005848,0.16483105354885455,,
DS005620,1067,sed2,alpha,sub-1067_task-sed2_acq-rest_run-1_eeg.vhdr,1.0,csd_phase_only,D_eff,9.845923858391092,9.70496895209131,,
DS005620,1067,sed2,alpha,sub-1067_task-sed2_acq-rest_run-1_eeg.vhdr,1.0,csd_phase_only,M_tau,0.0060590685763737785,0.006018852506353527,,
DS005620,1067,sed2,alpha,sub-1067_task-sed2_acq-rest_run-2_eeg.vhdr,2.0,csd_phase_only,Pi,0.03508771929824561,0.14035087719298245,,
DS005620,1067,sed2,alpha,sub-1067_task-sed2_acq-rest_run-2_eeg.vhdr,2.0,csd_phase_only,R,0.1798667275159732,0.1756073734996457,,
DS005620,1067,sed2,alpha,sub-1067_task-sed2_acq-rest_run-2_eeg.vhdr,2.0,csd_phase_only,D_eff,8.613086818353842,8.475203120308484,,
DS005620,1067,sed2,alpha,sub-1067_task-sed2_acq-rest_run-2_eeg.vhdr,2.0,csd_phase_only,M_tau,0.0062183183138016735,0.006009496908331799,,
DS005620,1067,sed2,alpha,sub-1067_task-sed2_acq-rest_run-3_eeg.vhdr,3.0,csd_phase_only,Pi,0.6842105263157894,0.5789473684210527,,
DS005620,1067,sed2,alpha,sub-1067_task-sed2_acq-rest_run-3_eeg.vhdr,3.0,csd_phase_only,R,0.2125971705089454,0.21411977467330487,,
DS005620,1067,sed2,alpha,sub-1067_task-sed2_acq-rest_run-3_eeg.vhdr,3.0,csd_phase_only,D_eff,12.109894216768623,10.504904998726875,,
DS005620,1067,sed2,alpha,sub-1067_task-sed2_acq-rest_run-3_eeg.vhdr,3.0,csd_phase_only,M_tau,0.009714140252358859,0.010787977893453158,,
DS005620,1067,sed,alpha,sub-1067_task-sed_acq-rest_run-1_eeg.vhdr,1.0,csd_phase_only,Pi,0.4022988505747127,0.3678160919540231,,
DS005620,1067,sed,alpha,sub-1067_task-sed_acq-rest_run-1_eeg.vhdr,1.0,csd_phase_only,R,0.1804783980964596,0.17235980318529234,,
DS005620,1067,sed,alpha,sub-1067_task-sed_acq-rest_run-1_eeg.vhdr,1.0,csd_phase_only,D_eff,12.113875752257183,11.937619092265107,,
DS005620,1067,sed,alpha,sub-1067_task-sed_acq-rest_run-1_eeg.vhdr,1.0,csd_phase_only,M_tau,0.00794115040356837,0.006218006384146097,,
DS005620,1067,sed,alpha,sub-1067_task-sed_acq-rest_run-2_eeg.vhdr,2.0,csd_phase_only,Pi,0.36781609195402304,0.2413793103448276,,
DS005620,1067,sed,alpha,sub-1067_task-sed_acq-rest_run-2_eeg.vhdr,2.0,csd_phase_only,R,0.1873439088979097,0.1736060060953522,,
DS005620,1067,sed,alpha,sub-1067_task-sed_acq-rest_run-2_eeg.vhdr,2.0,csd_phase_only,D_eff,10.896163221046411,9.768277322210924,,
DS005620,1067,sed,alpha,sub-1067_task-sed_acq-rest_run-2_eeg.vhdr,2.0,csd_phase_only,M_tau,0.007197640122605359,0.007099506023873031,,
DS005620,1067,sed,alpha,sub-1067_task-sed_acq-rest_run-3_eeg.vhdr,3.0,csd_phase_only,Pi,0.7241379310344827,0.7586206896551724,,
DS005620,1067,sed,alpha,sub-1067_task-sed_acq-rest_run-3_eeg.vhdr,3.0,csd_phase_only,R,0.2233566157739832,0.22709037124094092,,
DS005620,1067,sed,alpha,sub-1067_task-sed_acq-rest_run-3_eeg.vhdr,3.0,csd_phase_only,D_eff,11.915772126025312,11.746743929740182,,
DS005620,1067,sed,alpha,sub-1067_task-sed_acq-rest_run-3_eeg.vhdr,3.0,csd_phase_only,M_tau,0.012250574549274347,0.011211624705606093,,
DS005620,1068,awake,alpha,sub-1068_task-awake_acq-EC_eeg.vhdr,,csd_phase_only,Pi,0.8505747126436782,0.8045977011494252,,
DS005620,1068,awake,alpha,sub-1068_task-awake_acq-EC_eeg.vhdr,,csd_phase_only,R,0.19925289387643866,0.20963256025823995,,
DS005620,1068,awake,alpha,sub-1068_task-awake_acq-EC_eeg.vhdr,,csd_phase_only,D_eff,12.648539074894925,12.378811193434384,,
DS005620,1068,awake,alpha,sub-1068_task-awake_acq-EC_eeg.vhdr,,csd_phase_only,M_tau,0.00899441172147501,0.010428673142972026,,
DS005620,1068,sed2,alpha,sub-1068_task-sed2_acq-rest_run-1_eeg.vhdr,1.0,csd_phase_only,Pi,0.8947368421052629,0.8070175438596491,,
DS005620,1068,sed2,alpha,sub-1068_task-sed2_acq-rest_run-1_eeg.vhdr,1.0,csd_phase_only,R,0.20614231278819878,0.19689037137731824,,
DS005620,1068,sed2,alpha,sub-1068_task-sed2_acq-rest_run-1_eeg.vhdr,1.0,csd_phase_only,D_eff,10.85611183962279,11.285639244460047,,
DS005620,1068,sed2,alpha,sub-1068_task-sed2_acq-rest_run-1_eeg.vhdr,1.0,csd_phase_only,M_tau,0.010175438996669372,0.007376537236122727,,
DS005620,1068,sed,alpha,sub-1068_task-sed_acq-rest_run-1_eeg.vhdr,1.0,csd_phase_only,Pi,0.6436781609195401,0.7241379310344829,,
DS005620,1068,sed,alpha,sub-1068_task-sed_acq-rest_run-1_eeg.vhdr,1.0,csd_phase_only,R,0.25248426109754685,0.2540333180134718,,
DS005620,1068,sed,alpha,sub-1068_task-sed_acq-rest_run-1_eeg.vhdr,1.0,csd_phase_only,D_eff,7.845330888578419,7.677265587075805,,
DS005620,1068,sed,alpha,sub-1068_task-sed_acq-rest_run-1_eeg.vhdr,1.0,csd_phase_only,M_tau,0.010783048842119657,0.009427619111572466,,
DS005620,1068,sed,alpha,sub-1068_task-sed_acq-rest_run-2_eeg.vhdr,2.0,csd_phase_only,Pi,0.9195402298850575,0.7011494252873562,,
DS005620,1068,sed,alpha,sub-1068_task-sed_acq-rest_run-2_eeg.vhdr,2.0,csd_phase_only,R,0.23056212081051058,0.18505140071259002,,
DS005620,1068,sed,alpha,sub-1068_task-sed_acq-rest_run-2_eeg.vhdr,2.0,csd_phase_only,D_eff,11.4978650386246,10.418602779940837,,
DS005620,1068,sed,alpha,sub-1068_task-sed_acq-rest_run-2_eeg.vhdr,2.0,csd_phase_only,M_tau,0.010565423927857035,0.0076391564555909,,
DS005620,1071,awake,alpha,sub-1071_task-awake_acq-EC_eeg.vhdr,,csd_phase_only,Pi,0.8045977011494252,0.8505747126436782,,
DS005620,1071,awake,alpha,sub-1071_task-awake_acq-EC_eeg.vhdr,,csd_phase_only,R,0.2526191920745151,0.2570015909839012,,
DS005620,1071,awake,alpha,sub-1071_task-awake_acq-EC_eeg.vhdr,,csd_phase_only,D_eff,9.672107375884384,10.69007636397384,,
DS005620,1071,awake,alpha,sub-1071_task-awake_acq-EC_eeg.vhdr,,csd_phase_only,M_tau,0.01060678013504344,0.014274068692409823,,
DS005620,1071,sed2,alpha,sub-1071_task-sed2_acq-rest_run-1_eeg.vhdr,1.0,csd_phase_only,Pi,0.33333333333333326,0.35087719298245607,,
DS005620,1071,sed2,alpha,sub-1071_task-sed2_acq-rest_run-1_eeg.vhdr,1.0,csd_phase_only,R,0.14862213909784047,0.14878529578912708,,
DS005620,1071,sed2,alpha,sub-1071_task-sed2_acq-rest_run-1_eeg.vhdr,1.0,csd_phase_only,D_eff,9.321072094125746,10.094102333364608,,
DS005620,1071,sed2,alpha,sub-1071_task-sed2_acq-rest_run-1_eeg.vhdr,1.0,csd_phase_only,M_tau,0.00525388020558291,0.0050294014987577,,
DS005620,1071,sed2,alpha,sub-1071_task-sed2_acq-rest_run-2_eeg.vhdr,2.0,csd_phase_only,Pi,0.5614035087719299,0.543859649122807,,
DS005620,1071,sed2,alpha,sub-1071_task-sed2_acq-rest_run-2_eeg.vhdr,2.0,csd_phase_only,R,0.1914010892218073,0.1831900756858648,,
DS005620,1071,sed2,alpha,sub-1071_task-sed2_acq-rest_run-2_eeg.vhdr,2.0,csd_phase_only,D_eff,8.959817755608745,10.358037263573703,,
DS005620,1071,sed2,alpha,sub-1071_task-sed2_acq-rest_run-2_eeg.vhdr,2.0,csd_phase_only,M_tau,0.00671989917702779,0.007661275637006028,,
DS005620,1071,sed2,alpha,sub-1071_task-sed2_acq-rest_run-3_eeg.vhdr,3.0,csd_phase_only,Pi,0.3148148148148148,0.6140350877192983,,
DS005620,1071,sed2,alpha,sub-1071_task-sed2_acq-rest_run-3_eeg.vhdr,3.0,csd_phase_only,R,0.1742834447102559,0.21791080361289633,,
DS005620,1071,sed2,alpha,sub-1071_task-sed2_acq-rest_run-3_eeg.vhdr,3.0,csd_phase_only,D_eff,7.3761995113714836,7.813453782180974,,
DS005620,1071,sed2,alpha,sub-1071_task-sed2_acq-rest_run-3_eeg.vhdr,3.0,csd_phase_only,M_tau,0.007078248264140937,0.009312079949499138,,
DS005620,1071,sed,alpha,sub-1071_task-sed_acq-rest_run-1_eeg.vhdr,1.0,csd_phase_only,Pi,0.5287356321839081,0.5402298850574713,,
DS005620,1071,sed,alpha,sub-1071_task-sed_acq-rest_run-1_eeg.vhdr,1.0,csd_phase_only,R,0.1875468746249257,0.20194193003069574,,
DS005620,1071,sed,alpha,sub-1071_task-sed_acq-rest_run-1_eeg.vhdr,1.0,csd_phase_only,D_eff,8.622722404939786,8.126835207817088,,
DS005620,1071,sed,alpha,sub-1071_task-sed_acq-rest_run-1_eeg.vhdr,1.0,csd_phase_only,M_tau,0.00812282529104098,0.0075084671710483495,,
DS005620,1071,sed,alpha,sub-1071_task-sed_acq-rest_run-2_eeg.vhdr,2.0,csd_phase_only,Pi,0.21839080459770116,0.13793103448275862,,
DS005620,1071,sed,alpha,sub-1071_task-sed_acq-rest_run-2_eeg.vhdr,2.0,csd_phase_only,R,0.15274212457732125,0.14066525029789106,,
DS005620,1071,sed,alpha,sub-1071_task-sed_acq-rest_run-2_eeg.vhdr,2.0,csd_phase_only,D_eff,7.638775011905351,7.2480431541135015,,
DS005620,1071,sed,alpha,sub-1071_task-sed_acq-rest_run-2_eeg.vhdr,2.0,csd_phase_only,M_tau,0.0059586718838814026,0.005233240671785547,,
DS005620,1071,sed,alpha,sub-1071_task-sed_acq-rest_run-3_eeg.vhdr,3.0,csd_phase_only,Pi,0.2413793103448276,0.6206896551724136,,
DS005620,1071,sed,alpha,sub-1071_task-sed_acq-rest_run-3_eeg.vhdr,3.0,csd_phase_only,R,0.16104516328076351,0.2106726116507887,,
DS005620,1071,sed,alpha,sub-1071_task-sed_acq-rest_run-3_eeg.vhdr,3.0,csd_phase_only,D_eff,8.156368479682298,8.239526487483499,,
DS005620,1071,sed,alpha,sub-1071_task-sed_acq-rest_run-3_eeg.vhdr,3.0,csd_phase_only,M_tau,0.006379524798909193,0.008230166057638495,,
DS005620,1074,awake,alpha,sub-1074_task-awake_acq-EC_eeg.vhdr,,csd_phase_only,Pi,0.8275862068965517,0.8275862068965517,,
DS005620,1074,awake,alpha,sub-1074_task-awake_acq-EC_eeg.vhdr,,csd_phase_only,R,0.16437060955308877,0.16163080103050687,,
DS005620,1074,awake,alpha,sub-1074_task-awake_acq-EC_eeg.vhdr,,csd_phase_only,D_eff,14.630354830376385,15.966950623124145,,
DS005620,1074,awake,alpha,sub-1074_task-awake_acq-EC_eeg.vhdr,,csd_phase_only,M_tau,0.00604038107467554,0.00656140449448733,,
DS005620,1074,sed2,alpha,sub-1074_task-sed2_acq-rest_run-1_eeg.vhdr,1.0,csd_phase_only,Pi,0.8421052631578947,0.9298245614035089,,
DS005620,1074,sed2,alpha,sub-1074_task-sed2_acq-rest_run-1_eeg.vhdr,1.0,csd_phase_only,R,0.16141075062615187,0.1637380725673105,,
DS005620,1074,sed2,alpha,sub-1074_task-sed2_acq-rest_run-1_eeg.vhdr,1.0,csd_phase_only,D_eff,14.520510502249916,15.083615848661776,,
DS005620,1074,sed2,alpha,sub-1074_task-sed2_acq-rest_run-1_eeg.vhdr,1.0,csd_phase_only,M_tau,0.005877714532351426,0.006244356313177531,,
DS005620,1074,sed2,alpha,sub-1074_task-sed2_acq-rest_run-2_eeg.vhdr,2.0,csd_phase_only,Pi,0.6666666666666665,0.8596491228070174,,
DS005620,1074,sed2,alpha,sub-1074_task-sed2_acq-rest_run-2_eeg.vhdr,2.0,csd_phase_only,R,0.18490715930438645,0.18486744490132812,,
DS005620,1074,sed2,alpha,sub-1074_task-sed2_acq-rest_run-2_eeg.vhdr,2.0,csd_phase_only,D_eff,13.845506827089926,15.923084094860844,,
DS005620,1074,sed2,alpha,sub-1074_task-sed2_acq-rest_run-2_eeg.vhdr,2.0,csd_phase_only,M_tau,0.007269298975082927,0.007491235043512595,,
DS005620,1074,sed2,alpha,sub-1074_task-sed2_acq-rest_run-3_eeg.vhdr,3.0,csd_phase_only,Pi,0.7719298245614035,0.7368421052631579,,
DS005620,1074,sed2,alpha,sub-1074_task-sed2_acq-rest_run-3_eeg.vhdr,3.0,csd_phase_only,R,0.17827894762360824,0.16216119986466207,,
DS005620,1074,sed2,alpha,sub-1074_task-sed2_acq-rest_run-3_eeg.vhdr,3.0,csd_phase_only,D_eff,13.632215776414432,12.92704203145919,,
DS005620,1074,sed2,alpha,sub-1074_task-sed2_acq-rest_run-3_eeg.vhdr,3.0,csd_phase_only,M_tau,0.0076456769594728845,0.0063080913854933795,,
DS005620,1074,sed,alpha,sub-1074_task-sed_acq-rest_run-1_eeg.vhdr,1.0,csd_phase_only,Pi,0.8505747126436782,0.896551724137931,,
DS005620,1074,sed,alpha,sub-1074_task-sed_acq-rest_run-1_eeg.vhdr,1.0,csd_phase_only,R,0.15814486389789956,0.15734902892204536,,
DS005620,1074,sed,alpha,sub-1074_task-sed_acq-rest_run-1_eeg.vhdr,1.0,csd_phase_only,D_eff,14.206485145386068,14.43310469916349,,
DS005620,1074,sed,alpha,sub-1074_task-sed_acq-rest_run-1_eeg.vhdr,1.0,csd_phase_only,M_tau,0.006100776559113886,0.006184657902409859,,
DS005620,1074,sed,alpha,sub-1074_task-sed_acq-rest_run-2_eeg.vhdr,2.0,csd_phase_only,Pi,0.8160919540229885,0.8505747126436782,,
DS005620,1074,sed,alpha,sub-1074_task-sed_acq-rest_run-2_eeg.vhdr,2.0,csd_phase_only,R,0.16723602082133976,0.16224690646542186,,
DS005620,1074,sed,alpha,sub-1074_task-sed_acq-rest_run-2_eeg.vhdr,2.0,csd_phase_only,D_eff,16.04453725008794,15.20044351590385,,
DS005620,1074,sed,alpha,sub-1074_task-sed_acq-rest_run-2_eeg.vhdr,2.0,csd_phase_only,M_tau,0.00841055787204829,0.006545169052009318,,
DS005620,1074,sed,alpha,sub-1074_task-sed_acq-rest_run-3_eeg.vhdr,3.0,csd_phase_only,Pi,0.7356321839080461,0.8160919540229885,,
DS005620,1074,sed,alpha,sub-1074_task-sed_acq-rest_run-3_eeg.vhdr,3.0,csd_phase_only,R,0.15970083576376753,0.15825516411755802,,
DS005620,1074,sed,alpha,sub-1074_task-sed_acq-rest_run-3_eeg.vhdr,3.0,csd_phase_only,D_eff,13.176973627862084,13.015617443507338,,
DS005620,1074,sed,alpha,sub-1074_task-sed_acq-rest_run-3_eeg.vhdr,3.0,csd_phase_only,M_tau,0.006886180842426332,0.0060329027684456905,,
Chennu,2,baseline,gamma,02-2010-anest 20100210 135.003.set,,csd_phase_only,Pi,0.8045977011494252,0.8505747126436782,,
Chennu,2,baseline,gamma,02-2010-anest 20100210 135.003.set,,csd_phase_only,R,0.27468421161060363,0.28637102136363335,,
Chennu,2,baseline,gamma,02-2010-anest 20100210 135.003.set,,csd_phase_only,D_eff,18.293987575798226,17.286289756969637,,
Chennu,2,baseline,gamma,02-2010-anest 20100210 135.003.set,,csd_phase_only,M_tau,0.017019512596673825,0.01795698675229887,,
Chennu,2,mild,gamma,02-2010-anest 20100210 135.006.set,,csd_phase_only,Pi,0.5747126436781609,0.5057471264367814,,
Chennu,2,mild,gamma,02-2010-anest 20100210 135.006.set,,csd_phase_only,R,0.3108192414109776,0.3068226185501916,,
Chennu,2,mild,gamma,02-2010-anest 20100210 135.006.set,,csd_phase_only,D_eff,14.472241341052793,14.15663757389745,,
Chennu,2,mild,gamma,02-2010-anest 20100210 135.006.set,,csd_phase_only,M_tau,0.020273360254911076,0.019017512860394027,,
Chennu,2,moderate,gamma,02-2010-anest 20100210 135.014.set,,csd_phase_only,Pi,0.5517241379310345,0.5057471264367817,,
Chennu,2,moderate,gamma,02-2010-anest 20100210 135.014.set,,csd_phase_only,R,0.31371870510710764,0.31717424806100714,,
Chennu,2,moderate,gamma,02-2010-anest 20100210 135.014.set,,csd_phase_only,D_eff,14.61789530373664,14.11875862619567,,
Chennu,2,moderate,gamma,02-2010-anest 20100210 135.014.set,,csd_phase_only,M_tau,0.01908992645824023,0.020257165452197214,,
Chennu,2,recovery,gamma,02-2010-anest- 20100210 16.003.set,,csd_phase_only,Pi,0.7241379310344828,0.67816091954023,,
Chennu,2,recovery,gamma,02-2010-anest- 20100210 16.003.set,,csd_phase_only,R,0.2887633121729962,0.3038519972662556,,
Chennu,2,recovery,gamma,02-2010-anest- 20100210 16.003.set,,csd_phase_only,D_eff,16.515159375459795,16.10586770281156,,
Chennu,2,recovery,gamma,02-2010-anest- 20100210 16.003.set,,csd_phase_only,M_tau,0.017583851255109594,0.019266004166455342,,
Chennu,3,baseline,gamma,03-2010-anest 20100211 142.003.set,,csd_phase_only,Pi,0.8045977011494252,0.8505747126436782,,
Chennu,3,baseline,gamma,03-2010-anest 20100211 142.003.set,,csd_phase_only,R,0.2753158609596092,0.27958680220976734,,
Chennu,3,baseline,gamma,03-2010-anest 20100211 142.003.set,,csd_phase_only,D_eff,14.807974087959314,15.765965710180787,,
Chennu,3,baseline,gamma,03-2010-anest 20100211 142.003.set,,csd_phase_only,M_tau,0.016609429284369585,0.01796825996108921,,
Chennu,3,mild,gamma,03-2010-anest 20100211 142.008.set,,csd_phase_only,Pi,0.7356321839080461,0.7126436781609197,,
Chennu,3,mild,gamma,03-2010-anest 20100211 142.008.set,,csd_phase_only,R,0.31220640433610336,0.31412746154618393,,
Chennu,3,mild,gamma,03-2010-anest 20100211 142.008.set,,csd_phase_only,D_eff,13.714769900077467,13.241198869510507,,
Chennu,3,mild,gamma,03-2010-anest 20100211 142.008.set,,csd_phase_only,M_tau,0.016606661364892708,0.017507383767310057,,
Chennu,3,moderate,gamma,03-2010-anest 20100211 142.021.set,,csd_phase_only,Pi,0.6321839080459771,0.5057471264367815,,
Chennu,3,moderate,gamma,03-2010-anest 20100211 142.021.set,,csd_phase_only,R,0.3460039809317372,0.357847504929323,,
Chennu,3,moderate,gamma,03-2010-anest 20100211 142.021.set,,csd_phase_only,D_eff,13.977026747727313,13.095361483451025,,
Chennu,3,moderate,gamma,03-2010-anest 20100211 142.021.set,,csd_phase_only,M_tau,0.021443545692824865,0.022723366237065314,,
Chennu,3,recovery,gamma,03-2010-anest 20100211 142.026.set,,csd_phase_only,Pi,0.6436781609195402,0.586206896551724,,
Chennu,3,recovery,gamma,03-2010-anest 20100211 142.026.set,,csd_phase_only,R,0.31032269832631165,0.32013930283910386,,
Chennu,3,recovery,gamma,03-2010-anest 20100211 142.026.set,,csd_phase_only,D_eff,13.22019002343454,12.83697753603147,,
Chennu,3,recovery,gamma,03-2010-anest 20100211 142.026.set,,csd_phase_only,M_tau,0.01692112142339395,0.018396286577683812,,
Chennu,5,baseline,gamma,05-2010-anest 20100223 095.004.set,,csd_phase_only,Pi,0.7586206896551724,0.896551724137931,,
Chennu,5,baseline,gamma,05-2010-anest 20100223 095.004.set,,csd_phase_only,R,0.25044891025681365,0.2587355392715467,,
Chennu,5,baseline,gamma,05-2010-anest 20100223 095.004.set,,csd_phase_only,D_eff,18.114828052021384,18.636292527833874,,
Chennu,5,baseline,gamma,05-2010-anest 20100223 095.004.set,,csd_phase_only,M_tau,0.013923491931313807,0.015406061466115947,,
Chennu,5,mild,gamma,05-2010-anest 20100223 095.009.set,,csd_phase_only,Pi,0.67816091954023,0.6551724137931034,,
Chennu,5,mild,gamma,05-2010-anest 20100223 095.009.set,,csd_phase_only,R,0.301777057359727,0.2926686682060101,,
Chennu,5,mild,gamma,05-2010-anest 20100223 095.009.set,,csd_phase_only,D_eff,16.767949803477503,16.574763039046054,,
Chennu,5,mild,gamma,05-2010-anest 20100223 095.009.set,,csd_phase_only,M_tau,0.017038469955064917,0.017791873196012477,,
Chennu,5,moderate,gamma,05-2010-anest 20100223 095.022.set,,csd_phase_only,Pi,0.6896551724137929,0.632183908045977,,
Chennu,5,moderate,gamma,05-2010-anest 20100223 095.022.set,,csd_phase_only,R,0.2900261149566336,0.3086950377685948,,
Chennu,5,moderate,gamma,05-2010-anest 20100223 095.022.set,,csd_phase_only,D_eff,17.260726314707828,16.608174290396793,,
Chennu,5,moderate,gamma,05-2010-anest 20100223 095.022.set,,csd_phase_only,M_tau,0.017702309439596022,0.018917483357814076,,
Chennu,5,recovery,gamma,05-2010-anest 20100223 095.027.set,,csd_phase_only,Pi,0.7816091954022989,0.8160919540229885,,
Chennu,5,recovery,gamma,05-2010-anest 20100223 095.027.set,,csd_phase_only,R,0.26674144477709105,0.27063086374467155,,
Chennu,5,recovery,gamma,05-2010-anest 20100223 095.027.set,,csd_phase_only,D_eff,17.602033207321433,18.069471014576173,,
Chennu,5,recovery,gamma,05-2010-anest 20100223 095.027.set,,csd_phase_only,M_tau,0.016852568545152564,0.017417294693601995,,
Chennu,6,baseline,gamma,06-2010-anest 20100224 093.003.set,,csd_phase_only,Pi,0.8735632183908046,0.7816091954022989,,
Chennu,6,baseline,gamma,06-2010-anest 20100224 093.003.set,,csd_phase_only,R,0.3012956861163586,0.3088824627036411,,
Chennu,6,baseline,gamma,06-2010-anest 20100224 093.003.set,,csd_phase_only,D_eff,18.159108173777252,17.20256071377068,,
Chennu,6,baseline,gamma,06-2010-anest 20100224 093.003.set,,csd_phase_only,M_tau,0.02040986103477045,0.01986096865731006,,
Chennu,6,mild,gamma,06-2010-anest 20100224 093.008.set,,csd_phase_only,Pi,0.34482758620689663,0.4367816091954022,,
Chennu,6,mild,gamma,06-2010-anest 20100224 093.008.set,,csd_phase_only,R,0.2773340368570177,0.2970039929540567,,
Chennu,6,mild,gamma,06-2010-anest 20100224 093.008.set,,csd_phase_only,D_eff,12.867365227041862,14.1332875318264,,
Chennu,6,mild,gamma,06-2010-anest 20100224 093.008.set,,csd_phase_only,M_tau,0.017587229682377817,0.017111443158784382,,
Chennu,6,moderate,gamma,06-2010-anest 20100224 093.013.set,,csd_phase_only,Pi,0.5747126436781609,0.5977011494252873,,
Chennu,6,moderate,gamma,06-2010-anest 20100224 093.013.set,,csd_phase_only,R,0.34946135487451513,0.35242079364265977,,
Chennu,6,moderate,gamma,06-2010-anest 20100224 093.013.set,,csd_phase_only,D_eff,12.489203286446973,13.00222691160364,,
Chennu,6,moderate,gamma,06-2010-anest 20100224 093.013.set,,csd_phase_only,M_tau,0.02173892901073808,0.022955450897388555,,
Chennu,6,recovery,gamma,06-2010-anest 20100224 093.026.set,,csd_phase_only,Pi,0.735632183908046,0.6321839080459768,,
Chennu,6,recovery,gamma,06-2010-anest 20100224 093.026.set,,csd_phase_only,R,0.30191751742460265,0.29822291284940616,,
Chennu,6,recovery,gamma,06-2010-anest 20100224 093.026.set,,csd_phase_only,D_eff,15.81773005225303,15.01334932723097,,
Chennu,6,recovery,gamma,06-2010-anest 20100224 093.026.set,,csd_phase_only,M_tau,0.019484950326023657,0.01898657766573087,,
Chennu,7,baseline,gamma,07-2010-anest 20100226 133.003.set,,csd_phase_only,Pi,0.8045977011494254,0.8505747126436782,,
Chennu,7,baseline,gamma,07-2010-anest 20100226 133.003.set,,csd_phase_only,R,0.3181667640240978,0.32200984455229514,,
Chennu,7,baseline,gamma,07-2010-anest 20100226 133.003.set,,csd_phase_only,D_eff,14.988279820114036,14.94436595662698,,
Chennu,7,baseline,gamma,07-2010-anest 20100226 133.003.set,,csd_phase_only,M_tau,0.019580447497893234,0.02031883221194699,,
Chennu,7,mild,gamma,07-2010-anest 20100226 133.008.set,,csd_phase_only,Pi,0.8045977011494254,0.7126436781609194,,
Chennu,7,mild,gamma,07-2010-anest 20100226 133.008.set,,csd_phase_only,R,0.3342514336608766,0.31610969208033,,
Chennu,7,mild,gamma,07-2010-anest 20100226 133.008.set,,csd_phase_only,D_eff,15.19501925233502,15.490486421275838,,
Chennu,7,mild,gamma,07-2010-anest 20100226 133.008.set,,csd_phase_only,M_tau,0.022625213823896335,0.020837196332389,,
Chennu,7,moderate,gamma,07-2010-anest 20100226 133.021.set,,csd_phase_only,Pi,0.5977011494252873,0.5747126436781607,,
Chennu,7,moderate,gamma,07-2010-anest 20100226 133.021.set,,csd_phase_only,R,0.3134300820748407,0.3323610697481721,,
Chennu,7,moderate,gamma,07-2010-anest 20100226 133.021.set,,csd_phase_only,D_eff,13.125936020414333,12.377492604900809,,
Chennu,7,moderate,gamma,07-2010-anest 20100226 133.021.set,,csd_phase_only,M_tau,0.0174928018028092,0.0177906506289658,,
Chennu,7,recovery,gamma,07-2010-anest 20100226 133.027.set,,csd_phase_only,Pi,0.735632183908046,0.7586206896551724,,
Chennu,7,recovery,gamma,07-2010-anest 20100226 133.027.set,,csd_phase_only,R,0.34552427830610805,0.3257502851301241,,
Chennu,7,recovery,gamma,07-2010-anest 20100226 133.027.set,,csd_phase_only,D_eff,14.64172957437636,15.367223280187785,,
Chennu,7,recovery,gamma,07-2010-anest 20100226 133.027.set,,csd_phase_only,M_tau,0.021652298504867436,0.020757630404233025,,
Chennu,8,baseline,gamma,08-2010-anest 20100301 095.004.set,,csd_phase_only,Pi,0.896551724137931,0.7586206896551724,,
Chennu,8,baseline,gamma,08-2010-anest 20100301 095.004.set,,csd_phase_only,R,0.29353774930187615,0.26481716027635516,,
Chennu,8,baseline,gamma,08-2010-anest 20100301 095.004.set,,csd_phase_only,D_eff,14.944644400276783,17.307063196747826,,
Chennu,8,baseline,gamma,08-2010-anest 20100301 095.004.set,,csd_phase_only,M_tau,0.018494424319525755,0.016341651190829767,,
Chennu,8,mild,gamma,08-2010-anest 20100301 095.010.set,,csd_phase_only,Pi,0.8160919540229885,0.6666666666666667,,
Chennu,8,mild,gamma,08-2010-anest 20100301 095.010.set,,csd_phase_only,R,0.2874770536177521,0.31116578261698075,,
Chennu,8,mild,gamma,08-2010-anest 20100301 095.010.set,,csd_phase_only,D_eff,17.35326657906301,18.08116648206306,,
Chennu,8,mild,gamma,08-2010-anest 20100301 095.010.set,,csd_phase_only,M_tau,0.017969681648906645,0.021668157137473967,,
Chennu,8,moderate,gamma,08-2010-anest 20100301 095.015.set,,csd_phase_only,Pi,0.8735632183908045,0.9195402298850575,,
Chennu,8,moderate,gamma,08-2010-anest 20100301 095.015.set,,csd_phase_only,R,0.33343414018075695,0.3262394600636521,,
Chennu,8,moderate,gamma,08-2010-anest 20100301 095.015.set,,csd_phase_only,D_eff,16.166605203937355,15.46407201967505,,
Chennu,8,moderate,gamma,08-2010-anest 20100301 095.015.set,,csd_phase_only,M_tau,0.02065999798659687,0.01976562238033855,,
Chennu,8,recovery,gamma,08-2010-anest 20100301 095.028.set,,csd_phase_only,Pi,0.8390804597701149,0.7701149425287357,,
Chennu,8,recovery,gamma,08-2010-anest 20100301 095.028.set,,csd_phase_only,R,0.3030707005354027,0.2803171294448866,,
Chennu,8,recovery,gamma,08-2010-anest 20100301 095.028.set,,csd_phase_only,D_eff,14.215424629776969,18.13985698982529,,
Chennu,8,recovery,gamma,08-2010-anest 20100301 095.028.set,,csd_phase_only,M_tau,0.01623924929395871,0.01790557972351061,,
Chennu,9,baseline,gamma,09-2010-anest 20100301 135.003.set,,csd_phase_only,Pi,0.7931034482758621,0.8620689655172413,,
Chennu,9,baseline,gamma,09-2010-anest 20100301 135.003.set,,csd_phase_only,R,0.27965008373753725,0.27015223704238506,,
Chennu,9,baseline,gamma,09-2010-anest 20100301 135.003.set,,csd_phase_only,D_eff,19.148118055117514,19.705858402573202,,
Chennu,9,baseline,gamma,09-2010-anest 20100301 135.003.set,,csd_phase_only,M_tau,0.019598096086766666,0.017474177884182516,,
Chennu,9,mild,gamma,09-2010-anest 20100301 135.008.set,,csd_phase_only,Pi,0.7126436781609196,0.6896551724137929,,
Chennu,9,mild,gamma,09-2010-anest 20100301 135.008.set,,csd_phase_only,R,0.2882818837244469,0.31580949970468286,,
Chennu,9,mild,gamma,09-2010-anest 20100301 135.008.set,,csd_phase_only,D_eff,17.977677720868602,17.711197063310898,,
Chennu,9,mild,gamma,09-2010-anest 20100301 135.008.set,,csd_phase_only,M_tau,0.01864051930210597,0.02030072223968837,,
Chennu,9,moderate,gamma,09-2010-anest 20100301 135.021.set,,csd_phase_only,Pi,0.6896551724137931,0.5632183908045977,,
Chennu,9,moderate,gamma,09-2010-anest 20100301 135.021.set,,csd_phase_only,R,0.3156292612891071,0.3252400566422433,,
Chennu,9,moderate,gamma,09-2010-anest 20100301 135.021.set,,csd_phase_only,D_eff,17.069706467311367,16.830183566318574,,
Chennu,9,moderate,gamma,09-2010-anest 20100301 135.021.set,,csd_phase_only,M_tau,0.020249847192719463,0.022640829125636485,,
Chennu,9,recovery,gamma,09-2010-anest 20100301 135.026.set,,csd_phase_only,Pi,0.6551724137931034,0.735632183908046,,
Chennu,9,recovery,gamma,09-2010-anest 20100301 135.026.set,,csd_phase_only,R,0.3190981799070644,0.31613800910566936,,
Chennu,9,recovery,gamma,09-2010-anest 20100301 135.026.set,,csd_phase_only,D_eff,17.2734018792661,17.920544391278316,,
Chennu,9,recovery,gamma,09-2010-anest 20100301 135.026.set,,csd_phase_only,M_tau,0.01997171779003508,0.02073971028529138,,
Chennu,10,baseline,gamma,10-2010-anest 20100305 130.005.set,,csd_phase_only,Pi,0.8275862068965516,0.8275862068965518,,
Chennu,10,baseline,gamma,10-2010-anest 20100305 130.005.set,,csd_phase_only,R,0.2941253567546819,0.3012136249659698,,
Chennu,10,baseline,gamma,10-2010-anest 20100305 130.005.set,,csd_phase_only,D_eff,17.400252679646574,17.78531203175963,,
Chennu,10,baseline,gamma,10-2010-anest 20100305 130.005.set,,csd_phase_only,M_tau,0.01796829092937385,0.01951693929589745,,
Chennu,10,mild,gamma,10-2010-anest 20100305 130.010.set,,csd_phase_only,Pi,0.8160919540229884,0.7816091954022989,,
Chennu,10,mild,gamma,10-2010-anest 20100305 130.010.set,,csd_phase_only,R,0.30016008466521726,0.29838754720273303,,
Chennu,10,mild,gamma,10-2010-anest 20100305 130.010.set,,csd_phase_only,D_eff,16.81227687032288,18.608840309246077,,
Chennu,10,mild,gamma,10-2010-anest 20100305 130.010.set,,csd_phase_only,M_tau,0.019037418815197816,0.019634695517070394,,
Chennu,10,moderate,gamma,10-2010-anest 20100305 130.015.set,,csd_phase_only,Pi,0.8045977011494254,0.8620689655172413,,
Chennu,10,moderate,gamma,10-2010-anest 20100305 130.015.set,,csd_phase_only,R,0.2922000652182268,0.2895755007824255,,
Chennu,10,moderate,gamma,10-2010-anest 20100305 130.015.set,,csd_phase_only,D_eff,17.363310203968958,18.12303094980661,,
Chennu,10,moderate,gamma,10-2010-anest 20100305 130.015.set,,csd_phase_only,M_tau,0.01775532458653775,0.01864233839969283,,
Chennu,10,recovery,gamma,10-2010-anest 20100305 130.028.set,,csd_phase_only,Pi,0.6781609195402298,0.632183908045977,,
Chennu,10,recovery,gamma,10-2010-anest 20100305 130.028.set,,csd_phase_only,R,0.3088901070915983,0.2982922396183508,,
Chennu,10,recovery,gamma,10-2010-anest 20100305 130.028.set,,csd_phase_only,D_eff,14.417708392667594,14.313770137741754,,
Chennu,10,recovery,gamma,10-2010-anest 20100305 130.028.set,,csd_phase_only,M_tau,0.019457983368023242,0.016269979726017656,,
Chennu,13,baseline,gamma,13-2010-anest 20100322 132.003.set,,csd_phase_only,Pi,0.8735632183908046,0.7816091954022989,,
Chennu,13,baseline,gamma,13-2010-anest 20100322 132.003.set,,csd_phase_only,R,0.2694697517248724,0.2642004811366397,,
Chennu,13,baseline,gamma,13-2010-anest 20100322 132.003.set,,csd_phase_only,D_eff,17.860600539944848,17.43178738153114,,
Chennu,13,baseline,gamma,13-2010-anest 20100322 132.003.set,,csd_phase_only,M_tau,0.01776557776760565,0.01794690998713316,,
Chennu,13,mild,gamma,13-2010-anest 20100322 132.008.set,,csd_phase_only,Pi,0.5632183908045977,0.7701149425287356,,
Chennu,13,mild,gamma,13-2010-anest 20100322 132.008.set,,csd_phase_only,R,0.2807421435937374,0.2922189387111089,,
Chennu,13,mild,gamma,13-2010-anest 20100322 132.008.set,,csd_phase_only,D_eff,14.576054988444751,16.04395496145973,,
Chennu,13,mild,gamma,13-2010-anest 20100322 132.008.set,,csd_phase_only,M_tau,0.017064693330453597,0.018495917189555545,,
Chennu,13,moderate,gamma,13-2010-anest 20100322 132.013.set,,csd_phase_only,Pi,0.7931034482758621,0.7586206896551725,,
Chennu,13,moderate,gamma,13-2010-anest 20100322 132.013.set,,csd_phase_only,R,0.30945117780127424,0.3036440659767992,,
Chennu,13,moderate,gamma,13-2010-anest 20100322 132.013.set,,csd_phase_only,D_eff,16.47450160730805,16.3529465615347,,
Chennu,13,moderate,gamma,13-2010-anest 20100322 132.013.set,,csd_phase_only,M_tau,0.019504323335996995,0.01962862167954361,,
Chennu,13,recovery,gamma,13-2010-anest 20100322 132.026.set,,csd_phase_only,Pi,0.7011494252873562,0.6436781609195401,,
Chennu,13,recovery,gamma,13-2010-anest 20100322 132.026.set,,csd_phase_only,R,0.315786835414572,0.3311260025144704,,
Chennu,13,recovery,gamma,13-2010-anest 20100322 132.026.set,,csd_phase_only,D_eff,16.064816232169633,15.35777498792769,,
Chennu,13,recovery,gamma,13-2010-anest 20100322 132.026.set,,csd_phase_only,M_tau,0.019755913902009585,0.01923336092619369,,
Chennu,14,baseline,gamma,14-2010-anest 20100324 125.007.set,,csd_phase_only,Pi,0.7586206896551724,0.896551724137931,,
Chennu,14,baseline,gamma,14-2010-anest 20100324 125.007.set,,csd_phase_only,R,0.2595786250472829,0.2623240482204422,,
Chennu,14,baseline,gamma,14-2010-anest 20100324 125.007.set,,csd_phase_only,D_eff,18.531983379399065,18.717881632773246,,
Chennu,14,baseline,gamma,14-2010-anest 20100324 125.007.set,,csd_phase_only,M_tau,0.016635769836843832,0.016262962993694344,,
Chennu,14,mild,gamma,14-2010-anest 20100324 132.011.set,,csd_phase_only,Pi,0.367816091954023,0.7011494252873562,,
Chennu,14,mild,gamma,14-2010-anest 20100324 132.011.set,,csd_phase_only,R,0.23542783274611792,0.255161442031096,,
Chennu,14,mild,gamma,14-2010-anest 20100324 132.011.set,,csd_phase_only,D_eff,15.779428132217188,18.18534046276093,,
Chennu,14,mild,gamma,14-2010-anest 20100324 132.011.set,,csd_phase_only,M_tau,0.013486988297261414,0.015584114694318758,,
Chennu,14,moderate,gamma,14-2010-anest 20100324 132.016.set,,csd_phase_only,Pi,0.49425287356321834,0.5057471264367815,,
Chennu,14,moderate,gamma,14-2010-anest 20100324 132.016.set,,csd_phase_only,R,0.2610728692350296,0.26729322516415843,,
Chennu,14,moderate,gamma,14-2010-anest 20100324 132.016.set,,csd_phase_only,D_eff,16.09967205841862,16.097722277171187,,
Chennu,14,moderate,gamma,14-2010-anest 20100324 132.016.set,,csd_phase_only,M_tau,0.01452468259326497,0.015520304698511482,,
Chennu,14,recovery,gamma,14-2010-anest 20100324 132.031.set,,csd_phase_only,Pi,0.3563218390804597,0.6091954022988506,,
Chennu,14,recovery,gamma,14-2010-anest 20100324 132.031.set,,csd_phase_only,R,0.2575890171466262,0.274449889334299,,
Chennu,14,recovery,gamma,14-2010-anest 20100324 132.031.set,,csd_phase_only,D_eff,14.738080278542956,14.090311180832048,,
Chennu,14,recovery,gamma,14-2010-anest 20100324 132.031.set,,csd_phase_only,M_tau,0.013121117099206716,0.01530644365908073,,
Chennu,18,baseline,gamma,18-2010-anest 20100331 140.003.set,,csd_phase_only,Pi,0.7931034482758621,0.8620689655172415,,
Chennu,18,baseline,gamma,18-2010-anest 20100331 140.003.set,,csd_phase_only,R,0.26288309874609345,0.28980926793294537,,
Chennu,18,baseline,gamma,18-2010-anest 20100331 140.003.set,,csd_phase_only,D_eff,13.31216520358455,17.53411223047359,,
Chennu,18,baseline,gamma,18-2010-anest 20100331 140.003.set,,csd_phase_only,M_tau,0.016209126181403223,0.019843692317269443,,
Chennu,18,mild,gamma,18-2010-anest 20100331 140.009.set,,csd_phase_only,Pi,0.49425287356321834,0.8505747126436782,,
Chennu,18,mild,gamma,18-2010-anest 20100331 140.009.set,,csd_phase_only,R,0.2504080843367312,0.29777156164895496,,
Chennu,18,mild,gamma,18-2010-anest 20100331 140.009.set,,csd_phase_only,D_eff,11.288024447341694,17.169643860769032,,
Chennu,18,mild,gamma,18-2010-anest 20100331 140.009.set,,csd_phase_only,M_tau,0.014782868664678237,0.01999484503367828,,
Chennu,18,moderate,gamma,18-2010-anest 20100331 140.014.set,,csd_phase_only,Pi,0.9310344827586208,0.9080459770114943,,
Chennu,18,moderate,gamma,18-2010-anest 20100331 140.014.set,,csd_phase_only,R,0.3228659487398158,0.34273903323319116,,
Chennu,18,moderate,gamma,18-2010-anest 20100331 140.014.set,,csd_phase_only,D_eff,14.708754164038867,13.485671062810889,,
Chennu,18,moderate,gamma,18-2010-anest 20100331 140.014.set,,csd_phase_only,M_tau,0.020504653258121015,0.02153936968575232,,
Chennu,18,recovery,gamma,18-2010-anest 20100331 140.027.set,,csd_phase_only,Pi,0.7011494252873564,0.7586206896551724,,
Chennu,18,recovery,gamma,18-2010-anest 20100331 140.027.set,,csd_phase_only,R,0.30626462233380797,0.3251055917382344,,
Chennu,18,recovery,gamma,18-2010-anest 20100331 140.027.set,,csd_phase_only,D_eff,19.003266042088903,18.168495417890323,,
Chennu,18,recovery,gamma,18-2010-anest 20100331 140.027.set,,csd_phase_only,M_tau,0.02008602224155499,0.02312277113426838,,
Chennu,20,baseline,gamma,20-2010-anest 20100414 131.004.set,,csd_phase_only,Pi,0.8045977011494251,0.8505747126436782,,
Chennu,20,baseline,gamma,20-2010-anest 20100414 131.004.set,,csd_phase_only,R,0.25926619509092375,0.27042576260145923,,
Chennu,20,baseline,gamma,20-2010-anest 20100414 131.004.set,,csd_phase_only,D_eff,18.878683897686045,19.05699235130382,,
Chennu,20,baseline,gamma,20-2010-anest 20100414 131.004.set,,csd_phase_only,M_tau,0.016086307894121785,0.01822823263104585,,
Chennu,20,mild,gamma,20-2010-anest 20100414 131.009.set,,csd_phase_only,Pi,0.839080459770115,0.7471264367816094,,
Chennu,20,mild,gamma,20-2010-anest 20100414 131.009.set,,csd_phase_only,R,0.27351738135456755,0.2770868090452411,,
Chennu,20,mild,gamma,20-2010-anest 20100414 131.009.set,,csd_phase_only,D_eff,18.36101467281018,19.919232523605174,,
Chennu,20,mild,gamma,20-2010-anest 20100414 131.009.set,,csd_phase_only,M_tau,0.01659984489309234,0.018056549347935727,,
Chennu,20,moderate,gamma,20-2010-anest 20100414 131.022.set,,csd_phase_only,Pi,0.7241379310344829,0.7011494252873562,,
Chennu,20,moderate,gamma,20-2010-anest 20100414 131.022.set,,csd_phase_only,R,0.3054942373772331,0.3093622972532785,,
Chennu,20,moderate,gamma,20-2010-anest 20100414 131.022.set,,csd_phase_only,D_eff,17.33906084516303,18.0450485438245,,
Chennu,20,moderate,gamma,20-2010-anest 20100414 131.022.set,,csd_phase_only,M_tau,0.019651209402623816,0.021593684319709663,,
Chennu,20,recovery,gamma,20-2010-anest 20100414 131.027.set,,csd_phase_only,Pi,0.8390804597701149,0.7471264367816093,,
Chennu,20,recovery,gamma,20-2010-anest 20100414 131.027.set,,csd_phase_only,R,0.2657604500713706,0.2648015952295379,,
Chennu,20,recovery,gamma,20-2010-anest 20100414 131.027.set,,csd_phase_only,D_eff,19.441159685080343,19.933016700780296,,
Chennu,20,recovery,gamma,20-2010-anest 20100414 131.027.set,,csd_phase_only,M_tau,0.017593174439261835,0.017971731612123773,,
Chennu,22,baseline,gamma,22-2010-anest 20100415 132.004.set,,csd_phase_only,Pi,0.8390804597701149,0.8160919540229885,,
Chennu,22,baseline,gamma,22-2010-anest 20100415 132.004.set,,csd_phase_only,R,0.2707623460039915,0.26314608979400717,,
Chennu,22,baseline,gamma,22-2010-anest 20100415 132.004.set,,csd_phase_only,D_eff,17.97212929244072,17.7935345920936,,
Chennu,22,baseline,gamma,22-2010-anest 20100415 132.004.set,,csd_phase_only,M_tau,0.016887333022478003,0.01525692751669166,,
Chennu,22,mild,gamma,22-2010-anest 20100415 132.009.set,,csd_phase_only,Pi,0.5172413793103448,0.4942528735632184,,
Chennu,22,mild,gamma,22-2010-anest 20100415 132.009.set,,csd_phase_only,R,0.26737547659977623,0.2595145973710394,,
Chennu,22,mild,gamma,22-2010-anest 20100415 132.009.set,,csd_phase_only,D_eff,15.758492634566002,15.187113568333263,,
Chennu,22,mild,gamma,22-2010-anest 20100415 132.009.set,,csd_phase_only,M_tau,0.017191730676813628,0.016931608532106658,,
Chennu,22,moderate,gamma,22-2010-anest 20100415 132.014.set,,csd_phase_only,Pi,0.5172413793103449,0.5057471264367815,,
Chennu,22,moderate,gamma,22-2010-anest 20100415 132.014.set,,csd_phase_only,R,0.29085002218007006,0.3105889062888771,,
Chennu,22,moderate,gamma,22-2010-anest 20100415 132.014.set,,csd_phase_only,D_eff,15.588456326557113,14.715430859765457,,
Chennu,22,moderate,gamma,22-2010-anest 20100415 132.014.set,,csd_phase_only,M_tau,0.019186153946494616,0.019322576592604314,,
Chennu,22,recovery,gamma,22-2010-anest 20100415 154.003.set,,csd_phase_only,Pi,0.4942528735632183,0.5287356321839081,,
Chennu,22,recovery,gamma,22-2010-anest 20100415 154.003.set,,csd_phase_only,R,0.5396388948075963,0.5558152297792064,,
Chennu,22,recovery,gamma,22-2010-anest 20100415 154.003.set,,csd_phase_only,D_eff,5.287578491710252,4.816013128033752,,
Chennu,22,recovery,gamma,22-2010-anest 20100415 154.003.set,,csd_phase_only,M_tau,0.019519230307128738,0.019177495009125564,,
Chennu,23,baseline,gamma,23-2010-anest 20100420 094.003.set,,csd_phase_only,Pi,0.8160919540229885,0.8390804597701149,,
Chennu,23,baseline,gamma,23-2010-anest 20100420 094.003.set,,csd_phase_only,R,0.2879220896279635,0.298030570375141,,
Chennu,23,baseline,gamma,23-2010-anest 20100420 094.003.set,,csd_phase_only,D_eff,19.671735232509103,19.316410487941308,,
Chennu,23,baseline,gamma,23-2010-anest 20100420 094.003.set,,csd_phase_only,M_tau,0.019713065277836943,0.01922859080126884,,
Chennu,23,mild,gamma,23-2010-anest 20100420 094.008.set,,csd_phase_only,Pi,0.6091954022988506,0.6091954022988506,,
Chennu,23,mild,gamma,23-2010-anest 20100420 094.008.set,,csd_phase_only,R,0.33898424127580556,0.3475078349606088,,
Chennu,23,mild,gamma,23-2010-anest 20100420 094.008.set,,csd_phase_only,D_eff,14.584765777307469,14.468903973653205,,
Chennu,23,mild,gamma,23-2010-anest 20100420 094.008.set,,csd_phase_only,M_tau,0.021195218988160115,0.02037249669250047,,
Chennu,23,moderate,gamma,23-2010-anest 20100420 094.022.set,,csd_phase_only,Pi,0.5402298850574713,0.5057471264367815,,
Chennu,23,moderate,gamma,23-2010-anest 20100420 094.022.set,,csd_phase_only,R,0.2758668572743417,0.2708043973039962,,
Chennu,23,moderate,gamma,23-2010-anest 20100420 094.022.set,,csd_phase_only,D_eff,14.429876461162035,14.774162299352833,,
Chennu,23,moderate,gamma,23-2010-anest 20100420 094.022.set,,csd_phase_only,M_tau,0.019455686000506848,0.017915946115106426,,
Chennu,23,recovery,gamma,23-2010-anest 20100420 094.027.set,,csd_phase_only,Pi,0.08045977011494251,0.06896551724137931,,
Chennu,23,recovery,gamma,23-2010-anest 20100420 094.027.set,,csd_phase_only,R,0.22429711144249503,0.2248821436331127,,
Chennu,23,recovery,gamma,23-2010-anest 20100420 094.027.set,,csd_phase_only,D_eff,5.286377934385737,5.380158901731092,,
Chennu,23,recovery,gamma,23-2010-anest 20100420 094.027.set,,csd_phase_only,M_tau,0.013358265046174224,0.012423398134827993,,
Chennu,24,baseline,gamma,24-2010-anest 20100420 134.003.set,,csd_phase_only,Pi,0.8620689655172413,0.7931034482758622,,
Chennu,24,baseline,gamma,24-2010-anest 20100420 134.003.set,,csd_phase_only,R,0.2692593672313506,0.27945966335783307,,
Chennu,24,baseline,gamma,24-2010-anest 20100420 134.003.set,,csd_phase_only,D_eff,16.942259914496525,18.436286995894115,,
Chennu,24,baseline,gamma,24-2010-anest 20100420 134.003.set,,csd_phase_only,M_tau,0.01715503199056196,0.017742814110739375,,
Chennu,24,mild,gamma,24-2010-anest 20100420 134.010.set,,csd_phase_only,Pi,0.31034482758620696,0.42528735632183906,,
Chennu,24,mild,gamma,24-2010-anest 20100420 134.010.set,,csd_phase_only,R,0.23988807045270105,0.24999337402320837,,
Chennu,24,mild,gamma,24-2010-anest 20100420 134.010.set,,csd_phase_only,D_eff,8.386101541957528,7.7519942976015095,,
Chennu,24,mild,gamma,24-2010-anest 20100420 134.010.set,,csd_phase_only,M_tau,0.013887060098486871,0.013602937780042793,,
Chennu,24,moderate,gamma,24-2010-anest 20100420 134.015.set,,csd_phase_only,Pi,0.5402298850574713,0.4022988505747126,,
Chennu,24,moderate,gamma,24-2010-anest 20100420 134.015.set,,csd_phase_only,R,0.32018976916604597,0.2598465338123717,,
Chennu,24,moderate,gamma,24-2010-anest 20100420 134.015.set,,csd_phase_only,D_eff,9.586750847887107,9.075575184071859,,
Chennu,24,moderate,gamma,24-2010-anest 20100420 134.015.set,,csd_phase_only,M_tau,0.018139595726846647,0.016557542797806392,,
Chennu,24,recovery,gamma,24-2010-anest 20100420 134.028.set,,csd_phase_only,Pi,0.7126436781609197,0.6321839080459771,,
Chennu,24,recovery,gamma,24-2010-anest 20100420 134.028.set,,csd_phase_only,R,0.2926176005084985,0.3277590285210743,,
Chennu,24,recovery,gamma,24-2010-anest 20100420 134.028.set,,csd_phase_only,D_eff,15.549783184686303,15.144833925332406,,
Chennu,24,recovery,gamma,24-2010-anest 20100420 134.028.set,,csd_phase_only,M_tau,0.018323813925584624,0.020281642985618454,,
Chennu,25,baseline,gamma,25-2010-anest 20100422 133.003.set,,csd_phase_only,Pi,0.8275862068965517,0.8275862068965517,,
Chennu,25,baseline,gamma,25-2010-anest 20100422 133.003.set,,csd_phase_only,R,0.3193164062972893,0.3263333084138373,,
Chennu,25,baseline,gamma,25-2010-anest 20100422 133.003.set,,csd_phase_only,D_eff,13.19638814861713,12.954619824654776,,
Chennu,25,baseline,gamma,25-2010-anest 20100422 133.003.set,,csd_phase_only,M_tau,0.018932016023825635,0.018502443755748547,,
Chennu,25,mild,gamma,25-2010-anest 20100422 133.008.set,,csd_phase_only,Pi,0.9080459770114943,0.7471264367816091,,
Chennu,25,mild,gamma,25-2010-anest 20100422 133.008.set,,csd_phase_only,R,0.3361743324470031,0.30160483705558144,,
Chennu,25,mild,gamma,25-2010-anest 20100422 133.008.set,,csd_phase_only,D_eff,13.397968952949272,13.856734186651998,,
Chennu,25,mild,gamma,25-2010-anest 20100422 133.008.set,,csd_phase_only,M_tau,0.019193273150508016,0.017393231320647035,,
Chennu,25,moderate,gamma,25-2010-anest 20100422 133.021.set,,csd_phase_only,Pi,0.8045977011494254,0.7816091954022989,,
Chennu,25,moderate,gamma,25-2010-anest 20100422 133.021.set,,csd_phase_only,R,0.35524636945543503,0.3447558110786212,,
Chennu,25,moderate,gamma,25-2010-anest 20100422 133.021.set,,csd_phase_only,D_eff,12.69107314649875,13.243635857304529,,
Chennu,25,moderate,gamma,25-2010-anest 20100422 133.021.set,,csd_phase_only,M_tau,0.020362493773455462,0.02040895909774346,,
Chennu,25,recovery,gamma,25-2010-anest 20100422 133.026.set,,csd_phase_only,Pi,0.6666666666666666,0.5632183908045977,,
Chennu,25,recovery,gamma,25-2010-anest 20100422 133.026.set,,csd_phase_only,R,0.35781648800077087,0.3477221225594575,,
Chennu,25,recovery,gamma,25-2010-anest 20100422 133.026.set,,csd_phase_only,D_eff,10.558930925021995,10.695131361536147,,
Chennu,25,recovery,gamma,25-2010-anest 20100422 133.026.set,,csd_phase_only,M_tau,0.019716108515426826,0.0209848177989416,,
Chennu,26,baseline,gamma,26-2010-anest 20100507 132.003.set,,csd_phase_only,Pi,0.8275862068965517,0.8275862068965517,,
Chennu,26,baseline,gamma,26-2010-anest 20100507 132.003.set,,csd_phase_only,R,0.28298212488382773,0.28008448176216977,,
Chennu,26,baseline,gamma,26-2010-anest 20100507 132.003.set,,csd_phase_only,D_eff,14.909914493321198,15.539740581660169,,
Chennu,26,baseline,gamma,26-2010-anest 20100507 132.003.set,,csd_phase_only,M_tau,0.0187360576535596,0.019272901468472683,,
Chennu,26,mild,gamma,26-2010-anest 20100507 132.008.set,,csd_phase_only,Pi,0.5517241379310345,0.6091954022988505,,
Chennu,26,mild,gamma,26-2010-anest 20100507 132.008.set,,csd_phase_only,R,0.2652510723629483,0.2817894309530523,,
Chennu,26,mild,gamma,26-2010-anest 20100507 132.008.set,,csd_phase_only,D_eff,13.77786152743458,13.990682538944535,,
Chennu,26,mild,gamma,26-2010-anest 20100507 132.008.set,,csd_phase_only,M_tau,0.016260956113851165,0.019202808111469537,,
Chennu,26,moderate,gamma,26-2010-anest 20100507 132.013.set,,csd_phase_only,Pi,0.8505747126436782,0.7011494252873564,,
Chennu,26,moderate,gamma,26-2010-anest 20100507 132.013.set,,csd_phase_only,R,0.2884895555353801,0.2842856704632198,,
Chennu,26,moderate,gamma,26-2010-anest 20100507 132.013.set,,csd_phase_only,D_eff,14.923844602999258,14.45541968128942,,
Chennu,26,moderate,gamma,26-2010-anest 20100507 132.013.set,,csd_phase_only,M_tau,0.017900403932234823,0.017307015461393703,,
Chennu,26,recovery,gamma,26-2010-anest 20100507 132.026.set,,csd_phase_only,Pi,0.8390804597701149,0.6206896551724138,,
Chennu,26,recovery,gamma,26-2010-anest 20100507 132.026.set,,csd_phase_only,R,0.2827659772107319,0.2689544197598466,,
Chennu,26,recovery,gamma,26-2010-anest 20100507 132.026.set,,csd_phase_only,D_eff,14.846765868608882,14.05861346627847,,
Chennu,26,recovery,gamma,26-2010-anest 20100507 132.026.set,,csd_phase_only,M_tau,0.0175878632756735,0.01565235237325897,,
Chennu,27,baseline,gamma,27-2010-anest 20100823 104.001.set,,csd_phase_only,Pi,0.7931034482758621,0.8620689655172413,,
Chennu,27,baseline,gamma,27-2010-anest 20100823 104.001.set,,csd_phase_only,R,0.29279584745931786,0.3049096795997334,,
Chennu,27,baseline,gamma,27-2010-anest 20100823 104.001.set,,csd_phase_only,D_eff,18.33184849466564,17.01679389451261,,
Chennu,27,baseline,gamma,27-2010-anest 20100823 104.001.set,,csd_phase_only,M_tau,0.018294906783478716,0.017270333530563932,,
Chennu,27,mild,gamma,27-2010-anest 20100823 104.010.set,,csd_phase_only,Pi,0.5862068965517241,0.5402298850574713,,
Chennu,27,mild,gamma,27-2010-anest 20100823 104.010.set,,csd_phase_only,R,0.36066893962824137,0.36590341557977996,,
Chennu,27,mild,gamma,27-2010-anest 20100823 104.010.set,,csd_phase_only,D_eff,11.881644959140866,11.475384917206979,,
Chennu,27,mild,gamma,27-2010-anest 20100823 104.010.set,,csd_phase_only,M_tau,0.01989671354791268,0.02082580489462229,,
Chennu,27,moderate,gamma,27-2010-anest 20100823 104.023.set,,csd_phase_only,Pi,0.5402298850574713,0.7356321839080461,,
Chennu,27,moderate,gamma,27-2010-anest 20100823 104.023.set,,csd_phase_only,R,0.2871226272440572,0.3038479139164186,,
Chennu,27,moderate,gamma,27-2010-anest 20100823 104.023.set,,csd_phase_only,D_eff,15.35697196858108,16.77677186915513,,
Chennu,27,moderate,gamma,27-2010-anest 20100823 104.023.set,,csd_phase_only,M_tau,0.017677469511085987,0.01856659613629192,,
Chennu,27,recovery,gamma,27-2010-anest 20100823 104.028.set,,csd_phase_only,Pi,0.7471264367816091,0.7241379310344828,,
Chennu,27,recovery,gamma,27-2010-anest 20100823 104.028.set,,csd_phase_only,R,0.28451970583906855,0.30124876769354514,,
Chennu,27,recovery,gamma,27-2010-anest 20100823 104.028.set,,csd_phase_only,D_eff,18.899001859695016,17.97205648526605,,
Chennu,27,recovery,gamma,27-2010-anest 20100823 104.028.set,,csd_phase_only,M_tau,0.017773561779978006,0.01782268265280483,,
Chennu,28,baseline,gamma,28-2010-anest 20100824 092.004.set,,csd_phase_only,Pi,0.7816091954022989,0.8735632183908045,,
Chennu,28,baseline,gamma,28-2010-anest 20100824 092.004.set,,csd_phase_only,R,0.2702930882292931,0.28329916034056346,,
Chennu,28,baseline,gamma,28-2010-anest 20100824 092.004.set,,csd_phase_only,D_eff,13.333982906642115,16.296534092329868,,
Chennu,28,baseline,gamma,28-2010-anest 20100824 092.004.set,,csd_phase_only,M_tau,0.01662741925379563,0.018249194812531275,,
Chennu,28,mild,gamma,28-2010-anest 20100824 092.011.set,,csd_phase_only,Pi,0.8160919540229885,0.9080459770114945,,
Chennu,28,mild,gamma,28-2010-anest 20100824 092.011.set,,csd_phase_only,R,0.28007326492835316,0.3036198980521523,,
Chennu,28,mild,gamma,28-2010-anest 20100824 092.011.set,,csd_phase_only,D_eff,12.985432679532368,14.529510815575904,,
Chennu,28,mild,gamma,28-2010-anest 20100824 092.011.set,,csd_phase_only,M_tau,0.01812128845819863,0.02064130695943138,,
Chennu,28,moderate,gamma,28-2010-anest 20100824 092.016.set,,csd_phase_only,Pi,0.9195402298850575,0.8160919540229885,,
Chennu,28,moderate,gamma,28-2010-anest 20100824 092.016.set,,csd_phase_only,R,0.309837874317892,0.3311569376682139,,
Chennu,28,moderate,gamma,28-2010-anest 20100824 092.016.set,,csd_phase_only,D_eff,14.793013879922981,14.023588844845593,,
Chennu,28,moderate,gamma,28-2010-anest 20100824 092.016.set,,csd_phase_only,M_tau,0.01990984691167428,0.02059172832409284,,
Chennu,28,recovery,gamma,28-2010-anest 20100824 092.029.set,,csd_phase_only,Pi,0.7356321839080461,0.9080459770114943,,
Chennu,28,recovery,gamma,28-2010-anest 20100824 092.029.set,,csd_phase_only,R,0.2650532454017785,0.27050996900757246,,
Chennu,28,recovery,gamma,28-2010-anest 20100824 092.029.set,,csd_phase_only,D_eff,11.231635700322256,13.085428319091545,,
Chennu,28,recovery,gamma,28-2010-anest 20100824 092.029.set,,csd_phase_only,M_tau,0.01695366316742987,0.017598840154612824,,
Chennu,29,baseline,gamma,29-2010-anest 20100921 142.005.set,,csd_phase_only,Pi,0.8505747126436781,0.8045977011494254,,
Chennu,29,baseline,gamma,29-2010-anest 20100921 142.005.set,,csd_phase_only,R,0.3289061780246713,0.31816950574850306,,
Chennu,29,baseline,gamma,29-2010-anest 20100921 142.005.set,,csd_phase_only,D_eff,16.098402529928528,16.96660085679642,,
Chennu,29,baseline,gamma,29-2010-anest 20100921 142.005.set,,csd_phase_only,M_tau,0.020776709119355606,0.019747003597907372,,
Chennu,29,mild,gamma,29-2010-anest 20100921 142.010.set,,csd_phase_only,Pi,0.6896551724137931,0.7126436781609196,,
Chennu,29,mild,gamma,29-2010-anest 20100921 142.010.set,,csd_phase_only,R,0.3264874417220722,0.3262602253725331,,
Chennu,29,mild,gamma,29-2010-anest 20100921 142.010.set,,csd_phase_only,D_eff,16.64414397220154,16.18487834323719,,
Chennu,29,mild,gamma,29-2010-anest 20100921 142.010.set,,csd_phase_only,M_tau,0.022693814804128954,0.02082400358677159,,
Chennu,29,moderate,gamma,29-2010-anest 20100921 142.023.set,,csd_phase_only,Pi,0.6321839080459771,0.5517241379310345,,
Chennu,29,moderate,gamma,29-2010-anest 20100921 142.023.set,,csd_phase_only,R,0.3786454796215345,0.39763385731045586,,
Chennu,29,moderate,gamma,29-2010-anest 20100921 142.023.set,,csd_phase_only,D_eff,11.8628432579801,10.110122991592302,,
Chennu,29,moderate,gamma,29-2010-anest 20100921 142.023.set,,csd_phase_only,M_tau,0.020735932519235785,0.01997785842593073,,
Chennu,29,recovery,gamma,29-2010-anest 20100921 142.028.set,,csd_phase_only,Pi,0.7011494252873562,0.5517241379310345,,
Chennu,29,recovery,gamma,29-2010-anest 20100921 142.028.set,,csd_phase_only,R,0.36511512533655116,0.4101671815851087,,
Chennu,29,recovery,gamma,29-2010-anest 20100921 142.028.set,,csd_phase_only,D_eff,12.817032443730286,8.479110951552036,,
Chennu,29,recovery,gamma,29-2010-anest 20100921 142.028.set,,csd_phase_only,M_tau,0.021493251486605237,0.02145665610843622,,
DS005620,1010,awake,gamma,sub-1010_task-awake_acq-EC_eeg.vhdr,,csd_phase_only,Pi,0.8045977011494251,0.8505747126436781,,
DS005620,1010,awake,gamma,sub-1010_task-awake_acq-EC_eeg.vhdr,,csd_phase_only,R,0.3029877662602556,0.2679693730282663,,
DS005620,1010,awake,gamma,sub-1010_task-awake_acq-EC_eeg.vhdr,,csd_phase_only,D_eff,24.293972637029466,25.99855398093611,,
DS005620,1010,awake,gamma,sub-1010_task-awake_acq-EC_eeg.vhdr,,csd_phase_only,M_tau,0.02281390026547335,0.020689449179651622,,
DS005620,1010,sed2,gamma,sub-1010_task-sed2_acq-rest_run-1_eeg.vhdr,1.0,csd_phase_only,Pi,0.22807017543859648,0.29824561403508765,,
DS005620,1010,sed2,gamma,sub-1010_task-sed2_acq-rest_run-1_eeg.vhdr,1.0,csd_phase_only,R,0.16450693612571676,0.16749825213990638,,
DS005620,1010,sed2,gamma,sub-1010_task-sed2_acq-rest_run-1_eeg.vhdr,1.0,csd_phase_only,D_eff,24.501101006047325,25.234960679336385,,
DS005620,1010,sed2,gamma,sub-1010_task-sed2_acq-rest_run-1_eeg.vhdr,1.0,csd_phase_only,M_tau,0.0072234835379866155,0.00740407038242932,,
DS005620,1010,sed2,gamma,sub-1010_task-sed2_acq-rest_run-2_eeg.vhdr,2.0,csd_phase_only,Pi,0.33333333333333326,0.1929824561403509,,
DS005620,1010,sed2,gamma,sub-1010_task-sed2_acq-rest_run-2_eeg.vhdr,2.0,csd_phase_only,R,0.16962474872745942,0.16247442458319492,,
DS005620,1010,sed2,gamma,sub-1010_task-sed2_acq-rest_run-2_eeg.vhdr,2.0,csd_phase_only,D_eff,23.93634103327559,22.432693704745652,,
DS005620,1010,sed2,gamma,sub-1010_task-sed2_acq-rest_run-2_eeg.vhdr,2.0,csd_phase_only,M_tau,0.007403095938332032,0.006118445675054468,,
DS005620,1010,sed2,gamma,sub-1010_task-sed2_acq-rest_run-3_eeg.vhdr,3.0,csd_phase_only,Pi,0.14035087719298245,0.22807017543859648,,
DS005620,1010,sed2,gamma,sub-1010_task-sed2_acq-rest_run-3_eeg.vhdr,3.0,csd_phase_only,R,0.16814602394843256,0.16945897379068314,,
DS005620,1010,sed2,gamma,sub-1010_task-sed2_acq-rest_run-3_eeg.vhdr,3.0,csd_phase_only,D_eff,22.430689931784325,22.868656272446145,,
DS005620,1010,sed2,gamma,sub-1010_task-sed2_acq-rest_run-3_eeg.vhdr,3.0,csd_phase_only,M_tau,0.007299347483579764,0.007847509981831615,,
DS005620,1010,sed,gamma,sub-1010_task-sed_acq-rest_run-1_eeg.vhdr,1.0,csd_phase_only,Pi,0.14942528735632182,0.264367816091954,,
DS005620,1010,sed,gamma,sub-1010_task-sed_acq-rest_run-1_eeg.vhdr,1.0,csd_phase_only,R,0.16914024357839696,0.16488725411233207,,
DS005620,1010,sed,gamma,sub-1010_task-sed_acq-rest_run-1_eeg.vhdr,1.0,csd_phase_only,D_eff,21.123315216416614,24.755033739656493,,
DS005620,1010,sed,gamma,sub-1010_task-sed_acq-rest_run-1_eeg.vhdr,1.0,csd_phase_only,M_tau,0.00784443710728684,0.007385902738552684,,
DS005620,1010,sed,gamma,sub-1010_task-sed_acq-rest_run-2_eeg.vhdr,2.0,csd_phase_only,Pi,0.2068965517241379,0.06896551724137931,,
DS005620,1010,sed,gamma,sub-1010_task-sed_acq-rest_run-2_eeg.vhdr,2.0,csd_phase_only,R,0.1945781214196919,0.18396701379255653,,
DS005620,1010,sed,gamma,sub-1010_task-sed_acq-rest_run-2_eeg.vhdr,2.0,csd_phase_only,D_eff,23.47053821842317,17.91908779876538,,
DS005620,1010,sed,gamma,sub-1010_task-sed_acq-rest_run-2_eeg.vhdr,2.0,csd_phase_only,M_tau,0.009547326823050945,0.008079543946099303,,
DS005620,1010,sed,gamma,sub-1010_task-sed_acq-rest_run-3_eeg.vhdr,3.0,csd_phase_only,Pi,0.2413793103448275,0.1954022988505747,,
DS005620,1010,sed,gamma,sub-1010_task-sed_acq-rest_run-3_eeg.vhdr,3.0,csd_phase_only,R,0.16603962493258348,0.16888430671602309,,
DS005620,1010,sed,gamma,sub-1010_task-sed_acq-rest_run-3_eeg.vhdr,3.0,csd_phase_only,D_eff,22.902672888356015,22.475574663156568,,
DS005620,1010,sed,gamma,sub-1010_task-sed_acq-rest_run-3_eeg.vhdr,3.0,csd_phase_only,M_tau,0.007068127779205803,0.007457652374262649,,
DS005620,1016,awake,gamma,sub-1016_task-awake_acq-EC_eeg.vhdr,,csd_phase_only,Pi,0.8505747126436782,0.8045977011494252,,
DS005620,1016,awake,gamma,sub-1016_task-awake_acq-EC_eeg.vhdr,,csd_phase_only,R,0.20682121682745783,0.19103916176944316,,
DS005620,1016,awake,gamma,sub-1016_task-awake_acq-EC_eeg.vhdr,,csd_phase_only,D_eff,25.144177805263176,26.56105536645442,,
DS005620,1016,awake,gamma,sub-1016_task-awake_acq-EC_eeg.vhdr,,csd_phase_only,M_tau,0.0102739669864472,0.009691560465361508,,
DS005620,1016,sed2,gamma,sub-1016_task-sed2_acq-rest_run-1_eeg.vhdr,1.0,csd_phase_only,Pi,0.8245614035087719,0.7719298245614034,,
DS005620,1016,sed2,gamma,sub-1016_task-sed2_acq-rest_run-1_eeg.vhdr,1.0,csd_phase_only,R,0.189194501019526,0.2014555394123084,,
DS005620,1016,sed2,gamma,sub-1016_task-sed2_acq-rest_run-1_eeg.vhdr,1.0,csd_phase_only,D_eff,26.272747205299176,27.536217680203496,,
DS005620,1016,sed2,gamma,sub-1016_task-sed2_acq-rest_run-1_eeg.vhdr,1.0,csd_phase_only,M_tau,0.008763163251804247,0.011204306944816136,,
DS005620,1016,sed2,gamma,sub-1016_task-sed2_acq-rest_run-2_eeg.vhdr,2.0,csd_phase_only,Pi,0.8245614035087718,0.8596491228070174,,
DS005620,1016,sed2,gamma,sub-1016_task-sed2_acq-rest_run-2_eeg.vhdr,2.0,csd_phase_only,R,0.21250510664389383,0.2066617232615474,,
DS005620,1016,sed2,gamma,sub-1016_task-sed2_acq-rest_run-2_eeg.vhdr,2.0,csd_phase_only,D_eff,26.55347599713527,26.56168496210314,,
DS005620,1016,sed2,gamma,sub-1016_task-sed2_acq-rest_run-2_eeg.vhdr,2.0,csd_phase_only,M_tau,0.010551304111086767,0.010790816176503168,,
DS005620,1016,sed,gamma,sub-1016_task-sed_acq-rest_run-1_eeg.vhdr,1.0,csd_phase_only,Pi,0.8045977011494252,0.8045977011494252,,
DS005620,1016,sed,gamma,sub-1016_task-sed_acq-rest_run-1_eeg.vhdr,1.0,csd_phase_only,R,0.18919762731922987,0.18518148344212673,,
DS005620,1016,sed,gamma,sub-1016_task-sed_acq-rest_run-1_eeg.vhdr,1.0,csd_phase_only,D_eff,25.33368668696694,25.889662892836267,,
DS005620,1016,sed,gamma,sub-1016_task-sed_acq-rest_run-1_eeg.vhdr,1.0,csd_phase_only,M_tau,0.00914523453384227,0.009275259426569064,,
DS005620,1016,sed,gamma,sub-1016_task-sed_acq-rest_run-2_eeg.vhdr,2.0,csd_phase_only,Pi,0.7931034482758621,0.8045977011494254,,
DS005620,1016,sed,gamma,sub-1016_task-sed_acq-rest_run-2_eeg.vhdr,2.0,csd_phase_only,R,0.18519498990592076,0.19189051195733706,,
DS005620,1016,sed,gamma,sub-1016_task-sed_acq-rest_run-2_eeg.vhdr,2.0,csd_phase_only,D_eff,26.272171596478746,26.167064272692972,,
DS005620,1016,sed,gamma,sub-1016_task-sed_acq-rest_run-2_eeg.vhdr,2.0,csd_phase_only,M_tau,0.009073121629458149,0.00963187556095281,,
DS005620,1016,sed,gamma,sub-1016_task-sed_acq-rest_run-3_eeg.vhdr,3.0,csd_phase_only,Pi,0.7126436781609194,0.781609195402299,,
DS005620,1016,sed,gamma,sub-1016_task-sed_acq-rest_run-3_eeg.vhdr,3.0,csd_phase_only,R,0.18541459101792443,0.18338636755455556,,
DS005620,1016,sed,gamma,sub-1016_task-sed_acq-rest_run-3_eeg.vhdr,3.0,csd_phase_only,D_eff,26.549883548877276,26.041971188017275,,
DS005620,1016,sed,gamma,sub-1016_task-sed_acq-rest_run-3_eeg.vhdr,3.0,csd_phase_only,M_tau,0.008761518132436367,0.009431542361061989,,
DS005620,1017,awake,gamma,sub-1017_task-awake_acq-EC_eeg.vhdr,,csd_phase_only,Pi,0.8620689655172415,0.7931034482758621,,
DS005620,1017,awake,gamma,sub-1017_task-awake_acq-EC_eeg.vhdr,,csd_phase_only,R,0.17913888558281205,0.18099474118183193,,
DS005620,1017,awake,gamma,sub-1017_task-awake_acq-EC_eeg.vhdr,,csd_phase_only,D_eff,25.01727239899502,24.657037266240284,,
DS005620,1017,awake,gamma,sub-1017_task-awake_acq-EC_eeg.vhdr,,csd_phase_only,M_tau,0.008782101681751956,0.008200229404722429,,
DS005620,1017,sed2,gamma,sub-1017_task-sed2_acq-rest_run-1_eeg.vhdr,1.0,csd_phase_only,Pi,0.19298245614035087,0.08771929824561403,,
DS005620,1017,sed2,gamma,sub-1017_task-sed2_acq-rest_run-1_eeg.vhdr,1.0,csd_phase_only,R,0.163524247960391,0.16130685024125313,,
DS005620,1017,sed2,gamma,sub-1017_task-sed2_acq-rest_run-1_eeg.vhdr,1.0,csd_phase_only,D_eff,11.799568826611049,13.17038604736448,,
DS005620,1017,sed2,gamma,sub-1017_task-sed2_acq-rest_run-1_eeg.vhdr,1.0,csd_phase_only,M_tau,0.0051416458613477095,0.005381857210528184,,
DS005620,1017,sed2,gamma,sub-1017_task-sed2_acq-rest_run-2_eeg.vhdr,2.0,csd_phase_only,Pi,0.07017543859649122,0.15789473684210525,,
DS005620,1017,sed2,gamma,sub-1017_task-sed2_acq-rest_run-2_eeg.vhdr,2.0,csd_phase_only,R,0.15472702925909185,0.15840577703034706,,
DS005620,1017,sed2,gamma,sub-1017_task-sed2_acq-rest_run-2_eeg.vhdr,2.0,csd_phase_only,D_eff,12.207189372197616,11.625894983348706,,
DS005620,1017,sed2,gamma,sub-1017_task-sed2_acq-rest_run-2_eeg.vhdr,2.0,csd_phase_only,M_tau,0.005371643419245222,0.005401542841196258,,
DS005620,1017,sed,gamma,sub-1017_task-sed_acq-rest_run-1_eeg.vhdr,1.0,csd_phase_only,Pi,0.1264367816091954,0.04597701149425287,,
DS005620,1017,sed,gamma,sub-1017_task-sed_acq-rest_run-1_eeg.vhdr,1.0,csd_phase_only,R,0.16083468959840574,0.15096862223415425,,
DS005620,1017,sed,gamma,sub-1017_task-sed_acq-rest_run-1_eeg.vhdr,1.0,csd_phase_only,D_eff,12.774450002646113,13.946358506149057,,
DS005620,1017,sed,gamma,sub-1017_task-sed_acq-rest_run-1_eeg.vhdr,1.0,csd_phase_only,M_tau,0.005163449803250555,0.004972423250667838,,
DS005620,1017,sed,gamma,sub-1017_task-sed_acq-rest_run-2_eeg.vhdr,2.0,csd_phase_only,Pi,0.09195402298850575,0.1264367816091954,,
DS005620,1017,sed,gamma,sub-1017_task-sed_acq-rest_run-2_eeg.vhdr,2.0,csd_phase_only,R,0.15592867043628048,0.15677701620594958,,
DS005620,1017,sed,gamma,sub-1017_task-sed_acq-rest_run-2_eeg.vhdr,2.0,csd_phase_only,D_eff,12.368850707641633,12.092603428592685,,
DS005620,1017,sed,gamma,sub-1017_task-sed_acq-rest_run-2_eeg.vhdr,2.0,csd_phase_only,M_tau,0.005008147491849672,0.005500455474877789,,
DS005620,1022,awake,gamma,sub-1022_task-awake_acq-EC_eeg.vhdr,,csd_phase_only,Pi,0.8275862068965517,0.8275862068965517,,
DS005620,1022,awake,gamma,sub-1022_task-awake_acq-EC_eeg.vhdr,,csd_phase_only,R,0.21441878305561832,0.2132387209220706,,
DS005620,1022,awake,gamma,sub-1022_task-awake_acq-EC_eeg.vhdr,,csd_phase_only,D_eff,26.291560854086462,25.675808822449827,,
DS005620,1022,awake,gamma,sub-1022_task-awake_acq-EC_eeg.vhdr,,csd_phase_only,M_tau,0.013290680205312672,0.011179564801631141,,
DS005620,1022,sed2,gamma,sub-1022_task-sed2_acq-rest_run-1_eeg.vhdr,1.0,csd_phase_only,Pi,0.14035087719298245,0.3157894736842105,,
DS005620,1022,sed2,gamma,sub-1022_task-sed2_acq-rest_run-1_eeg.vhdr,1.0,csd_phase_only,R,0.1781296879837031,0.18024642781436376,,
DS005620,1022,sed2,gamma,sub-1022_task-sed2_acq-rest_run-1_eeg.vhdr,1.0,csd_phase_only,D_eff,24.02835261019731,24.27800302673682,,
DS005620,1022,sed2,gamma,sub-1022_task-sed2_acq-rest_run-1_eeg.vhdr,1.0,csd_phase_only,M_tau,0.008650240533541615,0.008700819999582254,,
DS005620,1022,sed2,gamma,sub-1022_task-sed2_acq-rest_run-2_eeg.vhdr,2.0,csd_phase_only,Pi,0.4035087719298246,0.19298245614035087,,
DS005620,1022,sed2,gamma,sub-1022_task-sed2_acq-rest_run-2_eeg.vhdr,2.0,csd_phase_only,R,0.18518873515776865,0.17915930984409947,,
DS005620,1022,sed2,gamma,sub-1022_task-sed2_acq-rest_run-2_eeg.vhdr,2.0,csd_phase_only,D_eff,24.78190861017847,23.40101762543107,,
DS005620,1022,sed2,gamma,sub-1022_task-sed2_acq-rest_run-2_eeg.vhdr,2.0,csd_phase_only,M_tau,0.0095870054785808,0.008124173254168237,,
DS005620,1022,sed2,gamma,sub-1022_task-sed2_acq-rest_run-3_eeg.vhdr,3.0,csd_phase_only,Pi,0.5087719298245613,0.4210526315789473,,
DS005620,1022,sed2,gamma,sub-1022_task-sed2_acq-rest_run-3_eeg.vhdr,3.0,csd_phase_only,R,0.19193088293323446,0.19505829210269687,,
DS005620,1022,sed2,gamma,sub-1022_task-sed2_acq-rest_run-3_eeg.vhdr,3.0,csd_phase_only,D_eff,23.831473419938057,23.467904471226486,,
DS005620,1022,sed2,gamma,sub-1022_task-sed2_acq-rest_run-3_eeg.vhdr,3.0,csd_phase_only,M_tau,0.010245265565357226,0.009616663326907325,,
DS005620,1022,sed,gamma,sub-1022_task-sed_acq-rest_run-1_eeg.vhdr,1.0,csd_phase_only,Pi,0.2183908045977011,0.14942528735632182,,
DS005620,1022,sed,gamma,sub-1022_task-sed_acq-rest_run-1_eeg.vhdr,1.0,csd_phase_only,R,0.17620742451739796,0.17077416798748998,,
DS005620,1022,sed,gamma,sub-1022_task-sed_acq-rest_run-1_eeg.vhdr,1.0,csd_phase_only,D_eff,24.249985256880926,24.29473066033297,,
DS005620,1022,sed,gamma,sub-1022_task-sed_acq-rest_run-1_eeg.vhdr,1.0,csd_phase_only,M_tau,0.008558536786445883,0.008156159711434597,,
DS005620,1022,sed,gamma,sub-1022_task-sed_acq-rest_run-2_eeg.vhdr,2.0,csd_phase_only,Pi,0.21839080459770116,0.27586206896551724,,
DS005620,1022,sed,gamma,sub-1022_task-sed_acq-rest_run-2_eeg.vhdr,2.0,csd_phase_only,R,0.17722279219846945,0.1782932693557194,,
DS005620,1022,sed,gamma,sub-1022_task-sed_acq-rest_run-2_eeg.vhdr,2.0,csd_phase_only,D_eff,24.086235800082644,24.81778790199127,,
DS005620,1022,sed,gamma,sub-1022_task-sed_acq-rest_run-2_eeg.vhdr,2.0,csd_phase_only,M_tau,0.00797777635673263,0.008722167665229806,,
DS005620,1022,sed,gamma,sub-1022_task-sed_acq-rest_run-3_eeg.vhdr,3.0,csd_phase_only,Pi,0.28735632183908044,0.24137931034482757,,
DS005620,1022,sed,gamma,sub-1022_task-sed_acq-rest_run-3_eeg.vhdr,3.0,csd_phase_only,R,0.18231313300835209,0.1828923988553757,,
DS005620,1022,sed,gamma,sub-1022_task-sed_acq-rest_run-3_eeg.vhdr,3.0,csd_phase_only,D_eff,24.320916316533626,23.76227811984782,,
DS005620,1022,sed,gamma,sub-1022_task-sed_acq-rest_run-3_eeg.vhdr,3.0,csd_phase_only,M_tau,0.009337179793759736,0.008903722360764933,,
DS005620,1024,awake,gamma,sub-1024_task-awake_acq-EC_eeg.vhdr,,csd_phase_only,Pi,0.7931034482758621,0.8620689655172415,,
DS005620,1024,awake,gamma,sub-1024_task-awake_acq-EC_eeg.vhdr,,csd_phase_only,R,0.1864972738178336,0.1916858280931495,,
DS005620,1024,awake,gamma,sub-1024_task-awake_acq-EC_eeg.vhdr,,csd_phase_only,D_eff,25.085882994863713,25.8049461179409,,
DS005620,1024,awake,gamma,sub-1024_task-awake_acq-EC_eeg.vhdr,,csd_phase_only,M_tau,0.009373912855271036,0.010035837264223269,,
DS005620,1024,sed2,gamma,sub-1024_task-sed2_acq-rest_run-1_eeg.vhdr,1.0,csd_phase_only,Pi,0.4912280701754385,0.5263157894736842,,
DS005620,1024,sed2,gamma,sub-1024_task-sed2_acq-rest_run-1_eeg.vhdr,1.0,csd_phase_only,R,0.16501667015862365,0.17042702511363034,,
DS005620,1024,sed2,gamma,sub-1024_task-sed2_acq-rest_run-1_eeg.vhdr,1.0,csd_phase_only,D_eff,24.12283268322791,23.93253387697333,,
DS005620,1024,sed2,gamma,sub-1024_task-sed2_acq-rest_run-1_eeg.vhdr,1.0,csd_phase_only,M_tau,0.007546664687665422,0.007864825391251537,,
DS005620,1024,sed2,gamma,sub-1024_task-sed2_acq-rest_run-2_eeg.vhdr,2.0,csd_phase_only,Pi,0.5438596491228069,0.7017543859649122,,
DS005620,1024,sed2,gamma,sub-1024_task-sed2_acq-rest_run-2_eeg.vhdr,2.0,csd_phase_only,R,0.18496869167868246,0.18778961186220408,,
DS005620,1024,sed2,gamma,sub-1024_task-sed2_acq-rest_run-2_eeg.vhdr,2.0,csd_phase_only,D_eff,23.07100146657074,22.861976542691544,,
DS005620,1024,sed2,gamma,sub-1024_task-sed2_acq-rest_run-2_eeg.vhdr,2.0,csd_phase_only,M_tau,0.009224361805209273,0.009090723065839164,,
DS005620,1024,sed2,gamma,sub-1024_task-sed2_acq-rest_run-3_eeg.vhdr,3.0,csd_phase_only,Pi,0.6140350877192983,0.38596491228070173,,
DS005620,1024,sed2,gamma,sub-1024_task-sed2_acq-rest_run-3_eeg.vhdr,3.0,csd_phase_only,R,0.1734190501713805,0.1643450877617422,,
DS005620,1024,sed2,gamma,sub-1024_task-sed2_acq-rest_run-3_eeg.vhdr,3.0,csd_phase_only,D_eff,23.4486787784872,22.308510445197978,,
DS005620,1024,sed2,gamma,sub-1024_task-sed2_acq-rest_run-3_eeg.vhdr,3.0,csd_phase_only,M_tau,0.007938189969811422,0.007319053864089053,,
DS005620,1024,sed,gamma,sub-1024_task-sed_acq-rest_run-1_eeg.vhdr,1.0,csd_phase_only,Pi,0.3103448275862069,0.20689655172413793,,
DS005620,1024,sed,gamma,sub-1024_task-sed_acq-rest_run-1_eeg.vhdr,1.0,csd_phase_only,R,0.16391926100786638,0.1593335048030485,,
DS005620,1024,sed,gamma,sub-1024_task-sed_acq-rest_run-1_eeg.vhdr,1.0,csd_phase_only,D_eff,22.15016033021262,21.78947014161747,,
DS005620,1024,sed,gamma,sub-1024_task-sed_acq-rest_run-1_eeg.vhdr,1.0,csd_phase_only,M_tau,0.007695685030054719,0.0067350349617161165,,
DS005620,1024,sed,gamma,sub-1024_task-sed_acq-rest_run-2_eeg.vhdr,2.0,csd_phase_only,Pi,0.11494252873563217,0.04597701149425287,,
DS005620,1024,sed,gamma,sub-1024_task-sed_acq-rest_run-2_eeg.vhdr,2.0,csd_phase_only,R,0.15730184572727007,0.1516979552957765,,
DS005620,1024,sed,gamma,sub-1024_task-sed_acq-rest_run-2_eeg.vhdr,2.0,csd_phase_only,D_eff,21.250021777615395,19.63688331616498,,
DS005620,1024,sed,gamma,sub-1024_task-sed_acq-rest_run-2_eeg.vhdr,2.0,csd_phase_only,M_tau,0.0068202938502493655,0.006593029990688534,,
DS005620,1024,sed,gamma,sub-1024_task-sed_acq-rest_run-3_eeg.vhdr,3.0,csd_phase_only,Pi,0.2988505747126437,0.2528735632183908,,
DS005620,1024,sed,gamma,sub-1024_task-sed_acq-rest_run-3_eeg.vhdr,3.0,csd_phase_only,R,0.16594264731131628,0.16568904477563098,,
DS005620,1024,sed,gamma,sub-1024_task-sed_acq-rest_run-3_eeg.vhdr,3.0,csd_phase_only,D_eff,22.09666092290003,21.555260344157606,,
DS005620,1024,sed,gamma,sub-1024_task-sed_acq-rest_run-3_eeg.vhdr,3.0,csd_phase_only,M_tau,0.007207659824127422,0.00688610956876402,,
DS005620,1033,awake,gamma,sub-1033_task-awake_acq-EC_eeg.vhdr,,csd_phase_only,Pi,0.8620689655172413,0.7931034482758621,,
DS005620,1033,awake,gamma,sub-1033_task-awake_acq-EC_eeg.vhdr,,csd_phase_only,R,0.2232642594391396,0.21121950601798428,,
DS005620,1033,awake,gamma,sub-1033_task-awake_acq-EC_eeg.vhdr,,csd_phase_only,D_eff,7.462150003014847,7.038156567483295,,
DS005620,1033,awake,gamma,sub-1033_task-awake_acq-EC_eeg.vhdr,,csd_phase_only,M_tau,0.008912852875593257,0.007656523893939963,,
DS005620,1033,sed2,gamma,sub-1033_task-sed2_acq-rest_run-1_eeg.vhdr,1.0,csd_phase_only,Pi,0.42105263157894735,0.33333333333333326,,
DS005620,1033,sed2,gamma,sub-1033_task-sed2_acq-rest_run-1_eeg.vhdr,1.0,csd_phase_only,R,0.20816849592272826,0.21061649612252498,,
DS005620,1033,sed2,gamma,sub-1033_task-sed2_acq-rest_run-1_eeg.vhdr,1.0,csd_phase_only,D_eff,28.115561020376607,27.923833076664263,,
DS005620,1033,sed2,gamma,sub-1033_task-sed2_acq-rest_run-1_eeg.vhdr,1.0,csd_phase_only,M_tau,0.010406157540045253,0.01104345290221074,,
DS005620,1033,sed2,gamma,sub-1033_task-sed2_acq-rest_run-2_eeg.vhdr,2.0,csd_phase_only,Pi,0.29824561403508765,0.4385964912280701,,
DS005620,1033,sed2,gamma,sub-1033_task-sed2_acq-rest_run-2_eeg.vhdr,2.0,csd_phase_only,R,0.20957764879014737,0.20656532432767624,,
DS005620,1033,sed2,gamma,sub-1033_task-sed2_acq-rest_run-2_eeg.vhdr,2.0,csd_phase_only,D_eff,28.153817139277383,28.413626312977016,,
DS005620,1033,sed2,gamma,sub-1033_task-sed2_acq-rest_run-2_eeg.vhdr,2.0,csd_phase_only,M_tau,0.011359814933006923,0.010248175562219084,,
DS005620,1033,sed2,gamma,sub-1033_task-sed2_acq-rest_run-3_eeg.vhdr,3.0,csd_phase_only,Pi,0.3333333333333333,0.4385964912280702,,
DS005620,1033,sed2,gamma,sub-1033_task-sed2_acq-rest_run-3_eeg.vhdr,3.0,csd_phase_only,R,0.21223084840641526,0.20844448845449565,,
DS005620,1033,sed2,gamma,sub-1033_task-sed2_acq-rest_run-3_eeg.vhdr,3.0,csd_phase_only,D_eff,28.630848432945605,27.57882147985709,,
DS005620,1033,sed2,gamma,sub-1033_task-sed2_acq-rest_run-3_eeg.vhdr,3.0,csd_phase_only,M_tau,0.01139687849825103,0.010585731130393574,,
DS005620,1033,sed,gamma,sub-1033_task-sed_acq-rest_run-1_eeg.vhdr,1.0,csd_phase_only,Pi,0.36781609195402304,0.264367816091954,,
DS005620,1033,sed,gamma,sub-1033_task-sed_acq-rest_run-1_eeg.vhdr,1.0,csd_phase_only,R,0.21280308003300744,0.1876928731589052,,
DS005620,1033,sed,gamma,sub-1033_task-sed_acq-rest_run-1_eeg.vhdr,1.0,csd_phase_only,D_eff,28.373933226374454,22.87009519449733,,
DS005620,1033,sed,gamma,sub-1033_task-sed_acq-rest_run-1_eeg.vhdr,1.0,csd_phase_only,M_tau,0.011283511982087543,0.008714664717291428,,
DS005620,1033,sed,gamma,sub-1033_task-sed_acq-rest_run-2_eeg.vhdr,2.0,csd_phase_only,Pi,0.47126436781609193,0.33333333333333337,,
DS005620,1033,sed,gamma,sub-1033_task-sed_acq-rest_run-2_eeg.vhdr,2.0,csd_phase_only,R,0.20973540332302948,0.21890409997203839,,
DS005620,1033,sed,gamma,sub-1033_task-sed_acq-rest_run-2_eeg.vhdr,2.0,csd_phase_only,D_eff,27.28672985165839,24.865407615808213,,
DS005620,1033,sed,gamma,sub-1033_task-sed_acq-rest_run-2_eeg.vhdr,2.0,csd_phase_only,M_tau,0.01042226006738029,0.012127132661644145,,
DS005620,1033,sed,gamma,sub-1033_task-sed_acq-rest_run-3_eeg.vhdr,3.0,csd_phase_only,Pi,0.28735632183908044,0.3333333333333333,,
DS005620,1033,sed,gamma,sub-1033_task-sed_acq-rest_run-3_eeg.vhdr,3.0,csd_phase_only,R,0.20975076099225493,0.21108539175285038,,
DS005620,1033,sed,gamma,sub-1033_task-sed_acq-rest_run-3_eeg.vhdr,3.0,csd_phase_only,D_eff,28.51775564514817,29.011472046849327,,
DS005620,1033,sed,gamma,sub-1033_task-sed_acq-rest_run-3_eeg.vhdr,3.0,csd_phase_only,M_tau,0.011728549627388398,0.011741571432254868,,
DS005620,1036,awake,gamma,sub-1036_task-awake_acq-EC_eeg.vhdr,,csd_phase_only,Pi,0.8160919540229885,0.839080459770115,,
DS005620,1036,awake,gamma,sub-1036_task-awake_acq-EC_eeg.vhdr,,csd_phase_only,R,0.20110455033383096,0.1942281831309325,,
DS005620,1036,awake,gamma,sub-1036_task-awake_acq-EC_eeg.vhdr,,csd_phase_only,D_eff,25.56436633192637,25.51305958350713,,
DS005620,1036,awake,gamma,sub-1036_task-awake_acq-EC_eeg.vhdr,,csd_phase_only,M_tau,0.009617596136807769,0.009256460729673162,,
DS005620,1036,sed2,gamma,sub-1036_task-sed2_acq-rest_run-1_eeg.vhdr,1.0,csd_phase_only,Pi,0.7192982456140351,0.7894736842105263,,
DS005620,1036,sed2,gamma,sub-1036_task-sed2_acq-rest_run-1_eeg.vhdr,1.0,csd_phase_only,R,0.19949911567771758,0.2073130599472715,,
DS005620,1036,sed2,gamma,sub-1036_task-sed2_acq-rest_run-1_eeg.vhdr,1.0,csd_phase_only,D_eff,26.493714298758814,26.541966256366937,,
DS005620,1036,sed2,gamma,sub-1036_task-sed2_acq-rest_run-1_eeg.vhdr,1.0,csd_phase_only,M_tau,0.009567763972135181,0.009972210948836525,,
DS005620,1036,sed,gamma,sub-1036_task-sed_acq-rest_run-1_eeg.vhdr,1.0,csd_phase_only,Pi,0.5632183908045977,0.632183908045977,,
DS005620,1036,sed,gamma,sub-1036_task-sed_acq-rest_run-1_eeg.vhdr,1.0,csd_phase_only,R,0.17206728911127764,0.17523481756414327,,
DS005620,1036,sed,gamma,sub-1036_task-sed_acq-rest_run-1_eeg.vhdr,1.0,csd_phase_only,D_eff,24.953654771142023,25.265233666569202,,
DS005620,1036,sed,gamma,sub-1036_task-sed_acq-rest_run-1_eeg.vhdr,1.0,csd_phase_only,M_tau,0.00815047159621917,0.007693461240252916,,
DS005620,1036,sed,gamma,sub-1036_task-sed_acq-rest_run-2_eeg.vhdr,2.0,csd_phase_only,Pi,0.6666666666666666,0.625,,
DS005620,1036,sed,gamma,sub-1036_task-sed_acq-rest_run-2_eeg.vhdr,2.0,csd_phase_only,R,0.17727219520849646,0.17986289437435177,,
DS005620,1036,sed,gamma,sub-1036_task-sed_acq-rest_run-2_eeg.vhdr,2.0,csd_phase_only,D_eff,25.83506777677077,26.046548543253145,,
DS005620,1036,sed,gamma,sub-1036_task-sed_acq-rest_run-2_eeg.vhdr,2.0,csd_phase_only,M_tau,0.008839512928557239,0.0080304829218227,,
DS005620,1037,awake,gamma,sub-1037_task-awake_acq-EC_eeg.vhdr,,csd_phase_only,Pi,0.8505747126436782,0.8045977011494251,,
DS005620,1037,awake,gamma,sub-1037_task-awake_acq-EC_eeg.vhdr,,csd_phase_only,R,0.20092592398953377,0.2006893762523004,,
DS005620,1037,awake,gamma,sub-1037_task-awake_acq-EC_eeg.vhdr,,csd_phase_only,D_eff,25.256901262379948,24.515048047347207,,
DS005620,1037,awake,gamma,sub-1037_task-awake_acq-EC_eeg.vhdr,,csd_phase_only,M_tau,0.01032869360122333,0.010051807567066135,,
DS005620,1045,awake,gamma,sub-1045_task-awake_acq-EC_eeg.vhdr,,csd_phase_only,Pi,0.8620689655172413,0.7931034482758621,,
DS005620,1045,awake,gamma,sub-1045_task-awake_acq-EC_eeg.vhdr,,csd_phase_only,R,0.2379248271568926,0.23019137574556403,,
DS005620,1045,awake,gamma,sub-1045_task-awake_acq-EC_eeg.vhdr,,csd_phase_only,D_eff,16.481745547640102,16.9775556724125,,
DS005620,1045,awake,gamma,sub-1045_task-awake_acq-EC_eeg.vhdr,,csd_phase_only,M_tau,0.012515754424097083,0.011125526076673834,,
DS005620,1045,sed2,gamma,sub-1045_task-sed2_acq-rest_run-1_eeg.vhdr,1.0,csd_phase_only,Pi,0.15789473684210525,0.15789473684210523,,
DS005620,1045,sed2,gamma,sub-1045_task-sed2_acq-rest_run-1_eeg.vhdr,1.0,csd_phase_only,R,0.1758087363217615,0.17739959194623922,,
DS005620,1045,sed2,gamma,sub-1045_task-sed2_acq-rest_run-1_eeg.vhdr,1.0,csd_phase_only,D_eff,22.72941745961827,23.506931653408394,,
DS005620,1045,sed2,gamma,sub-1045_task-sed2_acq-rest_run-1_eeg.vhdr,1.0,csd_phase_only,M_tau,0.00881937714595432,0.008418408433557583,,
DS005620,1045,sed2,gamma,sub-1045_task-sed2_acq-rest_run-2_eeg.vhdr,2.0,csd_phase_only,Pi,0.07017543859649122,0.22807017543859648,,
DS005620,1045,sed2,gamma,sub-1045_task-sed2_acq-rest_run-2_eeg.vhdr,2.0,csd_phase_only,R,0.19415801447273678,0.19256240507810599,,
DS005620,1045,sed2,gamma,sub-1045_task-sed2_acq-rest_run-2_eeg.vhdr,2.0,csd_phase_only,D_eff,25.893101954500132,25.37058952210732,,
DS005620,1045,sed2,gamma,sub-1045_task-sed2_acq-rest_run-2_eeg.vhdr,2.0,csd_phase_only,M_tau,0.008478434955427884,0.009572472971416663,,
DS005620,1045,sed2,gamma,sub-1045_task-sed2_acq-rest_run-3_eeg.vhdr,3.0,csd_phase_only,Pi,0.14035087719298248,0.21052631578947367,,
DS005620,1045,sed2,gamma,sub-1045_task-sed2_acq-rest_run-3_eeg.vhdr,3.0,csd_phase_only,R,0.18773330546186104,0.1933791597698921,,
DS005620,1045,sed2,gamma,sub-1045_task-sed2_acq-rest_run-3_eeg.vhdr,3.0,csd_phase_only,D_eff,25.98343023586679,26.46646410006155,,
DS005620,1045,sed2,gamma,sub-1045_task-sed2_acq-rest_run-3_eeg.vhdr,3.0,csd_phase_only,M_tau,0.00883399504549578,0.009624923075729649,,
DS005620,1045,sed,gamma,sub-1045_task-sed_acq-rest_run-1_eeg.vhdr,1.0,csd_phase_only,Pi,0.022988505747126436,0.1954022988505747,,
DS005620,1045,sed,gamma,sub-1045_task-sed_acq-rest_run-1_eeg.vhdr,1.0,csd_phase_only,R,0.16696244325757484,0.18312176654304324,,
DS005620,1045,sed,gamma,sub-1045_task-sed_acq-rest_run-1_eeg.vhdr,1.0,csd_phase_only,D_eff,24.44918933160686,25.00020955611134,,
DS005620,1045,sed,gamma,sub-1045_task-sed_acq-rest_run-1_eeg.vhdr,1.0,csd_phase_only,M_tau,0.007203505492105301,0.00952931667252107,,
DS005620,1045,sed,gamma,sub-1045_task-sed_acq-rest_run-2_eeg.vhdr,2.0,csd_phase_only,Pi,0.10344827586206896,0.09195402298850575,,
DS005620,1045,sed,gamma,sub-1045_task-sed_acq-rest_run-2_eeg.vhdr,2.0,csd_phase_only,R,0.1747903801205173,0.16904661958944225,,
DS005620,1045,sed,gamma,sub-1045_task-sed_acq-rest_run-2_eeg.vhdr,2.0,csd_phase_only,D_eff,22.76762578207123,24.43012215449743,,
DS005620,1045,sed,gamma,sub-1045_task-sed_acq-rest_run-2_eeg.vhdr,2.0,csd_phase_only,M_tau,0.008156597578580548,0.008057873055375444,,
DS005620,1045,sed,gamma,sub-1045_task-sed_acq-rest_run-3_eeg.vhdr,3.0,csd_phase_only,Pi,0.13793103448275862,0.2413793103448275,,
DS005620,1045,sed,gamma,sub-1045_task-sed_acq-rest_run-3_eeg.vhdr,3.0,csd_phase_only,R,0.1851625967026036,0.19113929295831647,,
DS005620,1045,sed,gamma,sub-1045_task-sed_acq-rest_run-3_eeg.vhdr,3.0,csd_phase_only,D_eff,25.416908869641468,25.571361944746908,,
DS005620,1045,sed,gamma,sub-1045_task-sed_acq-rest_run-3_eeg.vhdr,3.0,csd_phase_only,M_tau,0.009115041428319766,0.009750987509529498,,
DS005620,1046,awake,gamma,sub-1046_task-awake_acq-EC_eeg.vhdr,,csd_phase_only,Pi,0.793103448275862,0.8620689655172413,,
DS005620,1046,awake,gamma,sub-1046_task-awake_acq-EC_eeg.vhdr,,csd_phase_only,R,0.1846661197649472,0.19687795634469757,,
DS005620,1046,awake,gamma,sub-1046_task-awake_acq-EC_eeg.vhdr,,csd_phase_only,D_eff,25.49480580259693,26.872437738191813,,
DS005620,1046,awake,gamma,sub-1046_task-awake_acq-EC_eeg.vhdr,,csd_phase_only,M_tau,0.008986713265555193,0.010397969700484098,,
DS005620,1046,sed2,gamma,sub-1046_task-sed2_acq-rest_run-1_eeg.vhdr,1.0,csd_phase_only,Pi,0.9122807017543859,0.982456140350877,,
DS005620,1046,sed2,gamma,sub-1046_task-sed2_acq-rest_run-1_eeg.vhdr,1.0,csd_phase_only,R,0.19410490773899394,0.19234250383744228,,
DS005620,1046,sed2,gamma,sub-1046_task-sed2_acq-rest_run-1_eeg.vhdr,1.0,csd_phase_only,D_eff,25.604027478903223,25.58660040217874,,
DS005620,1046,sed2,gamma,sub-1046_task-sed2_acq-rest_run-1_eeg.vhdr,1.0,csd_phase_only,M_tau,0.009378454324945605,0.008743990104536511,,
DS005620,1046,sed2,gamma,sub-1046_task-sed2_acq-rest_run-2_eeg.vhdr,2.0,csd_phase_only,Pi,0.8421052631578947,0.8596491228070174,,
DS005620,1046,sed2,gamma,sub-1046_task-sed2_acq-rest_run-2_eeg.vhdr,2.0,csd_phase_only,R,0.22388180763043816,0.2085728546470577,,
DS005620,1046,sed2,gamma,sub-1046_task-sed2_acq-rest_run-2_eeg.vhdr,2.0,csd_phase_only,D_eff,25.76863946168079,26.723353561735845,,
DS005620,1046,sed2,gamma,sub-1046_task-sed2_acq-rest_run-2_eeg.vhdr,2.0,csd_phase_only,M_tau,0.011791399475187548,0.01161397881602571,,
DS005620,1046,sed,gamma,sub-1046_task-sed_acq-rest_run-1_eeg.vhdr,1.0,csd_phase_only,Pi,0.8160919540229884,0.8160919540229885,,
DS005620,1046,sed,gamma,sub-1046_task-sed_acq-rest_run-1_eeg.vhdr,1.0,csd_phase_only,R,0.1811797154395685,0.18436771348390857,,
DS005620,1046,sed,gamma,sub-1046_task-sed_acq-rest_run-1_eeg.vhdr,1.0,csd_phase_only,D_eff,24.741531046148165,22.762151681072584,,
DS005620,1046,sed,gamma,sub-1046_task-sed_acq-rest_run-1_eeg.vhdr,1.0,csd_phase_only,M_tau,0.008351492353525765,0.009460645284540218,,
DS005620,1046,sed,gamma,sub-1046_task-sed_acq-rest_run-2_eeg.vhdr,2.0,csd_phase_only,Pi,0.6896551724137931,0.48275862068965525,,
DS005620,1046,sed,gamma,sub-1046_task-sed_acq-rest_run-2_eeg.vhdr,2.0,csd_phase_only,R,0.18933202005681893,0.23324527494743824,,
DS005620,1046,sed,gamma,sub-1046_task-sed_acq-rest_run-2_eeg.vhdr,2.0,csd_phase_only,D_eff,21.3885034685447,18.931100247898407,,
DS005620,1046,sed,gamma,sub-1046_task-sed_acq-rest_run-2_eeg.vhdr,2.0,csd_phase_only,M_tau,0.009291277157895616,0.01369133494145227,,
DS005620,1054,awake,gamma,sub-1054_task-awake_acq-EC_eeg.vhdr,,csd_phase_only,Pi,0.7931034482758621,0.8620689655172413,,
DS005620,1054,awake,gamma,sub-1054_task-awake_acq-EC_eeg.vhdr,,csd_phase_only,R,0.18802532574978642,0.19266262222972547,,
DS005620,1054,awake,gamma,sub-1054_task-awake_acq-EC_eeg.vhdr,,csd_phase_only,D_eff,24.030107542784513,24.277790154336955,,
DS005620,1054,awake,gamma,sub-1054_task-awake_acq-EC_eeg.vhdr,,csd_phase_only,M_tau,0.00907204897095381,0.009196321960198704,,
DS005620,1054,sed2,gamma,sub-1054_task-sed2_acq-rest_run-1_eeg.vhdr,1.0,csd_phase_only,Pi,0.5087719298245613,0.3333333333333333,,
DS005620,1054,sed2,gamma,sub-1054_task-sed2_acq-rest_run-1_eeg.vhdr,1.0,csd_phase_only,R,0.18115254150399585,0.17761161115497745,,
DS005620,1054,sed2,gamma,sub-1054_task-sed2_acq-rest_run-1_eeg.vhdr,1.0,csd_phase_only,D_eff,21.33346302504677,19.54087078171156,,
DS005620,1054,sed2,gamma,sub-1054_task-sed2_acq-rest_run-1_eeg.vhdr,1.0,csd_phase_only,M_tau,0.008858665688460337,0.007866038039820979,,
DS005620,1054,sed2,gamma,sub-1054_task-sed2_acq-rest_run-2_eeg.vhdr,2.0,csd_phase_only,Pi,0.4385964912280702,0.4385964912280702,,
DS005620,1054,sed2,gamma,sub-1054_task-sed2_acq-rest_run-2_eeg.vhdr,2.0,csd_phase_only,R,0.18203704348396207,0.18872916682401067,,
DS005620,1054,sed2,gamma,sub-1054_task-sed2_acq-rest_run-2_eeg.vhdr,2.0,csd_phase_only,D_eff,21.00791035674842,20.073981284684848,,
DS005620,1054,sed2,gamma,sub-1054_task-sed2_acq-rest_run-2_eeg.vhdr,2.0,csd_phase_only,M_tau,0.007372876658032853,0.008135595082848964,,
DS005620,1054,sed,gamma,sub-1054_task-sed_acq-rest_run-1_eeg.vhdr,1.0,csd_phase_only,Pi,0.4942528735632183,0.4942528735632183,,
DS005620,1054,sed,gamma,sub-1054_task-sed_acq-rest_run-1_eeg.vhdr,1.0,csd_phase_only,R,0.18771161139814085,0.18898082480824296,,
DS005620,1054,sed,gamma,sub-1054_task-sed_acq-rest_run-1_eeg.vhdr,1.0,csd_phase_only,D_eff,19.949650731194744,20.53232105056614,,
DS005620,1054,sed,gamma,sub-1054_task-sed_acq-rest_run-1_eeg.vhdr,1.0,csd_phase_only,M_tau,0.008094987925749612,0.008299869410895779,,
DS005620,1054,sed,gamma,sub-1054_task-sed_acq-rest_run-2_eeg.vhdr,2.0,csd_phase_only,Pi,0.632183908045977,0.7471264367816093,,
DS005620,1054,sed,gamma,sub-1054_task-sed_acq-rest_run-2_eeg.vhdr,2.0,csd_phase_only,R,0.19479106651354294,0.1993263682794635,,
DS005620,1054,sed,gamma,sub-1054_task-sed_acq-rest_run-2_eeg.vhdr,2.0,csd_phase_only,D_eff,23.081849654052053,23.050347652773493,,
DS005620,1054,sed,gamma,sub-1054_task-sed_acq-rest_run-2_eeg.vhdr,2.0,csd_phase_only,M_tau,0.010298282843795099,0.00914961543685792,,
DS005620,1055,awake,gamma,sub-1055_task-awake_acq-EC_eeg.vhdr,,csd_phase_only,Pi,0.7701149425287356,0.8850574712643678,,
DS005620,1055,awake,gamma,sub-1055_task-awake_acq-EC_eeg.vhdr,,csd_phase_only,R,0.18148662429232942,0.1691594542773779,,
DS005620,1055,awake,gamma,sub-1055_task-awake_acq-EC_eeg.vhdr,,csd_phase_only,D_eff,24.208896323398303,25.02800319923105,,
DS005620,1055,awake,gamma,sub-1055_task-awake_acq-EC_eeg.vhdr,,csd_phase_only,M_tau,0.008846864197104017,0.007444509618723729,,
DS005620,1055,sed2,gamma,sub-1055_task-sed2_acq-rest_run-1_eeg.vhdr,1.0,csd_phase_only,Pi,0.6315789473684209,0.6666666666666665,,
DS005620,1055,sed2,gamma,sub-1055_task-sed2_acq-rest_run-1_eeg.vhdr,1.0,csd_phase_only,R,0.21019641019223076,0.20420225994992222,,
DS005620,1055,sed2,gamma,sub-1055_task-sed2_acq-rest_run-1_eeg.vhdr,1.0,csd_phase_only,D_eff,17.070746293847993,17.82705490928387,,
DS005620,1055,sed2,gamma,sub-1055_task-sed2_acq-rest_run-1_eeg.vhdr,1.0,csd_phase_only,M_tau,0.008619533498852106,0.008395918544811599,,
DS005620,1055,sed2,gamma,sub-1055_task-sed2_acq-rest_run-2_eeg.vhdr,2.0,csd_phase_only,Pi,0.3684210526315789,0.38596491228070173,,
DS005620,1055,sed2,gamma,sub-1055_task-sed2_acq-rest_run-2_eeg.vhdr,2.0,csd_phase_only,R,0.262175807144797,0.26473786554072953,,
DS005620,1055,sed2,gamma,sub-1055_task-sed2_acq-rest_run-2_eeg.vhdr,2.0,csd_phase_only,D_eff,19.361414726394905,18.34028325029781,,
DS005620,1055,sed2,gamma,sub-1055_task-sed2_acq-rest_run-2_eeg.vhdr,2.0,csd_phase_only,M_tau,0.012162511541944768,0.012062313872611485,,
DS005620,1055,sed,gamma,sub-1055_task-sed_acq-rest_run-1_eeg.vhdr,1.0,csd_phase_only,Pi,0.5977011494252873,0.586206896551724,,
DS005620,1055,sed,gamma,sub-1055_task-sed_acq-rest_run-1_eeg.vhdr,1.0,csd_phase_only,R,0.21339085553559234,0.21050470690050432,,
DS005620,1055,sed,gamma,sub-1055_task-sed_acq-rest_run-1_eeg.vhdr,1.0,csd_phase_only,D_eff,16.218623346344007,18.947523446491545,,
DS005620,1055,sed,gamma,sub-1055_task-sed_acq-rest_run-1_eeg.vhdr,1.0,csd_phase_only,M_tau,0.009476017431214305,0.009831596705576446,,
DS005620,1055,sed,gamma,sub-1055_task-sed_acq-rest_run-2_eeg.vhdr,2.0,csd_phase_only,Pi,0.4712643678160919,0.5172413793103449,,
DS005620,1055,sed,gamma,sub-1055_task-sed_acq-rest_run-2_eeg.vhdr,2.0,csd_phase_only,R,0.2868999534829173,0.29679459753727633,,
DS005620,1055,sed,gamma,sub-1055_task-sed_acq-rest_run-2_eeg.vhdr,2.0,csd_phase_only,D_eff,16.118609027288876,15.771953379402975,,
DS005620,1055,sed,gamma,sub-1055_task-sed_acq-rest_run-2_eeg.vhdr,2.0,csd_phase_only,M_tau,0.011003053357367542,0.010791961630511118,,
DS005620,1057,awake,gamma,sub-1057_task-awake_acq-EC_eeg.vhdr,,csd_phase_only,Pi,0.839080459770115,0.8160919540229885,,
DS005620,1057,awake,gamma,sub-1057_task-awake_acq-EC_eeg.vhdr,,csd_phase_only,R,0.1838417400059711,0.17736007010092564,,
DS005620,1057,awake,gamma,sub-1057_task-awake_acq-EC_eeg.vhdr,,csd_phase_only,D_eff,21.93276920236107,20.82968942550826,,
DS005620,1057,awake,gamma,sub-1057_task-awake_acq-EC_eeg.vhdr,,csd_phase_only,M_tau,0.008617191971077545,0.008112484369616198,,
DS005620,1057,sed2,gamma,sub-1057_task-sed2_acq-rest_run-1_eeg.vhdr,1.0,csd_phase_only,Pi,0.9122807017543859,0.8245614035087718,,
DS005620,1057,sed2,gamma,sub-1057_task-sed2_acq-rest_run-1_eeg.vhdr,1.0,csd_phase_only,R,0.18833602925198378,0.18429827270267726,,
DS005620,1057,sed2,gamma,sub-1057_task-sed2_acq-rest_run-1_eeg.vhdr,1.0,csd_phase_only,D_eff,21.656784440008966,22.56730290894633,,
DS005620,1057,sed2,gamma,sub-1057_task-sed2_acq-rest_run-1_eeg.vhdr,1.0,csd_phase_only,M_tau,0.00856643509499599,0.008179483609651815,,
DS005620,1057,sed2,gamma,sub-1057_task-sed2_acq-rest_run-2_eeg.vhdr,2.0,csd_phase_only,Pi,0.8421052631578947,0.6842105263157894,,
DS005620,1057,sed2,gamma,sub-1057_task-sed2_acq-rest_run-2_eeg.vhdr,2.0,csd_phase_only,R,0.1779929290589028,0.17080794400913873,,
DS005620,1057,sed2,gamma,sub-1057_task-sed2_acq-rest_run-2_eeg.vhdr,2.0,csd_phase_only,D_eff,22.462934210020816,22.422151975143485,,
DS005620,1057,sed2,gamma,sub-1057_task-sed2_acq-rest_run-2_eeg.vhdr,2.0,csd_phase_only,M_tau,0.008214873159905189,0.007439800430973405,,
DS005620,1057,sed2,gamma,sub-1057_task-sed2_acq-rest_run-3_eeg.vhdr,3.0,csd_phase_only,Pi,0.5964912280701753,0.6842105263157894,,
DS005620,1057,sed2,gamma,sub-1057_task-sed2_acq-rest_run-3_eeg.vhdr,3.0,csd_phase_only,R,0.19099229941920098,0.1953001741085086,,
DS005620,1057,sed2,gamma,sub-1057_task-sed2_acq-rest_run-3_eeg.vhdr,3.0,csd_phase_only,D_eff,24.322089772887868,23.67762820737984,,
DS005620,1057,sed2,gamma,sub-1057_task-sed2_acq-rest_run-3_eeg.vhdr,3.0,csd_phase_only,M_tau,0.009406025532362658,0.008961010375539853,,
DS005620,1057,sed,gamma,sub-1057_task-sed_acq-rest_run-1_eeg.vhdr,1.0,csd_phase_only,Pi,0.7931034482758621,0.7931034482758622,,
DS005620,1057,sed,gamma,sub-1057_task-sed_acq-rest_run-1_eeg.vhdr,1.0,csd_phase_only,R,0.18044896637141794,0.19190226097538926,,
DS005620,1057,sed,gamma,sub-1057_task-sed_acq-rest_run-1_eeg.vhdr,1.0,csd_phase_only,D_eff,22.76297481600885,23.285586612085808,,
DS005620,1057,sed,gamma,sub-1057_task-sed_acq-rest_run-1_eeg.vhdr,1.0,csd_phase_only,M_tau,0.008123985326360205,0.008687316308912788,,
DS005620,1057,sed,gamma,sub-1057_task-sed_acq-rest_run-2_eeg.vhdr,2.0,csd_phase_only,Pi,0.7126436781609194,0.6436781609195402,,
DS005620,1057,sed,gamma,sub-1057_task-sed_acq-rest_run-2_eeg.vhdr,2.0,csd_phase_only,R,0.18181711771457904,0.18023149548599413,,
DS005620,1057,sed,gamma,sub-1057_task-sed_acq-rest_run-2_eeg.vhdr,2.0,csd_phase_only,D_eff,23.426258560319717,23.989892928165347,,
DS005620,1057,sed,gamma,sub-1057_task-sed_acq-rest_run-2_eeg.vhdr,2.0,csd_phase_only,M_tau,0.008455216886805882,0.008201795978768245,,
DS005620,1057,sed,gamma,sub-1057_task-sed_acq-rest_run-3_eeg.vhdr,3.0,csd_phase_only,Pi,0.7471264367816094,0.7011494252873566,,
DS005620,1057,sed,gamma,sub-1057_task-sed_acq-rest_run-3_eeg.vhdr,3.0,csd_phase_only,R,0.19426679951534975,0.18967503510657596,,
DS005620,1057,sed,gamma,sub-1057_task-sed_acq-rest_run-3_eeg.vhdr,3.0,csd_phase_only,D_eff,23.162390999220715,23.902290425097966,,
DS005620,1057,sed,gamma,sub-1057_task-sed_acq-rest_run-3_eeg.vhdr,3.0,csd_phase_only,M_tau,0.008896940997936396,0.008651260881127382,,
DS005620,1060,awake,gamma,sub-1060_task-awake_acq-EC_eeg.vhdr,,csd_phase_only,Pi,0.7816091954022989,0.8735632183908046,,
DS005620,1060,awake,gamma,sub-1060_task-awake_acq-EC_eeg.vhdr,,csd_phase_only,R,0.16206483521782764,0.17743053200135198,,
DS005620,1060,awake,gamma,sub-1060_task-awake_acq-EC_eeg.vhdr,,csd_phase_only,D_eff,16.444548821214834,18.95652556991827,,
DS005620,1060,awake,gamma,sub-1060_task-awake_acq-EC_eeg.vhdr,,csd_phase_only,M_tau,0.0063322442375339264,0.007741484233260884,,
DS005620,1060,sed2,gamma,sub-1060_task-sed2_acq-rest_run-1_eeg.vhdr,1.0,csd_phase_only,Pi,0.4912280701754386,0.5438596491228068,,
DS005620,1060,sed2,gamma,sub-1060_task-sed2_acq-rest_run-1_eeg.vhdr,1.0,csd_phase_only,R,0.1860746199223846,0.18081404913595728,,
DS005620,1060,sed2,gamma,sub-1060_task-sed2_acq-rest_run-1_eeg.vhdr,1.0,csd_phase_only,D_eff,26.206021910210072,26.31976983951844,,
DS005620,1060,sed2,gamma,sub-1060_task-sed2_acq-rest_run-1_eeg.vhdr,1.0,csd_phase_only,M_tau,0.008809924509301936,0.008726678429451669,,
DS005620,1060,sed2,gamma,sub-1060_task-sed2_acq-rest_run-2_eeg.vhdr,2.0,csd_phase_only,Pi,0.543859649122807,0.6140350877192983,,
DS005620,1060,sed2,gamma,sub-1060_task-sed2_acq-rest_run-2_eeg.vhdr,2.0,csd_phase_only,R,0.16533030264080306,0.16560538913613237,,
DS005620,1060,sed2,gamma,sub-1060_task-sed2_acq-rest_run-2_eeg.vhdr,2.0,csd_phase_only,D_eff,26.176708576193814,25.571007186842,,
DS005620,1060,sed2,gamma,sub-1060_task-sed2_acq-rest_run-2_eeg.vhdr,2.0,csd_phase_only,M_tau,0.007675847285953283,0.007668552676872542,,
DS005620,1060,sed2,gamma,sub-1060_task-sed2_acq-rest_run-3_eeg.vhdr,3.0,csd_phase_only,Pi,0.6315789473684209,0.6140350877192983,,
DS005620,1060,sed2,gamma,sub-1060_task-sed2_acq-rest_run-3_eeg.vhdr,3.0,csd_phase_only,R,0.17466378539842317,0.17790046093041167,,
DS005620,1060,sed2,gamma,sub-1060_task-sed2_acq-rest_run-3_eeg.vhdr,3.0,csd_phase_only,D_eff,24.987795962856048,24.242071160723345,,
DS005620,1060,sed2,gamma,sub-1060_task-sed2_acq-rest_run-3_eeg.vhdr,3.0,csd_phase_only,M_tau,0.007740855459134125,0.00799431027072488,,
DS005620,1060,sed,gamma,sub-1060_task-sed_acq-rest_run-1_eeg.vhdr,1.0,csd_phase_only,Pi,0.5632183908045977,0.5632183908045977,,
DS005620,1060,sed,gamma,sub-1060_task-sed_acq-rest_run-1_eeg.vhdr,1.0,csd_phase_only,R,0.17879839436014353,0.17367554821469913,,
DS005620,1060,sed,gamma,sub-1060_task-sed_acq-rest_run-1_eeg.vhdr,1.0,csd_phase_only,D_eff,24.776609850351694,24.802645340389265,,
DS005620,1060,sed,gamma,sub-1060_task-sed_acq-rest_run-1_eeg.vhdr,1.0,csd_phase_only,M_tau,0.008555852054499637,0.008288108490424082,,
DS005620,1060,sed,gamma,sub-1060_task-sed_acq-rest_run-2_eeg.vhdr,2.0,csd_phase_only,Pi,0.5402298850574713,0.5402298850574713,,
DS005620,1060,sed,gamma,sub-1060_task-sed_acq-rest_run-2_eeg.vhdr,2.0,csd_phase_only,R,0.18301988935569716,0.18312426239034493,,
DS005620,1060,sed,gamma,sub-1060_task-sed_acq-rest_run-2_eeg.vhdr,2.0,csd_phase_only,D_eff,25.072856044599547,25.129740929599286,,
DS005620,1060,sed,gamma,sub-1060_task-sed_acq-rest_run-2_eeg.vhdr,2.0,csd_phase_only,M_tau,0.008380777556032244,0.008326968935994765,,
DS005620,1060,sed,gamma,sub-1060_task-sed_acq-rest_run-3_eeg.vhdr,3.0,csd_phase_only,Pi,0.5517241379310345,0.5747126436781609,,
DS005620,1060,sed,gamma,sub-1060_task-sed_acq-rest_run-3_eeg.vhdr,3.0,csd_phase_only,R,0.1814606572825842,0.17537617037141995,,
DS005620,1060,sed,gamma,sub-1060_task-sed_acq-rest_run-3_eeg.vhdr,3.0,csd_phase_only,D_eff,25.755114436432606,25.405557441549373,,
DS005620,1060,sed,gamma,sub-1060_task-sed_acq-rest_run-3_eeg.vhdr,3.0,csd_phase_only,M_tau,0.008970218866767795,0.008448448981162137,,
DS005620,1061,awake,gamma,sub-1061_task-awake_acq-EC_eeg.vhdr,,csd_phase_only,Pi,0.9195402298850573,0.735632183908046,,
DS005620,1061,awake,gamma,sub-1061_task-awake_acq-EC_eeg.vhdr,,csd_phase_only,R,0.18983030519426047,0.18637758487456269,,
DS005620,1061,awake,gamma,sub-1061_task-awake_acq-EC_eeg.vhdr,,csd_phase_only,D_eff,25.984985668410594,27.211664003555317,,
DS005620,1061,awake,gamma,sub-1061_task-awake_acq-EC_eeg.vhdr,,csd_phase_only,M_tau,0.009350959667902543,0.009426372214328755,,
DS005620,1061,sed2,gamma,sub-1061_task-sed2_acq-rest_run-1_eeg.vhdr,1.0,csd_phase_only,Pi,0.5964912280701754,0.6842105263157894,,
DS005620,1061,sed2,gamma,sub-1061_task-sed2_acq-rest_run-1_eeg.vhdr,1.0,csd_phase_only,R,0.17460211734606573,0.18751979049785314,,
DS005620,1061,sed2,gamma,sub-1061_task-sed2_acq-rest_run-1_eeg.vhdr,1.0,csd_phase_only,D_eff,24.25616330341993,24.588312568448796,,
DS005620,1061,sed2,gamma,sub-1061_task-sed2_acq-rest_run-1_eeg.vhdr,1.0,csd_phase_only,M_tau,0.007490359187813916,0.008514867589674742,,
DS005620,1061,sed2,gamma,sub-1061_task-sed2_acq-rest_run-2_eeg.vhdr,2.0,csd_phase_only,Pi,0.6315789473684209,0.6315789473684209,,
DS005620,1061,sed2,gamma,sub-1061_task-sed2_acq-rest_run-2_eeg.vhdr,2.0,csd_phase_only,R,0.1888344249282757,0.18899671203779905,,
DS005620,1061,sed2,gamma,sub-1061_task-sed2_acq-rest_run-2_eeg.vhdr,2.0,csd_phase_only,D_eff,23.63760981780959,23.101095953626857,,
DS005620,1061,sed2,gamma,sub-1061_task-sed2_acq-rest_run-2_eeg.vhdr,2.0,csd_phase_only,M_tau,0.009767386640074911,0.009976994329994132,,
DS005620,1061,sed2,gamma,sub-1061_task-sed2_acq-rest_run-3_eeg.vhdr,3.0,csd_phase_only,Pi,0.7017543859649122,0.7894736842105262,,
DS005620,1061,sed2,gamma,sub-1061_task-sed2_acq-rest_run-3_eeg.vhdr,3.0,csd_phase_only,R,0.1842751511825376,0.19080511787041857,,
DS005620,1061,sed2,gamma,sub-1061_task-sed2_acq-rest_run-3_eeg.vhdr,3.0,csd_phase_only,D_eff,23.666616570878897,24.475477015756322,,
DS005620,1061,sed2,gamma,sub-1061_task-sed2_acq-rest_run-3_eeg.vhdr,3.0,csd_phase_only,M_tau,0.009500770434893632,0.009620604401068709,,
DS005620,1061,sed,gamma,sub-1061_task-sed_acq-rest_run-1_eeg.vhdr,1.0,csd_phase_only,Pi,0.4137931034482759,0.4597701149425287,,
DS005620,1061,sed,gamma,sub-1061_task-sed_acq-rest_run-1_eeg.vhdr,1.0,csd_phase_only,R,0.1732146709561471,0.1742558039426937,,
DS005620,1061,sed,gamma,sub-1061_task-sed_acq-rest_run-1_eeg.vhdr,1.0,csd_phase_only,D_eff,21.529136110860605,22.59478178504307,,
DS005620,1061,sed,gamma,sub-1061_task-sed_acq-rest_run-1_eeg.vhdr,1.0,csd_phase_only,M_tau,0.00822956984720523,0.0076679816683477755,,
DS005620,1061,sed,gamma,sub-1061_task-sed_acq-rest_run-2_eeg.vhdr,2.0,csd_phase_only,Pi,0.6551724137931035,0.6666666666666669,,
DS005620,1061,sed,gamma,sub-1061_task-sed_acq-rest_run-2_eeg.vhdr,2.0,csd_phase_only,R,0.22814394632550083,0.2583255467940897,,
DS005620,1061,sed,gamma,sub-1061_task-sed_acq-rest_run-2_eeg.vhdr,2.0,csd_phase_only,D_eff,8.931582930739369,1.0102515197206912,,
DS005620,1061,sed,gamma,sub-1061_task-sed_acq-rest_run-2_eeg.vhdr,2.0,csd_phase_only,M_tau,0.008807033140080616,0.00936488911547083,,
DS005620,1061,sed,gamma,sub-1061_task-sed_acq-rest_run-3_eeg.vhdr,3.0,csd_phase_only,Pi,0.4827586206896552,0.49425287356321834,,
DS005620,1061,sed,gamma,sub-1061_task-sed_acq-rest_run-3_eeg.vhdr,3.0,csd_phase_only,R,0.1712852274416944,0.17385590723021158,,
DS005620,1061,sed,gamma,sub-1061_task-sed_acq-rest_run-3_eeg.vhdr,3.0,csd_phase_only,D_eff,22.569084728491788,22.933918921057742,,
DS005620,1061,sed,gamma,sub-1061_task-sed_acq-rest_run-3_eeg.vhdr,3.0,csd_phase_only,M_tau,0.00868328736958243,0.007902813200290472,,
DS005620,1062,awake,gamma,sub-1062_task-awake_acq-EC_eeg.vhdr,,csd_phase_only,Pi,0.8275862068965517,0.8275862068965518,,
DS005620,1062,awake,gamma,sub-1062_task-awake_acq-EC_eeg.vhdr,,csd_phase_only,R,0.1608821294566323,0.16198877841354473,,
DS005620,1062,awake,gamma,sub-1062_task-awake_acq-EC_eeg.vhdr,,csd_phase_only,D_eff,21.961508162234143,21.50216822898425,,
DS005620,1062,awake,gamma,sub-1062_task-awake_acq-EC_eeg.vhdr,,csd_phase_only,M_tau,0.006677229239510993,0.006524916294887446,,
DS005620,1062,sed2,gamma,sub-1062_task-sed2_acq-rest_run-1_eeg.vhdr,1.0,csd_phase_only,Pi,0.5263157894736841,0.3684210526315789,,
DS005620,1062,sed2,gamma,sub-1062_task-sed2_acq-rest_run-1_eeg.vhdr,1.0,csd_phase_only,R,0.161854316513824,0.15658001942383545,,
DS005620,1062,sed2,gamma,sub-1062_task-sed2_acq-rest_run-1_eeg.vhdr,1.0,csd_phase_only,D_eff,21.032444043490017,22.2731886966774,,
DS005620,1062,sed2,gamma,sub-1062_task-sed2_acq-rest_run-1_eeg.vhdr,1.0,csd_phase_only,M_tau,0.006339431385427889,0.006293171522350747,,
DS005620,1062,sed2,gamma,sub-1062_task-sed2_acq-rest_run-2_eeg.vhdr,2.0,csd_phase_only,Pi,0.5263157894736841,0.42105263157894735,,
DS005620,1062,sed2,gamma,sub-1062_task-sed2_acq-rest_run-2_eeg.vhdr,2.0,csd_phase_only,R,0.152358874896963,0.15480062703835462,,
DS005620,1062,sed2,gamma,sub-1062_task-sed2_acq-rest_run-2_eeg.vhdr,2.0,csd_phase_only,D_eff,20.775420695083227,19.513317968950734,,
DS005620,1062,sed2,gamma,sub-1062_task-sed2_acq-rest_run-2_eeg.vhdr,2.0,csd_phase_only,M_tau,0.00580724845846858,0.0064513917215757634,,
DS005620,1062,sed2,gamma,sub-1062_task-sed2_acq-rest_run-3_eeg.vhdr,3.0,csd_phase_only,Pi,0.5087719298245613,0.6842105263157894,,
DS005620,1062,sed2,gamma,sub-1062_task-sed2_acq-rest_run-3_eeg.vhdr,3.0,csd_phase_only,R,0.16037582721235688,0.16352997934506383,,
DS005620,1062,sed2,gamma,sub-1062_task-sed2_acq-rest_run-3_eeg.vhdr,3.0,csd_phase_only,D_eff,18.445001847577824,20.586670584562118,,
DS005620,1062,sed2,gamma,sub-1062_task-sed2_acq-rest_run-3_eeg.vhdr,3.0,csd_phase_only,M_tau,0.006434153543390568,0.006580213207326858,,
DS005620,1062,sed,gamma,sub-1062_task-sed_acq-rest_run-1_eeg.vhdr,1.0,csd_phase_only,Pi,0.3448275862068966,0.34482758620689646,,
DS005620,1062,sed,gamma,sub-1062_task-sed_acq-rest_run-1_eeg.vhdr,1.0,csd_phase_only,R,0.14686381863227851,0.15002589901693436,,
DS005620,1062,sed,gamma,sub-1062_task-sed_acq-rest_run-1_eeg.vhdr,1.0,csd_phase_only,D_eff,22.321142522661177,23.599394876567306,,
DS005620,1062,sed,gamma,sub-1062_task-sed_acq-rest_run-1_eeg.vhdr,1.0,csd_phase_only,M_tau,0.005712160524730594,0.005631620285998013,,
DS005620,1062,sed,gamma,sub-1062_task-sed_acq-rest_run-2_eeg.vhdr,2.0,csd_phase_only,Pi,0.528735632183908,0.3793103448275862,,
DS005620,1062,sed,gamma,sub-1062_task-sed_acq-rest_run-2_eeg.vhdr,2.0,csd_phase_only,R,0.15380051667693934,0.15306683996122042,,
DS005620,1062,sed,gamma,sub-1062_task-sed_acq-rest_run-2_eeg.vhdr,2.0,csd_phase_only,D_eff,23.35884416024958,23.06957778431183,,
DS005620,1062,sed,gamma,sub-1062_task-sed_acq-rest_run-2_eeg.vhdr,2.0,csd_phase_only,M_tau,0.006286494239834468,0.006144096218729437,,
DS005620,1062,sed,gamma,sub-1062_task-sed_acq-rest_run-3_eeg.vhdr,3.0,csd_phase_only,Pi,0.18390804597701146,0.27586206896551724,,
DS005620,1062,sed,gamma,sub-1062_task-sed_acq-rest_run-3_eeg.vhdr,3.0,csd_phase_only,R,0.14564133001899404,0.15142274602448685,,
DS005620,1062,sed,gamma,sub-1062_task-sed_acq-rest_run-3_eeg.vhdr,3.0,csd_phase_only,D_eff,16.841108412240978,16.62586089692291,,
DS005620,1062,sed,gamma,sub-1062_task-sed_acq-rest_run-3_eeg.vhdr,3.0,csd_phase_only,M_tau,0.005184367873497083,0.005506836680877704,,
DS005620,1064,awake,gamma,sub-1064_task-awake_acq-EC_eeg.vhdr,,csd_phase_only,Pi,0.8390804597701149,0.8160919540229884,,
DS005620,1064,awake,gamma,sub-1064_task-awake_acq-EC_eeg.vhdr,,csd_phase_only,R,0.21356463409722123,0.2073873720562635,,
DS005620,1064,awake,gamma,sub-1064_task-awake_acq-EC_eeg.vhdr,,csd_phase_only,D_eff,25.937035575157317,24.719280576904456,,
DS005620,1064,awake,gamma,sub-1064_task-awake_acq-EC_eeg.vhdr,,csd_phase_only,M_tau,0.012268569182655028,0.010664522329666337,,
DS005620,1064,sed2,gamma,sub-1064_task-sed2_acq-rest_run-1_eeg.vhdr,1.0,csd_phase_only,Pi,0.017543859649122806,0.0,,
DS005620,1064,sed2,gamma,sub-1064_task-sed2_acq-rest_run-1_eeg.vhdr,1.0,csd_phase_only,R,0.13940717395287922,0.13746875784719642,,
DS005620,1064,sed2,gamma,sub-1064_task-sed2_acq-rest_run-1_eeg.vhdr,1.0,csd_phase_only,D_eff,16.83559762739428,16.631043549816635,,
DS005620,1064,sed2,gamma,sub-1064_task-sed2_acq-rest_run-1_eeg.vhdr,1.0,csd_phase_only,M_tau,0.005465161337070374,0.0053736531113597625,,
DS005620,1064,sed2,gamma,sub-1064_task-sed2_acq-rest_run-2_eeg.vhdr,2.0,csd_phase_only,Pi,0.33333333333333326,0.3684210526315789,,
DS005620,1064,sed2,gamma,sub-1064_task-sed2_acq-rest_run-2_eeg.vhdr,2.0,csd_phase_only,R,0.22701845663699416,0.2240940564942042,,
DS005620,1064,sed2,gamma,sub-1064_task-sed2_acq-rest_run-2_eeg.vhdr,2.0,csd_phase_only,D_eff,6.958930608572772,7.788243165605455,,
DS005620,1064,sed2,gamma,sub-1064_task-sed2_acq-rest_run-2_eeg.vhdr,2.0,csd_phase_only,M_tau,0.005809716907253357,0.006556025804235321,,
DS005620,1064,sed2,gamma,sub-1064_task-sed2_acq-rest_run-3_eeg.vhdr,3.0,csd_phase_only,Pi,0.6666666666666665,0.6666666666666665,,
DS005620,1064,sed2,gamma,sub-1064_task-sed2_acq-rest_run-3_eeg.vhdr,3.0,csd_phase_only,R,0.2514167447852405,0.25204025646945477,,
DS005620,1064,sed2,gamma,sub-1064_task-sed2_acq-rest_run-3_eeg.vhdr,3.0,csd_phase_only,D_eff,18.315974336049038,18.971170164309694,,
DS005620,1064,sed2,gamma,sub-1064_task-sed2_acq-rest_run-3_eeg.vhdr,3.0,csd_phase_only,M_tau,0.011017667584795115,0.01147021218780582,,
DS005620,1064,sed,gamma,sub-1064_task-sed_acq-rest_run-1_eeg.vhdr,1.0,csd_phase_only,Pi,0.034482758620689655,0.011494252873563218,,
DS005620,1064,sed,gamma,sub-1064_task-sed_acq-rest_run-1_eeg.vhdr,1.0,csd_phase_only,R,0.14546616205680166,0.14447267356137242,,
DS005620,1064,sed,gamma,sub-1064_task-sed_acq-rest_run-1_eeg.vhdr,1.0,csd_phase_only,D_eff,17.78003057523592,18.671616194712527,,
DS005620,1064,sed,gamma,sub-1064_task-sed_acq-rest_run-1_eeg.vhdr,1.0,csd_phase_only,M_tau,0.005814858880394387,0.005760749024425716,,
DS005620,1064,sed,gamma,sub-1064_task-sed_acq-rest_run-2_eeg.vhdr,2.0,csd_phase_only,Pi,0.27586206896551724,0.39080459770114945,,
DS005620,1064,sed,gamma,sub-1064_task-sed_acq-rest_run-2_eeg.vhdr,2.0,csd_phase_only,R,0.18132518794192853,0.18023264388262492,,
DS005620,1064,sed,gamma,sub-1064_task-sed_acq-rest_run-2_eeg.vhdr,2.0,csd_phase_only,D_eff,19.291800886840097,20.606573006178607,,
DS005620,1064,sed,gamma,sub-1064_task-sed_acq-rest_run-2_eeg.vhdr,2.0,csd_phase_only,M_tau,0.007528927998990981,0.008378123482498024,,
DS005620,1064,sed,gamma,sub-1064_task-sed_acq-rest_run-3_eeg.vhdr,3.0,csd_phase_only,Pi,0.5632183908045978,0.44827586206896547,,
DS005620,1064,sed,gamma,sub-1064_task-sed_acq-rest_run-3_eeg.vhdr,3.0,csd_phase_only,R,0.2064014820207359,0.18998217452916497,,
DS005620,1064,sed,gamma,sub-1064_task-sed_acq-rest_run-3_eeg.vhdr,3.0,csd_phase_only,D_eff,19.534623221896894,19.563241924492715,,
DS005620,1064,sed,gamma,sub-1064_task-sed_acq-rest_run-3_eeg.vhdr,3.0,csd_phase_only,M_tau,0.009011764632810951,0.008250970331449572,,
DS005620,1067,awake,gamma,sub-1067_task-awake_acq-EC_eeg.vhdr,,csd_phase_only,Pi,0.7931034482758621,0.8620689655172413,,
DS005620,1067,awake,gamma,sub-1067_task-awake_acq-EC_eeg.vhdr,,csd_phase_only,R,0.244918703111875,0.2517435122918727,,
DS005620,1067,awake,gamma,sub-1067_task-awake_acq-EC_eeg.vhdr,,csd_phase_only,D_eff,16.895093587436907,13.644267284921444,,
DS005620,1067,awake,gamma,sub-1067_task-awake_acq-EC_eeg.vhdr,,csd_phase_only,M_tau,0.012474377940240334,0.012802106742080212,,
DS005620,1067,sed2,gamma,sub-1067_task-sed2_acq-rest_run-1_eeg.vhdr,1.0,csd_phase_only,Pi,0.0,0.0,,
DS005620,1067,sed2,gamma,sub-1067_task-sed2_acq-rest_run-1_eeg.vhdr,1.0,csd_phase_only,R,0.15774203929881442,0.15004387100274977,,
DS005620,1067,sed2,gamma,sub-1067_task-sed2_acq-rest_run-1_eeg.vhdr,1.0,csd_phase_only,D_eff,21.242660369663607,21.746748571262273,,
DS005620,1067,sed2,gamma,sub-1067_task-sed2_acq-rest_run-1_eeg.vhdr,1.0,csd_phase_only,M_tau,0.0061961554677336,0.005704944783464826,,
DS005620,1067,sed2,gamma,sub-1067_task-sed2_acq-rest_run-2_eeg.vhdr,2.0,csd_phase_only,Pi,0.14035087719298245,0.21052631578947367,,
DS005620,1067,sed2,gamma,sub-1067_task-sed2_acq-rest_run-2_eeg.vhdr,2.0,csd_phase_only,R,0.1686910841891035,0.17140209346362784,,
DS005620,1067,sed2,gamma,sub-1067_task-sed2_acq-rest_run-2_eeg.vhdr,2.0,csd_phase_only,D_eff,18.146849345410807,17.327079131578266,,
DS005620,1067,sed2,gamma,sub-1067_task-sed2_acq-rest_run-2_eeg.vhdr,2.0,csd_phase_only,M_tau,0.007556176682578526,0.0070585660804434675,,
DS005620,1067,sed2,gamma,sub-1067_task-sed2_acq-rest_run-3_eeg.vhdr,3.0,csd_phase_only,Pi,0.33333333333333326,0.22807017543859648,,
DS005620,1067,sed2,gamma,sub-1067_task-sed2_acq-rest_run-3_eeg.vhdr,3.0,csd_phase_only,R,0.22184464483834074,0.2042447880479764,,
DS005620,1067,sed2,gamma,sub-1067_task-sed2_acq-rest_run-3_eeg.vhdr,3.0,csd_phase_only,D_eff,17.253676958656747,16.797789074492137,,
DS005620,1067,sed2,gamma,sub-1067_task-sed2_acq-rest_run-3_eeg.vhdr,3.0,csd_phase_only,M_tau,0.008884398420230722,0.007997344659606347,,
DS005620,1067,sed,gamma,sub-1067_task-sed_acq-rest_run-1_eeg.vhdr,1.0,csd_phase_only,Pi,0.011494252873563218,0.034482758620689655,,
DS005620,1067,sed,gamma,sub-1067_task-sed_acq-rest_run-1_eeg.vhdr,1.0,csd_phase_only,R,0.15529923951837102,0.16152530639087515,,
DS005620,1067,sed,gamma,sub-1067_task-sed_acq-rest_run-1_eeg.vhdr,1.0,csd_phase_only,D_eff,20.188948014600808,19.52968941511914,,
DS005620,1067,sed,gamma,sub-1067_task-sed_acq-rest_run-1_eeg.vhdr,1.0,csd_phase_only,M_tau,0.005688150966567851,0.005865184925075855,,
DS005620,1067,sed,gamma,sub-1067_task-sed_acq-rest_run-2_eeg.vhdr,2.0,csd_phase_only,Pi,0.08045977011494251,0.022988505747126436,,
DS005620,1067,sed,gamma,sub-1067_task-sed_acq-rest_run-2_eeg.vhdr,2.0,csd_phase_only,R,0.16330053597040184,0.1607165416094247,,
DS005620,1067,sed,gamma,sub-1067_task-sed_acq-rest_run-2_eeg.vhdr,2.0,csd_phase_only,D_eff,18.70705316077438,19.797711109246794,,
DS005620,1067,sed,gamma,sub-1067_task-sed_acq-rest_run-2_eeg.vhdr,2.0,csd_phase_only,M_tau,0.006846382284659103,0.006401553686391377,,
DS005620,1067,sed,gamma,sub-1067_task-sed_acq-rest_run-3_eeg.vhdr,3.0,csd_phase_only,Pi,0.011494252873563218,0.011494252873563218,,
DS005620,1067,sed,gamma,sub-1067_task-sed_acq-rest_run-3_eeg.vhdr,3.0,csd_phase_only,R,0.1775849577929188,0.16994445850792375,,
DS005620,1067,sed,gamma,sub-1067_task-sed_acq-rest_run-3_eeg.vhdr,3.0,csd_phase_only,D_eff,21.90771037393279,22.3040337203727,,
DS005620,1067,sed,gamma,sub-1067_task-sed_acq-rest_run-3_eeg.vhdr,3.0,csd_phase_only,M_tau,0.007825141855209964,0.007173786055947223,,
DS005620,1068,awake,gamma,sub-1068_task-awake_acq-EC_eeg.vhdr,,csd_phase_only,Pi,0.8390804597701149,0.8160919540229884,,
DS005620,1068,awake,gamma,sub-1068_task-awake_acq-EC_eeg.vhdr,,csd_phase_only,R,0.27327052292909104,0.21658201991117546,,
DS005620,1068,awake,gamma,sub-1068_task-awake_acq-EC_eeg.vhdr,,csd_phase_only,D_eff,20.718063201992592,22.137038063948843,,
DS005620,1068,awake,gamma,sub-1068_task-awake_acq-EC_eeg.vhdr,,csd_phase_only,M_tau,0.01565290495774564,0.010978795597295603,,
DS005620,1068,sed2,gamma,sub-1068_task-sed2_acq-rest_run-1_eeg.vhdr,1.0,csd_phase_only,Pi,0.4385964912280702,0.42105263157894735,,
DS005620,1068,sed2,gamma,sub-1068_task-sed2_acq-rest_run-1_eeg.vhdr,1.0,csd_phase_only,R,0.19024807071503486,0.1935160375248616,,
DS005620,1068,sed2,gamma,sub-1068_task-sed2_acq-rest_run-1_eeg.vhdr,1.0,csd_phase_only,D_eff,19.40357677624478,18.428180902939516,,
DS005620,1068,sed2,gamma,sub-1068_task-sed2_acq-rest_run-1_eeg.vhdr,1.0,csd_phase_only,M_tau,0.008685771893766426,0.008924188067076863,,
DS005620,1068,sed,gamma,sub-1068_task-sed_acq-rest_run-1_eeg.vhdr,1.0,csd_phase_only,Pi,0.48275862068965525,0.4137931034482759,,
DS005620,1068,sed,gamma,sub-1068_task-sed_acq-rest_run-1_eeg.vhdr,1.0,csd_phase_only,R,0.18816243702897475,0.18323236328683695,,
DS005620,1068,sed,gamma,sub-1068_task-sed_acq-rest_run-1_eeg.vhdr,1.0,csd_phase_only,D_eff,20.31954181027774,21.11966836485217,,
DS005620,1068,sed,gamma,sub-1068_task-sed_acq-rest_run-1_eeg.vhdr,1.0,csd_phase_only,M_tau,0.008550542130175047,0.007982505293818986,,
DS005620,1068,sed,gamma,sub-1068_task-sed_acq-rest_run-2_eeg.vhdr,2.0,csd_phase_only,Pi,0.5862068965517241,0.3448275862068966,,
DS005620,1068,sed,gamma,sub-1068_task-sed_acq-rest_run-2_eeg.vhdr,2.0,csd_phase_only,R,0.23587658890797691,0.1967108182319033,,
DS005620,1068,sed,gamma,sub-1068_task-sed_acq-rest_run-2_eeg.vhdr,2.0,csd_phase_only,D_eff,15.278230124638622,13.99571664605234,,
DS005620,1068,sed,gamma,sub-1068_task-sed_acq-rest_run-2_eeg.vhdr,2.0,csd_phase_only,M_tau,0.011170261072014647,0.008566094105082765,,
DS005620,1071,awake,gamma,sub-1071_task-awake_acq-EC_eeg.vhdr,,csd_phase_only,Pi,0.8045977011494252,0.8505747126436782,,
DS005620,1071,awake,gamma,sub-1071_task-awake_acq-EC_eeg.vhdr,,csd_phase_only,R,0.151167619043971,0.14767600304553857,,
DS005620,1071,awake,gamma,sub-1071_task-awake_acq-EC_eeg.vhdr,,csd_phase_only,D_eff,21.899066649243768,21.40615780569311,,
DS005620,1071,awake,gamma,sub-1071_task-awake_acq-EC_eeg.vhdr,,csd_phase_only,M_tau,0.006508854683212974,0.005731343449813344,,
DS005620,1071,sed2,gamma,sub-1071_task-sed2_acq-rest_run-1_eeg.vhdr,1.0,csd_phase_only,Pi,0.42105263157894735,0.3684210526315789,,
DS005620,1071,sed2,gamma,sub-1071_task-sed2_acq-rest_run-1_eeg.vhdr,1.0,csd_phase_only,R,0.13584688417387034,0.13149508620184747,,
DS005620,1071,sed2,gamma,sub-1071_task-sed2_acq-rest_run-1_eeg.vhdr,1.0,csd_phase_only,D_eff,17.075921102786435,17.263769561219775,,
DS005620,1071,sed2,gamma,sub-1071_task-sed2_acq-rest_run-1_eeg.vhdr,1.0,csd_phase_only,M_tau,0.004970261734820347,0.0049747751950804005,,
DS005620,1071,sed2,gamma,sub-1071_task-sed2_acq-rest_run-2_eeg.vhdr,2.0,csd_phase_only,Pi,0.5789473684210525,0.5964912280701755,,
DS005620,1071,sed2,gamma,sub-1071_task-sed2_acq-rest_run-2_eeg.vhdr,2.0,csd_phase_only,R,0.15442277370948213,0.17718153592839525,,
DS005620,1071,sed2,gamma,sub-1071_task-sed2_acq-rest_run-2_eeg.vhdr,2.0,csd_phase_only,D_eff,14.770383292699881,16.344700845384793,,
DS005620,1071,sed2,gamma,sub-1071_task-sed2_acq-rest_run-2_eeg.vhdr,2.0,csd_phase_only,M_tau,0.0066141909221479585,0.007242412723910948,,
DS005620,1071,sed2,gamma,sub-1071_task-sed2_acq-rest_run-3_eeg.vhdr,3.0,csd_phase_only,Pi,0.5925925925925926,0.6140350877192983,,
DS005620,1071,sed2,gamma,sub-1071_task-sed2_acq-rest_run-3_eeg.vhdr,3.0,csd_phase_only,R,0.17170197261939601,0.2075631218358332,,
DS005620,1071,sed2,gamma,sub-1071_task-sed2_acq-rest_run-3_eeg.vhdr,3.0,csd_phase_only,D_eff,10.976231619841764,13.227680391753342,,
DS005620,1071,sed2,gamma,sub-1071_task-sed2_acq-rest_run-3_eeg.vhdr,3.0,csd_phase_only,M_tau,0.006462589368906365,0.006957094983608995,,
DS005620,1071,sed,gamma,sub-1071_task-sed_acq-rest_run-1_eeg.vhdr,1.0,csd_phase_only,Pi,0.5977011494252873,0.6666666666666667,,
DS005620,1071,sed,gamma,sub-1071_task-sed_acq-rest_run-1_eeg.vhdr,1.0,csd_phase_only,R,0.15781459912350843,0.15299244276568635,,
DS005620,1071,sed,gamma,sub-1071_task-sed_acq-rest_run-1_eeg.vhdr,1.0,csd_phase_only,D_eff,18.737158121504265,19.02780982896347,,
DS005620,1071,sed,gamma,sub-1071_task-sed_acq-rest_run-1_eeg.vhdr,1.0,csd_phase_only,M_tau,0.006450293422575187,0.006747033686180376,,
DS005620,1071,sed,gamma,sub-1071_task-sed_acq-rest_run-2_eeg.vhdr,2.0,csd_phase_only,Pi,0.5402298850574712,0.49425287356321834,,
DS005620,1071,sed,gamma,sub-1071_task-sed_acq-rest_run-2_eeg.vhdr,2.0,csd_phase_only,R,0.14256393165023803,0.14319541594057403,,
DS005620,1071,sed,gamma,sub-1071_task-sed_acq-rest_run-2_eeg.vhdr,2.0,csd_phase_only,D_eff,11.56009077625443,12.703103462388832,,
DS005620,1071,sed,gamma,sub-1071_task-sed_acq-rest_run-2_eeg.vhdr,2.0,csd_phase_only,M_tau,0.005386138686957368,0.0054022397517542895,,
DS005620,1071,sed,gamma,sub-1071_task-sed_acq-rest_run-3_eeg.vhdr,3.0,csd_phase_only,Pi,0.6436781609195404,0.5632183908045977,,
DS005620,1071,sed,gamma,sub-1071_task-sed_acq-rest_run-3_eeg.vhdr,3.0,csd_phase_only,R,0.15994421885442736,0.21048305947125368,,
DS005620,1071,sed,gamma,sub-1071_task-sed_acq-rest_run-3_eeg.vhdr,3.0,csd_phase_only,D_eff,10.919989095419565,12.130698593835437,,
DS005620,1071,sed,gamma,sub-1071_task-sed_acq-rest_run-3_eeg.vhdr,3.0,csd_phase_only,M_tau,0.006393656679672131,0.006968419875236089,,
DS005620,1074,awake,gamma,sub-1074_task-awake_acq-EC_eeg.vhdr,,csd_phase_only,Pi,0.7586206896551724,0.8965517241379312,,
DS005620,1074,awake,gamma,sub-1074_task-awake_acq-EC_eeg.vhdr,,csd_phase_only,R,0.1628948161832744,0.18700597734529772,,
DS005620,1074,awake,gamma,sub-1074_task-awake_acq-EC_eeg.vhdr,,csd_phase_only,D_eff,19.71378960184787,25.166366431243404,,
DS005620,1074,awake,gamma,sub-1074_task-awake_acq-EC_eeg.vhdr,,csd_phase_only,M_tau,0.0060832487659190585,0.008074693954099123,,
DS005620,1074,sed2,gamma,sub-1074_task-sed2_acq-rest_run-1_eeg.vhdr,1.0,csd_phase_only,Pi,0.8421052631578947,0.8771929824561404,,
DS005620,1074,sed2,gamma,sub-1074_task-sed2_acq-rest_run-1_eeg.vhdr,1.0,csd_phase_only,R,0.15640944871496973,0.15612368064410492,,
DS005620,1074,sed2,gamma,sub-1074_task-sed2_acq-rest_run-1_eeg.vhdr,1.0,csd_phase_only,D_eff,25.94756782758592,25.607411439774115,,
DS005620,1074,sed2,gamma,sub-1074_task-sed2_acq-rest_run-1_eeg.vhdr,1.0,csd_phase_only,M_tau,0.006610301277722928,0.006173139152692474,,
DS005620,1074,sed2,gamma,sub-1074_task-sed2_acq-rest_run-2_eeg.vhdr,2.0,csd_phase_only,Pi,0.8070175438596491,0.7543859649122807,,
DS005620,1074,sed2,gamma,sub-1074_task-sed2_acq-rest_run-2_eeg.vhdr,2.0,csd_phase_only,R,0.15238017587920588,0.14621620945764177,,
DS005620,1074,sed2,gamma,sub-1074_task-sed2_acq-rest_run-2_eeg.vhdr,2.0,csd_phase_only,D_eff,23.569686147560468,24.312883718474186,,
DS005620,1074,sed2,gamma,sub-1074_task-sed2_acq-rest_run-2_eeg.vhdr,2.0,csd_phase_only,M_tau,0.0061821504812118585,0.006267895985920243,,
DS005620,1074,sed2,gamma,sub-1074_task-sed2_acq-rest_run-3_eeg.vhdr,3.0,csd_phase_only,Pi,0.7368421052631579,0.8070175438596492,,
DS005620,1074,sed2,gamma,sub-1074_task-sed2_acq-rest_run-3_eeg.vhdr,3.0,csd_phase_only,R,0.158898683496929,0.15848701125114487,,
DS005620,1074,sed2,gamma,sub-1074_task-sed2_acq-rest_run-3_eeg.vhdr,3.0,csd_phase_only,D_eff,21.990714947204754,22.97245095978217,,
DS005620,1074,sed2,gamma,sub-1074_task-sed2_acq-rest_run-3_eeg.vhdr,3.0,csd_phase_only,M_tau,0.0061237829590460105,0.006437382197705889,,
DS005620,1074,sed,gamma,sub-1074_task-sed_acq-rest_run-1_eeg.vhdr,1.0,csd_phase_only,Pi,0.6666666666666667,0.793103448275862,,
DS005620,1074,sed,gamma,sub-1074_task-sed_acq-rest_run-1_eeg.vhdr,1.0,csd_phase_only,R,0.15628811132696635,0.15399966568070572,,
DS005620,1074,sed,gamma,sub-1074_task-sed_acq-rest_run-1_eeg.vhdr,1.0,csd_phase_only,D_eff,26.58312774411514,25.720281343318273,,
DS005620,1074,sed,gamma,sub-1074_task-sed_acq-rest_run-1_eeg.vhdr,1.0,csd_phase_only,M_tau,0.006432607739786915,0.006779705257320832,,
DS005620,1074,sed,gamma,sub-1074_task-sed_acq-rest_run-2_eeg.vhdr,2.0,csd_phase_only,Pi,0.7931034482758621,0.7471264367816091,,
DS005620,1074,sed,gamma,sub-1074_task-sed_acq-rest_run-2_eeg.vhdr,2.0,csd_phase_only,R,0.14920255196790483,0.14948969418944452,,
DS005620,1074,sed,gamma,sub-1074_task-sed_acq-rest_run-2_eeg.vhdr,2.0,csd_phase_only,D_eff,23.064038550319598,21.00287644219668,,
DS005620,1074,sed,gamma,sub-1074_task-sed_acq-rest_run-2_eeg.vhdr,2.0,csd_phase_only,M_tau,0.005698611507086989,0.005836378268806776,,
DS005620,1074,sed,gamma,sub-1074_task-sed_acq-rest_run-3_eeg.vhdr,3.0,csd_phase_only,Pi,0.7356321839080461,0.7241379310344828,,
DS005620,1074,sed,gamma,sub-1074_task-sed_acq-rest_run-3_eeg.vhdr,3.0,csd_phase_only,R,0.1643816784806473,0.16741296972275793,,
DS005620,1074,sed,gamma,sub-1074_task-sed_acq-rest_run-3_eeg.vhdr,3.0,csd_phase_only,D_eff,22.174139061573108,22.971378784391845,,
DS005620,1074,sed,gamma,sub-1074_task-sed_acq-rest_run-3_eeg.vhdr,3.0,csd_phase_only,M_tau,0.006942173612937699,0.007208130060267175,,
FarnesKetamine,210,awake,alpha,210_20161207_0002eyesOpen_afterICA.set,,ketamine_phase_only,Pi,0.9059829059829059,0.7350427350427352,open,2.0
FarnesKetamine,210,awake,alpha,210_20161207_0002eyesOpen_afterICA.set,,ketamine_phase_only,R,0.09036906450704506,0.08907761859426912,open,2.0
FarnesKetamine,210,awake,alpha,210_20161207_0002eyesOpen_afterICA.set,,ketamine_phase_only,D_eff,7.227345524930079,7.938837490159913,open,2.0
FarnesKetamine,210,awake,alpha,210_20161207_0002eyesOpen_afterICA.set,,ketamine_phase_only,M_tau,0.002020445231425697,0.0023492997563597366,open,2.0
FarnesKetamine,210,awake,alpha,210_20161207_0003eyesClosed_afterICA.set,,ketamine_phase_only,Pi,0.8518518518518519,0.8468468468468469,closed,3.0
FarnesKetamine,210,awake,alpha,210_20161207_0003eyesClosed_afterICA.set,,ketamine_phase_only,R,0.15338532458580556,0.15045674011394553,closed,3.0
FarnesKetamine,210,awake,alpha,210_20161207_0003eyesClosed_afterICA.set,,ketamine_phase_only,D_eff,4.838187983961337,4.35686206123698,closed,3.0
FarnesKetamine,210,awake,alpha,210_20161207_0003eyesClosed_afterICA.set,,ketamine_phase_only,M_tau,0.0032910678888895834,0.002966734680403403,closed,3.0
FarnesKetamine,210,ketamine,alpha,210_20161207_0007eyesCloed_afterICA.set,,ketamine_phase_only,Pi,0.8452380952380952,0.8620689655172413,closed,7.0
FarnesKetamine,210,ketamine,alpha,210_20161207_0007eyesCloed_afterICA.set,,ketamine_phase_only,R,0.16543897253999143,0.13888081038155656,closed,7.0
FarnesKetamine,210,ketamine,alpha,210_20161207_0007eyesCloed_afterICA.set,,ketamine_phase_only,D_eff,6.301326553855515,6.893438699086672,closed,7.0
FarnesKetamine,210,ketamine,alpha,210_20161207_0007eyesCloed_afterICA.set,,ketamine_phase_only,M_tau,0.0034061094033729323,0.0036596446851663517,closed,7.0
FarnesKetamine,219,awake,alpha,219_20161117_0002_eyespen_afterICA.set,,ketamine_phase_only,Pi,0.8611111111111112,0.927927927927928,open,2.0
FarnesKetamine,219,awake,alpha,219_20161117_0002_eyespen_afterICA.set,,ketamine_phase_only,R,0.08926553010115139,0.09370983024580595,open,2.0
FarnesKetamine,219,awake,alpha,219_20161117_0002_eyespen_afterICA.set,,ketamine_phase_only,D_eff,8.012062475416753,7.8124708871907185,open,2.0
FarnesKetamine,219,awake,alpha,219_20161117_0002_eyespen_afterICA.set,,ketamine_phase_only,M_tau,0.001945253099274658,0.0022336356778770183,open,2.0
FarnesKetamine,219,awake,alpha,219_20161117_0003_eyesClosed_afterICA.set,,ketamine_phase_only,Pi,0.7407407407407408,0.7837837837837839,closed,3.0
FarnesKetamine,219,awake,alpha,219_20161117_0003_eyesClosed_afterICA.set,,ketamine_phase_only,R,0.12135731101705595,0.09021655102262005,closed,3.0
FarnesKetamine,219,awake,alpha,219_20161117_0003_eyesClosed_afterICA.set,,ketamine_phase_only,D_eff,6.9805875076817365,8.628943171084813,closed,3.0
FarnesKetamine,219,awake,alpha,219_20161117_0003_eyesClosed_afterICA.set,,ketamine_phase_only,M_tau,0.00335874536129213,0.0021578049944540947,closed,3.0
FarnesKetamine,219,ketamine,alpha,219_20161117_0006_eyesopen_afterICA.set,,ketamine_phase_only,Pi,0.5925925925925926,0.5675675675675675,open,6.0
FarnesKetamine,219,ketamine,alpha,219_20161117_0006_eyesopen_afterICA.set,,ketamine_phase_only,R,0.08853541386222694,0.09282907188828632,open,6.0
FarnesKetamine,219,ketamine,alpha,219_20161117_0006_eyesopen_afterICA.set,,ketamine_phase_only,D_eff,10.186921694108637,10.341102137355602,open,6.0
FarnesKetamine,219,ketamine,alpha,219_20161117_0006_eyesopen_afterICA.set,,ketamine_phase_only,M_tau,0.0022957121012381946,0.0027586137532044355,open,6.0
FarnesKetamine,219,ketamine,alpha,219_20161117_0007_closedEyes_afterICA.set,,ketamine_phase_only,Pi,0.8730158730158729,0.8492063492063492,closed,7.0
FarnesKetamine,219,ketamine,alpha,219_20161117_0007_closedEyes_afterICA.set,,ketamine_phase_only,R,0.09674321582270709,0.10096856891027002,closed,7.0
FarnesKetamine,219,ketamine,alpha,219_20161117_0007_closedEyes_afterICA.set,,ketamine_phase_only,D_eff,8.072677098593461,8.119259522761837,closed,7.0
FarnesKetamine,219,ketamine,alpha,219_20161117_0007_closedEyes_afterICA.set,,ketamine_phase_only,M_tau,0.0023794100797742256,0.002914267050242209,closed,7.0
FarnesKetamine,249,awake,alpha,249_20161208_0002eyesOpen_afterICA.set,,ketamine_phase_only,Pi,0.8205128205128205,0.8034188034188033,open,2.0
FarnesKetamine,249,awake,alpha,249_20161208_0002eyesOpen_afterICA.set,,ketamine_phase_only,R,0.09154771193528315,0.10046237506670748,open,2.0
FarnesKetamine,249,awake,alpha,249_20161208_0002eyesOpen_afterICA.set,,ketamine_phase_only,D_eff,8.7972309705573,8.233380123994708,open,2.0
FarnesKetamine,249,awake,alpha,249_20161208_0002eyesOpen_afterICA.set,,ketamine_phase_only,M_tau,0.002208750848924831,0.0028511711458665203,open,2.0
FarnesKetamine,249,awake,alpha,249_20161208_0003EyesClosed_afterICA.set,,ketamine_phase_only,Pi,0.8888888888888891,0.8034188034188035,closed,3.0
FarnesKetamine,249,awake,alpha,249_20161208_0003EyesClosed_afterICA.set,,ketamine_phase_only,R,0.133105141062096,0.1572878232127368,closed,3.0
FarnesKetamine,249,awake,alpha,249_20161208_0003EyesClosed_afterICA.set,,ketamine_phase_only,D_eff,6.253791849581726,5.780202224678608,closed,3.0
FarnesKetamine,249,awake,alpha,249_20161208_0003EyesClosed_afterICA.set,,ketamine_phase_only,M_tau,0.00303033928573729,0.002868598981848205,closed,3.0
FarnesKetamine,249,ketamine,alpha,249_20161208_0006eyesOpen_afterICA.set,,ketamine_phase_only,Pi,0.6363636363636364,0.6740740740740742,open,6.0
FarnesKetamine,249,ketamine,alpha,249_20161208_0006eyesOpen_afterICA.set,,ketamine_phase_only,R,0.10349054055268062,0.09934744272976125,open,6.0
FarnesKetamine,249,ketamine,alpha,249_20161208_0006eyesOpen_afterICA.set,,ketamine_phase_only,D_eff,10.459280162682635,9.875794695704354,open,6.0
FarnesKetamine,249,ketamine,alpha,249_20161208_0006eyesOpen_afterICA.set,,ketamine_phase_only,M_tau,0.0027149738051281225,0.002285422788869564,open,6.0
FarnesKetamine,249,ketamine,alpha,249_20161208_0007eyesClosed_afterICA.set,,ketamine_phase_only,Pi,0.7272727272727273,0.7555555555555558,closed,7.0
FarnesKetamine,249,ketamine,alpha,249_20161208_0007eyesClosed_afterICA.set,,ketamine_phase_only,R,0.1538852670888253,0.13065559499445206,closed,7.0
FarnesKetamine,249,ketamine,alpha,249_20161208_0007eyesClosed_afterICA.set,,ketamine_phase_only,D_eff,7.117622832801287,7.548406620907686,closed,7.0
FarnesKetamine,249,ketamine,alpha,249_20161208_0007eyesClosed_afterICA.set,,ketamine_phase_only,M_tau,0.0046200758369167845,0.003638133929966367,closed,7.0
FarnesKetamine,251,awake,alpha,251_20170124_0002eyesOpen_afterICA.set,,ketamine_phase_only,Pi,0.8602150537634409,0.7311827956989249,open,2.0
FarnesKetamine,251,awake,alpha,251_20170124_0002eyesOpen_afterICA.set,,ketamine_phase_only,R,0.09480579328196065,0.09515593074278679,open,2.0
FarnesKetamine,251,awake,alpha,251_20170124_0002eyesOpen_afterICA.set,,ketamine_phase_only,D_eff,4.666296193330158,4.354476811791519,open,2.0
FarnesKetamine,251,awake,alpha,251_20170124_0002eyesOpen_afterICA.set,,ketamine_phase_only,M_tau,0.0022787703002438973,0.0027551292712393555,open,2.0
FarnesKetamine,251,awake,alpha,251_20170124_0003eyesClosed_afterICA.set,,ketamine_phase_only,Pi,0.8333333333333334,0.8738738738738737,closed,3.0
FarnesKetamine,251,awake,alpha,251_20170124_0003eyesClosed_afterICA.set,,ketamine_phase_only,R,0.1658947274576701,0.14735174889422628,closed,3.0
FarnesKetamine,251,awake,alpha,251_20170124_0003eyesClosed_afterICA.set,,ketamine_phase_only,D_eff,4.893655360858162,5.232585239072015,closed,3.0
FarnesKetamine,251,awake,alpha,251_20170124_0003eyesClosed_afterICA.set,,ketamine_phase_only,M_tau,0.004027296180155208,0.003887623714674178,closed,3.0
FarnesKetamine,251,ketamine,alpha,251_20170124_0006eyesOpen_afterICA.set,,ketamine_phase_only,Pi,0.6774193548387096,0.2365591397849462,open,6.0
FarnesKetamine,251,ketamine,alpha,251_20170124_0006eyesOpen_afterICA.set,,ketamine_phase_only,R,0.08865837549965361,0.07326954158009331,open,6.0
FarnesKetamine,251,ketamine,alpha,251_20170124_0006eyesOpen_afterICA.set,,ketamine_phase_only,D_eff,4.845833134201898,3.44623957331139,open,6.0
FarnesKetamine,251,ketamine,alpha,251_20170124_0006eyesOpen_afterICA.set,,ketamine_phase_only,M_tau,0.002178939270666694,0.0012219267735722901,open,6.0
FarnesKetamine,251,ketamine,alpha,251_20170124_0007eyesClosed_afterICA.set,,ketamine_phase_only,Pi,0.7745098039215685,0.7058823529411765,closed,7.0
FarnesKetamine,251,ketamine,alpha,251_20170124_0007eyesClosed_afterICA.set,,ketamine_phase_only,R,0.15894227001244343,0.1619100940778695,closed,7.0
FarnesKetamine,251,ketamine,alpha,251_20170124_0007eyesClosed_afterICA.set,,ketamine_phase_only,D_eff,5.844896977691376,6.029216152377935,closed,7.0
FarnesKetamine,251,ketamine,alpha,251_20170124_0007eyesClosed_afterICA.set,,ketamine_phase_only,M_tau,0.004431853991394444,0.004598350069763426,closed,7.0
FarnesKetamine,265,awake,alpha,265_20170112_0002eyesOpen_afterICA.set,,ketamine_phase_only,Pi,0.8888888888888888,0.7387387387387387,open,2.0
FarnesKetamine,265,awake,alpha,265_20170112_0002eyesOpen_afterICA.set,,ketamine_phase_only,R,0.09370256812576315,0.08888749464994691,open,2.0
FarnesKetamine,265,awake,alpha,265_20170112_0002eyesOpen_afterICA.set,,ketamine_phase_only,D_eff,8.552910976256737,8.861400193673582,open,2.0
FarnesKetamine,265,awake,alpha,265_20170112_0002eyesOpen_afterICA.set,,ketamine_phase_only,M_tau,0.002405926449826061,0.0021282922492436105,open,2.0
FarnesKetamine,265,awake,alpha,265_20170112_0004_eyes_closed_afterICA.set,,ketamine_phase_only,Pi,0.892156862745098,0.8235294117647058,closed,4.0
FarnesKetamine,265,awake,alpha,265_20170112_0004_eyes_closed_afterICA.set,,ketamine_phase_only,R,0.18363853117740403,0.1776331532124121,closed,4.0
FarnesKetamine,265,awake,alpha,265_20170112_0004_eyes_closed_afterICA.set,,ketamine_phase_only,D_eff,4.899970439926046,5.098230072293137,closed,4.0
FarnesKetamine,265,awake,alpha,265_20170112_0004_eyes_closed_afterICA.set,,ketamine_phase_only,M_tau,0.0027748769780997257,0.0031251479249644006,closed,4.0
FarnesKetamine,265,ketamine,alpha,265_20170112_0006eyesOpen_afterICA.set,,ketamine_phase_only,Pi,0.7685185185185184,0.7207207207207208,open,6.0
FarnesKetamine,265,ketamine,alpha,265_20170112_0006eyesOpen_afterICA.set,,ketamine_phase_only,R,0.09371302536496007,0.08806298734384872,open,6.0
FarnesKetamine,265,ketamine,alpha,265_20170112_0006eyesOpen_afterICA.set,,ketamine_phase_only,D_eff,9.572333836746,9.963313660573881,open,6.0
FarnesKetamine,265,ketamine,alpha,265_20170112_0006eyesOpen_afterICA.set,,ketamine_phase_only,M_tau,0.0023196890728395276,0.0022449057800171023,open,6.0
FarnesKetamine,265,ketamine,alpha,265_20170112_0007eyesClosed_afterICA.set,,ketamine_phase_only,Pi,0.7857142857142857,0.8275862068965517,closed,7.0
FarnesKetamine,265,ketamine,alpha,265_20170112_0007eyesClosed_afterICA.set,,ketamine_phase_only,R,0.18467624710363886,0.16356629127619055,closed,7.0
FarnesKetamine,265,ketamine,alpha,265_20170112_0007eyesClosed_afterICA.set,,ketamine_phase_only,D_eff,5.73218691610464,5.869314135056634,closed,7.0
FarnesKetamine,265,ketamine,alpha,265_20170112_0007eyesClosed_afterICA.set,,ketamine_phase_only,M_tau,0.003081197260452711,0.003315073531487693,closed,7.0
FarnesKetamine,271,awake,alpha,271_20170221_0002EyesOpen_afterICA.set,,ketamine_phase_only,Pi,0.8257575757575758,0.8518518518518519,open,2.0
FarnesKetamine,271,awake,alpha,271_20170221_0002EyesOpen_afterICA.set,,ketamine_phase_only,R,0.11410424090581656,0.12275529206331236,open,2.0
FarnesKetamine,271,awake,alpha,271_20170221_0002EyesOpen_afterICA.set,,ketamine_phase_only,D_eff,8.145474566702669,7.899605364523564,open,2.0
FarnesKetamine,271,awake,alpha,271_20170221_0002EyesOpen_afterICA.set,,ketamine_phase_only,M_tau,0.0034023920344602864,0.003626802686314404,open,2.0
FarnesKetamine,271,awake,alpha,271_20170221_0003eyesclosed_afterICA.set,,ketamine_phase_only,Pi,0.7777777777777779,0.8378378378378379,closed,3.0
FarnesKetamine,271,awake,alpha,271_20170221_0003eyesclosed_afterICA.set,,ketamine_phase_only,R,0.10733250199748545,0.10843841501691491,closed,3.0
FarnesKetamine,271,awake,alpha,271_20170221_0003eyesclosed_afterICA.set,,ketamine_phase_only,D_eff,9.522533770265742,8.998178921193794,closed,3.0
FarnesKetamine,271,awake,alpha,271_20170221_0003eyesclosed_afterICA.set,,ketamine_phase_only,M_tau,0.002744292483399181,0.003059459127058927,closed,3.0
FarnesKetamine,271,ketamine,alpha,271_20170221_0006EyesOpen_afterICA.set,,ketamine_phase_only,Pi,0.7037037037037037,0.8018018018018017,open,6.0
FarnesKetamine,271,ketamine,alpha,271_20170221_0006EyesOpen_afterICA.set,,ketamine_phase_only,R,0.10625883931305827,0.10710477489795292,open,6.0
FarnesKetamine,271,ketamine,alpha,271_20170221_0006EyesOpen_afterICA.set,,ketamine_phase_only,D_eff,9.496122263881851,9.509553293271756,open,6.0
FarnesKetamine,271,ketamine,alpha,271_20170221_0006EyesOpen_afterICA.set,,ketamine_phase_only,M_tau,0.002575947179764011,0.0026890326807688593,open,6.0
FarnesKetamine,271,ketamine,alpha,271_20170221_0007EyesClosed_afterICA.set,,ketamine_phase_only,Pi,0.5648148148148149,0.5945945945945946,closed,7.0
FarnesKetamine,271,ketamine,alpha,271_20170221_0007EyesClosed_afterICA.set,,ketamine_phase_only,R,0.23685955981353107,0.23137215838508976,closed,7.0
FarnesKetamine,271,ketamine,alpha,271_20170221_0007EyesClosed_afterICA.set,,ketamine_phase_only,D_eff,4.925864430731577,4.311186985435197,closed,7.0
FarnesKetamine,271,ketamine,alpha,271_20170221_0007EyesClosed_afterICA.set,,ketamine_phase_only,M_tau,0.0042676525935548505,0.0031460393969073596,closed,7.0
FarnesKetamine,282,awake,alpha,282_20161122_0002_eyesOpen_afterICA.set,,ketamine_phase_only,Pi,0.7407407407407408,0.8468468468468469,open,2.0
FarnesKetamine,282,awake,alpha,282_20161122_0002_eyesOpen_afterICA.set,,ketamine_phase_only,R,0.08283498693478403,0.08467769206335234,open,2.0
FarnesKetamine,282,awake,alpha,282_20161122_0002_eyesOpen_afterICA.set,,ketamine_phase_only,D_eff,9.871618983421055,9.027036056538144,open,2.0
FarnesKetamine,282,awake,alpha,282_20161122_0002_eyesOpen_afterICA.set,,ketamine_phase_only,M_tau,0.0020737719935246947,0.0020210293835680225,open,2.0
FarnesKetamine,282,awake,alpha,282_20161122_0003_eyesClosed_afterICA.set,,ketamine_phase_only,Pi,0.9351851851851851,0.7927927927927929,closed,3.0
FarnesKetamine,282,awake,alpha,282_20161122_0003_eyesClosed_afterICA.set,,ketamine_phase_only,R,0.18512337946386614,0.1950359639759247,closed,3.0
FarnesKetamine,282,awake,alpha,282_20161122_0003_eyesClosed_afterICA.set,,ketamine_phase_only,D_eff,4.276187693429872,4.019414916632373,closed,3.0
FarnesKetamine,282,awake,alpha,282_20161122_0003_eyesClosed_afterICA.set,,ketamine_phase_only,M_tau,0.0034700710542739915,0.004001470668290449,closed,3.0
FarnesKetamine,282,ketamine,alpha,282_20161122_0006_eyesOpen_afterICA.set,,ketamine_phase_only,Pi,0.8333333333333334,0.8468468468468469,open,6.0
FarnesKetamine,282,ketamine,alpha,282_20161122_0006_eyesOpen_afterICA.set,,ketamine_phase_only,R,0.0979191433757039,0.0952402365993032,open,6.0
FarnesKetamine,282,ketamine,alpha,282_20161122_0006_eyesOpen_afterICA.set,,ketamine_phase_only,D_eff,9.914637567731095,9.091431133066472,open,6.0
FarnesKetamine,282,ketamine,alpha,282_20161122_0006_eyesOpen_afterICA.set,,ketamine_phase_only,M_tau,0.002274887611766811,0.0026872868275895434,open,6.0
FarnesKetamine,282,ketamine,alpha,282_20161122_0007_eyesClosed_afterICA.set,,ketamine_phase_only,Pi,0.8571428571428571,0.8620689655172413,closed,7.0
FarnesKetamine,282,ketamine,alpha,282_20161122_0007_eyesClosed_afterICA.set,,ketamine_phase_only,R,0.100723070216962,0.1635429302141123,closed,7.0
FarnesKetamine,282,ketamine,alpha,282_20161122_0007_eyesClosed_afterICA.set,,ketamine_phase_only,D_eff,7.847199796115637,6.430679076185379,closed,7.0
FarnesKetamine,282,ketamine,alpha,282_20161122_0007_eyesClosed_afterICA.set,,ketamine_phase_only,M_tau,0.002959691130804544,0.004218180045225128,closed,7.0
FarnesKetamine,300,awake,alpha,300_20161214_0002eyesOpen_afterICA.set,,ketamine_phase_only,Pi,0.7685185185185185,0.8378378378378378,open,2.0
FarnesKetamine,300,awake,alpha,300_20161214_0002eyesOpen_afterICA.set,,ketamine_phase_only,R,0.10020360751303516,0.10096768874272571,open,2.0
FarnesKetamine,300,awake,alpha,300_20161214_0002eyesOpen_afterICA.set,,ketamine_phase_only,D_eff,9.805965303419146,9.931943084605852,open,2.0
FarnesKetamine,300,awake,alpha,300_20161214_0002eyesOpen_afterICA.set,,ketamine_phase_only,M_tau,0.002564901539767747,0.0026251896730512354,open,2.0
FarnesKetamine,300,awake,alpha,300_20161214_0003eyesClosed_afterICA.set,,ketamine_phase_only,Pi,0.8425925925925926,0.8648648648648649,closed,3.0
FarnesKetamine,300,awake,alpha,300_20161214_0003eyesClosed_afterICA.set,,ketamine_phase_only,R,0.16881978399265657,0.14978607016034454,closed,3.0
FarnesKetamine,300,awake,alpha,300_20161214_0003eyesClosed_afterICA.set,,ketamine_phase_only,D_eff,7.768839947211674,8.393126444765954,closed,3.0
FarnesKetamine,300,awake,alpha,300_20161214_0003eyesClosed_afterICA.set,,ketamine_phase_only,M_tau,0.005533413025942208,0.005406901800947934,closed,3.0
FarnesKetamine,300,ketamine,alpha,300_20161214_0006eyesOpen_afterICA.set,,ketamine_phase_only,Pi,0.8796296296296297,0.8738738738738739,open,6.0
FarnesKetamine,300,ketamine,alpha,300_20161214_0006eyesOpen_afterICA.set,,ketamine_phase_only,R,0.10145709244732556,0.10416428483300426,open,6.0
FarnesKetamine,300,ketamine,alpha,300_20161214_0006eyesOpen_afterICA.set,,ketamine_phase_only,D_eff,9.8426450855101,9.901827754459486,open,6.0
FarnesKetamine,300,ketamine,alpha,300_20161214_0006eyesOpen_afterICA.set,,ketamine_phase_only,M_tau,0.002668832231324139,0.002792028057307633,open,6.0
FarnesKetamine,300,ketamine,alpha,300_20161214_0007eyesClosed_afterICA.set,,ketamine_phase_only,Pi,0.7962962962962963,0.7837837837837838,closed,7.0
FarnesKetamine,300,ketamine,alpha,300_20161214_0007eyesClosed_afterICA.set,,ketamine_phase_only,R,0.10226827414427206,0.10531456046670383,closed,7.0
FarnesKetamine,300,ketamine,alpha,300_20161214_0007eyesClosed_afterICA.set,,ketamine_phase_only,D_eff,9.644184258702161,9.8220859253234,closed,7.0
FarnesKetamine,300,ketamine,alpha,300_20161214_0007eyesClosed_afterICA.set,,ketamine_phase_only,M_tau,0.002684837183876472,0.00304470388115957,closed,7.0
FarnesKetamine,313,awake,alpha,313_20170116_0002eyesOpen_afterICA.set,,ketamine_phase_only,Pi,0.8333333333333334,0.7927927927927929,open,2.0
FarnesKetamine,313,awake,alpha,313_20170116_0002eyesOpen_afterICA.set,,ketamine_phase_only,R,0.12894164482903664,0.12500346347213503,open,2.0
FarnesKetamine,313,awake,alpha,313_20170116_0002eyesOpen_afterICA.set,,ketamine_phase_only,D_eff,6.482539041133213,6.2366334932100855,open,2.0
FarnesKetamine,313,awake,alpha,313_20170116_0002eyesOpen_afterICA.set,,ketamine_phase_only,M_tau,0.0031312952789094,0.0033610106974890103,open,2.0
FarnesKetamine,313,awake,alpha,313_20170116_0003EyesClosed_afterICA.set,,ketamine_phase_only,Pi,0.8376068376068375,0.8717948717948718,closed,3.0
FarnesKetamine,313,awake,alpha,313_20170116_0003EyesClosed_afterICA.set,,ketamine_phase_only,R,0.162366710419754,0.16119775721733712,closed,3.0
FarnesKetamine,313,awake,alpha,313_20170116_0003EyesClosed_afterICA.set,,ketamine_phase_only,D_eff,5.618614405546536,6.052659996475843,closed,3.0
FarnesKetamine,313,awake,alpha,313_20170116_0003EyesClosed_afterICA.set,,ketamine_phase_only,M_tau,0.0031539857244087285,0.0037420521903980407,closed,3.0
FarnesKetamine,313,ketamine,alpha,313_20170116_0006eyesOpen_afterICA.set,,ketamine_phase_only,Pi,0.7592592592592592,0.7477477477477478,open,6.0
FarnesKetamine,313,ketamine,alpha,313_20170116_0006eyesOpen_afterICA.set,,ketamine_phase_only,R,0.11681239388545693,0.12015257066128932,open,6.0
FarnesKetamine,313,ketamine,alpha,313_20170116_0006eyesOpen_afterICA.set,,ketamine_phase_only,D_eff,7.223438791981632,7.099053720012957,open,6.0
FarnesKetamine,313,ketamine,alpha,313_20170116_0006eyesOpen_afterICA.set,,ketamine_phase_only,M_tau,0.0028163618068601393,0.0028855468509388165,open,6.0
FarnesKetamine,313,ketamine,alpha,313_20170116_0007eyesClosed_afterICA.set,,ketamine_phase_only,Pi,0.9351851851851853,0.9099099099099098,closed,7.0
FarnesKetamine,313,ketamine,alpha,313_20170116_0007eyesClosed_afterICA.set,,ketamine_phase_only,R,0.2020795116466035,0.19501741325826263,closed,7.0
FarnesKetamine,313,ketamine,alpha,313_20170116_0007eyesClosed_afterICA.set,,ketamine_phase_only,D_eff,5.926952231545733,6.037734776060941,closed,7.0
FarnesKetamine,313,ketamine,alpha,313_20170116_0007eyesClosed_afterICA.set,,ketamine_phase_only,M_tau,0.004176124049865722,0.003994273414869251,closed,7.0
FarnesKetamine,318,awake,alpha,318_20170206_0002EyesOpen_afterICA.set,,ketamine_phase_only,Pi,0.8529411764705882,0.8137254901960784,open,2.0
FarnesKetamine,318,awake,alpha,318_20170206_0002EyesOpen_afterICA.set,,ketamine_phase_only,R,0.09332473264987054,0.09784527089654489,open,2.0
FarnesKetamine,318,awake,alpha,318_20170206_0002EyesOpen_afterICA.set,,ketamine_phase_only,D_eff,8.982872760261898,9.31922723241433,open,2.0
FarnesKetamine,318,awake,alpha,318_20170206_0002EyesOpen_afterICA.set,,ketamine_phase_only,M_tau,0.0024124726328225883,0.0027971483460307233,open,2.0
FarnesKetamine,318,awake,alpha,318_20170206_0003EyesClosed_afterICA.set,,ketamine_phase_only,Pi,0.8240740740740741,0.8468468468468469,closed,3.0
FarnesKetamine,318,awake,alpha,318_20170206_0003EyesClosed_afterICA.set,,ketamine_phase_only,R,0.1347885962058175,0.1053958410380665,closed,3.0
FarnesKetamine,318,awake,alpha,318_20170206_0003EyesClosed_afterICA.set,,ketamine_phase_only,D_eff,7.962281178678536,8.7490201241101,closed,3.0
FarnesKetamine,318,awake,alpha,318_20170206_0003EyesClosed_afterICA.set,,ketamine_phase_only,M_tau,0.00422810798223726,0.002766229233887946,closed,3.0
FarnesKetamine,318,ketamine,alpha,318_20170206_0007EyesOpen_afterICA.set,,ketamine_phase_only,Pi,0.6666666666666665,0.7027027027027026,open,7.0
FarnesKetamine,318,ketamine,alpha,318_20170206_0007EyesOpen_afterICA.set,,ketamine_phase_only,R,0.08920550551424364,0.08851265816959489,open,7.0
FarnesKetamine,318,ketamine,alpha,318_20170206_0007EyesOpen_afterICA.set,,ketamine_phase_only,D_eff,9.427115641121691,9.351307822596908,open,7.0
FarnesKetamine,318,ketamine,alpha,318_20170206_0007EyesOpen_afterICA.set,,ketamine_phase_only,M_tau,0.002168791099289689,0.002162091638519419,open,7.0
FarnesKetamine,318,ketamine,alpha,318_20170206_0008EyesClosed_afterICA.set,,ketamine_phase_only,Pi,0.7500000000000001,0.8468468468468469,closed,8.0
FarnesKetamine,318,ketamine,alpha,318_20170206_0008EyesClosed_afterICA.set,,ketamine_phase_only,R,0.10337186456018926,0.1029141555806658,closed,8.0
FarnesKetamine,318,ketamine,alpha,318_20170206_0008EyesClosed_afterICA.set,,ketamine_phase_only,D_eff,9.251866440173206,9.287683322864849,closed,8.0
FarnesKetamine,318,ketamine,alpha,318_20170206_0008EyesClosed_afterICA.set,,ketamine_phase_only,M_tau,0.003094335920721486,0.003055895020894914,closed,8.0
FarnesKetamine,210,awake,gamma,210_20161207_0002eyesOpen_afterICA.set,,ketamine_phase_only,Pi,0.8205128205128205,0.8376068376068375,open,2.0
FarnesKetamine,210,awake,gamma,210_20161207_0002eyesOpen_afterICA.set,,ketamine_phase_only,R,0.11750432185764503,0.11741857897895915,open,2.0
FarnesKetamine,210,awake,gamma,210_20161207_0002eyesOpen_afterICA.set,,ketamine_phase_only,D_eff,15.199932004944753,15.74664106124496,open,2.0
FarnesKetamine,210,awake,gamma,210_20161207_0002eyesOpen_afterICA.set,,ketamine_phase_only,M_tau,0.003388120613524246,0.0035912166536969945,open,2.0
FarnesKetamine,210,awake,gamma,210_20161207_0003eyesClosed_afterICA.set,,ketamine_phase_only,Pi,0.8518518518518519,0.8288288288288288,closed,3.0
FarnesKetamine,210,awake,gamma,210_20161207_0003eyesClosed_afterICA.set,,ketamine_phase_only,R,0.11761721136815395,0.11741940754622064,closed,3.0
FarnesKetamine,210,awake,gamma,210_20161207_0003eyesClosed_afterICA.set,,ketamine_phase_only,D_eff,15.010672438845928,14.820450010683913,closed,3.0
FarnesKetamine,210,awake,gamma,210_20161207_0003eyesClosed_afterICA.set,,ketamine_phase_only,M_tau,0.004073731521427911,0.003946485061542487,closed,3.0
FarnesKetamine,210,ketamine,gamma,210_20161207_0007eyesCloed_afterICA.set,,ketamine_phase_only,Pi,0.7499999999999999,0.4022988505747127,closed,7.0
FarnesKetamine,210,ketamine,gamma,210_20161207_0007eyesCloed_afterICA.set,,ketamine_phase_only,R,0.12402399958832551,0.09708086056460576,closed,7.0
FarnesKetamine,210,ketamine,gamma,210_20161207_0007eyesCloed_afterICA.set,,ketamine_phase_only,D_eff,14.745091757046676,14.304231084087583,closed,7.0
FarnesKetamine,210,ketamine,gamma,210_20161207_0007eyesCloed_afterICA.set,,ketamine_phase_only,M_tau,0.003839619338889279,0.0023987519070952862,closed,7.0
FarnesKetamine,219,awake,gamma,219_20161117_0002_eyespen_afterICA.set,,ketamine_phase_only,Pi,0.8796296296296295,0.7567567567567568,open,2.0
FarnesKetamine,219,awake,gamma,219_20161117_0002_eyespen_afterICA.set,,ketamine_phase_only,R,0.1088178625098677,0.09869038585606743,open,2.0
FarnesKetamine,219,awake,gamma,219_20161117_0002_eyespen_afterICA.set,,ketamine_phase_only,D_eff,12.914661396265783,12.961077028247612,open,2.0
FarnesKetamine,219,awake,gamma,219_20161117_0002_eyespen_afterICA.set,,ketamine_phase_only,M_tau,0.003346235156718608,0.0028212372989414106,open,2.0
FarnesKetamine,219,awake,gamma,219_20161117_0003_eyesClosed_afterICA.set,,ketamine_phase_only,Pi,0.8518518518518517,0.8288288288288289,closed,3.0
FarnesKetamine,219,awake,gamma,219_20161117_0003_eyesClosed_afterICA.set,,ketamine_phase_only,R,0.12400709260104176,0.10565394489677149,closed,3.0
FarnesKetamine,219,awake,gamma,219_20161117_0003_eyesClosed_afterICA.set,,ketamine_phase_only,D_eff,11.84918474556356,11.496201370566723,closed,3.0
FarnesKetamine,219,awake,gamma,219_20161117_0003_eyesClosed_afterICA.set,,ketamine_phase_only,M_tau,0.004024611005829578,0.0029368146253367323,closed,3.0
FarnesKetamine,219,ketamine,gamma,219_20161117_0006_eyesopen_afterICA.set,,ketamine_phase_only,Pi,0.6481481481481483,0.6396396396396398,open,6.0
FarnesKetamine,219,ketamine,gamma,219_20161117_0006_eyesopen_afterICA.set,,ketamine_phase_only,R,0.12140364172170821,0.11848601911226184,open,6.0
FarnesKetamine,219,ketamine,gamma,219_20161117_0006_eyesopen_afterICA.set,,ketamine_phase_only,D_eff,15.84270500027139,15.309720523731462,open,6.0
FarnesKetamine,219,ketamine,gamma,219_20161117_0006_eyesopen_afterICA.set,,ketamine_phase_only,M_tau,0.0037354938129068992,0.0038917581377830345,open,6.0
FarnesKetamine,219,ketamine,gamma,219_20161117_0007_closedEyes_afterICA.set,,ketamine_phase_only,Pi,0.6507936507936508,0.626984126984127,closed,7.0
FarnesKetamine,219,ketamine,gamma,219_20161117_0007_closedEyes_afterICA.set,,ketamine_phase_only,R,0.124009793482868,0.12508316238850314,closed,7.0
FarnesKetamine,219,ketamine,gamma,219_20161117_0007_closedEyes_afterICA.set,,ketamine_phase_only,D_eff,9.473889241635847,8.876557275996968,closed,7.0
FarnesKetamine,219,ketamine,gamma,219_20161117_0007_closedEyes_afterICA.set,,ketamine_phase_only,M_tau,0.003580309516086319,0.003755748316701045,closed,7.0
FarnesKetamine,249,awake,gamma,249_20161208_0002eyesOpen_afterICA.set,,ketamine_phase_only,Pi,0.8205128205128205,0.8888888888888888,open,2.0
FarnesKetamine,249,awake,gamma,249_20161208_0002eyesOpen_afterICA.set,,ketamine_phase_only,R,0.1343795069186212,0.12061509130924457,open,2.0
FarnesKetamine,249,awake,gamma,249_20161208_0002eyesOpen_afterICA.set,,ketamine_phase_only,D_eff,16.19347965316379,15.674615457637811,open,2.0
FarnesKetamine,249,awake,gamma,249_20161208_0002eyesOpen_afterICA.set,,ketamine_phase_only,M_tau,0.005048756251445262,0.003886337000252813,open,2.0
FarnesKetamine,249,awake,gamma,249_20161208_0003EyesClosed_afterICA.set,,ketamine_phase_only,Pi,0.7606837606837608,0.8461538461538461,closed,3.0
FarnesKetamine,249,awake,gamma,249_20161208_0003EyesClosed_afterICA.set,,ketamine_phase_only,R,0.10907421010706837,0.11474992051283919,closed,3.0
FarnesKetamine,249,awake,gamma,249_20161208_0003EyesClosed_afterICA.set,,ketamine_phase_only,D_eff,13.21504655293567,13.860205398908342,closed,3.0
FarnesKetamine,249,awake,gamma,249_20161208_0003EyesClosed_afterICA.set,,ketamine_phase_only,M_tau,0.0030596928547170408,0.0037082959581946173,closed,3.0
FarnesKetamine,249,ketamine,gamma,249_20161208_0006eyesOpen_afterICA.set,,ketamine_phase_only,Pi,0.871212121212121,0.962962962962963,open,6.0
FarnesKetamine,249,ketamine,gamma,249_20161208_0006eyesOpen_afterICA.set,,ketamine_phase_only,R,0.14620424591075729,0.12872155992131454,open,6.0
FarnesKetamine,249,ketamine,gamma,249_20161208_0006eyesOpen_afterICA.set,,ketamine_phase_only,D_eff,13.01819575526418,14.423990424860333,open,6.0
FarnesKetamine,249,ketamine,gamma,249_20161208_0006eyesOpen_afterICA.set,,ketamine_phase_only,M_tau,0.004328880768135274,0.0036611886062597964,open,6.0
FarnesKetamine,249,ketamine,gamma,249_20161208_0007eyesClosed_afterICA.set,,ketamine_phase_only,Pi,0.9545454545454546,0.7555555555555555,closed,7.0
FarnesKetamine,249,ketamine,gamma,249_20161208_0007eyesClosed_afterICA.set,,ketamine_phase_only,R,0.12343324489465521,0.10901189183044036,closed,7.0
FarnesKetamine,249,ketamine,gamma,249_20161208_0007eyesClosed_afterICA.set,,ketamine_phase_only,D_eff,14.075309825796012,13.352195575598234,closed,7.0
FarnesKetamine,249,ketamine,gamma,249_20161208_0007eyesClosed_afterICA.set,,ketamine_phase_only,M_tau,0.0035198125272954133,0.002868162864498663,closed,7.0
FarnesKetamine,251,awake,gamma,251_20170124_0002eyesOpen_afterICA.set,,ketamine_phase_only,Pi,0.78494623655914,0.7419354838709676,open,2.0
FarnesKetamine,251,awake,gamma,251_20170124_0002eyesOpen_afterICA.set,,ketamine_phase_only,R,0.10986956774247765,0.10366800536536964,open,2.0
FarnesKetamine,251,awake,gamma,251_20170124_0002eyesOpen_afterICA.set,,ketamine_phase_only,D_eff,12.829667237756365,13.749798733397549,open,2.0
FarnesKetamine,251,awake,gamma,251_20170124_0002eyesOpen_afterICA.set,,ketamine_phase_only,M_tau,0.0032741841936062125,0.003021475696473319,open,2.0
FarnesKetamine,251,awake,gamma,251_20170124_0003eyesClosed_afterICA.set,,ketamine_phase_only,Pi,0.8333333333333334,0.9279279279279278,closed,3.0
FarnesKetamine,251,awake,gamma,251_20170124_0003eyesClosed_afterICA.set,,ketamine_phase_only,R,0.10817090956994471,0.10898954120820108,closed,3.0
FarnesKetamine,251,awake,gamma,251_20170124_0003eyesClosed_afterICA.set,,ketamine_phase_only,D_eff,14.8231001485313,14.31793766937952,closed,3.0
FarnesKetamine,251,awake,gamma,251_20170124_0003eyesClosed_afterICA.set,,ketamine_phase_only,M_tau,0.0031141149555817247,0.0031293221080972615,closed,3.0
FarnesKetamine,251,ketamine,gamma,251_20170124_0006eyesOpen_afterICA.set,,ketamine_phase_only,Pi,0.4516129032258064,0.7311827956989247,open,6.0
FarnesKetamine,251,ketamine,gamma,251_20170124_0006eyesOpen_afterICA.set,,ketamine_phase_only,R,0.09159366239809234,0.10214053135973886,open,6.0
FarnesKetamine,251,ketamine,gamma,251_20170124_0006eyesOpen_afterICA.set,,ketamine_phase_only,D_eff,14.476536890166464,14.089936632996919,open,6.0
FarnesKetamine,251,ketamine,gamma,251_20170124_0006eyesOpen_afterICA.set,,ketamine_phase_only,M_tau,0.002257855248547593,0.0025826293487319057,open,6.0
FarnesKetamine,251,ketamine,gamma,251_20170124_0007eyesClosed_afterICA.set,,ketamine_phase_only,Pi,0.7254901960784313,0.872549019607843,closed,7.0
FarnesKetamine,251,ketamine,gamma,251_20170124_0007eyesClosed_afterICA.set,,ketamine_phase_only,R,0.10050131669823664,0.10585984620862242,closed,7.0
FarnesKetamine,251,ketamine,gamma,251_20170124_0007eyesClosed_afterICA.set,,ketamine_phase_only,D_eff,13.595330589613647,14.088868223765944,closed,7.0
FarnesKetamine,251,ketamine,gamma,251_20170124_0007eyesClosed_afterICA.set,,ketamine_phase_only,M_tau,0.002508715262748353,0.002782690248587694,closed,7.0
FarnesKetamine,265,awake,gamma,265_20170112_0002eyesOpen_afterICA.set,,ketamine_phase_only,Pi,0.8703703703703703,0.8468468468468469,open,2.0
FarnesKetamine,265,awake,gamma,265_20170112_0002eyesOpen_afterICA.set,,ketamine_phase_only,R,0.1274076214064908,0.1280559125532325,open,2.0
FarnesKetamine,265,awake,gamma,265_20170112_0002eyesOpen_afterICA.set,,ketamine_phase_only,D_eff,14.812236132986758,14.905210096659372,open,2.0
FarnesKetamine,265,awake,gamma,265_20170112_0002eyesOpen_afterICA.set,,ketamine_phase_only,M_tau,0.0036669398334537168,0.00364726348559357,open,2.0
FarnesKetamine,265,awake,gamma,265_20170112_0004_eyes_closed_afterICA.set,,ketamine_phase_only,Pi,0.8921568627450981,0.7254901960784313,closed,4.0
FarnesKetamine,265,awake,gamma,265_20170112_0004_eyes_closed_afterICA.set,,ketamine_phase_only,R,0.11278280264071643,0.11216429578197132,closed,4.0
FarnesKetamine,265,awake,gamma,265_20170112_0004_eyes_closed_afterICA.set,,ketamine_phase_only,D_eff,12.868996265023172,12.46358394648898,closed,4.0
FarnesKetamine,265,awake,gamma,265_20170112_0004_eyes_closed_afterICA.set,,ketamine_phase_only,M_tau,0.0031095319339009293,0.0028419573965985205,closed,4.0
FarnesKetamine,265,ketamine,gamma,265_20170112_0006eyesOpen_afterICA.set,,ketamine_phase_only,Pi,0.7037037037037036,0.7567567567567567,open,6.0
FarnesKetamine,265,ketamine,gamma,265_20170112_0006eyesOpen_afterICA.set,,ketamine_phase_only,R,0.11811128696070355,0.1160443814563165,open,6.0
FarnesKetamine,265,ketamine,gamma,265_20170112_0006eyesOpen_afterICA.set,,ketamine_phase_only,D_eff,15.70623326464788,15.573411114330064,open,6.0
FarnesKetamine,265,ketamine,gamma,265_20170112_0006eyesOpen_afterICA.set,,ketamine_phase_only,M_tau,0.003470646345634319,0.0034500350503235432,open,6.0
FarnesKetamine,265,ketamine,gamma,265_20170112_0007eyesClosed_afterICA.set,,ketamine_phase_only,Pi,0.8333333333333333,0.7471264367816093,closed,7.0
FarnesKetamine,265,ketamine,gamma,265_20170112_0007eyesClosed_afterICA.set,,ketamine_phase_only,R,0.13107134636678078,0.13036408803295954,closed,7.0
FarnesKetamine,265,ketamine,gamma,265_20170112_0007eyesClosed_afterICA.set,,ketamine_phase_only,D_eff,13.146922287667438,13.293289677230362,closed,7.0
FarnesKetamine,265,ketamine,gamma,265_20170112_0007eyesClosed_afterICA.set,,ketamine_phase_only,M_tau,0.0037388447065982893,0.0038125693568807724,closed,7.0
FarnesKetamine,271,awake,gamma,271_20170221_0002EyesOpen_afterICA.set,,ketamine_phase_only,Pi,0.8939393939393938,0.8370370370370368,open,2.0
FarnesKetamine,271,awake,gamma,271_20170221_0002EyesOpen_afterICA.set,,ketamine_phase_only,R,0.1114603123303604,0.11886895687199009,open,2.0
FarnesKetamine,271,awake,gamma,271_20170221_0002EyesOpen_afterICA.set,,ketamine_phase_only,D_eff,13.85318685078834,14.71372585595883,open,2.0
FarnesKetamine,271,awake,gamma,271_20170221_0002EyesOpen_afterICA.set,,ketamine_phase_only,M_tau,0.0031552760127295117,0.0034787039588475305,open,2.0
FarnesKetamine,271,awake,gamma,271_20170221_0003eyesclosed_afterICA.set,,ketamine_phase_only,Pi,0.7777777777777778,0.7747747747747747,closed,3.0
FarnesKetamine,271,awake,gamma,271_20170221_0003eyesclosed_afterICA.set,,ketamine_phase_only,R,0.0887056371327876,0.08777202304622657,closed,3.0
FarnesKetamine,271,awake,gamma,271_20170221_0003eyesclosed_afterICA.set,,ketamine_phase_only,D_eff,11.723084969520869,12.153928408933382,closed,3.0
FarnesKetamine,271,awake,gamma,271_20170221_0003eyesclosed_afterICA.set,,ketamine_phase_only,M_tau,0.0019623156499576863,0.0019713759839392166,closed,3.0
FarnesKetamine,271,ketamine,gamma,271_20170221_0006EyesOpen_afterICA.set,,ketamine_phase_only,Pi,0.8333333333333333,0.7837837837837837,open,6.0
FarnesKetamine,271,ketamine,gamma,271_20170221_0006EyesOpen_afterICA.set,,ketamine_phase_only,R,0.11274757075252571,0.1137176764595021,open,6.0
FarnesKetamine,271,ketamine,gamma,271_20170221_0006EyesOpen_afterICA.set,,ketamine_phase_only,D_eff,14.844618811531184,16.135858386616835,open,6.0
FarnesKetamine,271,ketamine,gamma,271_20170221_0006EyesOpen_afterICA.set,,ketamine_phase_only,M_tau,0.003097632280757222,0.0027992087204046835,open,6.0
FarnesKetamine,271,ketamine,gamma,271_20170221_0007EyesClosed_afterICA.set,,ketamine_phase_only,Pi,0.7314814814814814,0.6666666666666667,closed,7.0
FarnesKetamine,271,ketamine,gamma,271_20170221_0007EyesClosed_afterICA.set,,ketamine_phase_only,R,0.12958116381393864,0.12577769031427172,closed,7.0
FarnesKetamine,271,ketamine,gamma,271_20170221_0007EyesClosed_afterICA.set,,ketamine_phase_only,D_eff,11.321490596390522,10.968586460942772,closed,7.0
FarnesKetamine,271,ketamine,gamma,271_20170221_0007EyesClosed_afterICA.set,,ketamine_phase_only,M_tau,0.003731395412261281,0.004004111514776073,closed,7.0
FarnesKetamine,282,awake,gamma,282_20161122_0002_eyesOpen_afterICA.set,,ketamine_phase_only,Pi,0.8796296296296298,0.8288288288288289,open,2.0
FarnesKetamine,282,awake,gamma,282_20161122_0002_eyesOpen_afterICA.set,,ketamine_phase_only,R,0.17066817858246855,0.17625679205828615,open,2.0
FarnesKetamine,282,awake,gamma,282_20161122_0002_eyesOpen_afterICA.set,,ketamine_phase_only,D_eff,19.71509030981197,20.442239646076807,open,2.0
FarnesKetamine,282,awake,gamma,282_20161122_0002_eyesOpen_afterICA.set,,ketamine_phase_only,M_tau,0.005957996679855432,0.006641214319847692,open,2.0
FarnesKetamine,282,awake,gamma,282_20161122_0003_eyesClosed_afterICA.set,,ketamine_phase_only,Pi,0.7685185185185185,0.8378378378378378,closed,3.0
FarnesKetamine,282,awake,gamma,282_20161122_0003_eyesClosed_afterICA.set,,ketamine_phase_only,R,0.1633361704008216,0.16677862779023334,closed,3.0
FarnesKetamine,282,awake,gamma,282_20161122_0003_eyesClosed_afterICA.set,,ketamine_phase_only,D_eff,17.64241388132117,18.288255577056898,closed,3.0
FarnesKetamine,282,awake,gamma,282_20161122_0003_eyesClosed_afterICA.set,,ketamine_phase_only,M_tau,0.0062361063912798834,0.005613347833616862,closed,3.0
FarnesKetamine,282,ketamine,gamma,282_20161122_0006_eyesOpen_afterICA.set,,ketamine_phase_only,Pi,0.6574074074074074,0.6306306306306305,open,6.0
FarnesKetamine,282,ketamine,gamma,282_20161122_0006_eyesOpen_afterICA.set,,ketamine_phase_only,R,0.2321226199477242,0.21580497985668992,open,6.0
FarnesKetamine,282,ketamine,gamma,282_20161122_0006_eyesOpen_afterICA.set,,ketamine_phase_only,D_eff,19.112332007729442,19.873847723034842,open,6.0
FarnesKetamine,282,ketamine,gamma,282_20161122_0006_eyesOpen_afterICA.set,,ketamine_phase_only,M_tau,0.010746002638903096,0.009622103008611707,open,6.0
FarnesKetamine,282,ketamine,gamma,282_20161122_0007_eyesClosed_afterICA.set,,ketamine_phase_only,Pi,0.45238095238095244,0.5632183908045977,closed,7.0
FarnesKetamine,282,ketamine,gamma,282_20161122_0007_eyesClosed_afterICA.set,,ketamine_phase_only,R,0.1537197392759214,0.15425467742789528,closed,7.0
FarnesKetamine,282,ketamine,gamma,282_20161122_0007_eyesClosed_afterICA.set,,ketamine_phase_only,D_eff,15.904559022462488,16.099596419913336,closed,7.0
FarnesKetamine,282,ketamine,gamma,282_20161122_0007_eyesClosed_afterICA.set,,ketamine_phase_only,M_tau,0.005228847900353836,0.005329186855965283,closed,7.0
FarnesKetamine,300,awake,gamma,300_20161214_0002eyesOpen_afterICA.set,,ketamine_phase_only,Pi,0.8981481481481483,0.8288288288288289,open,2.0
FarnesKetamine,300,awake,gamma,300_20161214_0002eyesOpen_afterICA.set,,ketamine_phase_only,R,0.10994624259485875,0.11072512963282015,open,2.0
FarnesKetamine,300,awake,gamma,300_20161214_0002eyesOpen_afterICA.set,,ketamine_phase_only,D_eff,17.98546257083221,18.429052300320702,open,2.0
FarnesKetamine,300,awake,gamma,300_20161214_0002eyesOpen_afterICA.set,,ketamine_phase_only,M_tau,0.0029837651151532305,0.003161791524381054,open,2.0
FarnesKetamine,300,awake,gamma,300_20161214_0003eyesClosed_afterICA.set,,ketamine_phase_only,Pi,0.8703703703703705,0.7207207207207208,closed,3.0
FarnesKetamine,300,awake,gamma,300_20161214_0003eyesClosed_afterICA.set,,ketamine_phase_only,R,0.1084125244629138,0.09556394456438502,closed,3.0
FarnesKetamine,300,awake,gamma,300_20161214_0003eyesClosed_afterICA.set,,ketamine_phase_only,D_eff,16.484164062963263,16.422290058652226,closed,3.0
FarnesKetamine,300,awake,gamma,300_20161214_0003eyesClosed_afterICA.set,,ketamine_phase_only,M_tau,0.00307428796723865,0.0024627681445165027,closed,3.0
FarnesKetamine,300,ketamine,gamma,300_20161214_0006eyesOpen_afterICA.set,,ketamine_phase_only,Pi,0.7592592592592592,0.5945945945945946,open,6.0
FarnesKetamine,300,ketamine,gamma,300_20161214_0006eyesOpen_afterICA.set,,ketamine_phase_only,R,0.09321760316103651,0.09223893568534733,open,6.0
FarnesKetamine,300,ketamine,gamma,300_20161214_0006eyesOpen_afterICA.set,,ketamine_phase_only,D_eff,16.935461791197064,17.0786477490408,open,6.0
FarnesKetamine,300,ketamine,gamma,300_20161214_0006eyesOpen_afterICA.set,,ketamine_phase_only,M_tau,0.002183123405606997,0.002233118115034132,open,6.0
FarnesKetamine,300,ketamine,gamma,300_20161214_0007eyesClosed_afterICA.set,,ketamine_phase_only,Pi,0.7314814814814814,0.5675675675675675,closed,7.0
FarnesKetamine,300,ketamine,gamma,300_20161214_0007eyesClosed_afterICA.set,,ketamine_phase_only,R,0.09579841224231468,0.09075100269165355,closed,7.0
FarnesKetamine,300,ketamine,gamma,300_20161214_0007eyesClosed_afterICA.set,,ketamine_phase_only,D_eff,16.934892505494517,16.172176371793924,closed,7.0
FarnesKetamine,300,ketamine,gamma,300_20161214_0007eyesClosed_afterICA.set,,ketamine_phase_only,M_tau,0.002271325509505383,0.002103177035135113,closed,7.0
FarnesKetamine,313,awake,gamma,313_20170116_0002eyesOpen_afterICA.set,,ketamine_phase_only,Pi,0.9166666666666666,0.8108108108108109,open,2.0
FarnesKetamine,313,awake,gamma,313_20170116_0002eyesOpen_afterICA.set,,ketamine_phase_only,R,0.1675286935393366,0.19317206128011405,open,2.0
FarnesKetamine,313,awake,gamma,313_20170116_0002eyesOpen_afterICA.set,,ketamine_phase_only,D_eff,22.22986422927678,22.496134145373624,open,2.0
FarnesKetamine,313,awake,gamma,313_20170116_0002eyesOpen_afterICA.set,,ketamine_phase_only,M_tau,0.006690372985739278,0.007963183447766796,open,2.0
FarnesKetamine,313,awake,gamma,313_20170116_0003EyesClosed_afterICA.set,,ketamine_phase_only,Pi,0.8974358974358972,0.7179487179487181,closed,3.0
FarnesKetamine,313,awake,gamma,313_20170116_0003EyesClosed_afterICA.set,,ketamine_phase_only,R,0.10649982097991537,0.10395665921336171,closed,3.0
FarnesKetamine,313,awake,gamma,313_20170116_0003EyesClosed_afterICA.set,,ketamine_phase_only,D_eff,14.923513332022152,13.127771882151338,closed,3.0
FarnesKetamine,313,awake,gamma,313_20170116_0003EyesClosed_afterICA.set,,ketamine_phase_only,M_tau,0.003097961614556803,0.0028993045185837923,closed,3.0
FarnesKetamine,313,ketamine,gamma,313_20170116_0006eyesOpen_afterICA.set,,ketamine_phase_only,Pi,0.8703703703703702,0.9279279279279278,open,6.0
FarnesKetamine,313,ketamine,gamma,313_20170116_0006eyesOpen_afterICA.set,,ketamine_phase_only,R,0.1542681673182047,0.18198293334818177,open,6.0
FarnesKetamine,313,ketamine,gamma,313_20170116_0006eyesOpen_afterICA.set,,ketamine_phase_only,D_eff,23.516508394057787,21.884626239675985,open,6.0
FarnesKetamine,313,ketamine,gamma,313_20170116_0006eyesOpen_afterICA.set,,ketamine_phase_only,M_tau,0.005015763575259378,0.006962164889554333,open,6.0
FarnesKetamine,313,ketamine,gamma,313_20170116_0007eyesClosed_afterICA.set,,ketamine_phase_only,Pi,0.8240740740740741,0.7927927927927929,closed,7.0
FarnesKetamine,313,ketamine,gamma,313_20170116_0007eyesClosed_afterICA.set,,ketamine_phase_only,R,0.12561409521010566,0.11959678542890041,closed,7.0
FarnesKetamine,313,ketamine,gamma,313_20170116_0007eyesClosed_afterICA.set,,ketamine_phase_only,D_eff,12.631231019308109,12.63351928541906,closed,7.0
FarnesKetamine,313,ketamine,gamma,313_20170116_0007eyesClosed_afterICA.set,,ketamine_phase_only,M_tau,0.0038084651814261697,0.003851681733576552,closed,7.0
FarnesKetamine,318,awake,gamma,318_20170206_0002EyesOpen_afterICA.set,,ketamine_phase_only,Pi,0.9019607843137254,0.8333333333333333,open,2.0
FarnesKetamine,318,awake,gamma,318_20170206_0002EyesOpen_afterICA.set,,ketamine_phase_only,R,0.10976020824165683,0.13053280970484657,open,2.0
FarnesKetamine,318,awake,gamma,318_20170206_0002EyesOpen_afterICA.set,,ketamine_phase_only,D_eff,16.838448573814606,17.89884605709132,open,2.0
FarnesKetamine,318,awake,gamma,318_20170206_0002EyesOpen_afterICA.set,,ketamine_phase_only,M_tau,0.0029551495176343852,0.004231713445873626,open,2.0
FarnesKetamine,318,awake,gamma,318_20170206_0003EyesClosed_afterICA.set,,ketamine_phase_only,Pi,0.787037037037037,0.8198198198198198,closed,3.0
FarnesKetamine,318,awake,gamma,318_20170206_0003EyesClosed_afterICA.set,,ketamine_phase_only,R,0.11198584878988432,0.11604917619880895,closed,3.0
FarnesKetamine,318,awake,gamma,318_20170206_0003EyesClosed_afterICA.set,,ketamine_phase_only,D_eff,16.22900625066677,16.156618666534346,closed,3.0
FarnesKetamine,318,awake,gamma,318_20170206_0003EyesClosed_afterICA.set,,ketamine_phase_only,M_tau,0.003216652469641428,0.003206028827127606,closed,3.0
FarnesKetamine,318,ketamine,gamma,318_20170206_0007EyesOpen_afterICA.set,,ketamine_phase_only,Pi,0.3148148148148148,0.5405405405405406,open,7.0
FarnesKetamine,318,ketamine,gamma,318_20170206_0007EyesOpen_afterICA.set,,ketamine_phase_only,R,0.09202310586820069,0.10346241902013664,open,7.0
FarnesKetamine,318,ketamine,gamma,318_20170206_0007EyesOpen_afterICA.set,,ketamine_phase_only,D_eff,12.35260503000419,12.332226298014557,open,7.0
FarnesKetamine,318,ketamine,gamma,318_20170206_0007EyesOpen_afterICA.set,,ketamine_phase_only,M_tau,0.0020854280045422115,0.002827290586973897,open,7.0
FarnesKetamine,318,ketamine,gamma,318_20170206_0008EyesClosed_afterICA.set,,ketamine_phase_only,Pi,0.5185185185185185,0.5315315315315315,closed,8.0
FarnesKetamine,318,ketamine,gamma,318_20170206_0008EyesClosed_afterICA.set,,ketamine_phase_only,R,0.10212351937509699,0.10189344077006286,closed,8.0
FarnesKetamine,318,ketamine,gamma,318_20170206_0008EyesClosed_afterICA.set,,ketamine_phase_only,D_eff,11.160846966742806,11.762382888749913,closed,8.0
FarnesKetamine,318,ketamine,gamma,318_20170206_0008EyesClosed_afterICA.set,,ketamine_phase_only,M_tau,0.0025257610857248444,0.002603163844345773,closed,8.0
