dataset,band,row_index,subject,condition,y,model,score
Chennu,alpha,0,10,baseline,0,spectral_bandpower,0.15626523760180974
Chennu,alpha,1,10,moderate,1,spectral_bandpower,0.16902258542336435
Chennu,alpha,2,13,baseline,0,spectral_bandpower,0.16428254799669165
Chennu,alpha,3,13,moderate,1,spectral_bandpower,0.3797835606480136
Chennu,alpha,4,14,baseline,0,spectral_bandpower,0.17473502935931665
Chennu,alpha,5,14,moderate,1,spectral_bandpower,0.6334425020776446
Chennu,alpha,6,18,baseline,0,spectral_bandpower,0.18005485459145837
Chennu,alpha,7,18,moderate,1,spectral_bandpower,0.9867203029660839
Chennu,alpha,8,2,baseline,0,spectral_bandpower,0.17982675728103192
Chennu,alpha,9,2,moderate,1,spectral_bandpower,0.9884252985424105
Chennu,alpha,10,20,baseline,0,spectral_bandpower,0.17198969508358855
Chennu,alpha,11,20,moderate,1,spectral_bandpower,0.9995820210027959
Chennu,alpha,12,22,baseline,0,spectral_bandpower,0.17916130897524923
Chennu,alpha,13,22,moderate,1,spectral_bandpower,0.7831137108488931
Chennu,alpha,14,23,baseline,0,spectral_bandpower,0.17681033487050368
Chennu,alpha,15,23,moderate,1,spectral_bandpower,0.9977223787619961
Chennu,alpha,16,24,baseline,0,spectral_bandpower,0.17493022341249362
Chennu,alpha,17,24,moderate,1,spectral_bandpower,0.5452171452234458
Chennu,alpha,18,25,baseline,0,spectral_bandpower,0.1807994840374608
Chennu,alpha,19,25,moderate,1,spectral_bandpower,0.9435766429771932
Chennu,alpha,20,26,baseline,0,spectral_bandpower,0.1729316623465833
Chennu,alpha,21,26,moderate,1,spectral_bandpower,0.5908555602966307
Chennu,alpha,22,27,baseline,0,spectral_bandpower,0.16442100252310138
Chennu,alpha,23,27,moderate,1,spectral_bandpower,0.12302571762474933
Chennu,alpha,24,28,baseline,0,spectral_bandpower,0.16797834163952594
Chennu,alpha,25,28,moderate,1,spectral_bandpower,0.44004620568053066
Chennu,alpha,26,29,baseline,0,spectral_bandpower,0.1811840622020659
Chennu,alpha,27,29,moderate,1,spectral_bandpower,0.9223480226426884
Chennu,alpha,28,3,baseline,0,spectral_bandpower,0.18122696704708322
Chennu,alpha,29,3,moderate,1,spectral_bandpower,0.9611547286597514
Chennu,alpha,30,5,baseline,0,spectral_bandpower,0.17912939640766556
Chennu,alpha,31,5,moderate,1,spectral_bandpower,0.9948423445394958
Chennu,alpha,32,6,baseline,0,spectral_bandpower,0.17962659991700272
Chennu,alpha,33,6,moderate,1,spectral_bandpower,0.9937824050434173
Chennu,alpha,34,7,baseline,0,spectral_bandpower,0.17371605998581593
Chennu,alpha,35,7,moderate,1,spectral_bandpower,0.9998714814372552
Chennu,alpha,36,8,baseline,0,spectral_bandpower,0.18108383317202364
Chennu,alpha,37,8,moderate,1,spectral_bandpower,0.9733695391996351
Chennu,alpha,38,9,baseline,0,spectral_bandpower,0.1696797640110669
Chennu,alpha,39,9,moderate,1,spectral_bandpower,0.9999502243978321
Chennu,alpha,0,10,baseline,0,spectral_all,0.1450976470067913
Chennu,alpha,1,10,moderate,1,spectral_all,0.18259123685269948
Chennu,alpha,2,13,baseline,0,spectral_all,0.15103531848116988
Chennu,alpha,3,13,moderate,1,spectral_all,0.39243499139468063
Chennu,alpha,4,14,baseline,0,spectral_all,0.15814248996417907
Chennu,alpha,5,14,moderate,1,spectral_all,0.5972127787032165
Chennu,alpha,6,18,baseline,0,spectral_all,0.16379797839077304
Chennu,alpha,7,18,moderate,1,spectral_all,0.9968000109876952
Chennu,alpha,8,2,baseline,0,spectral_all,0.16384332886330394
Chennu,alpha,9,2,moderate,1,spectral_all,0.9955851565535351
Chennu,alpha,10,20,baseline,0,spectral_all,0.1559281843164028
Chennu,alpha,11,20,moderate,1,spectral_all,0.9999618086339312
Chennu,alpha,12,22,baseline,0,spectral_all,0.16356485695886633
Chennu,alpha,13,22,moderate,1,spectral_all,0.7926030658308377
Chennu,alpha,14,23,baseline,0,spectral_all,0.159504448977469
Chennu,alpha,15,23,moderate,1,spectral_all,0.9998212139112999
Chennu,alpha,16,24,baseline,0,spectral_all,0.1574205643955823
Chennu,alpha,17,24,moderate,1,spectral_all,0.3615743927108608
Chennu,alpha,18,25,baseline,0,spectral_all,0.16373143881649316
Chennu,alpha,19,25,moderate,1,spectral_all,0.9687054313181003
Chennu,alpha,20,26,baseline,0,spectral_all,0.15919258981248602
Chennu,alpha,21,26,moderate,1,spectral_all,0.6402724965359342
Chennu,alpha,22,27,baseline,0,spectral_all,0.15239775847840514
Chennu,alpha,23,27,moderate,1,spectral_all,0.147172016947755
Chennu,alpha,24,28,baseline,0,spectral_all,0.15167250558171538
Chennu,alpha,25,28,moderate,1,spectral_all,0.4261438933527671
Chennu,alpha,26,29,baseline,0,spectral_all,0.16562487690505284
Chennu,alpha,27,29,moderate,1,spectral_all,0.9564936327226364
Chennu,alpha,28,3,baseline,0,spectral_all,0.16319103896488305
Chennu,alpha,29,3,moderate,1,spectral_all,0.8575283468887164
Chennu,alpha,30,5,baseline,0,spectral_all,0.16354212726094797
Chennu,alpha,31,5,moderate,1,spectral_all,0.9965291857824864
Chennu,alpha,32,6,baseline,0,spectral_all,0.16370066920154633
Chennu,alpha,33,6,moderate,1,spectral_all,0.9973983163092192
Chennu,alpha,34,7,baseline,0,spectral_all,0.15861578302144563
Chennu,alpha,35,7,moderate,1,spectral_all,0.9998894077854242
Chennu,alpha,36,8,baseline,0,spectral_all,0.1647398242578427
Chennu,alpha,37,8,moderate,1,spectral_all,0.9599678373588937
Chennu,alpha,38,9,baseline,0,spectral_all,0.14942538302706135
Chennu,alpha,39,9,moderate,1,spectral_all,0.9999996349422344
Chennu,alpha,0,10,baseline,0,gcc_pi,0.33692953770237455
Chennu,alpha,1,10,moderate,1,gcc_pi,0.7916745668437934
Chennu,alpha,2,13,baseline,0,gcc_pi,0.3095428095343049
Chennu,alpha,3,13,moderate,1,gcc_pi,0.2321867537944417
Chennu,alpha,4,14,baseline,0,gcc_pi,0.3095428095343049
Chennu,alpha,5,14,moderate,1,gcc_pi,0.23218675379444212
Chennu,alpha,6,18,baseline,0,gcc_pi,0.33509350094310847
Chennu,alpha,7,18,moderate,1,gcc_pi,0.7245256390983625
Chennu,alpha,8,2,baseline,0,gcc_pi,0.3229451916211497
Chennu,alpha,9,2,moderate,1,gcc_pi,0.4372802395073546
Chennu,alpha,10,20,baseline,0,gcc_pi,0.3385863793868306
Chennu,alpha,11,20,moderate,1,gcc_pi,0.9471151339068177
Chennu,alpha,12,22,baseline,0,gcc_pi,0.33342809028722703
Chennu,alpha,13,22,moderate,1,gcc_pi,0.6736183980527817
Chennu,alpha,14,23,baseline,0,gcc_pi,0.3387700935036576
Chennu,alpha,15,23,moderate,1,gcc_pi,0.9132653973190556
Chennu,alpha,16,24,baseline,0,gcc_pi,0.3386787918760232
Chennu,alpha,17,24,moderate,1,gcc_pi,0.9399818929387134
Chennu,alpha,18,25,baseline,0,gcc_pi,0.33775832049348425
Chennu,alpha,19,25,moderate,1,gcc_pi,0.8298231635994058
Chennu,alpha,20,26,baseline,0,gcc_pi,0.30325655459401823
Chennu,alpha,21,26,moderate,1,gcc_pi,0.16063958654497548
Chennu,alpha,22,27,baseline,0,gcc_pi,0.3353663736962032
Chennu,alpha,23,27,moderate,1,gcc_pi,0.992350997802436
Chennu,alpha,24,28,baseline,0,gcc_pi,0.3095428095343049
Chennu,alpha,25,28,moderate,1,gcc_pi,0.23218675379444165
Chennu,alpha,26,29,baseline,0,gcc_pi,0.31562300007223315
Chennu,alpha,27,29,moderate,1,gcc_pi,0.31562300007223365
Chennu,alpha,28,3,baseline,0,gcc_pi,0.335683008379403
Chennu,alpha,29,3,moderate,1,gcc_pi,0.9911320732279729
Chennu,alpha,30,5,baseline,0,gcc_pi,0.338726583827417
Chennu,alpha,31,5,moderate,1,gcc_pi,0.902348182670161
Chennu,alpha,32,6,baseline,0,gcc_pi,0.33709216324415137
Chennu,alpha,33,6,moderate,1,gcc_pi,0.9818498910926157
Chennu,alpha,34,7,baseline,0,gcc_pi,0.32122402986548615
Chennu,alpha,35,7,moderate,1,gcc_pi,0.406316905323771
Chennu,alpha,36,8,baseline,0,gcc_pi,0.336400960286903
Chennu,alpha,37,8,moderate,1,gcc_pi,0.770590159249908
Chennu,alpha,38,9,baseline,0,gcc_pi,0.336400960286903
Chennu,alpha,39,9,moderate,1,gcc_pi,0.7705901592499073
Chennu,alpha,0,10,baseline,0,gcc_triad_plus_pi,0.3325187746132643
Chennu,alpha,1,10,moderate,1,gcc_triad_plus_pi,0.7087380988290545
Chennu,alpha,2,13,baseline,0,gcc_triad_plus_pi,0.3062318555705429
Chennu,alpha,3,13,moderate,1,gcc_triad_plus_pi,0.235260985303034
Chennu,alpha,4,14,baseline,0,gcc_triad_plus_pi,0.3032793003772853
Chennu,alpha,5,14,moderate,1,gcc_triad_plus_pi,0.1936947115653934
Chennu,alpha,6,18,baseline,0,gcc_triad_plus_pi,0.33192370674951827
Chennu,alpha,7,18,moderate,1,gcc_triad_plus_pi,0.7277426494111322
Chennu,alpha,8,2,baseline,0,gcc_triad_plus_pi,0.32047649798853173
Chennu,alpha,9,2,moderate,1,gcc_triad_plus_pi,0.4556965487004325
Chennu,alpha,10,20,baseline,0,gcc_triad_plus_pi,0.3346720266426362
Chennu,alpha,11,20,moderate,1,gcc_triad_plus_pi,0.9024265979544253
Chennu,alpha,12,22,baseline,0,gcc_triad_plus_pi,0.32949025786865066
Chennu,alpha,13,22,moderate,1,gcc_triad_plus_pi,0.6249099597439787
Chennu,alpha,14,23,baseline,0,gcc_triad_plus_pi,0.3354187333510336
Chennu,alpha,15,23,moderate,1,gcc_triad_plus_pi,0.9280453783052216
Chennu,alpha,16,24,baseline,0,gcc_triad_plus_pi,0.32909769798259486
Chennu,alpha,17,24,moderate,1,gcc_triad_plus_pi,0.45529589268328413
Chennu,alpha,18,25,baseline,0,gcc_triad_plus_pi,0.33503156104696846
Chennu,alpha,19,25,moderate,1,gcc_triad_plus_pi,0.8268956181741924
Chennu,alpha,20,26,baseline,0,gcc_triad_plus_pi,0.2987204753990617
Chennu,alpha,21,26,moderate,1,gcc_triad_plus_pi,0.1508359316730258
Chennu,alpha,22,27,baseline,0,gcc_triad_plus_pi,0.3317838521797524
Chennu,alpha,23,27,moderate,1,gcc_triad_plus_pi,0.9946378566407131
Chennu,alpha,24,28,baseline,0,gcc_triad_plus_pi,0.3019322779797118
Chennu,alpha,25,28,moderate,1,gcc_triad_plus_pi,0.14889631357301739
Chennu,alpha,26,29,baseline,0,gcc_triad_plus_pi,0.31116901086218807
Chennu,alpha,27,29,moderate,1,gcc_triad_plus_pi,0.2939550645474623
Chennu,alpha,28,3,baseline,0,gcc_triad_plus_pi,0.33219015282418657
Chennu,alpha,29,3,moderate,1,gcc_triad_plus_pi,0.9931622396565181
Chennu,alpha,30,5,baseline,0,gcc_triad_plus_pi,0.3350257365127773
Chennu,alpha,31,5,moderate,1,gcc_triad_plus_pi,0.912588364490165
Chennu,alpha,32,6,baseline,0,gcc_triad_plus_pi,0.3335971806261056
Chennu,alpha,33,6,moderate,1,gcc_triad_plus_pi,0.9835833999320736
Chennu,alpha,34,7,baseline,0,gcc_triad_plus_pi,0.31709285824577504
Chennu,alpha,35,7,moderate,1,gcc_triad_plus_pi,0.3428107273915047
Chennu,alpha,36,8,baseline,0,gcc_triad_plus_pi,0.33351190093722716
Chennu,alpha,37,8,moderate,1,gcc_triad_plus_pi,0.7844930475492091
Chennu,alpha,38,9,baseline,0,gcc_triad_plus_pi,0.3349104394740155
Chennu,alpha,39,9,moderate,1,gcc_triad_plus_pi,0.8461370267506552
Chennu,alpha,0,10,baseline,0,spectral_all_plus_gcc,0.1319441375624091
Chennu,alpha,1,10,moderate,1,spectral_all_plus_gcc,0.27303354478323116
Chennu,alpha,2,13,baseline,0,spectral_all_plus_gcc,0.13035635800737352
Chennu,alpha,3,13,moderate,1,spectral_all_plus_gcc,0.36729000233661757
Chennu,alpha,4,14,baseline,0,spectral_all_plus_gcc,0.13563144089661147
Chennu,alpha,5,14,moderate,1,spectral_all_plus_gcc,0.4922323235606538
Chennu,alpha,6,18,baseline,0,spectral_all_plus_gcc,0.14351215765753148
Chennu,alpha,7,18,moderate,1,spectral_all_plus_gcc,0.9913956114029837
Chennu,alpha,8,2,baseline,0,spectral_all_plus_gcc,0.1434139718534092
Chennu,alpha,9,2,moderate,1,spectral_all_plus_gcc,0.9790976586819283
Chennu,alpha,10,20,baseline,0,spectral_all_plus_gcc,0.13743855702474586
Chennu,alpha,11,20,moderate,1,spectral_all_plus_gcc,0.9999736116525725
Chennu,alpha,12,22,baseline,0,spectral_all_plus_gcc,0.1428824888707294
Chennu,alpha,13,22,moderate,1,spectral_all_plus_gcc,0.8098501564535339
Chennu,alpha,14,23,baseline,0,spectral_all_plus_gcc,0.13883906600151036
Chennu,alpha,15,23,moderate,1,spectral_all_plus_gcc,0.9955545496488866
Chennu,alpha,16,24,baseline,0,spectral_all_plus_gcc,0.1430509477017094
Chennu,alpha,17,24,moderate,1,spectral_all_plus_gcc,0.8734591863280495
Chennu,alpha,18,25,baseline,0,spectral_all_plus_gcc,0.14136625641944123
Chennu,alpha,19,25,moderate,1,spectral_all_plus_gcc,0.9807003088799343
Chennu,alpha,20,26,baseline,0,spectral_all_plus_gcc,0.13065477931873262
Chennu,alpha,21,26,moderate,1,spectral_all_plus_gcc,0.39319862801934957
Chennu,alpha,22,27,baseline,0,spectral_all_plus_gcc,0.1360806611520809
Chennu,alpha,23,27,moderate,1,spectral_all_plus_gcc,0.21696268106955158
Chennu,alpha,24,28,baseline,0,spectral_all_plus_gcc,0.12613790504770095
Chennu,alpha,25,28,moderate,1,spectral_all_plus_gcc,0.22282093768690028
Chennu,alpha,26,29,baseline,0,spectral_all_plus_gcc,0.1443273928234462
Chennu,alpha,27,29,moderate,1,spectral_all_plus_gcc,0.9096941510251403
Chennu,alpha,28,3,baseline,0,spectral_all_plus_gcc,0.14267164976870397
Chennu,alpha,29,3,moderate,1,spectral_all_plus_gcc,0.9921950854856576
Chennu,alpha,30,5,baseline,0,spectral_all_plus_gcc,0.1427975432812725
Chennu,alpha,31,5,moderate,1,spectral_all_plus_gcc,0.9976798676588864
Chennu,alpha,32,6,baseline,0,spectral_all_plus_gcc,0.14210913902743472
Chennu,alpha,33,6,moderate,1,spectral_all_plus_gcc,0.9979161709894798
Chennu,alpha,34,7,baseline,0,spectral_all_plus_gcc,0.14023028752064262
Chennu,alpha,35,7,moderate,1,spectral_all_plus_gcc,0.9994863264742045
Chennu,alpha,36,8,baseline,0,spectral_all_plus_gcc,0.1431214044318987
Chennu,alpha,37,8,moderate,1,spectral_all_plus_gcc,0.9323924129238921
Chennu,alpha,38,9,baseline,0,spectral_all_plus_gcc,0.1310814327027428
Chennu,alpha,39,9,moderate,1,spectral_all_plus_gcc,0.9999902639466479
Chennu,alpha,0,10,baseline,0,residual_pi_after_spectral_all,0.4999962218505535
Chennu,alpha,1,10,moderate,1,residual_pi_after_spectral_all,0.5048782498648204
Chennu,alpha,2,13,baseline,0,residual_pi_after_spectral_all,0.4904714695262376
Chennu,alpha,3,13,moderate,1,residual_pi_after_spectral_all,0.5053541622260087
Chennu,alpha,4,14,baseline,0,residual_pi_after_spectral_all,0.4864113308074647
Chennu,alpha,5,14,moderate,1,residual_pi_after_spectral_all,0.41323758912076286
Chennu,alpha,6,18,baseline,0,residual_pi_after_spectral_all,0.4909745289092121
Chennu,alpha,7,18,moderate,1,residual_pi_after_spectral_all,0.5494844598780642
Chennu,alpha,8,2,baseline,0,residual_pi_after_spectral_all,0.48814418413327954
Chennu,alpha,9,2,moderate,1,residual_pi_after_spectral_all,0.38772593399256877
Chennu,alpha,10,20,baseline,0,residual_pi_after_spectral_all,0.477055770134666
Chennu,alpha,11,20,moderate,1,residual_pi_after_spectral_all,0.9280593363576727
Chennu,alpha,12,22,baseline,0,residual_pi_after_spectral_all,0.49076871471539535
Chennu,alpha,13,22,moderate,1,residual_pi_after_spectral_all,0.5180550015799901
Chennu,alpha,14,23,baseline,0,residual_pi_after_spectral_all,0.4896608686038812
Chennu,alpha,15,23,moderate,1,residual_pi_after_spectral_all,0.3381445913776933
Chennu,alpha,16,24,baseline,0,residual_pi_after_spectral_all,0.49329852874580515
Chennu,alpha,17,24,moderate,1,residual_pi_after_spectral_all,0.5592233212417692
Chennu,alpha,18,25,baseline,0,residual_pi_after_spectral_all,0.4888028612745516
Chennu,alpha,19,25,moderate,1,residual_pi_after_spectral_all,0.40586252441961
Chennu,alpha,20,26,baseline,0,residual_pi_after_spectral_all,0.4844890766385806
Chennu,alpha,21,26,moderate,1,residual_pi_after_spectral_all,0.40553144579573
Chennu,alpha,22,27,baseline,0,residual_pi_after_spectral_all,0.49191570067474366
Chennu,alpha,23,27,moderate,1,residual_pi_after_spectral_all,0.8178267120775325
Chennu,alpha,24,28,baseline,0,residual_pi_after_spectral_all,0.4844428420211873
Chennu,alpha,25,28,moderate,1,residual_pi_after_spectral_all,0.38485834658779283
Chennu,alpha,26,29,baseline,0,residual_pi_after_spectral_all,0.48745273543350537
Chennu,alpha,27,29,moderate,1,residual_pi_after_spectral_all,0.42696182460540427
Chennu,alpha,28,3,baseline,0,residual_pi_after_spectral_all,0.49299816233544186
Chennu,alpha,29,3,moderate,1,residual_pi_after_spectral_all,0.8125954932556833
Chennu,alpha,30,5,baseline,0,residual_pi_after_spectral_all,0.48895862191011813
Chennu,alpha,31,5,moderate,1,residual_pi_after_spectral_all,0.5540850553935023
Chennu,alpha,32,6,baseline,0,residual_pi_after_spectral_all,0.4899752174833879
Chennu,alpha,33,6,moderate,1,residual_pi_after_spectral_all,0.6139239867904086
Chennu,alpha,34,7,baseline,0,residual_pi_after_spectral_all,0.49970564063958006
Chennu,alpha,35,7,moderate,1,residual_pi_after_spectral_all,0.4412034144882397
Chennu,alpha,36,8,baseline,0,residual_pi_after_spectral_all,0.4902405446882381
Chennu,alpha,37,8,moderate,1,residual_pi_after_spectral_all,0.4853096670037183
Chennu,alpha,38,9,baseline,0,residual_pi_after_spectral_all,0.4927667853999262
Chennu,alpha,39,9,moderate,1,residual_pi_after_spectral_all,0.40659638081195243
Chennu,alpha,0,10,baseline,0,residual_gcc_after_spectral_all,0.44527154758260873
Chennu,alpha,1,10,moderate,1,residual_gcc_after_spectral_all,0.21630466853218702
Chennu,alpha,2,13,baseline,0,residual_gcc_after_spectral_all,0.45761919215436053
Chennu,alpha,3,13,moderate,1,residual_gcc_after_spectral_all,0.602463027954609
Chennu,alpha,4,14,baseline,0,residual_gcc_after_spectral_all,0.4510182115735128
Chennu,alpha,5,14,moderate,1,residual_gcc_after_spectral_all,0.48110094880836707
Chennu,alpha,6,18,baseline,0,residual_gcc_after_spectral_all,0.4486675544080097
Chennu,alpha,7,18,moderate,1,residual_gcc_after_spectral_all,0.4312425955560713
Chennu,alpha,8,2,baseline,0,residual_gcc_after_spectral_all,0.44743809974201193
Chennu,alpha,9,2,moderate,1,residual_gcc_after_spectral_all,0.3747465364473878
Chennu,alpha,10,20,baseline,0,residual_gcc_after_spectral_all,0.4091300821593217
Chennu,alpha,11,20,moderate,1,residual_gcc_after_spectral_all,0.9967434954065268
Chennu,alpha,12,22,baseline,0,residual_gcc_after_spectral_all,0.45301452743543447
Chennu,alpha,13,22,moderate,1,residual_gcc_after_spectral_all,0.5312989249657493
Chennu,alpha,14,23,baseline,0,residual_gcc_after_spectral_all,0.4191099870274326
Chennu,alpha,15,23,moderate,1,residual_gcc_after_spectral_all,0.0013061199162279764
Chennu,alpha,16,24,baseline,0,residual_gcc_after_spectral_all,0.47394249502272656
Chennu,alpha,17,24,moderate,1,residual_gcc_after_spectral_all,0.8264278391621365
Chennu,alpha,18,25,baseline,0,residual_gcc_after_spectral_all,0.4507623613557476
Chennu,alpha,19,25,moderate,1,residual_gcc_after_spectral_all,0.9993652756785131
Chennu,alpha,20,26,baseline,0,residual_gcc_after_spectral_all,0.44536875142902066
Chennu,alpha,21,26,moderate,1,residual_gcc_after_spectral_all,0.39610635234623987
Chennu,alpha,22,27,baseline,0,residual_gcc_after_spectral_all,0.4526296469062173
Chennu,alpha,23,27,moderate,1,residual_gcc_after_spectral_all,0.6367387842032218
Chennu,alpha,24,28,baseline,0,residual_gcc_after_spectral_all,0.460186017139051
Chennu,alpha,25,28,moderate,1,residual_gcc_after_spectral_all,0.6860953289306453
Chennu,alpha,26,29,baseline,0,residual_gcc_after_spectral_all,0.4545510452279456
Chennu,alpha,27,29,moderate,1,residual_gcc_after_spectral_all,0.6293669231730368
Chennu,alpha,28,3,baseline,0,residual_gcc_after_spectral_all,0.4532235173925235
Chennu,alpha,29,3,moderate,1,residual_gcc_after_spectral_all,0.8355584790302543
Chennu,alpha,30,5,baseline,0,residual_gcc_after_spectral_all,0.4509376148871276
Chennu,alpha,31,5,moderate,1,residual_gcc_after_spectral_all,0.509688248508186
Chennu,alpha,32,6,baseline,0,residual_gcc_after_spectral_all,0.44766167119748823
Chennu,alpha,33,6,moderate,1,residual_gcc_after_spectral_all,0.8037873630933482
Chennu,alpha,34,7,baseline,0,residual_gcc_after_spectral_all,0.46809845752709656
Chennu,alpha,35,7,moderate,1,residual_gcc_after_spectral_all,0.3403872585211835
Chennu,alpha,36,8,baseline,0,residual_gcc_after_spectral_all,0.4435310640916967
Chennu,alpha,37,8,moderate,1,residual_gcc_after_spectral_all,0.09765622425281197
Chennu,alpha,38,9,baseline,0,residual_gcc_after_spectral_all,0.4484247992927239
Chennu,alpha,39,9,moderate,1,residual_gcc_after_spectral_all,0.6068342796533154
DS005620,alpha,80,1010,awake,0,spectral_bandpower,0.12672483728506667
DS005620,alpha,81,1010,sed,1,spectral_bandpower,0.8763688215243832
DS005620,alpha,82,1010,sed2,1,spectral_bandpower,0.9224138306192876
DS005620,alpha,83,1016,awake,0,spectral_bandpower,0.1256606948064199
DS005620,alpha,84,1016,sed,1,spectral_bandpower,0.8875761447542335
DS005620,alpha,85,1016,sed2,1,spectral_bandpower,0.7455687341272489
DS005620,alpha,86,1017,awake,0,spectral_bandpower,0.12794248820124432
DS005620,alpha,87,1017,sed,1,spectral_bandpower,0.9580383706174398
DS005620,alpha,88,1017,sed2,1,spectral_bandpower,0.9457318363795746
DS005620,alpha,89,1022,awake,0,spectral_bandpower,0.11484201201425204
DS005620,alpha,90,1022,sed,1,spectral_bandpower,0.8436223964768468
DS005620,alpha,91,1022,sed2,1,spectral_bandpower,0.22121190510917343
DS005620,alpha,92,1024,awake,0,spectral_bandpower,0.12723538775839854
DS005620,alpha,93,1024,sed,1,spectral_bandpower,0.9961264337605513
DS005620,alpha,94,1024,sed2,1,spectral_bandpower,0.9929245399820175
DS005620,alpha,95,1033,awake,0,spectral_bandpower,0.12089949083146165
DS005620,alpha,96,1033,sed,1,spectral_bandpower,0.5247558918853706
DS005620,alpha,97,1033,sed2,1,spectral_bandpower,0.6132371519829802
DS005620,alpha,98,1036,awake,0,spectral_bandpower,0.12495322848272819
DS005620,alpha,99,1036,sed,1,spectral_bandpower,0.8227337732710124
DS005620,alpha,100,1036,sed2,1,spectral_bandpower,0.8536282740154176
DS005620,alpha,101,1037,awake,0,spectral_bandpower,0.12336308845944065
DS005620,alpha,102,1045,awake,0,spectral_bandpower,0.12816325085229333
DS005620,alpha,103,1045,sed,1,spectral_bandpower,0.9939129561768208
DS005620,alpha,104,1045,sed2,1,spectral_bandpower,0.9805376036262269
DS005620,alpha,105,1046,awake,0,spectral_bandpower,0.12427157524014686
DS005620,alpha,106,1046,sed,1,spectral_bandpower,0.8330900621779926
DS005620,alpha,107,1046,sed2,1,spectral_bandpower,0.6745303149758564
DS005620,alpha,108,1054,awake,0,spectral_bandpower,0.1283748445075187
DS005620,alpha,109,1054,sed,1,spectral_bandpower,0.9866886860395413
DS005620,alpha,110,1054,sed2,1,spectral_bandpower,0.995699887774164
DS005620,alpha,111,1055,awake,0,spectral_bandpower,0.12819638053090351
DS005620,alpha,112,1055,sed,1,spectral_bandpower,0.9647647121686204
DS005620,alpha,113,1055,sed2,1,spectral_bandpower,0.9447593219234428
DS005620,alpha,114,1057,awake,0,spectral_bandpower,0.12579356878206158
DS005620,alpha,115,1057,sed,1,spectral_bandpower,0.988835136547027
DS005620,alpha,116,1057,sed2,1,spectral_bandpower,0.9945042586677785
DS005620,alpha,117,1060,awake,0,spectral_bandpower,0.10990140737956745
DS005620,alpha,118,1060,sed,1,spectral_bandpower,0.9999991656039088
DS005620,alpha,119,1060,sed2,1,spectral_bandpower,0.9999960948538591
DS005620,alpha,120,1061,awake,0,spectral_bandpower,0.1288759563114979
DS005620,alpha,121,1061,sed,1,spectral_bandpower,0.9794865719581483
DS005620,alpha,122,1061,sed2,1,spectral_bandpower,0.9875530574148689
DS005620,alpha,123,1062,awake,0,spectral_bandpower,0.12879914276776785
DS005620,alpha,124,1062,sed,1,spectral_bandpower,0.9800139890900892
DS005620,alpha,125,1062,sed2,1,spectral_bandpower,0.9853904584902852
DS005620,alpha,126,1064,awake,0,spectral_bandpower,0.126549373407837
DS005620,alpha,127,1064,sed,1,spectral_bandpower,0.9980421832761481
DS005620,alpha,128,1064,sed2,1,spectral_bandpower,0.985333726491886
DS005620,alpha,129,1067,awake,0,spectral_bandpower,0.09212647515489185
DS005620,alpha,130,1067,sed,1,spectral_bandpower,0.09277218622513682
DS005620,alpha,131,1067,sed2,1,spectral_bandpower,0.06230049021125886
DS005620,alpha,132,1068,awake,0,spectral_bandpower,0.12062433663747395
DS005620,alpha,133,1068,sed,1,spectral_bandpower,0.5099201288821017
DS005620,alpha,134,1068,sed2,1,spectral_bandpower,0.6115414370096024
DS005620,alpha,135,1071,awake,0,spectral_bandpower,0.12784655038403445
DS005620,alpha,136,1071,sed,1,spectral_bandpower,0.99535068426951
DS005620,alpha,137,1071,sed2,1,spectral_bandpower,0.9873010439316161
DS005620,alpha,138,1074,awake,0,spectral_bandpower,0.1286430668100327
DS005620,alpha,139,1074,sed,1,spectral_bandpower,0.9585055325305889
DS005620,alpha,140,1074,sed2,1,spectral_bandpower,0.9051011673809611
DS005620,alpha,80,1010,awake,0,spectral_all,0.0982890447341395
DS005620,alpha,81,1010,sed,1,spectral_all,0.9154999236262789
DS005620,alpha,82,1010,sed2,1,spectral_all,0.9377500694560903
DS005620,alpha,83,1016,awake,0,spectral_all,0.09793398843344049
DS005620,alpha,84,1016,sed,1,spectral_all,0.9005535312949355
DS005620,alpha,85,1016,sed2,1,spectral_all,0.8883431011995664
DS005620,alpha,86,1017,awake,0,spectral_all,0.0995868743335336
DS005620,alpha,87,1017,sed,1,spectral_all,0.9508998202322121
DS005620,alpha,88,1017,sed2,1,spectral_all,0.9661141248113908
DS005620,alpha,89,1022,awake,0,spectral_all,0.09761420289948641
DS005620,alpha,90,1022,sed,1,spectral_all,0.9378842857057337
DS005620,alpha,91,1022,sed2,1,spectral_all,0.701621877378584
DS005620,alpha,92,1024,awake,0,spectral_all,0.09887351976697828
DS005620,alpha,93,1024,sed,1,spectral_all,0.9968210165970409
DS005620,alpha,94,1024,sed2,1,spectral_all,0.993127391680369
DS005620,alpha,95,1033,awake,0,spectral_all,0.09355039297018326
DS005620,alpha,96,1033,sed,1,spectral_all,0.5037849282423938
DS005620,alpha,97,1033,sed2,1,spectral_all,0.7330757502814204
DS005620,alpha,98,1036,awake,0,spectral_all,0.09752224511537483
DS005620,alpha,99,1036,sed,1,spectral_all,0.9499732765008113
DS005620,alpha,100,1036,sed2,1,spectral_all,0.8310634338428693
DS005620,alpha,101,1037,awake,0,spectral_all,0.0959801133634543
DS005620,alpha,102,1045,awake,0,spectral_all,0.09989091689402034
DS005620,alpha,103,1045,sed,1,spectral_all,0.9937287497160783
DS005620,alpha,104,1045,sed2,1,spectral_all,0.9819244276634838
DS005620,alpha,105,1046,awake,0,spectral_all,0.09899941552045159
DS005620,alpha,106,1046,sed,1,spectral_all,0.9467353365615069
DS005620,alpha,107,1046,sed2,1,spectral_all,0.931022525201431
DS005620,alpha,108,1054,awake,0,spectral_all,0.0998976477067712
DS005620,alpha,109,1054,sed,1,spectral_all,0.9963350803735154
DS005620,alpha,110,1054,sed2,1,spectral_all,0.9980341244444532
DS005620,alpha,111,1055,awake,0,spectral_all,0.09941150180668219
DS005620,alpha,112,1055,sed,1,spectral_all,0.9649947519301596
DS005620,alpha,113,1055,sed2,1,spectral_all,0.9516825210157034
DS005620,alpha,114,1057,awake,0,spectral_all,0.08375969872373079
DS005620,alpha,115,1057,sed,1,spectral_all,0.20348156652755925
DS005620,alpha,116,1057,sed2,1,spectral_all,0.11845050822305345
DS005620,alpha,117,1060,awake,0,spectral_all,0.08821701710677629
DS005620,alpha,118,1060,sed,1,spectral_all,0.99999892380722
DS005620,alpha,119,1060,sed2,1,spectral_all,0.9999952504889307
DS005620,alpha,120,1061,awake,0,spectral_all,0.09993059057473985
DS005620,alpha,121,1061,sed,1,spectral_all,0.9972231994262714
DS005620,alpha,122,1061,sed2,1,spectral_all,0.9955631113520524
DS005620,alpha,123,1062,awake,0,spectral_all,0.10025678801647303
DS005620,alpha,124,1062,sed,1,spectral_all,0.9912111467525188
DS005620,alpha,125,1062,sed2,1,spectral_all,0.9930546895609303
DS005620,alpha,126,1064,awake,0,spectral_all,0.09877926807278647
DS005620,alpha,127,1064,sed,1,spectral_all,0.997997528416499
DS005620,alpha,128,1064,sed2,1,spectral_all,0.9869515103239668
DS005620,alpha,129,1067,awake,0,spectral_all,0.06937127289554047
DS005620,alpha,130,1067,sed,1,spectral_all,0.053895782187140515
DS005620,alpha,131,1067,sed2,1,spectral_all,0.09016398462937093
DS005620,alpha,132,1068,awake,0,spectral_all,0.0914861778499938
DS005620,alpha,133,1068,sed,1,spectral_all,0.5524032377729022
DS005620,alpha,134,1068,sed2,1,spectral_all,0.45219424267497904
DS005620,alpha,135,1071,awake,0,spectral_all,0.09920302216175939
DS005620,alpha,136,1071,sed,1,spectral_all,0.9964992675431606
DS005620,alpha,137,1071,sed2,1,spectral_all,0.9891357108121718
DS005620,alpha,138,1074,awake,0,spectral_all,0.10022407535339785
DS005620,alpha,139,1074,sed,1,spectral_all,0.9683387291374235
DS005620,alpha,140,1074,sed2,1,spectral_all,0.8939584667854719
DS005620,alpha,80,1010,awake,0,gcc_pi,0.4281253472999929
DS005620,alpha,81,1010,sed,1,gcc_pi,0.5583575621364394
DS005620,alpha,82,1010,sed2,1,gcc_pi,0.558782572389018
DS005620,alpha,83,1016,awake,0,gcc_pi,0.4214426289459197
DS005620,alpha,84,1016,sed,1,gcc_pi,0.39182625910844643
DS005620,alpha,85,1016,sed2,1,gcc_pi,0.4579303152060107
DS005620,alpha,86,1017,awake,0,gcc_pi,0.4143447605142742
DS005620,alpha,87,1017,sed,1,gcc_pi,0.2910368696831373
DS005620,alpha,88,1017,sed2,1,gcc_pi,0.32013694318678276
DS005620,alpha,89,1022,awake,0,gcc_pi,0.42524412524472033
DS005620,alpha,90,1022,sed,1,gcc_pi,0.47939616362644044
DS005620,alpha,91,1022,sed2,1,gcc_pi,0.514816575590633
DS005620,alpha,92,1024,awake,0,gcc_pi,0.41673019067308287
DS005620,alpha,93,1024,sed,1,gcc_pi,0.3060680052938735
DS005620,alpha,94,1024,sed2,1,gcc_pi,0.383004116564119
DS005620,alpha,95,1033,awake,0,gcc_pi,0.4345551812995611
DS005620,alpha,96,1033,sed,1,gcc_pi,0.9926881335248762
DS005620,alpha,97,1033,sed2,1,gcc_pi,0.9927242472170451
DS005620,alpha,98,1036,awake,0,gcc_pi,0.4176751283607953
DS005620,alpha,99,1036,sed,1,gcc_pi,0.37175250288431017
DS005620,alpha,100,1036,sed2,1,gcc_pi,0.3454777181689608
DS005620,alpha,101,1037,awake,0,gcc_pi,0.42581496889879483
DS005620,alpha,102,1045,awake,0,gcc_pi,0.43398592436409683
DS005620,alpha,103,1045,sed,1,gcc_pi,0.9955522308974663
DS005620,alpha,104,1045,sed2,1,gcc_pi,0.9934518064734851
DS005620,alpha,105,1046,awake,0,gcc_pi,0.42160863102900875
DS005620,alpha,106,1046,sed,1,gcc_pi,0.46697653820671686
DS005620,alpha,107,1046,sed2,1,gcc_pi,0.38962146687763316
DS005620,alpha,108,1054,awake,0,gcc_pi,0.41843785320224214
DS005620,alpha,109,1054,sed,1,gcc_pi,0.4184378532022418
DS005620,alpha,110,1054,sed2,1,gcc_pi,0.32813009082098393
DS005620,alpha,111,1055,awake,0,gcc_pi,0.43624331029093466
DS005620,alpha,112,1055,sed,1,gcc_pi,0.8701972268892209
DS005620,alpha,113,1055,sed2,1,gcc_pi,0.7478227491439148
DS005620,alpha,114,1057,awake,0,gcc_pi,0.43716244908607454
DS005620,alpha,115,1057,sed,1,gcc_pi,0.8461875381997533
DS005620,alpha,116,1057,sed2,1,gcc_pi,0.8465170186013964
DS005620,alpha,117,1060,awake,0,gcc_pi,0.4216134884659895
DS005620,alpha,118,1060,sed,1,gcc_pi,0.4387670749501051
DS005620,alpha,119,1060,sed2,1,gcc_pi,0.41533886615670745
DS005620,alpha,120,1061,awake,0,gcc_pi,0.4303465521301362
DS005620,alpha,121,1061,sed,1,gcc_pi,0.7346827532350374
DS005620,alpha,122,1061,sed2,1,gcc_pi,0.5168370194900995
DS005620,alpha,123,1062,awake,0,gcc_pi,0.43037839528646654
DS005620,alpha,124,1062,sed,1,gcc_pi,0.6128610021978896
DS005620,alpha,125,1062,sed2,1,gcc_pi,0.6122584479212438
DS005620,alpha,126,1064,awake,0,gcc_pi,0.4354400515956382
DS005620,alpha,127,1064,sed,1,gcc_pi,0.7232250383066369
DS005620,alpha,128,1064,sed2,1,gcc_pi,0.8112938720102082
DS005620,alpha,129,1067,awake,0,gcc_pi,0.40538751403731466
DS005620,alpha,130,1067,sed,1,gcc_pi,0.20177923818512875
DS005620,alpha,131,1067,sed2,1,gcc_pi,0.16343400888281487
DS005620,alpha,132,1068,awake,0,gcc_pi,0.4226502899370957
DS005620,alpha,133,1068,sed,1,gcc_pi,0.5326974878242987
DS005620,alpha,134,1068,sed2,1,gcc_pi,0.3721371115083434
DS005620,alpha,135,1071,awake,0,gcc_pi,0.42997591538202706
DS005620,alpha,136,1071,sed,1,gcc_pi,0.6872922187707944
DS005620,alpha,137,1071,sed2,1,gcc_pi,0.5314525361918646
DS005620,alpha,138,1074,awake,0,gcc_pi,0.43219545861056413
DS005620,alpha,139,1074,sed,1,gcc_pi,0.6168730933807695
DS005620,alpha,140,1074,sed2,1,gcc_pi,0.705047295402523
DS005620,alpha,80,1010,awake,0,gcc_triad_plus_pi,0.4206969757065571
DS005620,alpha,81,1010,sed,1,gcc_triad_plus_pi,0.5398865271653118
DS005620,alpha,82,1010,sed2,1,gcc_triad_plus_pi,0.48267244024985073
DS005620,alpha,83,1016,awake,0,gcc_triad_plus_pi,0.4122289626483259
DS005620,alpha,84,1016,sed,1,gcc_triad_plus_pi,0.3407422683777014
DS005620,alpha,85,1016,sed2,1,gcc_triad_plus_pi,0.43360127020108397
DS005620,alpha,86,1017,awake,0,gcc_triad_plus_pi,0.4112947747966556
DS005620,alpha,87,1017,sed,1,gcc_triad_plus_pi,0.336585644100618
DS005620,alpha,88,1017,sed2,1,gcc_triad_plus_pi,0.3725615955154745
DS005620,alpha,89,1022,awake,0,gcc_triad_plus_pi,0.42094615422928877
DS005620,alpha,90,1022,sed,1,gcc_triad_plus_pi,0.5351131319883753
DS005620,alpha,91,1022,sed2,1,gcc_triad_plus_pi,0.510293624769294
DS005620,alpha,92,1024,awake,0,gcc_triad_plus_pi,0.40746499535767594
DS005620,alpha,93,1024,sed,1,gcc_triad_plus_pi,0.28069997423798604
DS005620,alpha,94,1024,sed2,1,gcc_triad_plus_pi,0.3880682234144268
DS005620,alpha,95,1033,awake,0,gcc_triad_plus_pi,0.4263289400040526
DS005620,alpha,96,1033,sed,1,gcc_triad_plus_pi,0.9958435604613363
DS005620,alpha,97,1033,sed2,1,gcc_triad_plus_pi,0.9957270362799849
DS005620,alpha,98,1036,awake,0,gcc_triad_plus_pi,0.39984221077811316
DS005620,alpha,99,1036,sed,1,gcc_triad_plus_pi,0.1838237366473235
DS005620,alpha,100,1036,sed2,1,gcc_triad_plus_pi,0.22693822635425948
DS005620,alpha,101,1037,awake,0,gcc_triad_plus_pi,0.41819391738575507
DS005620,alpha,102,1045,awake,0,gcc_triad_plus_pi,0.4255765611829907
DS005620,alpha,103,1045,sed,1,gcc_triad_plus_pi,0.9979021350221339
DS005620,alpha,104,1045,sed2,1,gcc_triad_plus_pi,0.9965882642600794
DS005620,alpha,105,1046,awake,0,gcc_triad_plus_pi,0.4165962532193337
DS005620,alpha,106,1046,sed,1,gcc_triad_plus_pi,0.4797889320611274
DS005620,alpha,107,1046,sed2,1,gcc_triad_plus_pi,0.44046627664712634
DS005620,alpha,108,1054,awake,0,gcc_triad_plus_pi,0.41003048148645416
DS005620,alpha,109,1054,sed,1,gcc_triad_plus_pi,0.3959565564997047
DS005620,alpha,110,1054,sed2,1,gcc_triad_plus_pi,0.29589528214398453
DS005620,alpha,111,1055,awake,0,gcc_triad_plus_pi,0.43018741131073057
DS005620,alpha,112,1055,sed,1,gcc_triad_plus_pi,0.9131869106555053
DS005620,alpha,113,1055,sed2,1,gcc_triad_plus_pi,0.8274025676126725
DS005620,alpha,114,1057,awake,0,gcc_triad_plus_pi,0.42911048509653227
DS005620,alpha,115,1057,sed,1,gcc_triad_plus_pi,0.8465420418532252
DS005620,alpha,116,1057,sed2,1,gcc_triad_plus_pi,0.8263075244132015
DS005620,alpha,117,1060,awake,0,gcc_triad_plus_pi,0.41263050213960006
DS005620,alpha,118,1060,sed,1,gcc_triad_plus_pi,0.42433835072263076
DS005620,alpha,119,1060,sed2,1,gcc_triad_plus_pi,0.37379705850258443
DS005620,alpha,120,1061,awake,0,gcc_triad_plus_pi,0.4214066626581267
DS005620,alpha,121,1061,sed,1,gcc_triad_plus_pi,0.5784448803836443
DS005620,alpha,122,1061,sed2,1,gcc_triad_plus_pi,0.5784160634996083
DS005620,alpha,123,1062,awake,0,gcc_triad_plus_pi,0.4257452078821533
DS005620,alpha,124,1062,sed,1,gcc_triad_plus_pi,0.7076829438836814
DS005620,alpha,125,1062,sed2,1,gcc_triad_plus_pi,0.6582365132071193
DS005620,alpha,126,1064,awake,0,gcc_triad_plus_pi,0.4214176723621513
DS005620,alpha,127,1064,sed,1,gcc_triad_plus_pi,0.383463050397886
DS005620,alpha,128,1064,sed2,1,gcc_triad_plus_pi,0.4718452946288458
DS005620,alpha,129,1067,awake,0,gcc_triad_plus_pi,0.3804211476693595
DS005620,alpha,130,1067,sed,1,gcc_triad_plus_pi,0.06350955049240474
DS005620,alpha,131,1067,sed2,1,gcc_triad_plus_pi,0.05245081150190529
DS005620,alpha,132,1068,awake,0,gcc_triad_plus_pi,0.41774209007599156
DS005620,alpha,133,1068,sed,1,gcc_triad_plus_pi,0.4764449064757506
DS005620,alpha,134,1068,sed2,1,gcc_triad_plus_pi,0.3721884261146322
DS005620,alpha,135,1071,awake,0,gcc_triad_plus_pi,0.4238095625466297
DS005620,alpha,136,1071,sed,1,gcc_triad_plus_pi,0.7435162184898773
DS005620,alpha,137,1071,sed2,1,gcc_triad_plus_pi,0.5490745279599741
DS005620,alpha,138,1074,awake,0,gcc_triad_plus_pi,0.4220070052293337
DS005620,alpha,139,1074,sed,1,gcc_triad_plus_pi,0.5127692243056872
DS005620,alpha,140,1074,sed2,1,gcc_triad_plus_pi,0.5788808742904342
DS005620,alpha,80,1010,awake,0,spectral_all_plus_gcc,0.0863229505889028
DS005620,alpha,81,1010,sed,1,spectral_all_plus_gcc,0.7543495885837449
DS005620,alpha,82,1010,sed2,1,spectral_all_plus_gcc,0.8452043283545462
DS005620,alpha,83,1016,awake,0,spectral_all_plus_gcc,0.08621834676727436
DS005620,alpha,84,1016,sed,1,spectral_all_plus_gcc,0.8044149145819633
DS005620,alpha,85,1016,sed2,1,spectral_all_plus_gcc,0.8706328382961288
DS005620,alpha,86,1017,awake,0,spectral_all_plus_gcc,0.08881037210272277
DS005620,alpha,87,1017,sed,1,spectral_all_plus_gcc,0.9585551948980657
DS005620,alpha,88,1017,sed2,1,spectral_all_plus_gcc,0.9798456882186443
DS005620,alpha,89,1022,awake,0,spectral_all_plus_gcc,0.08598912012250967
DS005620,alpha,90,1022,sed,1,spectral_all_plus_gcc,0.9414913784213218
DS005620,alpha,91,1022,sed2,1,spectral_all_plus_gcc,0.6313011969843083
DS005620,alpha,92,1024,awake,0,spectral_all_plus_gcc,0.08793877129060511
DS005620,alpha,93,1024,sed,1,spectral_all_plus_gcc,0.9978268030941525
DS005620,alpha,94,1024,sed2,1,spectral_all_plus_gcc,0.9951533894825944
DS005620,alpha,95,1033,awake,0,spectral_all_plus_gcc,0.08698389330776314
DS005620,alpha,96,1033,sed,1,spectral_all_plus_gcc,0.8475752689217659
DS005620,alpha,97,1033,sed2,1,spectral_all_plus_gcc,0.9536319169463331
DS005620,alpha,98,1036,awake,0,spectral_all_plus_gcc,0.08736272221974895
DS005620,alpha,99,1036,sed,1,spectral_all_plus_gcc,0.9900090322356566
DS005620,alpha,100,1036,sed2,1,spectral_all_plus_gcc,0.9547527756384341
DS005620,alpha,101,1037,awake,0,spectral_all_plus_gcc,0.08554549088071342
DS005620,alpha,102,1045,awake,0,spectral_all_plus_gcc,0.0886556477713518
DS005620,alpha,103,1045,sed,1,spectral_all_plus_gcc,0.9996997822361257
DS005620,alpha,104,1045,sed2,1,spectral_all_plus_gcc,0.9982395791695763
DS005620,alpha,105,1046,awake,0,spectral_all_plus_gcc,0.08795682704016733
DS005620,alpha,106,1046,sed,1,spectral_all_plus_gcc,0.8729284843989417
DS005620,alpha,107,1046,sed2,1,spectral_all_plus_gcc,0.8418408509736258
DS005620,alpha,108,1054,awake,0,spectral_all_plus_gcc,0.08860867031614819
DS005620,alpha,109,1054,sed,1,spectral_all_plus_gcc,0.9966115999713053
DS005620,alpha,110,1054,sed2,1,spectral_all_plus_gcc,0.9980054796363632
DS005620,alpha,111,1055,awake,0,spectral_all_plus_gcc,0.0891420580816916
DS005620,alpha,112,1055,sed,1,spectral_all_plus_gcc,0.9837278180003262
DS005620,alpha,113,1055,sed2,1,spectral_all_plus_gcc,0.9636043779445534
DS005620,alpha,114,1057,awake,0,spectral_all_plus_gcc,0.07374480188555889
DS005620,alpha,115,1057,sed,1,spectral_all_plus_gcc,0.17705651966674196
DS005620,alpha,116,1057,sed2,1,spectral_all_plus_gcc,0.06884396479078769
DS005620,alpha,117,1060,awake,0,spectral_all_plus_gcc,0.07498262359345842
DS005620,alpha,118,1060,sed,1,spectral_all_plus_gcc,0.9999998418693891
DS005620,alpha,119,1060,sed2,1,spectral_all_plus_gcc,0.9999992397234088
DS005620,alpha,120,1061,awake,0,spectral_all_plus_gcc,0.08906560790350815
DS005620,alpha,121,1061,sed,1,spectral_all_plus_gcc,0.9992587343088672
DS005620,alpha,122,1061,sed2,1,spectral_all_plus_gcc,0.996888539413293
DS005620,alpha,123,1062,awake,0,spectral_all_plus_gcc,0.0895926765368498
DS005620,alpha,124,1062,sed,1,spectral_all_plus_gcc,0.9945711808096228
DS005620,alpha,125,1062,sed2,1,spectral_all_plus_gcc,0.9967795266309054
DS005620,alpha,126,1064,awake,0,spectral_all_plus_gcc,0.08741550779821339
DS005620,alpha,127,1064,sed,1,spectral_all_plus_gcc,0.9968007148525068
DS005620,alpha,128,1064,sed2,1,spectral_all_plus_gcc,0.9728888700725549
DS005620,alpha,129,1067,awake,0,spectral_all_plus_gcc,0.05714045312212818
DS005620,alpha,130,1067,sed,1,spectral_all_plus_gcc,0.013214096829386754
DS005620,alpha,131,1067,sed2,1,spectral_all_plus_gcc,0.023014093054790016
DS005620,alpha,132,1068,awake,0,spectral_all_plus_gcc,0.08051862969148631
DS005620,alpha,133,1068,sed,1,spectral_all_plus_gcc,0.5578603768931334
DS005620,alpha,134,1068,sed2,1,spectral_all_plus_gcc,0.43974579948209314
DS005620,alpha,135,1071,awake,0,spectral_all_plus_gcc,0.08904769768157154
DS005620,alpha,136,1071,sed,1,spectral_all_plus_gcc,0.9956210676004373
DS005620,alpha,137,1071,sed2,1,spectral_all_plus_gcc,0.9896798396631191
DS005620,alpha,138,1074,awake,0,spectral_all_plus_gcc,0.0880647054002218
DS005620,alpha,139,1074,sed,1,spectral_all_plus_gcc,0.9429296563275736
DS005620,alpha,140,1074,sed2,1,spectral_all_plus_gcc,0.7670025679656722
DS005620,alpha,80,1010,awake,0,residual_pi_after_spectral_all,0.4992926066560355
DS005620,alpha,81,1010,sed,1,residual_pi_after_spectral_all,0.5171731515977444
DS005620,alpha,82,1010,sed2,1,residual_pi_after_spectral_all,0.5120719779061745
DS005620,alpha,83,1016,awake,0,residual_pi_after_spectral_all,0.4984854850844847
DS005620,alpha,84,1016,sed,1,residual_pi_after_spectral_all,0.4834551285682753
DS005620,alpha,85,1016,sed2,1,residual_pi_after_spectral_all,0.5228183517604208
DS005620,alpha,86,1017,awake,0,residual_pi_after_spectral_all,0.4982494656104851
DS005620,alpha,87,1017,sed,1,residual_pi_after_spectral_all,0.4698259150976469
DS005620,alpha,88,1017,sed2,1,residual_pi_after_spectral_all,0.47945679403065183
DS005620,alpha,89,1022,awake,0,residual_pi_after_spectral_all,0.4996251636857521
DS005620,alpha,90,1022,sed,1,residual_pi_after_spectral_all,0.5168077690303405
DS005620,alpha,91,1022,sed2,1,residual_pi_after_spectral_all,0.5233000391281157
DS005620,alpha,92,1024,awake,0,residual_pi_after_spectral_all,0.49935587730336545
DS005620,alpha,93,1024,sed,1,residual_pi_after_spectral_all,0.47862703429839343
DS005620,alpha,94,1024,sed2,1,residual_pi_after_spectral_all,0.4829589264879901
DS005620,alpha,95,1033,awake,0,residual_pi_after_spectral_all,0.49969198371286555
DS005620,alpha,96,1033,sed,1,residual_pi_after_spectral_all,0.4475567262268973
DS005620,alpha,97,1033,sed2,1,residual_pi_after_spectral_all,0.4414063482783304
DS005620,alpha,98,1036,awake,0,residual_pi_after_spectral_all,0.4974250331267156
DS005620,alpha,99,1036,sed,1,residual_pi_after_spectral_all,0.48089991421374695
DS005620,alpha,100,1036,sed2,1,residual_pi_after_spectral_all,0.4508535067082659
DS005620,alpha,101,1037,awake,0,residual_pi_after_spectral_all,0.4986409539266202
DS005620,alpha,102,1045,awake,0,residual_pi_after_spectral_all,0.4942931421170948
DS005620,alpha,103,1045,sed,1,residual_pi_after_spectral_all,0.7893216993327768
DS005620,alpha,104,1045,sed2,1,residual_pi_after_spectral_all,0.7783496872103008
DS005620,alpha,105,1046,awake,0,residual_pi_after_spectral_all,0.49793653422179673
DS005620,alpha,106,1046,sed,1,residual_pi_after_spectral_all,0.40055761910496934
DS005620,alpha,107,1046,sed2,1,residual_pi_after_spectral_all,0.41109383661098364
DS005620,alpha,108,1054,awake,0,residual_pi_after_spectral_all,0.4995887459988946
DS005620,alpha,109,1054,sed,1,residual_pi_after_spectral_all,0.47860163599748845
DS005620,alpha,110,1054,sed2,1,residual_pi_after_spectral_all,0.4687367739441864
DS005620,alpha,111,1055,awake,0,residual_pi_after_spectral_all,0.4987416083247999
DS005620,alpha,112,1055,sed,1,residual_pi_after_spectral_all,0.5184969015559265
DS005620,alpha,113,1055,sed2,1,residual_pi_after_spectral_all,0.5051421154254533
DS005620,alpha,114,1057,awake,0,residual_pi_after_spectral_all,0.4945513973837095
DS005620,alpha,115,1057,sed,1,residual_pi_after_spectral_all,0.3542807044237035
DS005620,alpha,116,1057,sed2,1,residual_pi_after_spectral_all,0.3385651331511363
DS005620,alpha,117,1060,awake,0,residual_pi_after_spectral_all,0.4995730362254596
DS005620,alpha,118,1060,sed,1,residual_pi_after_spectral_all,0.4774342946099136
DS005620,alpha,119,1060,sed2,1,residual_pi_after_spectral_all,0.4728986748046775
DS005620,alpha,120,1061,awake,0,residual_pi_after_spectral_all,0.4993318254521348
DS005620,alpha,121,1061,sed,1,residual_pi_after_spectral_all,0.49972400032777503
DS005620,alpha,122,1061,sed2,1,residual_pi_after_spectral_all,0.4718772191414882
DS005620,alpha,123,1062,awake,0,residual_pi_after_spectral_all,0.49898833048857183
DS005620,alpha,124,1062,sed,1,residual_pi_after_spectral_all,0.49100722148055975
DS005620,alpha,125,1062,sed2,1,residual_pi_after_spectral_all,0.48894305561198165
DS005620,alpha,126,1064,awake,0,residual_pi_after_spectral_all,0.499098953312922
DS005620,alpha,127,1064,sed,1,residual_pi_after_spectral_all,0.5476599824482321
DS005620,alpha,128,1064,sed2,1,residual_pi_after_spectral_all,0.5564288292567255
DS005620,alpha,129,1067,awake,0,residual_pi_after_spectral_all,0.4912759980120898
DS005620,alpha,130,1067,sed,1,residual_pi_after_spectral_all,0.38990220413689797
DS005620,alpha,131,1067,sed2,1,residual_pi_after_spectral_all,0.41358525208726893
DS005620,alpha,132,1068,awake,0,residual_pi_after_spectral_all,0.49923371665011507
DS005620,alpha,133,1068,sed,1,residual_pi_after_spectral_all,0.5131086109271061
DS005620,alpha,134,1068,sed2,1,residual_pi_after_spectral_all,0.5001287283679802
DS005620,alpha,135,1071,awake,0,residual_pi_after_spectral_all,0.49929672361711086
DS005620,alpha,136,1071,sed,1,residual_pi_after_spectral_all,0.48212498529103476
DS005620,alpha,137,1071,sed2,1,residual_pi_after_spectral_all,0.46785824242318247
DS005620,alpha,138,1074,awake,0,residual_pi_after_spectral_all,0.4992520635541169
DS005620,alpha,139,1074,sed,1,residual_pi_after_spectral_all,0.5143136695088996
DS005620,alpha,140,1074,sed2,1,residual_pi_after_spectral_all,0.5207823902303537
DS005620,alpha,80,1010,awake,0,residual_gcc_after_spectral_all,0.4918599086291923
DS005620,alpha,81,1010,sed,1,residual_gcc_after_spectral_all,0.4318505096437508
DS005620,alpha,82,1010,sed2,1,residual_gcc_after_spectral_all,0.46709750012285656
DS005620,alpha,83,1016,awake,0,residual_gcc_after_spectral_all,0.492247540017704
DS005620,alpha,84,1016,sed,1,residual_gcc_after_spectral_all,0.4625222490483944
DS005620,alpha,85,1016,sed2,1,residual_gcc_after_spectral_all,0.5530525501353271
DS005620,alpha,86,1017,awake,0,residual_gcc_after_spectral_all,0.4906290208276479
DS005620,alpha,87,1017,sed,1,residual_gcc_after_spectral_all,0.3710997102167571
DS005620,alpha,88,1017,sed2,1,residual_gcc_after_spectral_all,0.40813877396309367
DS005620,alpha,89,1022,awake,0,residual_gcc_after_spectral_all,0.4946044473176943
DS005620,alpha,90,1022,sed,1,residual_gcc_after_spectral_all,0.4934534887314153
DS005620,alpha,91,1022,sed2,1,residual_gcc_after_spectral_all,0.5642972507594017
DS005620,alpha,92,1024,awake,0,residual_gcc_after_spectral_all,0.49298852888324335
DS005620,alpha,93,1024,sed,1,residual_gcc_after_spectral_all,0.5069520211008738
DS005620,alpha,94,1024,sed2,1,residual_gcc_after_spectral_all,0.5148403949755588
DS005620,alpha,95,1033,awake,0,residual_gcc_after_spectral_all,0.4938006184545503
DS005620,alpha,96,1033,sed,1,residual_gcc_after_spectral_all,0.4586262778437721
DS005620,alpha,97,1033,sed2,1,residual_gcc_after_spectral_all,0.4521634112353881
DS005620,alpha,98,1036,awake,0,residual_gcc_after_spectral_all,0.4956211606484236
DS005620,alpha,99,1036,sed,1,residual_gcc_after_spectral_all,0.5122425645960509
DS005620,alpha,100,1036,sed2,1,residual_gcc_after_spectral_all,0.4544535678345761
DS005620,alpha,101,1037,awake,0,residual_gcc_after_spectral_all,0.4925246661598815
DS005620,alpha,102,1045,awake,0,residual_gcc_after_spectral_all,0.4912218545632395
DS005620,alpha,103,1045,sed,1,residual_gcc_after_spectral_all,0.5806797845586441
DS005620,alpha,104,1045,sed2,1,residual_gcc_after_spectral_all,0.5698512558513732
DS005620,alpha,105,1046,awake,0,residual_gcc_after_spectral_all,0.4900791465070478
DS005620,alpha,106,1046,sed,1,residual_gcc_after_spectral_all,0.3610251758518869
DS005620,alpha,107,1046,sed2,1,residual_gcc_after_spectral_all,0.28027810458546737
DS005620,alpha,108,1054,awake,0,residual_gcc_after_spectral_all,0.4939402318385859
DS005620,alpha,109,1054,sed,1,residual_gcc_after_spectral_all,0.4560948577904901
DS005620,alpha,110,1054,sed2,1,residual_gcc_after_spectral_all,0.4573587685511998
DS005620,alpha,111,1055,awake,0,residual_gcc_after_spectral_all,0.4924623820304874
DS005620,alpha,112,1055,sed,1,residual_gcc_after_spectral_all,0.5429683468965001
DS005620,alpha,113,1055,sed2,1,residual_gcc_after_spectral_all,0.4543881771981679
DS005620,alpha,114,1057,awake,0,residual_gcc_after_spectral_all,0.4932374019729314
DS005620,alpha,115,1057,sed,1,residual_gcc_after_spectral_all,0.435483856150667
DS005620,alpha,116,1057,sed2,1,residual_gcc_after_spectral_all,0.4183997488396698
DS005620,alpha,117,1060,awake,0,residual_gcc_after_spectral_all,0.49088133153735464
DS005620,alpha,118,1060,sed,1,residual_gcc_after_spectral_all,0.7559303749458819
DS005620,alpha,119,1060,sed2,1,residual_gcc_after_spectral_all,0.7487483165143507
DS005620,alpha,120,1061,awake,0,residual_gcc_after_spectral_all,0.4898338851793512
DS005620,alpha,121,1061,sed,1,residual_gcc_after_spectral_all,0.7096544430372246
DS005620,alpha,122,1061,sed2,1,residual_gcc_after_spectral_all,0.48055596690654534
DS005620,alpha,123,1062,awake,0,residual_gcc_after_spectral_all,0.4928084474574195
DS005620,alpha,124,1062,sed,1,residual_gcc_after_spectral_all,0.478212427454685
DS005620,alpha,125,1062,sed2,1,residual_gcc_after_spectral_all,0.5151618511029759
DS005620,alpha,126,1064,awake,0,residual_gcc_after_spectral_all,0.4931607120540389
DS005620,alpha,127,1064,sed,1,residual_gcc_after_spectral_all,0.6193941413681248
DS005620,alpha,128,1064,sed2,1,residual_gcc_after_spectral_all,0.6792285790027028
DS005620,alpha,129,1067,awake,0,residual_gcc_after_spectral_all,0.48077017539834893
DS005620,alpha,130,1067,sed,1,residual_gcc_after_spectral_all,0.2578378411837547
DS005620,alpha,131,1067,sed2,1,residual_gcc_after_spectral_all,0.2947830762951792
DS005620,alpha,132,1068,awake,0,residual_gcc_after_spectral_all,0.47740804421028743
DS005620,alpha,133,1068,sed,1,residual_gcc_after_spectral_all,0.38008342489018954
DS005620,alpha,134,1068,sed2,1,residual_gcc_after_spectral_all,0.15939776504961
DS005620,alpha,135,1071,awake,0,residual_gcc_after_spectral_all,0.4921545188651246
DS005620,alpha,136,1071,sed,1,residual_gcc_after_spectral_all,0.5223341129070865
DS005620,alpha,137,1071,sed2,1,residual_gcc_after_spectral_all,0.5410302198851985
DS005620,alpha,138,1074,awake,0,residual_gcc_after_spectral_all,0.49423220115991523
DS005620,alpha,139,1074,sed,1,residual_gcc_after_spectral_all,0.5373119509102364
DS005620,alpha,140,1074,sed2,1,residual_gcc_after_spectral_all,0.5538171526254703
FarnesKetamine,alpha,202,210,awake,0,spectral_bandpower,0.3190664376637116
FarnesKetamine,alpha,203,210,ketamine,1,spectral_bandpower,0.3048245859490415
FarnesKetamine,alpha,204,219,awake,0,spectral_bandpower,0.34477333051604775
FarnesKetamine,alpha,205,219,ketamine,1,spectral_bandpower,0.9976530405213357
FarnesKetamine,alpha,206,249,awake,0,spectral_bandpower,0.34915817869712845
FarnesKetamine,alpha,207,249,ketamine,1,spectral_bandpower,0.989926560878775
FarnesKetamine,alpha,208,251,awake,0,spectral_bandpower,0.3114763085086925
FarnesKetamine,alpha,209,251,ketamine,1,spectral_bandpower,0.24145859729871744
FarnesKetamine,alpha,210,265,awake,0,spectral_bandpower,0.3318333268223029
FarnesKetamine,alpha,211,265,ketamine,1,spectral_bandpower,0.4787762324342828
FarnesKetamine,alpha,212,271,awake,0,spectral_bandpower,0.34948328616750246
FarnesKetamine,alpha,213,271,ketamine,1,spectral_bandpower,0.6877815363976947
FarnesKetamine,alpha,214,282,awake,0,spectral_bandpower,0.35557711156750677
FarnesKetamine,alpha,215,282,ketamine,1,spectral_bandpower,0.9526131039586313
FarnesKetamine,alpha,216,300,awake,0,spectral_bandpower,0.31665977025739417
FarnesKetamine,alpha,217,300,ketamine,1,spectral_bandpower,0.32759666154758693
FarnesKetamine,alpha,218,313,awake,0,spectral_bandpower,0.2633629301478567
FarnesKetamine,alpha,219,313,ketamine,1,spectral_bandpower,0.0365702958473162
FarnesKetamine,alpha,220,318,awake,0,spectral_bandpower,0.33919511725405077
FarnesKetamine,alpha,221,318,ketamine,1,spectral_bandpower,0.5437308229690342
FarnesKetamine,alpha,202,210,awake,0,spectral_all,0.16170890949261313
FarnesKetamine,alpha,203,210,ketamine,1,spectral_all,0.9137400799710187
FarnesKetamine,alpha,204,219,awake,0,spectral_all,0.16597008123198134
FarnesKetamine,alpha,205,219,ketamine,1,spectral_all,0.9908201302053813
FarnesKetamine,alpha,206,249,awake,0,spectral_all,0.16422416812061982
FarnesKetamine,alpha,207,249,ketamine,1,spectral_all,0.9906866690251868
FarnesKetamine,alpha,208,251,awake,0,spectral_all,0.1638016316894369
FarnesKetamine,alpha,209,251,ketamine,1,spectral_all,0.8629434890033271
FarnesKetamine,alpha,210,265,awake,0,spectral_all,0.16741690274729384
FarnesKetamine,alpha,211,265,ketamine,1,spectral_all,0.8023847733626546
FarnesKetamine,alpha,212,271,awake,0,spectral_all,0.16050221028526349
FarnesKetamine,alpha,213,271,ketamine,1,spectral_all,0.5821617802700019
FarnesKetamine,alpha,214,282,awake,0,spectral_all,0.15468762021090662
FarnesKetamine,alpha,215,282,ketamine,1,spectral_all,0.41866657366499394
FarnesKetamine,alpha,216,300,awake,0,spectral_all,0.13674214229983633
FarnesKetamine,alpha,217,300,ketamine,1,spectral_all,0.25499178197252087
FarnesKetamine,alpha,218,313,awake,0,spectral_all,0.1572488006246516
FarnesKetamine,alpha,219,313,ketamine,1,spectral_all,0.9377302139305149
FarnesKetamine,alpha,220,318,awake,0,spectral_all,0.1569075320065979
FarnesKetamine,alpha,221,318,ketamine,1,spectral_all,0.5207217968719874
FarnesKetamine,alpha,202,210,awake,0,gcc_pi,0.39288432677964674
FarnesKetamine,alpha,203,210,ketamine,1,gcc_pi,0.509257017599429
FarnesKetamine,alpha,204,219,awake,0,gcc_pi,0.39735714426955515
FarnesKetamine,alpha,205,219,ketamine,1,gcc_pi,0.556045254740939
FarnesKetamine,alpha,206,249,awake,0,gcc_pi,0.4138201655463958
FarnesKetamine,alpha,207,249,ketamine,1,gcc_pi,0.9161827174176322
FarnesKetamine,alpha,208,251,awake,0,gcc_pi,0.4113159271205611
FarnesKetamine,alpha,209,251,ketamine,1,gcc_pi,0.7508715001329342
FarnesKetamine,alpha,210,265,awake,0,gcc_pi,0.4138726443016598
FarnesKetamine,alpha,211,265,ketamine,1,gcc_pi,0.8211594931877675
FarnesKetamine,alpha,212,271,awake,0,gcc_pi,0.4143128261726498
FarnesKetamine,alpha,213,271,ketamine,1,gcc_pi,0.8972020395517744
FarnesKetamine,alpha,214,282,awake,0,gcc_pi,0.3552924965687013
FarnesKetamine,alpha,215,282,ketamine,1,gcc_pi,0.21417612797349603
FarnesKetamine,alpha,216,300,awake,0,gcc_pi,0.3651879026853113
FarnesKetamine,alpha,217,300,ketamine,1,gcc_pi,0.2803574537282774
FarnesKetamine,alpha,218,313,awake,0,gcc_pi,0.40836918186347876
FarnesKetamine,alpha,219,313,ketamine,1,gcc_pi,0.6973060321657395
FarnesKetamine,alpha,220,318,awake,0,gcc_pi,0.35623424493130434
FarnesKetamine,alpha,221,318,ketamine,1,gcc_pi,0.2200870767690476
FarnesKetamine,alpha,202,210,awake,0,gcc_triad_plus_pi,0.23306568939674907
FarnesKetamine,alpha,203,210,ketamine,1,gcc_triad_plus_pi,0.7815243575250542
FarnesKetamine,alpha,204,219,awake,0,gcc_triad_plus_pi,0.23538472204892705
FarnesKetamine,alpha,205,219,ketamine,1,gcc_triad_plus_pi,0.9558647586958207
FarnesKetamine,alpha,206,249,awake,0,gcc_triad_plus_pi,0.2228857938808452
FarnesKetamine,alpha,207,249,ketamine,1,gcc_triad_plus_pi,0.9980193418882805
FarnesKetamine,alpha,208,251,awake,0,gcc_triad_plus_pi,0.229038566074932
FarnesKetamine,alpha,209,251,ketamine,1,gcc_triad_plus_pi,0.9915656304114173
FarnesKetamine,alpha,210,265,awake,0,gcc_triad_plus_pi,0.2338759267350879
FarnesKetamine,alpha,211,265,ketamine,1,gcc_triad_plus_pi,0.9786571844228958
FarnesKetamine,alpha,212,271,awake,0,gcc_triad_plus_pi,0.10727377977919478
FarnesKetamine,alpha,213,271,ketamine,1,gcc_triad_plus_pi,0.00012658250736753498
FarnesKetamine,alpha,214,282,awake,0,gcc_triad_plus_pi,0.22549307119080436
FarnesKetamine,alpha,215,282,ketamine,1,gcc_triad_plus_pi,0.7302778407195208
FarnesKetamine,alpha,216,300,awake,0,gcc_triad_plus_pi,0.21710860449886002
FarnesKetamine,alpha,217,300,ketamine,1,gcc_triad_plus_pi,0.545620561922773
FarnesKetamine,alpha,218,313,awake,0,gcc_triad_plus_pi,0.21206001337378477
FarnesKetamine,alpha,219,313,ketamine,1,gcc_triad_plus_pi,0.3423873875486825
FarnesKetamine,alpha,220,318,awake,0,gcc_triad_plus_pi,0.2023513861382334
FarnesKetamine,alpha,221,318,ketamine,1,gcc_triad_plus_pi,0.36589017925324635
FarnesKetamine,alpha,202,210,awake,0,spectral_all_plus_gcc,0.12905932777872617
FarnesKetamine,alpha,203,210,ketamine,1,spectral_all_plus_gcc,0.9027131775824284
FarnesKetamine,alpha,204,219,awake,0,spectral_all_plus_gcc,0.12579908785409924
FarnesKetamine,alpha,205,219,ketamine,1,spectral_all_plus_gcc,0.999191738029703
FarnesKetamine,alpha,206,249,awake,0,spectral_all_plus_gcc,0.12594253895222704
FarnesKetamine,alpha,207,249,ketamine,1,spectral_all_plus_gcc,0.9993035300280697
FarnesKetamine,alpha,208,251,awake,0,spectral_all_plus_gcc,0.12871850336581264
FarnesKetamine,alpha,209,251,ketamine,1,spectral_all_plus_gcc,0.9853680938401004
FarnesKetamine,alpha,210,265,awake,0,spectral_all_plus_gcc,0.1340448278319669
FarnesKetamine,alpha,211,265,ketamine,1,spectral_all_plus_gcc,0.9466017192408416
FarnesKetamine,alpha,212,271,awake,0,spectral_all_plus_gcc,0.07793642451236407
FarnesKetamine,alpha,213,271,ketamine,1,spectral_all_plus_gcc,0.0005829579581006874
FarnesKetamine,alpha,214,282,awake,0,spectral_all_plus_gcc,0.12140288459218194
FarnesKetamine,alpha,215,282,ketamine,1,spectral_all_plus_gcc,0.4334727138102017
FarnesKetamine,alpha,216,300,awake,0,spectral_all_plus_gcc,0.11046974042196683
FarnesKetamine,alpha,217,300,ketamine,1,spectral_all_plus_gcc,0.292469303603854
FarnesKetamine,alpha,218,313,awake,0,spectral_all_plus_gcc,0.12496822006452542
FarnesKetamine,alpha,219,313,ketamine,1,spectral_all_plus_gcc,0.7889068598726738
FarnesKetamine,alpha,220,318,awake,0,spectral_all_plus_gcc,0.11551240779885585
FarnesKetamine,alpha,221,318,ketamine,1,spectral_all_plus_gcc,0.4005342117239349
FarnesKetamine,alpha,202,210,awake,0,residual_pi_after_spectral_all,0.48933011519768177
FarnesKetamine,alpha,203,210,ketamine,1,residual_pi_after_spectral_all,0.6653734186764568
FarnesKetamine,alpha,204,219,awake,0,residual_pi_after_spectral_all,0.48342703237560164
FarnesKetamine,alpha,205,219,ketamine,1,residual_pi_after_spectral_all,0.6778481795441823
FarnesKetamine,alpha,206,249,awake,0,residual_pi_after_spectral_all,0.4949208642603193
FarnesKetamine,alpha,207,249,ketamine,1,residual_pi_after_spectral_all,0.31125425429337167
FarnesKetamine,alpha,208,251,awake,0,residual_pi_after_spectral_all,0.4917426390126674
FarnesKetamine,alpha,209,251,ketamine,1,residual_pi_after_spectral_all,0.38398988490771113
FarnesKetamine,alpha,210,265,awake,0,residual_pi_after_spectral_all,0.47875843326944006
FarnesKetamine,alpha,211,265,ketamine,1,residual_pi_after_spectral_all,0.24370592694870657
FarnesKetamine,alpha,212,271,awake,0,residual_pi_after_spectral_all,0.4999380997568279
FarnesKetamine,alpha,213,271,ketamine,1,residual_pi_after_spectral_all,0.42915311339699413
FarnesKetamine,alpha,214,282,awake,0,residual_pi_after_spectral_all,0.49980318701705495
FarnesKetamine,alpha,215,282,ketamine,1,residual_pi_after_spectral_all,0.41943257937873385
FarnesKetamine,alpha,216,300,awake,0,residual_pi_after_spectral_all,0.4921296046325093
FarnesKetamine,alpha,217,300,ketamine,1,residual_pi_after_spectral_all,0.5591773912160601
FarnesKetamine,alpha,218,313,awake,0,residual_pi_after_spectral_all,0.4762352935486149
FarnesKetamine,alpha,219,313,ketamine,1,residual_pi_after_spectral_all,0.99743781463822
FarnesKetamine,alpha,220,318,awake,0,residual_pi_after_spectral_all,0.47294382790897105
FarnesKetamine,alpha,221,318,ketamine,1,residual_pi_after_spectral_all,0.9045707392309911
FarnesKetamine,alpha,202,210,awake,0,residual_gcc_after_spectral_all,0.4690421629361284
FarnesKetamine,alpha,203,210,ketamine,1,residual_gcc_after_spectral_all,0.5554231544711533
FarnesKetamine,alpha,204,219,awake,0,residual_gcc_after_spectral_all,0.46169992955792866
FarnesKetamine,alpha,205,219,ketamine,1,residual_gcc_after_spectral_all,0.7739613427796214
FarnesKetamine,alpha,206,249,awake,0,residual_gcc_after_spectral_all,0.4757078509214357
FarnesKetamine,alpha,207,249,ketamine,1,residual_gcc_after_spectral_all,0.07609909984853899
FarnesKetamine,alpha,208,251,awake,0,residual_gcc_after_spectral_all,0.47561642290802375
FarnesKetamine,alpha,209,251,ketamine,1,residual_gcc_after_spectral_all,0.7101626853624295
FarnesKetamine,alpha,210,265,awake,0,residual_gcc_after_spectral_all,0.4579197412935779
FarnesKetamine,alpha,211,265,ketamine,1,residual_gcc_after_spectral_all,0.9190881082314408
FarnesKetamine,alpha,212,271,awake,0,residual_gcc_after_spectral_all,0.4999050252578659
FarnesKetamine,alpha,213,271,ketamine,1,residual_gcc_after_spectral_all,0.3805280909282788
FarnesKetamine,alpha,214,282,awake,0,residual_gcc_after_spectral_all,0.49608139217873404
FarnesKetamine,alpha,215,282,ketamine,1,residual_gcc_after_spectral_all,0.4354575286869938
FarnesKetamine,alpha,216,300,awake,0,residual_gcc_after_spectral_all,0.481672766771813
FarnesKetamine,alpha,217,300,ketamine,1,residual_gcc_after_spectral_all,0.6116394337443603
FarnesKetamine,alpha,218,313,awake,0,residual_gcc_after_spectral_all,0.4626546525042623
FarnesKetamine,alpha,219,313,ketamine,1,residual_gcc_after_spectral_all,0.9869288896076346
FarnesKetamine,alpha,220,318,awake,0,residual_gcc_after_spectral_all,0.4588930379164507
FarnesKetamine,alpha,221,318,ketamine,1,residual_gcc_after_spectral_all,0.9124830048294846
Chennu,gamma,40,10,baseline,0,spectral_bandpower,0.15626523760180974
Chennu,gamma,41,10,moderate,1,spectral_bandpower,0.16902258542336435
Chennu,gamma,42,13,baseline,0,spectral_bandpower,0.16428254799669165
Chennu,gamma,43,13,moderate,1,spectral_bandpower,0.3797835606480136
Chennu,gamma,44,14,baseline,0,spectral_bandpower,0.17473502935931665
Chennu,gamma,45,14,moderate,1,spectral_bandpower,0.6334425020776446
Chennu,gamma,46,18,baseline,0,spectral_bandpower,0.18005485459145837
Chennu,gamma,47,18,moderate,1,spectral_bandpower,0.9867203029660839
Chennu,gamma,48,2,baseline,0,spectral_bandpower,0.17982675728103192
Chennu,gamma,49,2,moderate,1,spectral_bandpower,0.9884252985424105
Chennu,gamma,50,20,baseline,0,spectral_bandpower,0.17198969508358855
Chennu,gamma,51,20,moderate,1,spectral_bandpower,0.9995820210027959
Chennu,gamma,52,22,baseline,0,spectral_bandpower,0.17916130897524923
Chennu,gamma,53,22,moderate,1,spectral_bandpower,0.7831137108488931
Chennu,gamma,54,23,baseline,0,spectral_bandpower,0.17681033487050368
Chennu,gamma,55,23,moderate,1,spectral_bandpower,0.9977223787619961
Chennu,gamma,56,24,baseline,0,spectral_bandpower,0.17493022341249362
Chennu,gamma,57,24,moderate,1,spectral_bandpower,0.5452171452234458
Chennu,gamma,58,25,baseline,0,spectral_bandpower,0.1807994840374608
Chennu,gamma,59,25,moderate,1,spectral_bandpower,0.9435766429771932
Chennu,gamma,60,26,baseline,0,spectral_bandpower,0.1729316623465833
Chennu,gamma,61,26,moderate,1,spectral_bandpower,0.5908555602966307
Chennu,gamma,62,27,baseline,0,spectral_bandpower,0.16442100252310138
Chennu,gamma,63,27,moderate,1,spectral_bandpower,0.12302571762474933
Chennu,gamma,64,28,baseline,0,spectral_bandpower,0.16797834163952594
Chennu,gamma,65,28,moderate,1,spectral_bandpower,0.44004620568053066
Chennu,gamma,66,29,baseline,0,spectral_bandpower,0.1811840622020659
Chennu,gamma,67,29,moderate,1,spectral_bandpower,0.9223480226426884
Chennu,gamma,68,3,baseline,0,spectral_bandpower,0.18122696704708322
Chennu,gamma,69,3,moderate,1,spectral_bandpower,0.9611547286597514
Chennu,gamma,70,5,baseline,0,spectral_bandpower,0.17912939640766556
Chennu,gamma,71,5,moderate,1,spectral_bandpower,0.9948423445394958
Chennu,gamma,72,6,baseline,0,spectral_bandpower,0.17962659991700272
Chennu,gamma,73,6,moderate,1,spectral_bandpower,0.9937824050434173
Chennu,gamma,74,7,baseline,0,spectral_bandpower,0.17371605998581593
Chennu,gamma,75,7,moderate,1,spectral_bandpower,0.9998714814372552
Chennu,gamma,76,8,baseline,0,spectral_bandpower,0.18108383317202364
Chennu,gamma,77,8,moderate,1,spectral_bandpower,0.9733695391996351
Chennu,gamma,78,9,baseline,0,spectral_bandpower,0.1696797640110669
Chennu,gamma,79,9,moderate,1,spectral_bandpower,0.9999502243978321
Chennu,gamma,40,10,baseline,0,spectral_all,0.1450976470067913
Chennu,gamma,41,10,moderate,1,spectral_all,0.18259123685269948
Chennu,gamma,42,13,baseline,0,spectral_all,0.15103531848116988
Chennu,gamma,43,13,moderate,1,spectral_all,0.39243499139468063
Chennu,gamma,44,14,baseline,0,spectral_all,0.15814248996417907
Chennu,gamma,45,14,moderate,1,spectral_all,0.5972127787032165
Chennu,gamma,46,18,baseline,0,spectral_all,0.16379797839077304
Chennu,gamma,47,18,moderate,1,spectral_all,0.9968000109876952
Chennu,gamma,48,2,baseline,0,spectral_all,0.16384332886330394
Chennu,gamma,49,2,moderate,1,spectral_all,0.9955851565535351
Chennu,gamma,50,20,baseline,0,spectral_all,0.1559281843164028
Chennu,gamma,51,20,moderate,1,spectral_all,0.9999618086339312
Chennu,gamma,52,22,baseline,0,spectral_all,0.16356485695886633
Chennu,gamma,53,22,moderate,1,spectral_all,0.7926030658308377
Chennu,gamma,54,23,baseline,0,spectral_all,0.159504448977469
Chennu,gamma,55,23,moderate,1,spectral_all,0.9998212139112999
Chennu,gamma,56,24,baseline,0,spectral_all,0.1574205643955823
Chennu,gamma,57,24,moderate,1,spectral_all,0.3615743927108608
Chennu,gamma,58,25,baseline,0,spectral_all,0.16373143881649316
Chennu,gamma,59,25,moderate,1,spectral_all,0.9687054313181003
Chennu,gamma,60,26,baseline,0,spectral_all,0.15919258981248602
Chennu,gamma,61,26,moderate,1,spectral_all,0.6402724965359342
Chennu,gamma,62,27,baseline,0,spectral_all,0.15239775847840514
Chennu,gamma,63,27,moderate,1,spectral_all,0.147172016947755
Chennu,gamma,64,28,baseline,0,spectral_all,0.15167250558171538
Chennu,gamma,65,28,moderate,1,spectral_all,0.4261438933527671
Chennu,gamma,66,29,baseline,0,spectral_all,0.16562487690505284
Chennu,gamma,67,29,moderate,1,spectral_all,0.9564936327226364
Chennu,gamma,68,3,baseline,0,spectral_all,0.16319103896488305
Chennu,gamma,69,3,moderate,1,spectral_all,0.8575283468887164
Chennu,gamma,70,5,baseline,0,spectral_all,0.16354212726094797
Chennu,gamma,71,5,moderate,1,spectral_all,0.9965291857824864
Chennu,gamma,72,6,baseline,0,spectral_all,0.16370066920154633
Chennu,gamma,73,6,moderate,1,spectral_all,0.9973983163092192
Chennu,gamma,74,7,baseline,0,spectral_all,0.15861578302144563
Chennu,gamma,75,7,moderate,1,spectral_all,0.9998894077854242
Chennu,gamma,76,8,baseline,0,spectral_all,0.1647398242578427
Chennu,gamma,77,8,moderate,1,spectral_all,0.9599678373588937
Chennu,gamma,78,9,baseline,0,spectral_all,0.14942538302706135
Chennu,gamma,79,9,moderate,1,spectral_all,0.9999996349422344
Chennu,gamma,40,10,baseline,0,gcc_pi,0.3738098204398234
Chennu,gamma,41,10,moderate,1,gcc_pi,0.764176948566083
Chennu,gamma,42,13,baseline,0,gcc_pi,0.37227763133052894
Chennu,gamma,43,13,moderate,1,gcc_pi,0.7125782053260422
Chennu,gamma,44,14,baseline,0,gcc_pi,0.3731027575386626
Chennu,gamma,45,14,moderate,1,gcc_pi,0.7391142530139355
Chennu,gamma,46,18,baseline,0,gcc_pi,0.34326268687445055
Chennu,gamma,47,18,moderate,1,gcc_pi,0.19596525423236166
Chennu,gamma,48,2,baseline,0,gcc_pi,0.3757875998732496
Chennu,gamma,49,2,moderate,1,gcc_pi,0.9476601766455102
Chennu,gamma,50,20,baseline,0,gcc_pi,0.35309358232867183
Chennu,gamma,51,20,moderate,1,gcc_pi,0.32134566988464763
Chennu,gamma,52,22,baseline,0,gcc_pi,0.3738098204398234
Chennu,gamma,53,22,moderate,1,gcc_pi,0.7641769485660846
Chennu,gamma,54,23,baseline,0,gcc_pi,0.3736718854573695
Chennu,gamma,55,23,moderate,1,gcc_pi,0.9846823390757837
Chennu,gamma,56,24,baseline,0,gcc_pi,0.37401171356086793
Chennu,gamma,57,24,moderate,1,gcc_pi,0.9819971634328576
Chennu,gamma,58,25,baseline,0,gcc_pi,0.35535584172051915
Chennu,gamma,59,25,moderate,1,gcc_pi,0.35535584172051915
Chennu,gamma,60,26,baseline,0,gcc_pi,0.357513197412479
Chennu,gamma,61,26,moderate,1,gcc_pi,0.38984411547375003
Chennu,gamma,62,27,baseline,0,gcc_pi,0.36920021575473105
Chennu,gamma,63,27,moderate,1,gcc_pi,0.6248956625629655
Chennu,gamma,64,28,baseline,0,gcc_pi,0.37132652352903844
Chennu,gamma,65,28,moderate,1,gcc_pi,0.6846398059747093
Chennu,gamma,66,29,baseline,0,gcc_pi,0.3738098204398234
Chennu,gamma,67,29,moderate,1,gcc_pi,0.7641769485660839
Chennu,gamma,68,3,baseline,0,gcc_pi,0.37132652352903844
Chennu,gamma,69,3,moderate,1,gcc_pi,0.6846398059747097
Chennu,gamma,70,5,baseline,0,gcc_pi,0.3553558417205191
Chennu,gamma,71,5,moderate,1,gcc_pi,0.3553558417205191
Chennu,gamma,72,6,baseline,0,gcc_pi,0.3759996291001927
Chennu,gamma,73,6,moderate,1,gcc_pi,0.8817650517957287
Chennu,gamma,74,7,baseline,0,gcc_pi,0.3729332193816777
Chennu,gamma,75,7,moderate,1,gcc_pi,0.9889892838478553
Chennu,gamma,76,8,baseline,0,gcc_pi,0.34069563039137335
Chennu,gamma,77,8,moderate,1,gcc_pi,0.1687501503589985
Chennu,gamma,78,9,baseline,0,gcc_pi,0.34069563039137346
Chennu,gamma,79,9,moderate,1,gcc_pi,0.16875015035899896
Chennu,gamma,40,10,baseline,0,gcc_triad_plus_pi,0.33962002359142424
Chennu,gamma,41,10,moderate,1,gcc_triad_plus_pi,0.6378149908759329
Chennu,gamma,42,13,baseline,0,gcc_triad_plus_pi,0.34511548096769995
Chennu,gamma,43,13,moderate,1,gcc_triad_plus_pi,0.8207819523114889
Chennu,gamma,44,14,baseline,0,gcc_triad_plus_pi,0.34103653084825053
Chennu,gamma,45,14,moderate,1,gcc_triad_plus_pi,0.6642694560116287
Chennu,gamma,46,18,baseline,0,gcc_triad_plus_pi,0.31261756875749197
Chennu,gamma,47,18,moderate,1,gcc_triad_plus_pi,0.19612468682641218
Chennu,gamma,48,2,baseline,0,gcc_triad_plus_pi,0.3439877551214973
Chennu,gamma,49,2,moderate,1,gcc_triad_plus_pi,0.9250413351698165
Chennu,gamma,50,20,baseline,0,gcc_triad_plus_pi,0.3322735193056787
Chennu,gamma,51,20,moderate,1,gcc_triad_plus_pi,0.4510615593450573
Chennu,gamma,52,22,baseline,0,gcc_triad_plus_pi,0.34097327790207044
Chennu,gamma,53,22,moderate,1,gcc_triad_plus_pi,0.6700237871290787
Chennu,gamma,54,23,baseline,0,gcc_triad_plus_pi,0.33952158746204
Chennu,gamma,55,23,moderate,1,gcc_triad_plus_pi,0.9967695438312035
Chennu,gamma,56,24,baseline,0,gcc_triad_plus_pi,0.3307589351913464
Chennu,gamma,57,24,moderate,1,gcc_triad_plus_pi,0.9999885603468658
Chennu,gamma,58,25,baseline,0,gcc_triad_plus_pi,0.3393096433621897
Chennu,gamma,59,25,moderate,1,gcc_triad_plus_pi,0.6095691454093112
Chennu,gamma,60,26,baseline,0,gcc_triad_plus_pi,0.33592093140972323
Chennu,gamma,61,26,moderate,1,gcc_triad_plus_pi,0.5019860511467418
Chennu,gamma,62,27,baseline,0,gcc_triad_plus_pi,0.3432695238643089
Chennu,gamma,63,27,moderate,1,gcc_triad_plus_pi,0.7419684015642134
Chennu,gamma,64,28,baseline,0,gcc_triad_plus_pi,0.3437098264606508
Chennu,gamma,65,28,moderate,1,gcc_triad_plus_pi,0.7583270667426042
Chennu,gamma,66,29,baseline,0,gcc_triad_plus_pi,0.33789429624007705
Chennu,gamma,67,29,moderate,1,gcc_triad_plus_pi,0.5731429705092566
Chennu,gamma,68,3,baseline,0,gcc_triad_plus_pi,0.3445749379629749
Chennu,gamma,69,3,moderate,1,gcc_triad_plus_pi,0.7744229543210756
Chennu,gamma,70,5,baseline,0,gcc_triad_plus_pi,0.3170667812906233
Chennu,gamma,71,5,moderate,1,gcc_triad_plus_pi,0.23993636870869917
Chennu,gamma,72,6,baseline,0,gcc_triad_plus_pi,0.3385375472953391
Chennu,gamma,73,6,moderate,1,gcc_triad_plus_pi,0.5960842110687384
Chennu,gamma,74,7,baseline,0,gcc_triad_plus_pi,0.3402535876514814
Chennu,gamma,75,7,moderate,1,gcc_triad_plus_pi,0.988323707512802
Chennu,gamma,76,8,baseline,0,gcc_triad_plus_pi,0.30906066928129644
Chennu,gamma,77,8,moderate,1,gcc_triad_plus_pi,0.16139961011890644
Chennu,gamma,78,9,baseline,0,gcc_triad_plus_pi,0.3068614603964499
Chennu,gamma,79,9,moderate,1,gcc_triad_plus_pi,0.14143249960320417
Chennu,gamma,40,10,baseline,0,spectral_all_plus_gcc,0.09327728326546919
Chennu,gamma,41,10,moderate,1,spectral_all_plus_gcc,0.2046128118144964
Chennu,gamma,42,13,baseline,0,spectral_all_plus_gcc,0.10729682607712492
Chennu,gamma,43,13,moderate,1,spectral_all_plus_gcc,0.7728771472605206
Chennu,gamma,44,14,baseline,0,spectral_all_plus_gcc,0.10413055048791871
Chennu,gamma,45,14,moderate,1,spectral_all_plus_gcc,0.6369375847252714
Chennu,gamma,46,18,baseline,0,spectral_all_plus_gcc,0.1074562137802297
Chennu,gamma,47,18,moderate,1,spectral_all_plus_gcc,0.9229719618085759
Chennu,gamma,48,2,baseline,0,spectral_all_plus_gcc,0.10619339186385679
Chennu,gamma,49,2,moderate,1,spectral_all_plus_gcc,0.9989418968986301
Chennu,gamma,50,20,baseline,0,spectral_all_plus_gcc,0.10429958003636293
Chennu,gamma,51,20,moderate,1,spectral_all_plus_gcc,0.99887239569721
Chennu,gamma,52,22,baseline,0,spectral_all_plus_gcc,0.10779824659623158
Chennu,gamma,53,22,moderate,1,spectral_all_plus_gcc,0.8369364817103581
Chennu,gamma,54,23,baseline,0,spectral_all_plus_gcc,0.1015752295939348
Chennu,gamma,55,23,moderate,1,spectral_all_plus_gcc,0.9998760554415614
Chennu,gamma,56,24,baseline,0,spectral_all_plus_gcc,0.10412136553083196
Chennu,gamma,57,24,moderate,1,spectral_all_plus_gcc,0.9907484578724138
Chennu,gamma,58,25,baseline,0,spectral_all_plus_gcc,0.10573995137574455
Chennu,gamma,59,25,moderate,1,spectral_all_plus_gcc,0.9911460139182284
Chennu,gamma,60,26,baseline,0,spectral_all_plus_gcc,0.10113169441967748
Chennu,gamma,61,26,moderate,1,spectral_all_plus_gcc,0.5254025507838278
Chennu,gamma,62,27,baseline,0,spectral_all_plus_gcc,0.09842756559405304
Chennu,gamma,63,27,moderate,1,spectral_all_plus_gcc,0.17549550892647187
Chennu,gamma,64,28,baseline,0,spectral_all_plus_gcc,0.1047026540885817
Chennu,gamma,65,28,moderate,1,spectral_all_plus_gcc,0.6504097595239433
Chennu,gamma,66,29,baseline,0,spectral_all_plus_gcc,0.10860252940508967
Chennu,gamma,67,29,moderate,1,spectral_all_plus_gcc,0.9400857690727288
Chennu,gamma,68,3,baseline,0,spectral_all_plus_gcc,0.1081669938982304
Chennu,gamma,69,3,moderate,1,spectral_all_plus_gcc,0.9762691264010628
Chennu,gamma,70,5,baseline,0,spectral_all_plus_gcc,0.10800554674874394
Chennu,gamma,71,5,moderate,1,spectral_all_plus_gcc,0.9779375869175561
Chennu,gamma,72,6,baseline,0,spectral_all_plus_gcc,0.10694606793816903
Chennu,gamma,73,6,moderate,1,spectral_all_plus_gcc,0.9955663344097389
Chennu,gamma,74,7,baseline,0,spectral_all_plus_gcc,0.10072049997523572
Chennu,gamma,75,7,moderate,1,spectral_all_plus_gcc,0.9999865100824251
Chennu,gamma,76,8,baseline,0,spectral_all_plus_gcc,0.10448724126760925
Chennu,gamma,77,8,moderate,1,spectral_all_plus_gcc,0.7282389164131554
Chennu,gamma,78,9,baseline,0,spectral_all_plus_gcc,0.10052021366275915
Chennu,gamma,79,9,moderate,1,spectral_all_plus_gcc,0.999888547376882
Chennu,gamma,40,10,baseline,0,residual_pi_after_spectral_all,0.47123477071065684
Chennu,gamma,41,10,moderate,1,residual_pi_after_spectral_all,0.7754289277822073
Chennu,gamma,42,13,baseline,0,residual_pi_after_spectral_all,0.46871067510170583
Chennu,gamma,43,13,moderate,1,residual_pi_after_spectral_all,0.8727959665778823
Chennu,gamma,44,14,baseline,0,residual_pi_after_spectral_all,0.4554079340502251
Chennu,gamma,45,14,moderate,1,residual_pi_after_spectral_all,0.8064965428377908
Chennu,gamma,46,18,baseline,0,residual_pi_after_spectral_all,0.4380184416366503
Chennu,gamma,47,18,moderate,1,residual_pi_after_spectral_all,0.25997284878327204
Chennu,gamma,48,2,baseline,0,residual_pi_after_spectral_all,0.4460795168379313
Chennu,gamma,49,2,moderate,1,residual_pi_after_spectral_all,0.7872611303337753
Chennu,gamma,50,20,baseline,0,residual_pi_after_spectral_all,0.4447852361749392
Chennu,gamma,51,20,moderate,1,residual_pi_after_spectral_all,0.05711037084673883
Chennu,gamma,52,22,baseline,0,residual_pi_after_spectral_all,0.44819119103137567
Chennu,gamma,53,22,moderate,1,residual_pi_after_spectral_all,0.5503841005459063
Chennu,gamma,54,23,baseline,0,residual_pi_after_spectral_all,0.4421487462649288
Chennu,gamma,55,23,moderate,1,residual_pi_after_spectral_all,0.8190904888193116
Chennu,gamma,56,24,baseline,0,residual_pi_after_spectral_all,0.441542210855038
Chennu,gamma,57,24,moderate,1,residual_pi_after_spectral_all,0.4115504989498312
Chennu,gamma,58,25,baseline,0,residual_pi_after_spectral_all,0.45159896080958184
Chennu,gamma,59,25,moderate,1,residual_pi_after_spectral_all,0.9314540013837103
Chennu,gamma,60,26,baseline,0,residual_pi_after_spectral_all,0.44449426363589745
Chennu,gamma,61,26,moderate,1,residual_pi_after_spectral_all,0.4737073000980895
Chennu,gamma,62,27,baseline,0,residual_pi_after_spectral_all,0.44807722967772196
Chennu,gamma,63,27,moderate,1,residual_pi_after_spectral_all,0.6553809149215059
Chennu,gamma,64,28,baseline,0,residual_pi_after_spectral_all,0.4538037868639595
Chennu,gamma,65,28,moderate,1,residual_pi_after_spectral_all,0.6646268256565547
Chennu,gamma,66,29,baseline,0,residual_pi_after_spectral_all,0.45236794498017663
Chennu,gamma,67,29,moderate,1,residual_pi_after_spectral_all,0.7579493139261895
Chennu,gamma,68,3,baseline,0,residual_pi_after_spectral_all,0.4389000003087487
Chennu,gamma,69,3,moderate,1,residual_pi_after_spectral_all,0.2289682165414497
Chennu,gamma,70,5,baseline,0,residual_pi_after_spectral_all,0.448199588908299
Chennu,gamma,71,5,moderate,1,residual_pi_after_spectral_all,0.2907988369247604
Chennu,gamma,72,6,baseline,0,residual_pi_after_spectral_all,0.4464976356860245
Chennu,gamma,73,6,moderate,1,residual_pi_after_spectral_all,0.5593448417416237
Chennu,gamma,74,7,baseline,0,residual_pi_after_spectral_all,0.41473811072904593
Chennu,gamma,75,7,moderate,1,residual_pi_after_spectral_all,0.929173513469489
Chennu,gamma,76,8,baseline,0,residual_pi_after_spectral_all,0.4418570760331618
Chennu,gamma,77,8,moderate,1,residual_pi_after_spectral_all,0.11766628832656338
Chennu,gamma,78,9,baseline,0,residual_pi_after_spectral_all,0.4520204504116842
Chennu,gamma,79,9,moderate,1,residual_pi_after_spectral_all,0.2512166146463804
Chennu,gamma,40,10,baseline,0,residual_gcc_after_spectral_all,0.41344494245430086
Chennu,gamma,41,10,moderate,1,residual_gcc_after_spectral_all,0.6146610234101945
Chennu,gamma,42,13,baseline,0,residual_gcc_after_spectral_all,0.425785746019707
Chennu,gamma,43,13,moderate,1,residual_gcc_after_spectral_all,0.9767607760678657
Chennu,gamma,44,14,baseline,0,residual_gcc_after_spectral_all,0.40381922486953653
Chennu,gamma,45,14,moderate,1,residual_gcc_after_spectral_all,0.8637934257307612
Chennu,gamma,46,18,baseline,0,residual_gcc_after_spectral_all,0.3934952682281079
Chennu,gamma,47,18,moderate,1,residual_gcc_after_spectral_all,0.34718218219805175
Chennu,gamma,48,2,baseline,0,residual_gcc_after_spectral_all,0.3951230997174438
Chennu,gamma,49,2,moderate,1,residual_gcc_after_spectral_all,0.809381762595712
Chennu,gamma,50,20,baseline,0,residual_gcc_after_spectral_all,0.40032008589496987
Chennu,gamma,51,20,moderate,1,residual_gcc_after_spectral_all,0.14786246661360253
Chennu,gamma,52,22,baseline,0,residual_gcc_after_spectral_all,0.3974908069994716
Chennu,gamma,53,22,moderate,1,residual_gcc_after_spectral_all,0.4345607938654339
Chennu,gamma,54,23,baseline,0,residual_gcc_after_spectral_all,0.39796505699793977
Chennu,gamma,55,23,moderate,1,residual_gcc_after_spectral_all,0.5676442534327714
Chennu,gamma,56,24,baseline,0,residual_gcc_after_spectral_all,0.4106828411141057
Chennu,gamma,57,24,moderate,1,residual_gcc_after_spectral_all,0.6947311911096905
Chennu,gamma,58,25,baseline,0,residual_gcc_after_spectral_all,0.40272535428613226
Chennu,gamma,59,25,moderate,1,residual_gcc_after_spectral_all,0.9870339097238948
Chennu,gamma,60,26,baseline,0,residual_gcc_after_spectral_all,0.4140158476413268
Chennu,gamma,61,26,moderate,1,residual_gcc_after_spectral_all,0.7908938189537674
Chennu,gamma,62,27,baseline,0,residual_gcc_after_spectral_all,0.4018583859676487
Chennu,gamma,63,27,moderate,1,residual_gcc_after_spectral_all,0.8640260534357028
Chennu,gamma,64,28,baseline,0,residual_gcc_after_spectral_all,0.4064976504085203
Chennu,gamma,65,28,moderate,1,residual_gcc_after_spectral_all,0.6492975540627381
Chennu,gamma,66,29,baseline,0,residual_gcc_after_spectral_all,0.40349421879143016
Chennu,gamma,67,29,moderate,1,residual_gcc_after_spectral_all,0.8312337869931292
Chennu,gamma,68,3,baseline,0,residual_gcc_after_spectral_all,0.4023547235846052
Chennu,gamma,69,3,moderate,1,residual_gcc_after_spectral_all,0.7437704162987919
Chennu,gamma,70,5,baseline,0,residual_gcc_after_spectral_all,0.40040783746712416
Chennu,gamma,71,5,moderate,1,residual_gcc_after_spectral_all,0.24697177174495424
Chennu,gamma,72,6,baseline,0,residual_gcc_after_spectral_all,0.3903148490918072
Chennu,gamma,73,6,moderate,1,residual_gcc_after_spectral_all,0.10259093832252018
Chennu,gamma,74,7,baseline,0,residual_gcc_after_spectral_all,0.39077127437983783
Chennu,gamma,75,7,moderate,1,residual_gcc_after_spectral_all,0.822648638014698
Chennu,gamma,76,8,baseline,0,residual_gcc_after_spectral_all,0.3915356980229723
Chennu,gamma,77,8,moderate,1,residual_gcc_after_spectral_all,0.062316810096909654
Chennu,gamma,78,9,baseline,0,residual_gcc_after_spectral_all,0.40174033709287565
Chennu,gamma,79,9,moderate,1,residual_gcc_after_spectral_all,0.46096309328234725
DS005620,gamma,141,1010,awake,0,spectral_bandpower,0.12672483728506667
DS005620,gamma,142,1010,sed,1,spectral_bandpower,0.8763688215243832
DS005620,gamma,143,1010,sed2,1,spectral_bandpower,0.9224138306192876
DS005620,gamma,144,1016,awake,0,spectral_bandpower,0.1256606948064199
DS005620,gamma,145,1016,sed,1,spectral_bandpower,0.8875761447542335
DS005620,gamma,146,1016,sed2,1,spectral_bandpower,0.7455687341272489
DS005620,gamma,147,1017,awake,0,spectral_bandpower,0.12794248820124432
DS005620,gamma,148,1017,sed,1,spectral_bandpower,0.9580383706174398
DS005620,gamma,149,1017,sed2,1,spectral_bandpower,0.9457318363795746
DS005620,gamma,150,1022,awake,0,spectral_bandpower,0.11484201201425204
DS005620,gamma,151,1022,sed,1,spectral_bandpower,0.8436223964768468
DS005620,gamma,152,1022,sed2,1,spectral_bandpower,0.22121190510917343
DS005620,gamma,153,1024,awake,0,spectral_bandpower,0.12723538775839854
DS005620,gamma,154,1024,sed,1,spectral_bandpower,0.9961264337605513
DS005620,gamma,155,1024,sed2,1,spectral_bandpower,0.9929245399820175
DS005620,gamma,156,1033,awake,0,spectral_bandpower,0.12089949083146165
DS005620,gamma,157,1033,sed,1,spectral_bandpower,0.5247558918853706
DS005620,gamma,158,1033,sed2,1,spectral_bandpower,0.6132371519829802
DS005620,gamma,159,1036,awake,0,spectral_bandpower,0.12495322848272819
DS005620,gamma,160,1036,sed,1,spectral_bandpower,0.8227337732710124
DS005620,gamma,161,1036,sed2,1,spectral_bandpower,0.8536282740154176
DS005620,gamma,162,1037,awake,0,spectral_bandpower,0.12336308845944065
DS005620,gamma,163,1045,awake,0,spectral_bandpower,0.12816325085229333
DS005620,gamma,164,1045,sed,1,spectral_bandpower,0.9939129561768208
DS005620,gamma,165,1045,sed2,1,spectral_bandpower,0.9805376036262269
DS005620,gamma,166,1046,awake,0,spectral_bandpower,0.12427157524014686
DS005620,gamma,167,1046,sed,1,spectral_bandpower,0.8330900621779926
DS005620,gamma,168,1046,sed2,1,spectral_bandpower,0.6745303149758564
DS005620,gamma,169,1054,awake,0,spectral_bandpower,0.1283748445075187
DS005620,gamma,170,1054,sed,1,spectral_bandpower,0.9866886860395413
DS005620,gamma,171,1054,sed2,1,spectral_bandpower,0.995699887774164
DS005620,gamma,172,1055,awake,0,spectral_bandpower,0.12819638053090351
DS005620,gamma,173,1055,sed,1,spectral_bandpower,0.9647647121686204
DS005620,gamma,174,1055,sed2,1,spectral_bandpower,0.9447593219234428
DS005620,gamma,175,1057,awake,0,spectral_bandpower,0.12579356878206158
DS005620,gamma,176,1057,sed,1,spectral_bandpower,0.988835136547027
DS005620,gamma,177,1057,sed2,1,spectral_bandpower,0.9945042586677785
DS005620,gamma,178,1060,awake,0,spectral_bandpower,0.10990140737956745
DS005620,gamma,179,1060,sed,1,spectral_bandpower,0.9999991656039088
DS005620,gamma,180,1060,sed2,1,spectral_bandpower,0.9999960948538591
DS005620,gamma,181,1061,awake,0,spectral_bandpower,0.1288759563114979
DS005620,gamma,182,1061,sed,1,spectral_bandpower,0.9794865719581483
DS005620,gamma,183,1061,sed2,1,spectral_bandpower,0.9875530574148689
DS005620,gamma,184,1062,awake,0,spectral_bandpower,0.12879914276776785
DS005620,gamma,185,1062,sed,1,spectral_bandpower,0.9800139890900892
DS005620,gamma,186,1062,sed2,1,spectral_bandpower,0.9853904584902852
DS005620,gamma,187,1064,awake,0,spectral_bandpower,0.126549373407837
DS005620,gamma,188,1064,sed,1,spectral_bandpower,0.9980421832761481
DS005620,gamma,189,1064,sed2,1,spectral_bandpower,0.985333726491886
DS005620,gamma,190,1067,awake,0,spectral_bandpower,0.09212647515489185
DS005620,gamma,191,1067,sed,1,spectral_bandpower,0.09277218622513682
DS005620,gamma,192,1067,sed2,1,spectral_bandpower,0.06230049021125886
DS005620,gamma,193,1068,awake,0,spectral_bandpower,0.12062433663747395
DS005620,gamma,194,1068,sed,1,spectral_bandpower,0.5099201288821017
DS005620,gamma,195,1068,sed2,1,spectral_bandpower,0.6115414370096024
DS005620,gamma,196,1071,awake,0,spectral_bandpower,0.12784655038403445
DS005620,gamma,197,1071,sed,1,spectral_bandpower,0.99535068426951
DS005620,gamma,198,1071,sed2,1,spectral_bandpower,0.9873010439316161
DS005620,gamma,199,1074,awake,0,spectral_bandpower,0.1286430668100327
DS005620,gamma,200,1074,sed,1,spectral_bandpower,0.9585055325305889
DS005620,gamma,201,1074,sed2,1,spectral_bandpower,0.9051011673809611
DS005620,gamma,141,1010,awake,0,spectral_all,0.0982890447341395
DS005620,gamma,142,1010,sed,1,spectral_all,0.9154999236262789
DS005620,gamma,143,1010,sed2,1,spectral_all,0.9377500694560903
DS005620,gamma,144,1016,awake,0,spectral_all,0.09793398843344049
DS005620,gamma,145,1016,sed,1,spectral_all,0.9005535312949355
DS005620,gamma,146,1016,sed2,1,spectral_all,0.8883431011995664
DS005620,gamma,147,1017,awake,0,spectral_all,0.0995868743335336
DS005620,gamma,148,1017,sed,1,spectral_all,0.9508998202322121
DS005620,gamma,149,1017,sed2,1,spectral_all,0.9661141248113908
DS005620,gamma,150,1022,awake,0,spectral_all,0.09761420289948641
DS005620,gamma,151,1022,sed,1,spectral_all,0.9378842857057337
DS005620,gamma,152,1022,sed2,1,spectral_all,0.701621877378584
DS005620,gamma,153,1024,awake,0,spectral_all,0.09887351976697828
DS005620,gamma,154,1024,sed,1,spectral_all,0.9968210165970409
DS005620,gamma,155,1024,sed2,1,spectral_all,0.993127391680369
DS005620,gamma,156,1033,awake,0,spectral_all,0.09355039297018326
DS005620,gamma,157,1033,sed,1,spectral_all,0.5037849282423938
DS005620,gamma,158,1033,sed2,1,spectral_all,0.7330757502814204
DS005620,gamma,159,1036,awake,0,spectral_all,0.09752224511537483
DS005620,gamma,160,1036,sed,1,spectral_all,0.9499732765008113
DS005620,gamma,161,1036,sed2,1,spectral_all,0.8310634338428693
DS005620,gamma,162,1037,awake,0,spectral_all,0.0959801133634543
DS005620,gamma,163,1045,awake,0,spectral_all,0.09989091689402034
DS005620,gamma,164,1045,sed,1,spectral_all,0.9937287497160783
DS005620,gamma,165,1045,sed2,1,spectral_all,0.9819244276634838
DS005620,gamma,166,1046,awake,0,spectral_all,0.09899941552045159
DS005620,gamma,167,1046,sed,1,spectral_all,0.9467353365615069
DS005620,gamma,168,1046,sed2,1,spectral_all,0.931022525201431
DS005620,gamma,169,1054,awake,0,spectral_all,0.0998976477067712
DS005620,gamma,170,1054,sed,1,spectral_all,0.9963350803735154
DS005620,gamma,171,1054,sed2,1,spectral_all,0.9980341244444532
DS005620,gamma,172,1055,awake,0,spectral_all,0.09941150180668219
DS005620,gamma,173,1055,sed,1,spectral_all,0.9649947519301596
DS005620,gamma,174,1055,sed2,1,spectral_all,0.9516825210157034
DS005620,gamma,175,1057,awake,0,spectral_all,0.08375969872373079
DS005620,gamma,176,1057,sed,1,spectral_all,0.20348156652755925
DS005620,gamma,177,1057,sed2,1,spectral_all,0.11845050822305345
DS005620,gamma,178,1060,awake,0,spectral_all,0.08821701710677629
DS005620,gamma,179,1060,sed,1,spectral_all,0.99999892380722
DS005620,gamma,180,1060,sed2,1,spectral_all,0.9999952504889307
DS005620,gamma,181,1061,awake,0,spectral_all,0.09993059057473985
DS005620,gamma,182,1061,sed,1,spectral_all,0.9972231994262714
DS005620,gamma,183,1061,sed2,1,spectral_all,0.9955631113520524
DS005620,gamma,184,1062,awake,0,spectral_all,0.10025678801647303
DS005620,gamma,185,1062,sed,1,spectral_all,0.9912111467525188
DS005620,gamma,186,1062,sed2,1,spectral_all,0.9930546895609303
DS005620,gamma,187,1064,awake,0,spectral_all,0.09877926807278647
DS005620,gamma,188,1064,sed,1,spectral_all,0.997997528416499
DS005620,gamma,189,1064,sed2,1,spectral_all,0.9869515103239668
DS005620,gamma,190,1067,awake,0,spectral_all,0.06937127289554047
DS005620,gamma,191,1067,sed,1,spectral_all,0.053895782187140515
DS005620,gamma,192,1067,sed2,1,spectral_all,0.09016398462937093
DS005620,gamma,193,1068,awake,0,spectral_all,0.0914861778499938
DS005620,gamma,194,1068,sed,1,spectral_all,0.5524032377729022
DS005620,gamma,195,1068,sed2,1,spectral_all,0.45219424267497904
DS005620,gamma,196,1071,awake,0,spectral_all,0.09920302216175939
DS005620,gamma,197,1071,sed,1,spectral_all,0.9964992675431606
DS005620,gamma,198,1071,sed2,1,spectral_all,0.9891357108121718
DS005620,gamma,199,1074,awake,0,spectral_all,0.10022407535339785
DS005620,gamma,200,1074,sed,1,spectral_all,0.9683387291374235
DS005620,gamma,201,1074,sed2,1,spectral_all,0.8939584667854719
DS005620,gamma,141,1010,awake,0,gcc_pi,0.17698048013675063
DS005620,gamma,142,1010,sed,1,gcc_pi,0.8419044942406193
DS005620,gamma,143,1010,sed2,1,gcc_pi,0.5615435410913762
DS005620,gamma,144,1016,awake,0,gcc_pi,0.17014441488362178
DS005620,gamma,145,1016,sed,1,gcc_pi,0.5004055018559719
DS005620,gamma,146,1016,sed2,1,gcc_pi,0.49692697457810325
DS005620,gamma,147,1017,awake,0,gcc_pi,0.18005588407349538
DS005620,gamma,148,1017,sed,1,gcc_pi,0.7501131184006172
DS005620,gamma,149,1017,sed2,1,gcc_pi,0.8180160520602112
DS005620,gamma,150,1022,awake,0,gcc_pi,0.181166195380961
DS005620,gamma,151,1022,sed,1,gcc_pi,0.8594006781940019
DS005620,gamma,152,1022,sed2,1,gcc_pi,0.8064750054671986
DS005620,gamma,153,1024,awake,0,gcc_pi,0.1806784843297991
DS005620,gamma,154,1024,sed,1,gcc_pi,0.9976319237432562
DS005620,gamma,155,1024,sed2,1,gcc_pi,0.9470657405826881
DS005620,gamma,156,1033,awake,0,gcc_pi,0.1810269653910698
DS005620,gamma,157,1033,sed,1,gcc_pi,0.8443916109310967
DS005620,gamma,158,1033,sed2,1,gcc_pi,0.806090715548688
DS005620,gamma,159,1036,awake,0,gcc_pi,0.18088576930376227
DS005620,gamma,160,1036,sed,1,gcc_pi,0.9960783739901485
DS005620,gamma,161,1036,sed2,1,gcc_pi,0.9782953740378115
DS005620,gamma,162,1037,awake,0,gcc_pi,0.1748209008311414
DS005620,gamma,163,1045,awake,0,gcc_pi,0.18246213711065595
DS005620,gamma,164,1045,sed,1,gcc_pi,0.9634757973598099
DS005620,gamma,165,1045,sed2,1,gcc_pi,0.914526687800492
DS005620,gamma,166,1046,awake,0,gcc_pi,0.17750292809317786
DS005620,gamma,167,1046,sed,1,gcc_pi,0.5758379816088496
DS005620,gamma,168,1046,sed2,1,gcc_pi,0.8699472203999609
DS005620,gamma,169,1054,awake,0,gcc_pi,0.1740559033173337
DS005620,gamma,170,1054,sed,1,gcc_pi,0.9946884252975472
DS005620,gamma,171,1054,sed2,1,gcc_pi,0.9999678370403139
DS005620,gamma,172,1055,awake,0,gcc_pi,0.1744471470055241
DS005620,gamma,173,1055,sed,1,gcc_pi,0.7931048192689396
DS005620,gamma,174,1055,sed2,1,gcc_pi,0.46965678384227805
DS005620,gamma,175,1057,awake,0,gcc_pi,0.18057496366127232
DS005620,gamma,176,1057,sed,1,gcc_pi,0.9964298139026674
DS005620,gamma,177,1057,sed2,1,gcc_pi,0.8644498387748426
DS005620,gamma,178,1060,awake,0,gcc_pi,0.17892894177433652
DS005620,gamma,179,1060,sed,1,gcc_pi,0.9364148300250491
DS005620,gamma,180,1060,sed2,1,gcc_pi,0.6303573955876888
DS005620,gamma,181,1061,awake,0,gcc_pi,0.16861389729717327
DS005620,gamma,182,1061,sed,1,gcc_pi,0.999461547062065
DS005620,gamma,183,1061,sed2,1,gcc_pi,0.34122211280295706
DS005620,gamma,184,1062,awake,0,gcc_pi,0.17837944542075432
DS005620,gamma,185,1062,sed,1,gcc_pi,0.9994220342163649
DS005620,gamma,186,1062,sed2,1,gcc_pi,0.9919830844399575
DS005620,gamma,187,1064,awake,0,gcc_pi,0.17646320303815607
DS005620,gamma,188,1064,sed,1,gcc_pi,0.8957864968821359
DS005620,gamma,189,1064,sed2,1,gcc_pi,0.5181238387717194
DS005620,gamma,190,1067,awake,0,gcc_pi,0.1729378047915491
DS005620,gamma,191,1067,sed,1,gcc_pi,0.5754669378740517
DS005620,gamma,192,1067,sed2,1,gcc_pi,0.5550724849808955
DS005620,gamma,193,1068,awake,0,gcc_pi,0.1795640857357874
DS005620,gamma,194,1068,sed,1,gcc_pi,0.9619457607081042
DS005620,gamma,195,1068,sed2,1,gcc_pi,0.6728454416337954
DS005620,gamma,196,1071,awake,0,gcc_pi,0.15599261122406227
DS005620,gamma,197,1071,sed,1,gcc_pi,0.9999995036505974
DS005620,gamma,198,1071,sed2,1,gcc_pi,0.9999991432567606
DS005620,gamma,199,1074,awake,0,gcc_pi,0.1803464116897424
DS005620,gamma,200,1074,sed,1,gcc_pi,0.9898271932974027
DS005620,gamma,201,1074,sed2,1,gcc_pi,0.9965634032027604
DS005620,gamma,141,1010,awake,0,gcc_triad_plus_pi,0.15622986381891987
DS005620,gamma,142,1010,sed,1,gcc_triad_plus_pi,0.6242444125073728
DS005620,gamma,143,1010,sed2,1,gcc_triad_plus_pi,0.3073679367151527
DS005620,gamma,144,1016,awake,0,gcc_triad_plus_pi,0.15061501528155372
DS005620,gamma,145,1016,sed,1,gcc_triad_plus_pi,0.3809776113722142
DS005620,gamma,146,1016,sed2,1,gcc_triad_plus_pi,0.28022820445670626
DS005620,gamma,147,1017,awake,0,gcc_triad_plus_pi,0.16725875426181108
DS005620,gamma,148,1017,sed,1,gcc_triad_plus_pi,0.8390396798593512
DS005620,gamma,149,1017,sed2,1,gcc_triad_plus_pi,0.8924445193967223
DS005620,gamma,150,1022,awake,0,gcc_triad_plus_pi,0.167579282851498
DS005620,gamma,151,1022,sed,1,gcc_triad_plus_pi,0.9002009264047431
DS005620,gamma,152,1022,sed2,1,gcc_triad_plus_pi,0.8703143144116667
DS005620,gamma,153,1024,awake,0,gcc_triad_plus_pi,0.1662931533647719
DS005620,gamma,154,1024,sed,1,gcc_triad_plus_pi,0.9979241900674858
DS005620,gamma,155,1024,sed2,1,gcc_triad_plus_pi,0.9537916664454648
DS005620,gamma,156,1033,awake,0,gcc_triad_plus_pi,0.16480812422937793
DS005620,gamma,157,1033,sed,1,gcc_triad_plus_pi,0.7438487570280169
DS005620,gamma,158,1033,sed2,1,gcc_triad_plus_pi,0.6600134587542476
DS005620,gamma,159,1036,awake,0,gcc_triad_plus_pi,0.16651676403978716
DS005620,gamma,160,1036,sed,1,gcc_triad_plus_pi,0.9984444401281163
DS005620,gamma,161,1036,sed2,1,gcc_triad_plus_pi,0.9928948600566884
DS005620,gamma,162,1037,awake,0,gcc_triad_plus_pi,0.1609711469015561
DS005620,gamma,163,1045,awake,0,gcc_triad_plus_pi,0.16792501881681038
DS005620,gamma,164,1045,sed,1,gcc_triad_plus_pi,0.9759082031959279
DS005620,gamma,165,1045,sed2,1,gcc_triad_plus_pi,0.9128517423499215
DS005620,gamma,166,1046,awake,0,gcc_triad_plus_pi,0.15601227357922287
DS005620,gamma,167,1046,sed,1,gcc_triad_plus_pi,0.41245477733961405
DS005620,gamma,168,1046,sed2,1,gcc_triad_plus_pi,0.451721116327596
DS005620,gamma,169,1054,awake,0,gcc_triad_plus_pi,0.16052945138030952
DS005620,gamma,170,1054,sed,1,gcc_triad_plus_pi,0.998402392804109
DS005620,gamma,171,1054,sed2,1,gcc_triad_plus_pi,0.9999931732635544
DS005620,gamma,172,1055,awake,0,gcc_triad_plus_pi,0.1633021835185824
DS005620,gamma,173,1055,sed,1,gcc_triad_plus_pi,0.9005597137459086
DS005620,gamma,174,1055,sed2,1,gcc_triad_plus_pi,0.5793593462890614
DS005620,gamma,175,1057,awake,0,gcc_triad_plus_pi,0.16671664486857815
DS005620,gamma,176,1057,sed,1,gcc_triad_plus_pi,0.9984678726660746
DS005620,gamma,177,1057,sed2,1,gcc_triad_plus_pi,0.9065462361292823
DS005620,gamma,178,1060,awake,0,gcc_triad_plus_pi,0.16618222813640718
DS005620,gamma,179,1060,sed,1,gcc_triad_plus_pi,0.9678207287229641
DS005620,gamma,180,1060,sed2,1,gcc_triad_plus_pi,0.7435813230648454
DS005620,gamma,181,1061,awake,0,gcc_triad_plus_pi,0.15628554821378657
DS005620,gamma,182,1061,sed,1,gcc_triad_plus_pi,0.9999951079879689
DS005620,gamma,183,1061,sed2,1,gcc_triad_plus_pi,0.43571785451881356
DS005620,gamma,184,1062,awake,0,gcc_triad_plus_pi,0.16422466371216934
DS005620,gamma,185,1062,sed,1,gcc_triad_plus_pi,0.9998202164682519
DS005620,gamma,186,1062,sed2,1,gcc_triad_plus_pi,0.9979008810339424
DS005620,gamma,187,1064,awake,0,gcc_triad_plus_pi,0.16264186983265083
DS005620,gamma,188,1064,sed,1,gcc_triad_plus_pi,0.9081949160817688
DS005620,gamma,189,1064,sed2,1,gcc_triad_plus_pi,0.5305912986588204
DS005620,gamma,190,1067,awake,0,gcc_triad_plus_pi,0.15952495471368705
DS005620,gamma,191,1067,sed,1,gcc_triad_plus_pi,0.6364741616661935
DS005620,gamma,192,1067,sed2,1,gcc_triad_plus_pi,0.4865281616115763
DS005620,gamma,193,1068,awake,0,gcc_triad_plus_pi,0.16777931823741002
DS005620,gamma,194,1068,sed,1,gcc_triad_plus_pi,0.9949522786028332
DS005620,gamma,195,1068,sed2,1,gcc_triad_plus_pi,0.920748550457316
DS005620,gamma,196,1071,awake,0,gcc_triad_plus_pi,0.14351858362931302
DS005620,gamma,197,1071,sed,1,gcc_triad_plus_pi,0.9999999812178956
DS005620,gamma,198,1071,sed2,1,gcc_triad_plus_pi,0.9999999430952334
DS005620,gamma,199,1074,awake,0,gcc_triad_plus_pi,0.1660386199046013
DS005620,gamma,200,1074,sed,1,gcc_triad_plus_pi,0.9946659563950785
DS005620,gamma,201,1074,sed2,1,gcc_triad_plus_pi,0.9989402034396331
DS005620,gamma,141,1010,awake,0,spectral_all_plus_gcc,0.06942017451010278
DS005620,gamma,142,1010,sed,1,spectral_all_plus_gcc,0.8405099660134233
DS005620,gamma,143,1010,sed2,1,spectral_all_plus_gcc,0.8040638157655966
DS005620,gamma,144,1016,awake,0,spectral_all_plus_gcc,0.06601864839230695
DS005620,gamma,145,1016,sed,1,spectral_all_plus_gcc,0.720574683533647
DS005620,gamma,146,1016,sed2,1,spectral_all_plus_gcc,0.4461145291173283
DS005620,gamma,147,1017,awake,0,spectral_all_plus_gcc,0.07143413627293778
DS005620,gamma,148,1017,sed,1,spectral_all_plus_gcc,0.9564772540999681
DS005620,gamma,149,1017,sed2,1,spectral_all_plus_gcc,0.9753823037330891
DS005620,gamma,150,1022,awake,0,spectral_all_plus_gcc,0.07095451449655084
DS005620,gamma,151,1022,sed,1,spectral_all_plus_gcc,0.961246364977378
DS005620,gamma,152,1022,sed2,1,spectral_all_plus_gcc,0.857006706638618
DS005620,gamma,153,1024,awake,0,spectral_all_plus_gcc,0.07052036579390948
DS005620,gamma,154,1024,sed,1,spectral_all_plus_gcc,0.9990361010874999
DS005620,gamma,155,1024,sed2,1,spectral_all_plus_gcc,0.9933001187520833
DS005620,gamma,156,1033,awake,0,spectral_all_plus_gcc,0.06822712591815046
DS005620,gamma,157,1033,sed,1,spectral_all_plus_gcc,0.6468623348900477
DS005620,gamma,158,1033,sed2,1,spectral_all_plus_gcc,0.7857429073187334
DS005620,gamma,159,1036,awake,0,spectral_all_plus_gcc,0.0705262252650403
DS005620,gamma,160,1036,sed,1,spectral_all_plus_gcc,0.9969788962657905
DS005620,gamma,161,1036,sed2,1,spectral_all_plus_gcc,0.9741610786585085
DS005620,gamma,162,1037,awake,0,spectral_all_plus_gcc,0.06856471167387503
DS005620,gamma,163,1045,awake,0,spectral_all_plus_gcc,0.07162196446984677
DS005620,gamma,164,1045,sed,1,spectral_all_plus_gcc,0.9956101893356689
DS005620,gamma,165,1045,sed2,1,spectral_all_plus_gcc,0.979829192508716
DS005620,gamma,166,1046,awake,0,spectral_all_plus_gcc,0.06975277660823369
DS005620,gamma,167,1046,sed,1,spectral_all_plus_gcc,0.8268991523793485
DS005620,gamma,168,1046,sed2,1,spectral_all_plus_gcc,0.8597490156837242
DS005620,gamma,169,1054,awake,0,spectral_all_plus_gcc,0.07000986037790713
DS005620,gamma,170,1054,sed,1,spectral_all_plus_gcc,0.9994091014964048
DS005620,gamma,171,1054,sed2,1,spectral_all_plus_gcc,0.9999752068873177
DS005620,gamma,172,1055,awake,0,spectral_all_plus_gcc,0.07092940729264273
DS005620,gamma,173,1055,sed,1,spectral_all_plus_gcc,0.974198239076118
DS005620,gamma,174,1055,sed2,1,spectral_all_plus_gcc,0.908640900949123
DS005620,gamma,175,1057,awake,0,spectral_all_plus_gcc,0.06274758693264594
DS005620,gamma,176,1057,sed,1,spectral_all_plus_gcc,0.8493899561383311
DS005620,gamma,177,1057,sed2,1,spectral_all_plus_gcc,0.32625484422664025
DS005620,gamma,178,1060,awake,0,spectral_all_plus_gcc,0.06614170460376206
DS005620,gamma,179,1060,sed,1,spectral_all_plus_gcc,0.9999945024784394
DS005620,gamma,180,1060,sed2,1,spectral_all_plus_gcc,0.9999452867431095
DS005620,gamma,181,1061,awake,0,spectral_all_plus_gcc,0.06984085488111906
DS005620,gamma,182,1061,sed,1,spectral_all_plus_gcc,0.9999984095739555
DS005620,gamma,183,1061,sed2,1,spectral_all_plus_gcc,0.9812904311425017
DS005620,gamma,184,1062,awake,0,spectral_all_plus_gcc,0.07098111177615143
DS005620,gamma,185,1062,sed,1,spectral_all_plus_gcc,0.9994966829594147
DS005620,gamma,186,1062,sed2,1,spectral_all_plus_gcc,0.9984258919745924
DS005620,gamma,187,1064,awake,0,spectral_all_plus_gcc,0.0709706740212234
DS005620,gamma,188,1064,sed,1,spectral_all_plus_gcc,0.9959898123100946
DS005620,gamma,189,1064,sed2,1,spectral_all_plus_gcc,0.9458011069889727
DS005620,gamma,190,1067,awake,0,spectral_all_plus_gcc,0.05237876746745384
DS005620,gamma,191,1067,sed,1,spectral_all_plus_gcc,0.09029052914909594
DS005620,gamma,192,1067,sed2,1,spectral_all_plus_gcc,0.13435167709506804
DS005620,gamma,193,1068,awake,0,spectral_all_plus_gcc,0.06913490768442646
DS005620,gamma,194,1068,sed,1,spectral_all_plus_gcc,0.9383719566234744
DS005620,gamma,195,1068,sed2,1,spectral_all_plus_gcc,0.7653844617110519
DS005620,gamma,196,1071,awake,0,spectral_all_plus_gcc,0.06575551440580985
DS005620,gamma,197,1071,sed,1,spectral_all_plus_gcc,0.9999979468098891
DS005620,gamma,198,1071,sed2,1,spectral_all_plus_gcc,0.9999901423842593
DS005620,gamma,199,1074,awake,0,spectral_all_plus_gcc,0.07176957484555185
DS005620,gamma,200,1074,sed,1,spectral_all_plus_gcc,0.9936253708540996
DS005620,gamma,201,1074,sed2,1,spectral_all_plus_gcc,0.9918124625100346
DS005620,gamma,141,1010,awake,0,residual_pi_after_spectral_all,0.49917883384729406
DS005620,gamma,142,1010,sed,1,residual_pi_after_spectral_all,0.5038692788356408
DS005620,gamma,143,1010,sed2,1,residual_pi_after_spectral_all,0.48618267429602147
DS005620,gamma,144,1016,awake,0,residual_pi_after_spectral_all,0.4989067883765353
DS005620,gamma,145,1016,sed,1,residual_pi_after_spectral_all,0.4720726018990254
DS005620,gamma,146,1016,sed2,1,residual_pi_after_spectral_all,0.4468743225708313
DS005620,gamma,147,1017,awake,0,residual_pi_after_spectral_all,0.49908536164454104
DS005620,gamma,148,1017,sed,1,residual_pi_after_spectral_all,0.4785833067392091
DS005620,gamma,149,1017,sed2,1,residual_pi_after_spectral_all,0.4817738929314081
DS005620,gamma,150,1022,awake,0,residual_pi_after_spectral_all,0.49970067188381223
DS005620,gamma,151,1022,sed,1,residual_pi_after_spectral_all,0.5065903349267308
DS005620,gamma,152,1022,sed2,1,residual_pi_after_spectral_all,0.5100589137917387
DS005620,gamma,153,1024,awake,0,residual_pi_after_spectral_all,0.49915434063645236
DS005620,gamma,154,1024,sed,1,residual_pi_after_spectral_all,0.5201691579889799
DS005620,gamma,155,1024,sed2,1,residual_pi_after_spectral_all,0.4891646784626031
DS005620,gamma,156,1033,awake,0,residual_pi_after_spectral_all,0.4991128178154219
DS005620,gamma,157,1033,sed,1,residual_pi_after_spectral_all,0.49344920950579263
DS005620,gamma,158,1033,sed2,1,residual_pi_after_spectral_all,0.4919458903193436
DS005620,gamma,159,1036,awake,0,residual_pi_after_spectral_all,0.49974999825428285
DS005620,gamma,160,1036,sed,1,residual_pi_after_spectral_all,0.5150123817444834
DS005620,gamma,161,1036,sed2,1,residual_pi_after_spectral_all,0.5047256207510569
DS005620,gamma,162,1037,awake,0,residual_pi_after_spectral_all,0.49936829683869555
DS005620,gamma,163,1045,awake,0,residual_pi_after_spectral_all,0.499691136981764
DS005620,gamma,164,1045,sed,1,residual_pi_after_spectral_all,0.4781857822538882
DS005620,gamma,165,1045,sed2,1,residual_pi_after_spectral_all,0.4745356754449002
DS005620,gamma,166,1046,awake,0,residual_pi_after_spectral_all,0.4992664355020908
DS005620,gamma,167,1046,sed,1,residual_pi_after_spectral_all,0.4591155073842978
DS005620,gamma,168,1046,sed2,1,residual_pi_after_spectral_all,0.48420073544463044
DS005620,gamma,169,1054,awake,0,residual_pi_after_spectral_all,0.49834957796141666
DS005620,gamma,170,1054,sed,1,residual_pi_after_spectral_all,0.5055748330922755
DS005620,gamma,171,1054,sed2,1,residual_pi_after_spectral_all,0.5657215061665437
DS005620,gamma,172,1055,awake,0,residual_pi_after_spectral_all,0.4993125488754572
DS005620,gamma,173,1055,sed,1,residual_pi_after_spectral_all,0.47503014366010293
DS005620,gamma,174,1055,sed2,1,residual_pi_after_spectral_all,0.46335679938456303
DS005620,gamma,175,1057,awake,0,residual_pi_after_spectral_all,0.4997445670110943
DS005620,gamma,176,1057,sed,1,residual_pi_after_spectral_all,0.5198866298573123
DS005620,gamma,177,1057,sed2,1,residual_pi_after_spectral_all,0.4960601299529512
DS005620,gamma,178,1060,awake,0,residual_pi_after_spectral_all,0.4997230130475913
DS005620,gamma,179,1060,sed,1,residual_pi_after_spectral_all,0.5523567366445962
DS005620,gamma,180,1060,sed2,1,residual_pi_after_spectral_all,0.5639025041601404
DS005620,gamma,181,1061,awake,0,residual_pi_after_spectral_all,0.4998614989552691
DS005620,gamma,182,1061,sed,1,residual_pi_after_spectral_all,0.5076901015256533
DS005620,gamma,183,1061,sed2,1,residual_pi_after_spectral_all,0.4712076823535589
DS005620,gamma,184,1062,awake,0,residual_pi_after_spectral_all,0.49883281666515333
DS005620,gamma,185,1062,sed,1,residual_pi_after_spectral_all,0.5477579208955449
DS005620,gamma,186,1062,sed2,1,residual_pi_after_spectral_all,0.5129666253345428
DS005620,gamma,187,1064,awake,0,residual_pi_after_spectral_all,0.4991288284208362
DS005620,gamma,188,1064,sed,1,residual_pi_after_spectral_all,0.4853446173283595
DS005620,gamma,189,1064,sed2,1,residual_pi_after_spectral_all,0.4739930756605568
DS005620,gamma,190,1067,awake,0,residual_pi_after_spectral_all,0.4999724009144853
DS005620,gamma,191,1067,sed,1,residual_pi_after_spectral_all,0.4964369941147673
DS005620,gamma,192,1067,sed2,1,residual_pi_after_spectral_all,0.49723791026815656
DS005620,gamma,193,1068,awake,0,residual_pi_after_spectral_all,0.4999488745298691
DS005620,gamma,194,1068,sed,1,residual_pi_after_spectral_all,0.5066872726476069
DS005620,gamma,195,1068,sed2,1,residual_pi_after_spectral_all,0.5010514537016726
DS005620,gamma,196,1071,awake,0,residual_pi_after_spectral_all,0.49354942660666945
DS005620,gamma,197,1071,sed,1,residual_pi_after_spectral_all,0.7726852276875446
DS005620,gamma,198,1071,sed2,1,residual_pi_after_spectral_all,0.786807491572649
DS005620,gamma,199,1074,awake,0,residual_pi_after_spectral_all,0.4998756956161438
DS005620,gamma,200,1074,sed,1,residual_pi_after_spectral_all,0.5083025326305852
DS005620,gamma,201,1074,sed2,1,residual_pi_after_spectral_all,0.5153876541803413
DS005620,gamma,141,1010,awake,0,residual_gcc_after_spectral_all,0.49062275344283063
DS005620,gamma,142,1010,sed,1,residual_gcc_after_spectral_all,0.7678341221086312
DS005620,gamma,143,1010,sed2,1,residual_gcc_after_spectral_all,0.6174088350643651
DS005620,gamma,144,1016,awake,0,residual_gcc_after_spectral_all,0.4809611535153092
DS005620,gamma,145,1016,sed,1,residual_gcc_after_spectral_all,0.26306134373365736
DS005620,gamma,146,1016,sed2,1,residual_gcc_after_spectral_all,0.26135497654552303
DS005620,gamma,147,1017,awake,0,residual_gcc_after_spectral_all,0.48306097243185714
DS005620,gamma,148,1017,sed,1,residual_gcc_after_spectral_all,0.3614200626481444
DS005620,gamma,149,1017,sed2,1,residual_gcc_after_spectral_all,0.4190465952304605
DS005620,gamma,150,1022,awake,0,residual_gcc_after_spectral_all,0.48667408896187425
DS005620,gamma,151,1022,sed,1,residual_gcc_after_spectral_all,0.5354789741244934
DS005620,gamma,152,1022,sed2,1,residual_gcc_after_spectral_all,0.5349838059884143
DS005620,gamma,153,1024,awake,0,residual_gcc_after_spectral_all,0.48717704114371807
DS005620,gamma,154,1024,sed,1,residual_gcc_after_spectral_all,0.4287371842731948
DS005620,gamma,155,1024,sed2,1,residual_gcc_after_spectral_all,0.4661885896599618
DS005620,gamma,156,1033,awake,0,residual_gcc_after_spectral_all,0.49228401795167126
DS005620,gamma,157,1033,sed,1,residual_gcc_after_spectral_all,0.6894337826229785
DS005620,gamma,158,1033,sed2,1,residual_gcc_after_spectral_all,0.6811889988480342
DS005620,gamma,159,1036,awake,0,residual_gcc_after_spectral_all,0.48946191713605736
DS005620,gamma,160,1036,sed,1,residual_gcc_after_spectral_all,0.6018154687915117
DS005620,gamma,161,1036,sed2,1,residual_gcc_after_spectral_all,0.6118682713567085
DS005620,gamma,162,1037,awake,0,residual_gcc_after_spectral_all,0.4852720326693833
DS005620,gamma,163,1045,awake,0,residual_gcc_after_spectral_all,0.4861323637024139
DS005620,gamma,164,1045,sed,1,residual_gcc_after_spectral_all,0.4143118146682589
DS005620,gamma,165,1045,sed2,1,residual_gcc_after_spectral_all,0.5392194702346002
DS005620,gamma,166,1046,awake,0,residual_gcc_after_spectral_all,0.48571682544279016
DS005620,gamma,167,1046,sed,1,residual_gcc_after_spectral_all,0.40630406993499285
DS005620,gamma,168,1046,sed2,1,residual_gcc_after_spectral_all,0.6652319262239855
DS005620,gamma,169,1054,awake,0,residual_gcc_after_spectral_all,0.48551713023489046
DS005620,gamma,170,1054,sed,1,residual_gcc_after_spectral_all,0.4343162293167014
DS005620,gamma,171,1054,sed2,1,residual_gcc_after_spectral_all,0.544218186856876
DS005620,gamma,172,1055,awake,0,residual_gcc_after_spectral_all,0.48412587953113
DS005620,gamma,173,1055,sed,1,residual_gcc_after_spectral_all,0.3638297959135485
DS005620,gamma,174,1055,sed2,1,residual_gcc_after_spectral_all,0.3099153789643697
DS005620,gamma,175,1057,awake,0,residual_gcc_after_spectral_all,0.48919663706596983
DS005620,gamma,176,1057,sed,1,residual_gcc_after_spectral_all,0.5412814512409344
DS005620,gamma,177,1057,sed2,1,residual_gcc_after_spectral_all,0.5983300555403345
DS005620,gamma,178,1060,awake,0,residual_gcc_after_spectral_all,0.48971606353227204
DS005620,gamma,179,1060,sed,1,residual_gcc_after_spectral_all,0.44803159518034436
DS005620,gamma,180,1060,sed2,1,residual_gcc_after_spectral_all,0.465710067538123
DS005620,gamma,181,1061,awake,0,residual_gcc_after_spectral_all,0.4479986221711235
DS005620,gamma,182,1061,sed,1,residual_gcc_after_spectral_all,0.9999402719691081
DS005620,gamma,183,1061,sed2,1,residual_gcc_after_spectral_all,0.4908817745041285
DS005620,gamma,184,1062,awake,0,residual_gcc_after_spectral_all,0.48566202842488576
DS005620,gamma,185,1062,sed,1,residual_gcc_after_spectral_all,0.506483081684177
DS005620,gamma,186,1062,sed2,1,residual_gcc_after_spectral_all,0.5226929867407906
DS005620,gamma,187,1064,awake,0,residual_gcc_after_spectral_all,0.4842791081009548
DS005620,gamma,188,1064,sed,1,residual_gcc_after_spectral_all,0.7279556802186656
DS005620,gamma,189,1064,sed2,1,residual_gcc_after_spectral_all,0.6073068927997048
DS005620,gamma,190,1067,awake,0,residual_gcc_after_spectral_all,0.4632463514766361
DS005620,gamma,191,1067,sed,1,residual_gcc_after_spectral_all,0.16510781968882127
DS005620,gamma,192,1067,sed2,1,residual_gcc_after_spectral_all,0.3574766589903223
DS005620,gamma,193,1068,awake,0,residual_gcc_after_spectral_all,0.48942714297660617
DS005620,gamma,194,1068,sed,1,residual_gcc_after_spectral_all,0.4781654049176657
DS005620,gamma,195,1068,sed2,1,residual_gcc_after_spectral_all,0.4742353869245367
DS005620,gamma,196,1071,awake,0,residual_gcc_after_spectral_all,0.48575310703081515
DS005620,gamma,197,1071,sed,1,residual_gcc_after_spectral_all,0.5365196483496321
DS005620,gamma,198,1071,sed2,1,residual_gcc_after_spectral_all,0.6241524846810933
DS005620,gamma,199,1074,awake,0,residual_gcc_after_spectral_all,0.4879248196552831
DS005620,gamma,200,1074,sed,1,residual_gcc_after_spectral_all,0.5194066513030123
DS005620,gamma,201,1074,sed2,1,residual_gcc_after_spectral_all,0.6422154405445797
FarnesKetamine,gamma,222,210,awake,0,spectral_bandpower,0.3190664376637116
FarnesKetamine,gamma,223,210,ketamine,1,spectral_bandpower,0.3048245859490415
FarnesKetamine,gamma,224,219,awake,0,spectral_bandpower,0.34477333051604775
FarnesKetamine,gamma,225,219,ketamine,1,spectral_bandpower,0.9976530405213357
FarnesKetamine,gamma,226,249,awake,0,spectral_bandpower,0.34915817869712845
FarnesKetamine,gamma,227,249,ketamine,1,spectral_bandpower,0.989926560878775
FarnesKetamine,gamma,228,251,awake,0,spectral_bandpower,0.3114763085086925
FarnesKetamine,gamma,229,251,ketamine,1,spectral_bandpower,0.24145859729871744
FarnesKetamine,gamma,230,265,awake,0,spectral_bandpower,0.3318333268223029
FarnesKetamine,gamma,231,265,ketamine,1,spectral_bandpower,0.4787762324342828
FarnesKetamine,gamma,232,271,awake,0,spectral_bandpower,0.34948328616750246
FarnesKetamine,gamma,233,271,ketamine,1,spectral_bandpower,0.6877815363976947
FarnesKetamine,gamma,234,282,awake,0,spectral_bandpower,0.35557711156750677
FarnesKetamine,gamma,235,282,ketamine,1,spectral_bandpower,0.9526131039586313
FarnesKetamine,gamma,236,300,awake,0,spectral_bandpower,0.31665977025739417
FarnesKetamine,gamma,237,300,ketamine,1,spectral_bandpower,0.32759666154758693
FarnesKetamine,gamma,238,313,awake,0,spectral_bandpower,0.2633629301478567
FarnesKetamine,gamma,239,313,ketamine,1,spectral_bandpower,0.0365702958473162
FarnesKetamine,gamma,240,318,awake,0,spectral_bandpower,0.33919511725405077
FarnesKetamine,gamma,241,318,ketamine,1,spectral_bandpower,0.5437308229690342
FarnesKetamine,gamma,222,210,awake,0,spectral_all,0.16170890949261313
FarnesKetamine,gamma,223,210,ketamine,1,spectral_all,0.9137400799710187
FarnesKetamine,gamma,224,219,awake,0,spectral_all,0.16597008123198134
FarnesKetamine,gamma,225,219,ketamine,1,spectral_all,0.9908201302053813
FarnesKetamine,gamma,226,249,awake,0,spectral_all,0.16422416812061982
FarnesKetamine,gamma,227,249,ketamine,1,spectral_all,0.9906866690251868
FarnesKetamine,gamma,228,251,awake,0,spectral_all,0.1638016316894369
FarnesKetamine,gamma,229,251,ketamine,1,spectral_all,0.8629434890033271
FarnesKetamine,gamma,230,265,awake,0,spectral_all,0.16741690274729384
FarnesKetamine,gamma,231,265,ketamine,1,spectral_all,0.8023847733626546
FarnesKetamine,gamma,232,271,awake,0,spectral_all,0.16050221028526349
FarnesKetamine,gamma,233,271,ketamine,1,spectral_all,0.5821617802700019
FarnesKetamine,gamma,234,282,awake,0,spectral_all,0.15468762021090662
FarnesKetamine,gamma,235,282,ketamine,1,spectral_all,0.41866657366499394
FarnesKetamine,gamma,236,300,awake,0,spectral_all,0.13674214229983633
FarnesKetamine,gamma,237,300,ketamine,1,spectral_all,0.25499178197252087
FarnesKetamine,gamma,238,313,awake,0,spectral_all,0.1572488006246516
FarnesKetamine,gamma,239,313,ketamine,1,spectral_all,0.9377302139305149
FarnesKetamine,gamma,240,318,awake,0,spectral_all,0.1569075320065979
FarnesKetamine,gamma,241,318,ketamine,1,spectral_all,0.5207217968719874
FarnesKetamine,gamma,222,210,awake,0,gcc_pi,0.4214156982367299
FarnesKetamine,gamma,223,210,ketamine,1,gcc_pi,0.39902959117647374
FarnesKetamine,gamma,224,219,awake,0,gcc_pi,0.451144100536844
FarnesKetamine,gamma,225,219,ketamine,1,gcc_pi,0.9512884994130022
FarnesKetamine,gamma,226,249,awake,0,gcc_pi,0.40847443901334834
FarnesKetamine,gamma,227,249,ketamine,1,gcc_pi,0.2836179943848675
FarnesKetamine,gamma,228,251,awake,0,gcc_pi,0.42898956122738524
FarnesKetamine,gamma,229,251,ketamine,1,gcc_pi,0.47258871875584807
FarnesKetamine,gamma,230,265,awake,0,gcc_pi,0.43228449689855347
FarnesKetamine,gamma,231,265,ketamine,1,gcc_pi,0.5064077462591544
FarnesKetamine,gamma,232,271,awake,0,gcc_pi,0.43362540092536317
FarnesKetamine,gamma,233,271,ketamine,1,gcc_pi,0.5206370413732909
FarnesKetamine,gamma,234,282,awake,0,gcc_pi,0.4378496425102799
FarnesKetamine,gamma,235,282,ketamine,1,gcc_pi,0.5684450753435472
FarnesKetamine,gamma,236,300,awake,0,gcc_pi,0.4272158730868923
FarnesKetamine,gamma,237,300,ketamine,1,gcc_pi,0.4549192962961187
FarnesKetamine,gamma,238,313,awake,0,gcc_pi,0.43096516936009793
FarnesKetamine,gamma,239,313,ketamine,1,gcc_pi,0.4926879669546919
FarnesKetamine,gamma,240,318,awake,0,gcc_pi,0.4488838517492311
FarnesKetamine,gamma,241,318,ketamine,1,gcc_pi,0.9730116999070549
FarnesKetamine,gamma,222,210,awake,0,gcc_triad_plus_pi,0.3654164028053181
FarnesKetamine,gamma,223,210,ketamine,1,gcc_triad_plus_pi,0.39511927363750604
FarnesKetamine,gamma,224,219,awake,0,gcc_triad_plus_pi,0.3923574258538679
FarnesKetamine,gamma,225,219,ketamine,1,gcc_triad_plus_pi,0.9555652977035131
FarnesKetamine,gamma,226,249,awake,0,gcc_triad_plus_pi,0.3775807926121933
FarnesKetamine,gamma,227,249,ketamine,1,gcc_triad_plus_pi,0.5038518502037572
FarnesKetamine,gamma,228,251,awake,0,gcc_triad_plus_pi,0.3523714028621662
FarnesKetamine,gamma,229,251,ketamine,1,gcc_triad_plus_pi,0.29844191166380535
FarnesKetamine,gamma,230,265,awake,0,gcc_triad_plus_pi,0.3145676036512137
FarnesKetamine,gamma,231,265,ketamine,1,gcc_triad_plus_pi,0.10147648888861123
FarnesKetamine,gamma,232,271,awake,0,gcc_triad_plus_pi,0.37657035077803513
FarnesKetamine,gamma,233,271,ketamine,1,gcc_triad_plus_pi,0.5515184002513405
FarnesKetamine,gamma,234,282,awake,0,gcc_triad_plus_pi,0.3891850184963985
FarnesKetamine,gamma,235,282,ketamine,1,gcc_triad_plus_pi,0.7065640275724678
FarnesKetamine,gamma,236,300,awake,0,gcc_triad_plus_pi,0.3655860504632789
FarnesKetamine,gamma,237,300,ketamine,1,gcc_triad_plus_pi,0.4405487651731
FarnesKetamine,gamma,238,313,awake,0,gcc_triad_plus_pi,0.39425516720440534
FarnesKetamine,gamma,239,313,ketamine,1,gcc_triad_plus_pi,0.7839895321145444
FarnesKetamine,gamma,240,318,awake,0,gcc_triad_plus_pi,0.3444473735814194
FarnesKetamine,gamma,241,318,ketamine,1,gcc_triad_plus_pi,0.9999999912382206
FarnesKetamine,gamma,222,210,awake,0,spectral_all_plus_gcc,0.14328044891426894
FarnesKetamine,gamma,223,210,ketamine,1,spectral_all_plus_gcc,0.9094298650880654
FarnesKetamine,gamma,224,219,awake,0,spectral_all_plus_gcc,0.14605546027621744
FarnesKetamine,gamma,225,219,ketamine,1,spectral_all_plus_gcc,0.9975993424562597
FarnesKetamine,gamma,226,249,awake,0,spectral_all_plus_gcc,0.14689698797738943
FarnesKetamine,gamma,227,249,ketamine,1,spectral_all_plus_gcc,0.9828631857487783
FarnesKetamine,gamma,228,251,awake,0,spectral_all_plus_gcc,0.14422956784114876
FarnesKetamine,gamma,229,251,ketamine,1,spectral_all_plus_gcc,0.8198281468305441
FarnesKetamine,gamma,230,265,awake,0,spectral_all_plus_gcc,0.13770086255038763
FarnesKetamine,gamma,231,265,ketamine,1,spectral_all_plus_gcc,0.5030379942681814
FarnesKetamine,gamma,232,271,awake,0,spectral_all_plus_gcc,0.14426856612363392
FarnesKetamine,gamma,233,271,ketamine,1,spectral_all_plus_gcc,0.661145622293824
FarnesKetamine,gamma,234,282,awake,0,spectral_all_plus_gcc,0.13828002304080678
FarnesKetamine,gamma,235,282,ketamine,1,spectral_all_plus_gcc,0.47013241452831905
FarnesKetamine,gamma,236,300,awake,0,spectral_all_plus_gcc,0.10333901355129886
FarnesKetamine,gamma,237,300,ketamine,1,spectral_all_plus_gcc,0.1418941198596736
FarnesKetamine,gamma,238,313,awake,0,spectral_all_plus_gcc,0.13918433244511555
FarnesKetamine,gamma,239,313,ketamine,1,spectral_all_plus_gcc,0.9596815127688749
FarnesKetamine,gamma,240,318,awake,0,spectral_all_plus_gcc,0.14474994475529787
FarnesKetamine,gamma,241,318,ketamine,1,spectral_all_plus_gcc,0.9999868232588057
FarnesKetamine,gamma,222,210,awake,0,residual_pi_after_spectral_all,0.49997296130729374
FarnesKetamine,gamma,223,210,ketamine,1,residual_pi_after_spectral_all,0.5035088220286095
FarnesKetamine,gamma,224,219,awake,0,residual_pi_after_spectral_all,0.49768952176584874
FarnesKetamine,gamma,225,219,ketamine,1,residual_pi_after_spectral_all,0.7605224003825157
FarnesKetamine,gamma,226,249,awake,0,residual_pi_after_spectral_all,0.491974161411373
FarnesKetamine,gamma,227,249,ketamine,1,residual_pi_after_spectral_all,0.7985811831215897
FarnesKetamine,gamma,228,251,awake,0,residual_pi_after_spectral_all,0.4999839966392441
FarnesKetamine,gamma,229,251,ketamine,1,residual_pi_after_spectral_all,0.5028071002880931
FarnesKetamine,gamma,230,265,awake,0,residual_pi_after_spectral_all,0.4997936071983049
FarnesKetamine,gamma,231,265,ketamine,1,residual_pi_after_spectral_all,0.4924261332595149
FarnesKetamine,gamma,232,271,awake,0,residual_pi_after_spectral_all,0.49990757641421385
FarnesKetamine,gamma,233,271,ketamine,1,residual_pi_after_spectral_all,0.48686921110899706
FarnesKetamine,gamma,234,282,awake,0,residual_pi_after_spectral_all,0.49875130535393114
FarnesKetamine,gamma,235,282,ketamine,1,residual_pi_after_spectral_all,0.4423321866639998
FarnesKetamine,gamma,236,300,awake,0,residual_pi_after_spectral_all,0.48923950643857644
FarnesKetamine,gamma,237,300,ketamine,1,residual_pi_after_spectral_all,0.31592280555328917
FarnesKetamine,gamma,238,313,awake,0,residual_pi_after_spectral_all,0.4999370299404413
FarnesKetamine,gamma,239,313,ketamine,1,residual_pi_after_spectral_all,0.42333628885383484
FarnesKetamine,gamma,240,318,awake,0,residual_pi_after_spectral_all,0.4988009388268698
FarnesKetamine,gamma,241,318,ketamine,1,residual_pi_after_spectral_all,0.6437941173705964
FarnesKetamine,gamma,222,210,awake,0,residual_gcc_after_spectral_all,0.49412559305590326
FarnesKetamine,gamma,223,210,ketamine,1,residual_gcc_after_spectral_all,0.2849533453878598
FarnesKetamine,gamma,224,219,awake,0,residual_gcc_after_spectral_all,0.4910980726402308
FarnesKetamine,gamma,225,219,ketamine,1,residual_gcc_after_spectral_all,0.9686570698966495
FarnesKetamine,gamma,226,249,awake,0,residual_gcc_after_spectral_all,0.485052441700928
FarnesKetamine,gamma,227,249,ketamine,1,residual_gcc_after_spectral_all,0.933219606652897
FarnesKetamine,gamma,228,251,awake,0,residual_gcc_after_spectral_all,0.49664553125915695
FarnesKetamine,gamma,229,251,ketamine,1,residual_gcc_after_spectral_all,0.5646471353874615
FarnesKetamine,gamma,230,265,awake,0,residual_gcc_after_spectral_all,0.4967446822048061
FarnesKetamine,gamma,231,265,ketamine,1,residual_gcc_after_spectral_all,0.5566637472847477
FarnesKetamine,gamma,232,271,awake,0,residual_gcc_after_spectral_all,0.49989905074562124
FarnesKetamine,gamma,233,271,ketamine,1,residual_gcc_after_spectral_all,0.4860951743128156
FarnesKetamine,gamma,234,282,awake,0,residual_gcc_after_spectral_all,0.49815772017712867
FarnesKetamine,gamma,235,282,ketamine,1,residual_gcc_after_spectral_all,0.4219209017909001
FarnesKetamine,gamma,236,300,awake,0,residual_gcc_after_spectral_all,0.4880875383388817
FarnesKetamine,gamma,237,300,ketamine,1,residual_gcc_after_spectral_all,0.31382312252698025
FarnesKetamine,gamma,238,313,awake,0,residual_gcc_after_spectral_all,0.4970125889057841
FarnesKetamine,gamma,239,313,ketamine,1,residual_gcc_after_spectral_all,0.4047802521661688
FarnesKetamine,gamma,240,318,awake,0,residual_gcc_after_spectral_all,0.4753823130990962
FarnesKetamine,gamma,241,318,ketamine,1,residual_gcc_after_spectral_all,0.9960022533434614
