relative_path,subject,task,acq,run,extension,suffix,size,local_present
CHANGES,,,,0,,,23,True
dataset_description.json,,,,0,.json,,1025,True
.gitattributes,,,,0,,,427,False
README.txt,,,,0,.txt,,3938,False
participants.json,,,,0,.json,,1202,True
participants.tsv,,,,0,.tsv,,1035,True
sub-1074/sub-1074_scans.tsv,1074,,,0,.tsv,,892,False
sub-1074/eeg/sub-1074_task-awake_acq-EC_channels.tsv,1074,awake,EC,0,.tsv,channels,3911,True
sub-1074/eeg/sub-1074_task-awake_acq-EC_eeg.eeg,1074,awake,EC,0,.eeg,eeg,384000256,True
sub-1074/eeg/sub-1074_task-awake_acq-EC_eeg.json,1074,awake,EC,0,.json,eeg,475,True
sub-1074/eeg/sub-1074_task-awake_acq-EC_eeg.vhdr,1074,awake,EC,0,.vhdr,eeg,1801,True
sub-1074/eeg/sub-1074_task-awake_acq-EC_eeg.vmrk,1074,awake,EC,0,.vmrk,eeg,541,True
sub-1074/eeg/sub-1074_task-awake_acq-EC_events.json,1074,awake,EC,0,.json,events,767,True
sub-1074/eeg/sub-1074_task-awake_acq-EC_events.tsv,1074,awake,EC,0,.tsv,events,70,True
sub-1074/eeg/sub-1074_task-awake_acq-EO_channels.tsv,1074,awake,EO,0,.tsv,channels,3911,False
sub-1074/eeg/sub-1074_task-awake_acq-EO_eeg.eeg,1074,awake,EO,0,.eeg,eeg,384000256,False
sub-1074/eeg/sub-1074_task-awake_acq-EO_eeg.json,1074,awake,EO,0,.json,eeg,475,False
sub-1074/eeg/sub-1074_task-awake_acq-EO_eeg.vhdr,1074,awake,EO,0,.vhdr,eeg,1801,False
sub-1074/eeg/sub-1074_task-awake_acq-EO_eeg.vmrk,1074,awake,EO,0,.vmrk,eeg,541,False
sub-1074/eeg/sub-1074_task-awake_acq-EO_events.json,1074,awake,EO,0,.json,events,767,False
sub-1074/eeg/sub-1074_task-awake_acq-EO_events.tsv,1074,awake,EO,0,.tsv,events,70,False
sub-1074/eeg/sub-1074_task-awake_acq-tms_channels.tsv,1074,awake,tms,0,.tsv,channels,3911,False
sub-1074/eeg/sub-1074_task-awake_acq-tms_eeg.eeg,1074,awake,tms,0,.eeg,eeg,1238707712,False
sub-1074/eeg/sub-1074_task-awake_acq-tms_eeg.json,1074,awake,tms,0,.json,eeg,478,False
sub-1074/eeg/sub-1074_task-awake_acq-tms_eeg.vhdr,1074,awake,tms,0,.vhdr,eeg,1803,False
sub-1074/eeg/sub-1074_task-awake_acq-tms_eeg.vmrk,1074,awake,tms,0,.vmrk,eeg,9848,False
sub-1074/eeg/sub-1074_task-awake_acq-tms_events.json,1074,awake,tms,0,.json,events,767,False
sub-1074/eeg/sub-1074_task-awake_acq-tms_events.tsv,1074,awake,tms,0,.tsv,events,11257,False
sub-1074/eeg/sub-1074_task-sed2_acq-rest_run-1_channels.tsv,1074,sed2,rest,1,.tsv,channels,3911,True
sub-1074/eeg/sub-1074_task-sed2_acq-rest_run-1_eeg.eeg,1074,sed2,rest,1,.eeg,eeg,76800256,True
sub-1074/eeg/sub-1074_task-sed2_acq-rest_run-1_eeg.json,1074,sed2,rest,1,.json,eeg,473,True
sub-1074/eeg/sub-1074_task-sed2_acq-rest_run-1_eeg.vhdr,1074,sed2,rest,1,.vhdr,eeg,1815,True
sub-1074/eeg/sub-1074_task-sed2_acq-rest_run-1_eeg.vmrk,1074,sed2,rest,1,.vmrk,eeg,548,True
sub-1074/eeg/sub-1074_task-sed2_acq-rest_run-1_events.json,1074,sed2,rest,1,.json,events,767,True
sub-1074/eeg/sub-1074_task-sed2_acq-rest_run-1_events.tsv,1074,sed2,rest,1,.tsv,events,70,True
sub-1074/eeg/sub-1074_task-sed2_acq-rest_run-2_channels.tsv,1074,sed2,rest,2,.tsv,channels,3911,True
sub-1074/eeg/sub-1074_task-sed2_acq-rest_run-2_eeg.eeg,1074,sed2,rest,2,.eeg,eeg,76800256,True
sub-1074/eeg/sub-1074_task-sed2_acq-rest_run-2_eeg.json,1074,sed2,rest,2,.json,eeg,473,True
sub-1074/eeg/sub-1074_task-sed2_acq-rest_run-2_eeg.vhdr,1074,sed2,rest,2,.vhdr,eeg,1815,True
sub-1074/eeg/sub-1074_task-sed2_acq-rest_run-2_eeg.vmrk,1074,sed2,rest,2,.vmrk,eeg,548,True
sub-1074/eeg/sub-1074_task-sed2_acq-rest_run-2_events.json,1074,sed2,rest,2,.json,events,767,True
sub-1074/eeg/sub-1074_task-sed2_acq-rest_run-2_events.tsv,1074,sed2,rest,2,.tsv,events,70,True
sub-1074/eeg/sub-1074_task-sed2_acq-rest_run-3_channels.tsv,1074,sed2,rest,3,.tsv,channels,3911,True
sub-1074/eeg/sub-1074_task-sed2_acq-rest_run-3_eeg.eeg,1074,sed2,rest,3,.eeg,eeg,76800256,True
sub-1074/eeg/sub-1074_task-sed2_acq-rest_run-3_eeg.json,1074,sed2,rest,3,.json,eeg,473,True
sub-1074/eeg/sub-1074_task-sed2_acq-rest_run-3_eeg.vhdr,1074,sed2,rest,3,.vhdr,eeg,1815,True
sub-1074/eeg/sub-1074_task-sed2_acq-rest_run-3_eeg.vmrk,1074,sed2,rest,3,.vmrk,eeg,548,True
sub-1074/eeg/sub-1074_task-sed2_acq-rest_run-3_events.json,1074,sed2,rest,3,.json,events,767,True
sub-1074/eeg/sub-1074_task-sed2_acq-rest_run-3_events.tsv,1074,sed2,rest,3,.tsv,events,70,True
sub-1074/eeg/sub-1074_task-sed_acq-rest_run-1_channels.tsv,1074,sed,rest,1,.tsv,channels,3911,True
sub-1074/eeg/sub-1074_task-sed_acq-rest_run-1_eeg.eeg,1074,sed,rest,1,.eeg,eeg,384000256,True
sub-1074/eeg/sub-1074_task-sed_acq-rest_run-1_eeg.json,1074,sed,rest,1,.json,eeg,473,True
sub-1074/eeg/sub-1074_task-sed_acq-rest_run-1_eeg.vhdr,1074,sed,rest,1,.vhdr,eeg,1813,True
sub-1074/eeg/sub-1074_task-sed_acq-rest_run-1_eeg.vmrk,1074,sed,rest,1,.vmrk,eeg,547,True
sub-1074/eeg/sub-1074_task-sed_acq-rest_run-1_events.json,1074,sed,rest,1,.json,events,767,True
sub-1074/eeg/sub-1074_task-sed_acq-rest_run-1_events.tsv,1074,sed,rest,1,.tsv,events,70,True
sub-1074/eeg/sub-1074_task-sed_acq-rest_run-2_channels.tsv,1074,sed,rest,2,.tsv,channels,3911,True
sub-1074/eeg/sub-1074_task-sed_acq-rest_run-2_eeg.eeg,1074,sed,rest,2,.eeg,eeg,384000256,True
sub-1074/eeg/sub-1074_task-sed_acq-rest_run-2_eeg.json,1074,sed,rest,2,.json,eeg,473,True
sub-1074/eeg/sub-1074_task-sed_acq-rest_run-2_eeg.vhdr,1074,sed,rest,2,.vhdr,eeg,1813,True
sub-1074/eeg/sub-1074_task-sed_acq-rest_run-2_eeg.vmrk,1074,sed,rest,2,.vmrk,eeg,547,True
sub-1074/eeg/sub-1074_task-sed_acq-rest_run-2_events.json,1074,sed,rest,2,.json,events,767,True
sub-1074/eeg/sub-1074_task-sed_acq-rest_run-2_events.tsv,1074,sed,rest,2,.tsv,events,70,True
sub-1074/eeg/sub-1074_task-sed_acq-rest_run-3_channels.tsv,1074,sed,rest,3,.tsv,channels,3911,True
sub-1074/eeg/sub-1074_task-sed_acq-rest_run-3_eeg.eeg,1074,sed,rest,3,.eeg,eeg,384000256,True
sub-1074/eeg/sub-1074_task-sed_acq-rest_run-3_eeg.json,1074,sed,rest,3,.json,eeg,473,True
sub-1074/eeg/sub-1074_task-sed_acq-rest_run-3_eeg.vhdr,1074,sed,rest,3,.vhdr,eeg,1813,True
sub-1074/eeg/sub-1074_task-sed_acq-rest_run-3_eeg.vmrk,1074,sed,rest,3,.vmrk,eeg,547,True
sub-1074/eeg/sub-1074_task-sed_acq-rest_run-3_events.json,1074,sed,rest,3,.json,events,767,True
sub-1074/eeg/sub-1074_task-sed_acq-rest_run-3_events.tsv,1074,sed,rest,3,.tsv,events,70,True
sub-1074/eeg/sub-1074_task-sed_acq-tms_run-1_channels.tsv,1074,sed,tms,1,.tsv,channels,3911,False
sub-1074/eeg/sub-1074_task-sed_acq-tms_run-1_eeg.eeg,1074,sed,tms,1,.eeg,eeg,776611584,False
sub-1074/eeg/sub-1074_task-sed_acq-tms_run-1_eeg.json,1074,sed,tms,1,.json,eeg,476,False
sub-1074/eeg/sub-1074_task-sed_acq-tms_run-1_eeg.vhdr,1074,sed,tms,1,.vhdr,eeg,1811,False
sub-1074/eeg/sub-1074_task-sed_acq-tms_run-1_eeg.vmrk,1074,sed,tms,1,.vmrk,eeg,9291,False
sub-1074/eeg/sub-1074_task-sed_acq-tms_run-1_events.json,1074,sed,tms,1,.json,events,767,False
sub-1074/eeg/sub-1074_task-sed_acq-tms_run-1_events.tsv,1074,sed,tms,1,.tsv,events,10527,False
sub-1074/eeg/sub-1074_task-sed_acq-tms_run-2_channels.tsv,1074,sed,tms,2,.tsv,channels,3911,False
sub-1074/eeg/sub-1074_task-sed_acq-tms_run-2_eeg.eeg,1074,sed,tms,2,.eeg,eeg,776614144,False
sub-1074/eeg/sub-1074_task-sed_acq-tms_run-2_eeg.json,1074,sed,tms,2,.json,eeg,476,False
sub-1074/eeg/sub-1074_task-sed_acq-tms_run-2_eeg.vhdr,1074,sed,tms,2,.vhdr,eeg,1811,False
sub-1074/eeg/sub-1074_task-sed_acq-tms_run-2_eeg.vmrk,1074,sed,tms,2,.vmrk,eeg,8670,False
sub-1074/eeg/sub-1074_task-sed_acq-tms_run-2_events.json,1074,sed,tms,2,.json,events,767,False
sub-1074/eeg/sub-1074_task-sed_acq-tms_run-2_events.tsv,1074,sed,tms,2,.tsv,events,9860,False
sub-1074/eeg/sub-1074_task-sed_acq-tms_run-3_channels.tsv,1074,sed,tms,3,.tsv,channels,3911,False
sub-1074/eeg/sub-1074_task-sed_acq-tms_run-3_eeg.eeg,1074,sed,tms,3,.eeg,eeg,763006720,False
sub-1074/eeg/sub-1074_task-sed_acq-tms_run-3_eeg.json,1074,sed,tms,3,.json,eeg,476,False
sub-1074/eeg/sub-1074_task-sed_acq-tms_run-3_eeg.vhdr,1074,sed,tms,3,.vhdr,eeg,1811,False
sub-1074/eeg/sub-1074_task-sed_acq-tms_run-3_eeg.vmrk,1074,sed,tms,3,.vmrk,eeg,7582,False
sub-1074/eeg/sub-1074_task-sed_acq-tms_run-3_events.json,1074,sed,tms,3,.json,events,767,False
sub-1074/eeg/sub-1074_task-sed_acq-tms_run-3_events.tsv,1074,sed,tms,3,.tsv,events,8553,False
sub-1071/sub-1071_scans.tsv,1071,,,0,.tsv,,819,False
sub-1071/eeg/sub-1071_task-awake_acq-EC_channels.tsv,1071,awake,EC,0,.tsv,channels,3911,True
sub-1071/eeg/sub-1071_task-awake_acq-EC_eeg.eeg,1071,awake,EC,0,.eeg,eeg,384000256,True
sub-1071/eeg/sub-1071_task-awake_acq-EC_eeg.json,1071,awake,EC,0,.json,eeg,475,True
sub-1071/eeg/sub-1071_task-awake_acq-EC_eeg.vhdr,1071,awake,EC,0,.vhdr,eeg,1801,True
sub-1071/eeg/sub-1071_task-awake_acq-EC_eeg.vmrk,1071,awake,EC,0,.vmrk,eeg,541,True
sub-1071/eeg/sub-1071_task-awake_acq-EC_events.json,1071,awake,EC,0,.json,events,767,True
sub-1071/eeg/sub-1071_task-awake_acq-EC_events.tsv,1071,awake,EC,0,.tsv,events,70,True
sub-1071/eeg/sub-1071_task-awake_acq-EO_channels.tsv,1071,awake,EO,0,.tsv,channels,3911,False
sub-1071/eeg/sub-1071_task-awake_acq-EO_eeg.eeg,1071,awake,EO,0,.eeg,eeg,384000256,False
sub-1071/eeg/sub-1071_task-awake_acq-EO_eeg.json,1071,awake,EO,0,.json,eeg,475,False
sub-1071/eeg/sub-1071_task-awake_acq-EO_eeg.vhdr,1071,awake,EO,0,.vhdr,eeg,1801,False
sub-1071/eeg/sub-1071_task-awake_acq-EO_eeg.vmrk,1071,awake,EO,0,.vmrk,eeg,541,False
sub-1071/eeg/sub-1071_task-awake_acq-EO_events.json,1071,awake,EO,0,.json,events,767,False
sub-1071/eeg/sub-1071_task-awake_acq-EO_events.tsv,1071,awake,EO,0,.tsv,events,70,False
sub-1071/eeg/sub-1071_task-awake_acq-tms_channels.tsv,1071,awake,tms,0,.tsv,channels,3911,False
sub-1071/eeg/sub-1071_task-awake_acq-tms_eeg.eeg,1071,awake,tms,0,.eeg,eeg,773121024,False
sub-1071/eeg/sub-1071_task-awake_acq-tms_eeg.json,1071,awake,tms,0,.json,eeg,478,False
sub-1071/eeg/sub-1071_task-awake_acq-tms_eeg.vhdr,1071,awake,tms,0,.vhdr,eeg,1803,False
sub-1071/eeg/sub-1071_task-awake_acq-tms_eeg.vmrk,1071,awake,tms,0,.vmrk,eeg,8235,False
sub-1071/eeg/sub-1071_task-awake_acq-tms_events.json,1071,awake,tms,0,.json,events,767,False
sub-1071/eeg/sub-1071_task-awake_acq-tms_events.tsv,1071,awake,tms,0,.tsv,events,9320,False
sub-1071/eeg/sub-1071_task-sed2_acq-rest_run-1_channels.tsv,1071,sed2,rest,1,.tsv,channels,3911,True
sub-1071/eeg/sub-1071_task-sed2_acq-rest_run-1_eeg.eeg,1071,sed2,rest,1,.eeg,eeg,76800256,True
sub-1071/eeg/sub-1071_task-sed2_acq-rest_run-1_eeg.json,1071,sed2,rest,1,.json,eeg,473,True
sub-1071/eeg/sub-1071_task-sed2_acq-rest_run-1_eeg.vhdr,1071,sed2,rest,1,.vhdr,eeg,1815,True
sub-1071/eeg/sub-1071_task-sed2_acq-rest_run-1_eeg.vmrk,1071,sed2,rest,1,.vmrk,eeg,548,True
sub-1071/eeg/sub-1071_task-sed2_acq-rest_run-1_events.json,1071,sed2,rest,1,.json,events,767,True
sub-1071/eeg/sub-1071_task-sed2_acq-rest_run-1_events.tsv,1071,sed2,rest,1,.tsv,events,70,True
sub-1071/eeg/sub-1071_task-sed2_acq-rest_run-2_channels.tsv,1071,sed2,rest,2,.tsv,channels,3911,True
sub-1071/eeg/sub-1071_task-sed2_acq-rest_run-2_eeg.eeg,1071,sed2,rest,2,.eeg,eeg,76800256,True
sub-1071/eeg/sub-1071_task-sed2_acq-rest_run-2_eeg.json,1071,sed2,rest,2,.json,eeg,473,True
sub-1071/eeg/sub-1071_task-sed2_acq-rest_run-2_eeg.vhdr,1071,sed2,rest,2,.vhdr,eeg,1815,True
sub-1071/eeg/sub-1071_task-sed2_acq-rest_run-2_eeg.vmrk,1071,sed2,rest,2,.vmrk,eeg,548,True
sub-1071/eeg/sub-1071_task-sed2_acq-rest_run-2_events.json,1071,sed2,rest,2,.json,events,767,True
sub-1071/eeg/sub-1071_task-sed2_acq-rest_run-2_events.tsv,1071,sed2,rest,2,.tsv,events,70,True
sub-1071/eeg/sub-1071_task-sed2_acq-rest_run-3_channels.tsv,1071,sed2,rest,3,.tsv,channels,3911,True
sub-1071/eeg/sub-1071_task-sed2_acq-rest_run-3_eeg.eeg,1071,sed2,rest,3,.eeg,eeg,73830656,True
sub-1071/eeg/sub-1071_task-sed2_acq-rest_run-3_eeg.json,1071,sed2,rest,3,.json,eeg,474,True
sub-1071/eeg/sub-1071_task-sed2_acq-rest_run-3_eeg.vhdr,1071,sed2,rest,3,.vhdr,eeg,1815,True
sub-1071/eeg/sub-1071_task-sed2_acq-rest_run-3_eeg.vmrk,1071,sed2,rest,3,.vmrk,eeg,548,True
sub-1071/eeg/sub-1071_task-sed2_acq-rest_run-3_events.json,1071,sed2,rest,3,.json,events,767,True
sub-1071/eeg/sub-1071_task-sed2_acq-rest_run-3_events.tsv,1071,sed2,rest,3,.tsv,events,70,True
sub-1071/eeg/sub-1071_task-sed_acq-rest_run-1_channels.tsv,1071,sed,rest,1,.tsv,channels,3911,True
sub-1071/eeg/sub-1071_task-sed_acq-rest_run-1_eeg.eeg,1071,sed,rest,1,.eeg,eeg,384000256,True
sub-1071/eeg/sub-1071_task-sed_acq-rest_run-1_eeg.json,1071,sed,rest,1,.json,eeg,473,True
sub-1071/eeg/sub-1071_task-sed_acq-rest_run-1_eeg.vhdr,1071,sed,rest,1,.vhdr,eeg,1813,True
sub-1071/eeg/sub-1071_task-sed_acq-rest_run-1_eeg.vmrk,1071,sed,rest,1,.vmrk,eeg,547,True
sub-1071/eeg/sub-1071_task-sed_acq-rest_run-1_events.json,1071,sed,rest,1,.json,events,767,True
sub-1071/eeg/sub-1071_task-sed_acq-rest_run-1_events.tsv,1071,sed,rest,1,.tsv,events,70,True
sub-1071/eeg/sub-1071_task-sed_acq-rest_run-2_channels.tsv,1071,sed,rest,2,.tsv,channels,3911,True
sub-1071/eeg/sub-1071_task-sed_acq-rest_run-2_eeg.eeg,1071,sed,rest,2,.eeg,eeg,384000256,True
sub-1071/eeg/sub-1071_task-sed_acq-rest_run-2_eeg.json,1071,sed,rest,2,.json,eeg,473,True
sub-1071/eeg/sub-1071_task-sed_acq-rest_run-2_eeg.vhdr,1071,sed,rest,2,.vhdr,eeg,1813,True
sub-1071/eeg/sub-1071_task-sed_acq-rest_run-2_eeg.vmrk,1071,sed,rest,2,.vmrk,eeg,547,True
sub-1071/eeg/sub-1071_task-sed_acq-rest_run-2_events.json,1071,sed,rest,2,.json,events,767,True
sub-1071/eeg/sub-1071_task-sed_acq-rest_run-2_events.tsv,1071,sed,rest,2,.tsv,events,70,True
sub-1071/eeg/sub-1071_task-sed_acq-rest_run-3_channels.tsv,1071,sed,rest,3,.tsv,channels,3911,True
sub-1071/eeg/sub-1071_task-sed_acq-rest_run-3_eeg.eeg,1071,sed,rest,3,.eeg,eeg,384000256,True
sub-1071/eeg/sub-1071_task-sed_acq-rest_run-3_eeg.json,1071,sed,rest,3,.json,eeg,473,True
sub-1071/eeg/sub-1071_task-sed_acq-rest_run-3_eeg.vhdr,1071,sed,rest,3,.vhdr,eeg,1813,True
sub-1071/eeg/sub-1071_task-sed_acq-rest_run-3_eeg.vmrk,1071,sed,rest,3,.vmrk,eeg,547,True
sub-1071/eeg/sub-1071_task-sed_acq-rest_run-3_events.json,1071,sed,rest,3,.json,events,767,True
sub-1071/eeg/sub-1071_task-sed_acq-rest_run-3_events.tsv,1071,sed,rest,3,.tsv,events,70,True
sub-1071/eeg/sub-1071_task-sed_acq-tms_run-1_channels.tsv,1071,sed,tms,1,.tsv,channels,3911,False
sub-1071/eeg/sub-1071_task-sed_acq-tms_run-1_eeg.eeg,1071,sed,tms,1,.eeg,eeg,771569664,False
sub-1071/eeg/sub-1071_task-sed_acq-tms_run-1_eeg.json,1071,sed,tms,1,.json,eeg,476,False
sub-1071/eeg/sub-1071_task-sed_acq-tms_run-1_eeg.vhdr,1071,sed,tms,1,.vhdr,eeg,1811,False
sub-1071/eeg/sub-1071_task-sed_acq-tms_run-1_eeg.vmrk,1071,sed,tms,1,.vmrk,eeg,9012,False
sub-1071/eeg/sub-1071_task-sed_acq-tms_run-1_events.json,1071,sed,tms,1,.json,events,767,False
sub-1071/eeg/sub-1071_task-sed_acq-tms_run-1_events.tsv,1071,sed,tms,1,.tsv,events,10189,False
sub-1071/eeg/sub-1071_task-sed_acq-tms_run-2_channels.tsv,1071,sed,tms,2,.tsv,channels,3911,False
sub-1071/eeg/sub-1071_task-sed_acq-tms_run-2_eeg.eeg,1071,sed,tms,2,.eeg,eeg,193032960,False
sub-1071/eeg/sub-1071_task-sed_acq-tms_run-2_eeg.json,1071,sed,tms,2,.json,eeg,476,False
sub-1071/eeg/sub-1071_task-sed_acq-tms_run-2_eeg.vhdr,1071,sed,tms,2,.vhdr,eeg,1811,False
sub-1071/eeg/sub-1071_task-sed_acq-tms_run-2_eeg.vmrk,1071,sed,tms,2,.vmrk,eeg,633,False
sub-1071/eeg/sub-1071_task-sed_acq-tms_run-2_events.json,1071,sed,tms,2,.json,events,767,False
sub-1071/eeg/sub-1071_task-sed_acq-tms_run-2_events.tsv,1071,sed,tms,2,.tsv,events,178,False
sub-1068/sub-1068_scans.tsv,1068,,,0,.tsv,,522,False
sub-1068/eeg/sub-1068_task-awake_acq-EC_channels.tsv,1068,awake,EC,0,.tsv,channels,3911,True
sub-1068/eeg/sub-1068_task-awake_acq-EC_eeg.eeg,1068,awake,EC,0,.eeg,eeg,384000256,True
sub-1068/eeg/sub-1068_task-awake_acq-EC_eeg.json,1068,awake,EC,0,.json,eeg,475,True
sub-1068/eeg/sub-1068_task-awake_acq-EC_eeg.vhdr,1068,awake,EC,0,.vhdr,eeg,1801,True
sub-1068/eeg/sub-1068_task-awake_acq-EC_eeg.vmrk,1068,awake,EC,0,.vmrk,eeg,541,True
sub-1068/eeg/sub-1068_task-awake_acq-EC_events.json,1068,awake,EC,0,.json,events,767,True
sub-1068/eeg/sub-1068_task-awake_acq-EC_events.tsv,1068,awake,EC,0,.tsv,events,70,True
sub-1068/eeg/sub-1068_task-awake_acq-EO_channels.tsv,1068,awake,EO,0,.tsv,channels,3911,False
sub-1068/eeg/sub-1068_task-awake_acq-EO_eeg.eeg,1068,awake,EO,0,.eeg,eeg,384000256,False
sub-1068/eeg/sub-1068_task-awake_acq-EO_eeg.json,1068,awake,EO,0,.json,eeg,475,False
sub-1068/eeg/sub-1068_task-awake_acq-EO_eeg.vhdr,1068,awake,EO,0,.vhdr,eeg,1801,False
sub-1068/eeg/sub-1068_task-awake_acq-EO_eeg.vmrk,1068,awake,EO,0,.vmrk,eeg,541,False
sub-1068/eeg/sub-1068_task-awake_acq-EO_events.json,1068,awake,EO,0,.json,events,767,False
sub-1068/eeg/sub-1068_task-awake_acq-EO_events.tsv,1068,awake,EO,0,.tsv,events,70,False
sub-1068/eeg/sub-1068_task-awake_acq-tms_channels.tsv,1068,awake,tms,0,.tsv,channels,3911,False
sub-1068/eeg/sub-1068_task-awake_acq-tms_eeg.eeg,1068,awake,tms,0,.eeg,eeg,771569920,False
sub-1068/eeg/sub-1068_task-awake_acq-tms_eeg.json,1068,awake,tms,0,.json,eeg,478,False
sub-1068/eeg/sub-1068_task-awake_acq-tms_eeg.vhdr,1068,awake,tms,0,.vhdr,eeg,1803,False
sub-1068/eeg/sub-1068_task-awake_acq-tms_eeg.vmrk,1068,awake,tms,0,.vmrk,eeg,9749,False
sub-1068/eeg/sub-1068_task-awake_acq-tms_events.json,1068,awake,tms,0,.json,events,767,False
sub-1068/eeg/sub-1068_task-awake_acq-tms_events.tsv,1068,awake,tms,0,.tsv,events,11061,False
sub-1068/eeg/sub-1068_task-sed2_acq-rest_run-1_channels.tsv,1068,sed2,rest,1,.tsv,channels,3911,True
sub-1068/eeg/sub-1068_task-sed2_acq-rest_run-1_eeg.eeg,1068,sed2,rest,1,.eeg,eeg,76800256,True
sub-1068/eeg/sub-1068_task-sed2_acq-rest_run-1_eeg.json,1068,sed2,rest,1,.json,eeg,473,True
sub-1068/eeg/sub-1068_task-sed2_acq-rest_run-1_eeg.vhdr,1068,sed2,rest,1,.vhdr,eeg,1815,True
sub-1068/eeg/sub-1068_task-sed2_acq-rest_run-1_eeg.vmrk,1068,sed2,rest,1,.vmrk,eeg,548,True
sub-1068/eeg/sub-1068_task-sed2_acq-rest_run-1_events.json,1068,sed2,rest,1,.json,events,767,True
sub-1068/eeg/sub-1068_task-sed2_acq-rest_run-1_events.tsv,1068,sed2,rest,1,.tsv,events,70,True
sub-1068/eeg/sub-1068_task-sed_acq-rest_run-1_channels.tsv,1068,sed,rest,1,.tsv,channels,3911,True
sub-1068/eeg/sub-1068_task-sed_acq-rest_run-1_eeg.eeg,1068,sed,rest,1,.eeg,eeg,384000256,True
sub-1068/eeg/sub-1068_task-sed_acq-rest_run-1_eeg.json,1068,sed,rest,1,.json,eeg,473,True
sub-1068/eeg/sub-1068_task-sed_acq-rest_run-1_eeg.vhdr,1068,sed,rest,1,.vhdr,eeg,1813,True
sub-1068/eeg/sub-1068_task-sed_acq-rest_run-1_eeg.vmrk,1068,sed,rest,1,.vmrk,eeg,547,True
sub-1068/eeg/sub-1068_task-sed_acq-rest_run-1_events.json,1068,sed,rest,1,.json,events,767,True
sub-1068/eeg/sub-1068_task-sed_acq-rest_run-1_events.tsv,1068,sed,rest,1,.tsv,events,70,True
sub-1068/eeg/sub-1068_task-sed_acq-rest_run-2_channels.tsv,1068,sed,rest,2,.tsv,channels,3911,True
sub-1068/eeg/sub-1068_task-sed_acq-rest_run-2_eeg.eeg,1068,sed,rest,2,.eeg,eeg,384000256,True
sub-1068/eeg/sub-1068_task-sed_acq-rest_run-2_eeg.json,1068,sed,rest,2,.json,eeg,473,True
sub-1068/eeg/sub-1068_task-sed_acq-rest_run-2_eeg.vhdr,1068,sed,rest,2,.vhdr,eeg,1813,True
sub-1068/eeg/sub-1068_task-sed_acq-rest_run-2_eeg.vmrk,1068,sed,rest,2,.vmrk,eeg,547,True
sub-1068/eeg/sub-1068_task-sed_acq-rest_run-2_events.json,1068,sed,rest,2,.json,events,767,True
sub-1068/eeg/sub-1068_task-sed_acq-rest_run-2_events.tsv,1068,sed,rest,2,.tsv,events,70,True
sub-1068/eeg/sub-1068_task-sed_acq-tms_run-1_channels.tsv,1068,sed,tms,1,.tsv,channels,3911,False
sub-1068/eeg/sub-1068_task-sed_acq-tms_run-1_eeg.eeg,1068,sed,tms,1,.eeg,eeg,1396484864,False
sub-1068/eeg/sub-1068_task-sed_acq-tms_run-1_eeg.json,1068,sed,tms,1,.json,eeg,477,False
sub-1068/eeg/sub-1068_task-sed_acq-tms_run-1_eeg.vhdr,1068,sed,tms,1,.vhdr,eeg,1811,False
sub-1068/eeg/sub-1068_task-sed_acq-tms_run-1_eeg.vmrk,1068,sed,tms,1,.vmrk,eeg,11364,False
sub-1068/eeg/sub-1068_task-sed_acq-tms_run-1_events.json,1068,sed,tms,1,.json,events,767,False
sub-1068/eeg/sub-1068_task-sed_acq-tms_run-1_events.tsv,1068,sed,tms,1,.tsv,events,13113,False
sub-1067/sub-1067_scans.tsv,1067,,,0,.tsv,,889,False
sub-1067/eeg/sub-1067_task-awake_acq-EC_channels.tsv,1067,awake,EC,0,.tsv,channels,3911,True
sub-1067/eeg/sub-1067_task-awake_acq-EC_eeg.eeg,1067,awake,EC,0,.eeg,eeg,384000256,True
sub-1067/eeg/sub-1067_task-awake_acq-EC_eeg.json,1067,awake,EC,0,.json,eeg,475,True
sub-1067/eeg/sub-1067_task-awake_acq-EC_eeg.vhdr,1067,awake,EC,0,.vhdr,eeg,1801,True
sub-1067/eeg/sub-1067_task-awake_acq-EC_eeg.vmrk,1067,awake,EC,0,.vmrk,eeg,541,True
sub-1067/eeg/sub-1067_task-awake_acq-EC_events.json,1067,awake,EC,0,.json,events,767,True
sub-1067/eeg/sub-1067_task-awake_acq-EC_events.tsv,1067,awake,EC,0,.tsv,events,70,True
sub-1067/eeg/sub-1067_task-awake_acq-EO_channels.tsv,1067,awake,EO,0,.tsv,channels,3911,False
sub-1067/eeg/sub-1067_task-awake_acq-EO_eeg.eeg,1067,awake,EO,0,.eeg,eeg,384000256,False
sub-1067/eeg/sub-1067_task-awake_acq-EO_eeg.json,1067,awake,EO,0,.json,eeg,475,False
sub-1067/eeg/sub-1067_task-awake_acq-EO_eeg.vhdr,1067,awake,EO,0,.vhdr,eeg,1801,False
sub-1067/eeg/sub-1067_task-awake_acq-EO_eeg.vmrk,1067,awake,EO,0,.vmrk,eeg,541,False
sub-1067/eeg/sub-1067_task-awake_acq-EO_events.json,1067,awake,EO,0,.json,events,767,False
sub-1067/eeg/sub-1067_task-awake_acq-EO_events.tsv,1067,awake,EO,0,.tsv,events,70,False
sub-1067/eeg/sub-1067_task-awake_acq-tms_channels.tsv,1067,awake,tms,0,.tsv,channels,3911,False
sub-1067/eeg/sub-1067_task-awake_acq-tms_eeg.eeg,1067,awake,tms,0,.eeg,eeg,773120512,False
sub-1067/eeg/sub-1067_task-awake_acq-tms_eeg.json,1067,awake,tms,0,.json,eeg,478,False
sub-1067/eeg/sub-1067_task-awake_acq-tms_eeg.vhdr,1067,awake,tms,0,.vhdr,eeg,1803,False
sub-1067/eeg/sub-1067_task-awake_acq-tms_eeg.vmrk,1067,awake,tms,0,.vmrk,eeg,9691,False
sub-1067/eeg/sub-1067_task-awake_acq-tms_events.json,1067,awake,tms,0,.json,events,767,False
sub-1067/eeg/sub-1067_task-awake_acq-tms_events.tsv,1067,awake,tms,0,.tsv,events,10995,False
sub-1067/eeg/sub-1067_task-sed2_acq-rest_run-1_channels.tsv,1067,sed2,rest,1,.tsv,channels,3911,True
sub-1067/eeg/sub-1067_task-sed2_acq-rest_run-1_eeg.eeg,1067,sed2,rest,1,.eeg,eeg,76800256,True
sub-1067/eeg/sub-1067_task-sed2_acq-rest_run-1_eeg.json,1067,sed2,rest,1,.json,eeg,473,True
sub-1067/eeg/sub-1067_task-sed2_acq-rest_run-1_eeg.vhdr,1067,sed2,rest,1,.vhdr,eeg,1815,True
sub-1067/eeg/sub-1067_task-sed2_acq-rest_run-1_eeg.vmrk,1067,sed2,rest,1,.vmrk,eeg,548,True
sub-1067/eeg/sub-1067_task-sed2_acq-rest_run-1_events.json,1067,sed2,rest,1,.json,events,767,True
sub-1067/eeg/sub-1067_task-sed2_acq-rest_run-1_events.tsv,1067,sed2,rest,1,.tsv,events,70,True
sub-1067/eeg/sub-1067_task-sed2_acq-rest_run-2_channels.tsv,1067,sed2,rest,2,.tsv,channels,3911,True
sub-1067/eeg/sub-1067_task-sed2_acq-rest_run-2_eeg.eeg,1067,sed2,rest,2,.eeg,eeg,76800256,True
sub-1067/eeg/sub-1067_task-sed2_acq-rest_run-2_eeg.json,1067,sed2,rest,2,.json,eeg,473,True
sub-1067/eeg/sub-1067_task-sed2_acq-rest_run-2_eeg.vhdr,1067,sed2,rest,2,.vhdr,eeg,1815,True
sub-1067/eeg/sub-1067_task-sed2_acq-rest_run-2_eeg.vmrk,1067,sed2,rest,2,.vmrk,eeg,548,True
sub-1067/eeg/sub-1067_task-sed2_acq-rest_run-2_events.json,1067,sed2,rest,2,.json,events,767,True
sub-1067/eeg/sub-1067_task-sed2_acq-rest_run-2_events.tsv,1067,sed2,rest,2,.tsv,events,70,True
sub-1067/eeg/sub-1067_task-sed2_acq-rest_run-3_channels.tsv,1067,sed2,rest,3,.tsv,channels,3911,True
sub-1067/eeg/sub-1067_task-sed2_acq-rest_run-3_eeg.eeg,1067,sed2,rest,3,.eeg,eeg,76800256,True
sub-1067/eeg/sub-1067_task-sed2_acq-rest_run-3_eeg.json,1067,sed2,rest,3,.json,eeg,473,True
sub-1067/eeg/sub-1067_task-sed2_acq-rest_run-3_eeg.vhdr,1067,sed2,rest,3,.vhdr,eeg,1815,True
sub-1067/eeg/sub-1067_task-sed2_acq-rest_run-3_eeg.vmrk,1067,sed2,rest,3,.vmrk,eeg,548,True
sub-1067/eeg/sub-1067_task-sed2_acq-rest_run-3_events.json,1067,sed2,rest,3,.json,events,767,True
sub-1067/eeg/sub-1067_task-sed2_acq-rest_run-3_events.tsv,1067,sed2,rest,3,.tsv,events,70,True
sub-1067/eeg/sub-1067_task-sed_acq-rest_run-1_channels.tsv,1067,sed,rest,1,.tsv,channels,3911,True
sub-1067/eeg/sub-1067_task-sed_acq-rest_run-1_eeg.eeg,1067,sed,rest,1,.eeg,eeg,384000256,True
sub-1067/eeg/sub-1067_task-sed_acq-rest_run-1_eeg.json,1067,sed,rest,1,.json,eeg,473,True
sub-1067/eeg/sub-1067_task-sed_acq-rest_run-1_eeg.vhdr,1067,sed,rest,1,.vhdr,eeg,1813,True
sub-1067/eeg/sub-1067_task-sed_acq-rest_run-1_eeg.vmrk,1067,sed,rest,1,.vmrk,eeg,547,True
sub-1067/eeg/sub-1067_task-sed_acq-rest_run-1_events.json,1067,sed,rest,1,.json,events,767,True
sub-1067/eeg/sub-1067_task-sed_acq-rest_run-1_events.tsv,1067,sed,rest,1,.tsv,events,70,True
sub-1067/eeg/sub-1067_task-sed_acq-rest_run-2_channels.tsv,1067,sed,rest,2,.tsv,channels,3911,True
sub-1067/eeg/sub-1067_task-sed_acq-rest_run-2_eeg.eeg,1067,sed,rest,2,.eeg,eeg,384000256,True
sub-1067/eeg/sub-1067_task-sed_acq-rest_run-2_eeg.json,1067,sed,rest,2,.json,eeg,473,True
sub-1067/eeg/sub-1067_task-sed_acq-rest_run-2_eeg.vhdr,1067,sed,rest,2,.vhdr,eeg,1813,True
sub-1067/eeg/sub-1067_task-sed_acq-rest_run-2_eeg.vmrk,1067,sed,rest,2,.vmrk,eeg,547,True
sub-1067/eeg/sub-1067_task-sed_acq-rest_run-2_events.json,1067,sed,rest,2,.json,events,767,True
sub-1067/eeg/sub-1067_task-sed_acq-rest_run-2_events.tsv,1067,sed,rest,2,.tsv,events,70,True
sub-1067/eeg/sub-1067_task-sed_acq-rest_run-3_channels.tsv,1067,sed,rest,3,.tsv,channels,3911,True
sub-1067/eeg/sub-1067_task-sed_acq-rest_run-3_eeg.eeg,1067,sed,rest,3,.eeg,eeg,384000256,True
sub-1067/eeg/sub-1067_task-sed_acq-rest_run-3_eeg.json,1067,sed,rest,3,.json,eeg,473,True
sub-1067/eeg/sub-1067_task-sed_acq-rest_run-3_eeg.vhdr,1067,sed,rest,3,.vhdr,eeg,1813,True
sub-1067/eeg/sub-1067_task-sed_acq-rest_run-3_eeg.vmrk,1067,sed,rest,3,.vmrk,eeg,547,True
sub-1067/eeg/sub-1067_task-sed_acq-rest_run-3_events.json,1067,sed,rest,3,.json,events,767,True
sub-1067/eeg/sub-1067_task-sed_acq-rest_run-3_events.tsv,1067,sed,rest,3,.tsv,events,70,True
sub-1067/eeg/sub-1067_task-sed_acq-tms_run-1_channels.tsv,1067,sed,tms,1,.tsv,channels,3911,False
sub-1067/eeg/sub-1067_task-sed_acq-tms_run-1_eeg.eeg,1067,sed,tms,1,.eeg,eeg,765432832,False
sub-1067/eeg/sub-1067_task-sed_acq-tms_run-1_eeg.json,1067,sed,tms,1,.json,eeg,476,False
sub-1067/eeg/sub-1067_task-sed_acq-tms_run-1_eeg.vhdr,1067,sed,tms,1,.vhdr,eeg,1811,False
sub-1067/eeg/sub-1067_task-sed_acq-tms_run-1_eeg.vmrk,1067,sed,tms,1,.vmrk,eeg,8454,False
sub-1067/eeg/sub-1067_task-sed_acq-tms_run-1_events.json,1067,sed,tms,1,.json,events,767,False
sub-1067/eeg/sub-1067_task-sed_acq-tms_run-1_events.tsv,1067,sed,tms,1,.tsv,events,9639,False
sub-1067/eeg/sub-1067_task-sed_acq-tms_run-2_channels.tsv,1067,sed,tms,2,.tsv,channels,3911,False
sub-1067/eeg/sub-1067_task-sed_acq-tms_run-2_eeg.eeg,1067,sed,tms,2,.eeg,eeg,776610816,False
sub-1067/eeg/sub-1067_task-sed_acq-tms_run-2_eeg.json,1067,sed,tms,2,.json,eeg,475,False
sub-1067/eeg/sub-1067_task-sed_acq-tms_run-2_eeg.vhdr,1067,sed,tms,2,.vhdr,eeg,1811,False
sub-1067/eeg/sub-1067_task-sed_acq-tms_run-2_eeg.vmrk,1067,sed,tms,2,.vmrk,eeg,9105,False
sub-1067/eeg/sub-1067_task-sed_acq-tms_run-2_events.json,1067,sed,tms,2,.json,events,767,False
sub-1067/eeg/sub-1067_task-sed_acq-tms_run-2_events.tsv,1067,sed,tms,2,.tsv,events,10327,False
sub-1067/eeg/sub-1067_task-sed_acq-tms_run-3_channels.tsv,1067,sed,tms,3,.tsv,channels,3911,False
sub-1067/eeg/sub-1067_task-sed_acq-tms_run-3_eeg.eeg,1067,sed,tms,3,.eeg,eeg,778895616,False
sub-1067/eeg/sub-1067_task-sed_acq-tms_run-3_eeg.json,1067,sed,tms,3,.json,eeg,475,False
sub-1067/eeg/sub-1067_task-sed_acq-tms_run-3_eeg.vhdr,1067,sed,tms,3,.vhdr,eeg,1811,False
sub-1067/eeg/sub-1067_task-sed_acq-tms_run-3_eeg.vmrk,1067,sed,tms,3,.vmrk,eeg,8454,False
sub-1067/eeg/sub-1067_task-sed_acq-tms_run-3_events.json,1067,sed,tms,3,.json,events,767,False
sub-1067/eeg/sub-1067_task-sed_acq-tms_run-3_events.tsv,1067,sed,tms,3,.tsv,events,9565,False
sub-1064/sub-1064_scans.tsv,1064,,,0,.tsv,,889,False
sub-1064/eeg/sub-1064_task-awake_acq-EC_channels.tsv,1064,awake,EC,0,.tsv,channels,3911,True
sub-1064/eeg/sub-1064_task-awake_acq-EC_eeg.eeg,1064,awake,EC,0,.eeg,eeg,384000256,True
sub-1064/eeg/sub-1064_task-awake_acq-EC_eeg.json,1064,awake,EC,0,.json,eeg,475,True
sub-1064/eeg/sub-1064_task-awake_acq-EC_eeg.vhdr,1064,awake,EC,0,.vhdr,eeg,1801,True
sub-1064/eeg/sub-1064_task-awake_acq-EC_eeg.vmrk,1064,awake,EC,0,.vmrk,eeg,541,True
sub-1064/eeg/sub-1064_task-awake_acq-EC_events.json,1064,awake,EC,0,.json,events,767,True
sub-1064/eeg/sub-1064_task-awake_acq-EC_events.tsv,1064,awake,EC,0,.tsv,events,70,True
sub-1064/eeg/sub-1064_task-awake_acq-EO_channels.tsv,1064,awake,EO,0,.tsv,channels,3911,False
sub-1064/eeg/sub-1064_task-awake_acq-EO_eeg.eeg,1064,awake,EO,0,.eeg,eeg,384000256,False
sub-1064/eeg/sub-1064_task-awake_acq-EO_eeg.json,1064,awake,EO,0,.json,eeg,475,False
sub-1064/eeg/sub-1064_task-awake_acq-EO_eeg.vhdr,1064,awake,EO,0,.vhdr,eeg,1801,False
sub-1064/eeg/sub-1064_task-awake_acq-EO_eeg.vmrk,1064,awake,EO,0,.vmrk,eeg,541,False
sub-1064/eeg/sub-1064_task-awake_acq-EO_events.json,1064,awake,EO,0,.json,events,767,False
sub-1064/eeg/sub-1064_task-awake_acq-EO_events.tsv,1064,awake,EO,0,.tsv,events,70,False
sub-1064/eeg/sub-1064_task-awake_acq-tms_channels.tsv,1064,awake,tms,0,.tsv,channels,3911,False
sub-1064/eeg/sub-1064_task-awake_acq-tms_eeg.eeg,1064,awake,tms,0,.eeg,eeg,773120768,False
sub-1064/eeg/sub-1064_task-awake_acq-tms_eeg.json,1064,awake,tms,0,.json,eeg,478,False
sub-1064/eeg/sub-1064_task-awake_acq-tms_eeg.vhdr,1064,awake,tms,0,.vhdr,eeg,1803,False
sub-1064/eeg/sub-1064_task-awake_acq-tms_eeg.vmrk,1064,awake,tms,0,.vmrk,eeg,8420,False
sub-1064/eeg/sub-1064_task-awake_acq-tms_events.json,1064,awake,tms,0,.json,events,767,False
sub-1064/eeg/sub-1064_task-awake_acq-tms_events.tsv,1064,awake,tms,0,.tsv,events,9541,False
sub-1064/eeg/sub-1064_task-sed2_acq-rest_run-1_channels.tsv,1064,sed2,rest,1,.tsv,channels,3911,True
sub-1064/eeg/sub-1064_task-sed2_acq-rest_run-1_eeg.eeg,1064,sed2,rest,1,.eeg,eeg,76800256,True
sub-1064/eeg/sub-1064_task-sed2_acq-rest_run-1_eeg.json,1064,sed2,rest,1,.json,eeg,473,True
sub-1064/eeg/sub-1064_task-sed2_acq-rest_run-1_eeg.vhdr,1064,sed2,rest,1,.vhdr,eeg,1815,True
sub-1064/eeg/sub-1064_task-sed2_acq-rest_run-1_eeg.vmrk,1064,sed2,rest,1,.vmrk,eeg,548,True
sub-1064/eeg/sub-1064_task-sed2_acq-rest_run-1_events.json,1064,sed2,rest,1,.json,events,767,True
sub-1064/eeg/sub-1064_task-sed2_acq-rest_run-1_events.tsv,1064,sed2,rest,1,.tsv,events,70,True
sub-1064/eeg/sub-1064_task-sed2_acq-rest_run-2_channels.tsv,1064,sed2,rest,2,.tsv,channels,3911,True
sub-1064/eeg/sub-1064_task-sed2_acq-rest_run-2_eeg.eeg,1064,sed2,rest,2,.eeg,eeg,76800256,True
sub-1064/eeg/sub-1064_task-sed2_acq-rest_run-2_eeg.json,1064,sed2,rest,2,.json,eeg,473,True
sub-1064/eeg/sub-1064_task-sed2_acq-rest_run-2_eeg.vhdr,1064,sed2,rest,2,.vhdr,eeg,1815,True
sub-1064/eeg/sub-1064_task-sed2_acq-rest_run-2_eeg.vmrk,1064,sed2,rest,2,.vmrk,eeg,548,True
sub-1064/eeg/sub-1064_task-sed2_acq-rest_run-2_events.json,1064,sed2,rest,2,.json,events,767,True
sub-1064/eeg/sub-1064_task-sed2_acq-rest_run-2_events.tsv,1064,sed2,rest,2,.tsv,events,70,True
sub-1064/eeg/sub-1064_task-sed2_acq-rest_run-3_channels.tsv,1064,sed2,rest,3,.tsv,channels,3911,True
sub-1064/eeg/sub-1064_task-sed2_acq-rest_run-3_eeg.eeg,1064,sed2,rest,3,.eeg,eeg,76800256,True
sub-1064/eeg/sub-1064_task-sed2_acq-rest_run-3_eeg.json,1064,sed2,rest,3,.json,eeg,473,True
sub-1064/eeg/sub-1064_task-sed2_acq-rest_run-3_eeg.vhdr,1064,sed2,rest,3,.vhdr,eeg,1815,True
sub-1064/eeg/sub-1064_task-sed2_acq-rest_run-3_eeg.vmrk,1064,sed2,rest,3,.vmrk,eeg,548,True
sub-1064/eeg/sub-1064_task-sed2_acq-rest_run-3_events.json,1064,sed2,rest,3,.json,events,767,True
sub-1064/eeg/sub-1064_task-sed2_acq-rest_run-3_events.tsv,1064,sed2,rest,3,.tsv,events,70,True
sub-1064/eeg/sub-1064_task-sed_acq-rest_run-1_channels.tsv,1064,sed,rest,1,.tsv,channels,3911,True
sub-1064/eeg/sub-1064_task-sed_acq-rest_run-1_eeg.eeg,1064,sed,rest,1,.eeg,eeg,384000256,True
sub-1064/eeg/sub-1064_task-sed_acq-rest_run-1_eeg.json,1064,sed,rest,1,.json,eeg,473,True
sub-1064/eeg/sub-1064_task-sed_acq-rest_run-1_eeg.vhdr,1064,sed,rest,1,.vhdr,eeg,1813,True
sub-1064/eeg/sub-1064_task-sed_acq-rest_run-1_eeg.vmrk,1064,sed,rest,1,.vmrk,eeg,547,True
sub-1064/eeg/sub-1064_task-sed_acq-rest_run-1_events.json,1064,sed,rest,1,.json,events,767,True
sub-1064/eeg/sub-1064_task-sed_acq-rest_run-1_events.tsv,1064,sed,rest,1,.tsv,events,70,True
sub-1064/eeg/sub-1064_task-sed_acq-rest_run-2_channels.tsv,1064,sed,rest,2,.tsv,channels,3911,True
sub-1064/eeg/sub-1064_task-sed_acq-rest_run-2_eeg.eeg,1064,sed,rest,2,.eeg,eeg,384000256,True
sub-1064/eeg/sub-1064_task-sed_acq-rest_run-2_eeg.json,1064,sed,rest,2,.json,eeg,473,True
sub-1064/eeg/sub-1064_task-sed_acq-rest_run-2_eeg.vhdr,1064,sed,rest,2,.vhdr,eeg,1813,True
sub-1064/eeg/sub-1064_task-sed_acq-rest_run-2_eeg.vmrk,1064,sed,rest,2,.vmrk,eeg,547,True
sub-1064/eeg/sub-1064_task-sed_acq-rest_run-2_events.json,1064,sed,rest,2,.json,events,767,True
sub-1064/eeg/sub-1064_task-sed_acq-rest_run-2_events.tsv,1064,sed,rest,2,.tsv,events,70,True
sub-1064/eeg/sub-1064_task-sed_acq-rest_run-3_channels.tsv,1064,sed,rest,3,.tsv,channels,3911,True
sub-1064/eeg/sub-1064_task-sed_acq-rest_run-3_eeg.eeg,1064,sed,rest,3,.eeg,eeg,384000256,True
sub-1064/eeg/sub-1064_task-sed_acq-rest_run-3_eeg.json,1064,sed,rest,3,.json,eeg,473,True
sub-1064/eeg/sub-1064_task-sed_acq-rest_run-3_eeg.vhdr,1064,sed,rest,3,.vhdr,eeg,1813,True
sub-1064/eeg/sub-1064_task-sed_acq-rest_run-3_eeg.vmrk,1064,sed,rest,3,.vmrk,eeg,547,True
sub-1064/eeg/sub-1064_task-sed_acq-rest_run-3_events.json,1064,sed,rest,3,.json,events,767,True
sub-1064/eeg/sub-1064_task-sed_acq-rest_run-3_events.tsv,1064,sed,rest,3,.tsv,events,70,True
sub-1064/eeg/sub-1064_task-sed_acq-tms_run-1_channels.tsv,1064,sed,tms,1,.tsv,channels,3911,False
sub-1064/eeg/sub-1064_task-sed_acq-tms_run-1_eeg.eeg,1064,sed,tms,1,.eeg,eeg,771569408,False
sub-1064/eeg/sub-1064_task-sed_acq-tms_run-1_eeg.json,1064,sed,tms,1,.json,eeg,476,False
sub-1064/eeg/sub-1064_task-sed_acq-tms_run-1_eeg.vhdr,1064,sed,tms,1,.vhdr,eeg,1811,False
sub-1064/eeg/sub-1064_task-sed_acq-tms_run-1_eeg.vmrk,1064,sed,tms,1,.vmrk,eeg,8205,False
sub-1064/eeg/sub-1064_task-sed_acq-tms_run-1_events.json,1064,sed,tms,1,.json,events,767,False
sub-1064/eeg/sub-1064_task-sed_acq-tms_run-1_events.tsv,1064,sed,tms,1,.tsv,events,9279,False
sub-1064/eeg/sub-1064_task-sed_acq-tms_run-2_channels.tsv,1064,sed,tms,2,.tsv,channels,3911,False
sub-1064/eeg/sub-1064_task-sed_acq-tms_run-2_eeg.eeg,1064,sed,tms,2,.eeg,eeg,765433344,False
sub-1064/eeg/sub-1064_task-sed_acq-tms_run-2_eeg.json,1064,sed,tms,2,.json,eeg,476,False
sub-1064/eeg/sub-1064_task-sed_acq-tms_run-2_eeg.vhdr,1064,sed,tms,2,.vhdr,eeg,1811,False
sub-1064/eeg/sub-1064_task-sed_acq-tms_run-2_eeg.vmrk,1064,sed,tms,2,.vmrk,eeg,5848,False
sub-1064/eeg/sub-1064_task-sed_acq-tms_run-2_events.json,1064,sed,tms,2,.json,events,767,False
sub-1064/eeg/sub-1064_task-sed_acq-tms_run-2_events.tsv,1064,sed,tms,2,.tsv,events,6406,False
sub-1064/eeg/sub-1064_task-sed_acq-tms_run-3_channels.tsv,1064,sed,tms,3,.tsv,channels,3911,False
sub-1064/eeg/sub-1064_task-sed_acq-tms_run-3_eeg.eeg,1064,sed,tms,3,.eeg,eeg,776611328,False
sub-1064/eeg/sub-1064_task-sed_acq-tms_run-3_eeg.json,1064,sed,tms,3,.json,eeg,476,False
sub-1064/eeg/sub-1064_task-sed_acq-tms_run-3_eeg.vhdr,1064,sed,tms,3,.vhdr,eeg,1811,False
sub-1064/eeg/sub-1064_task-sed_acq-tms_run-3_eeg.vmrk,1064,sed,tms,3,.vmrk,eeg,7803,False
sub-1064/eeg/sub-1064_task-sed_acq-tms_run-3_events.json,1064,sed,tms,3,.json,events,767,False
sub-1064/eeg/sub-1064_task-sed_acq-tms_run-3_events.tsv,1064,sed,tms,3,.tsv,events,8807,False
sub-1062/sub-1062_scans.tsv,1062,,,0,.tsv,,892,False
sub-1062/eeg/sub-1062_task-awake_acq-EC_channels.tsv,1062,awake,EC,0,.tsv,channels,3911,True
sub-1062/eeg/sub-1062_task-awake_acq-EC_eeg.eeg,1062,awake,EC,0,.eeg,eeg,384000256,True
sub-1062/eeg/sub-1062_task-awake_acq-EC_eeg.json,1062,awake,EC,0,.json,eeg,475,True
sub-1062/eeg/sub-1062_task-awake_acq-EC_eeg.vhdr,1062,awake,EC,0,.vhdr,eeg,1801,True
sub-1062/eeg/sub-1062_task-awake_acq-EC_eeg.vmrk,1062,awake,EC,0,.vmrk,eeg,541,True
sub-1062/eeg/sub-1062_task-awake_acq-EC_events.json,1062,awake,EC,0,.json,events,767,True
sub-1062/eeg/sub-1062_task-awake_acq-EC_events.tsv,1062,awake,EC,0,.tsv,events,70,True
sub-1062/eeg/sub-1062_task-awake_acq-EO_channels.tsv,1062,awake,EO,0,.tsv,channels,3911,False
sub-1062/eeg/sub-1062_task-awake_acq-EO_eeg.eeg,1062,awake,EO,0,.eeg,eeg,384000256,False
sub-1062/eeg/sub-1062_task-awake_acq-EO_eeg.json,1062,awake,EO,0,.json,eeg,475,False
sub-1062/eeg/sub-1062_task-awake_acq-EO_eeg.vhdr,1062,awake,EO,0,.vhdr,eeg,1801,False
sub-1062/eeg/sub-1062_task-awake_acq-EO_eeg.vmrk,1062,awake,EO,0,.vmrk,eeg,541,False
sub-1062/eeg/sub-1062_task-awake_acq-EO_events.json,1062,awake,EO,0,.json,events,767,False
sub-1062/eeg/sub-1062_task-awake_acq-EO_events.tsv,1062,awake,EO,0,.tsv,events,70,False
sub-1062/eeg/sub-1062_task-awake_acq-tms_channels.tsv,1062,awake,tms,0,.tsv,channels,3911,False
sub-1062/eeg/sub-1062_task-awake_acq-tms_eeg.eeg,1062,awake,tms,0,.eeg,eeg,765432832,False
sub-1062/eeg/sub-1062_task-awake_acq-tms_eeg.json,1062,awake,tms,0,.json,eeg,478,False
sub-1062/eeg/sub-1062_task-awake_acq-tms_eeg.vhdr,1062,awake,tms,0,.vhdr,eeg,1803,False
sub-1062/eeg/sub-1062_task-awake_acq-tms_eeg.vmrk,1062,awake,tms,0,.vmrk,eeg,8511,False
sub-1062/eeg/sub-1062_task-awake_acq-tms_events.json,1062,awake,tms,0,.json,events,767,False
sub-1062/eeg/sub-1062_task-awake_acq-tms_events.tsv,1062,awake,tms,0,.tsv,events,9702,False
sub-1062/eeg/sub-1062_task-sed2_acq-rest_run-1_channels.tsv,1062,sed2,rest,1,.tsv,channels,3911,True
sub-1062/eeg/sub-1062_task-sed2_acq-rest_run-1_eeg.eeg,1062,sed2,rest,1,.eeg,eeg,76800256,True
sub-1062/eeg/sub-1062_task-sed2_acq-rest_run-1_eeg.json,1062,sed2,rest,1,.json,eeg,473,True
sub-1062/eeg/sub-1062_task-sed2_acq-rest_run-1_eeg.vhdr,1062,sed2,rest,1,.vhdr,eeg,1815,True
sub-1062/eeg/sub-1062_task-sed2_acq-rest_run-1_eeg.vmrk,1062,sed2,rest,1,.vmrk,eeg,548,True
sub-1062/eeg/sub-1062_task-sed2_acq-rest_run-1_events.json,1062,sed2,rest,1,.json,events,767,True
sub-1062/eeg/sub-1062_task-sed2_acq-rest_run-1_events.tsv,1062,sed2,rest,1,.tsv,events,70,True
sub-1062/eeg/sub-1062_task-sed2_acq-rest_run-2_channels.tsv,1062,sed2,rest,2,.tsv,channels,3911,True
sub-1062/eeg/sub-1062_task-sed2_acq-rest_run-2_eeg.eeg,1062,sed2,rest,2,.eeg,eeg,76800256,True
sub-1062/eeg/sub-1062_task-sed2_acq-rest_run-2_eeg.json,1062,sed2,rest,2,.json,eeg,473,True
sub-1062/eeg/sub-1062_task-sed2_acq-rest_run-2_eeg.vhdr,1062,sed2,rest,2,.vhdr,eeg,1815,True
sub-1062/eeg/sub-1062_task-sed2_acq-rest_run-2_eeg.vmrk,1062,sed2,rest,2,.vmrk,eeg,548,True
sub-1062/eeg/sub-1062_task-sed2_acq-rest_run-2_events.json,1062,sed2,rest,2,.json,events,767,True
sub-1062/eeg/sub-1062_task-sed2_acq-rest_run-2_events.tsv,1062,sed2,rest,2,.tsv,events,70,True
sub-1062/eeg/sub-1062_task-sed2_acq-rest_run-3_channels.tsv,1062,sed2,rest,3,.tsv,channels,3911,True
sub-1062/eeg/sub-1062_task-sed2_acq-rest_run-3_eeg.eeg,1062,sed2,rest,3,.eeg,eeg,76800256,True
sub-1062/eeg/sub-1062_task-sed2_acq-rest_run-3_eeg.json,1062,sed2,rest,3,.json,eeg,473,True
sub-1062/eeg/sub-1062_task-sed2_acq-rest_run-3_eeg.vhdr,1062,sed2,rest,3,.vhdr,eeg,1815,True
sub-1062/eeg/sub-1062_task-sed2_acq-rest_run-3_eeg.vmrk,1062,sed2,rest,3,.vmrk,eeg,548,True
sub-1062/eeg/sub-1062_task-sed2_acq-rest_run-3_events.json,1062,sed2,rest,3,.json,events,767,True
sub-1062/eeg/sub-1062_task-sed2_acq-rest_run-3_events.tsv,1062,sed2,rest,3,.tsv,events,70,True
sub-1062/eeg/sub-1062_task-sed_acq-rest_run-1_channels.tsv,1062,sed,rest,1,.tsv,channels,3911,True
sub-1062/eeg/sub-1062_task-sed_acq-rest_run-1_eeg.eeg,1062,sed,rest,1,.eeg,eeg,384000256,True
sub-1062/eeg/sub-1062_task-sed_acq-rest_run-1_eeg.json,1062,sed,rest,1,.json,eeg,473,True
sub-1062/eeg/sub-1062_task-sed_acq-rest_run-1_eeg.vhdr,1062,sed,rest,1,.vhdr,eeg,1813,True
sub-1062/eeg/sub-1062_task-sed_acq-rest_run-1_eeg.vmrk,1062,sed,rest,1,.vmrk,eeg,547,True
sub-1062/eeg/sub-1062_task-sed_acq-rest_run-1_events.json,1062,sed,rest,1,.json,events,767,True
sub-1062/eeg/sub-1062_task-sed_acq-rest_run-1_events.tsv,1062,sed,rest,1,.tsv,events,70,True
sub-1062/eeg/sub-1062_task-sed_acq-rest_run-2_channels.tsv,1062,sed,rest,2,.tsv,channels,3911,True
sub-1062/eeg/sub-1062_task-sed_acq-rest_run-2_eeg.eeg,1062,sed,rest,2,.eeg,eeg,384000256,True
sub-1062/eeg/sub-1062_task-sed_acq-rest_run-2_eeg.json,1062,sed,rest,2,.json,eeg,473,True
sub-1062/eeg/sub-1062_task-sed_acq-rest_run-2_eeg.vhdr,1062,sed,rest,2,.vhdr,eeg,1813,True
sub-1062/eeg/sub-1062_task-sed_acq-rest_run-2_eeg.vmrk,1062,sed,rest,2,.vmrk,eeg,547,True
sub-1062/eeg/sub-1062_task-sed_acq-rest_run-2_events.json,1062,sed,rest,2,.json,events,767,True
sub-1062/eeg/sub-1062_task-sed_acq-rest_run-2_events.tsv,1062,sed,rest,2,.tsv,events,70,True
sub-1062/eeg/sub-1062_task-sed_acq-rest_run-3_channels.tsv,1062,sed,rest,3,.tsv,channels,3911,True
sub-1062/eeg/sub-1062_task-sed_acq-rest_run-3_eeg.eeg,1062,sed,rest,3,.eeg,eeg,384000256,True
sub-1062/eeg/sub-1062_task-sed_acq-rest_run-3_eeg.json,1062,sed,rest,3,.json,eeg,473,True
sub-1062/eeg/sub-1062_task-sed_acq-rest_run-3_eeg.vhdr,1062,sed,rest,3,.vhdr,eeg,1813,True
sub-1062/eeg/sub-1062_task-sed_acq-rest_run-3_eeg.vmrk,1062,sed,rest,3,.vmrk,eeg,547,True
sub-1062/eeg/sub-1062_task-sed_acq-rest_run-3_events.json,1062,sed,rest,3,.json,events,767,True
sub-1062/eeg/sub-1062_task-sed_acq-rest_run-3_events.tsv,1062,sed,rest,3,.tsv,events,70,True
sub-1062/eeg/sub-1062_task-sed_acq-tms_run-1_channels.tsv,1062,sed,tms,1,.tsv,channels,3911,False
sub-1062/eeg/sub-1062_task-sed_acq-tms_run-1_eeg.eeg,1062,sed,tms,1,.eeg,eeg,776610816,False
sub-1062/eeg/sub-1062_task-sed_acq-tms_run-1_eeg.json,1062,sed,tms,1,.json,eeg,475,False
sub-1062/eeg/sub-1062_task-sed_acq-tms_run-1_eeg.vhdr,1062,sed,tms,1,.vhdr,eeg,1811,False
sub-1062/eeg/sub-1062_task-sed_acq-tms_run-1_eeg.vmrk,1062,sed,tms,1,.vmrk,eeg,546,False
sub-1062/eeg/sub-1062_task-sed_acq-tms_run-1_events.json,1062,sed,tms,1,.json,events,767,False
sub-1062/eeg/sub-1062_task-sed_acq-tms_run-1_events.tsv,1062,sed,tms,1,.tsv,events,70,False
sub-1062/eeg/sub-1062_task-sed_acq-tms_run-2_channels.tsv,1062,sed,tms,2,.tsv,channels,3911,False
sub-1062/eeg/sub-1062_task-sed_acq-tms_run-2_eeg.eeg,1062,sed,tms,2,.eeg,eeg,355571968,False
sub-1062/eeg/sub-1062_task-sed_acq-tms_run-2_eeg.json,1062,sed,tms,2,.json,eeg,476,False
sub-1062/eeg/sub-1062_task-sed_acq-tms_run-2_eeg.vhdr,1062,sed,tms,2,.vhdr,eeg,1811,False
sub-1062/eeg/sub-1062_task-sed_acq-tms_run-2_eeg.vmrk,1062,sed,tms,2,.vmrk,eeg,3096,False
sub-1062/eeg/sub-1062_task-sed_acq-tms_run-2_events.json,1062,sed,tms,2,.json,events,767,False
sub-1062/eeg/sub-1062_task-sed_acq-tms_run-2_events.tsv,1062,sed,tms,2,.tsv,events,3204,False
sub-1062/eeg/sub-1062_task-sed_acq-tms_run-3_channels.tsv,1062,sed,tms,3,.tsv,channels,3911,False
sub-1062/eeg/sub-1062_task-sed_acq-tms_run-3_eeg.eeg,1062,sed,tms,3,.eeg,eeg,770791936,False
sub-1062/eeg/sub-1062_task-sed_acq-tms_run-3_eeg.json,1062,sed,tms,3,.json,eeg,475,False
sub-1062/eeg/sub-1062_task-sed_acq-tms_run-3_eeg.vhdr,1062,sed,tms,3,.vhdr,eeg,1811,False
sub-1062/eeg/sub-1062_task-sed_acq-tms_run-3_eeg.vmrk,1062,sed,tms,3,.vmrk,eeg,8671,False
sub-1062/eeg/sub-1062_task-sed_acq-tms_run-3_events.json,1062,sed,tms,3,.json,events,767,False
sub-1062/eeg/sub-1062_task-sed_acq-tms_run-3_events.tsv,1062,sed,tms,3,.tsv,events,9808,False
sub-1061/sub-1061_scans.tsv,1061,,,0,.tsv,,746,False
sub-1061/eeg/sub-1061_task-awake_acq-EC_channels.tsv,1061,awake,EC,0,.tsv,channels,3911,True
sub-1061/eeg/sub-1061_task-awake_acq-EC_eeg.eeg,1061,awake,EC,0,.eeg,eeg,384000256,True
sub-1061/eeg/sub-1061_task-awake_acq-EC_eeg.json,1061,awake,EC,0,.json,eeg,475,True
sub-1061/eeg/sub-1061_task-awake_acq-EC_eeg.vhdr,1061,awake,EC,0,.vhdr,eeg,1801,True
sub-1061/eeg/sub-1061_task-awake_acq-EC_eeg.vmrk,1061,awake,EC,0,.vmrk,eeg,541,True
sub-1061/eeg/sub-1061_task-awake_acq-EC_events.json,1061,awake,EC,0,.json,events,767,True
sub-1061/eeg/sub-1061_task-awake_acq-EC_events.tsv,1061,awake,EC,0,.tsv,events,70,True
sub-1061/eeg/sub-1061_task-awake_acq-EO_channels.tsv,1061,awake,EO,0,.tsv,channels,3911,False
sub-1061/eeg/sub-1061_task-awake_acq-EO_eeg.eeg,1061,awake,EO,0,.eeg,eeg,384000256,False
sub-1061/eeg/sub-1061_task-awake_acq-EO_eeg.json,1061,awake,EO,0,.json,eeg,475,False
sub-1061/eeg/sub-1061_task-awake_acq-EO_eeg.vhdr,1061,awake,EO,0,.vhdr,eeg,1801,False
sub-1061/eeg/sub-1061_task-awake_acq-EO_eeg.vmrk,1061,awake,EO,0,.vmrk,eeg,541,False
sub-1061/eeg/sub-1061_task-awake_acq-EO_events.json,1061,awake,EO,0,.json,events,767,False
sub-1061/eeg/sub-1061_task-awake_acq-EO_events.tsv,1061,awake,EO,0,.tsv,events,70,False
sub-1061/eeg/sub-1061_task-awake_acq-tms_channels.tsv,1061,awake,tms,0,.tsv,channels,3911,False
sub-1061/eeg/sub-1061_task-awake_acq-tms_eeg.eeg,1061,awake,tms,0,.eeg,eeg,771569920,False
sub-1061/eeg/sub-1061_task-awake_acq-tms_eeg.json,1061,awake,tms,0,.json,eeg,478,False
sub-1061/eeg/sub-1061_task-awake_acq-tms_eeg.vhdr,1061,awake,tms,0,.vhdr,eeg,1803,False
sub-1061/eeg/sub-1061_task-awake_acq-tms_eeg.vmrk,1061,awake,tms,0,.vmrk,eeg,7117,False
sub-1061/eeg/sub-1061_task-awake_acq-tms_events.json,1061,awake,tms,0,.json,events,767,False
sub-1061/eeg/sub-1061_task-awake_acq-tms_events.tsv,1061,awake,tms,0,.tsv,events,7992,False
sub-1061/eeg/sub-1061_task-sed2_acq-rest_run-1_channels.tsv,1061,sed2,rest,1,.tsv,channels,3911,True
sub-1061/eeg/sub-1061_task-sed2_acq-rest_run-1_eeg.eeg,1061,sed2,rest,1,.eeg,eeg,76800256,True
sub-1061/eeg/sub-1061_task-sed2_acq-rest_run-1_eeg.json,1061,sed2,rest,1,.json,eeg,473,True
sub-1061/eeg/sub-1061_task-sed2_acq-rest_run-1_eeg.vhdr,1061,sed2,rest,1,.vhdr,eeg,1815,True
sub-1061/eeg/sub-1061_task-sed2_acq-rest_run-1_eeg.vmrk,1061,sed2,rest,1,.vmrk,eeg,548,True
sub-1061/eeg/sub-1061_task-sed2_acq-rest_run-1_events.json,1061,sed2,rest,1,.json,events,767,True
sub-1061/eeg/sub-1061_task-sed2_acq-rest_run-1_events.tsv,1061,sed2,rest,1,.tsv,events,70,True
sub-1061/eeg/sub-1061_task-sed2_acq-rest_run-2_channels.tsv,1061,sed2,rest,2,.tsv,channels,3911,True
sub-1061/eeg/sub-1061_task-sed2_acq-rest_run-2_eeg.eeg,1061,sed2,rest,2,.eeg,eeg,76800256,True
sub-1061/eeg/sub-1061_task-sed2_acq-rest_run-2_eeg.json,1061,sed2,rest,2,.json,eeg,473,True
sub-1061/eeg/sub-1061_task-sed2_acq-rest_run-2_eeg.vhdr,1061,sed2,rest,2,.vhdr,eeg,1815,True
sub-1061/eeg/sub-1061_task-sed2_acq-rest_run-2_eeg.vmrk,1061,sed2,rest,2,.vmrk,eeg,548,True
sub-1061/eeg/sub-1061_task-sed2_acq-rest_run-2_events.json,1061,sed2,rest,2,.json,events,767,True
sub-1061/eeg/sub-1061_task-sed2_acq-rest_run-2_events.tsv,1061,sed2,rest,2,.tsv,events,70,True
sub-1061/eeg/sub-1061_task-sed2_acq-rest_run-3_channels.tsv,1061,sed2,rest,3,.tsv,channels,3911,True
sub-1061/eeg/sub-1061_task-sed2_acq-rest_run-3_eeg.eeg,1061,sed2,rest,3,.eeg,eeg,76800256,True
sub-1061/eeg/sub-1061_task-sed2_acq-rest_run-3_eeg.json,1061,sed2,rest,3,.json,eeg,473,True
sub-1061/eeg/sub-1061_task-sed2_acq-rest_run-3_eeg.vhdr,1061,sed2,rest,3,.vhdr,eeg,1815,True
sub-1061/eeg/sub-1061_task-sed2_acq-rest_run-3_eeg.vmrk,1061,sed2,rest,3,.vmrk,eeg,548,True
sub-1061/eeg/sub-1061_task-sed2_acq-rest_run-3_events.json,1061,sed2,rest,3,.json,events,767,True
sub-1061/eeg/sub-1061_task-sed2_acq-rest_run-3_events.tsv,1061,sed2,rest,3,.tsv,events,70,True
sub-1061/eeg/sub-1061_task-sed_acq-rest_run-1_channels.tsv,1061,sed,rest,1,.tsv,channels,3911,True
sub-1061/eeg/sub-1061_task-sed_acq-rest_run-1_eeg.eeg,1061,sed,rest,1,.eeg,eeg,384000256,True
sub-1061/eeg/sub-1061_task-sed_acq-rest_run-1_eeg.json,1061,sed,rest,1,.json,eeg,473,True
sub-1061/eeg/sub-1061_task-sed_acq-rest_run-1_eeg.vhdr,1061,sed,rest,1,.vhdr,eeg,1813,True
sub-1061/eeg/sub-1061_task-sed_acq-rest_run-1_eeg.vmrk,1061,sed,rest,1,.vmrk,eeg,547,True
sub-1061/eeg/sub-1061_task-sed_acq-rest_run-1_events.json,1061,sed,rest,1,.json,events,767,True
sub-1061/eeg/sub-1061_task-sed_acq-rest_run-1_events.tsv,1061,sed,rest,1,.tsv,events,70,True
sub-1061/eeg/sub-1061_task-sed_acq-rest_run-2_channels.tsv,1061,sed,rest,2,.tsv,channels,3911,True
sub-1061/eeg/sub-1061_task-sed_acq-rest_run-2_eeg.eeg,1061,sed,rest,2,.eeg,eeg,384000256,True
sub-1061/eeg/sub-1061_task-sed_acq-rest_run-2_eeg.json,1061,sed,rest,2,.json,eeg,473,True
sub-1061/eeg/sub-1061_task-sed_acq-rest_run-2_eeg.vhdr,1061,sed,rest,2,.vhdr,eeg,1813,True
sub-1061/eeg/sub-1061_task-sed_acq-rest_run-2_eeg.vmrk,1061,sed,rest,2,.vmrk,eeg,547,True
sub-1061/eeg/sub-1061_task-sed_acq-rest_run-2_events.json,1061,sed,rest,2,.json,events,767,True
sub-1061/eeg/sub-1061_task-sed_acq-rest_run-2_events.tsv,1061,sed,rest,2,.tsv,events,70,True
sub-1061/eeg/sub-1061_task-sed_acq-rest_run-3_channels.tsv,1061,sed,rest,3,.tsv,channels,3911,True
sub-1061/eeg/sub-1061_task-sed_acq-rest_run-3_eeg.eeg,1061,sed,rest,3,.eeg,eeg,384000256,True
sub-1061/eeg/sub-1061_task-sed_acq-rest_run-3_eeg.json,1061,sed,rest,3,.json,eeg,473,True
sub-1061/eeg/sub-1061_task-sed_acq-rest_run-3_eeg.vhdr,1061,sed,rest,3,.vhdr,eeg,1813,True
sub-1061/eeg/sub-1061_task-sed_acq-rest_run-3_eeg.vmrk,1061,sed,rest,3,.vmrk,eeg,547,True
sub-1061/eeg/sub-1061_task-sed_acq-rest_run-3_events.json,1061,sed,rest,3,.json,events,767,True
sub-1061/eeg/sub-1061_task-sed_acq-rest_run-3_events.tsv,1061,sed,rest,3,.tsv,events,70,True
sub-1061/eeg/sub-1061_task-sed_acq-tms_run-1_channels.tsv,1061,sed,tms,1,.tsv,channels,3911,False
sub-1061/eeg/sub-1061_task-sed_acq-tms_run-1_eeg.eeg,1061,sed,tms,1,.eeg,eeg,765433600,False
sub-1061/eeg/sub-1061_task-sed_acq-tms_run-1_eeg.json,1061,sed,tms,1,.json,eeg,476,False
sub-1061/eeg/sub-1061_task-sed_acq-tms_run-1_eeg.vhdr,1061,sed,tms,1,.vhdr,eeg,1811,False
sub-1061/eeg/sub-1061_task-sed_acq-tms_run-1_eeg.vmrk,1061,sed,tms,1,.vmrk,eeg,9042,False
sub-1061/eeg/sub-1061_task-sed_acq-tms_run-1_events.json,1061,sed,tms,1,.json,events,767,False
sub-1061/eeg/sub-1061_task-sed_acq-tms_run-1_events.tsv,1061,sed,tms,1,.tsv,events,10273,False
sub-1060/sub-1060_scans.tsv,1060,,,0,.tsv,,892,False
sub-1060/eeg/sub-1060_task-awake_acq-EC_channels.tsv,1060,awake,EC,0,.tsv,channels,3911,True
sub-1060/eeg/sub-1060_task-awake_acq-EC_eeg.eeg,1060,awake,EC,0,.eeg,eeg,384000256,True
sub-1060/eeg/sub-1060_task-awake_acq-EC_eeg.json,1060,awake,EC,0,.json,eeg,475,True
sub-1060/eeg/sub-1060_task-awake_acq-EC_eeg.vhdr,1060,awake,EC,0,.vhdr,eeg,1801,True
sub-1060/eeg/sub-1060_task-awake_acq-EC_eeg.vmrk,1060,awake,EC,0,.vmrk,eeg,541,True
sub-1060/eeg/sub-1060_task-awake_acq-EC_events.json,1060,awake,EC,0,.json,events,767,True
sub-1060/eeg/sub-1060_task-awake_acq-EC_events.tsv,1060,awake,EC,0,.tsv,events,70,True
sub-1060/eeg/sub-1060_task-awake_acq-EO_channels.tsv,1060,awake,EO,0,.tsv,channels,3911,False
sub-1060/eeg/sub-1060_task-awake_acq-EO_eeg.eeg,1060,awake,EO,0,.eeg,eeg,384000256,False
sub-1060/eeg/sub-1060_task-awake_acq-EO_eeg.json,1060,awake,EO,0,.json,eeg,475,False
sub-1060/eeg/sub-1060_task-awake_acq-EO_eeg.vhdr,1060,awake,EO,0,.vhdr,eeg,1801,False
sub-1060/eeg/sub-1060_task-awake_acq-EO_eeg.vmrk,1060,awake,EO,0,.vmrk,eeg,541,False
sub-1060/eeg/sub-1060_task-awake_acq-EO_events.json,1060,awake,EO,0,.json,events,767,False
sub-1060/eeg/sub-1060_task-awake_acq-EO_events.tsv,1060,awake,EO,0,.tsv,events,70,False
sub-1060/eeg/sub-1060_task-awake_acq-tms_channels.tsv,1060,awake,tms,0,.tsv,channels,3911,False
sub-1060/eeg/sub-1060_task-awake_acq-tms_eeg.eeg,1060,awake,tms,0,.eeg,eeg,773121280,False
sub-1060/eeg/sub-1060_task-awake_acq-tms_eeg.json,1060,awake,tms,0,.json,eeg,478,False
sub-1060/eeg/sub-1060_task-awake_acq-tms_eeg.vhdr,1060,awake,tms,0,.vhdr,eeg,1803,False
sub-1060/eeg/sub-1060_task-awake_acq-tms_eeg.vmrk,1060,awake,tms,0,.vmrk,eeg,8824,False
sub-1060/eeg/sub-1060_task-awake_acq-tms_events.json,1060,awake,tms,0,.json,events,767,False
sub-1060/eeg/sub-1060_task-awake_acq-tms_events.tsv,1060,awake,tms,0,.tsv,events,10024,False
sub-1060/eeg/sub-1060_task-sed2_acq-rest_run-1_channels.tsv,1060,sed2,rest,1,.tsv,channels,3911,True
sub-1060/eeg/sub-1060_task-sed2_acq-rest_run-1_eeg.eeg,1060,sed2,rest,1,.eeg,eeg,76800256,True
sub-1060/eeg/sub-1060_task-sed2_acq-rest_run-1_eeg.json,1060,sed2,rest,1,.json,eeg,473,True
sub-1060/eeg/sub-1060_task-sed2_acq-rest_run-1_eeg.vhdr,1060,sed2,rest,1,.vhdr,eeg,1815,True
sub-1060/eeg/sub-1060_task-sed2_acq-rest_run-1_eeg.vmrk,1060,sed2,rest,1,.vmrk,eeg,548,True
sub-1060/eeg/sub-1060_task-sed2_acq-rest_run-1_events.json,1060,sed2,rest,1,.json,events,767,True
sub-1060/eeg/sub-1060_task-sed2_acq-rest_run-1_events.tsv,1060,sed2,rest,1,.tsv,events,70,True
sub-1060/eeg/sub-1060_task-sed2_acq-rest_run-2_channels.tsv,1060,sed2,rest,2,.tsv,channels,3911,True
sub-1060/eeg/sub-1060_task-sed2_acq-rest_run-2_eeg.eeg,1060,sed2,rest,2,.eeg,eeg,76800256,True
sub-1060/eeg/sub-1060_task-sed2_acq-rest_run-2_eeg.json,1060,sed2,rest,2,.json,eeg,473,True
sub-1060/eeg/sub-1060_task-sed2_acq-rest_run-2_eeg.vhdr,1060,sed2,rest,2,.vhdr,eeg,1815,True
sub-1060/eeg/sub-1060_task-sed2_acq-rest_run-2_eeg.vmrk,1060,sed2,rest,2,.vmrk,eeg,548,True
sub-1060/eeg/sub-1060_task-sed2_acq-rest_run-2_events.json,1060,sed2,rest,2,.json,events,767,True
sub-1060/eeg/sub-1060_task-sed2_acq-rest_run-2_events.tsv,1060,sed2,rest,2,.tsv,events,70,True
sub-1060/eeg/sub-1060_task-sed2_acq-rest_run-3_channels.tsv,1060,sed2,rest,3,.tsv,channels,3911,True
sub-1060/eeg/sub-1060_task-sed2_acq-rest_run-3_eeg.eeg,1060,sed2,rest,3,.eeg,eeg,76800256,True
sub-1060/eeg/sub-1060_task-sed2_acq-rest_run-3_eeg.json,1060,sed2,rest,3,.json,eeg,473,True
sub-1060/eeg/sub-1060_task-sed2_acq-rest_run-3_eeg.vhdr,1060,sed2,rest,3,.vhdr,eeg,1815,True
sub-1060/eeg/sub-1060_task-sed2_acq-rest_run-3_eeg.vmrk,1060,sed2,rest,3,.vmrk,eeg,548,True
sub-1060/eeg/sub-1060_task-sed2_acq-rest_run-3_events.json,1060,sed2,rest,3,.json,events,767,True
sub-1060/eeg/sub-1060_task-sed2_acq-rest_run-3_events.tsv,1060,sed2,rest,3,.tsv,events,70,True
sub-1060/eeg/sub-1060_task-sed_acq-rest_run-1_channels.tsv,1060,sed,rest,1,.tsv,channels,3911,True
sub-1060/eeg/sub-1060_task-sed_acq-rest_run-1_eeg.eeg,1060,sed,rest,1,.eeg,eeg,384000256,True
sub-1060/eeg/sub-1060_task-sed_acq-rest_run-1_eeg.json,1060,sed,rest,1,.json,eeg,473,True
sub-1060/eeg/sub-1060_task-sed_acq-rest_run-1_eeg.vhdr,1060,sed,rest,1,.vhdr,eeg,1813,True
sub-1060/eeg/sub-1060_task-sed_acq-rest_run-1_eeg.vmrk,1060,sed,rest,1,.vmrk,eeg,547,True
sub-1060/eeg/sub-1060_task-sed_acq-rest_run-1_events.json,1060,sed,rest,1,.json,events,767,True
sub-1060/eeg/sub-1060_task-sed_acq-rest_run-1_events.tsv,1060,sed,rest,1,.tsv,events,70,True
sub-1060/eeg/sub-1060_task-sed_acq-rest_run-2_channels.tsv,1060,sed,rest,2,.tsv,channels,3911,True
sub-1060/eeg/sub-1060_task-sed_acq-rest_run-2_eeg.eeg,1060,sed,rest,2,.eeg,eeg,384000256,True
sub-1060/eeg/sub-1060_task-sed_acq-rest_run-2_eeg.json,1060,sed,rest,2,.json,eeg,473,True
sub-1060/eeg/sub-1060_task-sed_acq-rest_run-2_eeg.vhdr,1060,sed,rest,2,.vhdr,eeg,1813,True
sub-1060/eeg/sub-1060_task-sed_acq-rest_run-2_eeg.vmrk,1060,sed,rest,2,.vmrk,eeg,547,True
sub-1060/eeg/sub-1060_task-sed_acq-rest_run-2_events.json,1060,sed,rest,2,.json,events,767,True
sub-1060/eeg/sub-1060_task-sed_acq-rest_run-2_events.tsv,1060,sed,rest,2,.tsv,events,70,True
sub-1060/eeg/sub-1060_task-sed_acq-rest_run-3_channels.tsv,1060,sed,rest,3,.tsv,channels,3911,True
sub-1060/eeg/sub-1060_task-sed_acq-rest_run-3_eeg.eeg,1060,sed,rest,3,.eeg,eeg,384000256,True
sub-1060/eeg/sub-1060_task-sed_acq-rest_run-3_eeg.json,1060,sed,rest,3,.json,eeg,473,True
sub-1060/eeg/sub-1060_task-sed_acq-rest_run-3_eeg.vhdr,1060,sed,rest,3,.vhdr,eeg,1813,True
sub-1060/eeg/sub-1060_task-sed_acq-rest_run-3_eeg.vmrk,1060,sed,rest,3,.vmrk,eeg,547,True
sub-1060/eeg/sub-1060_task-sed_acq-rest_run-3_events.json,1060,sed,rest,3,.json,events,767,True
sub-1060/eeg/sub-1060_task-sed_acq-rest_run-3_events.tsv,1060,sed,rest,3,.tsv,events,70,True
sub-1060/eeg/sub-1060_task-sed_acq-tms_run-1_channels.tsv,1060,sed,tms,1,.tsv,channels,3911,False
sub-1060/eeg/sub-1060_task-sed_acq-tms_run-1_eeg.eeg,1060,sed,tms,1,.eeg,eeg,765433344,False
sub-1060/eeg/sub-1060_task-sed_acq-tms_run-1_eeg.json,1060,sed,tms,1,.json,eeg,476,False
sub-1060/eeg/sub-1060_task-sed_acq-tms_run-1_eeg.vhdr,1060,sed,tms,1,.vhdr,eeg,1811,False
sub-1060/eeg/sub-1060_task-sed_acq-tms_run-1_eeg.vmrk,1060,sed,tms,1,.vmrk,eeg,9352,False
sub-1060/eeg/sub-1060_task-sed_acq-tms_run-1_events.json,1060,sed,tms,1,.json,events,767,False
sub-1060/eeg/sub-1060_task-sed_acq-tms_run-1_events.tsv,1060,sed,tms,1,.tsv,events,10587,False
sub-1060/eeg/sub-1060_task-sed_acq-tms_run-2_channels.tsv,1060,sed,tms,2,.tsv,channels,3911,False
sub-1060/eeg/sub-1060_task-sed_acq-tms_run-2_eeg.eeg,1060,sed,tms,2,.eeg,eeg,769237504,False
sub-1060/eeg/sub-1060_task-sed_acq-tms_run-2_eeg.json,1060,sed,tms,2,.json,eeg,476,False
sub-1060/eeg/sub-1060_task-sed_acq-tms_run-2_eeg.vhdr,1060,sed,tms,2,.vhdr,eeg,1811,False
sub-1060/eeg/sub-1060_task-sed_acq-tms_run-2_eeg.vmrk,1060,sed,tms,2,.vmrk,eeg,7770,False
sub-1060/eeg/sub-1060_task-sed_acq-tms_run-2_events.json,1060,sed,tms,2,.json,events,767,False
sub-1060/eeg/sub-1060_task-sed_acq-tms_run-2_events.tsv,1060,sed,tms,2,.tsv,events,8796,False
sub-1060/eeg/sub-1060_task-sed_acq-tms_run-3_channels.tsv,1060,sed,tms,3,.tsv,channels,3911,False
sub-1060/eeg/sub-1060_task-sed_acq-tms_run-3_eeg.eeg,1060,sed,tms,3,.eeg,eeg,776613888,False
sub-1060/eeg/sub-1060_task-sed_acq-tms_run-3_eeg.json,1060,sed,tms,3,.json,eeg,476,False
sub-1060/eeg/sub-1060_task-sed_acq-tms_run-3_eeg.vhdr,1060,sed,tms,3,.vhdr,eeg,1811,False
sub-1060/eeg/sub-1060_task-sed_acq-tms_run-3_eeg.vmrk,1060,sed,tms,3,.vmrk,eeg,9042,False
sub-1060/eeg/sub-1060_task-sed_acq-tms_run-3_events.json,1060,sed,tms,3,.json,events,767,False
sub-1060/eeg/sub-1060_task-sed_acq-tms_run-3_events.tsv,1060,sed,tms,3,.tsv,events,10248,False
sub-1057/sub-1057_scans.tsv,1057,,,0,.tsv,,892,False
sub-1057/eeg/sub-1057_task-awake_acq-EC_channels.tsv,1057,awake,EC,0,.tsv,channels,3971,True
sub-1057/eeg/sub-1057_task-awake_acq-EC_eeg.eeg,1057,awake,EC,0,.eeg,eeg,390000260,True
sub-1057/eeg/sub-1057_task-awake_acq-EC_eeg.json,1057,awake,EC,0,.json,eeg,475,True
sub-1057/eeg/sub-1057_task-awake_acq-EC_eeg.vhdr,1057,awake,EC,0,.vhdr,eeg,1819,True
sub-1057/eeg/sub-1057_task-awake_acq-EC_eeg.vmrk,1057,awake,EC,0,.vmrk,eeg,541,True
sub-1057/eeg/sub-1057_task-awake_acq-EC_events.json,1057,awake,EC,0,.json,events,767,True
sub-1057/eeg/sub-1057_task-awake_acq-EC_events.tsv,1057,awake,EC,0,.tsv,events,70,True
sub-1057/eeg/sub-1057_task-awake_acq-EO_channels.tsv,1057,awake,EO,0,.tsv,channels,3971,False
sub-1057/eeg/sub-1057_task-awake_acq-EO_eeg.eeg,1057,awake,EO,0,.eeg,eeg,390000260,False
sub-1057/eeg/sub-1057_task-awake_acq-EO_eeg.json,1057,awake,EO,0,.json,eeg,475,False
sub-1057/eeg/sub-1057_task-awake_acq-EO_eeg.vhdr,1057,awake,EO,0,.vhdr,eeg,1819,False
sub-1057/eeg/sub-1057_task-awake_acq-EO_eeg.vmrk,1057,awake,EO,0,.vmrk,eeg,541,False
sub-1057/eeg/sub-1057_task-awake_acq-EO_events.json,1057,awake,EO,0,.json,events,767,False
sub-1057/eeg/sub-1057_task-awake_acq-EO_events.tsv,1057,awake,EO,0,.tsv,events,70,False
sub-1057/eeg/sub-1057_task-awake_acq-tms_channels.tsv,1057,awake,tms,0,.tsv,channels,3911,False
sub-1057/eeg/sub-1057_task-awake_acq-tms_eeg.eeg,1057,awake,tms,0,.eeg,eeg,769031680,False
sub-1057/eeg/sub-1057_task-awake_acq-tms_eeg.json,1057,awake,tms,0,.json,eeg,478,False
sub-1057/eeg/sub-1057_task-awake_acq-tms_eeg.vhdr,1057,awake,tms,0,.vhdr,eeg,1803,False
sub-1057/eeg/sub-1057_task-awake_acq-tms_eeg.vmrk,1057,awake,tms,0,.vmrk,eeg,9868,False
sub-1057/eeg/sub-1057_task-awake_acq-tms_events.json,1057,awake,tms,0,.json,events,767,False
sub-1057/eeg/sub-1057_task-awake_acq-tms_events.tsv,1057,awake,tms,0,.tsv,events,11206,False
sub-1057/eeg/sub-1057_task-sed2_acq-rest_run-1_channels.tsv,1057,sed2,rest,1,.tsv,channels,3971,True
sub-1057/eeg/sub-1057_task-sed2_acq-rest_run-1_eeg.eeg,1057,sed2,rest,1,.eeg,eeg,78000260,True
sub-1057/eeg/sub-1057_task-sed2_acq-rest_run-1_eeg.json,1057,sed2,rest,1,.json,eeg,473,True
sub-1057/eeg/sub-1057_task-sed2_acq-rest_run-1_eeg.vhdr,1057,sed2,rest,1,.vhdr,eeg,1833,True
sub-1057/eeg/sub-1057_task-sed2_acq-rest_run-1_eeg.vmrk,1057,sed2,rest,1,.vmrk,eeg,548,True
sub-1057/eeg/sub-1057_task-sed2_acq-rest_run-1_events.json,1057,sed2,rest,1,.json,events,767,True
sub-1057/eeg/sub-1057_task-sed2_acq-rest_run-1_events.tsv,1057,sed2,rest,1,.tsv,events,70,True
sub-1057/eeg/sub-1057_task-sed2_acq-rest_run-2_channels.tsv,1057,sed2,rest,2,.tsv,channels,3971,True
sub-1057/eeg/sub-1057_task-sed2_acq-rest_run-2_eeg.eeg,1057,sed2,rest,2,.eeg,eeg,78000260,True
sub-1057/eeg/sub-1057_task-sed2_acq-rest_run-2_eeg.json,1057,sed2,rest,2,.json,eeg,473,True
sub-1057/eeg/sub-1057_task-sed2_acq-rest_run-2_eeg.vhdr,1057,sed2,rest,2,.vhdr,eeg,1833,True
sub-1057/eeg/sub-1057_task-sed2_acq-rest_run-2_eeg.vmrk,1057,sed2,rest,2,.vmrk,eeg,548,True
sub-1057/eeg/sub-1057_task-sed2_acq-rest_run-2_events.json,1057,sed2,rest,2,.json,events,767,True
sub-1057/eeg/sub-1057_task-sed2_acq-rest_run-2_events.tsv,1057,sed2,rest,2,.tsv,events,70,True
sub-1057/eeg/sub-1057_task-sed2_acq-rest_run-3_channels.tsv,1057,sed2,rest,3,.tsv,channels,3971,True
sub-1057/eeg/sub-1057_task-sed2_acq-rest_run-3_eeg.eeg,1057,sed2,rest,3,.eeg,eeg,78000260,True
sub-1057/eeg/sub-1057_task-sed2_acq-rest_run-3_eeg.json,1057,sed2,rest,3,.json,eeg,473,True
sub-1057/eeg/sub-1057_task-sed2_acq-rest_run-3_eeg.vhdr,1057,sed2,rest,3,.vhdr,eeg,1833,True
sub-1057/eeg/sub-1057_task-sed2_acq-rest_run-3_eeg.vmrk,1057,sed2,rest,3,.vmrk,eeg,548,True
sub-1057/eeg/sub-1057_task-sed2_acq-rest_run-3_events.json,1057,sed2,rest,3,.json,events,767,True
sub-1057/eeg/sub-1057_task-sed2_acq-rest_run-3_events.tsv,1057,sed2,rest,3,.tsv,events,70,True
sub-1057/eeg/sub-1057_task-sed_acq-rest_run-1_channels.tsv,1057,sed,rest,1,.tsv,channels,3971,True
sub-1057/eeg/sub-1057_task-sed_acq-rest_run-1_eeg.eeg,1057,sed,rest,1,.eeg,eeg,390000260,True
sub-1057/eeg/sub-1057_task-sed_acq-rest_run-1_eeg.json,1057,sed,rest,1,.json,eeg,473,True
sub-1057/eeg/sub-1057_task-sed_acq-rest_run-1_eeg.vhdr,1057,sed,rest,1,.vhdr,eeg,1831,True
sub-1057/eeg/sub-1057_task-sed_acq-rest_run-1_eeg.vmrk,1057,sed,rest,1,.vmrk,eeg,547,True
sub-1057/eeg/sub-1057_task-sed_acq-rest_run-1_events.json,1057,sed,rest,1,.json,events,767,True
sub-1057/eeg/sub-1057_task-sed_acq-rest_run-1_events.tsv,1057,sed,rest,1,.tsv,events,70,True
sub-1057/eeg/sub-1057_task-sed_acq-rest_run-2_channels.tsv,1057,sed,rest,2,.tsv,channels,3971,True
sub-1057/eeg/sub-1057_task-sed_acq-rest_run-2_eeg.eeg,1057,sed,rest,2,.eeg,eeg,390000260,True
sub-1057/eeg/sub-1057_task-sed_acq-rest_run-2_eeg.json,1057,sed,rest,2,.json,eeg,473,True
sub-1057/eeg/sub-1057_task-sed_acq-rest_run-2_eeg.vhdr,1057,sed,rest,2,.vhdr,eeg,1831,True
sub-1057/eeg/sub-1057_task-sed_acq-rest_run-2_eeg.vmrk,1057,sed,rest,2,.vmrk,eeg,547,True
sub-1057/eeg/sub-1057_task-sed_acq-rest_run-2_events.json,1057,sed,rest,2,.json,events,767,True
sub-1057/eeg/sub-1057_task-sed_acq-rest_run-2_events.tsv,1057,sed,rest,2,.tsv,events,70,True
sub-1057/eeg/sub-1057_task-sed_acq-rest_run-3_channels.tsv,1057,sed,rest,3,.tsv,channels,3971,True
sub-1057/eeg/sub-1057_task-sed_acq-rest_run-3_eeg.eeg,1057,sed,rest,3,.eeg,eeg,390000260,True
sub-1057/eeg/sub-1057_task-sed_acq-rest_run-3_eeg.json,1057,sed,rest,3,.json,eeg,473,True
sub-1057/eeg/sub-1057_task-sed_acq-rest_run-3_eeg.vhdr,1057,sed,rest,3,.vhdr,eeg,1831,True
sub-1057/eeg/sub-1057_task-sed_acq-rest_run-3_eeg.vmrk,1057,sed,rest,3,.vmrk,eeg,547,True
sub-1057/eeg/sub-1057_task-sed_acq-rest_run-3_events.json,1057,sed,rest,3,.json,events,767,True
sub-1057/eeg/sub-1057_task-sed_acq-rest_run-3_events.tsv,1057,sed,rest,3,.tsv,events,70,True
sub-1057/eeg/sub-1057_task-sed_acq-tms_run-1_channels.tsv,1057,sed,tms,1,.tsv,channels,3911,False
sub-1057/eeg/sub-1057_task-sed_acq-tms_run-1_eeg.eeg,1057,sed,tms,1,.eeg,eeg,776611072,False
sub-1057/eeg/sub-1057_task-sed_acq-tms_run-1_eeg.json,1057,sed,tms,1,.json,eeg,476,False
sub-1057/eeg/sub-1057_task-sed_acq-tms_run-1_eeg.vhdr,1057,sed,tms,1,.vhdr,eeg,1811,False
sub-1057/eeg/sub-1057_task-sed_acq-tms_run-1_eeg.vmrk,1057,sed,tms,1,.vmrk,eeg,9814,False
sub-1057/eeg/sub-1057_task-sed_acq-tms_run-1_events.json,1057,sed,tms,1,.json,events,767,False
sub-1057/eeg/sub-1057_task-sed_acq-tms_run-1_events.tsv,1057,sed,tms,1,.tsv,events,11154,False
sub-1057/eeg/sub-1057_task-sed_acq-tms_run-2_channels.tsv,1057,sed,tms,2,.tsv,channels,3911,False
sub-1057/eeg/sub-1057_task-sed_acq-tms_run-2_eeg.eeg,1057,sed,tms,2,.eeg,eeg,778896128,False
sub-1057/eeg/sub-1057_task-sed_acq-tms_run-2_eeg.json,1057,sed,tms,2,.json,eeg,476,False
sub-1057/eeg/sub-1057_task-sed_acq-tms_run-2_eeg.vhdr,1057,sed,tms,2,.vhdr,eeg,1811,False
sub-1057/eeg/sub-1057_task-sed_acq-tms_run-2_eeg.vmrk,1057,sed,tms,2,.vmrk,eeg,9874,False
sub-1057/eeg/sub-1057_task-sed_acq-tms_run-2_events.json,1057,sed,tms,2,.json,events,767,False
sub-1057/eeg/sub-1057_task-sed_acq-tms_run-2_events.tsv,1057,sed,tms,2,.tsv,events,11245,False
sub-1057/eeg/sub-1057_task-sed_acq-tms_run-3_channels.tsv,1057,sed,tms,3,.tsv,channels,3911,False
sub-1057/eeg/sub-1057_task-sed_acq-tms_run-3_eeg.eeg,1057,sed,tms,3,.eeg,eeg,774255104,False
sub-1057/eeg/sub-1057_task-sed_acq-tms_run-3_eeg.json,1057,sed,tms,3,.json,eeg,476,False
sub-1057/eeg/sub-1057_task-sed_acq-tms_run-3_eeg.vhdr,1057,sed,tms,3,.vhdr,eeg,1811,False
sub-1057/eeg/sub-1057_task-sed_acq-tms_run-3_eeg.vmrk,1057,sed,tms,3,.vmrk,eeg,9476,False
sub-1057/eeg/sub-1057_task-sed_acq-tms_run-3_events.json,1057,sed,tms,3,.json,events,767,False
sub-1057/eeg/sub-1057_task-sed_acq-tms_run-3_events.tsv,1057,sed,tms,3,.tsv,events,10717,False
sub-1055/sub-1055_scans.tsv,1055,,,0,.tsv,,670,False
sub-1055/eeg/sub-1055_task-awake_acq-EC_channels.tsv,1055,awake,EC,0,.tsv,channels,3971,True
sub-1055/eeg/sub-1055_task-awake_acq-EC_eeg.eeg,1055,awake,EC,0,.eeg,eeg,390000260,True
sub-1055/eeg/sub-1055_task-awake_acq-EC_eeg.json,1055,awake,EC,0,.json,eeg,475,True
sub-1055/eeg/sub-1055_task-awake_acq-EC_eeg.vhdr,1055,awake,EC,0,.vhdr,eeg,1819,True
sub-1055/eeg/sub-1055_task-awake_acq-EC_eeg.vmrk,1055,awake,EC,0,.vmrk,eeg,541,True
sub-1055/eeg/sub-1055_task-awake_acq-EC_events.json,1055,awake,EC,0,.json,events,767,True
sub-1055/eeg/sub-1055_task-awake_acq-EC_events.tsv,1055,awake,EC,0,.tsv,events,70,True
sub-1055/eeg/sub-1055_task-awake_acq-EO_channels.tsv,1055,awake,EO,0,.tsv,channels,3971,False
sub-1055/eeg/sub-1055_task-awake_acq-EO_eeg.eeg,1055,awake,EO,0,.eeg,eeg,390000260,False
sub-1055/eeg/sub-1055_task-awake_acq-EO_eeg.json,1055,awake,EO,0,.json,eeg,475,False
sub-1055/eeg/sub-1055_task-awake_acq-EO_eeg.vhdr,1055,awake,EO,0,.vhdr,eeg,1819,False
sub-1055/eeg/sub-1055_task-awake_acq-EO_eeg.vmrk,1055,awake,EO,0,.vmrk,eeg,541,False
sub-1055/eeg/sub-1055_task-awake_acq-EO_events.json,1055,awake,EO,0,.json,events,767,False
sub-1055/eeg/sub-1055_task-awake_acq-EO_events.tsv,1055,awake,EO,0,.tsv,events,70,False
sub-1055/eeg/sub-1055_task-awake_acq-tms_channels.tsv,1055,awake,tms,0,.tsv,channels,3911,False
sub-1055/eeg/sub-1055_task-awake_acq-tms_eeg.eeg,1055,awake,tms,0,.eeg,eeg,771569408,False
sub-1055/eeg/sub-1055_task-awake_acq-tms_eeg.json,1055,awake,tms,0,.json,eeg,478,False
sub-1055/eeg/sub-1055_task-awake_acq-tms_eeg.vhdr,1055,awake,tms,0,.vhdr,eeg,1803,False
sub-1055/eeg/sub-1055_task-awake_acq-tms_eeg.vmrk,1055,awake,tms,0,.vmrk,eeg,9719,False
sub-1055/eeg/sub-1055_task-awake_acq-tms_events.json,1055,awake,tms,0,.json,events,767,False
sub-1055/eeg/sub-1055_task-awake_acq-tms_events.tsv,1055,awake,tms,0,.tsv,events,11029,False
sub-1055/eeg/sub-1055_task-sed2_acq-rest_run-1_channels.tsv,1055,sed2,rest,1,.tsv,channels,3971,True
sub-1055/eeg/sub-1055_task-sed2_acq-rest_run-1_eeg.eeg,1055,sed2,rest,1,.eeg,eeg,78000260,True
sub-1055/eeg/sub-1055_task-sed2_acq-rest_run-1_eeg.json,1055,sed2,rest,1,.json,eeg,473,True
sub-1055/eeg/sub-1055_task-sed2_acq-rest_run-1_eeg.vhdr,1055,sed2,rest,1,.vhdr,eeg,1833,True
sub-1055/eeg/sub-1055_task-sed2_acq-rest_run-1_eeg.vmrk,1055,sed2,rest,1,.vmrk,eeg,548,True
sub-1055/eeg/sub-1055_task-sed2_acq-rest_run-1_events.json,1055,sed2,rest,1,.json,events,767,True
sub-1055/eeg/sub-1055_task-sed2_acq-rest_run-1_events.tsv,1055,sed2,rest,1,.tsv,events,70,True
sub-1055/eeg/sub-1055_task-sed2_acq-rest_run-2_channels.tsv,1055,sed2,rest,2,.tsv,channels,3971,True
sub-1055/eeg/sub-1055_task-sed2_acq-rest_run-2_eeg.eeg,1055,sed2,rest,2,.eeg,eeg,78000260,True
sub-1055/eeg/sub-1055_task-sed2_acq-rest_run-2_eeg.json,1055,sed2,rest,2,.json,eeg,473,True
sub-1055/eeg/sub-1055_task-sed2_acq-rest_run-2_eeg.vhdr,1055,sed2,rest,2,.vhdr,eeg,1833,True
sub-1055/eeg/sub-1055_task-sed2_acq-rest_run-2_eeg.vmrk,1055,sed2,rest,2,.vmrk,eeg,548,True
sub-1055/eeg/sub-1055_task-sed2_acq-rest_run-2_events.json,1055,sed2,rest,2,.json,events,767,True
sub-1055/eeg/sub-1055_task-sed2_acq-rest_run-2_events.tsv,1055,sed2,rest,2,.tsv,events,70,True
sub-1055/eeg/sub-1055_task-sed_acq-rest_run-1_channels.tsv,1055,sed,rest,1,.tsv,channels,3971,True
sub-1055/eeg/sub-1055_task-sed_acq-rest_run-1_eeg.eeg,1055,sed,rest,1,.eeg,eeg,390000260,True
sub-1055/eeg/sub-1055_task-sed_acq-rest_run-1_eeg.json,1055,sed,rest,1,.json,eeg,473,True
sub-1055/eeg/sub-1055_task-sed_acq-rest_run-1_eeg.vhdr,1055,sed,rest,1,.vhdr,eeg,1831,True
sub-1055/eeg/sub-1055_task-sed_acq-rest_run-1_eeg.vmrk,1055,sed,rest,1,.vmrk,eeg,547,True
sub-1055/eeg/sub-1055_task-sed_acq-rest_run-1_events.json,1055,sed,rest,1,.json,events,767,True
sub-1055/eeg/sub-1055_task-sed_acq-rest_run-1_events.tsv,1055,sed,rest,1,.tsv,events,70,True
sub-1055/eeg/sub-1055_task-sed_acq-rest_run-2_channels.tsv,1055,sed,rest,2,.tsv,channels,3971,True
sub-1055/eeg/sub-1055_task-sed_acq-rest_run-2_eeg.eeg,1055,sed,rest,2,.eeg,eeg,390000260,True
sub-1055/eeg/sub-1055_task-sed_acq-rest_run-2_eeg.json,1055,sed,rest,2,.json,eeg,473,True
sub-1055/eeg/sub-1055_task-sed_acq-rest_run-2_eeg.vhdr,1055,sed,rest,2,.vhdr,eeg,1831,True
sub-1055/eeg/sub-1055_task-sed_acq-rest_run-2_eeg.vmrk,1055,sed,rest,2,.vmrk,eeg,547,True
sub-1055/eeg/sub-1055_task-sed_acq-rest_run-2_events.json,1055,sed,rest,2,.json,events,767,True
sub-1055/eeg/sub-1055_task-sed_acq-rest_run-2_events.tsv,1055,sed,rest,2,.tsv,events,70,True
sub-1055/eeg/sub-1055_task-sed_acq-tms_run-1_channels.tsv,1055,sed,tms,1,.tsv,channels,3911,False
sub-1055/eeg/sub-1055_task-sed_acq-tms_run-1_eeg.eeg,1055,sed,tms,1,.eeg,eeg,792510720,False
sub-1055/eeg/sub-1055_task-sed_acq-tms_run-1_eeg.json,1055,sed,tms,1,.json,eeg,476,False
sub-1055/eeg/sub-1055_task-sed_acq-tms_run-1_eeg.vhdr,1055,sed,tms,1,.vhdr,eeg,1811,False
sub-1055/eeg/sub-1055_task-sed_acq-tms_run-1_eeg.vmrk,1055,sed,tms,1,.vmrk,eeg,10042,False
sub-1055/eeg/sub-1055_task-sed_acq-tms_run-1_events.json,1055,sed,tms,1,.json,events,767,False
sub-1055/eeg/sub-1055_task-sed_acq-tms_run-1_events.tsv,1055,sed,tms,1,.tsv,events,11435,False
sub-1055/eeg/sub-1055_task-sed_acq-tms_run-2_channels.tsv,1055,sed,tms,2,.tsv,channels,3911,False
sub-1055/eeg/sub-1055_task-sed_acq-tms_run-2_eeg.eeg,1055,sed,tms,2,.eeg,eeg,776611584,False
sub-1055/eeg/sub-1055_task-sed_acq-tms_run-2_eeg.json,1055,sed,tms,2,.json,eeg,476,False
sub-1055/eeg/sub-1055_task-sed_acq-tms_run-2_eeg.vhdr,1055,sed,tms,2,.vhdr,eeg,1811,False
sub-1055/eeg/sub-1055_task-sed_acq-tms_run-2_eeg.vmrk,1055,sed,tms,2,.vmrk,eeg,9784,False
sub-1055/eeg/sub-1055_task-sed_acq-tms_run-2_events.json,1055,sed,tms,2,.json,events,767,False
sub-1055/eeg/sub-1055_task-sed_acq-tms_run-2_events.tsv,1055,sed,tms,2,.tsv,events,11101,False
sub-1054/sub-1054_scans.tsv,1054,,,0,.tsv,,670,False
sub-1054/eeg/sub-1054_task-awake_acq-EC_channels.tsv,1054,awake,EC,0,.tsv,channels,3971,True
sub-1054/eeg/sub-1054_task-awake_acq-EC_eeg.eeg,1054,awake,EC,0,.eeg,eeg,390000260,True
sub-1054/eeg/sub-1054_task-awake_acq-EC_eeg.json,1054,awake,EC,0,.json,eeg,475,True
sub-1054/eeg/sub-1054_task-awake_acq-EC_eeg.vhdr,1054,awake,EC,0,.vhdr,eeg,1819,True
sub-1054/eeg/sub-1054_task-awake_acq-EC_eeg.vmrk,1054,awake,EC,0,.vmrk,eeg,541,True
sub-1054/eeg/sub-1054_task-awake_acq-EC_events.json,1054,awake,EC,0,.json,events,767,True
sub-1054/eeg/sub-1054_task-awake_acq-EC_events.tsv,1054,awake,EC,0,.tsv,events,70,True
sub-1054/eeg/sub-1054_task-awake_acq-EO_channels.tsv,1054,awake,EO,0,.tsv,channels,3971,False
sub-1054/eeg/sub-1054_task-awake_acq-EO_eeg.eeg,1054,awake,EO,0,.eeg,eeg,390000260,False
sub-1054/eeg/sub-1054_task-awake_acq-EO_eeg.json,1054,awake,EO,0,.json,eeg,475,False
sub-1054/eeg/sub-1054_task-awake_acq-EO_eeg.vhdr,1054,awake,EO,0,.vhdr,eeg,1819,False
sub-1054/eeg/sub-1054_task-awake_acq-EO_eeg.vmrk,1054,awake,EO,0,.vmrk,eeg,541,False
sub-1054/eeg/sub-1054_task-awake_acq-EO_events.json,1054,awake,EO,0,.json,events,767,False
sub-1054/eeg/sub-1054_task-awake_acq-EO_events.tsv,1054,awake,EO,0,.tsv,events,70,False
sub-1054/eeg/sub-1054_task-awake_acq-tms_channels.tsv,1054,awake,tms,0,.tsv,channels,3911,False
sub-1054/eeg/sub-1054_task-awake_acq-tms_eeg.eeg,1054,awake,tms,0,.eeg,eeg,771569664,False
sub-1054/eeg/sub-1054_task-awake_acq-tms_eeg.json,1054,awake,tms,0,.json,eeg,478,False
sub-1054/eeg/sub-1054_task-awake_acq-tms_eeg.vhdr,1054,awake,tms,0,.vhdr,eeg,1803,False
sub-1054/eeg/sub-1054_task-awake_acq-tms_eeg.vmrk,1054,awake,tms,0,.vmrk,eeg,9898,False
sub-1054/eeg/sub-1054_task-awake_acq-tms_events.json,1054,awake,tms,0,.json,events,767,False
sub-1054/eeg/sub-1054_task-awake_acq-tms_events.tsv,1054,awake,tms,0,.tsv,events,11296,False
sub-1054/eeg/sub-1054_task-sed2_acq-rest_run-1_channels.tsv,1054,sed2,rest,1,.tsv,channels,3911,True
sub-1054/eeg/sub-1054_task-sed2_acq-rest_run-1_eeg.eeg,1054,sed2,rest,1,.eeg,eeg,76800256,True
sub-1054/eeg/sub-1054_task-sed2_acq-rest_run-1_eeg.json,1054,sed2,rest,1,.json,eeg,473,True
sub-1054/eeg/sub-1054_task-sed2_acq-rest_run-1_eeg.vhdr,1054,sed2,rest,1,.vhdr,eeg,1815,True
sub-1054/eeg/sub-1054_task-sed2_acq-rest_run-1_eeg.vmrk,1054,sed2,rest,1,.vmrk,eeg,548,True
sub-1054/eeg/sub-1054_task-sed2_acq-rest_run-1_events.json,1054,sed2,rest,1,.json,events,767,True
sub-1054/eeg/sub-1054_task-sed2_acq-rest_run-1_events.tsv,1054,sed2,rest,1,.tsv,events,70,True
sub-1054/eeg/sub-1054_task-sed2_acq-rest_run-2_channels.tsv,1054,sed2,rest,2,.tsv,channels,3911,True
sub-1054/eeg/sub-1054_task-sed2_acq-rest_run-2_eeg.eeg,1054,sed2,rest,2,.eeg,eeg,76800256,True
sub-1054/eeg/sub-1054_task-sed2_acq-rest_run-2_eeg.json,1054,sed2,rest,2,.json,eeg,473,True
sub-1054/eeg/sub-1054_task-sed2_acq-rest_run-2_eeg.vhdr,1054,sed2,rest,2,.vhdr,eeg,1815,True
sub-1054/eeg/sub-1054_task-sed2_acq-rest_run-2_eeg.vmrk,1054,sed2,rest,2,.vmrk,eeg,548,True
sub-1054/eeg/sub-1054_task-sed2_acq-rest_run-2_events.json,1054,sed2,rest,2,.json,events,767,True
sub-1054/eeg/sub-1054_task-sed2_acq-rest_run-2_events.tsv,1054,sed2,rest,2,.tsv,events,70,True
sub-1054/eeg/sub-1054_task-sed_acq-rest_run-1_channels.tsv,1054,sed,rest,1,.tsv,channels,3971,True
sub-1054/eeg/sub-1054_task-sed_acq-rest_run-1_eeg.eeg,1054,sed,rest,1,.eeg,eeg,390000260,True
sub-1054/eeg/sub-1054_task-sed_acq-rest_run-1_eeg.json,1054,sed,rest,1,.json,eeg,473,True
sub-1054/eeg/sub-1054_task-sed_acq-rest_run-1_eeg.vhdr,1054,sed,rest,1,.vhdr,eeg,1831,True
sub-1054/eeg/sub-1054_task-sed_acq-rest_run-1_eeg.vmrk,1054,sed,rest,1,.vmrk,eeg,547,True
sub-1054/eeg/sub-1054_task-sed_acq-rest_run-1_events.json,1054,sed,rest,1,.json,events,767,True
sub-1054/eeg/sub-1054_task-sed_acq-rest_run-1_events.tsv,1054,sed,rest,1,.tsv,events,70,True
sub-1054/eeg/sub-1054_task-sed_acq-rest_run-2_channels.tsv,1054,sed,rest,2,.tsv,channels,3971,True
sub-1054/eeg/sub-1054_task-sed_acq-rest_run-2_eeg.eeg,1054,sed,rest,2,.eeg,eeg,390000260,True
sub-1054/eeg/sub-1054_task-sed_acq-rest_run-2_eeg.json,1054,sed,rest,2,.json,eeg,473,True
sub-1054/eeg/sub-1054_task-sed_acq-rest_run-2_eeg.vhdr,1054,sed,rest,2,.vhdr,eeg,1831,True
sub-1054/eeg/sub-1054_task-sed_acq-rest_run-2_eeg.vmrk,1054,sed,rest,2,.vmrk,eeg,547,True
sub-1054/eeg/sub-1054_task-sed_acq-rest_run-2_events.json,1054,sed,rest,2,.json,events,767,True
sub-1054/eeg/sub-1054_task-sed_acq-rest_run-2_events.tsv,1054,sed,rest,2,.tsv,events,70,True
sub-1054/eeg/sub-1054_task-sed_acq-tms_run-1_channels.tsv,1054,sed,tms,1,.tsv,channels,3911,False
sub-1054/eeg/sub-1054_task-sed_acq-tms_run-1_eeg.eeg,1054,sed,tms,1,.eeg,eeg,765433600,False
sub-1054/eeg/sub-1054_task-sed_acq-tms_run-1_eeg.json,1054,sed,tms,1,.json,eeg,476,False
sub-1054/eeg/sub-1054_task-sed_acq-tms_run-1_eeg.vhdr,1054,sed,tms,1,.vhdr,eeg,1811,False
sub-1054/eeg/sub-1054_task-sed_acq-tms_run-1_eeg.vmrk,1054,sed,tms,1,.vmrk,eeg,9874,False
sub-1054/eeg/sub-1054_task-sed_acq-tms_run-1_events.json,1054,sed,tms,1,.json,events,767,False
sub-1054/eeg/sub-1054_task-sed_acq-tms_run-1_events.tsv,1054,sed,tms,1,.tsv,events,11226,False
sub-1054/eeg/sub-1054_task-sed_acq-tms_run-2_channels.tsv,1054,sed,tms,2,.tsv,channels,3911,False
sub-1054/eeg/sub-1054_task-sed_acq-tms_run-2_eeg.eeg,1054,sed,tms,2,.eeg,eeg,776611584,False
sub-1054/eeg/sub-1054_task-sed_acq-tms_run-2_eeg.json,1054,sed,tms,2,.json,eeg,476,False
sub-1054/eeg/sub-1054_task-sed_acq-tms_run-2_eeg.vhdr,1054,sed,tms,2,.vhdr,eeg,1811,False
sub-1054/eeg/sub-1054_task-sed_acq-tms_run-2_eeg.vmrk,1054,sed,tms,2,.vmrk,eeg,9904,False
sub-1054/eeg/sub-1054_task-sed_acq-tms_run-2_events.json,1054,sed,tms,2,.json,events,767,False
sub-1054/eeg/sub-1054_task-sed_acq-tms_run-2_events.tsv,1054,sed,tms,2,.tsv,events,11277,False
sub-1046/sub-1046_scans.tsv,1046,,,0,.tsv,,670,False
sub-1046/eeg/sub-1046_task-awake_acq-EC_channels.tsv,1046,awake,EC,0,.tsv,channels,3971,True
sub-1046/eeg/sub-1046_task-awake_acq-EC_eeg.eeg,1046,awake,EC,0,.eeg,eeg,390000260,True
sub-1046/eeg/sub-1046_task-awake_acq-EC_eeg.json,1046,awake,EC,0,.json,eeg,475,True
sub-1046/eeg/sub-1046_task-awake_acq-EC_eeg.vhdr,1046,awake,EC,0,.vhdr,eeg,1819,True
sub-1046/eeg/sub-1046_task-awake_acq-EC_eeg.vmrk,1046,awake,EC,0,.vmrk,eeg,541,True
sub-1046/eeg/sub-1046_task-awake_acq-EC_events.json,1046,awake,EC,0,.json,events,767,True
sub-1046/eeg/sub-1046_task-awake_acq-EC_events.tsv,1046,awake,EC,0,.tsv,events,70,True
sub-1046/eeg/sub-1046_task-awake_acq-EO_channels.tsv,1046,awake,EO,0,.tsv,channels,3971,False
sub-1046/eeg/sub-1046_task-awake_acq-EO_eeg.eeg,1046,awake,EO,0,.eeg,eeg,390000260,False
sub-1046/eeg/sub-1046_task-awake_acq-EO_eeg.json,1046,awake,EO,0,.json,eeg,475,False
sub-1046/eeg/sub-1046_task-awake_acq-EO_eeg.vhdr,1046,awake,EO,0,.vhdr,eeg,1819,False
sub-1046/eeg/sub-1046_task-awake_acq-EO_eeg.vmrk,1046,awake,EO,0,.vmrk,eeg,541,False
sub-1046/eeg/sub-1046_task-awake_acq-EO_events.json,1046,awake,EO,0,.json,events,767,False
sub-1046/eeg/sub-1046_task-awake_acq-EO_events.tsv,1046,awake,EO,0,.tsv,events,70,False
sub-1046/eeg/sub-1046_task-awake_acq-tms_channels.tsv,1046,awake,tms,0,.tsv,channels,3911,False
sub-1046/eeg/sub-1046_task-awake_acq-tms_eeg.eeg,1046,awake,tms,0,.eeg,eeg,773121024,False
sub-1046/eeg/sub-1046_task-awake_acq-tms_eeg.json,1046,awake,tms,0,.json,eeg,478,False
sub-1046/eeg/sub-1046_task-awake_acq-tms_eeg.vhdr,1046,awake,tms,0,.vhdr,eeg,1803,False
sub-1046/eeg/sub-1046_task-awake_acq-tms_eeg.vmrk,1046,awake,tms,0,.vmrk,eeg,8482,False
sub-1046/eeg/sub-1046_task-awake_acq-tms_events.json,1046,awake,tms,0,.json,events,767,False
sub-1046/eeg/sub-1046_task-awake_acq-tms_events.tsv,1046,awake,tms,0,.tsv,events,9649,False
sub-1046/eeg/sub-1046_task-sed2_acq-rest_run-1_channels.tsv,1046,sed2,rest,1,.tsv,channels,3911,True
sub-1046/eeg/sub-1046_task-sed2_acq-rest_run-1_eeg.eeg,1046,sed2,rest,1,.eeg,eeg,76800256,True
sub-1046/eeg/sub-1046_task-sed2_acq-rest_run-1_eeg.json,1046,sed2,rest,1,.json,eeg,473,True
sub-1046/eeg/sub-1046_task-sed2_acq-rest_run-1_eeg.vhdr,1046,sed2,rest,1,.vhdr,eeg,1815,True
sub-1046/eeg/sub-1046_task-sed2_acq-rest_run-1_eeg.vmrk,1046,sed2,rest,1,.vmrk,eeg,548,True
sub-1046/eeg/sub-1046_task-sed2_acq-rest_run-1_events.json,1046,sed2,rest,1,.json,events,767,True
sub-1046/eeg/sub-1046_task-sed2_acq-rest_run-1_events.tsv,1046,sed2,rest,1,.tsv,events,70,True
sub-1046/eeg/sub-1046_task-sed2_acq-rest_run-2_channels.tsv,1046,sed2,rest,2,.tsv,channels,3911,True
sub-1046/eeg/sub-1046_task-sed2_acq-rest_run-2_eeg.eeg,1046,sed2,rest,2,.eeg,eeg,76800256,True
sub-1046/eeg/sub-1046_task-sed2_acq-rest_run-2_eeg.json,1046,sed2,rest,2,.json,eeg,473,True
sub-1046/eeg/sub-1046_task-sed2_acq-rest_run-2_eeg.vhdr,1046,sed2,rest,2,.vhdr,eeg,1815,True
sub-1046/eeg/sub-1046_task-sed2_acq-rest_run-2_eeg.vmrk,1046,sed2,rest,2,.vmrk,eeg,548,True
sub-1046/eeg/sub-1046_task-sed2_acq-rest_run-2_events.json,1046,sed2,rest,2,.json,events,767,True
sub-1046/eeg/sub-1046_task-sed2_acq-rest_run-2_events.tsv,1046,sed2,rest,2,.tsv,events,70,True
sub-1046/eeg/sub-1046_task-sed_acq-rest_run-1_channels.tsv,1046,sed,rest,1,.tsv,channels,3971,True
sub-1046/eeg/sub-1046_task-sed_acq-rest_run-1_eeg.eeg,1046,sed,rest,1,.eeg,eeg,390000260,True
sub-1046/eeg/sub-1046_task-sed_acq-rest_run-1_eeg.json,1046,sed,rest,1,.json,eeg,473,True
sub-1046/eeg/sub-1046_task-sed_acq-rest_run-1_eeg.vhdr,1046,sed,rest,1,.vhdr,eeg,1831,True
sub-1046/eeg/sub-1046_task-sed_acq-rest_run-1_eeg.vmrk,1046,sed,rest,1,.vmrk,eeg,547,True
sub-1046/eeg/sub-1046_task-sed_acq-rest_run-1_events.json,1046,sed,rest,1,.json,events,767,True
sub-1046/eeg/sub-1046_task-sed_acq-rest_run-1_events.tsv,1046,sed,rest,1,.tsv,events,70,True
sub-1046/eeg/sub-1046_task-sed_acq-rest_run-2_channels.tsv,1046,sed,rest,2,.tsv,channels,3971,True
sub-1046/eeg/sub-1046_task-sed_acq-rest_run-2_eeg.eeg,1046,sed,rest,2,.eeg,eeg,390000260,True
sub-1046/eeg/sub-1046_task-sed_acq-rest_run-2_eeg.json,1046,sed,rest,2,.json,eeg,473,True
sub-1046/eeg/sub-1046_task-sed_acq-rest_run-2_eeg.vhdr,1046,sed,rest,2,.vhdr,eeg,1831,True
sub-1046/eeg/sub-1046_task-sed_acq-rest_run-2_eeg.vmrk,1046,sed,rest,2,.vmrk,eeg,547,True
sub-1046/eeg/sub-1046_task-sed_acq-rest_run-2_events.json,1046,sed,rest,2,.json,events,767,True
sub-1046/eeg/sub-1046_task-sed_acq-rest_run-2_events.tsv,1046,sed,rest,2,.tsv,events,70,True
sub-1046/eeg/sub-1046_task-sed_acq-tms_run-1_channels.tsv,1046,sed,tms,1,.tsv,channels,3911,False
sub-1046/eeg/sub-1046_task-sed_acq-tms_run-1_eeg.eeg,1046,sed,tms,1,.eeg,eeg,771569664,False
sub-1046/eeg/sub-1046_task-sed_acq-tms_run-1_eeg.json,1046,sed,tms,1,.json,eeg,476,False
sub-1046/eeg/sub-1046_task-sed_acq-tms_run-1_eeg.vhdr,1046,sed,tms,1,.vhdr,eeg,1811,False
sub-1046/eeg/sub-1046_task-sed_acq-tms_run-1_eeg.vmrk,1046,sed,tms,1,.vmrk,eeg,9872,False
sub-1046/eeg/sub-1046_task-sed_acq-tms_run-1_events.json,1046,sed,tms,1,.json,events,767,False
sub-1046/eeg/sub-1046_task-sed_acq-tms_run-1_events.tsv,1046,sed,tms,1,.tsv,events,11261,False
sub-1046/eeg/sub-1046_task-sed_acq-tms_run-2_channels.tsv,1046,sed,tms,2,.tsv,channels,3911,False
sub-1046/eeg/sub-1046_task-sed_acq-tms_run-2_eeg.eeg,1046,sed,tms,2,.eeg,eeg,765433600,False
sub-1046/eeg/sub-1046_task-sed_acq-tms_run-2_eeg.json,1046,sed,tms,2,.json,eeg,476,False
sub-1046/eeg/sub-1046_task-sed_acq-tms_run-2_eeg.vhdr,1046,sed,tms,2,.vhdr,eeg,1811,False
sub-1046/eeg/sub-1046_task-sed_acq-tms_run-2_eeg.vmrk,1046,sed,tms,2,.vmrk,eeg,9875,False
sub-1046/eeg/sub-1046_task-sed_acq-tms_run-2_events.json,1046,sed,tms,2,.json,events,767,False
sub-1046/eeg/sub-1046_task-sed_acq-tms_run-2_events.tsv,1046,sed,tms,2,.tsv,events,11210,False
sub-1045/sub-1045_scans.tsv,1045,,,0,.tsv,,892,False
sub-1045/eeg/sub-1045_task-awake_acq-EC_channels.tsv,1045,awake,EC,0,.tsv,channels,3971,True
sub-1045/eeg/sub-1045_task-awake_acq-EC_eeg.eeg,1045,awake,EC,0,.eeg,eeg,390000260,True
sub-1045/eeg/sub-1045_task-awake_acq-EC_eeg.json,1045,awake,EC,0,.json,eeg,475,True
sub-1045/eeg/sub-1045_task-awake_acq-EC_eeg.vhdr,1045,awake,EC,0,.vhdr,eeg,1819,True
sub-1045/eeg/sub-1045_task-awake_acq-EC_eeg.vmrk,1045,awake,EC,0,.vmrk,eeg,541,True
sub-1045/eeg/sub-1045_task-awake_acq-EC_events.json,1045,awake,EC,0,.json,events,767,True
sub-1045/eeg/sub-1045_task-awake_acq-EC_events.tsv,1045,awake,EC,0,.tsv,events,70,True
sub-1045/eeg/sub-1045_task-awake_acq-EO_channels.tsv,1045,awake,EO,0,.tsv,channels,3971,False
sub-1045/eeg/sub-1045_task-awake_acq-EO_eeg.eeg,1045,awake,EO,0,.eeg,eeg,390000260,False
sub-1045/eeg/sub-1045_task-awake_acq-EO_eeg.json,1045,awake,EO,0,.json,eeg,475,False
sub-1045/eeg/sub-1045_task-awake_acq-EO_eeg.vhdr,1045,awake,EO,0,.vhdr,eeg,1819,False
sub-1045/eeg/sub-1045_task-awake_acq-EO_eeg.vmrk,1045,awake,EO,0,.vmrk,eeg,541,False
sub-1045/eeg/sub-1045_task-awake_acq-EO_events.json,1045,awake,EO,0,.json,events,767,False
sub-1045/eeg/sub-1045_task-awake_acq-EO_events.tsv,1045,awake,EO,0,.tsv,events,70,False
sub-1045/eeg/sub-1045_task-awake_acq-tms_channels.tsv,1045,awake,tms,0,.tsv,channels,3911,False
sub-1045/eeg/sub-1045_task-awake_acq-tms_eeg.eeg,1045,awake,tms,0,.eeg,eeg,770100480,False
sub-1045/eeg/sub-1045_task-awake_acq-tms_eeg.json,1045,awake,tms,0,.json,eeg,478,False
sub-1045/eeg/sub-1045_task-awake_acq-tms_eeg.vhdr,1045,awake,tms,0,.vhdr,eeg,1803,False
sub-1045/eeg/sub-1045_task-awake_acq-tms_eeg.vmrk,1045,awake,tms,0,.vmrk,eeg,9225,False
sub-1045/eeg/sub-1045_task-awake_acq-tms_events.json,1045,awake,tms,0,.json,events,767,False
sub-1045/eeg/sub-1045_task-awake_acq-tms_events.tsv,1045,awake,tms,0,.tsv,events,10518,False
sub-1045/eeg/sub-1045_task-sed2_acq-rest_run-1_channels.tsv,1045,sed2,rest,1,.tsv,channels,3911,True
sub-1045/eeg/sub-1045_task-sed2_acq-rest_run-1_eeg.eeg,1045,sed2,rest,1,.eeg,eeg,76800256,True
sub-1045/eeg/sub-1045_task-sed2_acq-rest_run-1_eeg.json,1045,sed2,rest,1,.json,eeg,473,True
sub-1045/eeg/sub-1045_task-sed2_acq-rest_run-1_eeg.vhdr,1045,sed2,rest,1,.vhdr,eeg,1815,True
sub-1045/eeg/sub-1045_task-sed2_acq-rest_run-1_eeg.vmrk,1045,sed2,rest,1,.vmrk,eeg,548,True
sub-1045/eeg/sub-1045_task-sed2_acq-rest_run-1_events.json,1045,sed2,rest,1,.json,events,767,True
sub-1045/eeg/sub-1045_task-sed2_acq-rest_run-1_events.tsv,1045,sed2,rest,1,.tsv,events,70,True
sub-1045/eeg/sub-1045_task-sed2_acq-rest_run-2_channels.tsv,1045,sed2,rest,2,.tsv,channels,3911,True
sub-1045/eeg/sub-1045_task-sed2_acq-rest_run-2_eeg.eeg,1045,sed2,rest,2,.eeg,eeg,76800256,True
sub-1045/eeg/sub-1045_task-sed2_acq-rest_run-2_eeg.json,1045,sed2,rest,2,.json,eeg,473,True
sub-1045/eeg/sub-1045_task-sed2_acq-rest_run-2_eeg.vhdr,1045,sed2,rest,2,.vhdr,eeg,1815,True
sub-1045/eeg/sub-1045_task-sed2_acq-rest_run-2_eeg.vmrk,1045,sed2,rest,2,.vmrk,eeg,548,True
sub-1045/eeg/sub-1045_task-sed2_acq-rest_run-2_events.json,1045,sed2,rest,2,.json,events,767,True
sub-1045/eeg/sub-1045_task-sed2_acq-rest_run-2_events.tsv,1045,sed2,rest,2,.tsv,events,70,True
sub-1045/eeg/sub-1045_task-sed2_acq-rest_run-3_channels.tsv,1045,sed2,rest,3,.tsv,channels,3911,True
sub-1045/eeg/sub-1045_task-sed2_acq-rest_run-3_eeg.eeg,1045,sed2,rest,3,.eeg,eeg,76800256,True
sub-1045/eeg/sub-1045_task-sed2_acq-rest_run-3_eeg.json,1045,sed2,rest,3,.json,eeg,473,True
sub-1045/eeg/sub-1045_task-sed2_acq-rest_run-3_eeg.vhdr,1045,sed2,rest,3,.vhdr,eeg,1815,True
sub-1045/eeg/sub-1045_task-sed2_acq-rest_run-3_eeg.vmrk,1045,sed2,rest,3,.vmrk,eeg,548,True
sub-1045/eeg/sub-1045_task-sed2_acq-rest_run-3_events.json,1045,sed2,rest,3,.json,events,767,True
sub-1045/eeg/sub-1045_task-sed2_acq-rest_run-3_events.tsv,1045,sed2,rest,3,.tsv,events,70,True
sub-1045/eeg/sub-1045_task-sed_acq-rest_run-1_channels.tsv,1045,sed,rest,1,.tsv,channels,3971,True
sub-1045/eeg/sub-1045_task-sed_acq-rest_run-1_eeg.eeg,1045,sed,rest,1,.eeg,eeg,390000260,True
sub-1045/eeg/sub-1045_task-sed_acq-rest_run-1_eeg.json,1045,sed,rest,1,.json,eeg,473,True
sub-1045/eeg/sub-1045_task-sed_acq-rest_run-1_eeg.vhdr,1045,sed,rest,1,.vhdr,eeg,1831,True
sub-1045/eeg/sub-1045_task-sed_acq-rest_run-1_eeg.vmrk,1045,sed,rest,1,.vmrk,eeg,547,True
sub-1045/eeg/sub-1045_task-sed_acq-rest_run-1_events.json,1045,sed,rest,1,.json,events,767,True
sub-1045/eeg/sub-1045_task-sed_acq-rest_run-1_events.tsv,1045,sed,rest,1,.tsv,events,70,True
sub-1045/eeg/sub-1045_task-sed_acq-rest_run-2_channels.tsv,1045,sed,rest,2,.tsv,channels,3971,True
sub-1045/eeg/sub-1045_task-sed_acq-rest_run-2_eeg.eeg,1045,sed,rest,2,.eeg,eeg,390000260,True
sub-1045/eeg/sub-1045_task-sed_acq-rest_run-2_eeg.json,1045,sed,rest,2,.json,eeg,473,True
sub-1045/eeg/sub-1045_task-sed_acq-rest_run-2_eeg.vhdr,1045,sed,rest,2,.vhdr,eeg,1831,True
sub-1045/eeg/sub-1045_task-sed_acq-rest_run-2_eeg.vmrk,1045,sed,rest,2,.vmrk,eeg,547,True
sub-1045/eeg/sub-1045_task-sed_acq-rest_run-2_events.json,1045,sed,rest,2,.json,events,767,True
sub-1045/eeg/sub-1045_task-sed_acq-rest_run-2_events.tsv,1045,sed,rest,2,.tsv,events,70,True
sub-1045/eeg/sub-1045_task-sed_acq-rest_run-3_channels.tsv,1045,sed,rest,3,.tsv,channels,3971,True
sub-1045/eeg/sub-1045_task-sed_acq-rest_run-3_eeg.eeg,1045,sed,rest,3,.eeg,eeg,390000260,True
sub-1045/eeg/sub-1045_task-sed_acq-rest_run-3_eeg.json,1045,sed,rest,3,.json,eeg,473,True
sub-1045/eeg/sub-1045_task-sed_acq-rest_run-3_eeg.vhdr,1045,sed,rest,3,.vhdr,eeg,1831,True
sub-1045/eeg/sub-1045_task-sed_acq-rest_run-3_eeg.vmrk,1045,sed,rest,3,.vmrk,eeg,547,True
sub-1045/eeg/sub-1045_task-sed_acq-rest_run-3_events.json,1045,sed,rest,3,.json,events,767,True
sub-1045/eeg/sub-1045_task-sed_acq-rest_run-3_events.tsv,1045,sed,rest,3,.tsv,events,70,True
sub-1045/eeg/sub-1045_task-sed_acq-tms_run-1_channels.tsv,1045,sed,tms,1,.tsv,channels,3911,False
sub-1045/eeg/sub-1045_task-sed_acq-tms_run-1_eeg.eeg,1045,sed,tms,1,.eeg,eeg,774472704,False
sub-1045/eeg/sub-1045_task-sed_acq-tms_run-1_eeg.json,1045,sed,tms,1,.json,eeg,476,False
sub-1045/eeg/sub-1045_task-sed_acq-tms_run-1_eeg.vhdr,1045,sed,tms,1,.vhdr,eeg,1811,False
sub-1045/eeg/sub-1045_task-sed_acq-tms_run-1_eeg.vmrk,1045,sed,tms,1,.vmrk,eeg,9813,False
sub-1045/eeg/sub-1045_task-sed_acq-tms_run-1_events.json,1045,sed,tms,1,.json,events,767,False
sub-1045/eeg/sub-1045_task-sed_acq-tms_run-1_events.tsv,1045,sed,tms,1,.tsv,events,11170,False
sub-1045/eeg/sub-1045_task-sed_acq-tms_run-2_channels.tsv,1045,sed,tms,2,.tsv,channels,3911,False
sub-1045/eeg/sub-1045_task-sed_acq-tms_run-2_eeg.eeg,1045,sed,tms,2,.eeg,eeg,762774016,False
sub-1045/eeg/sub-1045_task-sed_acq-tms_run-2_eeg.json,1045,sed,tms,2,.json,eeg,475,False
sub-1045/eeg/sub-1045_task-sed_acq-tms_run-2_eeg.vhdr,1045,sed,tms,2,.vhdr,eeg,1811,False
sub-1045/eeg/sub-1045_task-sed_acq-tms_run-2_eeg.vmrk,1045,sed,tms,2,.vmrk,eeg,9784,False
sub-1045/eeg/sub-1045_task-sed_acq-tms_run-2_events.json,1045,sed,tms,2,.json,events,767,False
sub-1045/eeg/sub-1045_task-sed_acq-tms_run-2_events.tsv,1045,sed,tms,2,.tsv,events,11130,False
sub-1045/eeg/sub-1045_task-sed_acq-tms_run-3_channels.tsv,1045,sed,tms,3,.tsv,channels,3911,False
sub-1045/eeg/sub-1045_task-sed_acq-tms_run-3_eeg.eeg,1045,sed,tms,3,.eeg,eeg,777173504,False
sub-1045/eeg/sub-1045_task-sed_acq-tms_run-3_eeg.json,1045,sed,tms,3,.json,eeg,476,False
sub-1045/eeg/sub-1045_task-sed_acq-tms_run-3_eeg.vhdr,1045,sed,tms,3,.vhdr,eeg,1811,False
sub-1045/eeg/sub-1045_task-sed_acq-tms_run-3_eeg.vmrk,1045,sed,tms,3,.vmrk,eeg,9694,False
sub-1045/eeg/sub-1045_task-sed_acq-tms_run-3_events.json,1045,sed,tms,3,.json,events,767,False
sub-1045/eeg/sub-1045_task-sed_acq-tms_run-3_events.tsv,1045,sed,tms,3,.tsv,events,10986,False
sub-1037/sub-1037_scans.tsv,1037,,,0,.tsv,,157,False
sub-1037/eeg/sub-1037_task-awake_acq-EC_channels.tsv,1037,awake,EC,0,.tsv,channels,3971,True
sub-1037/eeg/sub-1037_task-awake_acq-EC_eeg.eeg,1037,awake,EC,0,.eeg,eeg,390000260,True
sub-1037/eeg/sub-1037_task-awake_acq-EC_eeg.json,1037,awake,EC,0,.json,eeg,475,True
sub-1037/eeg/sub-1037_task-awake_acq-EC_eeg.vhdr,1037,awake,EC,0,.vhdr,eeg,1819,True
sub-1037/eeg/sub-1037_task-awake_acq-EC_eeg.vmrk,1037,awake,EC,0,.vmrk,eeg,541,True
sub-1037/eeg/sub-1037_task-awake_acq-EC_events.json,1037,awake,EC,0,.json,events,767,True
sub-1037/eeg/sub-1037_task-awake_acq-EC_events.tsv,1037,awake,EC,0,.tsv,events,70,True
sub-1037/eeg/sub-1037_task-awake_acq-EO_channels.tsv,1037,awake,EO,0,.tsv,channels,3911,False
sub-1037/eeg/sub-1037_task-awake_acq-EO_eeg.eeg,1037,awake,EO,0,.eeg,eeg,384000256,False
sub-1037/eeg/sub-1037_task-awake_acq-EO_eeg.json,1037,awake,EO,0,.json,eeg,475,False
sub-1037/eeg/sub-1037_task-awake_acq-EO_eeg.vhdr,1037,awake,EO,0,.vhdr,eeg,1801,False
sub-1037/eeg/sub-1037_task-awake_acq-EO_eeg.vmrk,1037,awake,EO,0,.vmrk,eeg,541,False
sub-1037/eeg/sub-1037_task-awake_acq-EO_events.json,1037,awake,EO,0,.json,events,767,False
sub-1037/eeg/sub-1037_task-awake_acq-EO_events.tsv,1037,awake,EO,0,.tsv,events,70,False
sub-1036/sub-1036_scans.tsv,1036,,,0,.tsv,,522,False
sub-1036/eeg/sub-1036_task-awake_acq-EC_channels.tsv,1036,awake,EC,0,.tsv,channels,3911,True
sub-1036/eeg/sub-1036_task-awake_acq-EC_eeg.eeg,1036,awake,EC,0,.eeg,eeg,384000256,True
sub-1036/eeg/sub-1036_task-awake_acq-EC_eeg.json,1036,awake,EC,0,.json,eeg,475,True
sub-1036/eeg/sub-1036_task-awake_acq-EC_eeg.vhdr,1036,awake,EC,0,.vhdr,eeg,1801,True
sub-1036/eeg/sub-1036_task-awake_acq-EC_eeg.vmrk,1036,awake,EC,0,.vmrk,eeg,541,True
sub-1036/eeg/sub-1036_task-awake_acq-EC_events.json,1036,awake,EC,0,.json,events,767,True
sub-1036/eeg/sub-1036_task-awake_acq-EC_events.tsv,1036,awake,EC,0,.tsv,events,70,True
sub-1036/eeg/sub-1036_task-awake_acq-EO_channels.tsv,1036,awake,EO,0,.tsv,channels,3911,False
sub-1036/eeg/sub-1036_task-awake_acq-EO_eeg.eeg,1036,awake,EO,0,.eeg,eeg,384000256,False
sub-1036/eeg/sub-1036_task-awake_acq-EO_eeg.json,1036,awake,EO,0,.json,eeg,475,False
sub-1036/eeg/sub-1036_task-awake_acq-EO_eeg.vhdr,1036,awake,EO,0,.vhdr,eeg,1801,False
sub-1036/eeg/sub-1036_task-awake_acq-EO_eeg.vmrk,1036,awake,EO,0,.vmrk,eeg,541,False
sub-1036/eeg/sub-1036_task-awake_acq-EO_events.json,1036,awake,EO,0,.json,events,767,False
sub-1036/eeg/sub-1036_task-awake_acq-EO_events.tsv,1036,awake,EO,0,.tsv,events,70,False
sub-1036/eeg/sub-1036_task-awake_acq-tms_channels.tsv,1036,awake,tms,0,.tsv,channels,3911,False
sub-1036/eeg/sub-1036_task-awake_acq-tms_eeg.eeg,1036,awake,tms,0,.eeg,eeg,771577600,False
sub-1036/eeg/sub-1036_task-awake_acq-tms_eeg.json,1036,awake,tms,0,.json,eeg,478,False
sub-1036/eeg/sub-1036_task-awake_acq-tms_eeg.vhdr,1036,awake,tms,0,.vhdr,eeg,1803,False
sub-1036/eeg/sub-1036_task-awake_acq-tms_eeg.vmrk,1036,awake,tms,0,.vmrk,eeg,9379,False
sub-1036/eeg/sub-1036_task-awake_acq-tms_events.json,1036,awake,tms,0,.json,events,767,False
sub-1036/eeg/sub-1036_task-awake_acq-tms_events.tsv,1036,awake,tms,0,.tsv,events,10577,False
sub-1036/eeg/sub-1036_task-sed2_acq-rest_run-1_channels.tsv,1036,sed2,rest,1,.tsv,channels,3911,True
sub-1036/eeg/sub-1036_task-sed2_acq-rest_run-1_eeg.eeg,1036,sed2,rest,1,.eeg,eeg,76800256,True
sub-1036/eeg/sub-1036_task-sed2_acq-rest_run-1_eeg.json,1036,sed2,rest,1,.json,eeg,473,True
sub-1036/eeg/sub-1036_task-sed2_acq-rest_run-1_eeg.vhdr,1036,sed2,rest,1,.vhdr,eeg,1815,True
sub-1036/eeg/sub-1036_task-sed2_acq-rest_run-1_eeg.vmrk,1036,sed2,rest,1,.vmrk,eeg,548,True
sub-1036/eeg/sub-1036_task-sed2_acq-rest_run-1_events.json,1036,sed2,rest,1,.json,events,767,True
sub-1036/eeg/sub-1036_task-sed2_acq-rest_run-1_events.tsv,1036,sed2,rest,1,.tsv,events,70,True
sub-1036/eeg/sub-1036_task-sed_acq-rest_run-1_channels.tsv,1036,sed,rest,1,.tsv,channels,3911,True
sub-1036/eeg/sub-1036_task-sed_acq-rest_run-1_eeg.eeg,1036,sed,rest,1,.eeg,eeg,384000256,True
sub-1036/eeg/sub-1036_task-sed_acq-rest_run-1_eeg.json,1036,sed,rest,1,.json,eeg,473,True
sub-1036/eeg/sub-1036_task-sed_acq-rest_run-1_eeg.vhdr,1036,sed,rest,1,.vhdr,eeg,1813,True
sub-1036/eeg/sub-1036_task-sed_acq-rest_run-1_eeg.vmrk,1036,sed,rest,1,.vmrk,eeg,547,True
sub-1036/eeg/sub-1036_task-sed_acq-rest_run-1_events.json,1036,sed,rest,1,.json,events,767,True
sub-1036/eeg/sub-1036_task-sed_acq-rest_run-1_events.tsv,1036,sed,rest,1,.tsv,events,70,True
sub-1036/eeg/sub-1036_task-sed_acq-rest_run-2_channels.tsv,1036,sed,rest,2,.tsv,channels,3911,True
sub-1036/eeg/sub-1036_task-sed_acq-rest_run-2_eeg.eeg,1036,sed,rest,2,.eeg,eeg,34534400,True
sub-1036/eeg/sub-1036_task-sed_acq-rest_run-2_eeg.json,1036,sed,rest,2,.json,eeg,475,True
sub-1036/eeg/sub-1036_task-sed_acq-rest_run-2_eeg.vhdr,1036,sed,rest,2,.vhdr,eeg,1813,True
sub-1036/eeg/sub-1036_task-sed_acq-rest_run-2_eeg.vmrk,1036,sed,rest,2,.vmrk,eeg,547,True
sub-1036/eeg/sub-1036_task-sed_acq-rest_run-2_events.json,1036,sed,rest,2,.json,events,767,True
sub-1036/eeg/sub-1036_task-sed_acq-rest_run-2_events.tsv,1036,sed,rest,2,.tsv,events,70,True
sub-1036/eeg/sub-1036_task-sed_acq-tms_run-1_channels.tsv,1036,sed,tms,1,.tsv,channels,3911,False
sub-1036/eeg/sub-1036_task-sed_acq-tms_run-1_eeg.eeg,1036,sed,tms,1,.eeg,eeg,765441536,False
sub-1036/eeg/sub-1036_task-sed_acq-tms_run-1_eeg.json,1036,sed,tms,1,.json,eeg,475,False
sub-1036/eeg/sub-1036_task-sed_acq-tms_run-1_eeg.vhdr,1036,sed,tms,1,.vhdr,eeg,1811,False
sub-1036/eeg/sub-1036_task-sed_acq-tms_run-1_eeg.vmrk,1036,sed,tms,1,.vmrk,eeg,9934,False
sub-1036/eeg/sub-1036_task-sed_acq-tms_run-1_events.json,1036,sed,tms,1,.json,events,767,False
sub-1036/eeg/sub-1036_task-sed_acq-tms_run-1_events.tsv,1036,sed,tms,1,.tsv,events,11310,False
sub-1033/sub-1033_scans.tsv,1033,,,0,.tsv,,604,False
sub-1033/eeg/sub-1033_task-awake_acq-EC_channels.tsv,1033,awake,EC,0,.tsv,channels,3971,True
sub-1033/eeg/sub-1033_task-awake_acq-EC_eeg.eeg,1033,awake,EC,0,.eeg,eeg,390000260,True
sub-1033/eeg/sub-1033_task-awake_acq-EC_eeg.json,1033,awake,EC,0,.json,eeg,475,True
sub-1033/eeg/sub-1033_task-awake_acq-EC_eeg.vhdr,1033,awake,EC,0,.vhdr,eeg,1819,True
sub-1033/eeg/sub-1033_task-awake_acq-EC_eeg.vmrk,1033,awake,EC,0,.vmrk,eeg,541,True
sub-1033/eeg/sub-1033_task-awake_acq-EC_events.json,1033,awake,EC,0,.json,events,767,True
sub-1033/eeg/sub-1033_task-awake_acq-EC_events.tsv,1033,awake,EC,0,.tsv,events,70,True
sub-1033/eeg/sub-1033_task-awake_acq-EO_channels.tsv,1033,awake,EO,0,.tsv,channels,3971,False
sub-1033/eeg/sub-1033_task-awake_acq-EO_eeg.eeg,1033,awake,EO,0,.eeg,eeg,390000260,False
sub-1033/eeg/sub-1033_task-awake_acq-EO_eeg.json,1033,awake,EO,0,.json,eeg,475,False
sub-1033/eeg/sub-1033_task-awake_acq-EO_eeg.vhdr,1033,awake,EO,0,.vhdr,eeg,1819,False
sub-1033/eeg/sub-1033_task-awake_acq-EO_eeg.vmrk,1033,awake,EO,0,.vmrk,eeg,541,False
sub-1033/eeg/sub-1033_task-awake_acq-EO_events.json,1033,awake,EO,0,.json,events,767,False
sub-1033/eeg/sub-1033_task-awake_acq-EO_events.tsv,1033,awake,EO,0,.tsv,events,70,False
sub-1033/eeg/sub-1033_task-sed2_acq-rest_run-1_channels.tsv,1033,sed2,rest,1,.tsv,channels,3971,True
sub-1033/eeg/sub-1033_task-sed2_acq-rest_run-1_eeg.eeg,1033,sed2,rest,1,.eeg,eeg,78000260,True
sub-1033/eeg/sub-1033_task-sed2_acq-rest_run-1_eeg.json,1033,sed2,rest,1,.json,eeg,473,True
sub-1033/eeg/sub-1033_task-sed2_acq-rest_run-1_eeg.vhdr,1033,sed2,rest,1,.vhdr,eeg,1833,True
sub-1033/eeg/sub-1033_task-sed2_acq-rest_run-1_eeg.vmrk,1033,sed2,rest,1,.vmrk,eeg,548,True
sub-1033/eeg/sub-1033_task-sed2_acq-rest_run-1_events.json,1033,sed2,rest,1,.json,events,767,True
sub-1033/eeg/sub-1033_task-sed2_acq-rest_run-1_events.tsv,1033,sed2,rest,1,.tsv,events,70,True
sub-1033/eeg/sub-1033_task-sed2_acq-rest_run-2_channels.tsv,1033,sed2,rest,2,.tsv,channels,3971,True
sub-1033/eeg/sub-1033_task-sed2_acq-rest_run-2_eeg.eeg,1033,sed2,rest,2,.eeg,eeg,78000260,True
sub-1033/eeg/sub-1033_task-sed2_acq-rest_run-2_eeg.json,1033,sed2,rest,2,.json,eeg,473,True
sub-1033/eeg/sub-1033_task-sed2_acq-rest_run-2_eeg.vhdr,1033,sed2,rest,2,.vhdr,eeg,1833,True
sub-1033/eeg/sub-1033_task-sed2_acq-rest_run-2_eeg.vmrk,1033,sed2,rest,2,.vmrk,eeg,548,True
sub-1033/eeg/sub-1033_task-sed2_acq-rest_run-2_events.json,1033,sed2,rest,2,.json,events,767,True
sub-1033/eeg/sub-1033_task-sed2_acq-rest_run-2_events.tsv,1033,sed2,rest,2,.tsv,events,70,True
sub-1033/eeg/sub-1033_task-sed2_acq-rest_run-3_channels.tsv,1033,sed2,rest,3,.tsv,channels,3971,True
sub-1033/eeg/sub-1033_task-sed2_acq-rest_run-3_eeg.eeg,1033,sed2,rest,3,.eeg,eeg,78000260,True
sub-1033/eeg/sub-1033_task-sed2_acq-rest_run-3_eeg.json,1033,sed2,rest,3,.json,eeg,473,True
sub-1033/eeg/sub-1033_task-sed2_acq-rest_run-3_eeg.vhdr,1033,sed2,rest,3,.vhdr,eeg,1833,True
sub-1033/eeg/sub-1033_task-sed2_acq-rest_run-3_eeg.vmrk,1033,sed2,rest,3,.vmrk,eeg,548,True
sub-1033/eeg/sub-1033_task-sed2_acq-rest_run-3_events.json,1033,sed2,rest,3,.json,events,767,True
sub-1033/eeg/sub-1033_task-sed2_acq-rest_run-3_events.tsv,1033,sed2,rest,3,.tsv,events,70,True
sub-1033/eeg/sub-1033_task-sed_acq-rest_run-1_channels.tsv,1033,sed,rest,1,.tsv,channels,3971,True
sub-1033/eeg/sub-1033_task-sed_acq-rest_run-1_eeg.eeg,1033,sed,rest,1,.eeg,eeg,390000260,True
sub-1033/eeg/sub-1033_task-sed_acq-rest_run-1_eeg.json,1033,sed,rest,1,.json,eeg,473,True
sub-1033/eeg/sub-1033_task-sed_acq-rest_run-1_eeg.vhdr,1033,sed,rest,1,.vhdr,eeg,1831,True
sub-1033/eeg/sub-1033_task-sed_acq-rest_run-1_eeg.vmrk,1033,sed,rest,1,.vmrk,eeg,547,True
sub-1033/eeg/sub-1033_task-sed_acq-rest_run-1_events.json,1033,sed,rest,1,.json,events,767,True
sub-1033/eeg/sub-1033_task-sed_acq-rest_run-1_events.tsv,1033,sed,rest,1,.tsv,events,70,True
sub-1033/eeg/sub-1033_task-sed_acq-rest_run-2_channels.tsv,1033,sed,rest,2,.tsv,channels,3971,True
sub-1033/eeg/sub-1033_task-sed_acq-rest_run-2_eeg.eeg,1033,sed,rest,2,.eeg,eeg,390000260,True
sub-1033/eeg/sub-1033_task-sed_acq-rest_run-2_eeg.json,1033,sed,rest,2,.json,eeg,473,True
sub-1033/eeg/sub-1033_task-sed_acq-rest_run-2_eeg.vhdr,1033,sed,rest,2,.vhdr,eeg,1831,True
sub-1033/eeg/sub-1033_task-sed_acq-rest_run-2_eeg.vmrk,1033,sed,rest,2,.vmrk,eeg,547,True
sub-1033/eeg/sub-1033_task-sed_acq-rest_run-2_events.json,1033,sed,rest,2,.json,events,767,True
sub-1033/eeg/sub-1033_task-sed_acq-rest_run-2_events.tsv,1033,sed,rest,2,.tsv,events,70,True
sub-1033/eeg/sub-1033_task-sed_acq-rest_run-3_channels.tsv,1033,sed,rest,3,.tsv,channels,3971,True
sub-1033/eeg/sub-1033_task-sed_acq-rest_run-3_eeg.eeg,1033,sed,rest,3,.eeg,eeg,390000260,True
sub-1033/eeg/sub-1033_task-sed_acq-rest_run-3_eeg.json,1033,sed,rest,3,.json,eeg,473,True
sub-1033/eeg/sub-1033_task-sed_acq-rest_run-3_eeg.vhdr,1033,sed,rest,3,.vhdr,eeg,1831,True
sub-1033/eeg/sub-1033_task-sed_acq-rest_run-3_eeg.vmrk,1033,sed,rest,3,.vmrk,eeg,547,True
sub-1033/eeg/sub-1033_task-sed_acq-rest_run-3_events.json,1033,sed,rest,3,.json,events,767,True
sub-1033/eeg/sub-1033_task-sed_acq-rest_run-3_events.tsv,1033,sed,rest,3,.tsv,events,70,True
sub-1024/sub-1024_scans.tsv,1024,,,0,.tsv,,892,False
sub-1024/eeg/sub-1024_task-awake_acq-EC_channels.tsv,1024,awake,EC,0,.tsv,channels,3971,True
sub-1024/eeg/sub-1024_task-awake_acq-EC_eeg.eeg,1024,awake,EC,0,.eeg,eeg,390000260,True
sub-1024/eeg/sub-1024_task-awake_acq-EC_eeg.json,1024,awake,EC,0,.json,eeg,475,True
sub-1024/eeg/sub-1024_task-awake_acq-EC_eeg.vhdr,1024,awake,EC,0,.vhdr,eeg,1819,True
sub-1024/eeg/sub-1024_task-awake_acq-EC_eeg.vmrk,1024,awake,EC,0,.vmrk,eeg,541,True
sub-1024/eeg/sub-1024_task-awake_acq-EC_events.json,1024,awake,EC,0,.json,events,767,True
sub-1024/eeg/sub-1024_task-awake_acq-EC_events.tsv,1024,awake,EC,0,.tsv,events,70,True
sub-1024/eeg/sub-1024_task-awake_acq-EO_channels.tsv,1024,awake,EO,0,.tsv,channels,3971,False
sub-1024/eeg/sub-1024_task-awake_acq-EO_eeg.eeg,1024,awake,EO,0,.eeg,eeg,390000260,False
sub-1024/eeg/sub-1024_task-awake_acq-EO_eeg.json,1024,awake,EO,0,.json,eeg,475,False
sub-1024/eeg/sub-1024_task-awake_acq-EO_eeg.vhdr,1024,awake,EO,0,.vhdr,eeg,1819,False
sub-1024/eeg/sub-1024_task-awake_acq-EO_eeg.vmrk,1024,awake,EO,0,.vmrk,eeg,541,False
sub-1024/eeg/sub-1024_task-awake_acq-EO_events.json,1024,awake,EO,0,.json,events,767,False
sub-1024/eeg/sub-1024_task-awake_acq-EO_events.tsv,1024,awake,EO,0,.tsv,events,70,False
sub-1024/eeg/sub-1024_task-awake_acq-tms_channels.tsv,1024,awake,tms,0,.tsv,channels,3911,False
sub-1024/eeg/sub-1024_task-awake_acq-tms_eeg.eeg,1024,awake,tms,0,.eeg,eeg,773121280,False
sub-1024/eeg/sub-1024_task-awake_acq-tms_eeg.json,1024,awake,tms,0,.json,eeg,478,False
sub-1024/eeg/sub-1024_task-awake_acq-tms_eeg.vhdr,1024,awake,tms,0,.vhdr,eeg,1803,False
sub-1024/eeg/sub-1024_task-awake_acq-tms_eeg.vmrk,1024,awake,tms,0,.vmrk,eeg,9812,False
sub-1024/eeg/sub-1024_task-awake_acq-tms_events.json,1024,awake,tms,0,.json,events,767,False
sub-1024/eeg/sub-1024_task-awake_acq-tms_events.tsv,1024,awake,tms,0,.tsv,events,11153,False
sub-1024/eeg/sub-1024_task-sed2_acq-rest_run-1_channels.tsv,1024,sed2,rest,1,.tsv,channels,3911,True
sub-1024/eeg/sub-1024_task-sed2_acq-rest_run-1_eeg.eeg,1024,sed2,rest,1,.eeg,eeg,76800256,True
sub-1024/eeg/sub-1024_task-sed2_acq-rest_run-1_eeg.json,1024,sed2,rest,1,.json,eeg,473,True
sub-1024/eeg/sub-1024_task-sed2_acq-rest_run-1_eeg.vhdr,1024,sed2,rest,1,.vhdr,eeg,1815,True
sub-1024/eeg/sub-1024_task-sed2_acq-rest_run-1_eeg.vmrk,1024,sed2,rest,1,.vmrk,eeg,548,True
sub-1024/eeg/sub-1024_task-sed2_acq-rest_run-1_events.json,1024,sed2,rest,1,.json,events,767,True
sub-1024/eeg/sub-1024_task-sed2_acq-rest_run-1_events.tsv,1024,sed2,rest,1,.tsv,events,70,True
sub-1024/eeg/sub-1024_task-sed2_acq-rest_run-2_channels.tsv,1024,sed2,rest,2,.tsv,channels,3911,True
sub-1024/eeg/sub-1024_task-sed2_acq-rest_run-2_eeg.eeg,1024,sed2,rest,2,.eeg,eeg,76800256,True
sub-1024/eeg/sub-1024_task-sed2_acq-rest_run-2_eeg.json,1024,sed2,rest,2,.json,eeg,473,True
sub-1024/eeg/sub-1024_task-sed2_acq-rest_run-2_eeg.vhdr,1024,sed2,rest,2,.vhdr,eeg,1815,True
sub-1024/eeg/sub-1024_task-sed2_acq-rest_run-2_eeg.vmrk,1024,sed2,rest,2,.vmrk,eeg,548,True
sub-1024/eeg/sub-1024_task-sed2_acq-rest_run-2_events.json,1024,sed2,rest,2,.json,events,767,True
sub-1024/eeg/sub-1024_task-sed2_acq-rest_run-2_events.tsv,1024,sed2,rest,2,.tsv,events,70,True
sub-1024/eeg/sub-1024_task-sed2_acq-rest_run-3_channels.tsv,1024,sed2,rest,3,.tsv,channels,3911,True
sub-1024/eeg/sub-1024_task-sed2_acq-rest_run-3_eeg.eeg,1024,sed2,rest,3,.eeg,eeg,76800256,True
sub-1024/eeg/sub-1024_task-sed2_acq-rest_run-3_eeg.json,1024,sed2,rest,3,.json,eeg,473,True
sub-1024/eeg/sub-1024_task-sed2_acq-rest_run-3_eeg.vhdr,1024,sed2,rest,3,.vhdr,eeg,1815,True
sub-1024/eeg/sub-1024_task-sed2_acq-rest_run-3_eeg.vmrk,1024,sed2,rest,3,.vmrk,eeg,548,True
sub-1024/eeg/sub-1024_task-sed2_acq-rest_run-3_events.json,1024,sed2,rest,3,.json,events,767,True
sub-1024/eeg/sub-1024_task-sed2_acq-rest_run-3_events.tsv,1024,sed2,rest,3,.tsv,events,70,True
sub-1024/eeg/sub-1024_task-sed_acq-rest_run-1_channels.tsv,1024,sed,rest,1,.tsv,channels,3971,True
sub-1024/eeg/sub-1024_task-sed_acq-rest_run-1_eeg.eeg,1024,sed,rest,1,.eeg,eeg,390000260,True
sub-1024/eeg/sub-1024_task-sed_acq-rest_run-1_eeg.json,1024,sed,rest,1,.json,eeg,473,True
sub-1024/eeg/sub-1024_task-sed_acq-rest_run-1_eeg.vhdr,1024,sed,rest,1,.vhdr,eeg,1831,True
sub-1024/eeg/sub-1024_task-sed_acq-rest_run-1_eeg.vmrk,1024,sed,rest,1,.vmrk,eeg,547,True
sub-1024/eeg/sub-1024_task-sed_acq-rest_run-1_events.json,1024,sed,rest,1,.json,events,767,True
sub-1024/eeg/sub-1024_task-sed_acq-rest_run-1_events.tsv,1024,sed,rest,1,.tsv,events,70,True
sub-1024/eeg/sub-1024_task-sed_acq-rest_run-2_channels.tsv,1024,sed,rest,2,.tsv,channels,3971,True
sub-1024/eeg/sub-1024_task-sed_acq-rest_run-2_eeg.eeg,1024,sed,rest,2,.eeg,eeg,390000260,True
sub-1024/eeg/sub-1024_task-sed_acq-rest_run-2_eeg.json,1024,sed,rest,2,.json,eeg,473,True
sub-1024/eeg/sub-1024_task-sed_acq-rest_run-2_eeg.vhdr,1024,sed,rest,2,.vhdr,eeg,1831,True
sub-1024/eeg/sub-1024_task-sed_acq-rest_run-2_eeg.vmrk,1024,sed,rest,2,.vmrk,eeg,547,True
sub-1024/eeg/sub-1024_task-sed_acq-rest_run-2_events.json,1024,sed,rest,2,.json,events,767,True
sub-1024/eeg/sub-1024_task-sed_acq-rest_run-2_events.tsv,1024,sed,rest,2,.tsv,events,70,True
sub-1024/eeg/sub-1024_task-sed_acq-rest_run-3_channels.tsv,1024,sed,rest,3,.tsv,channels,3971,True
sub-1024/eeg/sub-1024_task-sed_acq-rest_run-3_eeg.eeg,1024,sed,rest,3,.eeg,eeg,390000260,True
sub-1024/eeg/sub-1024_task-sed_acq-rest_run-3_eeg.json,1024,sed,rest,3,.json,eeg,473,True
sub-1024/eeg/sub-1024_task-sed_acq-rest_run-3_eeg.vhdr,1024,sed,rest,3,.vhdr,eeg,1831,True
sub-1024/eeg/sub-1024_task-sed_acq-rest_run-3_eeg.vmrk,1024,sed,rest,3,.vmrk,eeg,547,True
sub-1024/eeg/sub-1024_task-sed_acq-rest_run-3_events.json,1024,sed,rest,3,.json,events,767,True
sub-1024/eeg/sub-1024_task-sed_acq-rest_run-3_events.tsv,1024,sed,rest,3,.tsv,events,70,True
sub-1024/eeg/sub-1024_task-sed_acq-tms_run-1_channels.tsv,1024,sed,tms,1,.tsv,channels,3911,False
sub-1024/eeg/sub-1024_task-sed_acq-tms_run-1_eeg.eeg,1024,sed,tms,1,.eeg,eeg,773121536,False
sub-1024/eeg/sub-1024_task-sed_acq-tms_run-1_eeg.json,1024,sed,tms,1,.json,eeg,475,False
sub-1024/eeg/sub-1024_task-sed_acq-tms_run-1_eeg.vhdr,1024,sed,tms,1,.vhdr,eeg,1811,False
sub-1024/eeg/sub-1024_task-sed_acq-tms_run-1_eeg.vmrk,1024,sed,tms,1,.vmrk,eeg,9107,False
sub-1024/eeg/sub-1024_task-sed_acq-tms_run-1_events.json,1024,sed,tms,1,.json,events,767,False
sub-1024/eeg/sub-1024_task-sed_acq-tms_run-1_events.tsv,1024,sed,tms,1,.tsv,events,10308,False
sub-1024/eeg/sub-1024_task-sed_acq-tms_run-2_channels.tsv,1024,sed,tms,2,.tsv,channels,3911,False
sub-1024/eeg/sub-1024_task-sed_acq-tms_run-2_eeg.eeg,1024,sed,tms,2,.eeg,eeg,771570176,False
sub-1024/eeg/sub-1024_task-sed_acq-tms_run-2_eeg.json,1024,sed,tms,2,.json,eeg,475,False
sub-1024/eeg/sub-1024_task-sed_acq-tms_run-2_eeg.vhdr,1024,sed,tms,2,.vhdr,eeg,1811,False
sub-1024/eeg/sub-1024_task-sed_acq-tms_run-2_eeg.vmrk,1024,sed,tms,2,.vmrk,eeg,9724,False
sub-1024/eeg/sub-1024_task-sed_acq-tms_run-2_events.json,1024,sed,tms,2,.json,events,767,False
sub-1024/eeg/sub-1024_task-sed_acq-tms_run-2_events.tsv,1024,sed,tms,2,.tsv,events,11025,False
sub-1024/eeg/sub-1024_task-sed_acq-tms_run-3_channels.tsv,1024,sed,tms,3,.tsv,channels,3911,False
sub-1024/eeg/sub-1024_task-sed_acq-tms_run-3_eeg.eeg,1024,sed,tms,3,.eeg,eeg,794823936,False
sub-1024/eeg/sub-1024_task-sed_acq-tms_run-3_eeg.json,1024,sed,tms,3,.json,eeg,475,False
sub-1024/eeg/sub-1024_task-sed_acq-tms_run-3_eeg.vhdr,1024,sed,tms,3,.vhdr,eeg,1811,False
sub-1024/eeg/sub-1024_task-sed_acq-tms_run-3_eeg.vmrk,1024,sed,tms,3,.vmrk,eeg,9916,False
sub-1024/eeg/sub-1024_task-sed_acq-tms_run-3_events.json,1024,sed,tms,3,.json,events,767,False
sub-1024/eeg/sub-1024_task-sed_acq-tms_run-3_events.tsv,1024,sed,tms,3,.tsv,events,11265,False
sub-1022/sub-1022_scans.tsv,1022,,,0,.tsv,,604,False
sub-1022/eeg/sub-1022_task-awake_acq-EC_channels.tsv,1022,awake,EC,0,.tsv,channels,3971,True
sub-1022/eeg/sub-1022_task-awake_acq-EC_eeg.eeg,1022,awake,EC,0,.eeg,eeg,391300260,True
sub-1022/eeg/sub-1022_task-awake_acq-EC_eeg.json,1022,awake,EC,0,.json,eeg,475,True
sub-1022/eeg/sub-1022_task-awake_acq-EC_eeg.vhdr,1022,awake,EC,0,.vhdr,eeg,1819,True
sub-1022/eeg/sub-1022_task-awake_acq-EC_eeg.vmrk,1022,awake,EC,0,.vmrk,eeg,541,True
sub-1022/eeg/sub-1022_task-awake_acq-EC_events.json,1022,awake,EC,0,.json,events,767,True
sub-1022/eeg/sub-1022_task-awake_acq-EC_events.tsv,1022,awake,EC,0,.tsv,events,70,True
sub-1022/eeg/sub-1022_task-awake_acq-EO_channels.tsv,1022,awake,EO,0,.tsv,channels,3971,False
sub-1022/eeg/sub-1022_task-awake_acq-EO_eeg.eeg,1022,awake,EO,0,.eeg,eeg,393900260,False
sub-1022/eeg/sub-1022_task-awake_acq-EO_eeg.json,1022,awake,EO,0,.json,eeg,475,False
sub-1022/eeg/sub-1022_task-awake_acq-EO_eeg.vhdr,1022,awake,EO,0,.vhdr,eeg,1819,False
sub-1022/eeg/sub-1022_task-awake_acq-EO_eeg.vmrk,1022,awake,EO,0,.vmrk,eeg,599,False
sub-1022/eeg/sub-1022_task-awake_acq-EO_events.json,1022,awake,EO,0,.json,events,767,False
sub-1022/eeg/sub-1022_task-awake_acq-EO_events.tsv,1022,awake,EO,0,.tsv,events,139,False
sub-1022/eeg/sub-1022_task-sed2_acq-rest_run-1_channels.tsv,1022,sed2,rest,1,.tsv,channels,3971,True
sub-1022/eeg/sub-1022_task-sed2_acq-rest_run-1_eeg.eeg,1022,sed2,rest,1,.eeg,eeg,78000260,True
sub-1022/eeg/sub-1022_task-sed2_acq-rest_run-1_eeg.json,1022,sed2,rest,1,.json,eeg,473,True
sub-1022/eeg/sub-1022_task-sed2_acq-rest_run-1_eeg.vhdr,1022,sed2,rest,1,.vhdr,eeg,1833,True
sub-1022/eeg/sub-1022_task-sed2_acq-rest_run-1_eeg.vmrk,1022,sed2,rest,1,.vmrk,eeg,548,True
sub-1022/eeg/sub-1022_task-sed2_acq-rest_run-1_events.json,1022,sed2,rest,1,.json,events,767,True
sub-1022/eeg/sub-1022_task-sed2_acq-rest_run-1_events.tsv,1022,sed2,rest,1,.tsv,events,70,True
sub-1022/eeg/sub-1022_task-sed2_acq-rest_run-2_channels.tsv,1022,sed2,rest,2,.tsv,channels,3971,True
sub-1022/eeg/sub-1022_task-sed2_acq-rest_run-2_eeg.eeg,1022,sed2,rest,2,.eeg,eeg,78000260,True
sub-1022/eeg/sub-1022_task-sed2_acq-rest_run-2_eeg.json,1022,sed2,rest,2,.json,eeg,473,True
sub-1022/eeg/sub-1022_task-sed2_acq-rest_run-2_eeg.vhdr,1022,sed2,rest,2,.vhdr,eeg,1833,True
sub-1022/eeg/sub-1022_task-sed2_acq-rest_run-2_eeg.vmrk,1022,sed2,rest,2,.vmrk,eeg,548,True
sub-1022/eeg/sub-1022_task-sed2_acq-rest_run-2_events.json,1022,sed2,rest,2,.json,events,767,True
sub-1022/eeg/sub-1022_task-sed2_acq-rest_run-2_events.tsv,1022,sed2,rest,2,.tsv,events,70,True
sub-1022/eeg/sub-1022_task-sed2_acq-rest_run-3_channels.tsv,1022,sed2,rest,3,.tsv,channels,3971,True
sub-1022/eeg/sub-1022_task-sed2_acq-rest_run-3_eeg.eeg,1022,sed2,rest,3,.eeg,eeg,78000260,True
sub-1022/eeg/sub-1022_task-sed2_acq-rest_run-3_eeg.json,1022,sed2,rest,3,.json,eeg,473,True
sub-1022/eeg/sub-1022_task-sed2_acq-rest_run-3_eeg.vhdr,1022,sed2,rest,3,.vhdr,eeg,1833,True
sub-1022/eeg/sub-1022_task-sed2_acq-rest_run-3_eeg.vmrk,1022,sed2,rest,3,.vmrk,eeg,548,True
sub-1022/eeg/sub-1022_task-sed2_acq-rest_run-3_events.json,1022,sed2,rest,3,.json,events,767,True
sub-1022/eeg/sub-1022_task-sed2_acq-rest_run-3_events.tsv,1022,sed2,rest,3,.tsv,events,70,True
sub-1022/eeg/sub-1022_task-sed_acq-rest_run-1_channels.tsv,1022,sed,rest,1,.tsv,channels,3971,True
sub-1022/eeg/sub-1022_task-sed_acq-rest_run-1_eeg.eeg,1022,sed,rest,1,.eeg,eeg,393900260,True
sub-1022/eeg/sub-1022_task-sed_acq-rest_run-1_eeg.json,1022,sed,rest,1,.json,eeg,473,True
sub-1022/eeg/sub-1022_task-sed_acq-rest_run-1_eeg.vhdr,1022,sed,rest,1,.vhdr,eeg,1831,True
sub-1022/eeg/sub-1022_task-sed_acq-rest_run-1_eeg.vmrk,1022,sed,rest,1,.vmrk,eeg,547,True
sub-1022/eeg/sub-1022_task-sed_acq-rest_run-1_events.json,1022,sed,rest,1,.json,events,767,True
sub-1022/eeg/sub-1022_task-sed_acq-rest_run-1_events.tsv,1022,sed,rest,1,.tsv,events,70,True
sub-1022/eeg/sub-1022_task-sed_acq-rest_run-2_channels.tsv,1022,sed,rest,2,.tsv,channels,3971,True
sub-1022/eeg/sub-1022_task-sed_acq-rest_run-2_eeg.eeg,1022,sed,rest,2,.eeg,eeg,393900260,True
sub-1022/eeg/sub-1022_task-sed_acq-rest_run-2_eeg.json,1022,sed,rest,2,.json,eeg,473,True
sub-1022/eeg/sub-1022_task-sed_acq-rest_run-2_eeg.vhdr,1022,sed,rest,2,.vhdr,eeg,1831,True
sub-1022/eeg/sub-1022_task-sed_acq-rest_run-2_eeg.vmrk,1022,sed,rest,2,.vmrk,eeg,547,True
sub-1022/eeg/sub-1022_task-sed_acq-rest_run-2_events.json,1022,sed,rest,2,.json,events,767,True
sub-1022/eeg/sub-1022_task-sed_acq-rest_run-2_events.tsv,1022,sed,rest,2,.tsv,events,70,True
sub-1022/eeg/sub-1022_task-sed_acq-rest_run-3_channels.tsv,1022,sed,rest,3,.tsv,channels,3971,True
sub-1022/eeg/sub-1022_task-sed_acq-rest_run-3_eeg.eeg,1022,sed,rest,3,.eeg,eeg,393900260,True
sub-1022/eeg/sub-1022_task-sed_acq-rest_run-3_eeg.json,1022,sed,rest,3,.json,eeg,473,True
sub-1022/eeg/sub-1022_task-sed_acq-rest_run-3_eeg.vhdr,1022,sed,rest,3,.vhdr,eeg,1831,True
sub-1022/eeg/sub-1022_task-sed_acq-rest_run-3_eeg.vmrk,1022,sed,rest,3,.vmrk,eeg,547,True
sub-1022/eeg/sub-1022_task-sed_acq-rest_run-3_events.json,1022,sed,rest,3,.json,events,767,True
sub-1022/eeg/sub-1022_task-sed_acq-rest_run-3_events.tsv,1022,sed,rest,3,.tsv,events,70,True
sub-1017/sub-1017_scans.tsv,1017,,,0,.tsv,,524,False
sub-1017/eeg/sub-1017_task-awake_acq-EC_channels.tsv,1017,awake,EC,0,.tsv,channels,3971,True
sub-1017/eeg/sub-1017_task-awake_acq-EC_eeg.eeg,1017,awake,EC,0,.eeg,eeg,390000260,True
sub-1017/eeg/sub-1017_task-awake_acq-EC_eeg.json,1017,awake,EC,0,.json,eeg,475,True
sub-1017/eeg/sub-1017_task-awake_acq-EC_eeg.vhdr,1017,awake,EC,0,.vhdr,eeg,1819,True
sub-1017/eeg/sub-1017_task-awake_acq-EC_eeg.vmrk,1017,awake,EC,0,.vmrk,eeg,541,True
sub-1017/eeg/sub-1017_task-awake_acq-EC_events.json,1017,awake,EC,0,.json,events,767,True
sub-1017/eeg/sub-1017_task-awake_acq-EC_events.tsv,1017,awake,EC,0,.tsv,events,70,True
sub-1017/eeg/sub-1017_task-awake_acq-EO_channels.tsv,1017,awake,EO,0,.tsv,channels,3971,False
sub-1017/eeg/sub-1017_task-awake_acq-EO_eeg.eeg,1017,awake,EO,0,.eeg,eeg,390000260,False
sub-1017/eeg/sub-1017_task-awake_acq-EO_eeg.json,1017,awake,EO,0,.json,eeg,475,False
sub-1017/eeg/sub-1017_task-awake_acq-EO_eeg.vhdr,1017,awake,EO,0,.vhdr,eeg,1819,False
sub-1017/eeg/sub-1017_task-awake_acq-EO_eeg.vmrk,1017,awake,EO,0,.vmrk,eeg,541,False
sub-1017/eeg/sub-1017_task-awake_acq-EO_events.json,1017,awake,EO,0,.json,events,767,False
sub-1017/eeg/sub-1017_task-awake_acq-EO_events.tsv,1017,awake,EO,0,.tsv,events,70,False
sub-1017/eeg/sub-1017_task-awake_acq-tms_channels.tsv,1017,awake,tms,0,.tsv,channels,3911,False
sub-1017/eeg/sub-1017_task-awake_acq-tms_eeg.eeg,1017,awake,tms,0,.eeg,eeg,773121792,False
sub-1017/eeg/sub-1017_task-awake_acq-tms_eeg.json,1017,awake,tms,0,.json,eeg,478,False
sub-1017/eeg/sub-1017_task-awake_acq-tms_eeg.vhdr,1017,awake,tms,0,.vhdr,eeg,1803,False
sub-1017/eeg/sub-1017_task-awake_acq-tms_eeg.vmrk,1017,awake,tms,0,.vmrk,eeg,9842,False
sub-1017/eeg/sub-1017_task-awake_acq-tms_events.json,1017,awake,tms,0,.json,events,767,False
sub-1017/eeg/sub-1017_task-awake_acq-tms_events.tsv,1017,awake,tms,0,.tsv,events,11174,False
sub-1017/eeg/sub-1017_task-sed2_acq-rest_run-1_channels.tsv,1017,sed2,rest,1,.tsv,channels,3971,True
sub-1017/eeg/sub-1017_task-sed2_acq-rest_run-1_eeg.eeg,1017,sed2,rest,1,.eeg,eeg,78000260,True
sub-1017/eeg/sub-1017_task-sed2_acq-rest_run-1_eeg.json,1017,sed2,rest,1,.json,eeg,473,True
sub-1017/eeg/sub-1017_task-sed2_acq-rest_run-1_eeg.vhdr,1017,sed2,rest,1,.vhdr,eeg,1833,True
sub-1017/eeg/sub-1017_task-sed2_acq-rest_run-1_eeg.vmrk,1017,sed2,rest,1,.vmrk,eeg,548,True
sub-1017/eeg/sub-1017_task-sed2_acq-rest_run-1_events.json,1017,sed2,rest,1,.json,events,767,True
sub-1017/eeg/sub-1017_task-sed2_acq-rest_run-1_events.tsv,1017,sed2,rest,1,.tsv,events,70,True
sub-1017/eeg/sub-1017_task-sed2_acq-rest_run-2_channels.tsv,1017,sed2,rest,2,.tsv,channels,3971,True
sub-1017/eeg/sub-1017_task-sed2_acq-rest_run-2_eeg.eeg,1017,sed2,rest,2,.eeg,eeg,78000260,True
sub-1017/eeg/sub-1017_task-sed2_acq-rest_run-2_eeg.json,1017,sed2,rest,2,.json,eeg,473,True
sub-1017/eeg/sub-1017_task-sed2_acq-rest_run-2_eeg.vhdr,1017,sed2,rest,2,.vhdr,eeg,1833,True
sub-1017/eeg/sub-1017_task-sed2_acq-rest_run-2_eeg.vmrk,1017,sed2,rest,2,.vmrk,eeg,548,True
sub-1017/eeg/sub-1017_task-sed2_acq-rest_run-2_events.json,1017,sed2,rest,2,.json,events,767,True
sub-1017/eeg/sub-1017_task-sed2_acq-rest_run-2_events.tsv,1017,sed2,rest,2,.tsv,events,70,True
sub-1017/eeg/sub-1017_task-sed_acq-rest_run-1_channels.tsv,1017,sed,rest,1,.tsv,channels,3971,True
sub-1017/eeg/sub-1017_task-sed_acq-rest_run-1_eeg.eeg,1017,sed,rest,1,.eeg,eeg,390000260,True
sub-1017/eeg/sub-1017_task-sed_acq-rest_run-1_eeg.json,1017,sed,rest,1,.json,eeg,473,True
sub-1017/eeg/sub-1017_task-sed_acq-rest_run-1_eeg.vhdr,1017,sed,rest,1,.vhdr,eeg,1831,True
sub-1017/eeg/sub-1017_task-sed_acq-rest_run-1_eeg.vmrk,1017,sed,rest,1,.vmrk,eeg,547,True
sub-1017/eeg/sub-1017_task-sed_acq-rest_run-1_events.json,1017,sed,rest,1,.json,events,767,True
sub-1017/eeg/sub-1017_task-sed_acq-rest_run-1_events.tsv,1017,sed,rest,1,.tsv,events,70,True
sub-1017/eeg/sub-1017_task-sed_acq-rest_run-2_channels.tsv,1017,sed,rest,2,.tsv,channels,3971,True
sub-1017/eeg/sub-1017_task-sed_acq-rest_run-2_eeg.eeg,1017,sed,rest,2,.eeg,eeg,390000260,True
sub-1017/eeg/sub-1017_task-sed_acq-rest_run-2_eeg.json,1017,sed,rest,2,.json,eeg,473,True
sub-1017/eeg/sub-1017_task-sed_acq-rest_run-2_eeg.vhdr,1017,sed,rest,2,.vhdr,eeg,1831,True
sub-1017/eeg/sub-1017_task-sed_acq-rest_run-2_eeg.vmrk,1017,sed,rest,2,.vmrk,eeg,547,True
sub-1017/eeg/sub-1017_task-sed_acq-rest_run-2_events.json,1017,sed,rest,2,.json,events,767,True
sub-1017/eeg/sub-1017_task-sed_acq-rest_run-2_events.tsv,1017,sed,rest,2,.tsv,events,70,True
sub-1016/sub-1016_scans.tsv,1016,,,0,.tsv,,817,False
sub-1016/eeg/sub-1016_task-awake_acq-EC_channels.tsv,1016,awake,EC,0,.tsv,channels,3971,True
sub-1016/eeg/sub-1016_task-awake_acq-EC_eeg.eeg,1016,awake,EC,0,.eeg,eeg,390000260,True
sub-1016/eeg/sub-1016_task-awake_acq-EC_eeg.json,1016,awake,EC,0,.json,eeg,475,True
sub-1016/eeg/sub-1016_task-awake_acq-EC_eeg.vhdr,1016,awake,EC,0,.vhdr,eeg,1819,True
sub-1016/eeg/sub-1016_task-awake_acq-EC_eeg.vmrk,1016,awake,EC,0,.vmrk,eeg,541,True
sub-1016/eeg/sub-1016_task-awake_acq-EC_events.json,1016,awake,EC,0,.json,events,767,True
sub-1016/eeg/sub-1016_task-awake_acq-EC_events.tsv,1016,awake,EC,0,.tsv,events,70,True
sub-1016/eeg/sub-1016_task-awake_acq-EO_channels.tsv,1016,awake,EO,0,.tsv,channels,3971,False
sub-1016/eeg/sub-1016_task-awake_acq-EO_eeg.eeg,1016,awake,EO,0,.eeg,eeg,390000260,False
sub-1016/eeg/sub-1016_task-awake_acq-EO_eeg.json,1016,awake,EO,0,.json,eeg,475,False
sub-1016/eeg/sub-1016_task-awake_acq-EO_eeg.vhdr,1016,awake,EO,0,.vhdr,eeg,1819,False
sub-1016/eeg/sub-1016_task-awake_acq-EO_eeg.vmrk,1016,awake,EO,0,.vmrk,eeg,541,False
sub-1016/eeg/sub-1016_task-awake_acq-EO_events.json,1016,awake,EO,0,.json,events,767,False
sub-1016/eeg/sub-1016_task-awake_acq-EO_events.tsv,1016,awake,EO,0,.tsv,events,70,False
sub-1016/eeg/sub-1016_task-awake_acq-tms_channels.tsv,1016,awake,tms,0,.tsv,channels,3911,False
sub-1016/eeg/sub-1016_task-awake_acq-tms_eeg.eeg,1016,awake,tms,0,.eeg,eeg,771570176,False
sub-1016/eeg/sub-1016_task-awake_acq-tms_eeg.json,1016,awake,tms,0,.json,eeg,477,False
sub-1016/eeg/sub-1016_task-awake_acq-tms_eeg.vhdr,1016,awake,tms,0,.vhdr,eeg,1803,False
sub-1016/eeg/sub-1016_task-awake_acq-tms_eeg.vmrk,1016,awake,tms,0,.vmrk,eeg,8140,False
sub-1016/eeg/sub-1016_task-awake_acq-tms_events.json,1016,awake,tms,0,.json,events,767,False
sub-1016/eeg/sub-1016_task-awake_acq-tms_events.tsv,1016,awake,tms,0,.tsv,events,9298,False
sub-1016/eeg/sub-1016_task-sed2_acq-rest_run-1_channels.tsv,1016,sed2,rest,1,.tsv,channels,3971,True
sub-1016/eeg/sub-1016_task-sed2_acq-rest_run-1_eeg.eeg,1016,sed2,rest,1,.eeg,eeg,78000260,True
sub-1016/eeg/sub-1016_task-sed2_acq-rest_run-1_eeg.json,1016,sed2,rest,1,.json,eeg,473,True
sub-1016/eeg/sub-1016_task-sed2_acq-rest_run-1_eeg.vhdr,1016,sed2,rest,1,.vhdr,eeg,1833,True
sub-1016/eeg/sub-1016_task-sed2_acq-rest_run-1_eeg.vmrk,1016,sed2,rest,1,.vmrk,eeg,548,True
sub-1016/eeg/sub-1016_task-sed2_acq-rest_run-1_events.json,1016,sed2,rest,1,.json,events,767,True
sub-1016/eeg/sub-1016_task-sed2_acq-rest_run-1_events.tsv,1016,sed2,rest,1,.tsv,events,70,True
sub-1016/eeg/sub-1016_task-sed2_acq-rest_run-2_channels.tsv,1016,sed2,rest,2,.tsv,channels,3971,True
sub-1016/eeg/sub-1016_task-sed2_acq-rest_run-2_eeg.eeg,1016,sed2,rest,2,.eeg,eeg,78000260,True
sub-1016/eeg/sub-1016_task-sed2_acq-rest_run-2_eeg.json,1016,sed2,rest,2,.json,eeg,473,True
sub-1016/eeg/sub-1016_task-sed2_acq-rest_run-2_eeg.vhdr,1016,sed2,rest,2,.vhdr,eeg,1833,True
sub-1016/eeg/sub-1016_task-sed2_acq-rest_run-2_eeg.vmrk,1016,sed2,rest,2,.vmrk,eeg,548,True
sub-1016/eeg/sub-1016_task-sed2_acq-rest_run-2_events.json,1016,sed2,rest,2,.json,events,767,True
sub-1016/eeg/sub-1016_task-sed2_acq-rest_run-2_events.tsv,1016,sed2,rest,2,.tsv,events,70,True
sub-1016/eeg/sub-1016_task-sed_acq-rest_run-1_channels.tsv,1016,sed,rest,1,.tsv,channels,3971,True
sub-1016/eeg/sub-1016_task-sed_acq-rest_run-1_eeg.eeg,1016,sed,rest,1,.eeg,eeg,390000260,True
sub-1016/eeg/sub-1016_task-sed_acq-rest_run-1_eeg.json,1016,sed,rest,1,.json,eeg,473,True
sub-1016/eeg/sub-1016_task-sed_acq-rest_run-1_eeg.vhdr,1016,sed,rest,1,.vhdr,eeg,1831,True
sub-1016/eeg/sub-1016_task-sed_acq-rest_run-1_eeg.vmrk,1016,sed,rest,1,.vmrk,eeg,547,True
sub-1016/eeg/sub-1016_task-sed_acq-rest_run-1_events.json,1016,sed,rest,1,.json,events,767,True
sub-1016/eeg/sub-1016_task-sed_acq-rest_run-1_events.tsv,1016,sed,rest,1,.tsv,events,70,True
sub-1016/eeg/sub-1016_task-sed_acq-rest_run-2_channels.tsv,1016,sed,rest,2,.tsv,channels,3971,True
sub-1016/eeg/sub-1016_task-sed_acq-rest_run-2_eeg.eeg,1016,sed,rest,2,.eeg,eeg,390000260,True
sub-1016/eeg/sub-1016_task-sed_acq-rest_run-2_eeg.json,1016,sed,rest,2,.json,eeg,473,True
sub-1016/eeg/sub-1016_task-sed_acq-rest_run-2_eeg.vhdr,1016,sed,rest,2,.vhdr,eeg,1831,True
sub-1016/eeg/sub-1016_task-sed_acq-rest_run-2_eeg.vmrk,1016,sed,rest,2,.vmrk,eeg,547,True
sub-1016/eeg/sub-1016_task-sed_acq-rest_run-2_events.json,1016,sed,rest,2,.json,events,767,True
sub-1016/eeg/sub-1016_task-sed_acq-rest_run-2_events.tsv,1016,sed,rest,2,.tsv,events,70,True
sub-1016/eeg/sub-1016_task-sed_acq-rest_run-3_channels.tsv,1016,sed,rest,3,.tsv,channels,3971,True
sub-1016/eeg/sub-1016_task-sed_acq-rest_run-3_eeg.eeg,1016,sed,rest,3,.eeg,eeg,390000260,True
sub-1016/eeg/sub-1016_task-sed_acq-rest_run-3_eeg.json,1016,sed,rest,3,.json,eeg,473,True
sub-1016/eeg/sub-1016_task-sed_acq-rest_run-3_eeg.vhdr,1016,sed,rest,3,.vhdr,eeg,1831,True
sub-1016/eeg/sub-1016_task-sed_acq-rest_run-3_eeg.vmrk,1016,sed,rest,3,.vmrk,eeg,547,True
sub-1016/eeg/sub-1016_task-sed_acq-rest_run-3_events.json,1016,sed,rest,3,.json,events,767,True
sub-1016/eeg/sub-1016_task-sed_acq-rest_run-3_events.tsv,1016,sed,rest,3,.tsv,events,70,True
sub-1016/eeg/sub-1016_task-sed_acq-tms_run-1_channels.tsv,1016,sed,tms,1,.tsv,channels,3911,False
sub-1016/eeg/sub-1016_task-sed_acq-tms_run-1_eeg.eeg,1016,sed,tms,1,.eeg,eeg,765434112,False
sub-1016/eeg/sub-1016_task-sed_acq-tms_run-1_eeg.json,1016,sed,tms,1,.json,eeg,476,False
sub-1016/eeg/sub-1016_task-sed_acq-tms_run-1_eeg.vhdr,1016,sed,tms,1,.vhdr,eeg,1811,False
sub-1016/eeg/sub-1016_task-sed_acq-tms_run-1_eeg.vmrk,1016,sed,tms,1,.vmrk,eeg,6328,False
sub-1016/eeg/sub-1016_task-sed_acq-tms_run-1_events.json,1016,sed,tms,1,.json,events,767,False
sub-1016/eeg/sub-1016_task-sed_acq-tms_run-1_events.tsv,1016,sed,tms,1,.tsv,events,7022,False
sub-1016/eeg/sub-1016_task-sed_acq-tms_run-2_channels.tsv,1016,sed,tms,2,.tsv,channels,3911,False
sub-1016/eeg/sub-1016_task-sed_acq-tms_run-2_eeg.eeg,1016,sed,tms,2,.eeg,eeg,776612096,False
sub-1016/eeg/sub-1016_task-sed_acq-tms_run-2_eeg.json,1016,sed,tms,2,.json,eeg,475,False
sub-1016/eeg/sub-1016_task-sed_acq-tms_run-2_eeg.vhdr,1016,sed,tms,2,.vhdr,eeg,1811,False
sub-1016/eeg/sub-1016_task-sed_acq-tms_run-2_eeg.vmrk,1016,sed,tms,2,.vmrk,eeg,9012,False
sub-1016/eeg/sub-1016_task-sed_acq-tms_run-2_events.json,1016,sed,tms,2,.json,events,767,False
sub-1016/eeg/sub-1016_task-sed_acq-tms_run-2_events.tsv,1016,sed,tms,2,.tsv,events,10232,False
sub-1016/eeg/sub-1016_task-sed_acq-tms_run-3_channels.tsv,1016,sed,tms,3,.tsv,channels,3911,False
sub-1016/eeg/sub-1016_task-sed_acq-tms_run-3_eeg.eeg,1016,sed,tms,3,.eeg,eeg,405758208,False
sub-1016/eeg/sub-1016_task-sed_acq-tms_run-3_eeg.json,1016,sed,tms,3,.json,eeg,476,False
sub-1016/eeg/sub-1016_task-sed_acq-tms_run-3_eeg.vhdr,1016,sed,tms,3,.vhdr,eeg,1811,False
sub-1016/eeg/sub-1016_task-sed_acq-tms_run-3_eeg.vmrk,1016,sed,tms,3,.vmrk,eeg,4064,False
sub-1016/eeg/sub-1016_task-sed_acq-tms_run-3_events.json,1016,sed,tms,3,.json,events,767,False
sub-1016/eeg/sub-1016_task-sed_acq-tms_run-3_events.tsv,1016,sed,tms,3,.tsv,events,4380,False
sub-1010/sub-1010_scans.tsv,1010,,,0,.tsv,,604,False
sub-1010/eeg/sub-1010_task-awake_acq-EC_channels.tsv,1010,awake,EC,0,.tsv,channels,3971,True
sub-1010/eeg/sub-1010_task-awake_acq-EC_eeg.eeg,1010,awake,EC,0,.eeg,eeg,390000260,True
sub-1010/eeg/sub-1010_task-awake_acq-EC_eeg.json,1010,awake,EC,0,.json,eeg,475,True
sub-1010/eeg/sub-1010_task-awake_acq-EC_eeg.vhdr,1010,awake,EC,0,.vhdr,eeg,1819,True
sub-1010/eeg/sub-1010_task-awake_acq-EC_eeg.vmrk,1010,awake,EC,0,.vmrk,eeg,541,True
sub-1010/eeg/sub-1010_task-awake_acq-EC_events.json,1010,awake,EC,0,.json,events,767,True
sub-1010/eeg/sub-1010_task-awake_acq-EC_events.tsv,1010,awake,EC,0,.tsv,events,70,True
sub-1010/eeg/sub-1010_task-awake_acq-EO_channels.tsv,1010,awake,EO,0,.tsv,channels,3971,False
sub-1010/eeg/sub-1010_task-awake_acq-EO_eeg.eeg,1010,awake,EO,0,.eeg,eeg,390000260,False
sub-1010/eeg/sub-1010_task-awake_acq-EO_eeg.json,1010,awake,EO,0,.json,eeg,475,False
sub-1010/eeg/sub-1010_task-awake_acq-EO_eeg.vhdr,1010,awake,EO,0,.vhdr,eeg,1819,False
sub-1010/eeg/sub-1010_task-awake_acq-EO_eeg.vmrk,1010,awake,EO,0,.vmrk,eeg,541,False
sub-1010/eeg/sub-1010_task-awake_acq-EO_events.json,1010,awake,EO,0,.json,events,767,False
sub-1010/eeg/sub-1010_task-awake_acq-EO_events.tsv,1010,awake,EO,0,.tsv,events,70,False
sub-1010/eeg/sub-1010_task-sed2_acq-rest_run-1_channels.tsv,1010,sed2,rest,1,.tsv,channels,3971,True
sub-1010/eeg/sub-1010_task-sed2_acq-rest_run-1_eeg.eeg,1010,sed2,rest,1,.eeg,eeg,78000260,True
sub-1010/eeg/sub-1010_task-sed2_acq-rest_run-1_eeg.json,1010,sed2,rest,1,.json,eeg,473,True
sub-1010/eeg/sub-1010_task-sed2_acq-rest_run-1_eeg.vhdr,1010,sed2,rest,1,.vhdr,eeg,1833,True
sub-1010/eeg/sub-1010_task-sed2_acq-rest_run-1_eeg.vmrk,1010,sed2,rest,1,.vmrk,eeg,548,True
sub-1010/eeg/sub-1010_task-sed2_acq-rest_run-1_events.json,1010,sed2,rest,1,.json,events,767,True
sub-1010/eeg/sub-1010_task-sed2_acq-rest_run-1_events.tsv,1010,sed2,rest,1,.tsv,events,70,True
sub-1010/eeg/sub-1010_task-sed2_acq-rest_run-2_channels.tsv,1010,sed2,rest,2,.tsv,channels,3971,True
sub-1010/eeg/sub-1010_task-sed2_acq-rest_run-2_eeg.eeg,1010,sed2,rest,2,.eeg,eeg,78000260,True
sub-1010/eeg/sub-1010_task-sed2_acq-rest_run-2_eeg.json,1010,sed2,rest,2,.json,eeg,473,True
sub-1010/eeg/sub-1010_task-sed2_acq-rest_run-2_eeg.vhdr,1010,sed2,rest,2,.vhdr,eeg,1833,True
sub-1010/eeg/sub-1010_task-sed2_acq-rest_run-2_eeg.vmrk,1010,sed2,rest,2,.vmrk,eeg,548,True
sub-1010/eeg/sub-1010_task-sed2_acq-rest_run-2_events.json,1010,sed2,rest,2,.json,events,767,True
sub-1010/eeg/sub-1010_task-sed2_acq-rest_run-2_events.tsv,1010,sed2,rest,2,.tsv,events,70,True
sub-1010/eeg/sub-1010_task-sed2_acq-rest_run-3_channels.tsv,1010,sed2,rest,3,.tsv,channels,3971,True
sub-1010/eeg/sub-1010_task-sed2_acq-rest_run-3_eeg.eeg,1010,sed2,rest,3,.eeg,eeg,78000260,True
sub-1010/eeg/sub-1010_task-sed2_acq-rest_run-3_eeg.json,1010,sed2,rest,3,.json,eeg,473,True
sub-1010/eeg/sub-1010_task-sed2_acq-rest_run-3_eeg.vhdr,1010,sed2,rest,3,.vhdr,eeg,1833,True
sub-1010/eeg/sub-1010_task-sed2_acq-rest_run-3_eeg.vmrk,1010,sed2,rest,3,.vmrk,eeg,548,True
sub-1010/eeg/sub-1010_task-sed2_acq-rest_run-3_events.json,1010,sed2,rest,3,.json,events,767,True
sub-1010/eeg/sub-1010_task-sed2_acq-rest_run-3_events.tsv,1010,sed2,rest,3,.tsv,events,70,True
sub-1010/eeg/sub-1010_task-sed_acq-rest_run-1_channels.tsv,1010,sed,rest,1,.tsv,channels,3971,True
sub-1010/eeg/sub-1010_task-sed_acq-rest_run-1_eeg.eeg,1010,sed,rest,1,.eeg,eeg,390000260,True
sub-1010/eeg/sub-1010_task-sed_acq-rest_run-1_eeg.json,1010,sed,rest,1,.json,eeg,473,True
sub-1010/eeg/sub-1010_task-sed_acq-rest_run-1_eeg.vhdr,1010,sed,rest,1,.vhdr,eeg,1831,True
sub-1010/eeg/sub-1010_task-sed_acq-rest_run-1_eeg.vmrk,1010,sed,rest,1,.vmrk,eeg,547,True
sub-1010/eeg/sub-1010_task-sed_acq-rest_run-1_events.json,1010,sed,rest,1,.json,events,767,True
sub-1010/eeg/sub-1010_task-sed_acq-rest_run-1_events.tsv,1010,sed,rest,1,.tsv,events,70,True
sub-1010/eeg/sub-1010_task-sed_acq-rest_run-2_channels.tsv,1010,sed,rest,2,.tsv,channels,3971,True
sub-1010/eeg/sub-1010_task-sed_acq-rest_run-2_eeg.eeg,1010,sed,rest,2,.eeg,eeg,390000260,True
sub-1010/eeg/sub-1010_task-sed_acq-rest_run-2_eeg.json,1010,sed,rest,2,.json,eeg,473,True
sub-1010/eeg/sub-1010_task-sed_acq-rest_run-2_eeg.vhdr,1010,sed,rest,2,.vhdr,eeg,1831,True
sub-1010/eeg/sub-1010_task-sed_acq-rest_run-2_eeg.vmrk,1010,sed,rest,2,.vmrk,eeg,547,True
sub-1010/eeg/sub-1010_task-sed_acq-rest_run-2_events.json,1010,sed,rest,2,.json,events,767,True
sub-1010/eeg/sub-1010_task-sed_acq-rest_run-2_events.tsv,1010,sed,rest,2,.tsv,events,70,True
sub-1010/eeg/sub-1010_task-sed_acq-rest_run-3_channels.tsv,1010,sed,rest,3,.tsv,channels,3971,True
sub-1010/eeg/sub-1010_task-sed_acq-rest_run-3_eeg.eeg,1010,sed,rest,3,.eeg,eeg,390000260,True
sub-1010/eeg/sub-1010_task-sed_acq-rest_run-3_eeg.json,1010,sed,rest,3,.json,eeg,473,True
sub-1010/eeg/sub-1010_task-sed_acq-rest_run-3_eeg.vhdr,1010,sed,rest,3,.vhdr,eeg,1831,True
sub-1010/eeg/sub-1010_task-sed_acq-rest_run-3_eeg.vmrk,1010,sed,rest,3,.vmrk,eeg,547,True
sub-1010/eeg/sub-1010_task-sed_acq-rest_run-3_events.json,1010,sed,rest,3,.json,events,767,True
sub-1010/eeg/sub-1010_task-sed_acq-rest_run-3_events.tsv,1010,sed,rest,3,.tsv,events,70,True
.datalad/config,,,,0,,,63,False
