relative_path,subject,task,acq,run,extension,suffix,size
CHANGES,,,,0,,,23
dataset_description.json,,,,0,.json,,1025
.gitattributes,,,,0,,,427
README.txt,,,,0,.txt,,3938
participants.json,,,,0,.json,,1202
participants.tsv,,,,0,.tsv,,1035
sub-1074/sub-1074_scans.tsv,1074,,,0,.tsv,,892
sub-1074/eeg/sub-1074_task-awake_acq-EC_channels.tsv,1074,awake,EC,0,.tsv,channels,3911
sub-1074/eeg/sub-1074_task-awake_acq-EC_eeg.eeg,1074,awake,EC,0,.eeg,eeg,384000256
sub-1074/eeg/sub-1074_task-awake_acq-EC_eeg.json,1074,awake,EC,0,.json,eeg,475
sub-1074/eeg/sub-1074_task-awake_acq-EC_eeg.vhdr,1074,awake,EC,0,.vhdr,eeg,1801
sub-1074/eeg/sub-1074_task-awake_acq-EC_eeg.vmrk,1074,awake,EC,0,.vmrk,eeg,541
sub-1074/eeg/sub-1074_task-awake_acq-EC_events.json,1074,awake,EC,0,.json,events,767
sub-1074/eeg/sub-1074_task-awake_acq-EC_events.tsv,1074,awake,EC,0,.tsv,events,70
sub-1074/eeg/sub-1074_task-awake_acq-EO_channels.tsv,1074,awake,EO,0,.tsv,channels,3911
sub-1074/eeg/sub-1074_task-awake_acq-EO_eeg.eeg,1074,awake,EO,0,.eeg,eeg,384000256
sub-1074/eeg/sub-1074_task-awake_acq-EO_eeg.json,1074,awake,EO,0,.json,eeg,475
sub-1074/eeg/sub-1074_task-awake_acq-EO_eeg.vhdr,1074,awake,EO,0,.vhdr,eeg,1801
sub-1074/eeg/sub-1074_task-awake_acq-EO_eeg.vmrk,1074,awake,EO,0,.vmrk,eeg,541
sub-1074/eeg/sub-1074_task-awake_acq-EO_events.json,1074,awake,EO,0,.json,events,767
sub-1074/eeg/sub-1074_task-awake_acq-EO_events.tsv,1074,awake,EO,0,.tsv,events,70
sub-1074/eeg/sub-1074_task-awake_acq-tms_channels.tsv,1074,awake,tms,0,.tsv,channels,3911
sub-1074/eeg/sub-1074_task-awake_acq-tms_eeg.eeg,1074,awake,tms,0,.eeg,eeg,1238707712
sub-1074/eeg/sub-1074_task-awake_acq-tms_eeg.json,1074,awake,tms,0,.json,eeg,478
sub-1074/eeg/sub-1074_task-awake_acq-tms_eeg.vhdr,1074,awake,tms,0,.vhdr,eeg,1803
sub-1074/eeg/sub-1074_task-awake_acq-tms_eeg.vmrk,1074,awake,tms,0,.vmrk,eeg,9848
sub-1074/eeg/sub-1074_task-awake_acq-tms_events.json,1074,awake,tms,0,.json,events,767
sub-1074/eeg/sub-1074_task-awake_acq-tms_events.tsv,1074,awake,tms,0,.tsv,events,11257
sub-1074/eeg/sub-1074_task-sed2_acq-rest_run-1_channels.tsv,1074,sed2,rest,1,.tsv,channels,3911
sub-1074/eeg/sub-1074_task-sed2_acq-rest_run-1_eeg.eeg,1074,sed2,rest,1,.eeg,eeg,76800256
sub-1074/eeg/sub-1074_task-sed2_acq-rest_run-1_eeg.json,1074,sed2,rest,1,.json,eeg,473
sub-1074/eeg/sub-1074_task-sed2_acq-rest_run-1_eeg.vhdr,1074,sed2,rest,1,.vhdr,eeg,1815
sub-1074/eeg/sub-1074_task-sed2_acq-rest_run-1_eeg.vmrk,1074,sed2,rest,1,.vmrk,eeg,548
sub-1074/eeg/sub-1074_task-sed2_acq-rest_run-1_events.json,1074,sed2,rest,1,.json,events,767
sub-1074/eeg/sub-1074_task-sed2_acq-rest_run-1_events.tsv,1074,sed2,rest,1,.tsv,events,70
sub-1074/eeg/sub-1074_task-sed2_acq-rest_run-2_channels.tsv,1074,sed2,rest,2,.tsv,channels,3911
sub-1074/eeg/sub-1074_task-sed2_acq-rest_run-2_eeg.eeg,1074,sed2,rest,2,.eeg,eeg,76800256
sub-1074/eeg/sub-1074_task-sed2_acq-rest_run-2_eeg.json,1074,sed2,rest,2,.json,eeg,473
sub-1074/eeg/sub-1074_task-sed2_acq-rest_run-2_eeg.vhdr,1074,sed2,rest,2,.vhdr,eeg,1815
sub-1074/eeg/sub-1074_task-sed2_acq-rest_run-2_eeg.vmrk,1074,sed2,rest,2,.vmrk,eeg,548
sub-1074/eeg/sub-1074_task-sed2_acq-rest_run-2_events.json,1074,sed2,rest,2,.json,events,767
sub-1074/eeg/sub-1074_task-sed2_acq-rest_run-2_events.tsv,1074,sed2,rest,2,.tsv,events,70
sub-1074/eeg/sub-1074_task-sed2_acq-rest_run-3_channels.tsv,1074,sed2,rest,3,.tsv,channels,3911
sub-1074/eeg/sub-1074_task-sed2_acq-rest_run-3_eeg.eeg,1074,sed2,rest,3,.eeg,eeg,76800256
sub-1074/eeg/sub-1074_task-sed2_acq-rest_run-3_eeg.json,1074,sed2,rest,3,.json,eeg,473
sub-1074/eeg/sub-1074_task-sed2_acq-rest_run-3_eeg.vhdr,1074,sed2,rest,3,.vhdr,eeg,1815
sub-1074/eeg/sub-1074_task-sed2_acq-rest_run-3_eeg.vmrk,1074,sed2,rest,3,.vmrk,eeg,548
sub-1074/eeg/sub-1074_task-sed2_acq-rest_run-3_events.json,1074,sed2,rest,3,.json,events,767
sub-1074/eeg/sub-1074_task-sed2_acq-rest_run-3_events.tsv,1074,sed2,rest,3,.tsv,events,70
sub-1074/eeg/sub-1074_task-sed_acq-rest_run-1_channels.tsv,1074,sed,rest,1,.tsv,channels,3911
sub-1074/eeg/sub-1074_task-sed_acq-rest_run-1_eeg.eeg,1074,sed,rest,1,.eeg,eeg,384000256
sub-1074/eeg/sub-1074_task-sed_acq-rest_run-1_eeg.json,1074,sed,rest,1,.json,eeg,473
sub-1074/eeg/sub-1074_task-sed_acq-rest_run-1_eeg.vhdr,1074,sed,rest,1,.vhdr,eeg,1813
sub-1074/eeg/sub-1074_task-sed_acq-rest_run-1_eeg.vmrk,1074,sed,rest,1,.vmrk,eeg,547
sub-1074/eeg/sub-1074_task-sed_acq-rest_run-1_events.json,1074,sed,rest,1,.json,events,767
sub-1074/eeg/sub-1074_task-sed_acq-rest_run-1_events.tsv,1074,sed,rest,1,.tsv,events,70
sub-1074/eeg/sub-1074_task-sed_acq-rest_run-2_channels.tsv,1074,sed,rest,2,.tsv,channels,3911
sub-1074/eeg/sub-1074_task-sed_acq-rest_run-2_eeg.eeg,1074,sed,rest,2,.eeg,eeg,384000256
sub-1074/eeg/sub-1074_task-sed_acq-rest_run-2_eeg.json,1074,sed,rest,2,.json,eeg,473
sub-1074/eeg/sub-1074_task-sed_acq-rest_run-2_eeg.vhdr,1074,sed,rest,2,.vhdr,eeg,1813
sub-1074/eeg/sub-1074_task-sed_acq-rest_run-2_eeg.vmrk,1074,sed,rest,2,.vmrk,eeg,547
sub-1074/eeg/sub-1074_task-sed_acq-rest_run-2_events.json,1074,sed,rest,2,.json,events,767
sub-1074/eeg/sub-1074_task-sed_acq-rest_run-2_events.tsv,1074,sed,rest,2,.tsv,events,70
sub-1074/eeg/sub-1074_task-sed_acq-rest_run-3_channels.tsv,1074,sed,rest,3,.tsv,channels,3911
sub-1074/eeg/sub-1074_task-sed_acq-rest_run-3_eeg.eeg,1074,sed,rest,3,.eeg,eeg,384000256
sub-1074/eeg/sub-1074_task-sed_acq-rest_run-3_eeg.json,1074,sed,rest,3,.json,eeg,473
sub-1074/eeg/sub-1074_task-sed_acq-rest_run-3_eeg.vhdr,1074,sed,rest,3,.vhdr,eeg,1813
sub-1074/eeg/sub-1074_task-sed_acq-rest_run-3_eeg.vmrk,1074,sed,rest,3,.vmrk,eeg,547
sub-1074/eeg/sub-1074_task-sed_acq-rest_run-3_events.json,1074,sed,rest,3,.json,events,767
sub-1074/eeg/sub-1074_task-sed_acq-rest_run-3_events.tsv,1074,sed,rest,3,.tsv,events,70
sub-1074/eeg/sub-1074_task-sed_acq-tms_run-1_channels.tsv,1074,sed,tms,1,.tsv,channels,3911
sub-1074/eeg/sub-1074_task-sed_acq-tms_run-1_eeg.eeg,1074,sed,tms,1,.eeg,eeg,776611584
sub-1074/eeg/sub-1074_task-sed_acq-tms_run-1_eeg.json,1074,sed,tms,1,.json,eeg,476
sub-1074/eeg/sub-1074_task-sed_acq-tms_run-1_eeg.vhdr,1074,sed,tms,1,.vhdr,eeg,1811
sub-1074/eeg/sub-1074_task-sed_acq-tms_run-1_eeg.vmrk,1074,sed,tms,1,.vmrk,eeg,9291
sub-1074/eeg/sub-1074_task-sed_acq-tms_run-1_events.json,1074,sed,tms,1,.json,events,767
sub-1074/eeg/sub-1074_task-sed_acq-tms_run-1_events.tsv,1074,sed,tms,1,.tsv,events,10527
sub-1074/eeg/sub-1074_task-sed_acq-tms_run-2_channels.tsv,1074,sed,tms,2,.tsv,channels,3911
sub-1074/eeg/sub-1074_task-sed_acq-tms_run-2_eeg.eeg,1074,sed,tms,2,.eeg,eeg,776614144
sub-1074/eeg/sub-1074_task-sed_acq-tms_run-2_eeg.json,1074,sed,tms,2,.json,eeg,476
sub-1074/eeg/sub-1074_task-sed_acq-tms_run-2_eeg.vhdr,1074,sed,tms,2,.vhdr,eeg,1811
sub-1074/eeg/sub-1074_task-sed_acq-tms_run-2_eeg.vmrk,1074,sed,tms,2,.vmrk,eeg,8670
sub-1074/eeg/sub-1074_task-sed_acq-tms_run-2_events.json,1074,sed,tms,2,.json,events,767
sub-1074/eeg/sub-1074_task-sed_acq-tms_run-2_events.tsv,1074,sed,tms,2,.tsv,events,9860
sub-1074/eeg/sub-1074_task-sed_acq-tms_run-3_channels.tsv,1074,sed,tms,3,.tsv,channels,3911
sub-1074/eeg/sub-1074_task-sed_acq-tms_run-3_eeg.eeg,1074,sed,tms,3,.eeg,eeg,763006720
sub-1074/eeg/sub-1074_task-sed_acq-tms_run-3_eeg.json,1074,sed,tms,3,.json,eeg,476
sub-1074/eeg/sub-1074_task-sed_acq-tms_run-3_eeg.vhdr,1074,sed,tms,3,.vhdr,eeg,1811
sub-1074/eeg/sub-1074_task-sed_acq-tms_run-3_eeg.vmrk,1074,sed,tms,3,.vmrk,eeg,7582
sub-1074/eeg/sub-1074_task-sed_acq-tms_run-3_events.json,1074,sed,tms,3,.json,events,767
sub-1074/eeg/sub-1074_task-sed_acq-tms_run-3_events.tsv,1074,sed,tms,3,.tsv,events,8553
sub-1071/sub-1071_scans.tsv,1071,,,0,.tsv,,819
sub-1071/eeg/sub-1071_task-awake_acq-EC_channels.tsv,1071,awake,EC,0,.tsv,channels,3911
sub-1071/eeg/sub-1071_task-awake_acq-EC_eeg.eeg,1071,awake,EC,0,.eeg,eeg,384000256
sub-1071/eeg/sub-1071_task-awake_acq-EC_eeg.json,1071,awake,EC,0,.json,eeg,475
sub-1071/eeg/sub-1071_task-awake_acq-EC_eeg.vhdr,1071,awake,EC,0,.vhdr,eeg,1801
sub-1071/eeg/sub-1071_task-awake_acq-EC_eeg.vmrk,1071,awake,EC,0,.vmrk,eeg,541
sub-1071/eeg/sub-1071_task-awake_acq-EC_events.json,1071,awake,EC,0,.json,events,767
sub-1071/eeg/sub-1071_task-awake_acq-EC_events.tsv,1071,awake,EC,0,.tsv,events,70
sub-1071/eeg/sub-1071_task-awake_acq-EO_channels.tsv,1071,awake,EO,0,.tsv,channels,3911
sub-1071/eeg/sub-1071_task-awake_acq-EO_eeg.eeg,1071,awake,EO,0,.eeg,eeg,384000256
sub-1071/eeg/sub-1071_task-awake_acq-EO_eeg.json,1071,awake,EO,0,.json,eeg,475
sub-1071/eeg/sub-1071_task-awake_acq-EO_eeg.vhdr,1071,awake,EO,0,.vhdr,eeg,1801
sub-1071/eeg/sub-1071_task-awake_acq-EO_eeg.vmrk,1071,awake,EO,0,.vmrk,eeg,541
sub-1071/eeg/sub-1071_task-awake_acq-EO_events.json,1071,awake,EO,0,.json,events,767
sub-1071/eeg/sub-1071_task-awake_acq-EO_events.tsv,1071,awake,EO,0,.tsv,events,70
sub-1071/eeg/sub-1071_task-awake_acq-tms_channels.tsv,1071,awake,tms,0,.tsv,channels,3911
sub-1071/eeg/sub-1071_task-awake_acq-tms_eeg.eeg,1071,awake,tms,0,.eeg,eeg,773121024
sub-1071/eeg/sub-1071_task-awake_acq-tms_eeg.json,1071,awake,tms,0,.json,eeg,478
sub-1071/eeg/sub-1071_task-awake_acq-tms_eeg.vhdr,1071,awake,tms,0,.vhdr,eeg,1803
sub-1071/eeg/sub-1071_task-awake_acq-tms_eeg.vmrk,1071,awake,tms,0,.vmrk,eeg,8235
sub-1071/eeg/sub-1071_task-awake_acq-tms_events.json,1071,awake,tms,0,.json,events,767
sub-1071/eeg/sub-1071_task-awake_acq-tms_events.tsv,1071,awake,tms,0,.tsv,events,9320
sub-1071/eeg/sub-1071_task-sed2_acq-rest_run-1_channels.tsv,1071,sed2,rest,1,.tsv,channels,3911
sub-1071/eeg/sub-1071_task-sed2_acq-rest_run-1_eeg.eeg,1071,sed2,rest,1,.eeg,eeg,76800256
sub-1071/eeg/sub-1071_task-sed2_acq-rest_run-1_eeg.json,1071,sed2,rest,1,.json,eeg,473
sub-1071/eeg/sub-1071_task-sed2_acq-rest_run-1_eeg.vhdr,1071,sed2,rest,1,.vhdr,eeg,1815
sub-1071/eeg/sub-1071_task-sed2_acq-rest_run-1_eeg.vmrk,1071,sed2,rest,1,.vmrk,eeg,548
sub-1071/eeg/sub-1071_task-sed2_acq-rest_run-1_events.json,1071,sed2,rest,1,.json,events,767
sub-1071/eeg/sub-1071_task-sed2_acq-rest_run-1_events.tsv,1071,sed2,rest,1,.tsv,events,70
sub-1071/eeg/sub-1071_task-sed2_acq-rest_run-2_channels.tsv,1071,sed2,rest,2,.tsv,channels,3911
sub-1071/eeg/sub-1071_task-sed2_acq-rest_run-2_eeg.eeg,1071,sed2,rest,2,.eeg,eeg,76800256
sub-1071/eeg/sub-1071_task-sed2_acq-rest_run-2_eeg.json,1071,sed2,rest,2,.json,eeg,473
sub-1071/eeg/sub-1071_task-sed2_acq-rest_run-2_eeg.vhdr,1071,sed2,rest,2,.vhdr,eeg,1815
sub-1071/eeg/sub-1071_task-sed2_acq-rest_run-2_eeg.vmrk,1071,sed2,rest,2,.vmrk,eeg,548
sub-1071/eeg/sub-1071_task-sed2_acq-rest_run-2_events.json,1071,sed2,rest,2,.json,events,767
sub-1071/eeg/sub-1071_task-sed2_acq-rest_run-2_events.tsv,1071,sed2,rest,2,.tsv,events,70
sub-1071/eeg/sub-1071_task-sed2_acq-rest_run-3_channels.tsv,1071,sed2,rest,3,.tsv,channels,3911
sub-1071/eeg/sub-1071_task-sed2_acq-rest_run-3_eeg.eeg,1071,sed2,rest,3,.eeg,eeg,73830656
sub-1071/eeg/sub-1071_task-sed2_acq-rest_run-3_eeg.json,1071,sed2,rest,3,.json,eeg,474
sub-1071/eeg/sub-1071_task-sed2_acq-rest_run-3_eeg.vhdr,1071,sed2,rest,3,.vhdr,eeg,1815
sub-1071/eeg/sub-1071_task-sed2_acq-rest_run-3_eeg.vmrk,1071,sed2,rest,3,.vmrk,eeg,548
sub-1071/eeg/sub-1071_task-sed2_acq-rest_run-3_events.json,1071,sed2,rest,3,.json,events,767
sub-1071/eeg/sub-1071_task-sed2_acq-rest_run-3_events.tsv,1071,sed2,rest,3,.tsv,events,70
sub-1071/eeg/sub-1071_task-sed_acq-rest_run-1_channels.tsv,1071,sed,rest,1,.tsv,channels,3911
sub-1071/eeg/sub-1071_task-sed_acq-rest_run-1_eeg.eeg,1071,sed,rest,1,.eeg,eeg,384000256
sub-1071/eeg/sub-1071_task-sed_acq-rest_run-1_eeg.json,1071,sed,rest,1,.json,eeg,473
sub-1071/eeg/sub-1071_task-sed_acq-rest_run-1_eeg.vhdr,1071,sed,rest,1,.vhdr,eeg,1813
sub-1071/eeg/sub-1071_task-sed_acq-rest_run-1_eeg.vmrk,1071,sed,rest,1,.vmrk,eeg,547
sub-1071/eeg/sub-1071_task-sed_acq-rest_run-1_events.json,1071,sed,rest,1,.json,events,767
sub-1071/eeg/sub-1071_task-sed_acq-rest_run-1_events.tsv,1071,sed,rest,1,.tsv,events,70
sub-1071/eeg/sub-1071_task-sed_acq-rest_run-2_channels.tsv,1071,sed,rest,2,.tsv,channels,3911
sub-1071/eeg/sub-1071_task-sed_acq-rest_run-2_eeg.eeg,1071,sed,rest,2,.eeg,eeg,384000256
sub-1071/eeg/sub-1071_task-sed_acq-rest_run-2_eeg.json,1071,sed,rest,2,.json,eeg,473
sub-1071/eeg/sub-1071_task-sed_acq-rest_run-2_eeg.vhdr,1071,sed,rest,2,.vhdr,eeg,1813
sub-1071/eeg/sub-1071_task-sed_acq-rest_run-2_eeg.vmrk,1071,sed,rest,2,.vmrk,eeg,547
sub-1071/eeg/sub-1071_task-sed_acq-rest_run-2_events.json,1071,sed,rest,2,.json,events,767
sub-1071/eeg/sub-1071_task-sed_acq-rest_run-2_events.tsv,1071,sed,rest,2,.tsv,events,70
sub-1071/eeg/sub-1071_task-sed_acq-rest_run-3_channels.tsv,1071,sed,rest,3,.tsv,channels,3911
sub-1071/eeg/sub-1071_task-sed_acq-rest_run-3_eeg.eeg,1071,sed,rest,3,.eeg,eeg,384000256
sub-1071/eeg/sub-1071_task-sed_acq-rest_run-3_eeg.json,1071,sed,rest,3,.json,eeg,473
sub-1071/eeg/sub-1071_task-sed_acq-rest_run-3_eeg.vhdr,1071,sed,rest,3,.vhdr,eeg,1813
sub-1071/eeg/sub-1071_task-sed_acq-rest_run-3_eeg.vmrk,1071,sed,rest,3,.vmrk,eeg,547
sub-1071/eeg/sub-1071_task-sed_acq-rest_run-3_events.json,1071,sed,rest,3,.json,events,767
sub-1071/eeg/sub-1071_task-sed_acq-rest_run-3_events.tsv,1071,sed,rest,3,.tsv,events,70
sub-1071/eeg/sub-1071_task-sed_acq-tms_run-1_channels.tsv,1071,sed,tms,1,.tsv,channels,3911
sub-1071/eeg/sub-1071_task-sed_acq-tms_run-1_eeg.eeg,1071,sed,tms,1,.eeg,eeg,771569664
sub-1071/eeg/sub-1071_task-sed_acq-tms_run-1_eeg.json,1071,sed,tms,1,.json,eeg,476
sub-1071/eeg/sub-1071_task-sed_acq-tms_run-1_eeg.vhdr,1071,sed,tms,1,.vhdr,eeg,1811
sub-1071/eeg/sub-1071_task-sed_acq-tms_run-1_eeg.vmrk,1071,sed,tms,1,.vmrk,eeg,9012
sub-1071/eeg/sub-1071_task-sed_acq-tms_run-1_events.json,1071,sed,tms,1,.json,events,767
sub-1071/eeg/sub-1071_task-sed_acq-tms_run-1_events.tsv,1071,sed,tms,1,.tsv,events,10189
sub-1071/eeg/sub-1071_task-sed_acq-tms_run-2_channels.tsv,1071,sed,tms,2,.tsv,channels,3911
sub-1071/eeg/sub-1071_task-sed_acq-tms_run-2_eeg.eeg,1071,sed,tms,2,.eeg,eeg,193032960
sub-1071/eeg/sub-1071_task-sed_acq-tms_run-2_eeg.json,1071,sed,tms,2,.json,eeg,476
sub-1071/eeg/sub-1071_task-sed_acq-tms_run-2_eeg.vhdr,1071,sed,tms,2,.vhdr,eeg,1811
sub-1071/eeg/sub-1071_task-sed_acq-tms_run-2_eeg.vmrk,1071,sed,tms,2,.vmrk,eeg,633
sub-1071/eeg/sub-1071_task-sed_acq-tms_run-2_events.json,1071,sed,tms,2,.json,events,767
sub-1071/eeg/sub-1071_task-sed_acq-tms_run-2_events.tsv,1071,sed,tms,2,.tsv,events,178
sub-1068/sub-1068_scans.tsv,1068,,,0,.tsv,,522
sub-1068/eeg/sub-1068_task-awake_acq-EC_channels.tsv,1068,awake,EC,0,.tsv,channels,3911
sub-1068/eeg/sub-1068_task-awake_acq-EC_eeg.eeg,1068,awake,EC,0,.eeg,eeg,384000256
sub-1068/eeg/sub-1068_task-awake_acq-EC_eeg.json,1068,awake,EC,0,.json,eeg,475
sub-1068/eeg/sub-1068_task-awake_acq-EC_eeg.vhdr,1068,awake,EC,0,.vhdr,eeg,1801
sub-1068/eeg/sub-1068_task-awake_acq-EC_eeg.vmrk,1068,awake,EC,0,.vmrk,eeg,541
sub-1068/eeg/sub-1068_task-awake_acq-EC_events.json,1068,awake,EC,0,.json,events,767
sub-1068/eeg/sub-1068_task-awake_acq-EC_events.tsv,1068,awake,EC,0,.tsv,events,70
sub-1068/eeg/sub-1068_task-awake_acq-EO_channels.tsv,1068,awake,EO,0,.tsv,channels,3911
sub-1068/eeg/sub-1068_task-awake_acq-EO_eeg.eeg,1068,awake,EO,0,.eeg,eeg,384000256
sub-1068/eeg/sub-1068_task-awake_acq-EO_eeg.json,1068,awake,EO,0,.json,eeg,475
sub-1068/eeg/sub-1068_task-awake_acq-EO_eeg.vhdr,1068,awake,EO,0,.vhdr,eeg,1801
sub-1068/eeg/sub-1068_task-awake_acq-EO_eeg.vmrk,1068,awake,EO,0,.vmrk,eeg,541
sub-1068/eeg/sub-1068_task-awake_acq-EO_events.json,1068,awake,EO,0,.json,events,767
sub-1068/eeg/sub-1068_task-awake_acq-EO_events.tsv,1068,awake,EO,0,.tsv,events,70
sub-1068/eeg/sub-1068_task-awake_acq-tms_channels.tsv,1068,awake,tms,0,.tsv,channels,3911
sub-1068/eeg/sub-1068_task-awake_acq-tms_eeg.eeg,1068,awake,tms,0,.eeg,eeg,771569920
sub-1068/eeg/sub-1068_task-awake_acq-tms_eeg.json,1068,awake,tms,0,.json,eeg,478
sub-1068/eeg/sub-1068_task-awake_acq-tms_eeg.vhdr,1068,awake,tms,0,.vhdr,eeg,1803
sub-1068/eeg/sub-1068_task-awake_acq-tms_eeg.vmrk,1068,awake,tms,0,.vmrk,eeg,9749
sub-1068/eeg/sub-1068_task-awake_acq-tms_events.json,1068,awake,tms,0,.json,events,767
sub-1068/eeg/sub-1068_task-awake_acq-tms_events.tsv,1068,awake,tms,0,.tsv,events,11061
sub-1068/eeg/sub-1068_task-sed2_acq-rest_run-1_channels.tsv,1068,sed2,rest,1,.tsv,channels,3911
sub-1068/eeg/sub-1068_task-sed2_acq-rest_run-1_eeg.eeg,1068,sed2,rest,1,.eeg,eeg,76800256
sub-1068/eeg/sub-1068_task-sed2_acq-rest_run-1_eeg.json,1068,sed2,rest,1,.json,eeg,473
sub-1068/eeg/sub-1068_task-sed2_acq-rest_run-1_eeg.vhdr,1068,sed2,rest,1,.vhdr,eeg,1815
sub-1068/eeg/sub-1068_task-sed2_acq-rest_run-1_eeg.vmrk,1068,sed2,rest,1,.vmrk,eeg,548
sub-1068/eeg/sub-1068_task-sed2_acq-rest_run-1_events.json,1068,sed2,rest,1,.json,events,767
sub-1068/eeg/sub-1068_task-sed2_acq-rest_run-1_events.tsv,1068,sed2,rest,1,.tsv,events,70
sub-1068/eeg/sub-1068_task-sed_acq-rest_run-1_channels.tsv,1068,sed,rest,1,.tsv,channels,3911
sub-1068/eeg/sub-1068_task-sed_acq-rest_run-1_eeg.eeg,1068,sed,rest,1,.eeg,eeg,384000256
sub-1068/eeg/sub-1068_task-sed_acq-rest_run-1_eeg.json,1068,sed,rest,1,.json,eeg,473
sub-1068/eeg/sub-1068_task-sed_acq-rest_run-1_eeg.vhdr,1068,sed,rest,1,.vhdr,eeg,1813
sub-1068/eeg/sub-1068_task-sed_acq-rest_run-1_eeg.vmrk,1068,sed,rest,1,.vmrk,eeg,547
sub-1068/eeg/sub-1068_task-sed_acq-rest_run-1_events.json,1068,sed,rest,1,.json,events,767
sub-1068/eeg/sub-1068_task-sed_acq-rest_run-1_events.tsv,1068,sed,rest,1,.tsv,events,70
sub-1068/eeg/sub-1068_task-sed_acq-rest_run-2_channels.tsv,1068,sed,rest,2,.tsv,channels,3911
sub-1068/eeg/sub-1068_task-sed_acq-rest_run-2_eeg.eeg,1068,sed,rest,2,.eeg,eeg,384000256
sub-1068/eeg/sub-1068_task-sed_acq-rest_run-2_eeg.json,1068,sed,rest,2,.json,eeg,473
sub-1068/eeg/sub-1068_task-sed_acq-rest_run-2_eeg.vhdr,1068,sed,rest,2,.vhdr,eeg,1813
sub-1068/eeg/sub-1068_task-sed_acq-rest_run-2_eeg.vmrk,1068,sed,rest,2,.vmrk,eeg,547
sub-1068/eeg/sub-1068_task-sed_acq-rest_run-2_events.json,1068,sed,rest,2,.json,events,767
sub-1068/eeg/sub-1068_task-sed_acq-rest_run-2_events.tsv,1068,sed,rest,2,.tsv,events,70
sub-1068/eeg/sub-1068_task-sed_acq-tms_run-1_channels.tsv,1068,sed,tms,1,.tsv,channels,3911
sub-1068/eeg/sub-1068_task-sed_acq-tms_run-1_eeg.eeg,1068,sed,tms,1,.eeg,eeg,1396484864
sub-1068/eeg/sub-1068_task-sed_acq-tms_run-1_eeg.json,1068,sed,tms,1,.json,eeg,477
sub-1068/eeg/sub-1068_task-sed_acq-tms_run-1_eeg.vhdr,1068,sed,tms,1,.vhdr,eeg,1811
sub-1068/eeg/sub-1068_task-sed_acq-tms_run-1_eeg.vmrk,1068,sed,tms,1,.vmrk,eeg,11364
sub-1068/eeg/sub-1068_task-sed_acq-tms_run-1_events.json,1068,sed,tms,1,.json,events,767
sub-1068/eeg/sub-1068_task-sed_acq-tms_run-1_events.tsv,1068,sed,tms,1,.tsv,events,13113
sub-1067/sub-1067_scans.tsv,1067,,,0,.tsv,,889
sub-1067/eeg/sub-1067_task-awake_acq-EC_channels.tsv,1067,awake,EC,0,.tsv,channels,3911
sub-1067/eeg/sub-1067_task-awake_acq-EC_eeg.eeg,1067,awake,EC,0,.eeg,eeg,384000256
sub-1067/eeg/sub-1067_task-awake_acq-EC_eeg.json,1067,awake,EC,0,.json,eeg,475
sub-1067/eeg/sub-1067_task-awake_acq-EC_eeg.vhdr,1067,awake,EC,0,.vhdr,eeg,1801
sub-1067/eeg/sub-1067_task-awake_acq-EC_eeg.vmrk,1067,awake,EC,0,.vmrk,eeg,541
sub-1067/eeg/sub-1067_task-awake_acq-EC_events.json,1067,awake,EC,0,.json,events,767
sub-1067/eeg/sub-1067_task-awake_acq-EC_events.tsv,1067,awake,EC,0,.tsv,events,70
sub-1067/eeg/sub-1067_task-awake_acq-EO_channels.tsv,1067,awake,EO,0,.tsv,channels,3911
sub-1067/eeg/sub-1067_task-awake_acq-EO_eeg.eeg,1067,awake,EO,0,.eeg,eeg,384000256
sub-1067/eeg/sub-1067_task-awake_acq-EO_eeg.json,1067,awake,EO,0,.json,eeg,475
sub-1067/eeg/sub-1067_task-awake_acq-EO_eeg.vhdr,1067,awake,EO,0,.vhdr,eeg,1801
sub-1067/eeg/sub-1067_task-awake_acq-EO_eeg.vmrk,1067,awake,EO,0,.vmrk,eeg,541
sub-1067/eeg/sub-1067_task-awake_acq-EO_events.json,1067,awake,EO,0,.json,events,767
sub-1067/eeg/sub-1067_task-awake_acq-EO_events.tsv,1067,awake,EO,0,.tsv,events,70
sub-1067/eeg/sub-1067_task-awake_acq-tms_channels.tsv,1067,awake,tms,0,.tsv,channels,3911
sub-1067/eeg/sub-1067_task-awake_acq-tms_eeg.eeg,1067,awake,tms,0,.eeg,eeg,773120512
sub-1067/eeg/sub-1067_task-awake_acq-tms_eeg.json,1067,awake,tms,0,.json,eeg,478
sub-1067/eeg/sub-1067_task-awake_acq-tms_eeg.vhdr,1067,awake,tms,0,.vhdr,eeg,1803
sub-1067/eeg/sub-1067_task-awake_acq-tms_eeg.vmrk,1067,awake,tms,0,.vmrk,eeg,9691
sub-1067/eeg/sub-1067_task-awake_acq-tms_events.json,1067,awake,tms,0,.json,events,767
sub-1067/eeg/sub-1067_task-awake_acq-tms_events.tsv,1067,awake,tms,0,.tsv,events,10995
sub-1067/eeg/sub-1067_task-sed2_acq-rest_run-1_channels.tsv,1067,sed2,rest,1,.tsv,channels,3911
sub-1067/eeg/sub-1067_task-sed2_acq-rest_run-1_eeg.eeg,1067,sed2,rest,1,.eeg,eeg,76800256
sub-1067/eeg/sub-1067_task-sed2_acq-rest_run-1_eeg.json,1067,sed2,rest,1,.json,eeg,473
sub-1067/eeg/sub-1067_task-sed2_acq-rest_run-1_eeg.vhdr,1067,sed2,rest,1,.vhdr,eeg,1815
sub-1067/eeg/sub-1067_task-sed2_acq-rest_run-1_eeg.vmrk,1067,sed2,rest,1,.vmrk,eeg,548
sub-1067/eeg/sub-1067_task-sed2_acq-rest_run-1_events.json,1067,sed2,rest,1,.json,events,767
sub-1067/eeg/sub-1067_task-sed2_acq-rest_run-1_events.tsv,1067,sed2,rest,1,.tsv,events,70
sub-1067/eeg/sub-1067_task-sed2_acq-rest_run-2_channels.tsv,1067,sed2,rest,2,.tsv,channels,3911
sub-1067/eeg/sub-1067_task-sed2_acq-rest_run-2_eeg.eeg,1067,sed2,rest,2,.eeg,eeg,76800256
sub-1067/eeg/sub-1067_task-sed2_acq-rest_run-2_eeg.json,1067,sed2,rest,2,.json,eeg,473
sub-1067/eeg/sub-1067_task-sed2_acq-rest_run-2_eeg.vhdr,1067,sed2,rest,2,.vhdr,eeg,1815
sub-1067/eeg/sub-1067_task-sed2_acq-rest_run-2_eeg.vmrk,1067,sed2,rest,2,.vmrk,eeg,548
sub-1067/eeg/sub-1067_task-sed2_acq-rest_run-2_events.json,1067,sed2,rest,2,.json,events,767
sub-1067/eeg/sub-1067_task-sed2_acq-rest_run-2_events.tsv,1067,sed2,rest,2,.tsv,events,70
sub-1067/eeg/sub-1067_task-sed2_acq-rest_run-3_channels.tsv,1067,sed2,rest,3,.tsv,channels,3911
sub-1067/eeg/sub-1067_task-sed2_acq-rest_run-3_eeg.eeg,1067,sed2,rest,3,.eeg,eeg,76800256
sub-1067/eeg/sub-1067_task-sed2_acq-rest_run-3_eeg.json,1067,sed2,rest,3,.json,eeg,473
sub-1067/eeg/sub-1067_task-sed2_acq-rest_run-3_eeg.vhdr,1067,sed2,rest,3,.vhdr,eeg,1815
sub-1067/eeg/sub-1067_task-sed2_acq-rest_run-3_eeg.vmrk,1067,sed2,rest,3,.vmrk,eeg,548
sub-1067/eeg/sub-1067_task-sed2_acq-rest_run-3_events.json,1067,sed2,rest,3,.json,events,767
sub-1067/eeg/sub-1067_task-sed2_acq-rest_run-3_events.tsv,1067,sed2,rest,3,.tsv,events,70
sub-1067/eeg/sub-1067_task-sed_acq-rest_run-1_channels.tsv,1067,sed,rest,1,.tsv,channels,3911
sub-1067/eeg/sub-1067_task-sed_acq-rest_run-1_eeg.eeg,1067,sed,rest,1,.eeg,eeg,384000256
sub-1067/eeg/sub-1067_task-sed_acq-rest_run-1_eeg.json,1067,sed,rest,1,.json,eeg,473
sub-1067/eeg/sub-1067_task-sed_acq-rest_run-1_eeg.vhdr,1067,sed,rest,1,.vhdr,eeg,1813
sub-1067/eeg/sub-1067_task-sed_acq-rest_run-1_eeg.vmrk,1067,sed,rest,1,.vmrk,eeg,547
sub-1067/eeg/sub-1067_task-sed_acq-rest_run-1_events.json,1067,sed,rest,1,.json,events,767
sub-1067/eeg/sub-1067_task-sed_acq-rest_run-1_events.tsv,1067,sed,rest,1,.tsv,events,70
sub-1067/eeg/sub-1067_task-sed_acq-rest_run-2_channels.tsv,1067,sed,rest,2,.tsv,channels,3911
sub-1067/eeg/sub-1067_task-sed_acq-rest_run-2_eeg.eeg,1067,sed,rest,2,.eeg,eeg,384000256
sub-1067/eeg/sub-1067_task-sed_acq-rest_run-2_eeg.json,1067,sed,rest,2,.json,eeg,473
sub-1067/eeg/sub-1067_task-sed_acq-rest_run-2_eeg.vhdr,1067,sed,rest,2,.vhdr,eeg,1813
sub-1067/eeg/sub-1067_task-sed_acq-rest_run-2_eeg.vmrk,1067,sed,rest,2,.vmrk,eeg,547
sub-1067/eeg/sub-1067_task-sed_acq-rest_run-2_events.json,1067,sed,rest,2,.json,events,767
sub-1067/eeg/sub-1067_task-sed_acq-rest_run-2_events.tsv,1067,sed,rest,2,.tsv,events,70
sub-1067/eeg/sub-1067_task-sed_acq-rest_run-3_channels.tsv,1067,sed,rest,3,.tsv,channels,3911
sub-1067/eeg/sub-1067_task-sed_acq-rest_run-3_eeg.eeg,1067,sed,rest,3,.eeg,eeg,384000256
sub-1067/eeg/sub-1067_task-sed_acq-rest_run-3_eeg.json,1067,sed,rest,3,.json,eeg,473
sub-1067/eeg/sub-1067_task-sed_acq-rest_run-3_eeg.vhdr,1067,sed,rest,3,.vhdr,eeg,1813
sub-1067/eeg/sub-1067_task-sed_acq-rest_run-3_eeg.vmrk,1067,sed,rest,3,.vmrk,eeg,547
sub-1067/eeg/sub-1067_task-sed_acq-rest_run-3_events.json,1067,sed,rest,3,.json,events,767
sub-1067/eeg/sub-1067_task-sed_acq-rest_run-3_events.tsv,1067,sed,rest,3,.tsv,events,70
sub-1067/eeg/sub-1067_task-sed_acq-tms_run-1_channels.tsv,1067,sed,tms,1,.tsv,channels,3911
sub-1067/eeg/sub-1067_task-sed_acq-tms_run-1_eeg.eeg,1067,sed,tms,1,.eeg,eeg,765432832
sub-1067/eeg/sub-1067_task-sed_acq-tms_run-1_eeg.json,1067,sed,tms,1,.json,eeg,476
sub-1067/eeg/sub-1067_task-sed_acq-tms_run-1_eeg.vhdr,1067,sed,tms,1,.vhdr,eeg,1811
sub-1067/eeg/sub-1067_task-sed_acq-tms_run-1_eeg.vmrk,1067,sed,tms,1,.vmrk,eeg,8454
sub-1067/eeg/sub-1067_task-sed_acq-tms_run-1_events.json,1067,sed,tms,1,.json,events,767
sub-1067/eeg/sub-1067_task-sed_acq-tms_run-1_events.tsv,1067,sed,tms,1,.tsv,events,9639
sub-1067/eeg/sub-1067_task-sed_acq-tms_run-2_channels.tsv,1067,sed,tms,2,.tsv,channels,3911
sub-1067/eeg/sub-1067_task-sed_acq-tms_run-2_eeg.eeg,1067,sed,tms,2,.eeg,eeg,776610816
sub-1067/eeg/sub-1067_task-sed_acq-tms_run-2_eeg.json,1067,sed,tms,2,.json,eeg,475
sub-1067/eeg/sub-1067_task-sed_acq-tms_run-2_eeg.vhdr,1067,sed,tms,2,.vhdr,eeg,1811
sub-1067/eeg/sub-1067_task-sed_acq-tms_run-2_eeg.vmrk,1067,sed,tms,2,.vmrk,eeg,9105
sub-1067/eeg/sub-1067_task-sed_acq-tms_run-2_events.json,1067,sed,tms,2,.json,events,767
sub-1067/eeg/sub-1067_task-sed_acq-tms_run-2_events.tsv,1067,sed,tms,2,.tsv,events,10327
sub-1067/eeg/sub-1067_task-sed_acq-tms_run-3_channels.tsv,1067,sed,tms,3,.tsv,channels,3911
sub-1067/eeg/sub-1067_task-sed_acq-tms_run-3_eeg.eeg,1067,sed,tms,3,.eeg,eeg,778895616
sub-1067/eeg/sub-1067_task-sed_acq-tms_run-3_eeg.json,1067,sed,tms,3,.json,eeg,475
sub-1067/eeg/sub-1067_task-sed_acq-tms_run-3_eeg.vhdr,1067,sed,tms,3,.vhdr,eeg,1811
sub-1067/eeg/sub-1067_task-sed_acq-tms_run-3_eeg.vmrk,1067,sed,tms,3,.vmrk,eeg,8454
sub-1067/eeg/sub-1067_task-sed_acq-tms_run-3_events.json,1067,sed,tms,3,.json,events,767
sub-1067/eeg/sub-1067_task-sed_acq-tms_run-3_events.tsv,1067,sed,tms,3,.tsv,events,9565
sub-1064/sub-1064_scans.tsv,1064,,,0,.tsv,,889
sub-1064/eeg/sub-1064_task-awake_acq-EC_channels.tsv,1064,awake,EC,0,.tsv,channels,3911
sub-1064/eeg/sub-1064_task-awake_acq-EC_eeg.eeg,1064,awake,EC,0,.eeg,eeg,384000256
sub-1064/eeg/sub-1064_task-awake_acq-EC_eeg.json,1064,awake,EC,0,.json,eeg,475
sub-1064/eeg/sub-1064_task-awake_acq-EC_eeg.vhdr,1064,awake,EC,0,.vhdr,eeg,1801
sub-1064/eeg/sub-1064_task-awake_acq-EC_eeg.vmrk,1064,awake,EC,0,.vmrk,eeg,541
sub-1064/eeg/sub-1064_task-awake_acq-EC_events.json,1064,awake,EC,0,.json,events,767
sub-1064/eeg/sub-1064_task-awake_acq-EC_events.tsv,1064,awake,EC,0,.tsv,events,70
sub-1064/eeg/sub-1064_task-awake_acq-EO_channels.tsv,1064,awake,EO,0,.tsv,channels,3911
sub-1064/eeg/sub-1064_task-awake_acq-EO_eeg.eeg,1064,awake,EO,0,.eeg,eeg,384000256
sub-1064/eeg/sub-1064_task-awake_acq-EO_eeg.json,1064,awake,EO,0,.json,eeg,475
sub-1064/eeg/sub-1064_task-awake_acq-EO_eeg.vhdr,1064,awake,EO,0,.vhdr,eeg,1801
sub-1064/eeg/sub-1064_task-awake_acq-EO_eeg.vmrk,1064,awake,EO,0,.vmrk,eeg,541
sub-1064/eeg/sub-1064_task-awake_acq-EO_events.json,1064,awake,EO,0,.json,events,767
sub-1064/eeg/sub-1064_task-awake_acq-EO_events.tsv,1064,awake,EO,0,.tsv,events,70
sub-1064/eeg/sub-1064_task-awake_acq-tms_channels.tsv,1064,awake,tms,0,.tsv,channels,3911
sub-1064/eeg/sub-1064_task-awake_acq-tms_eeg.eeg,1064,awake,tms,0,.eeg,eeg,773120768
sub-1064/eeg/sub-1064_task-awake_acq-tms_eeg.json,1064,awake,tms,0,.json,eeg,478
sub-1064/eeg/sub-1064_task-awake_acq-tms_eeg.vhdr,1064,awake,tms,0,.vhdr,eeg,1803
sub-1064/eeg/sub-1064_task-awake_acq-tms_eeg.vmrk,1064,awake,tms,0,.vmrk,eeg,8420
sub-1064/eeg/sub-1064_task-awake_acq-tms_events.json,1064,awake,tms,0,.json,events,767
sub-1064/eeg/sub-1064_task-awake_acq-tms_events.tsv,1064,awake,tms,0,.tsv,events,9541
sub-1064/eeg/sub-1064_task-sed2_acq-rest_run-1_channels.tsv,1064,sed2,rest,1,.tsv,channels,3911
sub-1064/eeg/sub-1064_task-sed2_acq-rest_run-1_eeg.eeg,1064,sed2,rest,1,.eeg,eeg,76800256
sub-1064/eeg/sub-1064_task-sed2_acq-rest_run-1_eeg.json,1064,sed2,rest,1,.json,eeg,473
sub-1064/eeg/sub-1064_task-sed2_acq-rest_run-1_eeg.vhdr,1064,sed2,rest,1,.vhdr,eeg,1815
sub-1064/eeg/sub-1064_task-sed2_acq-rest_run-1_eeg.vmrk,1064,sed2,rest,1,.vmrk,eeg,548
sub-1064/eeg/sub-1064_task-sed2_acq-rest_run-1_events.json,1064,sed2,rest,1,.json,events,767
sub-1064/eeg/sub-1064_task-sed2_acq-rest_run-1_events.tsv,1064,sed2,rest,1,.tsv,events,70
sub-1064/eeg/sub-1064_task-sed2_acq-rest_run-2_channels.tsv,1064,sed2,rest,2,.tsv,channels,3911
sub-1064/eeg/sub-1064_task-sed2_acq-rest_run-2_eeg.eeg,1064,sed2,rest,2,.eeg,eeg,76800256
sub-1064/eeg/sub-1064_task-sed2_acq-rest_run-2_eeg.json,1064,sed2,rest,2,.json,eeg,473
sub-1064/eeg/sub-1064_task-sed2_acq-rest_run-2_eeg.vhdr,1064,sed2,rest,2,.vhdr,eeg,1815
sub-1064/eeg/sub-1064_task-sed2_acq-rest_run-2_eeg.vmrk,1064,sed2,rest,2,.vmrk,eeg,548
sub-1064/eeg/sub-1064_task-sed2_acq-rest_run-2_events.json,1064,sed2,rest,2,.json,events,767
sub-1064/eeg/sub-1064_task-sed2_acq-rest_run-2_events.tsv,1064,sed2,rest,2,.tsv,events,70
sub-1064/eeg/sub-1064_task-sed2_acq-rest_run-3_channels.tsv,1064,sed2,rest,3,.tsv,channels,3911
sub-1064/eeg/sub-1064_task-sed2_acq-rest_run-3_eeg.eeg,1064,sed2,rest,3,.eeg,eeg,76800256
sub-1064/eeg/sub-1064_task-sed2_acq-rest_run-3_eeg.json,1064,sed2,rest,3,.json,eeg,473
sub-1064/eeg/sub-1064_task-sed2_acq-rest_run-3_eeg.vhdr,1064,sed2,rest,3,.vhdr,eeg,1815
sub-1064/eeg/sub-1064_task-sed2_acq-rest_run-3_eeg.vmrk,1064,sed2,rest,3,.vmrk,eeg,548
sub-1064/eeg/sub-1064_task-sed2_acq-rest_run-3_events.json,1064,sed2,rest,3,.json,events,767
sub-1064/eeg/sub-1064_task-sed2_acq-rest_run-3_events.tsv,1064,sed2,rest,3,.tsv,events,70
sub-1064/eeg/sub-1064_task-sed_acq-rest_run-1_channels.tsv,1064,sed,rest,1,.tsv,channels,3911
sub-1064/eeg/sub-1064_task-sed_acq-rest_run-1_eeg.eeg,1064,sed,rest,1,.eeg,eeg,384000256
sub-1064/eeg/sub-1064_task-sed_acq-rest_run-1_eeg.json,1064,sed,rest,1,.json,eeg,473
sub-1064/eeg/sub-1064_task-sed_acq-rest_run-1_eeg.vhdr,1064,sed,rest,1,.vhdr,eeg,1813
sub-1064/eeg/sub-1064_task-sed_acq-rest_run-1_eeg.vmrk,1064,sed,rest,1,.vmrk,eeg,547
sub-1064/eeg/sub-1064_task-sed_acq-rest_run-1_events.json,1064,sed,rest,1,.json,events,767
sub-1064/eeg/sub-1064_task-sed_acq-rest_run-1_events.tsv,1064,sed,rest,1,.tsv,events,70
sub-1064/eeg/sub-1064_task-sed_acq-rest_run-2_channels.tsv,1064,sed,rest,2,.tsv,channels,3911
sub-1064/eeg/sub-1064_task-sed_acq-rest_run-2_eeg.eeg,1064,sed,rest,2,.eeg,eeg,384000256
sub-1064/eeg/sub-1064_task-sed_acq-rest_run-2_eeg.json,1064,sed,rest,2,.json,eeg,473
sub-1064/eeg/sub-1064_task-sed_acq-rest_run-2_eeg.vhdr,1064,sed,rest,2,.vhdr,eeg,1813
sub-1064/eeg/sub-1064_task-sed_acq-rest_run-2_eeg.vmrk,1064,sed,rest,2,.vmrk,eeg,547
sub-1064/eeg/sub-1064_task-sed_acq-rest_run-2_events.json,1064,sed,rest,2,.json,events,767
sub-1064/eeg/sub-1064_task-sed_acq-rest_run-2_events.tsv,1064,sed,rest,2,.tsv,events,70
sub-1064/eeg/sub-1064_task-sed_acq-rest_run-3_channels.tsv,1064,sed,rest,3,.tsv,channels,3911
sub-1064/eeg/sub-1064_task-sed_acq-rest_run-3_eeg.eeg,1064,sed,rest,3,.eeg,eeg,384000256
sub-1064/eeg/sub-1064_task-sed_acq-rest_run-3_eeg.json,1064,sed,rest,3,.json,eeg,473
sub-1064/eeg/sub-1064_task-sed_acq-rest_run-3_eeg.vhdr,1064,sed,rest,3,.vhdr,eeg,1813
sub-1064/eeg/sub-1064_task-sed_acq-rest_run-3_eeg.vmrk,1064,sed,rest,3,.vmrk,eeg,547
sub-1064/eeg/sub-1064_task-sed_acq-rest_run-3_events.json,1064,sed,rest,3,.json,events,767
sub-1064/eeg/sub-1064_task-sed_acq-rest_run-3_events.tsv,1064,sed,rest,3,.tsv,events,70
sub-1064/eeg/sub-1064_task-sed_acq-tms_run-1_channels.tsv,1064,sed,tms,1,.tsv,channels,3911
sub-1064/eeg/sub-1064_task-sed_acq-tms_run-1_eeg.eeg,1064,sed,tms,1,.eeg,eeg,771569408
sub-1064/eeg/sub-1064_task-sed_acq-tms_run-1_eeg.json,1064,sed,tms,1,.json,eeg,476
sub-1064/eeg/sub-1064_task-sed_acq-tms_run-1_eeg.vhdr,1064,sed,tms,1,.vhdr,eeg,1811
sub-1064/eeg/sub-1064_task-sed_acq-tms_run-1_eeg.vmrk,1064,sed,tms,1,.vmrk,eeg,8205
sub-1064/eeg/sub-1064_task-sed_acq-tms_run-1_events.json,1064,sed,tms,1,.json,events,767
sub-1064/eeg/sub-1064_task-sed_acq-tms_run-1_events.tsv,1064,sed,tms,1,.tsv,events,9279
sub-1064/eeg/sub-1064_task-sed_acq-tms_run-2_channels.tsv,1064,sed,tms,2,.tsv,channels,3911
sub-1064/eeg/sub-1064_task-sed_acq-tms_run-2_eeg.eeg,1064,sed,tms,2,.eeg,eeg,765433344
sub-1064/eeg/sub-1064_task-sed_acq-tms_run-2_eeg.json,1064,sed,tms,2,.json,eeg,476
sub-1064/eeg/sub-1064_task-sed_acq-tms_run-2_eeg.vhdr,1064,sed,tms,2,.vhdr,eeg,1811
sub-1064/eeg/sub-1064_task-sed_acq-tms_run-2_eeg.vmrk,1064,sed,tms,2,.vmrk,eeg,5848
sub-1064/eeg/sub-1064_task-sed_acq-tms_run-2_events.json,1064,sed,tms,2,.json,events,767
sub-1064/eeg/sub-1064_task-sed_acq-tms_run-2_events.tsv,1064,sed,tms,2,.tsv,events,6406
sub-1064/eeg/sub-1064_task-sed_acq-tms_run-3_channels.tsv,1064,sed,tms,3,.tsv,channels,3911
sub-1064/eeg/sub-1064_task-sed_acq-tms_run-3_eeg.eeg,1064,sed,tms,3,.eeg,eeg,776611328
sub-1064/eeg/sub-1064_task-sed_acq-tms_run-3_eeg.json,1064,sed,tms,3,.json,eeg,476
sub-1064/eeg/sub-1064_task-sed_acq-tms_run-3_eeg.vhdr,1064,sed,tms,3,.vhdr,eeg,1811
sub-1064/eeg/sub-1064_task-sed_acq-tms_run-3_eeg.vmrk,1064,sed,tms,3,.vmrk,eeg,7803
sub-1064/eeg/sub-1064_task-sed_acq-tms_run-3_events.json,1064,sed,tms,3,.json,events,767
sub-1064/eeg/sub-1064_task-sed_acq-tms_run-3_events.tsv,1064,sed,tms,3,.tsv,events,8807
sub-1062/sub-1062_scans.tsv,1062,,,0,.tsv,,892
sub-1062/eeg/sub-1062_task-awake_acq-EC_channels.tsv,1062,awake,EC,0,.tsv,channels,3911
sub-1062/eeg/sub-1062_task-awake_acq-EC_eeg.eeg,1062,awake,EC,0,.eeg,eeg,384000256
sub-1062/eeg/sub-1062_task-awake_acq-EC_eeg.json,1062,awake,EC,0,.json,eeg,475
sub-1062/eeg/sub-1062_task-awake_acq-EC_eeg.vhdr,1062,awake,EC,0,.vhdr,eeg,1801
sub-1062/eeg/sub-1062_task-awake_acq-EC_eeg.vmrk,1062,awake,EC,0,.vmrk,eeg,541
sub-1062/eeg/sub-1062_task-awake_acq-EC_events.json,1062,awake,EC,0,.json,events,767
sub-1062/eeg/sub-1062_task-awake_acq-EC_events.tsv,1062,awake,EC,0,.tsv,events,70
sub-1062/eeg/sub-1062_task-awake_acq-EO_channels.tsv,1062,awake,EO,0,.tsv,channels,3911
sub-1062/eeg/sub-1062_task-awake_acq-EO_eeg.eeg,1062,awake,EO,0,.eeg,eeg,384000256
sub-1062/eeg/sub-1062_task-awake_acq-EO_eeg.json,1062,awake,EO,0,.json,eeg,475
sub-1062/eeg/sub-1062_task-awake_acq-EO_eeg.vhdr,1062,awake,EO,0,.vhdr,eeg,1801
sub-1062/eeg/sub-1062_task-awake_acq-EO_eeg.vmrk,1062,awake,EO,0,.vmrk,eeg,541
sub-1062/eeg/sub-1062_task-awake_acq-EO_events.json,1062,awake,EO,0,.json,events,767
sub-1062/eeg/sub-1062_task-awake_acq-EO_events.tsv,1062,awake,EO,0,.tsv,events,70
sub-1062/eeg/sub-1062_task-awake_acq-tms_channels.tsv,1062,awake,tms,0,.tsv,channels,3911
sub-1062/eeg/sub-1062_task-awake_acq-tms_eeg.eeg,1062,awake,tms,0,.eeg,eeg,765432832
sub-1062/eeg/sub-1062_task-awake_acq-tms_eeg.json,1062,awake,tms,0,.json,eeg,478
sub-1062/eeg/sub-1062_task-awake_acq-tms_eeg.vhdr,1062,awake,tms,0,.vhdr,eeg,1803
sub-1062/eeg/sub-1062_task-awake_acq-tms_eeg.vmrk,1062,awake,tms,0,.vmrk,eeg,8511
sub-1062/eeg/sub-1062_task-awake_acq-tms_events.json,1062,awake,tms,0,.json,events,767
sub-1062/eeg/sub-1062_task-awake_acq-tms_events.tsv,1062,awake,tms,0,.tsv,events,9702
sub-1062/eeg/sub-1062_task-sed2_acq-rest_run-1_channels.tsv,1062,sed2,rest,1,.tsv,channels,3911
sub-1062/eeg/sub-1062_task-sed2_acq-rest_run-1_eeg.eeg,1062,sed2,rest,1,.eeg,eeg,76800256
sub-1062/eeg/sub-1062_task-sed2_acq-rest_run-1_eeg.json,1062,sed2,rest,1,.json,eeg,473
sub-1062/eeg/sub-1062_task-sed2_acq-rest_run-1_eeg.vhdr,1062,sed2,rest,1,.vhdr,eeg,1815
sub-1062/eeg/sub-1062_task-sed2_acq-rest_run-1_eeg.vmrk,1062,sed2,rest,1,.vmrk,eeg,548
sub-1062/eeg/sub-1062_task-sed2_acq-rest_run-1_events.json,1062,sed2,rest,1,.json,events,767
sub-1062/eeg/sub-1062_task-sed2_acq-rest_run-1_events.tsv,1062,sed2,rest,1,.tsv,events,70
sub-1062/eeg/sub-1062_task-sed2_acq-rest_run-2_channels.tsv,1062,sed2,rest,2,.tsv,channels,3911
sub-1062/eeg/sub-1062_task-sed2_acq-rest_run-2_eeg.eeg,1062,sed2,rest,2,.eeg,eeg,76800256
sub-1062/eeg/sub-1062_task-sed2_acq-rest_run-2_eeg.json,1062,sed2,rest,2,.json,eeg,473
sub-1062/eeg/sub-1062_task-sed2_acq-rest_run-2_eeg.vhdr,1062,sed2,rest,2,.vhdr,eeg,1815
sub-1062/eeg/sub-1062_task-sed2_acq-rest_run-2_eeg.vmrk,1062,sed2,rest,2,.vmrk,eeg,548
sub-1062/eeg/sub-1062_task-sed2_acq-rest_run-2_events.json,1062,sed2,rest,2,.json,events,767
sub-1062/eeg/sub-1062_task-sed2_acq-rest_run-2_events.tsv,1062,sed2,rest,2,.tsv,events,70
sub-1062/eeg/sub-1062_task-sed2_acq-rest_run-3_channels.tsv,1062,sed2,rest,3,.tsv,channels,3911
sub-1062/eeg/sub-1062_task-sed2_acq-rest_run-3_eeg.eeg,1062,sed2,rest,3,.eeg,eeg,76800256
sub-1062/eeg/sub-1062_task-sed2_acq-rest_run-3_eeg.json,1062,sed2,rest,3,.json,eeg,473
sub-1062/eeg/sub-1062_task-sed2_acq-rest_run-3_eeg.vhdr,1062,sed2,rest,3,.vhdr,eeg,1815
sub-1062/eeg/sub-1062_task-sed2_acq-rest_run-3_eeg.vmrk,1062,sed2,rest,3,.vmrk,eeg,548
sub-1062/eeg/sub-1062_task-sed2_acq-rest_run-3_events.json,1062,sed2,rest,3,.json,events,767
sub-1062/eeg/sub-1062_task-sed2_acq-rest_run-3_events.tsv,1062,sed2,rest,3,.tsv,events,70
sub-1062/eeg/sub-1062_task-sed_acq-rest_run-1_channels.tsv,1062,sed,rest,1,.tsv,channels,3911
sub-1062/eeg/sub-1062_task-sed_acq-rest_run-1_eeg.eeg,1062,sed,rest,1,.eeg,eeg,384000256
sub-1062/eeg/sub-1062_task-sed_acq-rest_run-1_eeg.json,1062,sed,rest,1,.json,eeg,473
sub-1062/eeg/sub-1062_task-sed_acq-rest_run-1_eeg.vhdr,1062,sed,rest,1,.vhdr,eeg,1813
sub-1062/eeg/sub-1062_task-sed_acq-rest_run-1_eeg.vmrk,1062,sed,rest,1,.vmrk,eeg,547
sub-1062/eeg/sub-1062_task-sed_acq-rest_run-1_events.json,1062,sed,rest,1,.json,events,767
sub-1062/eeg/sub-1062_task-sed_acq-rest_run-1_events.tsv,1062,sed,rest,1,.tsv,events,70
sub-1062/eeg/sub-1062_task-sed_acq-rest_run-2_channels.tsv,1062,sed,rest,2,.tsv,channels,3911
sub-1062/eeg/sub-1062_task-sed_acq-rest_run-2_eeg.eeg,1062,sed,rest,2,.eeg,eeg,384000256
sub-1062/eeg/sub-1062_task-sed_acq-rest_run-2_eeg.json,1062,sed,rest,2,.json,eeg,473
sub-1062/eeg/sub-1062_task-sed_acq-rest_run-2_eeg.vhdr,1062,sed,rest,2,.vhdr,eeg,1813
sub-1062/eeg/sub-1062_task-sed_acq-rest_run-2_eeg.vmrk,1062,sed,rest,2,.vmrk,eeg,547
sub-1062/eeg/sub-1062_task-sed_acq-rest_run-2_events.json,1062,sed,rest,2,.json,events,767
sub-1062/eeg/sub-1062_task-sed_acq-rest_run-2_events.tsv,1062,sed,rest,2,.tsv,events,70
sub-1062/eeg/sub-1062_task-sed_acq-rest_run-3_channels.tsv,1062,sed,rest,3,.tsv,channels,3911
sub-1062/eeg/sub-1062_task-sed_acq-rest_run-3_eeg.eeg,1062,sed,rest,3,.eeg,eeg,384000256
sub-1062/eeg/sub-1062_task-sed_acq-rest_run-3_eeg.json,1062,sed,rest,3,.json,eeg,473
sub-1062/eeg/sub-1062_task-sed_acq-rest_run-3_eeg.vhdr,1062,sed,rest,3,.vhdr,eeg,1813
sub-1062/eeg/sub-1062_task-sed_acq-rest_run-3_eeg.vmrk,1062,sed,rest,3,.vmrk,eeg,547
sub-1062/eeg/sub-1062_task-sed_acq-rest_run-3_events.json,1062,sed,rest,3,.json,events,767
sub-1062/eeg/sub-1062_task-sed_acq-rest_run-3_events.tsv,1062,sed,rest,3,.tsv,events,70
sub-1062/eeg/sub-1062_task-sed_acq-tms_run-1_channels.tsv,1062,sed,tms,1,.tsv,channels,3911
sub-1062/eeg/sub-1062_task-sed_acq-tms_run-1_eeg.eeg,1062,sed,tms,1,.eeg,eeg,776610816
sub-1062/eeg/sub-1062_task-sed_acq-tms_run-1_eeg.json,1062,sed,tms,1,.json,eeg,475
sub-1062/eeg/sub-1062_task-sed_acq-tms_run-1_eeg.vhdr,1062,sed,tms,1,.vhdr,eeg,1811
sub-1062/eeg/sub-1062_task-sed_acq-tms_run-1_eeg.vmrk,1062,sed,tms,1,.vmrk,eeg,546
sub-1062/eeg/sub-1062_task-sed_acq-tms_run-1_events.json,1062,sed,tms,1,.json,events,767
sub-1062/eeg/sub-1062_task-sed_acq-tms_run-1_events.tsv,1062,sed,tms,1,.tsv,events,70
sub-1062/eeg/sub-1062_task-sed_acq-tms_run-2_channels.tsv,1062,sed,tms,2,.tsv,channels,3911
sub-1062/eeg/sub-1062_task-sed_acq-tms_run-2_eeg.eeg,1062,sed,tms,2,.eeg,eeg,355571968
sub-1062/eeg/sub-1062_task-sed_acq-tms_run-2_eeg.json,1062,sed,tms,2,.json,eeg,476
sub-1062/eeg/sub-1062_task-sed_acq-tms_run-2_eeg.vhdr,1062,sed,tms,2,.vhdr,eeg,1811
sub-1062/eeg/sub-1062_task-sed_acq-tms_run-2_eeg.vmrk,1062,sed,tms,2,.vmrk,eeg,3096
sub-1062/eeg/sub-1062_task-sed_acq-tms_run-2_events.json,1062,sed,tms,2,.json,events,767
sub-1062/eeg/sub-1062_task-sed_acq-tms_run-2_events.tsv,1062,sed,tms,2,.tsv,events,3204
sub-1062/eeg/sub-1062_task-sed_acq-tms_run-3_channels.tsv,1062,sed,tms,3,.tsv,channels,3911
sub-1062/eeg/sub-1062_task-sed_acq-tms_run-3_eeg.eeg,1062,sed,tms,3,.eeg,eeg,770791936
sub-1062/eeg/sub-1062_task-sed_acq-tms_run-3_eeg.json,1062,sed,tms,3,.json,eeg,475
sub-1062/eeg/sub-1062_task-sed_acq-tms_run-3_eeg.vhdr,1062,sed,tms,3,.vhdr,eeg,1811
sub-1062/eeg/sub-1062_task-sed_acq-tms_run-3_eeg.vmrk,1062,sed,tms,3,.vmrk,eeg,8671
sub-1062/eeg/sub-1062_task-sed_acq-tms_run-3_events.json,1062,sed,tms,3,.json,events,767
sub-1062/eeg/sub-1062_task-sed_acq-tms_run-3_events.tsv,1062,sed,tms,3,.tsv,events,9808
sub-1061/sub-1061_scans.tsv,1061,,,0,.tsv,,746
sub-1061/eeg/sub-1061_task-awake_acq-EC_channels.tsv,1061,awake,EC,0,.tsv,channels,3911
sub-1061/eeg/sub-1061_task-awake_acq-EC_eeg.eeg,1061,awake,EC,0,.eeg,eeg,384000256
sub-1061/eeg/sub-1061_task-awake_acq-EC_eeg.json,1061,awake,EC,0,.json,eeg,475
sub-1061/eeg/sub-1061_task-awake_acq-EC_eeg.vhdr,1061,awake,EC,0,.vhdr,eeg,1801
sub-1061/eeg/sub-1061_task-awake_acq-EC_eeg.vmrk,1061,awake,EC,0,.vmrk,eeg,541
sub-1061/eeg/sub-1061_task-awake_acq-EC_events.json,1061,awake,EC,0,.json,events,767
sub-1061/eeg/sub-1061_task-awake_acq-EC_events.tsv,1061,awake,EC,0,.tsv,events,70
sub-1061/eeg/sub-1061_task-awake_acq-EO_channels.tsv,1061,awake,EO,0,.tsv,channels,3911
sub-1061/eeg/sub-1061_task-awake_acq-EO_eeg.eeg,1061,awake,EO,0,.eeg,eeg,384000256
sub-1061/eeg/sub-1061_task-awake_acq-EO_eeg.json,1061,awake,EO,0,.json,eeg,475
sub-1061/eeg/sub-1061_task-awake_acq-EO_eeg.vhdr,1061,awake,EO,0,.vhdr,eeg,1801
sub-1061/eeg/sub-1061_task-awake_acq-EO_eeg.vmrk,1061,awake,EO,0,.vmrk,eeg,541
sub-1061/eeg/sub-1061_task-awake_acq-EO_events.json,1061,awake,EO,0,.json,events,767
sub-1061/eeg/sub-1061_task-awake_acq-EO_events.tsv,1061,awake,EO,0,.tsv,events,70
sub-1061/eeg/sub-1061_task-awake_acq-tms_channels.tsv,1061,awake,tms,0,.tsv,channels,3911
sub-1061/eeg/sub-1061_task-awake_acq-tms_eeg.eeg,1061,awake,tms,0,.eeg,eeg,771569920
sub-1061/eeg/sub-1061_task-awake_acq-tms_eeg.json,1061,awake,tms,0,.json,eeg,478
sub-1061/eeg/sub-1061_task-awake_acq-tms_eeg.vhdr,1061,awake,tms,0,.vhdr,eeg,1803
sub-1061/eeg/sub-1061_task-awake_acq-tms_eeg.vmrk,1061,awake,tms,0,.vmrk,eeg,7117
sub-1061/eeg/sub-1061_task-awake_acq-tms_events.json,1061,awake,tms,0,.json,events,767
sub-1061/eeg/sub-1061_task-awake_acq-tms_events.tsv,1061,awake,tms,0,.tsv,events,7992
sub-1061/eeg/sub-1061_task-sed2_acq-rest_run-1_channels.tsv,1061,sed2,rest,1,.tsv,channels,3911
sub-1061/eeg/sub-1061_task-sed2_acq-rest_run-1_eeg.eeg,1061,sed2,rest,1,.eeg,eeg,76800256
sub-1061/eeg/sub-1061_task-sed2_acq-rest_run-1_eeg.json,1061,sed2,rest,1,.json,eeg,473
sub-1061/eeg/sub-1061_task-sed2_acq-rest_run-1_eeg.vhdr,1061,sed2,rest,1,.vhdr,eeg,1815
sub-1061/eeg/sub-1061_task-sed2_acq-rest_run-1_eeg.vmrk,1061,sed2,rest,1,.vmrk,eeg,548
sub-1061/eeg/sub-1061_task-sed2_acq-rest_run-1_events.json,1061,sed2,rest,1,.json,events,767
sub-1061/eeg/sub-1061_task-sed2_acq-rest_run-1_events.tsv,1061,sed2,rest,1,.tsv,events,70
sub-1061/eeg/sub-1061_task-sed2_acq-rest_run-2_channels.tsv,1061,sed2,rest,2,.tsv,channels,3911
sub-1061/eeg/sub-1061_task-sed2_acq-rest_run-2_eeg.eeg,1061,sed2,rest,2,.eeg,eeg,76800256
sub-1061/eeg/sub-1061_task-sed2_acq-rest_run-2_eeg.json,1061,sed2,rest,2,.json,eeg,473
sub-1061/eeg/sub-1061_task-sed2_acq-rest_run-2_eeg.vhdr,1061,sed2,rest,2,.vhdr,eeg,1815
sub-1061/eeg/sub-1061_task-sed2_acq-rest_run-2_eeg.vmrk,1061,sed2,rest,2,.vmrk,eeg,548
sub-1061/eeg/sub-1061_task-sed2_acq-rest_run-2_events.json,1061,sed2,rest,2,.json,events,767
sub-1061/eeg/sub-1061_task-sed2_acq-rest_run-2_events.tsv,1061,sed2,rest,2,.tsv,events,70
sub-1061/eeg/sub-1061_task-sed2_acq-rest_run-3_channels.tsv,1061,sed2,rest,3,.tsv,channels,3911
sub-1061/eeg/sub-1061_task-sed2_acq-rest_run-3_eeg.eeg,1061,sed2,rest,3,.eeg,eeg,76800256
sub-1061/eeg/sub-1061_task-sed2_acq-rest_run-3_eeg.json,1061,sed2,rest,3,.json,eeg,473
sub-1061/eeg/sub-1061_task-sed2_acq-rest_run-3_eeg.vhdr,1061,sed2,rest,3,.vhdr,eeg,1815
sub-1061/eeg/sub-1061_task-sed2_acq-rest_run-3_eeg.vmrk,1061,sed2,rest,3,.vmrk,eeg,548
sub-1061/eeg/sub-1061_task-sed2_acq-rest_run-3_events.json,1061,sed2,rest,3,.json,events,767
sub-1061/eeg/sub-1061_task-sed2_acq-rest_run-3_events.tsv,1061,sed2,rest,3,.tsv,events,70
sub-1061/eeg/sub-1061_task-sed_acq-rest_run-1_channels.tsv,1061,sed,rest,1,.tsv,channels,3911
sub-1061/eeg/sub-1061_task-sed_acq-rest_run-1_eeg.eeg,1061,sed,rest,1,.eeg,eeg,384000256
sub-1061/eeg/sub-1061_task-sed_acq-rest_run-1_eeg.json,1061,sed,rest,1,.json,eeg,473
sub-1061/eeg/sub-1061_task-sed_acq-rest_run-1_eeg.vhdr,1061,sed,rest,1,.vhdr,eeg,1813
sub-1061/eeg/sub-1061_task-sed_acq-rest_run-1_eeg.vmrk,1061,sed,rest,1,.vmrk,eeg,547
sub-1061/eeg/sub-1061_task-sed_acq-rest_run-1_events.json,1061,sed,rest,1,.json,events,767
sub-1061/eeg/sub-1061_task-sed_acq-rest_run-1_events.tsv,1061,sed,rest,1,.tsv,events,70
sub-1061/eeg/sub-1061_task-sed_acq-rest_run-2_channels.tsv,1061,sed,rest,2,.tsv,channels,3911
sub-1061/eeg/sub-1061_task-sed_acq-rest_run-2_eeg.eeg,1061,sed,rest,2,.eeg,eeg,384000256
sub-1061/eeg/sub-1061_task-sed_acq-rest_run-2_eeg.json,1061,sed,rest,2,.json,eeg,473
sub-1061/eeg/sub-1061_task-sed_acq-rest_run-2_eeg.vhdr,1061,sed,rest,2,.vhdr,eeg,1813
sub-1061/eeg/sub-1061_task-sed_acq-rest_run-2_eeg.vmrk,1061,sed,rest,2,.vmrk,eeg,547
sub-1061/eeg/sub-1061_task-sed_acq-rest_run-2_events.json,1061,sed,rest,2,.json,events,767
sub-1061/eeg/sub-1061_task-sed_acq-rest_run-2_events.tsv,1061,sed,rest,2,.tsv,events,70
sub-1061/eeg/sub-1061_task-sed_acq-rest_run-3_channels.tsv,1061,sed,rest,3,.tsv,channels,3911
sub-1061/eeg/sub-1061_task-sed_acq-rest_run-3_eeg.eeg,1061,sed,rest,3,.eeg,eeg,384000256
sub-1061/eeg/sub-1061_task-sed_acq-rest_run-3_eeg.json,1061,sed,rest,3,.json,eeg,473
sub-1061/eeg/sub-1061_task-sed_acq-rest_run-3_eeg.vhdr,1061,sed,rest,3,.vhdr,eeg,1813
sub-1061/eeg/sub-1061_task-sed_acq-rest_run-3_eeg.vmrk,1061,sed,rest,3,.vmrk,eeg,547
sub-1061/eeg/sub-1061_task-sed_acq-rest_run-3_events.json,1061,sed,rest,3,.json,events,767
sub-1061/eeg/sub-1061_task-sed_acq-rest_run-3_events.tsv,1061,sed,rest,3,.tsv,events,70
sub-1061/eeg/sub-1061_task-sed_acq-tms_run-1_channels.tsv,1061,sed,tms,1,.tsv,channels,3911
sub-1061/eeg/sub-1061_task-sed_acq-tms_run-1_eeg.eeg,1061,sed,tms,1,.eeg,eeg,765433600
sub-1061/eeg/sub-1061_task-sed_acq-tms_run-1_eeg.json,1061,sed,tms,1,.json,eeg,476
sub-1061/eeg/sub-1061_task-sed_acq-tms_run-1_eeg.vhdr,1061,sed,tms,1,.vhdr,eeg,1811
sub-1061/eeg/sub-1061_task-sed_acq-tms_run-1_eeg.vmrk,1061,sed,tms,1,.vmrk,eeg,9042
sub-1061/eeg/sub-1061_task-sed_acq-tms_run-1_events.json,1061,sed,tms,1,.json,events,767
sub-1061/eeg/sub-1061_task-sed_acq-tms_run-1_events.tsv,1061,sed,tms,1,.tsv,events,10273
sub-1060/sub-1060_scans.tsv,1060,,,0,.tsv,,892
sub-1060/eeg/sub-1060_task-awake_acq-EC_channels.tsv,1060,awake,EC,0,.tsv,channels,3911
sub-1060/eeg/sub-1060_task-awake_acq-EC_eeg.eeg,1060,awake,EC,0,.eeg,eeg,384000256
sub-1060/eeg/sub-1060_task-awake_acq-EC_eeg.json,1060,awake,EC,0,.json,eeg,475
sub-1060/eeg/sub-1060_task-awake_acq-EC_eeg.vhdr,1060,awake,EC,0,.vhdr,eeg,1801
sub-1060/eeg/sub-1060_task-awake_acq-EC_eeg.vmrk,1060,awake,EC,0,.vmrk,eeg,541
sub-1060/eeg/sub-1060_task-awake_acq-EC_events.json,1060,awake,EC,0,.json,events,767
sub-1060/eeg/sub-1060_task-awake_acq-EC_events.tsv,1060,awake,EC,0,.tsv,events,70
sub-1060/eeg/sub-1060_task-awake_acq-EO_channels.tsv,1060,awake,EO,0,.tsv,channels,3911
sub-1060/eeg/sub-1060_task-awake_acq-EO_eeg.eeg,1060,awake,EO,0,.eeg,eeg,384000256
sub-1060/eeg/sub-1060_task-awake_acq-EO_eeg.json,1060,awake,EO,0,.json,eeg,475
sub-1060/eeg/sub-1060_task-awake_acq-EO_eeg.vhdr,1060,awake,EO,0,.vhdr,eeg,1801
sub-1060/eeg/sub-1060_task-awake_acq-EO_eeg.vmrk,1060,awake,EO,0,.vmrk,eeg,541
sub-1060/eeg/sub-1060_task-awake_acq-EO_events.json,1060,awake,EO,0,.json,events,767
sub-1060/eeg/sub-1060_task-awake_acq-EO_events.tsv,1060,awake,EO,0,.tsv,events,70
sub-1060/eeg/sub-1060_task-awake_acq-tms_channels.tsv,1060,awake,tms,0,.tsv,channels,3911
sub-1060/eeg/sub-1060_task-awake_acq-tms_eeg.eeg,1060,awake,tms,0,.eeg,eeg,773121280
sub-1060/eeg/sub-1060_task-awake_acq-tms_eeg.json,1060,awake,tms,0,.json,eeg,478
sub-1060/eeg/sub-1060_task-awake_acq-tms_eeg.vhdr,1060,awake,tms,0,.vhdr,eeg,1803
sub-1060/eeg/sub-1060_task-awake_acq-tms_eeg.vmrk,1060,awake,tms,0,.vmrk,eeg,8824
sub-1060/eeg/sub-1060_task-awake_acq-tms_events.json,1060,awake,tms,0,.json,events,767
sub-1060/eeg/sub-1060_task-awake_acq-tms_events.tsv,1060,awake,tms,0,.tsv,events,10024
sub-1060/eeg/sub-1060_task-sed2_acq-rest_run-1_channels.tsv,1060,sed2,rest,1,.tsv,channels,3911
sub-1060/eeg/sub-1060_task-sed2_acq-rest_run-1_eeg.eeg,1060,sed2,rest,1,.eeg,eeg,76800256
sub-1060/eeg/sub-1060_task-sed2_acq-rest_run-1_eeg.json,1060,sed2,rest,1,.json,eeg,473
sub-1060/eeg/sub-1060_task-sed2_acq-rest_run-1_eeg.vhdr,1060,sed2,rest,1,.vhdr,eeg,1815
sub-1060/eeg/sub-1060_task-sed2_acq-rest_run-1_eeg.vmrk,1060,sed2,rest,1,.vmrk,eeg,548
sub-1060/eeg/sub-1060_task-sed2_acq-rest_run-1_events.json,1060,sed2,rest,1,.json,events,767
sub-1060/eeg/sub-1060_task-sed2_acq-rest_run-1_events.tsv,1060,sed2,rest,1,.tsv,events,70
sub-1060/eeg/sub-1060_task-sed2_acq-rest_run-2_channels.tsv,1060,sed2,rest,2,.tsv,channels,3911
sub-1060/eeg/sub-1060_task-sed2_acq-rest_run-2_eeg.eeg,1060,sed2,rest,2,.eeg,eeg,76800256
sub-1060/eeg/sub-1060_task-sed2_acq-rest_run-2_eeg.json,1060,sed2,rest,2,.json,eeg,473
sub-1060/eeg/sub-1060_task-sed2_acq-rest_run-2_eeg.vhdr,1060,sed2,rest,2,.vhdr,eeg,1815
sub-1060/eeg/sub-1060_task-sed2_acq-rest_run-2_eeg.vmrk,1060,sed2,rest,2,.vmrk,eeg,548
sub-1060/eeg/sub-1060_task-sed2_acq-rest_run-2_events.json,1060,sed2,rest,2,.json,events,767
sub-1060/eeg/sub-1060_task-sed2_acq-rest_run-2_events.tsv,1060,sed2,rest,2,.tsv,events,70
sub-1060/eeg/sub-1060_task-sed2_acq-rest_run-3_channels.tsv,1060,sed2,rest,3,.tsv,channels,3911
sub-1060/eeg/sub-1060_task-sed2_acq-rest_run-3_eeg.eeg,1060,sed2,rest,3,.eeg,eeg,76800256
sub-1060/eeg/sub-1060_task-sed2_acq-rest_run-3_eeg.json,1060,sed2,rest,3,.json,eeg,473
sub-1060/eeg/sub-1060_task-sed2_acq-rest_run-3_eeg.vhdr,1060,sed2,rest,3,.vhdr,eeg,1815
sub-1060/eeg/sub-1060_task-sed2_acq-rest_run-3_eeg.vmrk,1060,sed2,rest,3,.vmrk,eeg,548
sub-1060/eeg/sub-1060_task-sed2_acq-rest_run-3_events.json,1060,sed2,rest,3,.json,events,767
sub-1060/eeg/sub-1060_task-sed2_acq-rest_run-3_events.tsv,1060,sed2,rest,3,.tsv,events,70
sub-1060/eeg/sub-1060_task-sed_acq-rest_run-1_channels.tsv,1060,sed,rest,1,.tsv,channels,3911
sub-1060/eeg/sub-1060_task-sed_acq-rest_run-1_eeg.eeg,1060,sed,rest,1,.eeg,eeg,384000256
sub-1060/eeg/sub-1060_task-sed_acq-rest_run-1_eeg.json,1060,sed,rest,1,.json,eeg,473
sub-1060/eeg/sub-1060_task-sed_acq-rest_run-1_eeg.vhdr,1060,sed,rest,1,.vhdr,eeg,1813
sub-1060/eeg/sub-1060_task-sed_acq-rest_run-1_eeg.vmrk,1060,sed,rest,1,.vmrk,eeg,547
sub-1060/eeg/sub-1060_task-sed_acq-rest_run-1_events.json,1060,sed,rest,1,.json,events,767
sub-1060/eeg/sub-1060_task-sed_acq-rest_run-1_events.tsv,1060,sed,rest,1,.tsv,events,70
sub-1060/eeg/sub-1060_task-sed_acq-rest_run-2_channels.tsv,1060,sed,rest,2,.tsv,channels,3911
sub-1060/eeg/sub-1060_task-sed_acq-rest_run-2_eeg.eeg,1060,sed,rest,2,.eeg,eeg,384000256
sub-1060/eeg/sub-1060_task-sed_acq-rest_run-2_eeg.json,1060,sed,rest,2,.json,eeg,473
sub-1060/eeg/sub-1060_task-sed_acq-rest_run-2_eeg.vhdr,1060,sed,rest,2,.vhdr,eeg,1813
sub-1060/eeg/sub-1060_task-sed_acq-rest_run-2_eeg.vmrk,1060,sed,rest,2,.vmrk,eeg,547
sub-1060/eeg/sub-1060_task-sed_acq-rest_run-2_events.json,1060,sed,rest,2,.json,events,767
sub-1060/eeg/sub-1060_task-sed_acq-rest_run-2_events.tsv,1060,sed,rest,2,.tsv,events,70
sub-1060/eeg/sub-1060_task-sed_acq-rest_run-3_channels.tsv,1060,sed,rest,3,.tsv,channels,3911
sub-1060/eeg/sub-1060_task-sed_acq-rest_run-3_eeg.eeg,1060,sed,rest,3,.eeg,eeg,384000256
sub-1060/eeg/sub-1060_task-sed_acq-rest_run-3_eeg.json,1060,sed,rest,3,.json,eeg,473
sub-1060/eeg/sub-1060_task-sed_acq-rest_run-3_eeg.vhdr,1060,sed,rest,3,.vhdr,eeg,1813
sub-1060/eeg/sub-1060_task-sed_acq-rest_run-3_eeg.vmrk,1060,sed,rest,3,.vmrk,eeg,547
sub-1060/eeg/sub-1060_task-sed_acq-rest_run-3_events.json,1060,sed,rest,3,.json,events,767
sub-1060/eeg/sub-1060_task-sed_acq-rest_run-3_events.tsv,1060,sed,rest,3,.tsv,events,70
sub-1060/eeg/sub-1060_task-sed_acq-tms_run-1_channels.tsv,1060,sed,tms,1,.tsv,channels,3911
sub-1060/eeg/sub-1060_task-sed_acq-tms_run-1_eeg.eeg,1060,sed,tms,1,.eeg,eeg,765433344
sub-1060/eeg/sub-1060_task-sed_acq-tms_run-1_eeg.json,1060,sed,tms,1,.json,eeg,476
sub-1060/eeg/sub-1060_task-sed_acq-tms_run-1_eeg.vhdr,1060,sed,tms,1,.vhdr,eeg,1811
sub-1060/eeg/sub-1060_task-sed_acq-tms_run-1_eeg.vmrk,1060,sed,tms,1,.vmrk,eeg,9352
sub-1060/eeg/sub-1060_task-sed_acq-tms_run-1_events.json,1060,sed,tms,1,.json,events,767
sub-1060/eeg/sub-1060_task-sed_acq-tms_run-1_events.tsv,1060,sed,tms,1,.tsv,events,10587
sub-1060/eeg/sub-1060_task-sed_acq-tms_run-2_channels.tsv,1060,sed,tms,2,.tsv,channels,3911
sub-1060/eeg/sub-1060_task-sed_acq-tms_run-2_eeg.eeg,1060,sed,tms,2,.eeg,eeg,769237504
sub-1060/eeg/sub-1060_task-sed_acq-tms_run-2_eeg.json,1060,sed,tms,2,.json,eeg,476
sub-1060/eeg/sub-1060_task-sed_acq-tms_run-2_eeg.vhdr,1060,sed,tms,2,.vhdr,eeg,1811
sub-1060/eeg/sub-1060_task-sed_acq-tms_run-2_eeg.vmrk,1060,sed,tms,2,.vmrk,eeg,7770
sub-1060/eeg/sub-1060_task-sed_acq-tms_run-2_events.json,1060,sed,tms,2,.json,events,767
sub-1060/eeg/sub-1060_task-sed_acq-tms_run-2_events.tsv,1060,sed,tms,2,.tsv,events,8796
sub-1060/eeg/sub-1060_task-sed_acq-tms_run-3_channels.tsv,1060,sed,tms,3,.tsv,channels,3911
sub-1060/eeg/sub-1060_task-sed_acq-tms_run-3_eeg.eeg,1060,sed,tms,3,.eeg,eeg,776613888
sub-1060/eeg/sub-1060_task-sed_acq-tms_run-3_eeg.json,1060,sed,tms,3,.json,eeg,476
sub-1060/eeg/sub-1060_task-sed_acq-tms_run-3_eeg.vhdr,1060,sed,tms,3,.vhdr,eeg,1811
sub-1060/eeg/sub-1060_task-sed_acq-tms_run-3_eeg.vmrk,1060,sed,tms,3,.vmrk,eeg,9042
sub-1060/eeg/sub-1060_task-sed_acq-tms_run-3_events.json,1060,sed,tms,3,.json,events,767
sub-1060/eeg/sub-1060_task-sed_acq-tms_run-3_events.tsv,1060,sed,tms,3,.tsv,events,10248
sub-1057/sub-1057_scans.tsv,1057,,,0,.tsv,,892
sub-1057/eeg/sub-1057_task-awake_acq-EC_channels.tsv,1057,awake,EC,0,.tsv,channels,3971
sub-1057/eeg/sub-1057_task-awake_acq-EC_eeg.eeg,1057,awake,EC,0,.eeg,eeg,390000260
sub-1057/eeg/sub-1057_task-awake_acq-EC_eeg.json,1057,awake,EC,0,.json,eeg,475
sub-1057/eeg/sub-1057_task-awake_acq-EC_eeg.vhdr,1057,awake,EC,0,.vhdr,eeg,1819
sub-1057/eeg/sub-1057_task-awake_acq-EC_eeg.vmrk,1057,awake,EC,0,.vmrk,eeg,541
sub-1057/eeg/sub-1057_task-awake_acq-EC_events.json,1057,awake,EC,0,.json,events,767
sub-1057/eeg/sub-1057_task-awake_acq-EC_events.tsv,1057,awake,EC,0,.tsv,events,70
sub-1057/eeg/sub-1057_task-awake_acq-EO_channels.tsv,1057,awake,EO,0,.tsv,channels,3971
sub-1057/eeg/sub-1057_task-awake_acq-EO_eeg.eeg,1057,awake,EO,0,.eeg,eeg,390000260
sub-1057/eeg/sub-1057_task-awake_acq-EO_eeg.json,1057,awake,EO,0,.json,eeg,475
sub-1057/eeg/sub-1057_task-awake_acq-EO_eeg.vhdr,1057,awake,EO,0,.vhdr,eeg,1819
sub-1057/eeg/sub-1057_task-awake_acq-EO_eeg.vmrk,1057,awake,EO,0,.vmrk,eeg,541
sub-1057/eeg/sub-1057_task-awake_acq-EO_events.json,1057,awake,EO,0,.json,events,767
sub-1057/eeg/sub-1057_task-awake_acq-EO_events.tsv,1057,awake,EO,0,.tsv,events,70
sub-1057/eeg/sub-1057_task-awake_acq-tms_channels.tsv,1057,awake,tms,0,.tsv,channels,3911
sub-1057/eeg/sub-1057_task-awake_acq-tms_eeg.eeg,1057,awake,tms,0,.eeg,eeg,769031680
sub-1057/eeg/sub-1057_task-awake_acq-tms_eeg.json,1057,awake,tms,0,.json,eeg,478
sub-1057/eeg/sub-1057_task-awake_acq-tms_eeg.vhdr,1057,awake,tms,0,.vhdr,eeg,1803
sub-1057/eeg/sub-1057_task-awake_acq-tms_eeg.vmrk,1057,awake,tms,0,.vmrk,eeg,9868
sub-1057/eeg/sub-1057_task-awake_acq-tms_events.json,1057,awake,tms,0,.json,events,767
sub-1057/eeg/sub-1057_task-awake_acq-tms_events.tsv,1057,awake,tms,0,.tsv,events,11206
sub-1057/eeg/sub-1057_task-sed2_acq-rest_run-1_channels.tsv,1057,sed2,rest,1,.tsv,channels,3971
sub-1057/eeg/sub-1057_task-sed2_acq-rest_run-1_eeg.eeg,1057,sed2,rest,1,.eeg,eeg,78000260
sub-1057/eeg/sub-1057_task-sed2_acq-rest_run-1_eeg.json,1057,sed2,rest,1,.json,eeg,473
sub-1057/eeg/sub-1057_task-sed2_acq-rest_run-1_eeg.vhdr,1057,sed2,rest,1,.vhdr,eeg,1833
sub-1057/eeg/sub-1057_task-sed2_acq-rest_run-1_eeg.vmrk,1057,sed2,rest,1,.vmrk,eeg,548
sub-1057/eeg/sub-1057_task-sed2_acq-rest_run-1_events.json,1057,sed2,rest,1,.json,events,767
sub-1057/eeg/sub-1057_task-sed2_acq-rest_run-1_events.tsv,1057,sed2,rest,1,.tsv,events,70
sub-1057/eeg/sub-1057_task-sed2_acq-rest_run-2_channels.tsv,1057,sed2,rest,2,.tsv,channels,3971
sub-1057/eeg/sub-1057_task-sed2_acq-rest_run-2_eeg.eeg,1057,sed2,rest,2,.eeg,eeg,78000260
sub-1057/eeg/sub-1057_task-sed2_acq-rest_run-2_eeg.json,1057,sed2,rest,2,.json,eeg,473
sub-1057/eeg/sub-1057_task-sed2_acq-rest_run-2_eeg.vhdr,1057,sed2,rest,2,.vhdr,eeg,1833
sub-1057/eeg/sub-1057_task-sed2_acq-rest_run-2_eeg.vmrk,1057,sed2,rest,2,.vmrk,eeg,548
sub-1057/eeg/sub-1057_task-sed2_acq-rest_run-2_events.json,1057,sed2,rest,2,.json,events,767
sub-1057/eeg/sub-1057_task-sed2_acq-rest_run-2_events.tsv,1057,sed2,rest,2,.tsv,events,70
sub-1057/eeg/sub-1057_task-sed2_acq-rest_run-3_channels.tsv,1057,sed2,rest,3,.tsv,channels,3971
sub-1057/eeg/sub-1057_task-sed2_acq-rest_run-3_eeg.eeg,1057,sed2,rest,3,.eeg,eeg,78000260
sub-1057/eeg/sub-1057_task-sed2_acq-rest_run-3_eeg.json,1057,sed2,rest,3,.json,eeg,473
sub-1057/eeg/sub-1057_task-sed2_acq-rest_run-3_eeg.vhdr,1057,sed2,rest,3,.vhdr,eeg,1833
sub-1057/eeg/sub-1057_task-sed2_acq-rest_run-3_eeg.vmrk,1057,sed2,rest,3,.vmrk,eeg,548
sub-1057/eeg/sub-1057_task-sed2_acq-rest_run-3_events.json,1057,sed2,rest,3,.json,events,767
sub-1057/eeg/sub-1057_task-sed2_acq-rest_run-3_events.tsv,1057,sed2,rest,3,.tsv,events,70
sub-1057/eeg/sub-1057_task-sed_acq-rest_run-1_channels.tsv,1057,sed,rest,1,.tsv,channels,3971
sub-1057/eeg/sub-1057_task-sed_acq-rest_run-1_eeg.eeg,1057,sed,rest,1,.eeg,eeg,390000260
sub-1057/eeg/sub-1057_task-sed_acq-rest_run-1_eeg.json,1057,sed,rest,1,.json,eeg,473
sub-1057/eeg/sub-1057_task-sed_acq-rest_run-1_eeg.vhdr,1057,sed,rest,1,.vhdr,eeg,1831
sub-1057/eeg/sub-1057_task-sed_acq-rest_run-1_eeg.vmrk,1057,sed,rest,1,.vmrk,eeg,547
sub-1057/eeg/sub-1057_task-sed_acq-rest_run-1_events.json,1057,sed,rest,1,.json,events,767
sub-1057/eeg/sub-1057_task-sed_acq-rest_run-1_events.tsv,1057,sed,rest,1,.tsv,events,70
sub-1057/eeg/sub-1057_task-sed_acq-rest_run-2_channels.tsv,1057,sed,rest,2,.tsv,channels,3971
sub-1057/eeg/sub-1057_task-sed_acq-rest_run-2_eeg.eeg,1057,sed,rest,2,.eeg,eeg,390000260
sub-1057/eeg/sub-1057_task-sed_acq-rest_run-2_eeg.json,1057,sed,rest,2,.json,eeg,473
sub-1057/eeg/sub-1057_task-sed_acq-rest_run-2_eeg.vhdr,1057,sed,rest,2,.vhdr,eeg,1831
sub-1057/eeg/sub-1057_task-sed_acq-rest_run-2_eeg.vmrk,1057,sed,rest,2,.vmrk,eeg,547
sub-1057/eeg/sub-1057_task-sed_acq-rest_run-2_events.json,1057,sed,rest,2,.json,events,767
sub-1057/eeg/sub-1057_task-sed_acq-rest_run-2_events.tsv,1057,sed,rest,2,.tsv,events,70
sub-1057/eeg/sub-1057_task-sed_acq-rest_run-3_channels.tsv,1057,sed,rest,3,.tsv,channels,3971
sub-1057/eeg/sub-1057_task-sed_acq-rest_run-3_eeg.eeg,1057,sed,rest,3,.eeg,eeg,390000260
sub-1057/eeg/sub-1057_task-sed_acq-rest_run-3_eeg.json,1057,sed,rest,3,.json,eeg,473
sub-1057/eeg/sub-1057_task-sed_acq-rest_run-3_eeg.vhdr,1057,sed,rest,3,.vhdr,eeg,1831
sub-1057/eeg/sub-1057_task-sed_acq-rest_run-3_eeg.vmrk,1057,sed,rest,3,.vmrk,eeg,547
sub-1057/eeg/sub-1057_task-sed_acq-rest_run-3_events.json,1057,sed,rest,3,.json,events,767
sub-1057/eeg/sub-1057_task-sed_acq-rest_run-3_events.tsv,1057,sed,rest,3,.tsv,events,70
sub-1057/eeg/sub-1057_task-sed_acq-tms_run-1_channels.tsv,1057,sed,tms,1,.tsv,channels,3911
sub-1057/eeg/sub-1057_task-sed_acq-tms_run-1_eeg.eeg,1057,sed,tms,1,.eeg,eeg,776611072
sub-1057/eeg/sub-1057_task-sed_acq-tms_run-1_eeg.json,1057,sed,tms,1,.json,eeg,476
sub-1057/eeg/sub-1057_task-sed_acq-tms_run-1_eeg.vhdr,1057,sed,tms,1,.vhdr,eeg,1811
sub-1057/eeg/sub-1057_task-sed_acq-tms_run-1_eeg.vmrk,1057,sed,tms,1,.vmrk,eeg,9814
sub-1057/eeg/sub-1057_task-sed_acq-tms_run-1_events.json,1057,sed,tms,1,.json,events,767
sub-1057/eeg/sub-1057_task-sed_acq-tms_run-1_events.tsv,1057,sed,tms,1,.tsv,events,11154
sub-1057/eeg/sub-1057_task-sed_acq-tms_run-2_channels.tsv,1057,sed,tms,2,.tsv,channels,3911
sub-1057/eeg/sub-1057_task-sed_acq-tms_run-2_eeg.eeg,1057,sed,tms,2,.eeg,eeg,778896128
sub-1057/eeg/sub-1057_task-sed_acq-tms_run-2_eeg.json,1057,sed,tms,2,.json,eeg,476
sub-1057/eeg/sub-1057_task-sed_acq-tms_run-2_eeg.vhdr,1057,sed,tms,2,.vhdr,eeg,1811
sub-1057/eeg/sub-1057_task-sed_acq-tms_run-2_eeg.vmrk,1057,sed,tms,2,.vmrk,eeg,9874
sub-1057/eeg/sub-1057_task-sed_acq-tms_run-2_events.json,1057,sed,tms,2,.json,events,767
sub-1057/eeg/sub-1057_task-sed_acq-tms_run-2_events.tsv,1057,sed,tms,2,.tsv,events,11245
sub-1057/eeg/sub-1057_task-sed_acq-tms_run-3_channels.tsv,1057,sed,tms,3,.tsv,channels,3911
sub-1057/eeg/sub-1057_task-sed_acq-tms_run-3_eeg.eeg,1057,sed,tms,3,.eeg,eeg,774255104
sub-1057/eeg/sub-1057_task-sed_acq-tms_run-3_eeg.json,1057,sed,tms,3,.json,eeg,476
sub-1057/eeg/sub-1057_task-sed_acq-tms_run-3_eeg.vhdr,1057,sed,tms,3,.vhdr,eeg,1811
sub-1057/eeg/sub-1057_task-sed_acq-tms_run-3_eeg.vmrk,1057,sed,tms,3,.vmrk,eeg,9476
sub-1057/eeg/sub-1057_task-sed_acq-tms_run-3_events.json,1057,sed,tms,3,.json,events,767
sub-1057/eeg/sub-1057_task-sed_acq-tms_run-3_events.tsv,1057,sed,tms,3,.tsv,events,10717
sub-1055/sub-1055_scans.tsv,1055,,,0,.tsv,,670
sub-1055/eeg/sub-1055_task-awake_acq-EC_channels.tsv,1055,awake,EC,0,.tsv,channels,3971
sub-1055/eeg/sub-1055_task-awake_acq-EC_eeg.eeg,1055,awake,EC,0,.eeg,eeg,390000260
sub-1055/eeg/sub-1055_task-awake_acq-EC_eeg.json,1055,awake,EC,0,.json,eeg,475
sub-1055/eeg/sub-1055_task-awake_acq-EC_eeg.vhdr,1055,awake,EC,0,.vhdr,eeg,1819
sub-1055/eeg/sub-1055_task-awake_acq-EC_eeg.vmrk,1055,awake,EC,0,.vmrk,eeg,541
sub-1055/eeg/sub-1055_task-awake_acq-EC_events.json,1055,awake,EC,0,.json,events,767
sub-1055/eeg/sub-1055_task-awake_acq-EC_events.tsv,1055,awake,EC,0,.tsv,events,70
sub-1055/eeg/sub-1055_task-awake_acq-EO_channels.tsv,1055,awake,EO,0,.tsv,channels,3971
sub-1055/eeg/sub-1055_task-awake_acq-EO_eeg.eeg,1055,awake,EO,0,.eeg,eeg,390000260
sub-1055/eeg/sub-1055_task-awake_acq-EO_eeg.json,1055,awake,EO,0,.json,eeg,475
sub-1055/eeg/sub-1055_task-awake_acq-EO_eeg.vhdr,1055,awake,EO,0,.vhdr,eeg,1819
sub-1055/eeg/sub-1055_task-awake_acq-EO_eeg.vmrk,1055,awake,EO,0,.vmrk,eeg,541
sub-1055/eeg/sub-1055_task-awake_acq-EO_events.json,1055,awake,EO,0,.json,events,767
sub-1055/eeg/sub-1055_task-awake_acq-EO_events.tsv,1055,awake,EO,0,.tsv,events,70
sub-1055/eeg/sub-1055_task-awake_acq-tms_channels.tsv,1055,awake,tms,0,.tsv,channels,3911
sub-1055/eeg/sub-1055_task-awake_acq-tms_eeg.eeg,1055,awake,tms,0,.eeg,eeg,771569408
sub-1055/eeg/sub-1055_task-awake_acq-tms_eeg.json,1055,awake,tms,0,.json,eeg,478
sub-1055/eeg/sub-1055_task-awake_acq-tms_eeg.vhdr,1055,awake,tms,0,.vhdr,eeg,1803
sub-1055/eeg/sub-1055_task-awake_acq-tms_eeg.vmrk,1055,awake,tms,0,.vmrk,eeg,9719
sub-1055/eeg/sub-1055_task-awake_acq-tms_events.json,1055,awake,tms,0,.json,events,767
sub-1055/eeg/sub-1055_task-awake_acq-tms_events.tsv,1055,awake,tms,0,.tsv,events,11029
sub-1055/eeg/sub-1055_task-sed2_acq-rest_run-1_channels.tsv,1055,sed2,rest,1,.tsv,channels,3971
sub-1055/eeg/sub-1055_task-sed2_acq-rest_run-1_eeg.eeg,1055,sed2,rest,1,.eeg,eeg,78000260
sub-1055/eeg/sub-1055_task-sed2_acq-rest_run-1_eeg.json,1055,sed2,rest,1,.json,eeg,473
sub-1055/eeg/sub-1055_task-sed2_acq-rest_run-1_eeg.vhdr,1055,sed2,rest,1,.vhdr,eeg,1833
sub-1055/eeg/sub-1055_task-sed2_acq-rest_run-1_eeg.vmrk,1055,sed2,rest,1,.vmrk,eeg,548
sub-1055/eeg/sub-1055_task-sed2_acq-rest_run-1_events.json,1055,sed2,rest,1,.json,events,767
sub-1055/eeg/sub-1055_task-sed2_acq-rest_run-1_events.tsv,1055,sed2,rest,1,.tsv,events,70
sub-1055/eeg/sub-1055_task-sed2_acq-rest_run-2_channels.tsv,1055,sed2,rest,2,.tsv,channels,3971
sub-1055/eeg/sub-1055_task-sed2_acq-rest_run-2_eeg.eeg,1055,sed2,rest,2,.eeg,eeg,78000260
sub-1055/eeg/sub-1055_task-sed2_acq-rest_run-2_eeg.json,1055,sed2,rest,2,.json,eeg,473
sub-1055/eeg/sub-1055_task-sed2_acq-rest_run-2_eeg.vhdr,1055,sed2,rest,2,.vhdr,eeg,1833
sub-1055/eeg/sub-1055_task-sed2_acq-rest_run-2_eeg.vmrk,1055,sed2,rest,2,.vmrk,eeg,548
sub-1055/eeg/sub-1055_task-sed2_acq-rest_run-2_events.json,1055,sed2,rest,2,.json,events,767
sub-1055/eeg/sub-1055_task-sed2_acq-rest_run-2_events.tsv,1055,sed2,rest,2,.tsv,events,70
sub-1055/eeg/sub-1055_task-sed_acq-rest_run-1_channels.tsv,1055,sed,rest,1,.tsv,channels,3971
sub-1055/eeg/sub-1055_task-sed_acq-rest_run-1_eeg.eeg,1055,sed,rest,1,.eeg,eeg,390000260
sub-1055/eeg/sub-1055_task-sed_acq-rest_run-1_eeg.json,1055,sed,rest,1,.json,eeg,473
sub-1055/eeg/sub-1055_task-sed_acq-rest_run-1_eeg.vhdr,1055,sed,rest,1,.vhdr,eeg,1831
sub-1055/eeg/sub-1055_task-sed_acq-rest_run-1_eeg.vmrk,1055,sed,rest,1,.vmrk,eeg,547
sub-1055/eeg/sub-1055_task-sed_acq-rest_run-1_events.json,1055,sed,rest,1,.json,events,767
sub-1055/eeg/sub-1055_task-sed_acq-rest_run-1_events.tsv,1055,sed,rest,1,.tsv,events,70
sub-1055/eeg/sub-1055_task-sed_acq-rest_run-2_channels.tsv,1055,sed,rest,2,.tsv,channels,3971
sub-1055/eeg/sub-1055_task-sed_acq-rest_run-2_eeg.eeg,1055,sed,rest,2,.eeg,eeg,390000260
sub-1055/eeg/sub-1055_task-sed_acq-rest_run-2_eeg.json,1055,sed,rest,2,.json,eeg,473
sub-1055/eeg/sub-1055_task-sed_acq-rest_run-2_eeg.vhdr,1055,sed,rest,2,.vhdr,eeg,1831
sub-1055/eeg/sub-1055_task-sed_acq-rest_run-2_eeg.vmrk,1055,sed,rest,2,.vmrk,eeg,547
sub-1055/eeg/sub-1055_task-sed_acq-rest_run-2_events.json,1055,sed,rest,2,.json,events,767
sub-1055/eeg/sub-1055_task-sed_acq-rest_run-2_events.tsv,1055,sed,rest,2,.tsv,events,70
sub-1055/eeg/sub-1055_task-sed_acq-tms_run-1_channels.tsv,1055,sed,tms,1,.tsv,channels,3911
sub-1055/eeg/sub-1055_task-sed_acq-tms_run-1_eeg.eeg,1055,sed,tms,1,.eeg,eeg,792510720
sub-1055/eeg/sub-1055_task-sed_acq-tms_run-1_eeg.json,1055,sed,tms,1,.json,eeg,476
sub-1055/eeg/sub-1055_task-sed_acq-tms_run-1_eeg.vhdr,1055,sed,tms,1,.vhdr,eeg,1811
sub-1055/eeg/sub-1055_task-sed_acq-tms_run-1_eeg.vmrk,1055,sed,tms,1,.vmrk,eeg,10042
sub-1055/eeg/sub-1055_task-sed_acq-tms_run-1_events.json,1055,sed,tms,1,.json,events,767
sub-1055/eeg/sub-1055_task-sed_acq-tms_run-1_events.tsv,1055,sed,tms,1,.tsv,events,11435
sub-1055/eeg/sub-1055_task-sed_acq-tms_run-2_channels.tsv,1055,sed,tms,2,.tsv,channels,3911
sub-1055/eeg/sub-1055_task-sed_acq-tms_run-2_eeg.eeg,1055,sed,tms,2,.eeg,eeg,776611584
sub-1055/eeg/sub-1055_task-sed_acq-tms_run-2_eeg.json,1055,sed,tms,2,.json,eeg,476
sub-1055/eeg/sub-1055_task-sed_acq-tms_run-2_eeg.vhdr,1055,sed,tms,2,.vhdr,eeg,1811
sub-1055/eeg/sub-1055_task-sed_acq-tms_run-2_eeg.vmrk,1055,sed,tms,2,.vmrk,eeg,9784
sub-1055/eeg/sub-1055_task-sed_acq-tms_run-2_events.json,1055,sed,tms,2,.json,events,767
sub-1055/eeg/sub-1055_task-sed_acq-tms_run-2_events.tsv,1055,sed,tms,2,.tsv,events,11101
sub-1054/sub-1054_scans.tsv,1054,,,0,.tsv,,670
sub-1054/eeg/sub-1054_task-awake_acq-EC_channels.tsv,1054,awake,EC,0,.tsv,channels,3971
sub-1054/eeg/sub-1054_task-awake_acq-EC_eeg.eeg,1054,awake,EC,0,.eeg,eeg,390000260
sub-1054/eeg/sub-1054_task-awake_acq-EC_eeg.json,1054,awake,EC,0,.json,eeg,475
sub-1054/eeg/sub-1054_task-awake_acq-EC_eeg.vhdr,1054,awake,EC,0,.vhdr,eeg,1819
sub-1054/eeg/sub-1054_task-awake_acq-EC_eeg.vmrk,1054,awake,EC,0,.vmrk,eeg,541
sub-1054/eeg/sub-1054_task-awake_acq-EC_events.json,1054,awake,EC,0,.json,events,767
sub-1054/eeg/sub-1054_task-awake_acq-EC_events.tsv,1054,awake,EC,0,.tsv,events,70
sub-1054/eeg/sub-1054_task-awake_acq-EO_channels.tsv,1054,awake,EO,0,.tsv,channels,3971
sub-1054/eeg/sub-1054_task-awake_acq-EO_eeg.eeg,1054,awake,EO,0,.eeg,eeg,390000260
sub-1054/eeg/sub-1054_task-awake_acq-EO_eeg.json,1054,awake,EO,0,.json,eeg,475
sub-1054/eeg/sub-1054_task-awake_acq-EO_eeg.vhdr,1054,awake,EO,0,.vhdr,eeg,1819
sub-1054/eeg/sub-1054_task-awake_acq-EO_eeg.vmrk,1054,awake,EO,0,.vmrk,eeg,541
sub-1054/eeg/sub-1054_task-awake_acq-EO_events.json,1054,awake,EO,0,.json,events,767
sub-1054/eeg/sub-1054_task-awake_acq-EO_events.tsv,1054,awake,EO,0,.tsv,events,70
sub-1054/eeg/sub-1054_task-awake_acq-tms_channels.tsv,1054,awake,tms,0,.tsv,channels,3911
sub-1054/eeg/sub-1054_task-awake_acq-tms_eeg.eeg,1054,awake,tms,0,.eeg,eeg,771569664
sub-1054/eeg/sub-1054_task-awake_acq-tms_eeg.json,1054,awake,tms,0,.json,eeg,478
sub-1054/eeg/sub-1054_task-awake_acq-tms_eeg.vhdr,1054,awake,tms,0,.vhdr,eeg,1803
sub-1054/eeg/sub-1054_task-awake_acq-tms_eeg.vmrk,1054,awake,tms,0,.vmrk,eeg,9898
sub-1054/eeg/sub-1054_task-awake_acq-tms_events.json,1054,awake,tms,0,.json,events,767
sub-1054/eeg/sub-1054_task-awake_acq-tms_events.tsv,1054,awake,tms,0,.tsv,events,11296
sub-1054/eeg/sub-1054_task-sed2_acq-rest_run-1_channels.tsv,1054,sed2,rest,1,.tsv,channels,3911
sub-1054/eeg/sub-1054_task-sed2_acq-rest_run-1_eeg.eeg,1054,sed2,rest,1,.eeg,eeg,76800256
sub-1054/eeg/sub-1054_task-sed2_acq-rest_run-1_eeg.json,1054,sed2,rest,1,.json,eeg,473
sub-1054/eeg/sub-1054_task-sed2_acq-rest_run-1_eeg.vhdr,1054,sed2,rest,1,.vhdr,eeg,1815
sub-1054/eeg/sub-1054_task-sed2_acq-rest_run-1_eeg.vmrk,1054,sed2,rest,1,.vmrk,eeg,548
sub-1054/eeg/sub-1054_task-sed2_acq-rest_run-1_events.json,1054,sed2,rest,1,.json,events,767
sub-1054/eeg/sub-1054_task-sed2_acq-rest_run-1_events.tsv,1054,sed2,rest,1,.tsv,events,70
sub-1054/eeg/sub-1054_task-sed2_acq-rest_run-2_channels.tsv,1054,sed2,rest,2,.tsv,channels,3911
sub-1054/eeg/sub-1054_task-sed2_acq-rest_run-2_eeg.eeg,1054,sed2,rest,2,.eeg,eeg,76800256
sub-1054/eeg/sub-1054_task-sed2_acq-rest_run-2_eeg.json,1054,sed2,rest,2,.json,eeg,473
sub-1054/eeg/sub-1054_task-sed2_acq-rest_run-2_eeg.vhdr,1054,sed2,rest,2,.vhdr,eeg,1815
sub-1054/eeg/sub-1054_task-sed2_acq-rest_run-2_eeg.vmrk,1054,sed2,rest,2,.vmrk,eeg,548
sub-1054/eeg/sub-1054_task-sed2_acq-rest_run-2_events.json,1054,sed2,rest,2,.json,events,767
sub-1054/eeg/sub-1054_task-sed2_acq-rest_run-2_events.tsv,1054,sed2,rest,2,.tsv,events,70
sub-1054/eeg/sub-1054_task-sed_acq-rest_run-1_channels.tsv,1054,sed,rest,1,.tsv,channels,3971
sub-1054/eeg/sub-1054_task-sed_acq-rest_run-1_eeg.eeg,1054,sed,rest,1,.eeg,eeg,390000260
sub-1054/eeg/sub-1054_task-sed_acq-rest_run-1_eeg.json,1054,sed,rest,1,.json,eeg,473
sub-1054/eeg/sub-1054_task-sed_acq-rest_run-1_eeg.vhdr,1054,sed,rest,1,.vhdr,eeg,1831
sub-1054/eeg/sub-1054_task-sed_acq-rest_run-1_eeg.vmrk,1054,sed,rest,1,.vmrk,eeg,547
sub-1054/eeg/sub-1054_task-sed_acq-rest_run-1_events.json,1054,sed,rest,1,.json,events,767
sub-1054/eeg/sub-1054_task-sed_acq-rest_run-1_events.tsv,1054,sed,rest,1,.tsv,events,70
sub-1054/eeg/sub-1054_task-sed_acq-rest_run-2_channels.tsv,1054,sed,rest,2,.tsv,channels,3971
sub-1054/eeg/sub-1054_task-sed_acq-rest_run-2_eeg.eeg,1054,sed,rest,2,.eeg,eeg,390000260
sub-1054/eeg/sub-1054_task-sed_acq-rest_run-2_eeg.json,1054,sed,rest,2,.json,eeg,473
sub-1054/eeg/sub-1054_task-sed_acq-rest_run-2_eeg.vhdr,1054,sed,rest,2,.vhdr,eeg,1831
sub-1054/eeg/sub-1054_task-sed_acq-rest_run-2_eeg.vmrk,1054,sed,rest,2,.vmrk,eeg,547
sub-1054/eeg/sub-1054_task-sed_acq-rest_run-2_events.json,1054,sed,rest,2,.json,events,767
sub-1054/eeg/sub-1054_task-sed_acq-rest_run-2_events.tsv,1054,sed,rest,2,.tsv,events,70
sub-1054/eeg/sub-1054_task-sed_acq-tms_run-1_channels.tsv,1054,sed,tms,1,.tsv,channels,3911
sub-1054/eeg/sub-1054_task-sed_acq-tms_run-1_eeg.eeg,1054,sed,tms,1,.eeg,eeg,765433600
sub-1054/eeg/sub-1054_task-sed_acq-tms_run-1_eeg.json,1054,sed,tms,1,.json,eeg,476
sub-1054/eeg/sub-1054_task-sed_acq-tms_run-1_eeg.vhdr,1054,sed,tms,1,.vhdr,eeg,1811
sub-1054/eeg/sub-1054_task-sed_acq-tms_run-1_eeg.vmrk,1054,sed,tms,1,.vmrk,eeg,9874
sub-1054/eeg/sub-1054_task-sed_acq-tms_run-1_events.json,1054,sed,tms,1,.json,events,767
sub-1054/eeg/sub-1054_task-sed_acq-tms_run-1_events.tsv,1054,sed,tms,1,.tsv,events,11226
sub-1054/eeg/sub-1054_task-sed_acq-tms_run-2_channels.tsv,1054,sed,tms,2,.tsv,channels,3911
sub-1054/eeg/sub-1054_task-sed_acq-tms_run-2_eeg.eeg,1054,sed,tms,2,.eeg,eeg,776611584
sub-1054/eeg/sub-1054_task-sed_acq-tms_run-2_eeg.json,1054,sed,tms,2,.json,eeg,476
sub-1054/eeg/sub-1054_task-sed_acq-tms_run-2_eeg.vhdr,1054,sed,tms,2,.vhdr,eeg,1811
sub-1054/eeg/sub-1054_task-sed_acq-tms_run-2_eeg.vmrk,1054,sed,tms,2,.vmrk,eeg,9904
sub-1054/eeg/sub-1054_task-sed_acq-tms_run-2_events.json,1054,sed,tms,2,.json,events,767
sub-1054/eeg/sub-1054_task-sed_acq-tms_run-2_events.tsv,1054,sed,tms,2,.tsv,events,11277
sub-1046/sub-1046_scans.tsv,1046,,,0,.tsv,,670
sub-1046/eeg/sub-1046_task-awake_acq-EC_channels.tsv,1046,awake,EC,0,.tsv,channels,3971
sub-1046/eeg/sub-1046_task-awake_acq-EC_eeg.eeg,1046,awake,EC,0,.eeg,eeg,390000260
sub-1046/eeg/sub-1046_task-awake_acq-EC_eeg.json,1046,awake,EC,0,.json,eeg,475
sub-1046/eeg/sub-1046_task-awake_acq-EC_eeg.vhdr,1046,awake,EC,0,.vhdr,eeg,1819
sub-1046/eeg/sub-1046_task-awake_acq-EC_eeg.vmrk,1046,awake,EC,0,.vmrk,eeg,541
sub-1046/eeg/sub-1046_task-awake_acq-EC_events.json,1046,awake,EC,0,.json,events,767
sub-1046/eeg/sub-1046_task-awake_acq-EC_events.tsv,1046,awake,EC,0,.tsv,events,70
sub-1046/eeg/sub-1046_task-awake_acq-EO_channels.tsv,1046,awake,EO,0,.tsv,channels,3971
sub-1046/eeg/sub-1046_task-awake_acq-EO_eeg.eeg,1046,awake,EO,0,.eeg,eeg,390000260
sub-1046/eeg/sub-1046_task-awake_acq-EO_eeg.json,1046,awake,EO,0,.json,eeg,475
sub-1046/eeg/sub-1046_task-awake_acq-EO_eeg.vhdr,1046,awake,EO,0,.vhdr,eeg,1819
sub-1046/eeg/sub-1046_task-awake_acq-EO_eeg.vmrk,1046,awake,EO,0,.vmrk,eeg,541
sub-1046/eeg/sub-1046_task-awake_acq-EO_events.json,1046,awake,EO,0,.json,events,767
sub-1046/eeg/sub-1046_task-awake_acq-EO_events.tsv,1046,awake,EO,0,.tsv,events,70
sub-1046/eeg/sub-1046_task-awake_acq-tms_channels.tsv,1046,awake,tms,0,.tsv,channels,3911
sub-1046/eeg/sub-1046_task-awake_acq-tms_eeg.eeg,1046,awake,tms,0,.eeg,eeg,773121024
sub-1046/eeg/sub-1046_task-awake_acq-tms_eeg.json,1046,awake,tms,0,.json,eeg,478
sub-1046/eeg/sub-1046_task-awake_acq-tms_eeg.vhdr,1046,awake,tms,0,.vhdr,eeg,1803
sub-1046/eeg/sub-1046_task-awake_acq-tms_eeg.vmrk,1046,awake,tms,0,.vmrk,eeg,8482
sub-1046/eeg/sub-1046_task-awake_acq-tms_events.json,1046,awake,tms,0,.json,events,767
sub-1046/eeg/sub-1046_task-awake_acq-tms_events.tsv,1046,awake,tms,0,.tsv,events,9649
sub-1046/eeg/sub-1046_task-sed2_acq-rest_run-1_channels.tsv,1046,sed2,rest,1,.tsv,channels,3911
sub-1046/eeg/sub-1046_task-sed2_acq-rest_run-1_eeg.eeg,1046,sed2,rest,1,.eeg,eeg,76800256
sub-1046/eeg/sub-1046_task-sed2_acq-rest_run-1_eeg.json,1046,sed2,rest,1,.json,eeg,473
sub-1046/eeg/sub-1046_task-sed2_acq-rest_run-1_eeg.vhdr,1046,sed2,rest,1,.vhdr,eeg,1815
sub-1046/eeg/sub-1046_task-sed2_acq-rest_run-1_eeg.vmrk,1046,sed2,rest,1,.vmrk,eeg,548
sub-1046/eeg/sub-1046_task-sed2_acq-rest_run-1_events.json,1046,sed2,rest,1,.json,events,767
sub-1046/eeg/sub-1046_task-sed2_acq-rest_run-1_events.tsv,1046,sed2,rest,1,.tsv,events,70
sub-1046/eeg/sub-1046_task-sed2_acq-rest_run-2_channels.tsv,1046,sed2,rest,2,.tsv,channels,3911
sub-1046/eeg/sub-1046_task-sed2_acq-rest_run-2_eeg.eeg,1046,sed2,rest,2,.eeg,eeg,76800256
sub-1046/eeg/sub-1046_task-sed2_acq-rest_run-2_eeg.json,1046,sed2,rest,2,.json,eeg,473
sub-1046/eeg/sub-1046_task-sed2_acq-rest_run-2_eeg.vhdr,1046,sed2,rest,2,.vhdr,eeg,1815
sub-1046/eeg/sub-1046_task-sed2_acq-rest_run-2_eeg.vmrk,1046,sed2,rest,2,.vmrk,eeg,548
sub-1046/eeg/sub-1046_task-sed2_acq-rest_run-2_events.json,1046,sed2,rest,2,.json,events,767
sub-1046/eeg/sub-1046_task-sed2_acq-rest_run-2_events.tsv,1046,sed2,rest,2,.tsv,events,70
sub-1046/eeg/sub-1046_task-sed_acq-rest_run-1_channels.tsv,1046,sed,rest,1,.tsv,channels,3971
sub-1046/eeg/sub-1046_task-sed_acq-rest_run-1_eeg.eeg,1046,sed,rest,1,.eeg,eeg,390000260
sub-1046/eeg/sub-1046_task-sed_acq-rest_run-1_eeg.json,1046,sed,rest,1,.json,eeg,473
sub-1046/eeg/sub-1046_task-sed_acq-rest_run-1_eeg.vhdr,1046,sed,rest,1,.vhdr,eeg,1831
sub-1046/eeg/sub-1046_task-sed_acq-rest_run-1_eeg.vmrk,1046,sed,rest,1,.vmrk,eeg,547
sub-1046/eeg/sub-1046_task-sed_acq-rest_run-1_events.json,1046,sed,rest,1,.json,events,767
sub-1046/eeg/sub-1046_task-sed_acq-rest_run-1_events.tsv,1046,sed,rest,1,.tsv,events,70
sub-1046/eeg/sub-1046_task-sed_acq-rest_run-2_channels.tsv,1046,sed,rest,2,.tsv,channels,3971
sub-1046/eeg/sub-1046_task-sed_acq-rest_run-2_eeg.eeg,1046,sed,rest,2,.eeg,eeg,390000260
sub-1046/eeg/sub-1046_task-sed_acq-rest_run-2_eeg.json,1046,sed,rest,2,.json,eeg,473
sub-1046/eeg/sub-1046_task-sed_acq-rest_run-2_eeg.vhdr,1046,sed,rest,2,.vhdr,eeg,1831
sub-1046/eeg/sub-1046_task-sed_acq-rest_run-2_eeg.vmrk,1046,sed,rest,2,.vmrk,eeg,547
sub-1046/eeg/sub-1046_task-sed_acq-rest_run-2_events.json,1046,sed,rest,2,.json,events,767
sub-1046/eeg/sub-1046_task-sed_acq-rest_run-2_events.tsv,1046,sed,rest,2,.tsv,events,70
sub-1046/eeg/sub-1046_task-sed_acq-tms_run-1_channels.tsv,1046,sed,tms,1,.tsv,channels,3911
sub-1046/eeg/sub-1046_task-sed_acq-tms_run-1_eeg.eeg,1046,sed,tms,1,.eeg,eeg,771569664
sub-1046/eeg/sub-1046_task-sed_acq-tms_run-1_eeg.json,1046,sed,tms,1,.json,eeg,476
sub-1046/eeg/sub-1046_task-sed_acq-tms_run-1_eeg.vhdr,1046,sed,tms,1,.vhdr,eeg,1811
sub-1046/eeg/sub-1046_task-sed_acq-tms_run-1_eeg.vmrk,1046,sed,tms,1,.vmrk,eeg,9872
sub-1046/eeg/sub-1046_task-sed_acq-tms_run-1_events.json,1046,sed,tms,1,.json,events,767
sub-1046/eeg/sub-1046_task-sed_acq-tms_run-1_events.tsv,1046,sed,tms,1,.tsv,events,11261
sub-1046/eeg/sub-1046_task-sed_acq-tms_run-2_channels.tsv,1046,sed,tms,2,.tsv,channels,3911
sub-1046/eeg/sub-1046_task-sed_acq-tms_run-2_eeg.eeg,1046,sed,tms,2,.eeg,eeg,765433600
sub-1046/eeg/sub-1046_task-sed_acq-tms_run-2_eeg.json,1046,sed,tms,2,.json,eeg,476
sub-1046/eeg/sub-1046_task-sed_acq-tms_run-2_eeg.vhdr,1046,sed,tms,2,.vhdr,eeg,1811
sub-1046/eeg/sub-1046_task-sed_acq-tms_run-2_eeg.vmrk,1046,sed,tms,2,.vmrk,eeg,9875
sub-1046/eeg/sub-1046_task-sed_acq-tms_run-2_events.json,1046,sed,tms,2,.json,events,767
sub-1046/eeg/sub-1046_task-sed_acq-tms_run-2_events.tsv,1046,sed,tms,2,.tsv,events,11210
sub-1045/sub-1045_scans.tsv,1045,,,0,.tsv,,892
sub-1045/eeg/sub-1045_task-awake_acq-EC_channels.tsv,1045,awake,EC,0,.tsv,channels,3971
sub-1045/eeg/sub-1045_task-awake_acq-EC_eeg.eeg,1045,awake,EC,0,.eeg,eeg,390000260
sub-1045/eeg/sub-1045_task-awake_acq-EC_eeg.json,1045,awake,EC,0,.json,eeg,475
sub-1045/eeg/sub-1045_task-awake_acq-EC_eeg.vhdr,1045,awake,EC,0,.vhdr,eeg,1819
sub-1045/eeg/sub-1045_task-awake_acq-EC_eeg.vmrk,1045,awake,EC,0,.vmrk,eeg,541
sub-1045/eeg/sub-1045_task-awake_acq-EC_events.json,1045,awake,EC,0,.json,events,767
sub-1045/eeg/sub-1045_task-awake_acq-EC_events.tsv,1045,awake,EC,0,.tsv,events,70
sub-1045/eeg/sub-1045_task-awake_acq-EO_channels.tsv,1045,awake,EO,0,.tsv,channels,3971
sub-1045/eeg/sub-1045_task-awake_acq-EO_eeg.eeg,1045,awake,EO,0,.eeg,eeg,390000260
sub-1045/eeg/sub-1045_task-awake_acq-EO_eeg.json,1045,awake,EO,0,.json,eeg,475
sub-1045/eeg/sub-1045_task-awake_acq-EO_eeg.vhdr,1045,awake,EO,0,.vhdr,eeg,1819
sub-1045/eeg/sub-1045_task-awake_acq-EO_eeg.vmrk,1045,awake,EO,0,.vmrk,eeg,541
sub-1045/eeg/sub-1045_task-awake_acq-EO_events.json,1045,awake,EO,0,.json,events,767
sub-1045/eeg/sub-1045_task-awake_acq-EO_events.tsv,1045,awake,EO,0,.tsv,events,70
sub-1045/eeg/sub-1045_task-awake_acq-tms_channels.tsv,1045,awake,tms,0,.tsv,channels,3911
sub-1045/eeg/sub-1045_task-awake_acq-tms_eeg.eeg,1045,awake,tms,0,.eeg,eeg,770100480
sub-1045/eeg/sub-1045_task-awake_acq-tms_eeg.json,1045,awake,tms,0,.json,eeg,478
sub-1045/eeg/sub-1045_task-awake_acq-tms_eeg.vhdr,1045,awake,tms,0,.vhdr,eeg,1803
sub-1045/eeg/sub-1045_task-awake_acq-tms_eeg.vmrk,1045,awake,tms,0,.vmrk,eeg,9225
sub-1045/eeg/sub-1045_task-awake_acq-tms_events.json,1045,awake,tms,0,.json,events,767
sub-1045/eeg/sub-1045_task-awake_acq-tms_events.tsv,1045,awake,tms,0,.tsv,events,10518
sub-1045/eeg/sub-1045_task-sed2_acq-rest_run-1_channels.tsv,1045,sed2,rest,1,.tsv,channels,3911
sub-1045/eeg/sub-1045_task-sed2_acq-rest_run-1_eeg.eeg,1045,sed2,rest,1,.eeg,eeg,76800256
sub-1045/eeg/sub-1045_task-sed2_acq-rest_run-1_eeg.json,1045,sed2,rest,1,.json,eeg,473
sub-1045/eeg/sub-1045_task-sed2_acq-rest_run-1_eeg.vhdr,1045,sed2,rest,1,.vhdr,eeg,1815
sub-1045/eeg/sub-1045_task-sed2_acq-rest_run-1_eeg.vmrk,1045,sed2,rest,1,.vmrk,eeg,548
sub-1045/eeg/sub-1045_task-sed2_acq-rest_run-1_events.json,1045,sed2,rest,1,.json,events,767
sub-1045/eeg/sub-1045_task-sed2_acq-rest_run-1_events.tsv,1045,sed2,rest,1,.tsv,events,70
sub-1045/eeg/sub-1045_task-sed2_acq-rest_run-2_channels.tsv,1045,sed2,rest,2,.tsv,channels,3911
sub-1045/eeg/sub-1045_task-sed2_acq-rest_run-2_eeg.eeg,1045,sed2,rest,2,.eeg,eeg,76800256
sub-1045/eeg/sub-1045_task-sed2_acq-rest_run-2_eeg.json,1045,sed2,rest,2,.json,eeg,473
sub-1045/eeg/sub-1045_task-sed2_acq-rest_run-2_eeg.vhdr,1045,sed2,rest,2,.vhdr,eeg,1815
sub-1045/eeg/sub-1045_task-sed2_acq-rest_run-2_eeg.vmrk,1045,sed2,rest,2,.vmrk,eeg,548
sub-1045/eeg/sub-1045_task-sed2_acq-rest_run-2_events.json,1045,sed2,rest,2,.json,events,767
sub-1045/eeg/sub-1045_task-sed2_acq-rest_run-2_events.tsv,1045,sed2,rest,2,.tsv,events,70
sub-1045/eeg/sub-1045_task-sed2_acq-rest_run-3_channels.tsv,1045,sed2,rest,3,.tsv,channels,3911
sub-1045/eeg/sub-1045_task-sed2_acq-rest_run-3_eeg.eeg,1045,sed2,rest,3,.eeg,eeg,76800256
sub-1045/eeg/sub-1045_task-sed2_acq-rest_run-3_eeg.json,1045,sed2,rest,3,.json,eeg,473
sub-1045/eeg/sub-1045_task-sed2_acq-rest_run-3_eeg.vhdr,1045,sed2,rest,3,.vhdr,eeg,1815
sub-1045/eeg/sub-1045_task-sed2_acq-rest_run-3_eeg.vmrk,1045,sed2,rest,3,.vmrk,eeg,548
sub-1045/eeg/sub-1045_task-sed2_acq-rest_run-3_events.json,1045,sed2,rest,3,.json,events,767
sub-1045/eeg/sub-1045_task-sed2_acq-rest_run-3_events.tsv,1045,sed2,rest,3,.tsv,events,70
sub-1045/eeg/sub-1045_task-sed_acq-rest_run-1_channels.tsv,1045,sed,rest,1,.tsv,channels,3971
sub-1045/eeg/sub-1045_task-sed_acq-rest_run-1_eeg.eeg,1045,sed,rest,1,.eeg,eeg,390000260
sub-1045/eeg/sub-1045_task-sed_acq-rest_run-1_eeg.json,1045,sed,rest,1,.json,eeg,473
sub-1045/eeg/sub-1045_task-sed_acq-rest_run-1_eeg.vhdr,1045,sed,rest,1,.vhdr,eeg,1831
sub-1045/eeg/sub-1045_task-sed_acq-rest_run-1_eeg.vmrk,1045,sed,rest,1,.vmrk,eeg,547
sub-1045/eeg/sub-1045_task-sed_acq-rest_run-1_events.json,1045,sed,rest,1,.json,events,767
sub-1045/eeg/sub-1045_task-sed_acq-rest_run-1_events.tsv,1045,sed,rest,1,.tsv,events,70
sub-1045/eeg/sub-1045_task-sed_acq-rest_run-2_channels.tsv,1045,sed,rest,2,.tsv,channels,3971
sub-1045/eeg/sub-1045_task-sed_acq-rest_run-2_eeg.eeg,1045,sed,rest,2,.eeg,eeg,390000260
sub-1045/eeg/sub-1045_task-sed_acq-rest_run-2_eeg.json,1045,sed,rest,2,.json,eeg,473
sub-1045/eeg/sub-1045_task-sed_acq-rest_run-2_eeg.vhdr,1045,sed,rest,2,.vhdr,eeg,1831
sub-1045/eeg/sub-1045_task-sed_acq-rest_run-2_eeg.vmrk,1045,sed,rest,2,.vmrk,eeg,547
sub-1045/eeg/sub-1045_task-sed_acq-rest_run-2_events.json,1045,sed,rest,2,.json,events,767
sub-1045/eeg/sub-1045_task-sed_acq-rest_run-2_events.tsv,1045,sed,rest,2,.tsv,events,70
sub-1045/eeg/sub-1045_task-sed_acq-rest_run-3_channels.tsv,1045,sed,rest,3,.tsv,channels,3971
sub-1045/eeg/sub-1045_task-sed_acq-rest_run-3_eeg.eeg,1045,sed,rest,3,.eeg,eeg,390000260
sub-1045/eeg/sub-1045_task-sed_acq-rest_run-3_eeg.json,1045,sed,rest,3,.json,eeg,473
sub-1045/eeg/sub-1045_task-sed_acq-rest_run-3_eeg.vhdr,1045,sed,rest,3,.vhdr,eeg,1831
sub-1045/eeg/sub-1045_task-sed_acq-rest_run-3_eeg.vmrk,1045,sed,rest,3,.vmrk,eeg,547
sub-1045/eeg/sub-1045_task-sed_acq-rest_run-3_events.json,1045,sed,rest,3,.json,events,767
sub-1045/eeg/sub-1045_task-sed_acq-rest_run-3_events.tsv,1045,sed,rest,3,.tsv,events,70
sub-1045/eeg/sub-1045_task-sed_acq-tms_run-1_channels.tsv,1045,sed,tms,1,.tsv,channels,3911
sub-1045/eeg/sub-1045_task-sed_acq-tms_run-1_eeg.eeg,1045,sed,tms,1,.eeg,eeg,774472704
sub-1045/eeg/sub-1045_task-sed_acq-tms_run-1_eeg.json,1045,sed,tms,1,.json,eeg,476
sub-1045/eeg/sub-1045_task-sed_acq-tms_run-1_eeg.vhdr,1045,sed,tms,1,.vhdr,eeg,1811
sub-1045/eeg/sub-1045_task-sed_acq-tms_run-1_eeg.vmrk,1045,sed,tms,1,.vmrk,eeg,9813
sub-1045/eeg/sub-1045_task-sed_acq-tms_run-1_events.json,1045,sed,tms,1,.json,events,767
sub-1045/eeg/sub-1045_task-sed_acq-tms_run-1_events.tsv,1045,sed,tms,1,.tsv,events,11170
sub-1045/eeg/sub-1045_task-sed_acq-tms_run-2_channels.tsv,1045,sed,tms,2,.tsv,channels,3911
sub-1045/eeg/sub-1045_task-sed_acq-tms_run-2_eeg.eeg,1045,sed,tms,2,.eeg,eeg,762774016
sub-1045/eeg/sub-1045_task-sed_acq-tms_run-2_eeg.json,1045,sed,tms,2,.json,eeg,475
sub-1045/eeg/sub-1045_task-sed_acq-tms_run-2_eeg.vhdr,1045,sed,tms,2,.vhdr,eeg,1811
sub-1045/eeg/sub-1045_task-sed_acq-tms_run-2_eeg.vmrk,1045,sed,tms,2,.vmrk,eeg,9784
sub-1045/eeg/sub-1045_task-sed_acq-tms_run-2_events.json,1045,sed,tms,2,.json,events,767
sub-1045/eeg/sub-1045_task-sed_acq-tms_run-2_events.tsv,1045,sed,tms,2,.tsv,events,11130
sub-1045/eeg/sub-1045_task-sed_acq-tms_run-3_channels.tsv,1045,sed,tms,3,.tsv,channels,3911
sub-1045/eeg/sub-1045_task-sed_acq-tms_run-3_eeg.eeg,1045,sed,tms,3,.eeg,eeg,777173504
sub-1045/eeg/sub-1045_task-sed_acq-tms_run-3_eeg.json,1045,sed,tms,3,.json,eeg,476
sub-1045/eeg/sub-1045_task-sed_acq-tms_run-3_eeg.vhdr,1045,sed,tms,3,.vhdr,eeg,1811
sub-1045/eeg/sub-1045_task-sed_acq-tms_run-3_eeg.vmrk,1045,sed,tms,3,.vmrk,eeg,9694
sub-1045/eeg/sub-1045_task-sed_acq-tms_run-3_events.json,1045,sed,tms,3,.json,events,767
sub-1045/eeg/sub-1045_task-sed_acq-tms_run-3_events.tsv,1045,sed,tms,3,.tsv,events,10986
sub-1037/sub-1037_scans.tsv,1037,,,0,.tsv,,157
sub-1037/eeg/sub-1037_task-awake_acq-EC_channels.tsv,1037,awake,EC,0,.tsv,channels,3971
sub-1037/eeg/sub-1037_task-awake_acq-EC_eeg.eeg,1037,awake,EC,0,.eeg,eeg,390000260
sub-1037/eeg/sub-1037_task-awake_acq-EC_eeg.json,1037,awake,EC,0,.json,eeg,475
sub-1037/eeg/sub-1037_task-awake_acq-EC_eeg.vhdr,1037,awake,EC,0,.vhdr,eeg,1819
sub-1037/eeg/sub-1037_task-awake_acq-EC_eeg.vmrk,1037,awake,EC,0,.vmrk,eeg,541
sub-1037/eeg/sub-1037_task-awake_acq-EC_events.json,1037,awake,EC,0,.json,events,767
sub-1037/eeg/sub-1037_task-awake_acq-EC_events.tsv,1037,awake,EC,0,.tsv,events,70
sub-1037/eeg/sub-1037_task-awake_acq-EO_channels.tsv,1037,awake,EO,0,.tsv,channels,3911
sub-1037/eeg/sub-1037_task-awake_acq-EO_eeg.eeg,1037,awake,EO,0,.eeg,eeg,384000256
sub-1037/eeg/sub-1037_task-awake_acq-EO_eeg.json,1037,awake,EO,0,.json,eeg,475
sub-1037/eeg/sub-1037_task-awake_acq-EO_eeg.vhdr,1037,awake,EO,0,.vhdr,eeg,1801
sub-1037/eeg/sub-1037_task-awake_acq-EO_eeg.vmrk,1037,awake,EO,0,.vmrk,eeg,541
sub-1037/eeg/sub-1037_task-awake_acq-EO_events.json,1037,awake,EO,0,.json,events,767
sub-1037/eeg/sub-1037_task-awake_acq-EO_events.tsv,1037,awake,EO,0,.tsv,events,70
sub-1036/sub-1036_scans.tsv,1036,,,0,.tsv,,522
sub-1036/eeg/sub-1036_task-awake_acq-EC_channels.tsv,1036,awake,EC,0,.tsv,channels,3911
sub-1036/eeg/sub-1036_task-awake_acq-EC_eeg.eeg,1036,awake,EC,0,.eeg,eeg,384000256
sub-1036/eeg/sub-1036_task-awake_acq-EC_eeg.json,1036,awake,EC,0,.json,eeg,475
sub-1036/eeg/sub-1036_task-awake_acq-EC_eeg.vhdr,1036,awake,EC,0,.vhdr,eeg,1801
sub-1036/eeg/sub-1036_task-awake_acq-EC_eeg.vmrk,1036,awake,EC,0,.vmrk,eeg,541
sub-1036/eeg/sub-1036_task-awake_acq-EC_events.json,1036,awake,EC,0,.json,events,767
sub-1036/eeg/sub-1036_task-awake_acq-EC_events.tsv,1036,awake,EC,0,.tsv,events,70
sub-1036/eeg/sub-1036_task-awake_acq-EO_channels.tsv,1036,awake,EO,0,.tsv,channels,3911
sub-1036/eeg/sub-1036_task-awake_acq-EO_eeg.eeg,1036,awake,EO,0,.eeg,eeg,384000256
sub-1036/eeg/sub-1036_task-awake_acq-EO_eeg.json,1036,awake,EO,0,.json,eeg,475
sub-1036/eeg/sub-1036_task-awake_acq-EO_eeg.vhdr,1036,awake,EO,0,.vhdr,eeg,1801
sub-1036/eeg/sub-1036_task-awake_acq-EO_eeg.vmrk,1036,awake,EO,0,.vmrk,eeg,541
sub-1036/eeg/sub-1036_task-awake_acq-EO_events.json,1036,awake,EO,0,.json,events,767
sub-1036/eeg/sub-1036_task-awake_acq-EO_events.tsv,1036,awake,EO,0,.tsv,events,70
sub-1036/eeg/sub-1036_task-awake_acq-tms_channels.tsv,1036,awake,tms,0,.tsv,channels,3911
sub-1036/eeg/sub-1036_task-awake_acq-tms_eeg.eeg,1036,awake,tms,0,.eeg,eeg,771577600
sub-1036/eeg/sub-1036_task-awake_acq-tms_eeg.json,1036,awake,tms,0,.json,eeg,478
sub-1036/eeg/sub-1036_task-awake_acq-tms_eeg.vhdr,1036,awake,tms,0,.vhdr,eeg,1803
sub-1036/eeg/sub-1036_task-awake_acq-tms_eeg.vmrk,1036,awake,tms,0,.vmrk,eeg,9379
sub-1036/eeg/sub-1036_task-awake_acq-tms_events.json,1036,awake,tms,0,.json,events,767
sub-1036/eeg/sub-1036_task-awake_acq-tms_events.tsv,1036,awake,tms,0,.tsv,events,10577
sub-1036/eeg/sub-1036_task-sed2_acq-rest_run-1_channels.tsv,1036,sed2,rest,1,.tsv,channels,3911
sub-1036/eeg/sub-1036_task-sed2_acq-rest_run-1_eeg.eeg,1036,sed2,rest,1,.eeg,eeg,76800256
sub-1036/eeg/sub-1036_task-sed2_acq-rest_run-1_eeg.json,1036,sed2,rest,1,.json,eeg,473
sub-1036/eeg/sub-1036_task-sed2_acq-rest_run-1_eeg.vhdr,1036,sed2,rest,1,.vhdr,eeg,1815
sub-1036/eeg/sub-1036_task-sed2_acq-rest_run-1_eeg.vmrk,1036,sed2,rest,1,.vmrk,eeg,548
sub-1036/eeg/sub-1036_task-sed2_acq-rest_run-1_events.json,1036,sed2,rest,1,.json,events,767
sub-1036/eeg/sub-1036_task-sed2_acq-rest_run-1_events.tsv,1036,sed2,rest,1,.tsv,events,70
sub-1036/eeg/sub-1036_task-sed_acq-rest_run-1_channels.tsv,1036,sed,rest,1,.tsv,channels,3911
sub-1036/eeg/sub-1036_task-sed_acq-rest_run-1_eeg.eeg,1036,sed,rest,1,.eeg,eeg,384000256
sub-1036/eeg/sub-1036_task-sed_acq-rest_run-1_eeg.json,1036,sed,rest,1,.json,eeg,473
sub-1036/eeg/sub-1036_task-sed_acq-rest_run-1_eeg.vhdr,1036,sed,rest,1,.vhdr,eeg,1813
sub-1036/eeg/sub-1036_task-sed_acq-rest_run-1_eeg.vmrk,1036,sed,rest,1,.vmrk,eeg,547
sub-1036/eeg/sub-1036_task-sed_acq-rest_run-1_events.json,1036,sed,rest,1,.json,events,767
sub-1036/eeg/sub-1036_task-sed_acq-rest_run-1_events.tsv,1036,sed,rest,1,.tsv,events,70
sub-1036/eeg/sub-1036_task-sed_acq-rest_run-2_channels.tsv,1036,sed,rest,2,.tsv,channels,3911
sub-1036/eeg/sub-1036_task-sed_acq-rest_run-2_eeg.eeg,1036,sed,rest,2,.eeg,eeg,34534400
sub-1036/eeg/sub-1036_task-sed_acq-rest_run-2_eeg.json,1036,sed,rest,2,.json,eeg,475
sub-1036/eeg/sub-1036_task-sed_acq-rest_run-2_eeg.vhdr,1036,sed,rest,2,.vhdr,eeg,1813
sub-1036/eeg/sub-1036_task-sed_acq-rest_run-2_eeg.vmrk,1036,sed,rest,2,.vmrk,eeg,547
sub-1036/eeg/sub-1036_task-sed_acq-rest_run-2_events.json,1036,sed,rest,2,.json,events,767
sub-1036/eeg/sub-1036_task-sed_acq-rest_run-2_events.tsv,1036,sed,rest,2,.tsv,events,70
sub-1036/eeg/sub-1036_task-sed_acq-tms_run-1_channels.tsv,1036,sed,tms,1,.tsv,channels,3911
sub-1036/eeg/sub-1036_task-sed_acq-tms_run-1_eeg.eeg,1036,sed,tms,1,.eeg,eeg,765441536
sub-1036/eeg/sub-1036_task-sed_acq-tms_run-1_eeg.json,1036,sed,tms,1,.json,eeg,475
sub-1036/eeg/sub-1036_task-sed_acq-tms_run-1_eeg.vhdr,1036,sed,tms,1,.vhdr,eeg,1811
sub-1036/eeg/sub-1036_task-sed_acq-tms_run-1_eeg.vmrk,1036,sed,tms,1,.vmrk,eeg,9934
sub-1036/eeg/sub-1036_task-sed_acq-tms_run-1_events.json,1036,sed,tms,1,.json,events,767
sub-1036/eeg/sub-1036_task-sed_acq-tms_run-1_events.tsv,1036,sed,tms,1,.tsv,events,11310
sub-1033/sub-1033_scans.tsv,1033,,,0,.tsv,,604
sub-1033/eeg/sub-1033_task-awake_acq-EC_channels.tsv,1033,awake,EC,0,.tsv,channels,3971
sub-1033/eeg/sub-1033_task-awake_acq-EC_eeg.eeg,1033,awake,EC,0,.eeg,eeg,390000260
sub-1033/eeg/sub-1033_task-awake_acq-EC_eeg.json,1033,awake,EC,0,.json,eeg,475
sub-1033/eeg/sub-1033_task-awake_acq-EC_eeg.vhdr,1033,awake,EC,0,.vhdr,eeg,1819
sub-1033/eeg/sub-1033_task-awake_acq-EC_eeg.vmrk,1033,awake,EC,0,.vmrk,eeg,541
sub-1033/eeg/sub-1033_task-awake_acq-EC_events.json,1033,awake,EC,0,.json,events,767
sub-1033/eeg/sub-1033_task-awake_acq-EC_events.tsv,1033,awake,EC,0,.tsv,events,70
sub-1033/eeg/sub-1033_task-awake_acq-EO_channels.tsv,1033,awake,EO,0,.tsv,channels,3971
sub-1033/eeg/sub-1033_task-awake_acq-EO_eeg.eeg,1033,awake,EO,0,.eeg,eeg,390000260
sub-1033/eeg/sub-1033_task-awake_acq-EO_eeg.json,1033,awake,EO,0,.json,eeg,475
sub-1033/eeg/sub-1033_task-awake_acq-EO_eeg.vhdr,1033,awake,EO,0,.vhdr,eeg,1819
sub-1033/eeg/sub-1033_task-awake_acq-EO_eeg.vmrk,1033,awake,EO,0,.vmrk,eeg,541
sub-1033/eeg/sub-1033_task-awake_acq-EO_events.json,1033,awake,EO,0,.json,events,767
sub-1033/eeg/sub-1033_task-awake_acq-EO_events.tsv,1033,awake,EO,0,.tsv,events,70
sub-1033/eeg/sub-1033_task-sed2_acq-rest_run-1_channels.tsv,1033,sed2,rest,1,.tsv,channels,3971
sub-1033/eeg/sub-1033_task-sed2_acq-rest_run-1_eeg.eeg,1033,sed2,rest,1,.eeg,eeg,78000260
sub-1033/eeg/sub-1033_task-sed2_acq-rest_run-1_eeg.json,1033,sed2,rest,1,.json,eeg,473
sub-1033/eeg/sub-1033_task-sed2_acq-rest_run-1_eeg.vhdr,1033,sed2,rest,1,.vhdr,eeg,1833
sub-1033/eeg/sub-1033_task-sed2_acq-rest_run-1_eeg.vmrk,1033,sed2,rest,1,.vmrk,eeg,548
sub-1033/eeg/sub-1033_task-sed2_acq-rest_run-1_events.json,1033,sed2,rest,1,.json,events,767
sub-1033/eeg/sub-1033_task-sed2_acq-rest_run-1_events.tsv,1033,sed2,rest,1,.tsv,events,70
sub-1033/eeg/sub-1033_task-sed2_acq-rest_run-2_channels.tsv,1033,sed2,rest,2,.tsv,channels,3971
sub-1033/eeg/sub-1033_task-sed2_acq-rest_run-2_eeg.eeg,1033,sed2,rest,2,.eeg,eeg,78000260
sub-1033/eeg/sub-1033_task-sed2_acq-rest_run-2_eeg.json,1033,sed2,rest,2,.json,eeg,473
sub-1033/eeg/sub-1033_task-sed2_acq-rest_run-2_eeg.vhdr,1033,sed2,rest,2,.vhdr,eeg,1833
sub-1033/eeg/sub-1033_task-sed2_acq-rest_run-2_eeg.vmrk,1033,sed2,rest,2,.vmrk,eeg,548
sub-1033/eeg/sub-1033_task-sed2_acq-rest_run-2_events.json,1033,sed2,rest,2,.json,events,767
sub-1033/eeg/sub-1033_task-sed2_acq-rest_run-2_events.tsv,1033,sed2,rest,2,.tsv,events,70
sub-1033/eeg/sub-1033_task-sed2_acq-rest_run-3_channels.tsv,1033,sed2,rest,3,.tsv,channels,3971
sub-1033/eeg/sub-1033_task-sed2_acq-rest_run-3_eeg.eeg,1033,sed2,rest,3,.eeg,eeg,78000260
sub-1033/eeg/sub-1033_task-sed2_acq-rest_run-3_eeg.json,1033,sed2,rest,3,.json,eeg,473
sub-1033/eeg/sub-1033_task-sed2_acq-rest_run-3_eeg.vhdr,1033,sed2,rest,3,.vhdr,eeg,1833
sub-1033/eeg/sub-1033_task-sed2_acq-rest_run-3_eeg.vmrk,1033,sed2,rest,3,.vmrk,eeg,548
sub-1033/eeg/sub-1033_task-sed2_acq-rest_run-3_events.json,1033,sed2,rest,3,.json,events,767
sub-1033/eeg/sub-1033_task-sed2_acq-rest_run-3_events.tsv,1033,sed2,rest,3,.tsv,events,70
sub-1033/eeg/sub-1033_task-sed_acq-rest_run-1_channels.tsv,1033,sed,rest,1,.tsv,channels,3971
sub-1033/eeg/sub-1033_task-sed_acq-rest_run-1_eeg.eeg,1033,sed,rest,1,.eeg,eeg,390000260
sub-1033/eeg/sub-1033_task-sed_acq-rest_run-1_eeg.json,1033,sed,rest,1,.json,eeg,473
sub-1033/eeg/sub-1033_task-sed_acq-rest_run-1_eeg.vhdr,1033,sed,rest,1,.vhdr,eeg,1831
sub-1033/eeg/sub-1033_task-sed_acq-rest_run-1_eeg.vmrk,1033,sed,rest,1,.vmrk,eeg,547
sub-1033/eeg/sub-1033_task-sed_acq-rest_run-1_events.json,1033,sed,rest,1,.json,events,767
sub-1033/eeg/sub-1033_task-sed_acq-rest_run-1_events.tsv,1033,sed,rest,1,.tsv,events,70
sub-1033/eeg/sub-1033_task-sed_acq-rest_run-2_channels.tsv,1033,sed,rest,2,.tsv,channels,3971
sub-1033/eeg/sub-1033_task-sed_acq-rest_run-2_eeg.eeg,1033,sed,rest,2,.eeg,eeg,390000260
sub-1033/eeg/sub-1033_task-sed_acq-rest_run-2_eeg.json,1033,sed,rest,2,.json,eeg,473
sub-1033/eeg/sub-1033_task-sed_acq-rest_run-2_eeg.vhdr,1033,sed,rest,2,.vhdr,eeg,1831
sub-1033/eeg/sub-1033_task-sed_acq-rest_run-2_eeg.vmrk,1033,sed,rest,2,.vmrk,eeg,547
sub-1033/eeg/sub-1033_task-sed_acq-rest_run-2_events.json,1033,sed,rest,2,.json,events,767
sub-1033/eeg/sub-1033_task-sed_acq-rest_run-2_events.tsv,1033,sed,rest,2,.tsv,events,70
sub-1033/eeg/sub-1033_task-sed_acq-rest_run-3_channels.tsv,1033,sed,rest,3,.tsv,channels,3971
sub-1033/eeg/sub-1033_task-sed_acq-rest_run-3_eeg.eeg,1033,sed,rest,3,.eeg,eeg,390000260
sub-1033/eeg/sub-1033_task-sed_acq-rest_run-3_eeg.json,1033,sed,rest,3,.json,eeg,473
sub-1033/eeg/sub-1033_task-sed_acq-rest_run-3_eeg.vhdr,1033,sed,rest,3,.vhdr,eeg,1831
sub-1033/eeg/sub-1033_task-sed_acq-rest_run-3_eeg.vmrk,1033,sed,rest,3,.vmrk,eeg,547
sub-1033/eeg/sub-1033_task-sed_acq-rest_run-3_events.json,1033,sed,rest,3,.json,events,767
sub-1033/eeg/sub-1033_task-sed_acq-rest_run-3_events.tsv,1033,sed,rest,3,.tsv,events,70
sub-1024/sub-1024_scans.tsv,1024,,,0,.tsv,,892
sub-1024/eeg/sub-1024_task-awake_acq-EC_channels.tsv,1024,awake,EC,0,.tsv,channels,3971
sub-1024/eeg/sub-1024_task-awake_acq-EC_eeg.eeg,1024,awake,EC,0,.eeg,eeg,390000260
sub-1024/eeg/sub-1024_task-awake_acq-EC_eeg.json,1024,awake,EC,0,.json,eeg,475
sub-1024/eeg/sub-1024_task-awake_acq-EC_eeg.vhdr,1024,awake,EC,0,.vhdr,eeg,1819
sub-1024/eeg/sub-1024_task-awake_acq-EC_eeg.vmrk,1024,awake,EC,0,.vmrk,eeg,541
sub-1024/eeg/sub-1024_task-awake_acq-EC_events.json,1024,awake,EC,0,.json,events,767
sub-1024/eeg/sub-1024_task-awake_acq-EC_events.tsv,1024,awake,EC,0,.tsv,events,70
sub-1024/eeg/sub-1024_task-awake_acq-EO_channels.tsv,1024,awake,EO,0,.tsv,channels,3971
sub-1024/eeg/sub-1024_task-awake_acq-EO_eeg.eeg,1024,awake,EO,0,.eeg,eeg,390000260
sub-1024/eeg/sub-1024_task-awake_acq-EO_eeg.json,1024,awake,EO,0,.json,eeg,475
sub-1024/eeg/sub-1024_task-awake_acq-EO_eeg.vhdr,1024,awake,EO,0,.vhdr,eeg,1819
sub-1024/eeg/sub-1024_task-awake_acq-EO_eeg.vmrk,1024,awake,EO,0,.vmrk,eeg,541
sub-1024/eeg/sub-1024_task-awake_acq-EO_events.json,1024,awake,EO,0,.json,events,767
sub-1024/eeg/sub-1024_task-awake_acq-EO_events.tsv,1024,awake,EO,0,.tsv,events,70
sub-1024/eeg/sub-1024_task-awake_acq-tms_channels.tsv,1024,awake,tms,0,.tsv,channels,3911
sub-1024/eeg/sub-1024_task-awake_acq-tms_eeg.eeg,1024,awake,tms,0,.eeg,eeg,773121280
sub-1024/eeg/sub-1024_task-awake_acq-tms_eeg.json,1024,awake,tms,0,.json,eeg,478
sub-1024/eeg/sub-1024_task-awake_acq-tms_eeg.vhdr,1024,awake,tms,0,.vhdr,eeg,1803
sub-1024/eeg/sub-1024_task-awake_acq-tms_eeg.vmrk,1024,awake,tms,0,.vmrk,eeg,9812
sub-1024/eeg/sub-1024_task-awake_acq-tms_events.json,1024,awake,tms,0,.json,events,767
sub-1024/eeg/sub-1024_task-awake_acq-tms_events.tsv,1024,awake,tms,0,.tsv,events,11153
sub-1024/eeg/sub-1024_task-sed2_acq-rest_run-1_channels.tsv,1024,sed2,rest,1,.tsv,channels,3911
sub-1024/eeg/sub-1024_task-sed2_acq-rest_run-1_eeg.eeg,1024,sed2,rest,1,.eeg,eeg,76800256
sub-1024/eeg/sub-1024_task-sed2_acq-rest_run-1_eeg.json,1024,sed2,rest,1,.json,eeg,473
sub-1024/eeg/sub-1024_task-sed2_acq-rest_run-1_eeg.vhdr,1024,sed2,rest,1,.vhdr,eeg,1815
sub-1024/eeg/sub-1024_task-sed2_acq-rest_run-1_eeg.vmrk,1024,sed2,rest,1,.vmrk,eeg,548
sub-1024/eeg/sub-1024_task-sed2_acq-rest_run-1_events.json,1024,sed2,rest,1,.json,events,767
sub-1024/eeg/sub-1024_task-sed2_acq-rest_run-1_events.tsv,1024,sed2,rest,1,.tsv,events,70
sub-1024/eeg/sub-1024_task-sed2_acq-rest_run-2_channels.tsv,1024,sed2,rest,2,.tsv,channels,3911
sub-1024/eeg/sub-1024_task-sed2_acq-rest_run-2_eeg.eeg,1024,sed2,rest,2,.eeg,eeg,76800256
sub-1024/eeg/sub-1024_task-sed2_acq-rest_run-2_eeg.json,1024,sed2,rest,2,.json,eeg,473
sub-1024/eeg/sub-1024_task-sed2_acq-rest_run-2_eeg.vhdr,1024,sed2,rest,2,.vhdr,eeg,1815
sub-1024/eeg/sub-1024_task-sed2_acq-rest_run-2_eeg.vmrk,1024,sed2,rest,2,.vmrk,eeg,548
sub-1024/eeg/sub-1024_task-sed2_acq-rest_run-2_events.json,1024,sed2,rest,2,.json,events,767
sub-1024/eeg/sub-1024_task-sed2_acq-rest_run-2_events.tsv,1024,sed2,rest,2,.tsv,events,70
sub-1024/eeg/sub-1024_task-sed2_acq-rest_run-3_channels.tsv,1024,sed2,rest,3,.tsv,channels,3911
sub-1024/eeg/sub-1024_task-sed2_acq-rest_run-3_eeg.eeg,1024,sed2,rest,3,.eeg,eeg,76800256
sub-1024/eeg/sub-1024_task-sed2_acq-rest_run-3_eeg.json,1024,sed2,rest,3,.json,eeg,473
sub-1024/eeg/sub-1024_task-sed2_acq-rest_run-3_eeg.vhdr,1024,sed2,rest,3,.vhdr,eeg,1815
sub-1024/eeg/sub-1024_task-sed2_acq-rest_run-3_eeg.vmrk,1024,sed2,rest,3,.vmrk,eeg,548
sub-1024/eeg/sub-1024_task-sed2_acq-rest_run-3_events.json,1024,sed2,rest,3,.json,events,767
sub-1024/eeg/sub-1024_task-sed2_acq-rest_run-3_events.tsv,1024,sed2,rest,3,.tsv,events,70
sub-1024/eeg/sub-1024_task-sed_acq-rest_run-1_channels.tsv,1024,sed,rest,1,.tsv,channels,3971
sub-1024/eeg/sub-1024_task-sed_acq-rest_run-1_eeg.eeg,1024,sed,rest,1,.eeg,eeg,390000260
sub-1024/eeg/sub-1024_task-sed_acq-rest_run-1_eeg.json,1024,sed,rest,1,.json,eeg,473
sub-1024/eeg/sub-1024_task-sed_acq-rest_run-1_eeg.vhdr,1024,sed,rest,1,.vhdr,eeg,1831
sub-1024/eeg/sub-1024_task-sed_acq-rest_run-1_eeg.vmrk,1024,sed,rest,1,.vmrk,eeg,547
sub-1024/eeg/sub-1024_task-sed_acq-rest_run-1_events.json,1024,sed,rest,1,.json,events,767
sub-1024/eeg/sub-1024_task-sed_acq-rest_run-1_events.tsv,1024,sed,rest,1,.tsv,events,70
sub-1024/eeg/sub-1024_task-sed_acq-rest_run-2_channels.tsv,1024,sed,rest,2,.tsv,channels,3971
sub-1024/eeg/sub-1024_task-sed_acq-rest_run-2_eeg.eeg,1024,sed,rest,2,.eeg,eeg,390000260
sub-1024/eeg/sub-1024_task-sed_acq-rest_run-2_eeg.json,1024,sed,rest,2,.json,eeg,473
sub-1024/eeg/sub-1024_task-sed_acq-rest_run-2_eeg.vhdr,1024,sed,rest,2,.vhdr,eeg,1831
sub-1024/eeg/sub-1024_task-sed_acq-rest_run-2_eeg.vmrk,1024,sed,rest,2,.vmrk,eeg,547
sub-1024/eeg/sub-1024_task-sed_acq-rest_run-2_events.json,1024,sed,rest,2,.json,events,767
sub-1024/eeg/sub-1024_task-sed_acq-rest_run-2_events.tsv,1024,sed,rest,2,.tsv,events,70
sub-1024/eeg/sub-1024_task-sed_acq-rest_run-3_channels.tsv,1024,sed,rest,3,.tsv,channels,3971
sub-1024/eeg/sub-1024_task-sed_acq-rest_run-3_eeg.eeg,1024,sed,rest,3,.eeg,eeg,390000260
sub-1024/eeg/sub-1024_task-sed_acq-rest_run-3_eeg.json,1024,sed,rest,3,.json,eeg,473
sub-1024/eeg/sub-1024_task-sed_acq-rest_run-3_eeg.vhdr,1024,sed,rest,3,.vhdr,eeg,1831
sub-1024/eeg/sub-1024_task-sed_acq-rest_run-3_eeg.vmrk,1024,sed,rest,3,.vmrk,eeg,547
sub-1024/eeg/sub-1024_task-sed_acq-rest_run-3_events.json,1024,sed,rest,3,.json,events,767
sub-1024/eeg/sub-1024_task-sed_acq-rest_run-3_events.tsv,1024,sed,rest,3,.tsv,events,70
sub-1024/eeg/sub-1024_task-sed_acq-tms_run-1_channels.tsv,1024,sed,tms,1,.tsv,channels,3911
sub-1024/eeg/sub-1024_task-sed_acq-tms_run-1_eeg.eeg,1024,sed,tms,1,.eeg,eeg,773121536
sub-1024/eeg/sub-1024_task-sed_acq-tms_run-1_eeg.json,1024,sed,tms,1,.json,eeg,475
sub-1024/eeg/sub-1024_task-sed_acq-tms_run-1_eeg.vhdr,1024,sed,tms,1,.vhdr,eeg,1811
sub-1024/eeg/sub-1024_task-sed_acq-tms_run-1_eeg.vmrk,1024,sed,tms,1,.vmrk,eeg,9107
sub-1024/eeg/sub-1024_task-sed_acq-tms_run-1_events.json,1024,sed,tms,1,.json,events,767
sub-1024/eeg/sub-1024_task-sed_acq-tms_run-1_events.tsv,1024,sed,tms,1,.tsv,events,10308
sub-1024/eeg/sub-1024_task-sed_acq-tms_run-2_channels.tsv,1024,sed,tms,2,.tsv,channels,3911
sub-1024/eeg/sub-1024_task-sed_acq-tms_run-2_eeg.eeg,1024,sed,tms,2,.eeg,eeg,771570176
sub-1024/eeg/sub-1024_task-sed_acq-tms_run-2_eeg.json,1024,sed,tms,2,.json,eeg,475
sub-1024/eeg/sub-1024_task-sed_acq-tms_run-2_eeg.vhdr,1024,sed,tms,2,.vhdr,eeg,1811
sub-1024/eeg/sub-1024_task-sed_acq-tms_run-2_eeg.vmrk,1024,sed,tms,2,.vmrk,eeg,9724
sub-1024/eeg/sub-1024_task-sed_acq-tms_run-2_events.json,1024,sed,tms,2,.json,events,767
sub-1024/eeg/sub-1024_task-sed_acq-tms_run-2_events.tsv,1024,sed,tms,2,.tsv,events,11025
sub-1024/eeg/sub-1024_task-sed_acq-tms_run-3_channels.tsv,1024,sed,tms,3,.tsv,channels,3911
sub-1024/eeg/sub-1024_task-sed_acq-tms_run-3_eeg.eeg,1024,sed,tms,3,.eeg,eeg,794823936
sub-1024/eeg/sub-1024_task-sed_acq-tms_run-3_eeg.json,1024,sed,tms,3,.json,eeg,475
sub-1024/eeg/sub-1024_task-sed_acq-tms_run-3_eeg.vhdr,1024,sed,tms,3,.vhdr,eeg,1811
sub-1024/eeg/sub-1024_task-sed_acq-tms_run-3_eeg.vmrk,1024,sed,tms,3,.vmrk,eeg,9916
sub-1024/eeg/sub-1024_task-sed_acq-tms_run-3_events.json,1024,sed,tms,3,.json,events,767
sub-1024/eeg/sub-1024_task-sed_acq-tms_run-3_events.tsv,1024,sed,tms,3,.tsv,events,11265
sub-1022/sub-1022_scans.tsv,1022,,,0,.tsv,,604
sub-1022/eeg/sub-1022_task-awake_acq-EC_channels.tsv,1022,awake,EC,0,.tsv,channels,3971
sub-1022/eeg/sub-1022_task-awake_acq-EC_eeg.eeg,1022,awake,EC,0,.eeg,eeg,391300260
sub-1022/eeg/sub-1022_task-awake_acq-EC_eeg.json,1022,awake,EC,0,.json,eeg,475
sub-1022/eeg/sub-1022_task-awake_acq-EC_eeg.vhdr,1022,awake,EC,0,.vhdr,eeg,1819
sub-1022/eeg/sub-1022_task-awake_acq-EC_eeg.vmrk,1022,awake,EC,0,.vmrk,eeg,541
sub-1022/eeg/sub-1022_task-awake_acq-EC_events.json,1022,awake,EC,0,.json,events,767
sub-1022/eeg/sub-1022_task-awake_acq-EC_events.tsv,1022,awake,EC,0,.tsv,events,70
sub-1022/eeg/sub-1022_task-awake_acq-EO_channels.tsv,1022,awake,EO,0,.tsv,channels,3971
sub-1022/eeg/sub-1022_task-awake_acq-EO_eeg.eeg,1022,awake,EO,0,.eeg,eeg,393900260
sub-1022/eeg/sub-1022_task-awake_acq-EO_eeg.json,1022,awake,EO,0,.json,eeg,475
sub-1022/eeg/sub-1022_task-awake_acq-EO_eeg.vhdr,1022,awake,EO,0,.vhdr,eeg,1819
sub-1022/eeg/sub-1022_task-awake_acq-EO_eeg.vmrk,1022,awake,EO,0,.vmrk,eeg,599
sub-1022/eeg/sub-1022_task-awake_acq-EO_events.json,1022,awake,EO,0,.json,events,767
sub-1022/eeg/sub-1022_task-awake_acq-EO_events.tsv,1022,awake,EO,0,.tsv,events,139
sub-1022/eeg/sub-1022_task-sed2_acq-rest_run-1_channels.tsv,1022,sed2,rest,1,.tsv,channels,3971
sub-1022/eeg/sub-1022_task-sed2_acq-rest_run-1_eeg.eeg,1022,sed2,rest,1,.eeg,eeg,78000260
sub-1022/eeg/sub-1022_task-sed2_acq-rest_run-1_eeg.json,1022,sed2,rest,1,.json,eeg,473
sub-1022/eeg/sub-1022_task-sed2_acq-rest_run-1_eeg.vhdr,1022,sed2,rest,1,.vhdr,eeg,1833
sub-1022/eeg/sub-1022_task-sed2_acq-rest_run-1_eeg.vmrk,1022,sed2,rest,1,.vmrk,eeg,548
sub-1022/eeg/sub-1022_task-sed2_acq-rest_run-1_events.json,1022,sed2,rest,1,.json,events,767
sub-1022/eeg/sub-1022_task-sed2_acq-rest_run-1_events.tsv,1022,sed2,rest,1,.tsv,events,70
sub-1022/eeg/sub-1022_task-sed2_acq-rest_run-2_channels.tsv,1022,sed2,rest,2,.tsv,channels,3971
sub-1022/eeg/sub-1022_task-sed2_acq-rest_run-2_eeg.eeg,1022,sed2,rest,2,.eeg,eeg,78000260
sub-1022/eeg/sub-1022_task-sed2_acq-rest_run-2_eeg.json,1022,sed2,rest,2,.json,eeg,473
sub-1022/eeg/sub-1022_task-sed2_acq-rest_run-2_eeg.vhdr,1022,sed2,rest,2,.vhdr,eeg,1833
sub-1022/eeg/sub-1022_task-sed2_acq-rest_run-2_eeg.vmrk,1022,sed2,rest,2,.vmrk,eeg,548
sub-1022/eeg/sub-1022_task-sed2_acq-rest_run-2_events.json,1022,sed2,rest,2,.json,events,767
sub-1022/eeg/sub-1022_task-sed2_acq-rest_run-2_events.tsv,1022,sed2,rest,2,.tsv,events,70
sub-1022/eeg/sub-1022_task-sed2_acq-rest_run-3_channels.tsv,1022,sed2,rest,3,.tsv,channels,3971
sub-1022/eeg/sub-1022_task-sed2_acq-rest_run-3_eeg.eeg,1022,sed2,rest,3,.eeg,eeg,78000260
sub-1022/eeg/sub-1022_task-sed2_acq-rest_run-3_eeg.json,1022,sed2,rest,3,.json,eeg,473
sub-1022/eeg/sub-1022_task-sed2_acq-rest_run-3_eeg.vhdr,1022,sed2,rest,3,.vhdr,eeg,1833
sub-1022/eeg/sub-1022_task-sed2_acq-rest_run-3_eeg.vmrk,1022,sed2,rest,3,.vmrk,eeg,548
sub-1022/eeg/sub-1022_task-sed2_acq-rest_run-3_events.json,1022,sed2,rest,3,.json,events,767
sub-1022/eeg/sub-1022_task-sed2_acq-rest_run-3_events.tsv,1022,sed2,rest,3,.tsv,events,70
sub-1022/eeg/sub-1022_task-sed_acq-rest_run-1_channels.tsv,1022,sed,rest,1,.tsv,channels,3971
sub-1022/eeg/sub-1022_task-sed_acq-rest_run-1_eeg.eeg,1022,sed,rest,1,.eeg,eeg,393900260
sub-1022/eeg/sub-1022_task-sed_acq-rest_run-1_eeg.json,1022,sed,rest,1,.json,eeg,473
sub-1022/eeg/sub-1022_task-sed_acq-rest_run-1_eeg.vhdr,1022,sed,rest,1,.vhdr,eeg,1831
sub-1022/eeg/sub-1022_task-sed_acq-rest_run-1_eeg.vmrk,1022,sed,rest,1,.vmrk,eeg,547
sub-1022/eeg/sub-1022_task-sed_acq-rest_run-1_events.json,1022,sed,rest,1,.json,events,767
sub-1022/eeg/sub-1022_task-sed_acq-rest_run-1_events.tsv,1022,sed,rest,1,.tsv,events,70
sub-1022/eeg/sub-1022_task-sed_acq-rest_run-2_channels.tsv,1022,sed,rest,2,.tsv,channels,3971
sub-1022/eeg/sub-1022_task-sed_acq-rest_run-2_eeg.eeg,1022,sed,rest,2,.eeg,eeg,393900260
sub-1022/eeg/sub-1022_task-sed_acq-rest_run-2_eeg.json,1022,sed,rest,2,.json,eeg,473
sub-1022/eeg/sub-1022_task-sed_acq-rest_run-2_eeg.vhdr,1022,sed,rest,2,.vhdr,eeg,1831
sub-1022/eeg/sub-1022_task-sed_acq-rest_run-2_eeg.vmrk,1022,sed,rest,2,.vmrk,eeg,547
sub-1022/eeg/sub-1022_task-sed_acq-rest_run-2_events.json,1022,sed,rest,2,.json,events,767
sub-1022/eeg/sub-1022_task-sed_acq-rest_run-2_events.tsv,1022,sed,rest,2,.tsv,events,70
sub-1022/eeg/sub-1022_task-sed_acq-rest_run-3_channels.tsv,1022,sed,rest,3,.tsv,channels,3971
sub-1022/eeg/sub-1022_task-sed_acq-rest_run-3_eeg.eeg,1022,sed,rest,3,.eeg,eeg,393900260
sub-1022/eeg/sub-1022_task-sed_acq-rest_run-3_eeg.json,1022,sed,rest,3,.json,eeg,473
sub-1022/eeg/sub-1022_task-sed_acq-rest_run-3_eeg.vhdr,1022,sed,rest,3,.vhdr,eeg,1831
sub-1022/eeg/sub-1022_task-sed_acq-rest_run-3_eeg.vmrk,1022,sed,rest,3,.vmrk,eeg,547
sub-1022/eeg/sub-1022_task-sed_acq-rest_run-3_events.json,1022,sed,rest,3,.json,events,767
sub-1022/eeg/sub-1022_task-sed_acq-rest_run-3_events.tsv,1022,sed,rest,3,.tsv,events,70
sub-1017/sub-1017_scans.tsv,1017,,,0,.tsv,,524
sub-1017/eeg/sub-1017_task-awake_acq-EC_channels.tsv,1017,awake,EC,0,.tsv,channels,3971
sub-1017/eeg/sub-1017_task-awake_acq-EC_eeg.eeg,1017,awake,EC,0,.eeg,eeg,390000260
sub-1017/eeg/sub-1017_task-awake_acq-EC_eeg.json,1017,awake,EC,0,.json,eeg,475
sub-1017/eeg/sub-1017_task-awake_acq-EC_eeg.vhdr,1017,awake,EC,0,.vhdr,eeg,1819
sub-1017/eeg/sub-1017_task-awake_acq-EC_eeg.vmrk,1017,awake,EC,0,.vmrk,eeg,541
sub-1017/eeg/sub-1017_task-awake_acq-EC_events.json,1017,awake,EC,0,.json,events,767
sub-1017/eeg/sub-1017_task-awake_acq-EC_events.tsv,1017,awake,EC,0,.tsv,events,70
sub-1017/eeg/sub-1017_task-awake_acq-EO_channels.tsv,1017,awake,EO,0,.tsv,channels,3971
sub-1017/eeg/sub-1017_task-awake_acq-EO_eeg.eeg,1017,awake,EO,0,.eeg,eeg,390000260
sub-1017/eeg/sub-1017_task-awake_acq-EO_eeg.json,1017,awake,EO,0,.json,eeg,475
sub-1017/eeg/sub-1017_task-awake_acq-EO_eeg.vhdr,1017,awake,EO,0,.vhdr,eeg,1819
sub-1017/eeg/sub-1017_task-awake_acq-EO_eeg.vmrk,1017,awake,EO,0,.vmrk,eeg,541
sub-1017/eeg/sub-1017_task-awake_acq-EO_events.json,1017,awake,EO,0,.json,events,767
sub-1017/eeg/sub-1017_task-awake_acq-EO_events.tsv,1017,awake,EO,0,.tsv,events,70
sub-1017/eeg/sub-1017_task-awake_acq-tms_channels.tsv,1017,awake,tms,0,.tsv,channels,3911
sub-1017/eeg/sub-1017_task-awake_acq-tms_eeg.eeg,1017,awake,tms,0,.eeg,eeg,773121792
sub-1017/eeg/sub-1017_task-awake_acq-tms_eeg.json,1017,awake,tms,0,.json,eeg,478
sub-1017/eeg/sub-1017_task-awake_acq-tms_eeg.vhdr,1017,awake,tms,0,.vhdr,eeg,1803
sub-1017/eeg/sub-1017_task-awake_acq-tms_eeg.vmrk,1017,awake,tms,0,.vmrk,eeg,9842
sub-1017/eeg/sub-1017_task-awake_acq-tms_events.json,1017,awake,tms,0,.json,events,767
sub-1017/eeg/sub-1017_task-awake_acq-tms_events.tsv,1017,awake,tms,0,.tsv,events,11174
sub-1017/eeg/sub-1017_task-sed2_acq-rest_run-1_channels.tsv,1017,sed2,rest,1,.tsv,channels,3971
sub-1017/eeg/sub-1017_task-sed2_acq-rest_run-1_eeg.eeg,1017,sed2,rest,1,.eeg,eeg,78000260
sub-1017/eeg/sub-1017_task-sed2_acq-rest_run-1_eeg.json,1017,sed2,rest,1,.json,eeg,473
sub-1017/eeg/sub-1017_task-sed2_acq-rest_run-1_eeg.vhdr,1017,sed2,rest,1,.vhdr,eeg,1833
sub-1017/eeg/sub-1017_task-sed2_acq-rest_run-1_eeg.vmrk,1017,sed2,rest,1,.vmrk,eeg,548
sub-1017/eeg/sub-1017_task-sed2_acq-rest_run-1_events.json,1017,sed2,rest,1,.json,events,767
sub-1017/eeg/sub-1017_task-sed2_acq-rest_run-1_events.tsv,1017,sed2,rest,1,.tsv,events,70
sub-1017/eeg/sub-1017_task-sed2_acq-rest_run-2_channels.tsv,1017,sed2,rest,2,.tsv,channels,3971
sub-1017/eeg/sub-1017_task-sed2_acq-rest_run-2_eeg.eeg,1017,sed2,rest,2,.eeg,eeg,78000260
sub-1017/eeg/sub-1017_task-sed2_acq-rest_run-2_eeg.json,1017,sed2,rest,2,.json,eeg,473
sub-1017/eeg/sub-1017_task-sed2_acq-rest_run-2_eeg.vhdr,1017,sed2,rest,2,.vhdr,eeg,1833
sub-1017/eeg/sub-1017_task-sed2_acq-rest_run-2_eeg.vmrk,1017,sed2,rest,2,.vmrk,eeg,548
sub-1017/eeg/sub-1017_task-sed2_acq-rest_run-2_events.json,1017,sed2,rest,2,.json,events,767
sub-1017/eeg/sub-1017_task-sed2_acq-rest_run-2_events.tsv,1017,sed2,rest,2,.tsv,events,70
sub-1017/eeg/sub-1017_task-sed_acq-rest_run-1_channels.tsv,1017,sed,rest,1,.tsv,channels,3971
sub-1017/eeg/sub-1017_task-sed_acq-rest_run-1_eeg.eeg,1017,sed,rest,1,.eeg,eeg,390000260
sub-1017/eeg/sub-1017_task-sed_acq-rest_run-1_eeg.json,1017,sed,rest,1,.json,eeg,473
sub-1017/eeg/sub-1017_task-sed_acq-rest_run-1_eeg.vhdr,1017,sed,rest,1,.vhdr,eeg,1831
sub-1017/eeg/sub-1017_task-sed_acq-rest_run-1_eeg.vmrk,1017,sed,rest,1,.vmrk,eeg,547
sub-1017/eeg/sub-1017_task-sed_acq-rest_run-1_events.json,1017,sed,rest,1,.json,events,767
sub-1017/eeg/sub-1017_task-sed_acq-rest_run-1_events.tsv,1017,sed,rest,1,.tsv,events,70
sub-1017/eeg/sub-1017_task-sed_acq-rest_run-2_channels.tsv,1017,sed,rest,2,.tsv,channels,3971
sub-1017/eeg/sub-1017_task-sed_acq-rest_run-2_eeg.eeg,1017,sed,rest,2,.eeg,eeg,390000260
sub-1017/eeg/sub-1017_task-sed_acq-rest_run-2_eeg.json,1017,sed,rest,2,.json,eeg,473
sub-1017/eeg/sub-1017_task-sed_acq-rest_run-2_eeg.vhdr,1017,sed,rest,2,.vhdr,eeg,1831
sub-1017/eeg/sub-1017_task-sed_acq-rest_run-2_eeg.vmrk,1017,sed,rest,2,.vmrk,eeg,547
sub-1017/eeg/sub-1017_task-sed_acq-rest_run-2_events.json,1017,sed,rest,2,.json,events,767
sub-1017/eeg/sub-1017_task-sed_acq-rest_run-2_events.tsv,1017,sed,rest,2,.tsv,events,70
sub-1016/sub-1016_scans.tsv,1016,,,0,.tsv,,817
sub-1016/eeg/sub-1016_task-awake_acq-EC_channels.tsv,1016,awake,EC,0,.tsv,channels,3971
sub-1016/eeg/sub-1016_task-awake_acq-EC_eeg.eeg,1016,awake,EC,0,.eeg,eeg,390000260
sub-1016/eeg/sub-1016_task-awake_acq-EC_eeg.json,1016,awake,EC,0,.json,eeg,475
sub-1016/eeg/sub-1016_task-awake_acq-EC_eeg.vhdr,1016,awake,EC,0,.vhdr,eeg,1819
sub-1016/eeg/sub-1016_task-awake_acq-EC_eeg.vmrk,1016,awake,EC,0,.vmrk,eeg,541
sub-1016/eeg/sub-1016_task-awake_acq-EC_events.json,1016,awake,EC,0,.json,events,767
sub-1016/eeg/sub-1016_task-awake_acq-EC_events.tsv,1016,awake,EC,0,.tsv,events,70
sub-1016/eeg/sub-1016_task-awake_acq-EO_channels.tsv,1016,awake,EO,0,.tsv,channels,3971
sub-1016/eeg/sub-1016_task-awake_acq-EO_eeg.eeg,1016,awake,EO,0,.eeg,eeg,390000260
sub-1016/eeg/sub-1016_task-awake_acq-EO_eeg.json,1016,awake,EO,0,.json,eeg,475
sub-1016/eeg/sub-1016_task-awake_acq-EO_eeg.vhdr,1016,awake,EO,0,.vhdr,eeg,1819
sub-1016/eeg/sub-1016_task-awake_acq-EO_eeg.vmrk,1016,awake,EO,0,.vmrk,eeg,541
sub-1016/eeg/sub-1016_task-awake_acq-EO_events.json,1016,awake,EO,0,.json,events,767
sub-1016/eeg/sub-1016_task-awake_acq-EO_events.tsv,1016,awake,EO,0,.tsv,events,70
sub-1016/eeg/sub-1016_task-awake_acq-tms_channels.tsv,1016,awake,tms,0,.tsv,channels,3911
sub-1016/eeg/sub-1016_task-awake_acq-tms_eeg.eeg,1016,awake,tms,0,.eeg,eeg,771570176
sub-1016/eeg/sub-1016_task-awake_acq-tms_eeg.json,1016,awake,tms,0,.json,eeg,477
sub-1016/eeg/sub-1016_task-awake_acq-tms_eeg.vhdr,1016,awake,tms,0,.vhdr,eeg,1803
sub-1016/eeg/sub-1016_task-awake_acq-tms_eeg.vmrk,1016,awake,tms,0,.vmrk,eeg,8140
sub-1016/eeg/sub-1016_task-awake_acq-tms_events.json,1016,awake,tms,0,.json,events,767
sub-1016/eeg/sub-1016_task-awake_acq-tms_events.tsv,1016,awake,tms,0,.tsv,events,9298
sub-1016/eeg/sub-1016_task-sed2_acq-rest_run-1_channels.tsv,1016,sed2,rest,1,.tsv,channels,3971
sub-1016/eeg/sub-1016_task-sed2_acq-rest_run-1_eeg.eeg,1016,sed2,rest,1,.eeg,eeg,78000260
sub-1016/eeg/sub-1016_task-sed2_acq-rest_run-1_eeg.json,1016,sed2,rest,1,.json,eeg,473
sub-1016/eeg/sub-1016_task-sed2_acq-rest_run-1_eeg.vhdr,1016,sed2,rest,1,.vhdr,eeg,1833
sub-1016/eeg/sub-1016_task-sed2_acq-rest_run-1_eeg.vmrk,1016,sed2,rest,1,.vmrk,eeg,548
sub-1016/eeg/sub-1016_task-sed2_acq-rest_run-1_events.json,1016,sed2,rest,1,.json,events,767
sub-1016/eeg/sub-1016_task-sed2_acq-rest_run-1_events.tsv,1016,sed2,rest,1,.tsv,events,70
sub-1016/eeg/sub-1016_task-sed2_acq-rest_run-2_channels.tsv,1016,sed2,rest,2,.tsv,channels,3971
sub-1016/eeg/sub-1016_task-sed2_acq-rest_run-2_eeg.eeg,1016,sed2,rest,2,.eeg,eeg,78000260
sub-1016/eeg/sub-1016_task-sed2_acq-rest_run-2_eeg.json,1016,sed2,rest,2,.json,eeg,473
sub-1016/eeg/sub-1016_task-sed2_acq-rest_run-2_eeg.vhdr,1016,sed2,rest,2,.vhdr,eeg,1833
sub-1016/eeg/sub-1016_task-sed2_acq-rest_run-2_eeg.vmrk,1016,sed2,rest,2,.vmrk,eeg,548
sub-1016/eeg/sub-1016_task-sed2_acq-rest_run-2_events.json,1016,sed2,rest,2,.json,events,767
sub-1016/eeg/sub-1016_task-sed2_acq-rest_run-2_events.tsv,1016,sed2,rest,2,.tsv,events,70
sub-1016/eeg/sub-1016_task-sed_acq-rest_run-1_channels.tsv,1016,sed,rest,1,.tsv,channels,3971
sub-1016/eeg/sub-1016_task-sed_acq-rest_run-1_eeg.eeg,1016,sed,rest,1,.eeg,eeg,390000260
sub-1016/eeg/sub-1016_task-sed_acq-rest_run-1_eeg.json,1016,sed,rest,1,.json,eeg,473
sub-1016/eeg/sub-1016_task-sed_acq-rest_run-1_eeg.vhdr,1016,sed,rest,1,.vhdr,eeg,1831
sub-1016/eeg/sub-1016_task-sed_acq-rest_run-1_eeg.vmrk,1016,sed,rest,1,.vmrk,eeg,547
sub-1016/eeg/sub-1016_task-sed_acq-rest_run-1_events.json,1016,sed,rest,1,.json,events,767
sub-1016/eeg/sub-1016_task-sed_acq-rest_run-1_events.tsv,1016,sed,rest,1,.tsv,events,70
sub-1016/eeg/sub-1016_task-sed_acq-rest_run-2_channels.tsv,1016,sed,rest,2,.tsv,channels,3971
sub-1016/eeg/sub-1016_task-sed_acq-rest_run-2_eeg.eeg,1016,sed,rest,2,.eeg,eeg,390000260
sub-1016/eeg/sub-1016_task-sed_acq-rest_run-2_eeg.json,1016,sed,rest,2,.json,eeg,473
sub-1016/eeg/sub-1016_task-sed_acq-rest_run-2_eeg.vhdr,1016,sed,rest,2,.vhdr,eeg,1831
sub-1016/eeg/sub-1016_task-sed_acq-rest_run-2_eeg.vmrk,1016,sed,rest,2,.vmrk,eeg,547
sub-1016/eeg/sub-1016_task-sed_acq-rest_run-2_events.json,1016,sed,rest,2,.json,events,767
sub-1016/eeg/sub-1016_task-sed_acq-rest_run-2_events.tsv,1016,sed,rest,2,.tsv,events,70
sub-1016/eeg/sub-1016_task-sed_acq-rest_run-3_channels.tsv,1016,sed,rest,3,.tsv,channels,3971
sub-1016/eeg/sub-1016_task-sed_acq-rest_run-3_eeg.eeg,1016,sed,rest,3,.eeg,eeg,390000260
sub-1016/eeg/sub-1016_task-sed_acq-rest_run-3_eeg.json,1016,sed,rest,3,.json,eeg,473
sub-1016/eeg/sub-1016_task-sed_acq-rest_run-3_eeg.vhdr,1016,sed,rest,3,.vhdr,eeg,1831
sub-1016/eeg/sub-1016_task-sed_acq-rest_run-3_eeg.vmrk,1016,sed,rest,3,.vmrk,eeg,547
sub-1016/eeg/sub-1016_task-sed_acq-rest_run-3_events.json,1016,sed,rest,3,.json,events,767
sub-1016/eeg/sub-1016_task-sed_acq-rest_run-3_events.tsv,1016,sed,rest,3,.tsv,events,70
sub-1016/eeg/sub-1016_task-sed_acq-tms_run-1_channels.tsv,1016,sed,tms,1,.tsv,channels,3911
sub-1016/eeg/sub-1016_task-sed_acq-tms_run-1_eeg.eeg,1016,sed,tms,1,.eeg,eeg,765434112
sub-1016/eeg/sub-1016_task-sed_acq-tms_run-1_eeg.json,1016,sed,tms,1,.json,eeg,476
sub-1016/eeg/sub-1016_task-sed_acq-tms_run-1_eeg.vhdr,1016,sed,tms,1,.vhdr,eeg,1811
sub-1016/eeg/sub-1016_task-sed_acq-tms_run-1_eeg.vmrk,1016,sed,tms,1,.vmrk,eeg,6328
sub-1016/eeg/sub-1016_task-sed_acq-tms_run-1_events.json,1016,sed,tms,1,.json,events,767
sub-1016/eeg/sub-1016_task-sed_acq-tms_run-1_events.tsv,1016,sed,tms,1,.tsv,events,7022
sub-1016/eeg/sub-1016_task-sed_acq-tms_run-2_channels.tsv,1016,sed,tms,2,.tsv,channels,3911
sub-1016/eeg/sub-1016_task-sed_acq-tms_run-2_eeg.eeg,1016,sed,tms,2,.eeg,eeg,776612096
sub-1016/eeg/sub-1016_task-sed_acq-tms_run-2_eeg.json,1016,sed,tms,2,.json,eeg,475
sub-1016/eeg/sub-1016_task-sed_acq-tms_run-2_eeg.vhdr,1016,sed,tms,2,.vhdr,eeg,1811
sub-1016/eeg/sub-1016_task-sed_acq-tms_run-2_eeg.vmrk,1016,sed,tms,2,.vmrk,eeg,9012
sub-1016/eeg/sub-1016_task-sed_acq-tms_run-2_events.json,1016,sed,tms,2,.json,events,767
sub-1016/eeg/sub-1016_task-sed_acq-tms_run-2_events.tsv,1016,sed,tms,2,.tsv,events,10232
sub-1016/eeg/sub-1016_task-sed_acq-tms_run-3_channels.tsv,1016,sed,tms,3,.tsv,channels,3911
sub-1016/eeg/sub-1016_task-sed_acq-tms_run-3_eeg.eeg,1016,sed,tms,3,.eeg,eeg,405758208
sub-1016/eeg/sub-1016_task-sed_acq-tms_run-3_eeg.json,1016,sed,tms,3,.json,eeg,476
sub-1016/eeg/sub-1016_task-sed_acq-tms_run-3_eeg.vhdr,1016,sed,tms,3,.vhdr,eeg,1811
sub-1016/eeg/sub-1016_task-sed_acq-tms_run-3_eeg.vmrk,1016,sed,tms,3,.vmrk,eeg,4064
sub-1016/eeg/sub-1016_task-sed_acq-tms_run-3_events.json,1016,sed,tms,3,.json,events,767
sub-1016/eeg/sub-1016_task-sed_acq-tms_run-3_events.tsv,1016,sed,tms,3,.tsv,events,4380
sub-1010/sub-1010_scans.tsv,1010,,,0,.tsv,,604
sub-1010/eeg/sub-1010_task-awake_acq-EC_channels.tsv,1010,awake,EC,0,.tsv,channels,3971
sub-1010/eeg/sub-1010_task-awake_acq-EC_eeg.eeg,1010,awake,EC,0,.eeg,eeg,390000260
sub-1010/eeg/sub-1010_task-awake_acq-EC_eeg.json,1010,awake,EC,0,.json,eeg,475
sub-1010/eeg/sub-1010_task-awake_acq-EC_eeg.vhdr,1010,awake,EC,0,.vhdr,eeg,1819
sub-1010/eeg/sub-1010_task-awake_acq-EC_eeg.vmrk,1010,awake,EC,0,.vmrk,eeg,541
sub-1010/eeg/sub-1010_task-awake_acq-EC_events.json,1010,awake,EC,0,.json,events,767
sub-1010/eeg/sub-1010_task-awake_acq-EC_events.tsv,1010,awake,EC,0,.tsv,events,70
sub-1010/eeg/sub-1010_task-awake_acq-EO_channels.tsv,1010,awake,EO,0,.tsv,channels,3971
sub-1010/eeg/sub-1010_task-awake_acq-EO_eeg.eeg,1010,awake,EO,0,.eeg,eeg,390000260
sub-1010/eeg/sub-1010_task-awake_acq-EO_eeg.json,1010,awake,EO,0,.json,eeg,475
sub-1010/eeg/sub-1010_task-awake_acq-EO_eeg.vhdr,1010,awake,EO,0,.vhdr,eeg,1819
sub-1010/eeg/sub-1010_task-awake_acq-EO_eeg.vmrk,1010,awake,EO,0,.vmrk,eeg,541
sub-1010/eeg/sub-1010_task-awake_acq-EO_events.json,1010,awake,EO,0,.json,events,767
sub-1010/eeg/sub-1010_task-awake_acq-EO_events.tsv,1010,awake,EO,0,.tsv,events,70
sub-1010/eeg/sub-1010_task-sed2_acq-rest_run-1_channels.tsv,1010,sed2,rest,1,.tsv,channels,3971
sub-1010/eeg/sub-1010_task-sed2_acq-rest_run-1_eeg.eeg,1010,sed2,rest,1,.eeg,eeg,78000260
sub-1010/eeg/sub-1010_task-sed2_acq-rest_run-1_eeg.json,1010,sed2,rest,1,.json,eeg,473
sub-1010/eeg/sub-1010_task-sed2_acq-rest_run-1_eeg.vhdr,1010,sed2,rest,1,.vhdr,eeg,1833
sub-1010/eeg/sub-1010_task-sed2_acq-rest_run-1_eeg.vmrk,1010,sed2,rest,1,.vmrk,eeg,548
sub-1010/eeg/sub-1010_task-sed2_acq-rest_run-1_events.json,1010,sed2,rest,1,.json,events,767
sub-1010/eeg/sub-1010_task-sed2_acq-rest_run-1_events.tsv,1010,sed2,rest,1,.tsv,events,70
sub-1010/eeg/sub-1010_task-sed2_acq-rest_run-2_channels.tsv,1010,sed2,rest,2,.tsv,channels,3971
sub-1010/eeg/sub-1010_task-sed2_acq-rest_run-2_eeg.eeg,1010,sed2,rest,2,.eeg,eeg,78000260
sub-1010/eeg/sub-1010_task-sed2_acq-rest_run-2_eeg.json,1010,sed2,rest,2,.json,eeg,473
sub-1010/eeg/sub-1010_task-sed2_acq-rest_run-2_eeg.vhdr,1010,sed2,rest,2,.vhdr,eeg,1833
sub-1010/eeg/sub-1010_task-sed2_acq-rest_run-2_eeg.vmrk,1010,sed2,rest,2,.vmrk,eeg,548
sub-1010/eeg/sub-1010_task-sed2_acq-rest_run-2_events.json,1010,sed2,rest,2,.json,events,767
sub-1010/eeg/sub-1010_task-sed2_acq-rest_run-2_events.tsv,1010,sed2,rest,2,.tsv,events,70
sub-1010/eeg/sub-1010_task-sed2_acq-rest_run-3_channels.tsv,1010,sed2,rest,3,.tsv,channels,3971
sub-1010/eeg/sub-1010_task-sed2_acq-rest_run-3_eeg.eeg,1010,sed2,rest,3,.eeg,eeg,78000260
sub-1010/eeg/sub-1010_task-sed2_acq-rest_run-3_eeg.json,1010,sed2,rest,3,.json,eeg,473
sub-1010/eeg/sub-1010_task-sed2_acq-rest_run-3_eeg.vhdr,1010,sed2,rest,3,.vhdr,eeg,1833
sub-1010/eeg/sub-1010_task-sed2_acq-rest_run-3_eeg.vmrk,1010,sed2,rest,3,.vmrk,eeg,548
sub-1010/eeg/sub-1010_task-sed2_acq-rest_run-3_events.json,1010,sed2,rest,3,.json,events,767
sub-1010/eeg/sub-1010_task-sed2_acq-rest_run-3_events.tsv,1010,sed2,rest,3,.tsv,events,70
sub-1010/eeg/sub-1010_task-sed_acq-rest_run-1_channels.tsv,1010,sed,rest,1,.tsv,channels,3971
sub-1010/eeg/sub-1010_task-sed_acq-rest_run-1_eeg.eeg,1010,sed,rest,1,.eeg,eeg,390000260
sub-1010/eeg/sub-1010_task-sed_acq-rest_run-1_eeg.json,1010,sed,rest,1,.json,eeg,473
sub-1010/eeg/sub-1010_task-sed_acq-rest_run-1_eeg.vhdr,1010,sed,rest,1,.vhdr,eeg,1831
sub-1010/eeg/sub-1010_task-sed_acq-rest_run-1_eeg.vmrk,1010,sed,rest,1,.vmrk,eeg,547
sub-1010/eeg/sub-1010_task-sed_acq-rest_run-1_events.json,1010,sed,rest,1,.json,events,767
sub-1010/eeg/sub-1010_task-sed_acq-rest_run-1_events.tsv,1010,sed,rest,1,.tsv,events,70
sub-1010/eeg/sub-1010_task-sed_acq-rest_run-2_channels.tsv,1010,sed,rest,2,.tsv,channels,3971
sub-1010/eeg/sub-1010_task-sed_acq-rest_run-2_eeg.eeg,1010,sed,rest,2,.eeg,eeg,390000260
sub-1010/eeg/sub-1010_task-sed_acq-rest_run-2_eeg.json,1010,sed,rest,2,.json,eeg,473
sub-1010/eeg/sub-1010_task-sed_acq-rest_run-2_eeg.vhdr,1010,sed,rest,2,.vhdr,eeg,1831
sub-1010/eeg/sub-1010_task-sed_acq-rest_run-2_eeg.vmrk,1010,sed,rest,2,.vmrk,eeg,547
sub-1010/eeg/sub-1010_task-sed_acq-rest_run-2_events.json,1010,sed,rest,2,.json,events,767
sub-1010/eeg/sub-1010_task-sed_acq-rest_run-2_events.tsv,1010,sed,rest,2,.tsv,events,70
sub-1010/eeg/sub-1010_task-sed_acq-rest_run-3_channels.tsv,1010,sed,rest,3,.tsv,channels,3971
sub-1010/eeg/sub-1010_task-sed_acq-rest_run-3_eeg.eeg,1010,sed,rest,3,.eeg,eeg,390000260
sub-1010/eeg/sub-1010_task-sed_acq-rest_run-3_eeg.json,1010,sed,rest,3,.json,eeg,473
sub-1010/eeg/sub-1010_task-sed_acq-rest_run-3_eeg.vhdr,1010,sed,rest,3,.vhdr,eeg,1831
sub-1010/eeg/sub-1010_task-sed_acq-rest_run-3_eeg.vmrk,1010,sed,rest,3,.vmrk,eeg,547
sub-1010/eeg/sub-1010_task-sed_acq-rest_run-3_events.json,1010,sed,rest,3,.json,events,767
sub-1010/eeg/sub-1010_task-sed_acq-rest_run-3_events.tsv,1010,sed,rest,3,.tsv,events,70
.datalad/config,,,,0,,,63
