subject,run,phase,target,task_name,probability,prediction,model
sub-02,1,Base1,0,awake_base1_vs_lor,0.018550962993206913,0,confounds_motion_propofol
sub-02,2,LOR_task2,1,awake_base1_vs_lor,0.9836628718386835,1,confounds_motion_propofol
sub-02,3,LOR_task3,1,awake_base1_vs_lor,0.9373047278214846,1,confounds_motion_propofol
sub-03,1,Base1,0,awake_base1_vs_lor,0.023311287033467746,0,confounds_motion_propofol
sub-03,2,LOR_task2,1,awake_base1_vs_lor,0.9898099652051877,1,confounds_motion_propofol
sub-03,3,LOR_task3,1,awake_base1_vs_lor,0.9411350169999947,1,confounds_motion_propofol
sub-04,1,Base1,0,awake_base1_vs_lor,0.0162707430856926,0,confounds_motion_propofol
sub-04,2,LOR_task2,1,awake_base1_vs_lor,0.9894042849941567,1,confounds_motion_propofol
sub-04,3,LOR_task3,1,awake_base1_vs_lor,0.9262182483050082,1,confounds_motion_propofol
sub-05,1,Base1,0,awake_base1_vs_lor,0.019232166615384218,0,confounds_motion_propofol
sub-05,2,LOR_task2,1,awake_base1_vs_lor,0.9888269876866638,1,confounds_motion_propofol
sub-05,3,LOR_task3,1,awake_base1_vs_lor,0.9736571334284363,1,confounds_motion_propofol
sub-06,1,Base1,0,awake_base1_vs_lor,0.022676296033714318,0,confounds_motion_propofol
sub-06,2,LOR_task2,1,awake_base1_vs_lor,0.9908633342160644,1,confounds_motion_propofol
sub-06,3,LOR_task3,1,awake_base1_vs_lor,0.912359400955575,1,confounds_motion_propofol
sub-07,1,Base1,0,awake_base1_vs_lor,0.02002847751596934,0,confounds_motion_propofol
sub-07,2,LOR_task2,1,awake_base1_vs_lor,0.9852306271333221,1,confounds_motion_propofol
sub-07,3,LOR_task3,1,awake_base1_vs_lor,0.9217091557905975,1,confounds_motion_propofol
sub-11,1,Base1,0,awake_base1_vs_lor,0.02133076320313659,0,confounds_motion_propofol
sub-11,2,LOR_task2,1,awake_base1_vs_lor,0.8873413383242617,1,confounds_motion_propofol
sub-11,3,LOR_task3,1,awake_base1_vs_lor,0.7541308916677387,1,confounds_motion_propofol
sub-12,1,Base1,0,awake_base1_vs_lor,0.017495372229248646,0,confounds_motion_propofol
sub-12,2,LOR_task2,1,awake_base1_vs_lor,0.9639592564169486,1,confounds_motion_propofol
sub-12,3,LOR_task3,1,awake_base1_vs_lor,0.9727888241699574,1,confounds_motion_propofol
sub-13,1,Base1,0,awake_base1_vs_lor,0.018971115943648337,0,confounds_motion_propofol
sub-13,2,LOR_task2,1,awake_base1_vs_lor,0.9774648642613557,1,confounds_motion_propofol
sub-13,3,LOR_task3,1,awake_base1_vs_lor,0.9829238907714289,1,confounds_motion_propofol
sub-14,1,Base1,0,awake_base1_vs_lor,0.017292565017644364,0,confounds_motion_propofol
sub-14,2,LOR_task2,1,awake_base1_vs_lor,0.8340422651219153,1,confounds_motion_propofol
sub-14,3,LOR_task3,1,awake_base1_vs_lor,0.8397584054690708,1,confounds_motion_propofol
sub-15,1,Base1,0,awake_base1_vs_lor,0.012413152160142164,0,confounds_motion_propofol
sub-15,2,LOR_task2,1,awake_base1_vs_lor,0.6154272088273367,1,confounds_motion_propofol
sub-15,3,LOR_task3,1,awake_base1_vs_lor,0.4029494438635102,0,confounds_motion_propofol
sub-16,1,Base1,0,awake_base1_vs_lor,0.01769562148940935,0,confounds_motion_propofol
sub-16,3,LOR_task3,1,awake_base1_vs_lor,0.9991494004607012,1,confounds_motion_propofol
sub-17,1,Base1,0,awake_base1_vs_lor,0.022178294085145607,0,confounds_motion_propofol
sub-17,2,LOR_task2,1,awake_base1_vs_lor,0.8716033616538715,1,confounds_motion_propofol
sub-17,3,LOR_task3,1,awake_base1_vs_lor,0.8327739742195569,1,confounds_motion_propofol
sub-18,1,Base1,0,awake_base1_vs_lor,0.01814248741953443,0,confounds_motion_propofol
sub-18,2,LOR_task2,1,awake_base1_vs_lor,0.9976440929411633,1,confounds_motion_propofol
sub-18,3,LOR_task3,1,awake_base1_vs_lor,0.9961863295786545,1,confounds_motion_propofol
sub-19,1,Base1,0,awake_base1_vs_lor,0.01770411230888171,0,confounds_motion_propofol
sub-19,2,LOR_task2,1,awake_base1_vs_lor,0.9821888272937234,1,confounds_motion_propofol
sub-19,3,LOR_task3,1,awake_base1_vs_lor,0.48551540917282143,0,confounds_motion_propofol
sub-20,1,Base1,0,awake_base1_vs_lor,0.016527089866076233,0,confounds_motion_propofol
sub-20,2,LOR_task2,1,awake_base1_vs_lor,0.999711815756171,1,confounds_motion_propofol
sub-20,3,LOR_task3,1,awake_base1_vs_lor,0.9994474067710017,1,confounds_motion_propofol
sub-21,1,Base1,0,awake_base1_vs_lor,0.018631820556828223,0,confounds_motion_propofol
sub-21,2,LOR_task2,1,awake_base1_vs_lor,0.9951319933990898,1,confounds_motion_propofol
sub-21,3,LOR_task3,1,awake_base1_vs_lor,0.9913649639671329,1,confounds_motion_propofol
sub-22,1,Base1,0,awake_base1_vs_lor,0.017339073057325852,0,confounds_motion_propofol
sub-22,2,LOR_task2,1,awake_base1_vs_lor,0.9987339122554116,1,confounds_motion_propofol
sub-22,3,LOR_task3,1,awake_base1_vs_lor,0.99447924553845,1,confounds_motion_propofol
sub-23,1,Base1,0,awake_base1_vs_lor,0.018754588231003486,0,confounds_motion_propofol
sub-23,2,LOR_task2,1,awake_base1_vs_lor,0.995662023474133,1,confounds_motion_propofol
sub-23,3,LOR_task3,1,awake_base1_vs_lor,0.9966467129435642,1,confounds_motion_propofol
sub-24,1,Base1,0,awake_base1_vs_lor,0.021481217365207042,0,confounds_motion_propofol
sub-24,2,LOR_task2,1,awake_base1_vs_lor,0.9660969348278071,1,confounds_motion_propofol
sub-24,3,LOR_task3,1,awake_base1_vs_lor,0.8937663948172441,1,confounds_motion_propofol
sub-25,1,Base1,0,awake_base1_vs_lor,0.020176822629417706,0,confounds_motion_propofol
sub-25,2,LOR_task2,1,awake_base1_vs_lor,0.9990570860541408,1,confounds_motion_propofol
sub-25,3,LOR_task3,1,awake_base1_vs_lor,0.9934395929805747,1,confounds_motion_propofol
sub-26,1,Base1,0,awake_base1_vs_lor,0.0255152431836037,0,confounds_motion_propofol
sub-26,2,LOR_task2,1,awake_base1_vs_lor,0.9808810025291437,1,confounds_motion_propofol
sub-26,3,LOR_task3,1,awake_base1_vs_lor,0.9766281865593122,1,confounds_motion_propofol
sub-27,1,Base1,0,awake_base1_vs_lor,0.018394894413933147,0,confounds_motion_propofol
sub-27,2,LOR_task2,1,awake_base1_vs_lor,0.9404419771454777,1,confounds_motion_propofol
sub-27,3,LOR_task3,1,awake_base1_vs_lor,0.9662046433568964,1,confounds_motion_propofol
sub-28,1,Base1,0,awake_base1_vs_lor,0.022418692856670776,0,confounds_motion_propofol
sub-28,2,LOR_task2,1,awake_base1_vs_lor,0.996515405300743,1,confounds_motion_propofol
sub-28,3,LOR_task3,1,awake_base1_vs_lor,0.9907742103031941,1,confounds_motion_propofol
sub-29,1,Base1,0,awake_base1_vs_lor,0.02377683524382546,0,confounds_motion_propofol
sub-29,2,LOR_task2,1,awake_base1_vs_lor,0.9999966168273254,1,confounds_motion_propofol
sub-29,3,LOR_task3,1,awake_base1_vs_lor,0.9999986847387483,1,confounds_motion_propofol
sub-30,1,Base1,0,awake_base1_vs_lor,0.017715345453800473,0,confounds_motion_propofol
sub-30,2,LOR_task2,1,awake_base1_vs_lor,0.9780711488975525,1,confounds_motion_propofol
sub-30,3,LOR_task3,1,awake_base1_vs_lor,0.9965366698958809,1,confounds_motion_propofol
sub-02,1,Base1,0,awake_base1_vs_lor,0.013099005269142748,0,standard_fc_plus_confounds
sub-02,2,LOR_task2,1,awake_base1_vs_lor,0.9873630220509795,1,standard_fc_plus_confounds
sub-02,3,LOR_task3,1,awake_base1_vs_lor,0.962518961150355,1,standard_fc_plus_confounds
sub-03,1,Base1,0,awake_base1_vs_lor,0.00833530902248172,0,standard_fc_plus_confounds
sub-03,2,LOR_task2,1,awake_base1_vs_lor,0.9893718220969782,1,standard_fc_plus_confounds
sub-03,3,LOR_task3,1,awake_base1_vs_lor,0.9412700758981329,1,standard_fc_plus_confounds
sub-04,1,Base1,0,awake_base1_vs_lor,0.012349626384648881,0,standard_fc_plus_confounds
sub-04,2,LOR_task2,1,awake_base1_vs_lor,0.9854284851039001,1,standard_fc_plus_confounds
sub-04,3,LOR_task3,1,awake_base1_vs_lor,0.9208242635300607,1,standard_fc_plus_confounds
sub-05,1,Base1,0,awake_base1_vs_lor,0.018434483485763837,0,standard_fc_plus_confounds
sub-05,2,LOR_task2,1,awake_base1_vs_lor,0.9954121950767217,1,standard_fc_plus_confounds
sub-05,3,LOR_task3,1,awake_base1_vs_lor,0.9703095417614815,1,standard_fc_plus_confounds
sub-06,1,Base1,0,awake_base1_vs_lor,0.016885362576889048,0,standard_fc_plus_confounds
sub-06,2,LOR_task2,1,awake_base1_vs_lor,0.9789234160573218,1,standard_fc_plus_confounds
sub-06,3,LOR_task3,1,awake_base1_vs_lor,0.8864836706992137,1,standard_fc_plus_confounds
sub-07,1,Base1,0,awake_base1_vs_lor,0.0181762751452823,0,standard_fc_plus_confounds
sub-07,2,LOR_task2,1,awake_base1_vs_lor,0.9935148196965357,1,standard_fc_plus_confounds
sub-07,3,LOR_task3,1,awake_base1_vs_lor,0.9335304804884604,1,standard_fc_plus_confounds
sub-11,1,Base1,0,awake_base1_vs_lor,0.011565230687725811,0,standard_fc_plus_confounds
sub-11,2,LOR_task2,1,awake_base1_vs_lor,0.9116316373946853,1,standard_fc_plus_confounds
sub-11,3,LOR_task3,1,awake_base1_vs_lor,0.8851403389685832,1,standard_fc_plus_confounds
sub-12,1,Base1,0,awake_base1_vs_lor,0.01942273696459756,0,standard_fc_plus_confounds
sub-12,2,LOR_task2,1,awake_base1_vs_lor,0.9742501932774372,1,standard_fc_plus_confounds
sub-12,3,LOR_task3,1,awake_base1_vs_lor,0.981185481335316,1,standard_fc_plus_confounds
sub-13,1,Base1,0,awake_base1_vs_lor,0.011737918048945055,0,standard_fc_plus_confounds
sub-13,2,LOR_task2,1,awake_base1_vs_lor,0.9659673932547889,1,standard_fc_plus_confounds
sub-13,3,LOR_task3,1,awake_base1_vs_lor,0.9862653981017279,1,standard_fc_plus_confounds
sub-14,1,Base1,0,awake_base1_vs_lor,0.019948587889465987,0,standard_fc_plus_confounds
sub-14,2,LOR_task2,1,awake_base1_vs_lor,0.8685063383339675,1,standard_fc_plus_confounds
sub-14,3,LOR_task3,1,awake_base1_vs_lor,0.8134451815125502,1,standard_fc_plus_confounds
sub-15,1,Base1,0,awake_base1_vs_lor,0.009446165916872354,0,standard_fc_plus_confounds
sub-15,2,LOR_task2,1,awake_base1_vs_lor,0.6427128224767663,1,standard_fc_plus_confounds
sub-15,3,LOR_task3,1,awake_base1_vs_lor,0.5822443814138356,1,standard_fc_plus_confounds
sub-16,1,Base1,0,awake_base1_vs_lor,0.014737523571909987,0,standard_fc_plus_confounds
sub-16,3,LOR_task3,1,awake_base1_vs_lor,0.999818005581839,1,standard_fc_plus_confounds
sub-17,1,Base1,0,awake_base1_vs_lor,0.021660372803669243,0,standard_fc_plus_confounds
sub-17,2,LOR_task2,1,awake_base1_vs_lor,0.7637302583761707,1,standard_fc_plus_confounds
sub-17,3,LOR_task3,1,awake_base1_vs_lor,0.7032448169656238,1,standard_fc_plus_confounds
sub-18,1,Base1,0,awake_base1_vs_lor,0.02113324782367461,0,standard_fc_plus_confounds
sub-18,2,LOR_task2,1,awake_base1_vs_lor,0.9968881902356862,1,standard_fc_plus_confounds
sub-18,3,LOR_task3,1,awake_base1_vs_lor,0.996101414284289,1,standard_fc_plus_confounds
sub-19,1,Base1,0,awake_base1_vs_lor,0.011208177034319037,0,standard_fc_plus_confounds
sub-19,2,LOR_task2,1,awake_base1_vs_lor,0.9890278488577331,1,standard_fc_plus_confounds
sub-19,3,LOR_task3,1,awake_base1_vs_lor,0.4029122555425359,0,standard_fc_plus_confounds
sub-20,1,Base1,0,awake_base1_vs_lor,0.021109604427502263,0,standard_fc_plus_confounds
sub-20,2,LOR_task2,1,awake_base1_vs_lor,0.9985445038384245,1,standard_fc_plus_confounds
sub-20,3,LOR_task3,1,awake_base1_vs_lor,0.999693881656049,1,standard_fc_plus_confounds
sub-21,1,Base1,0,awake_base1_vs_lor,0.035275350146303126,0,standard_fc_plus_confounds
sub-21,2,LOR_task2,1,awake_base1_vs_lor,0.9970250844133126,1,standard_fc_plus_confounds
sub-21,3,LOR_task3,1,awake_base1_vs_lor,0.9930872363644553,1,standard_fc_plus_confounds
sub-22,1,Base1,0,awake_base1_vs_lor,0.011172851956512382,0,standard_fc_plus_confounds
sub-22,2,LOR_task2,1,awake_base1_vs_lor,0.9936721347093416,1,standard_fc_plus_confounds
sub-22,3,LOR_task3,1,awake_base1_vs_lor,0.9907700657037858,1,standard_fc_plus_confounds
sub-23,1,Base1,0,awake_base1_vs_lor,0.008018200802121402,0,standard_fc_plus_confounds
sub-23,2,LOR_task2,1,awake_base1_vs_lor,0.9955410018273639,1,standard_fc_plus_confounds
sub-23,3,LOR_task3,1,awake_base1_vs_lor,0.9973657403092395,1,standard_fc_plus_confounds
sub-24,1,Base1,0,awake_base1_vs_lor,0.017857748570241593,0,standard_fc_plus_confounds
sub-24,2,LOR_task2,1,awake_base1_vs_lor,0.9488433139997805,1,standard_fc_plus_confounds
sub-24,3,LOR_task3,1,awake_base1_vs_lor,0.7851112216939617,1,standard_fc_plus_confounds
sub-25,1,Base1,0,awake_base1_vs_lor,0.021359732295372438,0,standard_fc_plus_confounds
sub-25,2,LOR_task2,1,awake_base1_vs_lor,0.9978202762043217,1,standard_fc_plus_confounds
sub-25,3,LOR_task3,1,awake_base1_vs_lor,0.9940897048978807,1,standard_fc_plus_confounds
sub-26,1,Base1,0,awake_base1_vs_lor,0.020613851638161963,0,standard_fc_plus_confounds
sub-26,2,LOR_task2,1,awake_base1_vs_lor,0.9710331932877181,1,standard_fc_plus_confounds
sub-26,3,LOR_task3,1,awake_base1_vs_lor,0.982152257071359,1,standard_fc_plus_confounds
sub-27,1,Base1,0,awake_base1_vs_lor,0.0072616325312497175,0,standard_fc_plus_confounds
sub-27,2,LOR_task2,1,awake_base1_vs_lor,0.9651737871582455,1,standard_fc_plus_confounds
sub-27,3,LOR_task3,1,awake_base1_vs_lor,0.9844133385226245,1,standard_fc_plus_confounds
sub-28,1,Base1,0,awake_base1_vs_lor,0.010484638968750315,0,standard_fc_plus_confounds
sub-28,2,LOR_task2,1,awake_base1_vs_lor,0.9967021798945526,1,standard_fc_plus_confounds
sub-28,3,LOR_task3,1,awake_base1_vs_lor,0.9860574819892839,1,standard_fc_plus_confounds
sub-29,1,Base1,0,awake_base1_vs_lor,0.017047434289665608,0,standard_fc_plus_confounds
sub-29,2,LOR_task2,1,awake_base1_vs_lor,0.9999948390740782,1,standard_fc_plus_confounds
sub-29,3,LOR_task3,1,awake_base1_vs_lor,0.9999996331897854,1,standard_fc_plus_confounds
sub-30,1,Base1,0,awake_base1_vs_lor,0.028899229776031023,0,standard_fc_plus_confounds
sub-30,2,LOR_task2,1,awake_base1_vs_lor,0.9862523121828816,1,standard_fc_plus_confounds
sub-30,3,LOR_task3,1,awake_base1_vs_lor,0.9957233128215451,1,standard_fc_plus_confounds
sub-02,1,Base1,0,awake_base1_vs_lor,0.01263182631575721,0,gcc_core_plus_confounds
sub-02,2,LOR_task2,1,awake_base1_vs_lor,0.9898675056731625,1,gcc_core_plus_confounds
sub-02,3,LOR_task3,1,awake_base1_vs_lor,0.9667895877865257,1,gcc_core_plus_confounds
sub-03,1,Base1,0,awake_base1_vs_lor,0.006501970231892173,0,gcc_core_plus_confounds
sub-03,2,LOR_task2,1,awake_base1_vs_lor,0.9913155785511427,1,gcc_core_plus_confounds
sub-03,3,LOR_task3,1,awake_base1_vs_lor,0.9457306983962608,1,gcc_core_plus_confounds
sub-04,1,Base1,0,awake_base1_vs_lor,0.012030594754537544,0,gcc_core_plus_confounds
sub-04,2,LOR_task2,1,awake_base1_vs_lor,0.9869791583167179,1,gcc_core_plus_confounds
sub-04,3,LOR_task3,1,awake_base1_vs_lor,0.9319456810423898,1,gcc_core_plus_confounds
sub-05,1,Base1,0,awake_base1_vs_lor,0.019073033638152614,0,gcc_core_plus_confounds
sub-05,2,LOR_task2,1,awake_base1_vs_lor,0.9953086260156676,1,gcc_core_plus_confounds
sub-05,3,LOR_task3,1,awake_base1_vs_lor,0.9707411249555791,1,gcc_core_plus_confounds
sub-06,1,Base1,0,awake_base1_vs_lor,0.016113559688094036,0,gcc_core_plus_confounds
sub-06,2,LOR_task2,1,awake_base1_vs_lor,0.9745095014513173,1,gcc_core_plus_confounds
sub-06,3,LOR_task3,1,awake_base1_vs_lor,0.882179778377505,1,gcc_core_plus_confounds
sub-07,1,Base1,0,awake_base1_vs_lor,0.01834686176776387,0,gcc_core_plus_confounds
sub-07,2,LOR_task2,1,awake_base1_vs_lor,0.9930441077839318,1,gcc_core_plus_confounds
sub-07,3,LOR_task3,1,awake_base1_vs_lor,0.9348716505347364,1,gcc_core_plus_confounds
sub-11,1,Base1,0,awake_base1_vs_lor,0.010157429612831023,0,gcc_core_plus_confounds
sub-11,2,LOR_task2,1,awake_base1_vs_lor,0.9198930917367639,1,gcc_core_plus_confounds
sub-11,3,LOR_task3,1,awake_base1_vs_lor,0.8899876424694971,1,gcc_core_plus_confounds
sub-12,1,Base1,0,awake_base1_vs_lor,0.02223322719947871,0,gcc_core_plus_confounds
sub-12,2,LOR_task2,1,awake_base1_vs_lor,0.9769051560550626,1,gcc_core_plus_confounds
sub-12,3,LOR_task3,1,awake_base1_vs_lor,0.9818878309351601,1,gcc_core_plus_confounds
sub-13,1,Base1,0,awake_base1_vs_lor,0.011546952575836503,0,gcc_core_plus_confounds
sub-13,2,LOR_task2,1,awake_base1_vs_lor,0.9709757820430545,1,gcc_core_plus_confounds
sub-13,3,LOR_task3,1,awake_base1_vs_lor,0.9856804476654054,1,gcc_core_plus_confounds
sub-14,1,Base1,0,awake_base1_vs_lor,0.018271411085537752,0,gcc_core_plus_confounds
sub-14,2,LOR_task2,1,awake_base1_vs_lor,0.8665490393911238,1,gcc_core_plus_confounds
sub-14,3,LOR_task3,1,awake_base1_vs_lor,0.8240424700588939,1,gcc_core_plus_confounds
sub-15,1,Base1,0,awake_base1_vs_lor,0.009437135509131068,0,gcc_core_plus_confounds
sub-15,2,LOR_task2,1,awake_base1_vs_lor,0.6620226142251001,1,gcc_core_plus_confounds
sub-15,3,LOR_task3,1,awake_base1_vs_lor,0.595986535781787,1,gcc_core_plus_confounds
sub-16,1,Base1,0,awake_base1_vs_lor,0.014357251182140866,0,gcc_core_plus_confounds
sub-16,3,LOR_task3,1,awake_base1_vs_lor,0.9997292520099033,1,gcc_core_plus_confounds
sub-17,1,Base1,0,awake_base1_vs_lor,0.019341725030903496,0,gcc_core_plus_confounds
sub-17,2,LOR_task2,1,awake_base1_vs_lor,0.8031746909426949,1,gcc_core_plus_confounds
sub-17,3,LOR_task3,1,awake_base1_vs_lor,0.6923011452329002,1,gcc_core_plus_confounds
sub-18,1,Base1,0,awake_base1_vs_lor,0.022568003877599923,0,gcc_core_plus_confounds
sub-18,2,LOR_task2,1,awake_base1_vs_lor,0.9967307149433525,1,gcc_core_plus_confounds
sub-18,3,LOR_task3,1,awake_base1_vs_lor,0.9958248969847083,1,gcc_core_plus_confounds
sub-19,1,Base1,0,awake_base1_vs_lor,0.010735407345617346,0,gcc_core_plus_confounds
sub-19,2,LOR_task2,1,awake_base1_vs_lor,0.9892002877971311,1,gcc_core_plus_confounds
sub-19,3,LOR_task3,1,awake_base1_vs_lor,0.4401576249316037,0,gcc_core_plus_confounds
sub-20,1,Base1,0,awake_base1_vs_lor,0.022806423380252613,0,gcc_core_plus_confounds
sub-20,2,LOR_task2,1,awake_base1_vs_lor,0.9984828132903869,1,gcc_core_plus_confounds
sub-20,3,LOR_task3,1,awake_base1_vs_lor,0.9996548162868581,1,gcc_core_plus_confounds
sub-21,1,Base1,0,awake_base1_vs_lor,0.03721968080167747,0,gcc_core_plus_confounds
sub-21,2,LOR_task2,1,awake_base1_vs_lor,0.9974802030081569,1,gcc_core_plus_confounds
sub-21,3,LOR_task3,1,awake_base1_vs_lor,0.9947013227267185,1,gcc_core_plus_confounds
sub-22,1,Base1,0,awake_base1_vs_lor,0.01051778581625048,0,gcc_core_plus_confounds
sub-22,2,LOR_task2,1,awake_base1_vs_lor,0.9882727280620995,1,gcc_core_plus_confounds
sub-22,3,LOR_task3,1,awake_base1_vs_lor,0.9844277078094058,1,gcc_core_plus_confounds
sub-23,1,Base1,0,awake_base1_vs_lor,0.0052666888807122005,0,gcc_core_plus_confounds
sub-23,2,LOR_task2,1,awake_base1_vs_lor,0.9957375138740477,1,gcc_core_plus_confounds
sub-23,3,LOR_task3,1,awake_base1_vs_lor,0.9975626139086919,1,gcc_core_plus_confounds
sub-24,1,Base1,0,awake_base1_vs_lor,0.017004324666678443,0,gcc_core_plus_confounds
sub-24,2,LOR_task2,1,awake_base1_vs_lor,0.9335179802006839,1,gcc_core_plus_confounds
sub-24,3,LOR_task3,1,awake_base1_vs_lor,0.7689973486264586,1,gcc_core_plus_confounds
sub-25,1,Base1,0,awake_base1_vs_lor,0.01844010678932144,0,gcc_core_plus_confounds
sub-25,2,LOR_task2,1,awake_base1_vs_lor,0.9971075135978799,1,gcc_core_plus_confounds
sub-25,3,LOR_task3,1,awake_base1_vs_lor,0.9925296983662142,1,gcc_core_plus_confounds
sub-26,1,Base1,0,awake_base1_vs_lor,0.018359011715274192,0,gcc_core_plus_confounds
sub-26,2,LOR_task2,1,awake_base1_vs_lor,0.9626004298019969,1,gcc_core_plus_confounds
sub-26,3,LOR_task3,1,awake_base1_vs_lor,0.9764206735145203,1,gcc_core_plus_confounds
sub-27,1,Base1,0,awake_base1_vs_lor,0.006061464478095375,0,gcc_core_plus_confounds
sub-27,2,LOR_task2,1,awake_base1_vs_lor,0.9666452047299848,1,gcc_core_plus_confounds
sub-27,3,LOR_task3,1,awake_base1_vs_lor,0.9828027474641997,1,gcc_core_plus_confounds
sub-28,1,Base1,0,awake_base1_vs_lor,0.00881513079682062,0,gcc_core_plus_confounds
sub-28,2,LOR_task2,1,awake_base1_vs_lor,0.9970770579612113,1,gcc_core_plus_confounds
sub-28,3,LOR_task3,1,awake_base1_vs_lor,0.9853619665299677,1,gcc_core_plus_confounds
sub-29,1,Base1,0,awake_base1_vs_lor,0.015687197255667126,0,gcc_core_plus_confounds
sub-29,2,LOR_task2,1,awake_base1_vs_lor,0.9999945956885229,1,gcc_core_plus_confounds
sub-29,3,LOR_task3,1,awake_base1_vs_lor,0.9999993846853481,1,gcc_core_plus_confounds
sub-30,1,Base1,0,awake_base1_vs_lor,0.03605492246854609,0,gcc_core_plus_confounds
sub-30,2,LOR_task2,1,awake_base1_vs_lor,0.9882882742989588,1,gcc_core_plus_confounds
sub-30,3,LOR_task3,1,awake_base1_vs_lor,0.9954831736754882,1,gcc_core_plus_confounds
sub-02,1,Base1,0,awake_base1_vs_lor,0.008945628820363661,0,gcc_regime_plus_confounds
sub-02,2,LOR_task2,1,awake_base1_vs_lor,0.993038311763579,1,gcc_regime_plus_confounds
sub-02,3,LOR_task3,1,awake_base1_vs_lor,0.9493907417505224,1,gcc_regime_plus_confounds
sub-03,1,Base1,0,awake_base1_vs_lor,0.006009658183029089,0,gcc_regime_plus_confounds
sub-03,2,LOR_task2,1,awake_base1_vs_lor,0.9970751845898452,1,gcc_regime_plus_confounds
sub-03,3,LOR_task3,1,awake_base1_vs_lor,0.9804366726954745,1,gcc_regime_plus_confounds
sub-04,1,Base1,0,awake_base1_vs_lor,0.009573217520071368,0,gcc_regime_plus_confounds
sub-04,2,LOR_task2,1,awake_base1_vs_lor,0.9872793590730033,1,gcc_regime_plus_confounds
sub-04,3,LOR_task3,1,awake_base1_vs_lor,0.9805335465625421,1,gcc_regime_plus_confounds
sub-05,1,Base1,0,awake_base1_vs_lor,0.014710825878385854,0,gcc_regime_plus_confounds
sub-05,2,LOR_task2,1,awake_base1_vs_lor,0.9938154908002331,1,gcc_regime_plus_confounds
sub-05,3,LOR_task3,1,awake_base1_vs_lor,0.9611956455268782,1,gcc_regime_plus_confounds
sub-06,1,Base1,0,awake_base1_vs_lor,0.008425479105837628,0,gcc_regime_plus_confounds
sub-06,2,LOR_task2,1,awake_base1_vs_lor,0.9743566814178599,1,gcc_regime_plus_confounds
sub-06,3,LOR_task3,1,awake_base1_vs_lor,0.7815840981913127,1,gcc_regime_plus_confounds
sub-07,1,Base1,0,awake_base1_vs_lor,0.011923139855477292,0,gcc_regime_plus_confounds
sub-07,2,LOR_task2,1,awake_base1_vs_lor,0.997379088054766,1,gcc_regime_plus_confounds
sub-07,3,LOR_task3,1,awake_base1_vs_lor,0.9762196610679468,1,gcc_regime_plus_confounds
sub-11,1,Base1,0,awake_base1_vs_lor,0.00886305215459871,0,gcc_regime_plus_confounds
sub-11,2,LOR_task2,1,awake_base1_vs_lor,0.9025493554411532,1,gcc_regime_plus_confounds
sub-11,3,LOR_task3,1,awake_base1_vs_lor,0.8970904277832833,1,gcc_regime_plus_confounds
sub-12,1,Base1,0,awake_base1_vs_lor,0.018028400261618505,0,gcc_regime_plus_confounds
sub-12,2,LOR_task2,1,awake_base1_vs_lor,0.9586094681920289,1,gcc_regime_plus_confounds
sub-12,3,LOR_task3,1,awake_base1_vs_lor,0.9804480996466098,1,gcc_regime_plus_confounds
sub-13,1,Base1,0,awake_base1_vs_lor,0.00843587807060204,0,gcc_regime_plus_confounds
sub-13,2,LOR_task2,1,awake_base1_vs_lor,0.9636392880103869,1,gcc_regime_plus_confounds
sub-13,3,LOR_task3,1,awake_base1_vs_lor,0.9816249948438519,1,gcc_regime_plus_confounds
sub-14,1,Base1,0,awake_base1_vs_lor,0.013342592913462918,0,gcc_regime_plus_confounds
sub-14,2,LOR_task2,1,awake_base1_vs_lor,0.6598881391788921,1,gcc_regime_plus_confounds
sub-14,3,LOR_task3,1,awake_base1_vs_lor,0.6744879914753988,1,gcc_regime_plus_confounds
sub-15,1,Base1,0,awake_base1_vs_lor,0.010562689695792606,0,gcc_regime_plus_confounds
sub-15,2,LOR_task2,1,awake_base1_vs_lor,0.7835720938399139,1,gcc_regime_plus_confounds
sub-15,3,LOR_task3,1,awake_base1_vs_lor,0.8054560064601016,1,gcc_regime_plus_confounds
sub-16,1,Base1,0,awake_base1_vs_lor,0.009556604335830469,0,gcc_regime_plus_confounds
sub-16,3,LOR_task3,1,awake_base1_vs_lor,0.9994506937782968,1,gcc_regime_plus_confounds
sub-17,1,Base1,0,awake_base1_vs_lor,0.01040473544324256,0,gcc_regime_plus_confounds
sub-17,2,LOR_task2,1,awake_base1_vs_lor,0.9489213208421334,1,gcc_regime_plus_confounds
sub-17,3,LOR_task3,1,awake_base1_vs_lor,0.812481941977716,1,gcc_regime_plus_confounds
sub-18,1,Base1,0,awake_base1_vs_lor,0.013248658205127276,0,gcc_regime_plus_confounds
sub-18,2,LOR_task2,1,awake_base1_vs_lor,0.9902930539910233,1,gcc_regime_plus_confounds
sub-18,3,LOR_task3,1,awake_base1_vs_lor,0.9956869562016742,1,gcc_regime_plus_confounds
sub-19,1,Base1,0,awake_base1_vs_lor,0.008427318866320978,0,gcc_regime_plus_confounds
sub-19,2,LOR_task2,1,awake_base1_vs_lor,0.9923965218244164,1,gcc_regime_plus_confounds
sub-19,3,LOR_task3,1,awake_base1_vs_lor,0.7146570507785147,1,gcc_regime_plus_confounds
sub-20,1,Base1,0,awake_base1_vs_lor,0.020891097068529346,0,gcc_regime_plus_confounds
sub-20,2,LOR_task2,1,awake_base1_vs_lor,0.9961936143550546,1,gcc_regime_plus_confounds
sub-20,3,LOR_task3,1,awake_base1_vs_lor,0.9997152327003479,1,gcc_regime_plus_confounds
sub-21,1,Base1,0,awake_base1_vs_lor,0.028793750592119003,0,gcc_regime_plus_confounds
sub-21,2,LOR_task2,1,awake_base1_vs_lor,0.992189079484086,1,gcc_regime_plus_confounds
sub-21,3,LOR_task3,1,awake_base1_vs_lor,0.9824418694922238,1,gcc_regime_plus_confounds
sub-22,1,Base1,0,awake_base1_vs_lor,0.0074907575271476266,0,gcc_regime_plus_confounds
sub-22,2,LOR_task2,1,awake_base1_vs_lor,0.9917247590883999,1,gcc_regime_plus_confounds
sub-22,3,LOR_task3,1,awake_base1_vs_lor,0.9846836642163237,1,gcc_regime_plus_confounds
sub-23,1,Base1,0,awake_base1_vs_lor,0.004316863920915681,0,gcc_regime_plus_confounds
sub-23,2,LOR_task2,1,awake_base1_vs_lor,0.9973318967930761,1,gcc_regime_plus_confounds
sub-23,3,LOR_task3,1,awake_base1_vs_lor,0.9991603534226271,1,gcc_regime_plus_confounds
sub-24,1,Base1,0,awake_base1_vs_lor,0.011767420447000312,0,gcc_regime_plus_confounds
sub-24,2,LOR_task2,1,awake_base1_vs_lor,0.8905849680473139,1,gcc_regime_plus_confounds
sub-24,3,LOR_task3,1,awake_base1_vs_lor,0.7930790366609045,1,gcc_regime_plus_confounds
sub-25,1,Base1,0,awake_base1_vs_lor,0.014159575964171833,0,gcc_regime_plus_confounds
sub-25,2,LOR_task2,1,awake_base1_vs_lor,0.9936467143254665,1,gcc_regime_plus_confounds
sub-25,3,LOR_task3,1,awake_base1_vs_lor,0.9906040914246343,1,gcc_regime_plus_confounds
sub-26,1,Base1,0,awake_base1_vs_lor,0.011284589332461481,0,gcc_regime_plus_confounds
sub-26,2,LOR_task2,1,awake_base1_vs_lor,0.9560153415102888,1,gcc_regime_plus_confounds
sub-26,3,LOR_task3,1,awake_base1_vs_lor,0.9492087388071417,1,gcc_regime_plus_confounds
sub-27,1,Base1,0,awake_base1_vs_lor,0.0059468619194802,0,gcc_regime_plus_confounds
sub-27,2,LOR_task2,1,awake_base1_vs_lor,0.9849493823772842,1,gcc_regime_plus_confounds
sub-27,3,LOR_task3,1,awake_base1_vs_lor,0.9918763047036042,1,gcc_regime_plus_confounds
sub-28,1,Base1,0,awake_base1_vs_lor,0.006974085903247321,0,gcc_regime_plus_confounds
sub-28,2,LOR_task2,1,awake_base1_vs_lor,0.9986725366905396,1,gcc_regime_plus_confounds
sub-28,3,LOR_task3,1,awake_base1_vs_lor,0.9643566616867965,1,gcc_regime_plus_confounds
sub-29,1,Base1,0,awake_base1_vs_lor,0.009613020117481098,0,gcc_regime_plus_confounds
sub-29,2,LOR_task2,1,awake_base1_vs_lor,0.9999821727982098,1,gcc_regime_plus_confounds
sub-29,3,LOR_task3,1,awake_base1_vs_lor,0.9999989530888358,1,gcc_regime_plus_confounds
sub-30,1,Base1,0,awake_base1_vs_lor,0.0269788156438153,0,gcc_regime_plus_confounds
sub-30,2,LOR_task2,1,awake_base1_vs_lor,0.9763797802481806,1,gcc_regime_plus_confounds
sub-30,3,LOR_task3,1,awake_base1_vs_lor,0.9962357433153692,1,gcc_regime_plus_confounds
sub-02,1,Base1,0,awake_base1_vs_lor,0.0077457518088031975,0,full_standard_plus_gcc
sub-02,2,LOR_task2,1,awake_base1_vs_lor,0.9935033415987307,1,full_standard_plus_gcc
sub-02,3,LOR_task3,1,awake_base1_vs_lor,0.9573761597383585,1,full_standard_plus_gcc
sub-03,1,Base1,0,awake_base1_vs_lor,0.00447064860140283,0,full_standard_plus_gcc
sub-03,2,LOR_task2,1,awake_base1_vs_lor,0.9969939712218009,1,full_standard_plus_gcc
sub-03,3,LOR_task3,1,awake_base1_vs_lor,0.9798103750770341,1,full_standard_plus_gcc
sub-04,1,Base1,0,awake_base1_vs_lor,0.008607714368648777,0,full_standard_plus_gcc
sub-04,2,LOR_task2,1,awake_base1_vs_lor,0.9862904930883866,1,full_standard_plus_gcc
sub-04,3,LOR_task3,1,awake_base1_vs_lor,0.9797047139901802,1,full_standard_plus_gcc
sub-05,1,Base1,0,awake_base1_vs_lor,0.014233626180872186,0,full_standard_plus_gcc
sub-05,2,LOR_task2,1,awake_base1_vs_lor,0.9954807227010379,1,full_standard_plus_gcc
sub-05,3,LOR_task3,1,awake_base1_vs_lor,0.9612554724901766,1,full_standard_plus_gcc
sub-06,1,Base1,0,awake_base1_vs_lor,0.0072328699655279756,0,full_standard_plus_gcc
sub-06,2,LOR_task2,1,awake_base1_vs_lor,0.9692862021527604,1,full_standard_plus_gcc
sub-06,3,LOR_task3,1,awake_base1_vs_lor,0.7690374734800074,1,full_standard_plus_gcc
sub-07,1,Base1,0,awake_base1_vs_lor,0.01094718735926953,0,full_standard_plus_gcc
sub-07,2,LOR_task2,1,awake_base1_vs_lor,0.9980773249841774,1,full_standard_plus_gcc
sub-07,3,LOR_task3,1,awake_base1_vs_lor,0.9778270079260983,1,full_standard_plus_gcc
sub-11,1,Base1,0,awake_base1_vs_lor,0.0073628510842458535,0,full_standard_plus_gcc
sub-11,2,LOR_task2,1,awake_base1_vs_lor,0.9092653562442534,1,full_standard_plus_gcc
sub-11,3,LOR_task3,1,awake_base1_vs_lor,0.9203527097407744,1,full_standard_plus_gcc
sub-12,1,Base1,0,awake_base1_vs_lor,0.01754103426823017,0,full_standard_plus_gcc
sub-12,2,LOR_task2,1,awake_base1_vs_lor,0.9635968952823369,1,full_standard_plus_gcc
sub-12,3,LOR_task3,1,awake_base1_vs_lor,0.9830574953687469,1,full_standard_plus_gcc
sub-13,1,Base1,0,awake_base1_vs_lor,0.007013358852961353,0,full_standard_plus_gcc
sub-13,2,LOR_task2,1,awake_base1_vs_lor,0.9591605396617243,1,full_standard_plus_gcc
sub-13,3,LOR_task3,1,awake_base1_vs_lor,0.9831651692408531,1,full_standard_plus_gcc
sub-14,1,Base1,0,awake_base1_vs_lor,0.013908643790622587,0,full_standard_plus_gcc
sub-14,2,LOR_task2,1,awake_base1_vs_lor,0.6873883458345303,1,full_standard_plus_gcc
sub-14,3,LOR_task3,1,awake_base1_vs_lor,0.6680423978107529,1,full_standard_plus_gcc
sub-15,1,Base1,0,awake_base1_vs_lor,0.009328809701223673,0,full_standard_plus_gcc
sub-15,2,LOR_task2,1,awake_base1_vs_lor,0.7909917508549752,1,full_standard_plus_gcc
sub-15,3,LOR_task3,1,awake_base1_vs_lor,0.8448740685157817,1,full_standard_plus_gcc
sub-16,1,Base1,0,awake_base1_vs_lor,0.008767073572030446,0,full_standard_plus_gcc
sub-16,3,LOR_task3,1,awake_base1_vs_lor,0.9997110321114236,1,full_standard_plus_gcc
sub-17,1,Base1,0,awake_base1_vs_lor,0.009558135266657433,0,full_standard_plus_gcc
sub-17,2,LOR_task2,1,awake_base1_vs_lor,0.932978948684419,1,full_standard_plus_gcc
sub-17,3,LOR_task3,1,awake_base1_vs_lor,0.7747416228207512,1,full_standard_plus_gcc
sub-18,1,Base1,0,awake_base1_vs_lor,0.012931490261159391,0,full_standard_plus_gcc
sub-18,2,LOR_task2,1,awake_base1_vs_lor,0.9897171488664294,1,full_standard_plus_gcc
sub-18,3,LOR_task3,1,awake_base1_vs_lor,0.9958650780257581,1,full_standard_plus_gcc
sub-19,1,Base1,0,awake_base1_vs_lor,0.00713738967959258,0,full_standard_plus_gcc
sub-19,2,LOR_task2,1,awake_base1_vs_lor,0.9935984834788814,1,full_standard_plus_gcc
sub-19,3,LOR_task3,1,awake_base1_vs_lor,0.6865550092251665,1,full_standard_plus_gcc
sub-20,1,Base1,0,awake_base1_vs_lor,0.02168652975729136,0,full_standard_plus_gcc
sub-20,2,LOR_task2,1,awake_base1_vs_lor,0.9942771209595095,1,full_standard_plus_gcc
sub-20,3,LOR_task3,1,awake_base1_vs_lor,0.9997757780824171,1,full_standard_plus_gcc
sub-21,1,Base1,0,awake_base1_vs_lor,0.0339838828558528,0,full_standard_plus_gcc
sub-21,2,LOR_task2,1,awake_base1_vs_lor,0.9935679640937712,1,full_standard_plus_gcc
sub-21,3,LOR_task3,1,awake_base1_vs_lor,0.9838466296652567,1,full_standard_plus_gcc
sub-22,1,Base1,0,awake_base1_vs_lor,0.00630923772822189,0,full_standard_plus_gcc
sub-22,2,LOR_task2,1,awake_base1_vs_lor,0.988420177668931,1,full_standard_plus_gcc
sub-22,3,LOR_task3,1,awake_base1_vs_lor,0.9846220066238396,1,full_standard_plus_gcc
sub-23,1,Base1,0,awake_base1_vs_lor,0.00351921688923061,0,full_standard_plus_gcc
sub-23,2,LOR_task2,1,awake_base1_vs_lor,0.9974008498114629,1,full_standard_plus_gcc
sub-23,3,LOR_task3,1,awake_base1_vs_lor,0.9992368022215089,1,full_standard_plus_gcc
sub-24,1,Base1,0,awake_base1_vs_lor,0.01082740666423719,0,full_standard_plus_gcc
sub-24,2,LOR_task2,1,awake_base1_vs_lor,0.886978809803769,1,full_standard_plus_gcc
sub-24,3,LOR_task3,1,awake_base1_vs_lor,0.7515871664092573,1,full_standard_plus_gcc
sub-25,1,Base1,0,awake_base1_vs_lor,0.01457071377228784,0,full_standard_plus_gcc
sub-25,2,LOR_task2,1,awake_base1_vs_lor,0.9927887095248163,1,full_standard_plus_gcc
sub-25,3,LOR_task3,1,awake_base1_vs_lor,0.9915597882329451,1,full_standard_plus_gcc
sub-26,1,Base1,0,awake_base1_vs_lor,0.010509438795307155,0,full_standard_plus_gcc
sub-26,2,LOR_task2,1,awake_base1_vs_lor,0.9545454716219126,1,full_standard_plus_gcc
sub-26,3,LOR_task3,1,awake_base1_vs_lor,0.9564496367069841,1,full_standard_plus_gcc
sub-27,1,Base1,0,awake_base1_vs_lor,0.004554382342859917,0,full_standard_plus_gcc
sub-27,2,LOR_task2,1,awake_base1_vs_lor,0.9874878170729918,1,full_standard_plus_gcc
sub-27,3,LOR_task3,1,awake_base1_vs_lor,0.9938621472148397,1,full_standard_plus_gcc
sub-28,1,Base1,0,awake_base1_vs_lor,0.00555766807526088,0,full_standard_plus_gcc
sub-28,2,LOR_task2,1,awake_base1_vs_lor,0.9987112898305166,1,full_standard_plus_gcc
sub-28,3,LOR_task3,1,awake_base1_vs_lor,0.9619621602636439,1,full_standard_plus_gcc
sub-29,1,Base1,0,awake_base1_vs_lor,0.00871150300045666,0,full_standard_plus_gcc
sub-29,2,LOR_task2,1,awake_base1_vs_lor,0.9999818287982492,1,full_standard_plus_gcc
sub-29,3,LOR_task3,1,awake_base1_vs_lor,0.9999993837841432,1,full_standard_plus_gcc
sub-30,1,Base1,0,awake_base1_vs_lor,0.02928160415857924,0,full_standard_plus_gcc
sub-30,2,LOR_task2,1,awake_base1_vs_lor,0.9799938395328701,1,full_standard_plus_gcc
sub-30,3,LOR_task3,1,awake_base1_vs_lor,0.9961342993503433,1,full_standard_plus_gcc
sub-02,1,Base1,0,responsive_vs_lor_all_phases,0.005384631117467687,0,confounds_motion_propofol
sub-02,4,Base2,0,responsive_vs_lor_all_phases,0.01809600561146878,0,confounds_motion_propofol
sub-02,2,LOR_task2,1,responsive_vs_lor_all_phases,0.9347417163974546,1,confounds_motion_propofol
sub-02,3,LOR_task3,1,responsive_vs_lor_all_phases,0.697851174593059,1,confounds_motion_propofol
sub-02,2,PreLOR,0,responsive_vs_lor_all_phases,0.058861130817687436,0,confounds_motion_propofol
sub-02,3,ROR,0,responsive_vs_lor_all_phases,0.05046197657261362,0,confounds_motion_propofol
sub-03,1,Base1,0,responsive_vs_lor_all_phases,0.006899390641257992,0,confounds_motion_propofol
sub-03,4,Base2,0,responsive_vs_lor_all_phases,0.01691043406447035,0,confounds_motion_propofol
sub-03,2,LOR_task2,1,responsive_vs_lor_all_phases,0.9713134021474639,1,confounds_motion_propofol
sub-03,3,LOR_task3,1,responsive_vs_lor_all_phases,0.7999158060146654,1,confounds_motion_propofol
sub-03,2,PreLOR,0,responsive_vs_lor_all_phases,0.14945122899270621,0,confounds_motion_propofol
sub-03,3,ROR,0,responsive_vs_lor_all_phases,0.12164876285588187,0,confounds_motion_propofol
sub-04,1,Base1,0,responsive_vs_lor_all_phases,0.0047105146440567175,0,confounds_motion_propofol
sub-04,4,Base2,0,responsive_vs_lor_all_phases,0.01617096624087986,0,confounds_motion_propofol
sub-04,2,LOR_task2,1,responsive_vs_lor_all_phases,0.9785935278676673,1,confounds_motion_propofol
sub-04,3,LOR_task3,1,responsive_vs_lor_all_phases,0.46938821738668896,0,confounds_motion_propofol
sub-04,2,PreLOR,0,responsive_vs_lor_all_phases,0.11430491769491519,0,confounds_motion_propofol
sub-04,3,ROR,0,responsive_vs_lor_all_phases,0.032056750588274854,0,confounds_motion_propofol
sub-05,1,Base1,0,responsive_vs_lor_all_phases,0.006247349644058514,0,confounds_motion_propofol
sub-05,4,Base2,0,responsive_vs_lor_all_phases,0.02130158218213481,0,confounds_motion_propofol
sub-05,2,LOR_task2,1,responsive_vs_lor_all_phases,0.9301456456973491,1,confounds_motion_propofol
sub-05,3,LOR_task3,1,responsive_vs_lor_all_phases,0.7904451864081193,1,confounds_motion_propofol
sub-05,2,PreLOR,0,responsive_vs_lor_all_phases,0.07036597903916082,0,confounds_motion_propofol
sub-05,3,ROR,0,responsive_vs_lor_all_phases,0.06481755377438773,0,confounds_motion_propofol
sub-06,1,Base1,0,responsive_vs_lor_all_phases,0.007086575014959922,0,confounds_motion_propofol
sub-06,4,Base2,0,responsive_vs_lor_all_phases,0.04063325827799875,0,confounds_motion_propofol
sub-06,2,LOR_task2,1,responsive_vs_lor_all_phases,0.9470017062468504,1,confounds_motion_propofol
sub-06,3,LOR_task3,1,responsive_vs_lor_all_phases,0.4086289094222193,0,confounds_motion_propofol
sub-06,2,PreLOR,0,responsive_vs_lor_all_phases,0.11890270002559854,0,confounds_motion_propofol
sub-06,3,ROR,0,responsive_vs_lor_all_phases,0.24077922801243612,0,confounds_motion_propofol
sub-07,1,Base1,0,responsive_vs_lor_all_phases,0.006140727557398864,0,confounds_motion_propofol
sub-07,4,Base2,0,responsive_vs_lor_all_phases,0.023537065244354075,0,confounds_motion_propofol
sub-07,2,LOR_task2,1,responsive_vs_lor_all_phases,0.9592860515295244,1,confounds_motion_propofol
sub-07,3,LOR_task3,1,responsive_vs_lor_all_phases,0.38616380032239694,0,confounds_motion_propofol
sub-07,2,PreLOR,0,responsive_vs_lor_all_phases,0.1712824257168178,0,confounds_motion_propofol
sub-07,3,ROR,0,responsive_vs_lor_all_phases,0.04677971802645186,0,confounds_motion_propofol
sub-11,1,Base1,0,responsive_vs_lor_all_phases,0.005713301024878815,0,confounds_motion_propofol
sub-11,4,Base2,0,responsive_vs_lor_all_phases,0.009658086093030588,0,confounds_motion_propofol
sub-11,2,LOR_task2,1,responsive_vs_lor_all_phases,0.774560574164411,1,confounds_motion_propofol
sub-11,3,LOR_task3,1,responsive_vs_lor_all_phases,0.5129831403623916,1,confounds_motion_propofol
sub-11,2,PreLOR,0,responsive_vs_lor_all_phases,0.07868848152729388,0,confounds_motion_propofol
sub-11,3,ROR,0,responsive_vs_lor_all_phases,0.05651972116204889,0,confounds_motion_propofol
sub-12,1,Base1,0,responsive_vs_lor_all_phases,0.005216258959900229,0,confounds_motion_propofol
sub-12,4,Base2,0,responsive_vs_lor_all_phases,0.0429319248932223,0,confounds_motion_propofol
sub-12,2,LOR_task2,1,responsive_vs_lor_all_phases,0.9714019849041841,1,confounds_motion_propofol
sub-12,3,LOR_task3,1,responsive_vs_lor_all_phases,0.981720981693856,1,confounds_motion_propofol
sub-12,2,PreLOR,0,responsive_vs_lor_all_phases,0.1605504763710572,0,confounds_motion_propofol
sub-12,3,ROR,0,responsive_vs_lor_all_phases,0.11067384738841846,0,confounds_motion_propofol
sub-13,1,Base1,0,responsive_vs_lor_all_phases,0.0058058415254840755,0,confounds_motion_propofol
sub-13,4,Base2,0,responsive_vs_lor_all_phases,0.03993219370730137,0,confounds_motion_propofol
sub-13,2,LOR_task2,1,responsive_vs_lor_all_phases,0.969323969282214,1,confounds_motion_propofol
sub-13,3,LOR_task3,1,responsive_vs_lor_all_phases,0.9828548333728775,1,confounds_motion_propofol
sub-13,2,PreLOR,0,responsive_vs_lor_all_phases,0.15560593524788296,0,confounds_motion_propofol
sub-13,3,ROR,0,responsive_vs_lor_all_phases,0.17063385225759226,0,confounds_motion_propofol
sub-14,1,Base1,0,responsive_vs_lor_all_phases,0.004730825212825005,0,confounds_motion_propofol
sub-14,4,Base2,0,responsive_vs_lor_all_phases,0.021692673316336855,0,confounds_motion_propofol
sub-14,2,LOR_task2,1,responsive_vs_lor_all_phases,0.6417559935195588,1,confounds_motion_propofol
sub-14,3,LOR_task3,1,responsive_vs_lor_all_phases,0.7149580061872535,1,confounds_motion_propofol
sub-14,2,PreLOR,0,responsive_vs_lor_all_phases,0.04560111381431063,0,confounds_motion_propofol
sub-15,1,Base1,0,responsive_vs_lor_all_phases,0.002422751526673328,0,confounds_motion_propofol
sub-15,4,Base2,0,responsive_vs_lor_all_phases,0.00933392112552377,0,confounds_motion_propofol
sub-15,2,LOR_task2,1,responsive_vs_lor_all_phases,0.4347254771258587,0,confounds_motion_propofol
sub-15,3,LOR_task3,1,responsive_vs_lor_all_phases,0.11657124548591906,0,confounds_motion_propofol
sub-15,2,PreLOR,0,responsive_vs_lor_all_phases,0.009489632004465533,0,confounds_motion_propofol
sub-15,3,ROR,0,responsive_vs_lor_all_phases,0.16069098848484453,0,confounds_motion_propofol
sub-16,1,Base1,0,responsive_vs_lor_all_phases,0.004458575037043211,0,confounds_motion_propofol
sub-16,4,Base2,0,responsive_vs_lor_all_phases,0.07691447823716747,0,confounds_motion_propofol
sub-16,3,LOR_task3,1,responsive_vs_lor_all_phases,0.9997638193118596,1,confounds_motion_propofol
sub-16,2,PreLOR,0,responsive_vs_lor_all_phases,0.6475381540363115,1,confounds_motion_propofol
sub-16,3,ROR,0,responsive_vs_lor_all_phases,0.7190644756559809,1,confounds_motion_propofol
sub-17,1,Base1,0,responsive_vs_lor_all_phases,0.007409754736282804,0,confounds_motion_propofol
sub-17,4,Base2,0,responsive_vs_lor_all_phases,0.05360290834085442,0,confounds_motion_propofol
sub-17,2,LOR_task2,1,responsive_vs_lor_all_phases,0.7148563509165092,1,confounds_motion_propofol
sub-17,3,LOR_task3,1,responsive_vs_lor_all_phases,0.658025053092648,1,confounds_motion_propofol
sub-17,2,PreLOR,0,responsive_vs_lor_all_phases,0.3687785871350332,0,confounds_motion_propofol
sub-17,3,ROR,0,responsive_vs_lor_all_phases,0.14802332344211927,0,confounds_motion_propofol
sub-18,1,Base1,0,responsive_vs_lor_all_phases,0.005483664977683326,0,confounds_motion_propofol
sub-18,4,Base2,0,responsive_vs_lor_all_phases,0.10240134843031294,0,confounds_motion_propofol
sub-18,2,LOR_task2,1,responsive_vs_lor_all_phases,0.990585994020136,1,confounds_motion_propofol
sub-18,3,LOR_task3,1,responsive_vs_lor_all_phases,0.9977757803112443,1,confounds_motion_propofol
sub-18,2,PreLOR,0,responsive_vs_lor_all_phases,0.3181857686924524,0,confounds_motion_propofol
sub-19,1,Base1,0,responsive_vs_lor_all_phases,0.005452073206855471,0,confounds_motion_propofol
sub-19,4,Base2,0,responsive_vs_lor_all_phases,0.03962821440315301,0,confounds_motion_propofol
sub-19,2,LOR_task2,1,responsive_vs_lor_all_phases,0.965486548853646,1,confounds_motion_propofol
sub-19,3,LOR_task3,1,responsive_vs_lor_all_phases,0.37460260574684184,0,confounds_motion_propofol
sub-19,2,PreLOR,0,responsive_vs_lor_all_phases,0.3410157679448038,0,confounds_motion_propofol
sub-19,3,ROR,0,responsive_vs_lor_all_phases,0.10935400585130699,0,confounds_motion_propofol
sub-20,1,Base1,0,responsive_vs_lor_all_phases,0.0048102604567390956,0,confounds_motion_propofol
sub-20,4,Base2,0,responsive_vs_lor_all_phases,0.3482469098813565,0,confounds_motion_propofol
sub-20,2,LOR_task2,1,responsive_vs_lor_all_phases,0.9998878090261629,1,confounds_motion_propofol
sub-20,3,LOR_task3,1,responsive_vs_lor_all_phases,0.9990152185973684,1,confounds_motion_propofol
sub-20,2,PreLOR,0,responsive_vs_lor_all_phases,0.8660483176818761,1,confounds_motion_propofol
sub-20,3,ROR,0,responsive_vs_lor_all_phases,0.47478988353880597,0,confounds_motion_propofol
sub-21,1,Base1,0,responsive_vs_lor_all_phases,0.005524654103310009,0,confounds_motion_propofol
sub-21,4,Base2,0,responsive_vs_lor_all_phases,0.06169084926820234,0,confounds_motion_propofol
sub-21,2,LOR_task2,1,responsive_vs_lor_all_phases,0.9920088010673227,1,confounds_motion_propofol
sub-21,3,LOR_task3,1,responsive_vs_lor_all_phases,0.9883857675219343,1,confounds_motion_propofol
sub-21,2,PreLOR,0,responsive_vs_lor_all_phases,0.5910761653844491,1,confounds_motion_propofol
sub-21,3,ROR,0,responsive_vs_lor_all_phases,0.20896719970649774,0,confounds_motion_propofol
sub-22,1,Base1,0,responsive_vs_lor_all_phases,0.004804917539968915,0,confounds_motion_propofol
sub-22,4,Base2,0,responsive_vs_lor_all_phases,0.15986272797774229,0,confounds_motion_propofol
sub-22,2,LOR_task2,1,responsive_vs_lor_all_phases,0.9986035398790477,1,confounds_motion_propofol
sub-22,3,LOR_task3,1,responsive_vs_lor_all_phases,0.9828010989184107,1,confounds_motion_propofol
sub-22,2,PreLOR,0,responsive_vs_lor_all_phases,0.7456339955770376,1,confounds_motion_propofol
sub-23,1,Base1,0,responsive_vs_lor_all_phases,0.0056901266009566675,0,confounds_motion_propofol
sub-23,4,Base2,0,responsive_vs_lor_all_phases,0.06468878015752166,0,confounds_motion_propofol
sub-23,2,LOR_task2,1,responsive_vs_lor_all_phases,0.9931076039177007,1,confounds_motion_propofol
sub-23,3,LOR_task3,1,responsive_vs_lor_all_phases,0.9949069385475533,1,confounds_motion_propofol
sub-23,2,PreLOR,0,responsive_vs_lor_all_phases,0.5741068332102873,1,confounds_motion_propofol
sub-23,3,ROR,0,responsive_vs_lor_all_phases,0.18421116773186164,0,confounds_motion_propofol
sub-24,1,Base1,0,responsive_vs_lor_all_phases,0.006515727778215634,0,confounds_motion_propofol
sub-24,4,Base2,0,responsive_vs_lor_all_phases,0.056289185455879465,0,confounds_motion_propofol
sub-24,2,LOR_task2,1,responsive_vs_lor_all_phases,0.9360049797873149,1,confounds_motion_propofol
sub-24,3,LOR_task3,1,responsive_vs_lor_all_phases,0.5290502360085945,1,confounds_motion_propofol
sub-24,2,PreLOR,0,responsive_vs_lor_all_phases,0.2598246310495747,0,confounds_motion_propofol
sub-25,1,Base1,0,responsive_vs_lor_all_phases,0.005814338647372005,0,confounds_motion_propofol
sub-25,4,Base2,0,responsive_vs_lor_all_phases,0.177909641842652,0,confounds_motion_propofol
sub-25,2,LOR_task2,1,responsive_vs_lor_all_phases,0.9986826771602312,1,confounds_motion_propofol
sub-25,3,LOR_task3,1,responsive_vs_lor_all_phases,0.9512559412205162,1,confounds_motion_propofol
sub-25,2,PreLOR,0,responsive_vs_lor_all_phases,0.8387010949902024,1,confounds_motion_propofol
sub-26,1,Base1,0,responsive_vs_lor_all_phases,0.008519756510990554,0,confounds_motion_propofol
sub-26,4,Base2,0,responsive_vs_lor_all_phases,0.04270087464586251,0,confounds_motion_propofol
sub-26,2,LOR_task2,1,responsive_vs_lor_all_phases,0.9645557118627969,1,confounds_motion_propofol
sub-26,3,LOR_task3,1,responsive_vs_lor_all_phases,0.9593061915315668,1,confounds_motion_propofol
sub-26,2,PreLOR,0,responsive_vs_lor_all_phases,0.4546816245317808,0,confounds_motion_propofol
sub-26,3,ROR,0,responsive_vs_lor_all_phases,0.16317515161448987,0,confounds_motion_propofol
sub-27,1,Base1,0,responsive_vs_lor_all_phases,0.006202650229049811,0,confounds_motion_propofol
sub-27,4,Base2,0,responsive_vs_lor_all_phases,0.03882084276124999,0,confounds_motion_propofol
sub-27,2,LOR_task2,1,responsive_vs_lor_all_phases,0.878323047109557,1,confounds_motion_propofol
sub-27,3,LOR_task3,1,responsive_vs_lor_all_phases,0.9195739967980002,1,confounds_motion_propofol
sub-27,2,PreLOR,0,responsive_vs_lor_all_phases,0.12222581594708672,0,confounds_motion_propofol
sub-27,3,ROR,0,responsive_vs_lor_all_phases,0.13497822426109957,0,confounds_motion_propofol
sub-28,1,Base1,0,responsive_vs_lor_all_phases,0.00659009995965531,0,confounds_motion_propofol
sub-28,4,Base2,0,responsive_vs_lor_all_phases,0.05119350637346959,0,confounds_motion_propofol
sub-28,2,LOR_task2,1,responsive_vs_lor_all_phases,0.9950073583984407,1,confounds_motion_propofol
sub-28,3,LOR_task3,1,responsive_vs_lor_all_phases,0.9541669383473357,1,confounds_motion_propofol
sub-28,2,PreLOR,0,responsive_vs_lor_all_phases,0.8238613921405076,1,confounds_motion_propofol
sub-29,1,Base1,0,responsive_vs_lor_all_phases,0.006904082630165059,0,confounds_motion_propofol
sub-29,2,LOR_task2,1,responsive_vs_lor_all_phases,0.9999958772163423,1,confounds_motion_propofol
sub-29,3,LOR_task3,1,responsive_vs_lor_all_phases,0.9999998431820596,1,confounds_motion_propofol
sub-29,2,PreLOR,0,responsive_vs_lor_all_phases,0.9221999379228744,1,confounds_motion_propofol
sub-30,1,Base1,0,responsive_vs_lor_all_phases,0.005235272593115235,0,confounds_motion_propofol
sub-30,4,Base2,0,responsive_vs_lor_all_phases,0.05220006338179186,0,confounds_motion_propofol
sub-30,2,LOR_task2,1,responsive_vs_lor_all_phases,0.9582979816489146,1,confounds_motion_propofol
sub-30,3,LOR_task3,1,responsive_vs_lor_all_phases,0.9975875192135703,1,confounds_motion_propofol
sub-30,2,PreLOR,0,responsive_vs_lor_all_phases,0.5597890052863246,1,confounds_motion_propofol
sub-30,3,ROR,0,responsive_vs_lor_all_phases,0.3356210491228177,0,confounds_motion_propofol
sub-02,1,Base1,0,responsive_vs_lor_all_phases,0.003949638102155721,0,standard_fc_plus_confounds
sub-02,4,Base2,0,responsive_vs_lor_all_phases,0.027104072790439915,0,standard_fc_plus_confounds
sub-02,2,LOR_task2,1,responsive_vs_lor_all_phases,0.9775367631985381,1,standard_fc_plus_confounds
sub-02,3,LOR_task3,1,responsive_vs_lor_all_phases,0.8631802308379065,1,standard_fc_plus_confounds
sub-02,2,PreLOR,0,responsive_vs_lor_all_phases,0.05548958720697672,0,standard_fc_plus_confounds
sub-02,3,ROR,0,responsive_vs_lor_all_phases,0.07925370642513342,0,standard_fc_plus_confounds
sub-03,1,Base1,0,responsive_vs_lor_all_phases,0.005469430541316103,0,standard_fc_plus_confounds
sub-03,4,Base2,0,responsive_vs_lor_all_phases,0.019216220531879644,0,standard_fc_plus_confounds
sub-03,2,LOR_task2,1,responsive_vs_lor_all_phases,0.9849702218268889,1,standard_fc_plus_confounds
sub-03,3,LOR_task3,1,responsive_vs_lor_all_phases,0.48720648011731643,0,standard_fc_plus_confounds
sub-03,2,PreLOR,0,responsive_vs_lor_all_phases,0.10867434157992763,0,standard_fc_plus_confounds
sub-03,3,ROR,0,responsive_vs_lor_all_phases,0.04367078812538677,0,standard_fc_plus_confounds
sub-04,1,Base1,0,responsive_vs_lor_all_phases,0.00364598881888387,0,standard_fc_plus_confounds
sub-04,4,Base2,0,responsive_vs_lor_all_phases,0.007542424966310074,0,standard_fc_plus_confounds
sub-04,2,LOR_task2,1,responsive_vs_lor_all_phases,0.982360967242088,1,standard_fc_plus_confounds
sub-04,3,LOR_task3,1,responsive_vs_lor_all_phases,0.6650673704940357,1,standard_fc_plus_confounds
sub-04,2,PreLOR,0,responsive_vs_lor_all_phases,0.1627341432136534,0,standard_fc_plus_confounds
sub-04,3,ROR,0,responsive_vs_lor_all_phases,0.031073909019405953,0,standard_fc_plus_confounds
sub-05,1,Base1,0,responsive_vs_lor_all_phases,0.009514736859603202,0,standard_fc_plus_confounds
sub-05,4,Base2,0,responsive_vs_lor_all_phases,0.04640996441440087,0,standard_fc_plus_confounds
sub-05,2,LOR_task2,1,responsive_vs_lor_all_phases,0.9690900779786252,1,standard_fc_plus_confounds
sub-05,3,LOR_task3,1,responsive_vs_lor_all_phases,0.7578343254052281,1,standard_fc_plus_confounds
sub-05,2,PreLOR,0,responsive_vs_lor_all_phases,0.08993151837237721,0,standard_fc_plus_confounds
sub-05,3,ROR,0,responsive_vs_lor_all_phases,0.1008640958955095,0,standard_fc_plus_confounds
sub-06,1,Base1,0,responsive_vs_lor_all_phases,0.0024739851957120387,0,standard_fc_plus_confounds
sub-06,4,Base2,0,responsive_vs_lor_all_phases,0.01887214886611807,0,standard_fc_plus_confounds
sub-06,2,LOR_task2,1,responsive_vs_lor_all_phases,0.8881263213117333,1,standard_fc_plus_confounds
sub-06,3,LOR_task3,1,responsive_vs_lor_all_phases,0.3082711914254127,0,standard_fc_plus_confounds
sub-06,2,PreLOR,0,responsive_vs_lor_all_phases,0.0881857933148404,0,standard_fc_plus_confounds
sub-06,3,ROR,0,responsive_vs_lor_all_phases,0.8161210152263102,1,standard_fc_plus_confounds
sub-07,1,Base1,0,responsive_vs_lor_all_phases,0.003133982884862425,0,standard_fc_plus_confounds
sub-07,4,Base2,0,responsive_vs_lor_all_phases,0.00660679129582691,0,standard_fc_plus_confounds
sub-07,2,LOR_task2,1,responsive_vs_lor_all_phases,0.9886153664525036,1,standard_fc_plus_confounds
sub-07,3,LOR_task3,1,responsive_vs_lor_all_phases,0.47687241444345646,0,standard_fc_plus_confounds
sub-07,2,PreLOR,0,responsive_vs_lor_all_phases,0.14996520135682548,0,standard_fc_plus_confounds
sub-07,3,ROR,0,responsive_vs_lor_all_phases,0.05899615244631396,0,standard_fc_plus_confounds
sub-11,1,Base1,0,responsive_vs_lor_all_phases,0.003949473415274637,0,standard_fc_plus_confounds
sub-11,4,Base2,0,responsive_vs_lor_all_phases,0.005489768205632085,0,standard_fc_plus_confounds
sub-11,2,LOR_task2,1,responsive_vs_lor_all_phases,0.8552161164243547,1,standard_fc_plus_confounds
sub-11,3,LOR_task3,1,responsive_vs_lor_all_phases,0.7419859827644248,1,standard_fc_plus_confounds
sub-11,2,PreLOR,0,responsive_vs_lor_all_phases,0.10389081455454305,0,standard_fc_plus_confounds
sub-11,3,ROR,0,responsive_vs_lor_all_phases,0.05538884549262905,0,standard_fc_plus_confounds
sub-12,1,Base1,0,responsive_vs_lor_all_phases,0.00875890474724558,0,standard_fc_plus_confounds
sub-12,4,Base2,0,responsive_vs_lor_all_phases,0.03428605546606567,0,standard_fc_plus_confounds
sub-12,2,LOR_task2,1,responsive_vs_lor_all_phases,0.9749385869654391,1,standard_fc_plus_confounds
sub-12,3,LOR_task3,1,responsive_vs_lor_all_phases,0.9744875781080211,1,standard_fc_plus_confounds
sub-12,2,PreLOR,0,responsive_vs_lor_all_phases,0.155639165062311,0,standard_fc_plus_confounds
sub-12,3,ROR,0,responsive_vs_lor_all_phases,0.06057567211182374,0,standard_fc_plus_confounds
sub-13,1,Base1,0,responsive_vs_lor_all_phases,0.003327279747158959,0,standard_fc_plus_confounds
sub-13,4,Base2,0,responsive_vs_lor_all_phases,0.007058569073330095,0,standard_fc_plus_confounds
sub-13,2,LOR_task2,1,responsive_vs_lor_all_phases,0.972923055061121,1,standard_fc_plus_confounds
sub-13,3,LOR_task3,1,responsive_vs_lor_all_phases,0.975084350297895,1,standard_fc_plus_confounds
sub-13,2,PreLOR,0,responsive_vs_lor_all_phases,0.22649200496907365,0,standard_fc_plus_confounds
sub-13,3,ROR,0,responsive_vs_lor_all_phases,0.16091532062617356,0,standard_fc_plus_confounds
sub-14,1,Base1,0,responsive_vs_lor_all_phases,0.007250785264098445,0,standard_fc_plus_confounds
sub-14,4,Base2,0,responsive_vs_lor_all_phases,0.009441708042603128,0,standard_fc_plus_confounds
sub-14,2,LOR_task2,1,responsive_vs_lor_all_phases,0.7974015572006141,1,standard_fc_plus_confounds
sub-14,3,LOR_task3,1,responsive_vs_lor_all_phases,0.754316561060221,1,standard_fc_plus_confounds
sub-14,2,PreLOR,0,responsive_vs_lor_all_phases,0.028711937997241765,0,standard_fc_plus_confounds
sub-15,1,Base1,0,responsive_vs_lor_all_phases,0.003678083167949683,0,standard_fc_plus_confounds
sub-15,4,Base2,0,responsive_vs_lor_all_phases,0.008595612640977501,0,standard_fc_plus_confounds
sub-15,2,LOR_task2,1,responsive_vs_lor_all_phases,0.5063376137201262,1,standard_fc_plus_confounds
sub-15,3,LOR_task3,1,responsive_vs_lor_all_phases,0.24000836525218808,0,standard_fc_plus_confounds
sub-15,2,PreLOR,0,responsive_vs_lor_all_phases,0.02036860241506528,0,standard_fc_plus_confounds
sub-15,3,ROR,0,responsive_vs_lor_all_phases,0.1251087169607584,0,standard_fc_plus_confounds
sub-16,1,Base1,0,responsive_vs_lor_all_phases,0.0028530869904390232,0,standard_fc_plus_confounds
sub-16,4,Base2,0,responsive_vs_lor_all_phases,0.03494568636206288,0,standard_fc_plus_confounds
sub-16,3,LOR_task3,1,responsive_vs_lor_all_phases,0.9999218552220274,1,standard_fc_plus_confounds
sub-16,2,PreLOR,0,responsive_vs_lor_all_phases,0.6333863890128769,1,standard_fc_plus_confounds
sub-16,3,ROR,0,responsive_vs_lor_all_phases,0.8671236614664705,1,standard_fc_plus_confounds
sub-17,1,Base1,0,responsive_vs_lor_all_phases,0.0020013295062872457,0,standard_fc_plus_confounds
sub-17,4,Base2,0,responsive_vs_lor_all_phases,0.03356316147939638,0,standard_fc_plus_confounds
sub-17,2,LOR_task2,1,responsive_vs_lor_all_phases,0.7544438825975723,1,standard_fc_plus_confounds
sub-17,3,LOR_task3,1,responsive_vs_lor_all_phases,0.44883182107444025,0,standard_fc_plus_confounds
sub-17,2,PreLOR,0,responsive_vs_lor_all_phases,0.21764743489656643,0,standard_fc_plus_confounds
sub-17,3,ROR,0,responsive_vs_lor_all_phases,0.43858070413898825,0,standard_fc_plus_confounds
sub-18,1,Base1,0,responsive_vs_lor_all_phases,0.003413192340579735,0,standard_fc_plus_confounds
sub-18,4,Base2,0,responsive_vs_lor_all_phases,0.06940770192509135,0,standard_fc_plus_confounds
sub-18,2,LOR_task2,1,responsive_vs_lor_all_phases,0.9768179736688483,1,standard_fc_plus_confounds
sub-18,3,LOR_task3,1,responsive_vs_lor_all_phases,0.9970754544350533,1,standard_fc_plus_confounds
sub-18,2,PreLOR,0,responsive_vs_lor_all_phases,0.08881800133134964,0,standard_fc_plus_confounds
sub-19,1,Base1,0,responsive_vs_lor_all_phases,0.0032161998418243198,0,standard_fc_plus_confounds
sub-19,4,Base2,0,responsive_vs_lor_all_phases,0.007295505559363654,0,standard_fc_plus_confounds
sub-19,2,LOR_task2,1,responsive_vs_lor_all_phases,0.9852752395842772,1,standard_fc_plus_confounds
sub-19,3,LOR_task3,1,responsive_vs_lor_all_phases,0.09551313936451718,0,standard_fc_plus_confounds
sub-19,2,PreLOR,0,responsive_vs_lor_all_phases,0.1094350064657928,0,standard_fc_plus_confounds
sub-19,3,ROR,0,responsive_vs_lor_all_phases,0.016898766584995617,0,standard_fc_plus_confounds
sub-20,1,Base1,0,responsive_vs_lor_all_phases,0.010503867389840264,0,standard_fc_plus_confounds
sub-20,4,Base2,0,responsive_vs_lor_all_phases,0.08601968522169613,0,standard_fc_plus_confounds
sub-20,2,LOR_task2,1,responsive_vs_lor_all_phases,0.9994770953239588,1,standard_fc_plus_confounds
sub-20,3,LOR_task3,1,responsive_vs_lor_all_phases,0.9987632789097235,1,standard_fc_plus_confounds
sub-20,2,PreLOR,0,responsive_vs_lor_all_phases,0.859588768607291,1,standard_fc_plus_confounds
sub-20,3,ROR,0,responsive_vs_lor_all_phases,0.5596286340648815,1,standard_fc_plus_confounds
sub-21,1,Base1,0,responsive_vs_lor_all_phases,0.018887653193412644,0,standard_fc_plus_confounds
sub-21,4,Base2,0,responsive_vs_lor_all_phases,0.019974494864442267,0,standard_fc_plus_confounds
sub-21,2,LOR_task2,1,responsive_vs_lor_all_phases,0.9972792446831407,1,standard_fc_plus_confounds
sub-21,3,LOR_task3,1,responsive_vs_lor_all_phases,0.9951431745112475,1,standard_fc_plus_confounds
sub-21,2,PreLOR,0,responsive_vs_lor_all_phases,0.5822076534296068,1,standard_fc_plus_confounds
sub-21,3,ROR,0,responsive_vs_lor_all_phases,0.3140172616110781,0,standard_fc_plus_confounds
sub-22,1,Base1,0,responsive_vs_lor_all_phases,0.0022853870682834664,0,standard_fc_plus_confounds
sub-22,4,Base2,0,responsive_vs_lor_all_phases,0.07759373536815874,0,standard_fc_plus_confounds
sub-22,2,LOR_task2,1,responsive_vs_lor_all_phases,0.9876577229940859,1,standard_fc_plus_confounds
sub-22,3,LOR_task3,1,responsive_vs_lor_all_phases,0.9739550862375882,1,standard_fc_plus_confounds
sub-22,2,PreLOR,0,responsive_vs_lor_all_phases,0.6942700380057409,1,standard_fc_plus_confounds
sub-23,1,Base1,0,responsive_vs_lor_all_phases,0.0027290693490480615,0,standard_fc_plus_confounds
sub-23,4,Base2,0,responsive_vs_lor_all_phases,0.0263824320737601,0,standard_fc_plus_confounds
sub-23,2,LOR_task2,1,responsive_vs_lor_all_phases,0.9966821612576956,1,standard_fc_plus_confounds
sub-23,3,LOR_task3,1,responsive_vs_lor_all_phases,0.9972138003556702,1,standard_fc_plus_confounds
sub-23,2,PreLOR,0,responsive_vs_lor_all_phases,0.43871773962613614,0,standard_fc_plus_confounds
sub-23,3,ROR,0,responsive_vs_lor_all_phases,0.16420701114144876,0,standard_fc_plus_confounds
sub-24,1,Base1,0,responsive_vs_lor_all_phases,0.00659090407273994,0,standard_fc_plus_confounds
sub-24,4,Base2,0,responsive_vs_lor_all_phases,0.030916104189647655,0,standard_fc_plus_confounds
sub-24,2,LOR_task2,1,responsive_vs_lor_all_phases,0.9367851184972861,1,standard_fc_plus_confounds
sub-24,3,LOR_task3,1,responsive_vs_lor_all_phases,0.49587166384897646,0,standard_fc_plus_confounds
sub-24,2,PreLOR,0,responsive_vs_lor_all_phases,0.07165240743960953,0,standard_fc_plus_confounds
sub-25,1,Base1,0,responsive_vs_lor_all_phases,0.008813819568446799,0,standard_fc_plus_confounds
sub-25,4,Base2,0,responsive_vs_lor_all_phases,0.07939308889171352,0,standard_fc_plus_confounds
sub-25,2,LOR_task2,1,responsive_vs_lor_all_phases,0.99796565043463,1,standard_fc_plus_confounds
sub-25,3,LOR_task3,1,responsive_vs_lor_all_phases,0.9379010004908416,1,standard_fc_plus_confounds
sub-25,2,PreLOR,0,responsive_vs_lor_all_phases,0.8201723836445549,1,standard_fc_plus_confounds
sub-26,1,Base1,0,responsive_vs_lor_all_phases,0.004759554150915529,0,standard_fc_plus_confounds
sub-26,4,Base2,0,responsive_vs_lor_all_phases,0.03831862513144257,0,standard_fc_plus_confounds
sub-26,2,LOR_task2,1,responsive_vs_lor_all_phases,0.9626067211222761,1,standard_fc_plus_confounds
sub-26,3,LOR_task3,1,responsive_vs_lor_all_phases,0.9430806681582985,1,standard_fc_plus_confounds
sub-26,2,PreLOR,0,responsive_vs_lor_all_phases,0.31401730158385677,0,standard_fc_plus_confounds
sub-26,3,ROR,0,responsive_vs_lor_all_phases,0.09246318969153229,0,standard_fc_plus_confounds
sub-27,1,Base1,0,responsive_vs_lor_all_phases,0.00347267426762669,0,standard_fc_plus_confounds
sub-27,4,Base2,0,responsive_vs_lor_all_phases,0.06150709646718373,0,standard_fc_plus_confounds
sub-27,2,LOR_task2,1,responsive_vs_lor_all_phases,0.9602832535448953,1,standard_fc_plus_confounds
sub-27,3,LOR_task3,1,responsive_vs_lor_all_phases,0.9512209709364993,1,standard_fc_plus_confounds
sub-27,2,PreLOR,0,responsive_vs_lor_all_phases,0.09460259004198786,0,standard_fc_plus_confounds
sub-27,3,ROR,0,responsive_vs_lor_all_phases,0.25251396600512654,0,standard_fc_plus_confounds
sub-28,1,Base1,0,responsive_vs_lor_all_phases,0.0032802340566029644,0,standard_fc_plus_confounds
sub-28,4,Base2,0,responsive_vs_lor_all_phases,0.05551673395537858,0,standard_fc_plus_confounds
sub-28,2,LOR_task2,1,responsive_vs_lor_all_phases,0.9975972096996176,1,standard_fc_plus_confounds
sub-28,3,LOR_task3,1,responsive_vs_lor_all_phases,0.9376197166755922,1,standard_fc_plus_confounds
sub-28,2,PreLOR,0,responsive_vs_lor_all_phases,0.7680617394408685,1,standard_fc_plus_confounds
sub-29,1,Base1,0,responsive_vs_lor_all_phases,0.00486010155214746,0,standard_fc_plus_confounds
sub-29,2,LOR_task2,1,responsive_vs_lor_all_phases,0.9999890167825389,1,standard_fc_plus_confounds
sub-29,3,LOR_task3,1,responsive_vs_lor_all_phases,0.9999997658701605,1,standard_fc_plus_confounds
sub-29,2,PreLOR,0,responsive_vs_lor_all_phases,0.8826580074169308,1,standard_fc_plus_confounds
sub-30,1,Base1,0,responsive_vs_lor_all_phases,0.013849965965344454,0,standard_fc_plus_confounds
sub-30,4,Base2,0,responsive_vs_lor_all_phases,0.02170009938284418,0,standard_fc_plus_confounds
sub-30,2,LOR_task2,1,responsive_vs_lor_all_phases,0.9849097702053787,1,standard_fc_plus_confounds
sub-30,3,LOR_task3,1,responsive_vs_lor_all_phases,0.9936666415370231,1,standard_fc_plus_confounds
sub-30,2,PreLOR,0,responsive_vs_lor_all_phases,0.5187481287736104,1,standard_fc_plus_confounds
sub-30,3,ROR,0,responsive_vs_lor_all_phases,0.43415702688609553,0,standard_fc_plus_confounds
sub-02,1,Base1,0,responsive_vs_lor_all_phases,0.0038599518379040633,0,gcc_core_plus_confounds
sub-02,4,Base2,0,responsive_vs_lor_all_phases,0.026026394851914863,0,gcc_core_plus_confounds
sub-02,2,LOR_task2,1,responsive_vs_lor_all_phases,0.9845390679142735,1,gcc_core_plus_confounds
sub-02,3,LOR_task3,1,responsive_vs_lor_all_phases,0.8810022352943608,1,gcc_core_plus_confounds
sub-02,2,PreLOR,0,responsive_vs_lor_all_phases,0.051461930802986514,0,gcc_core_plus_confounds
sub-02,3,ROR,0,responsive_vs_lor_all_phases,0.0847176475030685,0,gcc_core_plus_confounds
sub-03,1,Base1,0,responsive_vs_lor_all_phases,0.004012720436910744,0,gcc_core_plus_confounds
sub-03,4,Base2,0,responsive_vs_lor_all_phases,0.017491371769938466,0,gcc_core_plus_confounds
sub-03,2,LOR_task2,1,responsive_vs_lor_all_phases,0.9878703138234866,1,gcc_core_plus_confounds
sub-03,3,LOR_task3,1,responsive_vs_lor_all_phases,0.5970341359326067,1,gcc_core_plus_confounds
sub-03,2,PreLOR,0,responsive_vs_lor_all_phases,0.10611883578674029,0,gcc_core_plus_confounds
sub-03,3,ROR,0,responsive_vs_lor_all_phases,0.046956302794773426,0,gcc_core_plus_confounds
sub-04,1,Base1,0,responsive_vs_lor_all_phases,0.002917645486056993,0,gcc_core_plus_confounds
sub-04,4,Base2,0,responsive_vs_lor_all_phases,0.004728170780861561,0,gcc_core_plus_confounds
sub-04,2,LOR_task2,1,responsive_vs_lor_all_phases,0.9837519808255759,1,gcc_core_plus_confounds
sub-04,3,LOR_task3,1,responsive_vs_lor_all_phases,0.7309884962589273,1,gcc_core_plus_confounds
sub-04,2,PreLOR,0,responsive_vs_lor_all_phases,0.15418115959902556,0,gcc_core_plus_confounds
sub-04,3,ROR,0,responsive_vs_lor_all_phases,0.030400370759986806,0,gcc_core_plus_confounds
sub-05,1,Base1,0,responsive_vs_lor_all_phases,0.008211037867741619,0,gcc_core_plus_confounds
sub-05,4,Base2,0,responsive_vs_lor_all_phases,0.04546384535843281,0,gcc_core_plus_confounds
sub-05,2,LOR_task2,1,responsive_vs_lor_all_phases,0.9727339899422858,1,gcc_core_plus_confounds
sub-05,3,LOR_task3,1,responsive_vs_lor_all_phases,0.742638811689955,1,gcc_core_plus_confounds
sub-05,2,PreLOR,0,responsive_vs_lor_all_phases,0.0899749639708674,0,gcc_core_plus_confounds
sub-05,3,ROR,0,responsive_vs_lor_all_phases,0.09541030328764119,0,gcc_core_plus_confounds
sub-06,1,Base1,0,responsive_vs_lor_all_phases,0.0021396291047483806,0,gcc_core_plus_confounds
sub-06,4,Base2,0,responsive_vs_lor_all_phases,0.02291898838172911,0,gcc_core_plus_confounds
sub-06,2,LOR_task2,1,responsive_vs_lor_all_phases,0.8476733297235957,1,gcc_core_plus_confounds
sub-06,3,LOR_task3,1,responsive_vs_lor_all_phases,0.2811615607978092,0,gcc_core_plus_confounds
sub-06,2,PreLOR,0,responsive_vs_lor_all_phases,0.11486542852096182,0,gcc_core_plus_confounds
sub-06,3,ROR,0,responsive_vs_lor_all_phases,0.8746599921241531,1,gcc_core_plus_confounds
sub-07,1,Base1,0,responsive_vs_lor_all_phases,0.0028190112406033534,0,gcc_core_plus_confounds
sub-07,4,Base2,0,responsive_vs_lor_all_phases,0.005792177029792661,0,gcc_core_plus_confounds
sub-07,2,LOR_task2,1,responsive_vs_lor_all_phases,0.9884320102089965,1,gcc_core_plus_confounds
sub-07,3,LOR_task3,1,responsive_vs_lor_all_phases,0.4795054773980982,0,gcc_core_plus_confounds
sub-07,2,PreLOR,0,responsive_vs_lor_all_phases,0.1368684695954729,0,gcc_core_plus_confounds
sub-07,3,ROR,0,responsive_vs_lor_all_phases,0.056412240391406264,0,gcc_core_plus_confounds
sub-11,1,Base1,0,responsive_vs_lor_all_phases,0.0028005016302977623,0,gcc_core_plus_confounds
sub-11,4,Base2,0,responsive_vs_lor_all_phases,0.0046067174123745995,0,gcc_core_plus_confounds
sub-11,2,LOR_task2,1,responsive_vs_lor_all_phases,0.8689799018272228,1,gcc_core_plus_confounds
sub-11,3,LOR_task3,1,responsive_vs_lor_all_phases,0.7727410785268006,1,gcc_core_plus_confounds
sub-11,2,PreLOR,0,responsive_vs_lor_all_phases,0.11875216343911542,0,gcc_core_plus_confounds
sub-11,3,ROR,0,responsive_vs_lor_all_phases,0.053541668286504356,0,gcc_core_plus_confounds
sub-12,1,Base1,0,responsive_vs_lor_all_phases,0.009596208914001276,0,gcc_core_plus_confounds
sub-12,4,Base2,0,responsive_vs_lor_all_phases,0.028223582191267627,0,gcc_core_plus_confounds
sub-12,2,LOR_task2,1,responsive_vs_lor_all_phases,0.97776592113812,1,gcc_core_plus_confounds
sub-12,3,LOR_task3,1,responsive_vs_lor_all_phases,0.976572115797273,1,gcc_core_plus_confounds
sub-12,2,PreLOR,0,responsive_vs_lor_all_phases,0.1405040666389789,0,gcc_core_plus_confounds
sub-12,3,ROR,0,responsive_vs_lor_all_phases,0.04454453031298041,0,gcc_core_plus_confounds
sub-13,1,Base1,0,responsive_vs_lor_all_phases,0.0029020561637360253,0,gcc_core_plus_confounds
sub-13,4,Base2,0,responsive_vs_lor_all_phases,0.006379393188489669,0,gcc_core_plus_confounds
sub-13,2,LOR_task2,1,responsive_vs_lor_all_phases,0.9762716889454336,1,gcc_core_plus_confounds
sub-13,3,LOR_task3,1,responsive_vs_lor_all_phases,0.9778771534724526,1,gcc_core_plus_confounds
sub-13,2,PreLOR,0,responsive_vs_lor_all_phases,0.24790454729195335,0,gcc_core_plus_confounds
sub-13,3,ROR,0,responsive_vs_lor_all_phases,0.14925461702608997,0,gcc_core_plus_confounds
sub-14,1,Base1,0,responsive_vs_lor_all_phases,0.006247859012282959,0,gcc_core_plus_confounds
sub-14,4,Base2,0,responsive_vs_lor_all_phases,0.005860168561769932,0,gcc_core_plus_confounds
sub-14,2,LOR_task2,1,responsive_vs_lor_all_phases,0.7958527700081969,1,gcc_core_plus_confounds
sub-14,3,LOR_task3,1,responsive_vs_lor_all_phases,0.7655137477178117,1,gcc_core_plus_confounds
sub-14,2,PreLOR,0,responsive_vs_lor_all_phases,0.028740831191706624,0,gcc_core_plus_confounds
sub-15,1,Base1,0,responsive_vs_lor_all_phases,0.0034038302579657916,0,gcc_core_plus_confounds
sub-15,4,Base2,0,responsive_vs_lor_all_phases,0.007118606241610698,0,gcc_core_plus_confounds
sub-15,2,LOR_task2,1,responsive_vs_lor_all_phases,0.515543446222803,1,gcc_core_plus_confounds
sub-15,3,LOR_task3,1,responsive_vs_lor_all_phases,0.2571751176923135,0,gcc_core_plus_confounds
sub-15,2,PreLOR,0,responsive_vs_lor_all_phases,0.021519697591002713,0,gcc_core_plus_confounds
sub-15,3,ROR,0,responsive_vs_lor_all_phases,0.09511814737575985,0,gcc_core_plus_confounds
sub-16,1,Base1,0,responsive_vs_lor_all_phases,0.002307217502620272,0,gcc_core_plus_confounds
sub-16,4,Base2,0,responsive_vs_lor_all_phases,0.021909163248440198,0,gcc_core_plus_confounds
sub-16,3,LOR_task3,1,responsive_vs_lor_all_phases,0.999909301306717,1,gcc_core_plus_confounds
sub-16,2,PreLOR,0,responsive_vs_lor_all_phases,0.6302668761550853,1,gcc_core_plus_confounds
sub-16,3,ROR,0,responsive_vs_lor_all_phases,0.877111115486484,1,gcc_core_plus_confounds
sub-17,1,Base1,0,responsive_vs_lor_all_phases,0.0019581838672178254,0,gcc_core_plus_confounds
sub-17,4,Base2,0,responsive_vs_lor_all_phases,0.033513004948274534,0,gcc_core_plus_confounds
sub-17,2,LOR_task2,1,responsive_vs_lor_all_phases,0.8203529703258918,1,gcc_core_plus_confounds
sub-17,3,LOR_task3,1,responsive_vs_lor_all_phases,0.4050292148012432,0,gcc_core_plus_confounds
sub-17,2,PreLOR,0,responsive_vs_lor_all_phases,0.20098236213488593,0,gcc_core_plus_confounds
sub-17,3,ROR,0,responsive_vs_lor_all_phases,0.4643738500672503,0,gcc_core_plus_confounds
sub-18,1,Base1,0,responsive_vs_lor_all_phases,0.0035551703217048046,0,gcc_core_plus_confounds
sub-18,4,Base2,0,responsive_vs_lor_all_phases,0.04771200683993129,0,gcc_core_plus_confounds
sub-18,2,LOR_task2,1,responsive_vs_lor_all_phases,0.9794339134361923,1,gcc_core_plus_confounds
sub-18,3,LOR_task3,1,responsive_vs_lor_all_phases,0.9968169755003836,1,gcc_core_plus_confounds
sub-18,2,PreLOR,0,responsive_vs_lor_all_phases,0.11259503597470473,0,gcc_core_plus_confounds
sub-19,1,Base1,0,responsive_vs_lor_all_phases,0.0025151298825098894,0,gcc_core_plus_confounds
sub-19,4,Base2,0,responsive_vs_lor_all_phases,0.005610289790044012,0,gcc_core_plus_confounds
sub-19,2,LOR_task2,1,responsive_vs_lor_all_phases,0.9852976295062258,1,gcc_core_plus_confounds
sub-19,3,LOR_task3,1,responsive_vs_lor_all_phases,0.12047122012686742,0,gcc_core_plus_confounds
sub-19,2,PreLOR,0,responsive_vs_lor_all_phases,0.11930237543109341,0,gcc_core_plus_confounds
sub-19,3,ROR,0,responsive_vs_lor_all_phases,0.015928191095114154,0,gcc_core_plus_confounds
sub-20,1,Base1,0,responsive_vs_lor_all_phases,0.010811287658834327,0,gcc_core_plus_confounds
sub-20,4,Base2,0,responsive_vs_lor_all_phases,0.11341974612285849,0,gcc_core_plus_confounds
sub-20,2,LOR_task2,1,responsive_vs_lor_all_phases,0.9993366820004823,1,gcc_core_plus_confounds
sub-20,3,LOR_task3,1,responsive_vs_lor_all_phases,0.9989568979128928,1,gcc_core_plus_confounds
sub-20,2,PreLOR,0,responsive_vs_lor_all_phases,0.8741764873284187,1,gcc_core_plus_confounds
sub-20,3,ROR,0,responsive_vs_lor_all_phases,0.5450608801751429,1,gcc_core_plus_confounds
sub-21,1,Base1,0,responsive_vs_lor_all_phases,0.021146939182630033,0,gcc_core_plus_confounds
sub-21,4,Base2,0,responsive_vs_lor_all_phases,0.01431373782222876,0,gcc_core_plus_confounds
sub-21,2,LOR_task2,1,responsive_vs_lor_all_phases,0.9978448448447036,1,gcc_core_plus_confounds
sub-21,3,LOR_task3,1,responsive_vs_lor_all_phases,0.9965718172487558,1,gcc_core_plus_confounds
sub-21,2,PreLOR,0,responsive_vs_lor_all_phases,0.5737186971313998,1,gcc_core_plus_confounds
sub-21,3,ROR,0,responsive_vs_lor_all_phases,0.33985384982708466,0,gcc_core_plus_confounds
sub-22,1,Base1,0,responsive_vs_lor_all_phases,0.002071844536148493,0,gcc_core_plus_confounds
sub-22,4,Base2,0,responsive_vs_lor_all_phases,0.09480781134719421,0,gcc_core_plus_confounds
sub-22,2,LOR_task2,1,responsive_vs_lor_all_phases,0.9734350442788602,1,gcc_core_plus_confounds
sub-22,3,LOR_task3,1,responsive_vs_lor_all_phases,0.9518832422986265,1,gcc_core_plus_confounds
sub-22,2,PreLOR,0,responsive_vs_lor_all_phases,0.6394740429661563,1,gcc_core_plus_confounds
sub-23,1,Base1,0,responsive_vs_lor_all_phases,0.001545028943280402,0,gcc_core_plus_confounds
sub-23,4,Base2,0,responsive_vs_lor_all_phases,0.014273095676315474,0,gcc_core_plus_confounds
sub-23,2,LOR_task2,1,responsive_vs_lor_all_phases,0.9971991241942343,1,gcc_core_plus_confounds
sub-23,3,LOR_task3,1,responsive_vs_lor_all_phases,0.9980126023193947,1,gcc_core_plus_confounds
sub-23,2,PreLOR,0,responsive_vs_lor_all_phases,0.439466718246228,0,gcc_core_plus_confounds
sub-23,3,ROR,0,responsive_vs_lor_all_phases,0.16420138884737226,0,gcc_core_plus_confounds
sub-24,1,Base1,0,responsive_vs_lor_all_phases,0.005225022492680252,0,gcc_core_plus_confounds
sub-24,4,Base2,0,responsive_vs_lor_all_phases,0.019141652479673418,0,gcc_core_plus_confounds
sub-24,2,LOR_task2,1,responsive_vs_lor_all_phases,0.9178935357112753,1,gcc_core_plus_confounds
sub-24,3,LOR_task3,1,responsive_vs_lor_all_phases,0.4650090755704602,0,gcc_core_plus_confounds
sub-24,2,PreLOR,0,responsive_vs_lor_all_phases,0.04885554932425348,0,gcc_core_plus_confounds
sub-25,1,Base1,0,responsive_vs_lor_all_phases,0.00718656729851156,0,gcc_core_plus_confounds
sub-25,4,Base2,0,responsive_vs_lor_all_phases,0.03769157672299694,0,gcc_core_plus_confounds
sub-25,2,LOR_task2,1,responsive_vs_lor_all_phases,0.9970954563247301,1,gcc_core_plus_confounds
sub-25,3,LOR_task3,1,responsive_vs_lor_all_phases,0.928916706795013,1,gcc_core_plus_confounds
sub-25,2,PreLOR,0,responsive_vs_lor_all_phases,0.7805453623456275,1,gcc_core_plus_confounds
sub-26,1,Base1,0,responsive_vs_lor_all_phases,0.003752397923039664,0,gcc_core_plus_confounds
sub-26,4,Base2,0,responsive_vs_lor_all_phases,0.02281458344179458,0,gcc_core_plus_confounds
sub-26,2,LOR_task2,1,responsive_vs_lor_all_phases,0.9510345279793674,1,gcc_core_plus_confounds
sub-26,3,LOR_task3,1,responsive_vs_lor_all_phases,0.93089699580127,1,gcc_core_plus_confounds
sub-26,2,PreLOR,0,responsive_vs_lor_all_phases,0.2772117916121817,0,gcc_core_plus_confounds
sub-26,3,ROR,0,responsive_vs_lor_all_phases,0.06972506101040636,0,gcc_core_plus_confounds
sub-27,1,Base1,0,responsive_vs_lor_all_phases,0.0022783263218930727,0,gcc_core_plus_confounds
sub-27,4,Base2,0,responsive_vs_lor_all_phases,0.055373588719868624,0,gcc_core_plus_confounds
sub-27,2,LOR_task2,1,responsive_vs_lor_all_phases,0.9662279242052518,1,gcc_core_plus_confounds
sub-27,3,LOR_task3,1,responsive_vs_lor_all_phases,0.9506031907709653,1,gcc_core_plus_confounds
sub-27,2,PreLOR,0,responsive_vs_lor_all_phases,0.08686785811610338,0,gcc_core_plus_confounds
sub-27,3,ROR,0,responsive_vs_lor_all_phases,0.2803574366210656,0,gcc_core_plus_confounds
sub-28,1,Base1,0,responsive_vs_lor_all_phases,0.002190144222062311,0,gcc_core_plus_confounds
sub-28,4,Base2,0,responsive_vs_lor_all_phases,0.040445022885106666,0,gcc_core_plus_confounds
sub-28,2,LOR_task2,1,responsive_vs_lor_all_phases,0.9981346774798932,1,gcc_core_plus_confounds
sub-28,3,LOR_task3,1,responsive_vs_lor_all_phases,0.9304968253985465,1,gcc_core_plus_confounds
sub-28,2,PreLOR,0,responsive_vs_lor_all_phases,0.7394610192782946,1,gcc_core_plus_confounds
sub-29,1,Base1,0,responsive_vs_lor_all_phases,0.003523846977687672,0,gcc_core_plus_confounds
sub-29,2,LOR_task2,1,responsive_vs_lor_all_phases,0.9999890796125532,1,gcc_core_plus_confounds
sub-29,3,LOR_task3,1,responsive_vs_lor_all_phases,0.9999997970371707,1,gcc_core_plus_confounds
sub-29,2,PreLOR,0,responsive_vs_lor_all_phases,0.8917299396278273,1,gcc_core_plus_confounds
sub-30,1,Base1,0,responsive_vs_lor_all_phases,0.017186289742691565,0,gcc_core_plus_confounds
sub-30,4,Base2,0,responsive_vs_lor_all_phases,0.021293936364065142,0,gcc_core_plus_confounds
sub-30,2,LOR_task2,1,responsive_vs_lor_all_phases,0.9877076374108873,1,gcc_core_plus_confounds
sub-30,3,LOR_task3,1,responsive_vs_lor_all_phases,0.9940188988878718,1,gcc_core_plus_confounds
sub-30,2,PreLOR,0,responsive_vs_lor_all_phases,0.5010934615955123,1,gcc_core_plus_confounds
sub-30,3,ROR,0,responsive_vs_lor_all_phases,0.4633763008957815,0,gcc_core_plus_confounds
sub-02,1,Base1,0,responsive_vs_lor_all_phases,0.0020139481224317767,0,gcc_regime_plus_confounds
sub-02,4,Base2,0,responsive_vs_lor_all_phases,0.016799049451365577,0,gcc_regime_plus_confounds
sub-02,2,LOR_task2,1,responsive_vs_lor_all_phases,0.9871732789751334,1,gcc_regime_plus_confounds
sub-02,3,LOR_task3,1,responsive_vs_lor_all_phases,0.8488227494450498,1,gcc_regime_plus_confounds
sub-02,2,PreLOR,0,responsive_vs_lor_all_phases,0.04070707463401565,0,gcc_regime_plus_confounds
sub-02,3,ROR,0,responsive_vs_lor_all_phases,0.0566523251173687,0,gcc_regime_plus_confounds
sub-03,1,Base1,0,responsive_vs_lor_all_phases,0.002494298203476796,0,gcc_regime_plus_confounds
sub-03,4,Base2,0,responsive_vs_lor_all_phases,0.014146034846258886,0,gcc_regime_plus_confounds
sub-03,2,LOR_task2,1,responsive_vs_lor_all_phases,0.992201760801019,1,gcc_regime_plus_confounds
sub-03,3,LOR_task3,1,responsive_vs_lor_all_phases,0.7031977528895428,1,gcc_regime_plus_confounds
sub-03,2,PreLOR,0,responsive_vs_lor_all_phases,0.13516471768379718,0,gcc_regime_plus_confounds
sub-03,3,ROR,0,responsive_vs_lor_all_phases,0.06156777740584535,0,gcc_regime_plus_confounds
sub-04,1,Base1,0,responsive_vs_lor_all_phases,0.0018261522506761462,0,gcc_regime_plus_confounds
sub-04,4,Base2,0,responsive_vs_lor_all_phases,0.005861788096551151,0,gcc_regime_plus_confounds
sub-04,2,LOR_task2,1,responsive_vs_lor_all_phases,0.984356183154756,1,gcc_regime_plus_confounds
sub-04,3,LOR_task3,1,responsive_vs_lor_all_phases,0.8131696982878176,1,gcc_regime_plus_confounds
sub-04,2,PreLOR,0,responsive_vs_lor_all_phases,0.14120793944574178,0,gcc_regime_plus_confounds
sub-04,3,ROR,0,responsive_vs_lor_all_phases,0.04793967867491803,0,gcc_regime_plus_confounds
sub-05,1,Base1,0,responsive_vs_lor_all_phases,0.004670030884139415,0,gcc_regime_plus_confounds
sub-05,4,Base2,0,responsive_vs_lor_all_phases,0.0359193899695409,0,gcc_regime_plus_confounds
sub-05,2,LOR_task2,1,responsive_vs_lor_all_phases,0.9722872351855022,1,gcc_regime_plus_confounds
sub-05,3,LOR_task3,1,responsive_vs_lor_all_phases,0.7308637708319916,1,gcc_regime_plus_confounds
sub-05,2,PreLOR,0,responsive_vs_lor_all_phases,0.0969599057029971,0,gcc_regime_plus_confounds
sub-05,3,ROR,0,responsive_vs_lor_all_phases,0.08042192098671842,0,gcc_regime_plus_confounds
sub-06,1,Base1,0,responsive_vs_lor_all_phases,0.000683033369895518,0,gcc_regime_plus_confounds
sub-06,4,Base2,0,responsive_vs_lor_all_phases,0.007631277284077624,0,gcc_regime_plus_confounds
sub-06,2,LOR_task2,1,responsive_vs_lor_all_phases,0.8626489214403364,1,gcc_regime_plus_confounds
sub-06,3,LOR_task3,1,responsive_vs_lor_all_phases,0.18001138723804447,0,gcc_regime_plus_confounds
sub-06,2,PreLOR,0,responsive_vs_lor_all_phases,0.04884508145799164,0,gcc_regime_plus_confounds
sub-06,3,ROR,0,responsive_vs_lor_all_phases,0.9009610719461214,1,gcc_regime_plus_confounds
sub-07,1,Base1,0,responsive_vs_lor_all_phases,0.0017755147875334514,0,gcc_regime_plus_confounds
sub-07,4,Base2,0,responsive_vs_lor_all_phases,0.004814331919875356,0,gcc_regime_plus_confounds
sub-07,2,LOR_task2,1,responsive_vs_lor_all_phases,0.9919399900931994,1,gcc_regime_plus_confounds
sub-07,3,LOR_task3,1,responsive_vs_lor_all_phases,0.5693170138983101,1,gcc_regime_plus_confounds
sub-07,2,PreLOR,0,responsive_vs_lor_all_phases,0.14507248777659432,0,gcc_regime_plus_confounds
sub-07,3,ROR,0,responsive_vs_lor_all_phases,0.07827045528498114,0,gcc_regime_plus_confounds
sub-11,1,Base1,0,responsive_vs_lor_all_phases,0.001634885602149772,0,gcc_regime_plus_confounds
sub-11,4,Base2,0,responsive_vs_lor_all_phases,0.003145141639183855,0,gcc_regime_plus_confounds
sub-11,2,LOR_task2,1,responsive_vs_lor_all_phases,0.844373307684698,1,gcc_regime_plus_confounds
sub-11,3,LOR_task3,1,responsive_vs_lor_all_phases,0.7577399095929463,1,gcc_regime_plus_confounds
sub-11,2,PreLOR,0,responsive_vs_lor_all_phases,0.12855420365079914,0,gcc_regime_plus_confounds
sub-11,3,ROR,0,responsive_vs_lor_all_phases,0.07052656101240279,0,gcc_regime_plus_confounds
sub-12,1,Base1,0,responsive_vs_lor_all_phases,0.005526322689233356,0,gcc_regime_plus_confounds
sub-12,4,Base2,0,responsive_vs_lor_all_phases,0.026729664207444655,0,gcc_regime_plus_confounds
sub-12,2,LOR_task2,1,responsive_vs_lor_all_phases,0.9698415101146132,1,gcc_regime_plus_confounds
sub-12,3,LOR_task3,1,responsive_vs_lor_all_phases,0.9751877269672158,1,gcc_regime_plus_confounds
sub-12,2,PreLOR,0,responsive_vs_lor_all_phases,0.1276209859912277,0,gcc_regime_plus_confounds
sub-12,3,ROR,0,responsive_vs_lor_all_phases,0.03741541517316757,0,gcc_regime_plus_confounds
sub-13,1,Base1,0,responsive_vs_lor_all_phases,0.0015584836219282162,0,gcc_regime_plus_confounds
sub-13,4,Base2,0,responsive_vs_lor_all_phases,0.006361114704647085,0,gcc_regime_plus_confounds
sub-13,2,LOR_task2,1,responsive_vs_lor_all_phases,0.9732716198916203,1,gcc_regime_plus_confounds
sub-13,3,LOR_task3,1,responsive_vs_lor_all_phases,0.9759784010707541,1,gcc_regime_plus_confounds
sub-13,2,PreLOR,0,responsive_vs_lor_all_phases,0.2732177193244432,0,gcc_regime_plus_confounds
sub-13,3,ROR,0,responsive_vs_lor_all_phases,0.1675074736486348,0,gcc_regime_plus_confounds
sub-14,1,Base1,0,responsive_vs_lor_all_phases,0.0025310186012500067,0,gcc_regime_plus_confounds
sub-14,4,Base2,0,responsive_vs_lor_all_phases,0.0036312524577976285,0,gcc_regime_plus_confounds
sub-14,2,LOR_task2,1,responsive_vs_lor_all_phases,0.619505771703017,1,gcc_regime_plus_confounds
sub-14,3,LOR_task3,1,responsive_vs_lor_all_phases,0.6112493917053885,1,gcc_regime_plus_confounds
sub-14,2,PreLOR,0,responsive_vs_lor_all_phases,0.014238792103645405,0,gcc_regime_plus_confounds
sub-15,1,Base1,0,responsive_vs_lor_all_phases,0.0025933262419109734,0,gcc_regime_plus_confounds
sub-15,4,Base2,0,responsive_vs_lor_all_phases,0.008820183747131968,0,gcc_regime_plus_confounds
sub-15,2,LOR_task2,1,responsive_vs_lor_all_phases,0.534375309047602,1,gcc_regime_plus_confounds
sub-15,3,LOR_task3,1,responsive_vs_lor_all_phases,0.30296871996638375,0,gcc_regime_plus_confounds
sub-15,2,PreLOR,0,responsive_vs_lor_all_phases,0.022478557956482317,0,gcc_regime_plus_confounds
sub-15,3,ROR,0,responsive_vs_lor_all_phases,0.10642220849215218,0,gcc_regime_plus_confounds
sub-16,1,Base1,0,responsive_vs_lor_all_phases,0.0015641610206014467,0,gcc_regime_plus_confounds
sub-16,4,Base2,0,responsive_vs_lor_all_phases,0.021291191886274444,0,gcc_regime_plus_confounds
sub-16,3,LOR_task3,1,responsive_vs_lor_all_phases,0.9998953420055394,1,gcc_regime_plus_confounds
sub-16,2,PreLOR,0,responsive_vs_lor_all_phases,0.5913808821662956,1,gcc_regime_plus_confounds
sub-16,3,ROR,0,responsive_vs_lor_all_phases,0.8484993240617114,1,gcc_regime_plus_confounds
sub-17,1,Base1,0,responsive_vs_lor_all_phases,0.0010912466721013086,0,gcc_regime_plus_confounds
sub-17,4,Base2,0,responsive_vs_lor_all_phases,0.030723752187744733,0,gcc_regime_plus_confounds
sub-17,2,LOR_task2,1,responsive_vs_lor_all_phases,0.885224804406032,1,gcc_regime_plus_confounds
sub-17,3,LOR_task3,1,responsive_vs_lor_all_phases,0.44699478372503,0,gcc_regime_plus_confounds
sub-17,2,PreLOR,0,responsive_vs_lor_all_phases,0.2382428936415539,0,gcc_regime_plus_confounds
sub-17,3,ROR,0,responsive_vs_lor_all_phases,0.5216588529409052,1,gcc_regime_plus_confounds
sub-18,1,Base1,0,responsive_vs_lor_all_phases,0.0018554850242844933,0,gcc_regime_plus_confounds
sub-18,4,Base2,0,responsive_vs_lor_all_phases,0.054016452328114924,0,gcc_regime_plus_confounds
sub-18,2,LOR_task2,1,responsive_vs_lor_all_phases,0.9711709577235594,1,gcc_regime_plus_confounds
sub-18,3,LOR_task3,1,responsive_vs_lor_all_phases,0.9969768271658526,1,gcc_regime_plus_confounds
sub-18,2,PreLOR,0,responsive_vs_lor_all_phases,0.07421101746336349,0,gcc_regime_plus_confounds
sub-19,1,Base1,0,responsive_vs_lor_all_phases,0.0017335510775939149,0,gcc_regime_plus_confounds
sub-19,4,Base2,0,responsive_vs_lor_all_phases,0.004478452296768325,0,gcc_regime_plus_confounds
sub-19,2,LOR_task2,1,responsive_vs_lor_all_phases,0.9871881341503792,1,gcc_regime_plus_confounds
sub-19,3,LOR_task3,1,responsive_vs_lor_all_phases,0.14924214004567327,0,gcc_regime_plus_confounds
sub-19,2,PreLOR,0,responsive_vs_lor_all_phases,0.12023596462263883,0,gcc_regime_plus_confounds
sub-19,3,ROR,0,responsive_vs_lor_all_phases,0.017510608186711192,0,gcc_regime_plus_confounds
sub-20,1,Base1,0,responsive_vs_lor_all_phases,0.005425170149282598,0,gcc_regime_plus_confounds
sub-20,4,Base2,0,responsive_vs_lor_all_phases,0.16293884433832082,0,gcc_regime_plus_confounds
sub-20,2,LOR_task2,1,responsive_vs_lor_all_phases,0.9991020780544836,1,gcc_regime_plus_confounds
sub-20,3,LOR_task3,1,responsive_vs_lor_all_phases,0.9993553656878872,1,gcc_regime_plus_confounds
sub-20,2,PreLOR,0,responsive_vs_lor_all_phases,0.8975239937632088,1,gcc_regime_plus_confounds
sub-20,3,ROR,0,responsive_vs_lor_all_phases,0.6857899476109242,1,gcc_regime_plus_confounds
sub-21,1,Base1,0,responsive_vs_lor_all_phases,0.011159990508919236,0,gcc_regime_plus_confounds
sub-21,4,Base2,0,responsive_vs_lor_all_phases,0.02111698386830221,0,gcc_regime_plus_confounds
sub-21,2,LOR_task2,1,responsive_vs_lor_all_phases,0.9967133976546632,1,gcc_regime_plus_confounds
sub-21,3,LOR_task3,1,responsive_vs_lor_all_phases,0.9941849347873651,1,gcc_regime_plus_confounds
sub-21,2,PreLOR,0,responsive_vs_lor_all_phases,0.6386372736429088,1,gcc_regime_plus_confounds
sub-21,3,ROR,0,responsive_vs_lor_all_phases,0.20241228006269296,0,gcc_regime_plus_confounds
sub-22,1,Base1,0,responsive_vs_lor_all_phases,0.0011424367088260531,0,gcc_regime_plus_confounds
sub-22,4,Base2,0,responsive_vs_lor_all_phases,0.09242152357271924,0,gcc_regime_plus_confounds
sub-22,2,LOR_task2,1,responsive_vs_lor_all_phases,0.9802250877141918,1,gcc_regime_plus_confounds
sub-22,3,LOR_task3,1,responsive_vs_lor_all_phases,0.9564483799567055,1,gcc_regime_plus_confounds
sub-22,2,PreLOR,0,responsive_vs_lor_all_phases,0.6384584934706112,1,gcc_regime_plus_confounds
sub-23,1,Base1,0,responsive_vs_lor_all_phases,0.0009204593873911391,0,gcc_regime_plus_confounds
sub-23,4,Base2,0,responsive_vs_lor_all_phases,0.010205619099827352,0,gcc_regime_plus_confounds
sub-23,2,LOR_task2,1,responsive_vs_lor_all_phases,0.9978867754772873,1,gcc_regime_plus_confounds
sub-23,3,LOR_task3,1,responsive_vs_lor_all_phases,0.9987470422527762,1,gcc_regime_plus_confounds
sub-23,2,PreLOR,0,responsive_vs_lor_all_phases,0.37982702457545936,0,gcc_regime_plus_confounds
sub-23,3,ROR,0,responsive_vs_lor_all_phases,0.22816785563106487,0,gcc_regime_plus_confounds
sub-24,1,Base1,0,responsive_vs_lor_all_phases,0.002788411862136595,0,gcc_regime_plus_confounds
sub-24,4,Base2,0,responsive_vs_lor_all_phases,0.011050063148257875,0,gcc_regime_plus_confounds
sub-24,2,LOR_task2,1,responsive_vs_lor_all_phases,0.8933058473783991,1,gcc_regime_plus_confounds
sub-24,3,LOR_task3,1,responsive_vs_lor_all_phases,0.4601926651308944,0,gcc_regime_plus_confounds
sub-24,2,PreLOR,0,responsive_vs_lor_all_phases,0.04460201199599014,0,gcc_regime_plus_confounds
sub-25,1,Base1,0,responsive_vs_lor_all_phases,0.004380863954060625,0,gcc_regime_plus_confounds
sub-25,4,Base2,0,responsive_vs_lor_all_phases,0.029211405433479918,0,gcc_regime_plus_confounds
sub-25,2,LOR_task2,1,responsive_vs_lor_all_phases,0.996455303815346,1,gcc_regime_plus_confounds
sub-25,3,LOR_task3,1,responsive_vs_lor_all_phases,0.9305898729337976,1,gcc_regime_plus_confounds
sub-25,2,PreLOR,0,responsive_vs_lor_all_phases,0.7416069844947356,1,gcc_regime_plus_confounds
sub-26,1,Base1,0,responsive_vs_lor_all_phases,0.0019918478522268183,0,gcc_regime_plus_confounds
sub-26,4,Base2,0,responsive_vs_lor_all_phases,0.026087417829316745,0,gcc_regime_plus_confounds
sub-26,2,LOR_task2,1,responsive_vs_lor_all_phases,0.9467055226904391,1,gcc_regime_plus_confounds
sub-26,3,LOR_task3,1,responsive_vs_lor_all_phases,0.906127520601342,1,gcc_regime_plus_confounds
sub-26,2,PreLOR,0,responsive_vs_lor_all_phases,0.2395307047608578,0,gcc_regime_plus_confounds
sub-26,3,ROR,0,responsive_vs_lor_all_phases,0.04606219157098889,0,gcc_regime_plus_confounds
sub-27,1,Base1,0,responsive_vs_lor_all_phases,0.001400285992040291,0,gcc_regime_plus_confounds
sub-27,4,Base2,0,responsive_vs_lor_all_phases,0.047914230931950595,0,gcc_regime_plus_confounds
sub-27,2,LOR_task2,1,responsive_vs_lor_all_phases,0.9747919886669366,1,gcc_regime_plus_confounds
sub-27,3,LOR_task3,1,responsive_vs_lor_all_phases,0.9616156326614056,1,gcc_regime_plus_confounds
sub-27,2,PreLOR,0,responsive_vs_lor_all_phases,0.11967161678888741,0,gcc_regime_plus_confounds
sub-27,3,ROR,0,responsive_vs_lor_all_phases,0.2611075333750347,0,gcc_regime_plus_confounds
sub-28,1,Base1,0,responsive_vs_lor_all_phases,0.001095989846940549,0,gcc_regime_plus_confounds
sub-28,4,Base2,0,responsive_vs_lor_all_phases,0.03093824515207383,0,gcc_regime_plus_confounds
sub-28,2,LOR_task2,1,responsive_vs_lor_all_phases,0.9989508478051692,1,gcc_regime_plus_confounds
sub-28,3,LOR_task3,1,responsive_vs_lor_all_phases,0.9016198132219947,1,gcc_regime_plus_confounds
sub-28,2,PreLOR,0,responsive_vs_lor_all_phases,0.7961671322600207,1,gcc_regime_plus_confounds
sub-29,1,Base1,0,responsive_vs_lor_all_phases,0.0019167636078414897,0,gcc_regime_plus_confounds
sub-29,2,LOR_task2,1,responsive_vs_lor_all_phases,0.9999886926177863,1,gcc_regime_plus_confounds
sub-29,3,LOR_task3,1,responsive_vs_lor_all_phases,0.999999848711808,1,gcc_regime_plus_confounds
sub-29,2,PreLOR,0,responsive_vs_lor_all_phases,0.8842292889452437,1,gcc_regime_plus_confounds
sub-30,1,Base1,0,responsive_vs_lor_all_phases,0.010112775261974112,0,gcc_regime_plus_confounds
sub-30,4,Base2,0,responsive_vs_lor_all_phases,0.025688091314455812,0,gcc_regime_plus_confounds
sub-30,2,LOR_task2,1,responsive_vs_lor_all_phases,0.9837959004027926,1,gcc_regime_plus_confounds
sub-30,3,LOR_task3,1,responsive_vs_lor_all_phases,0.995199128571663,1,gcc_regime_plus_confounds
sub-30,2,PreLOR,0,responsive_vs_lor_all_phases,0.525730083102365,1,gcc_regime_plus_confounds
sub-30,3,ROR,0,responsive_vs_lor_all_phases,0.36237700865898076,0,gcc_regime_plus_confounds
sub-02,1,Base1,0,responsive_vs_lor_all_phases,0.0018318540408972495,0,full_standard_plus_gcc
sub-02,4,Base2,0,responsive_vs_lor_all_phases,0.016940034693056025,0,full_standard_plus_gcc
sub-02,2,LOR_task2,1,responsive_vs_lor_all_phases,0.9865985293123976,1,full_standard_plus_gcc
sub-02,3,LOR_task3,1,responsive_vs_lor_all_phases,0.8534253134571885,1,full_standard_plus_gcc
sub-02,2,PreLOR,0,responsive_vs_lor_all_phases,0.04189364492843271,0,full_standard_plus_gcc
sub-02,3,ROR,0,responsive_vs_lor_all_phases,0.054589091374334424,0,full_standard_plus_gcc
sub-03,1,Base1,0,responsive_vs_lor_all_phases,0.002314484152135305,0,full_standard_plus_gcc
sub-03,4,Base2,0,responsive_vs_lor_all_phases,0.013006050898991981,0,full_standard_plus_gcc
sub-03,2,LOR_task2,1,responsive_vs_lor_all_phases,0.9923969032646461,1,full_standard_plus_gcc
sub-03,3,LOR_task3,1,responsive_vs_lor_all_phases,0.6615032129895422,1,full_standard_plus_gcc
sub-03,2,PreLOR,0,responsive_vs_lor_all_phases,0.12785607890122958,0,full_standard_plus_gcc
sub-03,3,ROR,0,responsive_vs_lor_all_phases,0.055383128459792874,0,full_standard_plus_gcc
sub-04,1,Base1,0,responsive_vs_lor_all_phases,0.002008202030761621,0,full_standard_plus_gcc
sub-04,4,Base2,0,responsive_vs_lor_all_phases,0.005938609732867436,0,full_standard_plus_gcc
sub-04,2,LOR_task2,1,responsive_vs_lor_all_phases,0.9849897805234019,1,full_standard_plus_gcc
sub-04,3,LOR_task3,1,responsive_vs_lor_all_phases,0.7956594063202075,1,full_standard_plus_gcc
sub-04,2,PreLOR,0,responsive_vs_lor_all_phases,0.15379888983040682,0,full_standard_plus_gcc
sub-04,3,ROR,0,responsive_vs_lor_all_phases,0.04134576669526962,0,full_standard_plus_gcc
sub-05,1,Base1,0,responsive_vs_lor_all_phases,0.0049518472639033875,0,full_standard_plus_gcc
sub-05,4,Base2,0,responsive_vs_lor_all_phases,0.037271748776652014,0,full_standard_plus_gcc
sub-05,2,LOR_task2,1,responsive_vs_lor_all_phases,0.973112670927866,1,full_standard_plus_gcc
sub-05,3,LOR_task3,1,responsive_vs_lor_all_phases,0.7476220220610421,1,full_standard_plus_gcc
sub-05,2,PreLOR,0,responsive_vs_lor_all_phases,0.10070259853901468,0,full_standard_plus_gcc
sub-05,3,ROR,0,responsive_vs_lor_all_phases,0.0861759751832596,0,full_standard_plus_gcc
sub-06,1,Base1,0,responsive_vs_lor_all_phases,0.0006030455233711151,0,full_standard_plus_gcc
sub-06,4,Base2,0,responsive_vs_lor_all_phases,0.0064805686016933635,0,full_standard_plus_gcc
sub-06,2,LOR_task2,1,responsive_vs_lor_all_phases,0.8657827324310239,1,full_standard_plus_gcc
sub-06,3,LOR_task3,1,responsive_vs_lor_all_phases,0.17844229883340734,0,full_standard_plus_gcc
sub-06,2,PreLOR,0,responsive_vs_lor_all_phases,0.042813750003538445,0,full_standard_plus_gcc
sub-06,3,ROR,0,responsive_vs_lor_all_phases,0.9100942565016001,1,full_standard_plus_gcc
sub-07,1,Base1,0,responsive_vs_lor_all_phases,0.001789626723450131,0,full_standard_plus_gcc
sub-07,4,Base2,0,responsive_vs_lor_all_phases,0.004602755993650514,0,full_standard_plus_gcc
sub-07,2,LOR_task2,1,responsive_vs_lor_all_phases,0.9927226685750423,1,full_standard_plus_gcc
sub-07,3,LOR_task3,1,responsive_vs_lor_all_phases,0.5831436118687009,1,full_standard_plus_gcc
sub-07,2,PreLOR,0,responsive_vs_lor_all_phases,0.1353150657251628,0,full_standard_plus_gcc
sub-07,3,ROR,0,responsive_vs_lor_all_phases,0.07759640837608572,0,full_standard_plus_gcc
sub-11,1,Base1,0,responsive_vs_lor_all_phases,0.00172927059599389,0,full_standard_plus_gcc
sub-11,4,Base2,0,responsive_vs_lor_all_phases,0.003168136680085802,0,full_standard_plus_gcc
sub-11,2,LOR_task2,1,responsive_vs_lor_all_phases,0.8497759765313028,1,full_standard_plus_gcc
sub-11,3,LOR_task3,1,responsive_vs_lor_all_phases,0.7598659778626812,1,full_standard_plus_gcc
sub-11,2,PreLOR,0,responsive_vs_lor_all_phases,0.12515651667451988,0,full_standard_plus_gcc
sub-11,3,ROR,0,responsive_vs_lor_all_phases,0.06910175985577406,0,full_standard_plus_gcc
sub-12,1,Base1,0,responsive_vs_lor_all_phases,0.005377561525419726,0,full_standard_plus_gcc
sub-12,4,Base2,0,responsive_vs_lor_all_phases,0.02765293035079299,0,full_standard_plus_gcc
sub-12,2,LOR_task2,1,responsive_vs_lor_all_phases,0.9703618052082981,1,full_standard_plus_gcc
sub-12,3,LOR_task3,1,responsive_vs_lor_all_phases,0.9755465685170428,1,full_standard_plus_gcc
sub-12,2,PreLOR,0,responsive_vs_lor_all_phases,0.1347976716351501,0,full_standard_plus_gcc
sub-12,3,ROR,0,responsive_vs_lor_all_phases,0.040195128974102705,0,full_standard_plus_gcc
sub-13,1,Base1,0,responsive_vs_lor_all_phases,0.0015414468170694994,0,full_standard_plus_gcc
sub-13,4,Base2,0,responsive_vs_lor_all_phases,0.005605133346794401,0,full_standard_plus_gcc
sub-13,2,LOR_task2,1,responsive_vs_lor_all_phases,0.9737714206828102,1,full_standard_plus_gcc
sub-13,3,LOR_task3,1,responsive_vs_lor_all_phases,0.9743012032574612,1,full_standard_plus_gcc
sub-13,2,PreLOR,0,responsive_vs_lor_all_phases,0.27318845110706574,0,full_standard_plus_gcc
sub-13,3,ROR,0,responsive_vs_lor_all_phases,0.172734778042196,0,full_standard_plus_gcc
sub-14,1,Base1,0,responsive_vs_lor_all_phases,0.00253920744171222,0,full_standard_plus_gcc
sub-14,4,Base2,0,responsive_vs_lor_all_phases,0.003783130381107864,0,full_standard_plus_gcc
sub-14,2,LOR_task2,1,responsive_vs_lor_all_phases,0.6258101186544898,1,full_standard_plus_gcc
sub-14,3,LOR_task3,1,responsive_vs_lor_all_phases,0.6075179629558062,1,full_standard_plus_gcc
sub-14,2,PreLOR,0,responsive_vs_lor_all_phases,0.012353151726018084,0,full_standard_plus_gcc
sub-15,1,Base1,0,responsive_vs_lor_all_phases,0.002570128327850772,0,full_standard_plus_gcc
sub-15,4,Base2,0,responsive_vs_lor_all_phases,0.009500075010177113,0,full_standard_plus_gcc
sub-15,2,LOR_task2,1,responsive_vs_lor_all_phases,0.5456700809651365,1,full_standard_plus_gcc
sub-15,3,LOR_task3,1,responsive_vs_lor_all_phases,0.31133878451146024,0,full_standard_plus_gcc
sub-15,2,PreLOR,0,responsive_vs_lor_all_phases,0.023444423339065365,0,full_standard_plus_gcc
sub-15,3,ROR,0,responsive_vs_lor_all_phases,0.12284646144577771,0,full_standard_plus_gcc
sub-16,1,Base1,0,responsive_vs_lor_all_phases,0.0016580019802284228,0,full_standard_plus_gcc
sub-16,4,Base2,0,responsive_vs_lor_all_phases,0.02253621685288352,0,full_standard_plus_gcc
sub-16,3,LOR_task3,1,responsive_vs_lor_all_phases,0.9998945452380108,1,full_standard_plus_gcc
sub-16,2,PreLOR,0,responsive_vs_lor_all_phases,0.603129366192792,1,full_standard_plus_gcc
sub-16,3,ROR,0,responsive_vs_lor_all_phases,0.8575801832070269,1,full_standard_plus_gcc
sub-17,1,Base1,0,responsive_vs_lor_all_phases,0.000943887945369985,0,full_standard_plus_gcc
sub-17,4,Base2,0,responsive_vs_lor_all_phases,0.029519558782620053,0,full_standard_plus_gcc
sub-17,2,LOR_task2,1,responsive_vs_lor_all_phases,0.8704036708584314,1,full_standard_plus_gcc
sub-17,3,LOR_task3,1,responsive_vs_lor_all_phases,0.4520348871606325,0,full_standard_plus_gcc
sub-17,2,PreLOR,0,responsive_vs_lor_all_phases,0.23948082756848607,0,full_standard_plus_gcc
sub-17,3,ROR,0,responsive_vs_lor_all_phases,0.5412979390634467,1,full_standard_plus_gcc
sub-18,1,Base1,0,responsive_vs_lor_all_phases,0.0017832945502644789,0,full_standard_plus_gcc
sub-18,4,Base2,0,responsive_vs_lor_all_phases,0.05637294866219349,0,full_standard_plus_gcc
sub-18,2,LOR_task2,1,responsive_vs_lor_all_phases,0.9682580221419205,1,full_standard_plus_gcc
sub-18,3,LOR_task3,1,responsive_vs_lor_all_phases,0.9971546804061998,1,full_standard_plus_gcc
sub-18,2,PreLOR,0,responsive_vs_lor_all_phases,0.055018059496007646,0,full_standard_plus_gcc
sub-19,1,Base1,0,responsive_vs_lor_all_phases,0.0017212673402161747,0,full_standard_plus_gcc
sub-19,4,Base2,0,responsive_vs_lor_all_phases,0.004151995972547834,0,full_standard_plus_gcc
sub-19,2,LOR_task2,1,responsive_vs_lor_all_phases,0.9889038477521948,1,full_standard_plus_gcc
sub-19,3,LOR_task3,1,responsive_vs_lor_all_phases,0.12690858401534788,0,full_standard_plus_gcc
sub-19,2,PreLOR,0,responsive_vs_lor_all_phases,0.10737933283195686,0,full_standard_plus_gcc
sub-19,3,ROR,0,responsive_vs_lor_all_phases,0.015509921390694195,0,full_standard_plus_gcc
sub-20,1,Base1,0,responsive_vs_lor_all_phases,0.005315461485397736,0,full_standard_plus_gcc
sub-20,4,Base2,0,responsive_vs_lor_all_phases,0.12499067393358898,0,full_standard_plus_gcc
sub-20,2,LOR_task2,1,responsive_vs_lor_all_phases,0.9991376863244055,1,full_standard_plus_gcc
sub-20,3,LOR_task3,1,responsive_vs_lor_all_phases,0.9992898859758635,1,full_standard_plus_gcc
sub-20,2,PreLOR,0,responsive_vs_lor_all_phases,0.8974402572579848,1,full_standard_plus_gcc
sub-20,3,ROR,0,responsive_vs_lor_all_phases,0.7173764537932441,1,full_standard_plus_gcc
sub-21,1,Base1,0,responsive_vs_lor_all_phases,0.01031247929073245,0,full_standard_plus_gcc
sub-21,4,Base2,0,responsive_vs_lor_all_phases,0.02381693633603968,0,full_standard_plus_gcc
sub-21,2,LOR_task2,1,responsive_vs_lor_all_phases,0.9968301202858548,1,full_standard_plus_gcc
sub-21,3,LOR_task3,1,responsive_vs_lor_all_phases,0.9939852748277973,1,full_standard_plus_gcc
sub-21,2,PreLOR,0,responsive_vs_lor_all_phases,0.6637320635946535,1,full_standard_plus_gcc
sub-21,3,ROR,0,responsive_vs_lor_all_phases,0.20072769434068027,0,full_standard_plus_gcc
sub-22,1,Base1,0,responsive_vs_lor_all_phases,0.0011026034759453308,0,full_standard_plus_gcc
sub-22,4,Base2,0,responsive_vs_lor_all_phases,0.07176479605712238,0,full_standard_plus_gcc
sub-22,2,LOR_task2,1,responsive_vs_lor_all_phases,0.9809824517858543,1,full_standard_plus_gcc
sub-22,3,LOR_task3,1,responsive_vs_lor_all_phases,0.9593987047330867,1,full_standard_plus_gcc
sub-22,2,PreLOR,0,responsive_vs_lor_all_phases,0.6473238330276424,1,full_standard_plus_gcc
sub-23,1,Base1,0,responsive_vs_lor_all_phases,0.0008836020168344767,0,full_standard_plus_gcc
sub-23,4,Base2,0,responsive_vs_lor_all_phases,0.009961637440327697,0,full_standard_plus_gcc
sub-23,2,LOR_task2,1,responsive_vs_lor_all_phases,0.9977976069370856,1,full_standard_plus_gcc
sub-23,3,LOR_task3,1,responsive_vs_lor_all_phases,0.9985929961800006,1,full_standard_plus_gcc
sub-23,2,PreLOR,0,responsive_vs_lor_all_phases,0.3714795320728483,0,full_standard_plus_gcc
sub-23,3,ROR,0,responsive_vs_lor_all_phases,0.19864950411460386,0,full_standard_plus_gcc
sub-24,1,Base1,0,responsive_vs_lor_all_phases,0.002921708884387015,0,full_standard_plus_gcc
sub-24,4,Base2,0,responsive_vs_lor_all_phases,0.011221730038455578,0,full_standard_plus_gcc
sub-24,2,LOR_task2,1,responsive_vs_lor_all_phases,0.8915945840175953,1,full_standard_plus_gcc
sub-24,3,LOR_task3,1,responsive_vs_lor_all_phases,0.4488379715391482,0,full_standard_plus_gcc
sub-24,2,PreLOR,0,responsive_vs_lor_all_phases,0.04403775661580378,0,full_standard_plus_gcc
sub-25,1,Base1,0,responsive_vs_lor_all_phases,0.0044275458968627305,0,full_standard_plus_gcc
sub-25,4,Base2,0,responsive_vs_lor_all_phases,0.03133650361679682,0,full_standard_plus_gcc
sub-25,2,LOR_task2,1,responsive_vs_lor_all_phases,0.9966270626916366,1,full_standard_plus_gcc
sub-25,3,LOR_task3,1,responsive_vs_lor_all_phases,0.9308650342057563,1,full_standard_plus_gcc
sub-25,2,PreLOR,0,responsive_vs_lor_all_phases,0.7404658934087496,1,full_standard_plus_gcc
sub-26,1,Base1,0,responsive_vs_lor_all_phases,0.001986452795502936,0,full_standard_plus_gcc
sub-26,4,Base2,0,responsive_vs_lor_all_phases,0.0271718756814935,0,full_standard_plus_gcc
sub-26,2,LOR_task2,1,responsive_vs_lor_all_phases,0.9475930509408877,1,full_standard_plus_gcc
sub-26,3,LOR_task3,1,responsive_vs_lor_all_phases,0.9042244088053822,1,full_standard_plus_gcc
sub-26,2,PreLOR,0,responsive_vs_lor_all_phases,0.21429967991793245,0,full_standard_plus_gcc
sub-26,3,ROR,0,responsive_vs_lor_all_phases,0.04010047257943755,0,full_standard_plus_gcc
sub-27,1,Base1,0,responsive_vs_lor_all_phases,0.001453958138146868,0,full_standard_plus_gcc
sub-27,4,Base2,0,responsive_vs_lor_all_phases,0.051816251217119816,0,full_standard_plus_gcc
sub-27,2,LOR_task2,1,responsive_vs_lor_all_phases,0.9750005247594966,1,full_standard_plus_gcc
sub-27,3,LOR_task3,1,responsive_vs_lor_all_phases,0.9633205852293916,1,full_standard_plus_gcc
sub-27,2,PreLOR,0,responsive_vs_lor_all_phases,0.11667424401697976,0,full_standard_plus_gcc
sub-27,3,ROR,0,responsive_vs_lor_all_phases,0.2593089911343712,0,full_standard_plus_gcc
sub-28,1,Base1,0,responsive_vs_lor_all_phases,0.0011757652905229584,0,full_standard_plus_gcc
sub-28,4,Base2,0,responsive_vs_lor_all_phases,0.036152367608980246,0,full_standard_plus_gcc
sub-28,2,LOR_task2,1,responsive_vs_lor_all_phases,0.9989102499963609,1,full_standard_plus_gcc
sub-28,3,LOR_task3,1,responsive_vs_lor_all_phases,0.9047283453732851,1,full_standard_plus_gcc
sub-28,2,PreLOR,0,responsive_vs_lor_all_phases,0.8037907743486817,1,full_standard_plus_gcc
sub-29,1,Base1,0,responsive_vs_lor_all_phases,0.002014159866356182,0,full_standard_plus_gcc
sub-29,2,LOR_task2,1,responsive_vs_lor_all_phases,0.9999887077168308,1,full_standard_plus_gcc
sub-29,3,LOR_task3,1,responsive_vs_lor_all_phases,0.9999998267200829,1,full_standard_plus_gcc
sub-29,2,PreLOR,0,responsive_vs_lor_all_phases,0.8739807530815512,1,full_standard_plus_gcc
sub-30,1,Base1,0,responsive_vs_lor_all_phases,0.009886760350787163,0,full_standard_plus_gcc
sub-30,4,Base2,0,responsive_vs_lor_all_phases,0.026068972517087893,0,full_standard_plus_gcc
sub-30,2,LOR_task2,1,responsive_vs_lor_all_phases,0.9842812871855983,1,full_standard_plus_gcc
sub-30,3,LOR_task3,1,responsive_vs_lor_all_phases,0.9949377337326603,1,full_standard_plus_gcc
sub-30,2,PreLOR,0,responsive_vs_lor_all_phases,0.5482048331997998,1,full_standard_plus_gcc
sub-30,3,ROR,0,responsive_vs_lor_all_phases,0.35409840669854936,0,full_standard_plus_gcc
sub-02,2,LOR_task2,1,prelor_vs_lor_task2,0.7525205776815093,1,confounds_motion_propofol
sub-02,2,PreLOR,0,prelor_vs_lor_task2,0.03365485251460769,0,confounds_motion_propofol
sub-03,2,LOR_task2,1,prelor_vs_lor_task2,0.9057804374344662,1,confounds_motion_propofol
sub-03,2,PreLOR,0,prelor_vs_lor_task2,0.06563561765606192,0,confounds_motion_propofol
sub-04,2,LOR_task2,1,prelor_vs_lor_task2,0.9313692634014882,1,confounds_motion_propofol
sub-04,2,PreLOR,0,prelor_vs_lor_task2,0.029119945346993557,0,confounds_motion_propofol
sub-05,2,LOR_task2,1,prelor_vs_lor_task2,0.6717735002875717,1,confounds_motion_propofol
sub-05,2,PreLOR,0,prelor_vs_lor_task2,0.045526554527808134,0,confounds_motion_propofol
sub-06,2,LOR_task2,1,prelor_vs_lor_task2,0.7584938488560579,1,confounds_motion_propofol
sub-06,2,PreLOR,0,prelor_vs_lor_task2,0.07648547144891717,0,confounds_motion_propofol
sub-07,2,LOR_task2,1,prelor_vs_lor_task2,0.8163616649052664,1,confounds_motion_propofol
sub-07,2,PreLOR,0,prelor_vs_lor_task2,0.07058980973053126,0,confounds_motion_propofol
sub-11,2,LOR_task2,1,prelor_vs_lor_task2,0.7063657332680834,1,confounds_motion_propofol
sub-11,2,PreLOR,0,prelor_vs_lor_task2,0.05609624956487051,0,confounds_motion_propofol
sub-12,2,LOR_task2,1,prelor_vs_lor_task2,0.8385066466830556,1,confounds_motion_propofol
sub-12,2,PreLOR,0,prelor_vs_lor_task2,0.05572199242245225,0,confounds_motion_propofol
sub-13,2,LOR_task2,1,prelor_vs_lor_task2,0.9258869351833845,1,confounds_motion_propofol
sub-13,2,PreLOR,0,prelor_vs_lor_task2,0.03460494063672344,0,confounds_motion_propofol
sub-14,2,LOR_task2,1,prelor_vs_lor_task2,0.525461474797867,1,confounds_motion_propofol
sub-14,2,PreLOR,0,prelor_vs_lor_task2,0.022540493904861028,0,confounds_motion_propofol
sub-15,2,LOR_task2,1,prelor_vs_lor_task2,0.10727620162998305,0,confounds_motion_propofol
sub-15,2,PreLOR,0,prelor_vs_lor_task2,0.008545259018770105,0,confounds_motion_propofol
sub-17,2,LOR_task2,1,prelor_vs_lor_task2,0.6466928148171885,1,confounds_motion_propofol
sub-17,2,PreLOR,0,prelor_vs_lor_task2,0.11006294555141707,0,confounds_motion_propofol
sub-18,2,LOR_task2,1,prelor_vs_lor_task2,0.9134058737552668,1,confounds_motion_propofol
sub-18,2,PreLOR,0,prelor_vs_lor_task2,0.056344381329428095,0,confounds_motion_propofol
sub-19,2,LOR_task2,1,prelor_vs_lor_task2,0.9284219327843426,1,confounds_motion_propofol
sub-19,2,PreLOR,0,prelor_vs_lor_task2,0.1415517359923837,0,confounds_motion_propofol
sub-20,2,LOR_task2,1,prelor_vs_lor_task2,0.9991838479819833,1,confounds_motion_propofol
sub-20,2,PreLOR,0,prelor_vs_lor_task2,0.25217012202544803,0,confounds_motion_propofol
sub-21,2,LOR_task2,1,prelor_vs_lor_task2,0.9708446295091626,1,confounds_motion_propofol
sub-21,2,PreLOR,0,prelor_vs_lor_task2,0.21330437016397957,0,confounds_motion_propofol
sub-22,2,LOR_task2,1,prelor_vs_lor_task2,0.9938448122449024,1,confounds_motion_propofol
sub-22,2,PreLOR,0,prelor_vs_lor_task2,0.2994986319890577,0,confounds_motion_propofol
sub-23,2,LOR_task2,1,prelor_vs_lor_task2,0.9758562844964829,1,confounds_motion_propofol
sub-23,2,PreLOR,0,prelor_vs_lor_task2,0.20432043224081542,0,confounds_motion_propofol
sub-24,2,LOR_task2,1,prelor_vs_lor_task2,0.9089899469017804,1,confounds_motion_propofol
sub-24,2,PreLOR,0,prelor_vs_lor_task2,0.22077818616561123,0,confounds_motion_propofol
sub-25,2,LOR_task2,1,prelor_vs_lor_task2,0.9932192085695841,1,confounds_motion_propofol
sub-25,2,PreLOR,0,prelor_vs_lor_task2,0.30830069482413985,0,confounds_motion_propofol
sub-26,2,LOR_task2,1,prelor_vs_lor_task2,0.9196731254747986,1,confounds_motion_propofol
sub-26,2,PreLOR,0,prelor_vs_lor_task2,0.2136585435961215,0,confounds_motion_propofol
sub-27,2,LOR_task2,1,prelor_vs_lor_task2,0.8110349793673489,1,confounds_motion_propofol
sub-27,2,PreLOR,0,prelor_vs_lor_task2,0.08459883769911533,0,confounds_motion_propofol
sub-28,2,LOR_task2,1,prelor_vs_lor_task2,0.9825925852524602,1,confounds_motion_propofol
sub-28,2,PreLOR,0,prelor_vs_lor_task2,0.36780371495300956,0,confounds_motion_propofol
sub-29,2,LOR_task2,1,prelor_vs_lor_task2,0.9999364827243131,1,confounds_motion_propofol
sub-29,2,PreLOR,0,prelor_vs_lor_task2,0.442537469406922,0,confounds_motion_propofol
sub-30,2,LOR_task2,1,prelor_vs_lor_task2,0.9028068962608192,1,confounds_motion_propofol
sub-30,2,PreLOR,0,prelor_vs_lor_task2,0.24756502778450606,0,confounds_motion_propofol
sub-02,2,LOR_task2,1,prelor_vs_lor_task2,0.9458359181496063,1,standard_fc_plus_confounds
sub-02,2,PreLOR,0,prelor_vs_lor_task2,0.027762815766935834,0,standard_fc_plus_confounds
sub-03,2,LOR_task2,1,prelor_vs_lor_task2,0.9671960743329983,1,standard_fc_plus_confounds
sub-03,2,PreLOR,0,prelor_vs_lor_task2,0.04442429348759266,0,standard_fc_plus_confounds
sub-04,2,LOR_task2,1,prelor_vs_lor_task2,0.9493750373011032,1,standard_fc_plus_confounds
sub-04,2,PreLOR,0,prelor_vs_lor_task2,0.04889285955672167,0,standard_fc_plus_confounds
sub-05,2,LOR_task2,1,prelor_vs_lor_task2,0.8361040819412726,1,standard_fc_plus_confounds
sub-05,2,PreLOR,0,prelor_vs_lor_task2,0.03214087273859974,0,standard_fc_plus_confounds
sub-06,2,LOR_task2,1,prelor_vs_lor_task2,0.6292802914211257,1,standard_fc_plus_confounds
sub-06,2,PreLOR,0,prelor_vs_lor_task2,0.00981826677177085,0,standard_fc_plus_confounds
sub-07,2,LOR_task2,1,prelor_vs_lor_task2,0.9526853030544572,1,standard_fc_plus_confounds
sub-07,2,PreLOR,0,prelor_vs_lor_task2,0.04214743280039376,0,standard_fc_plus_confounds
sub-11,2,LOR_task2,1,prelor_vs_lor_task2,0.785849736205136,1,standard_fc_plus_confounds
sub-11,2,PreLOR,0,prelor_vs_lor_task2,0.06043462807047855,0,standard_fc_plus_confounds
sub-12,2,LOR_task2,1,prelor_vs_lor_task2,0.9345824820484441,1,standard_fc_plus_confounds
sub-12,2,PreLOR,0,prelor_vs_lor_task2,0.07556922223846924,0,standard_fc_plus_confounds
sub-13,2,LOR_task2,1,prelor_vs_lor_task2,0.9497572876466128,1,standard_fc_plus_confounds
sub-13,2,PreLOR,0,prelor_vs_lor_task2,0.11658585827796458,0,standard_fc_plus_confounds
sub-14,2,LOR_task2,1,prelor_vs_lor_task2,0.6936381819190265,1,standard_fc_plus_confounds
sub-14,2,PreLOR,0,prelor_vs_lor_task2,0.0048411376608194535,0,standard_fc_plus_confounds
sub-15,2,LOR_task2,1,prelor_vs_lor_task2,0.176902439863733,0,standard_fc_plus_confounds
sub-15,2,PreLOR,0,prelor_vs_lor_task2,0.01864055720037329,0,standard_fc_plus_confounds
sub-17,2,LOR_task2,1,prelor_vs_lor_task2,0.7859281618469911,1,standard_fc_plus_confounds
sub-17,2,PreLOR,0,prelor_vs_lor_task2,0.12543621255238938,0,standard_fc_plus_confounds
sub-18,2,LOR_task2,1,prelor_vs_lor_task2,0.5622014626924509,1,standard_fc_plus_confounds
sub-18,2,PreLOR,0,prelor_vs_lor_task2,0.0014431121277547183,0,standard_fc_plus_confounds
sub-19,2,LOR_task2,1,prelor_vs_lor_task2,0.962809481092828,1,standard_fc_plus_confounds
sub-19,2,PreLOR,0,prelor_vs_lor_task2,0.020226102991007522,0,standard_fc_plus_confounds
sub-20,2,LOR_task2,1,prelor_vs_lor_task2,0.9976458974158435,1,standard_fc_plus_confounds
sub-20,2,PreLOR,0,prelor_vs_lor_task2,0.2658892261375662,0,standard_fc_plus_confounds
sub-21,2,LOR_task2,1,prelor_vs_lor_task2,0.9906945488538574,1,standard_fc_plus_confounds
sub-21,2,PreLOR,0,prelor_vs_lor_task2,0.21316585340665262,0,standard_fc_plus_confounds
sub-22,2,LOR_task2,1,prelor_vs_lor_task2,0.8939944447491815,1,standard_fc_plus_confounds
sub-22,2,PreLOR,0,prelor_vs_lor_task2,0.23973146377915555,0,standard_fc_plus_confounds
sub-23,2,LOR_task2,1,prelor_vs_lor_task2,0.9920127792513316,1,standard_fc_plus_confounds
sub-23,2,PreLOR,0,prelor_vs_lor_task2,0.09592984892356048,0,standard_fc_plus_confounds
sub-24,2,LOR_task2,1,prelor_vs_lor_task2,0.9355024048058549,1,standard_fc_plus_confounds
sub-24,2,PreLOR,0,prelor_vs_lor_task2,0.023553643487707523,0,standard_fc_plus_confounds
sub-25,2,LOR_task2,1,prelor_vs_lor_task2,0.9898614664844934,1,standard_fc_plus_confounds
sub-25,2,PreLOR,0,prelor_vs_lor_task2,0.314188774763054,0,standard_fc_plus_confounds
sub-26,2,LOR_task2,1,prelor_vs_lor_task2,0.9069151800691232,1,standard_fc_plus_confounds
sub-26,2,PreLOR,0,prelor_vs_lor_task2,0.025697569087325792,0,standard_fc_plus_confounds
sub-27,2,LOR_task2,1,prelor_vs_lor_task2,0.9503220659168167,1,standard_fc_plus_confounds
sub-27,2,PreLOR,0,prelor_vs_lor_task2,0.03671789445775116,0,standard_fc_plus_confounds
sub-28,2,LOR_task2,1,prelor_vs_lor_task2,0.9949321625484843,1,standard_fc_plus_confounds
sub-28,2,PreLOR,0,prelor_vs_lor_task2,0.6482114123009687,1,standard_fc_plus_confounds
sub-29,2,LOR_task2,1,prelor_vs_lor_task2,0.9997827433538429,1,standard_fc_plus_confounds
sub-29,2,PreLOR,0,prelor_vs_lor_task2,0.1805069033665,0,standard_fc_plus_confounds
sub-30,2,LOR_task2,1,prelor_vs_lor_task2,0.9652204397552927,1,standard_fc_plus_confounds
sub-30,2,PreLOR,0,prelor_vs_lor_task2,0.2262196256526572,0,standard_fc_plus_confounds
sub-02,2,LOR_task2,1,prelor_vs_lor_task2,0.9780622748763496,1,gcc_core_plus_confounds
sub-02,2,PreLOR,0,prelor_vs_lor_task2,0.01955080520365928,0,gcc_core_plus_confounds
sub-03,2,LOR_task2,1,prelor_vs_lor_task2,0.9811976400793659,1,gcc_core_plus_confounds
sub-03,2,PreLOR,0,prelor_vs_lor_task2,0.04569903777389515,0,gcc_core_plus_confounds
sub-04,2,LOR_task2,1,prelor_vs_lor_task2,0.9592320621827154,1,gcc_core_plus_confounds
sub-04,2,PreLOR,0,prelor_vs_lor_task2,0.03441229806555141,0,gcc_core_plus_confounds
sub-05,2,LOR_task2,1,prelor_vs_lor_task2,0.8547229847398516,1,gcc_core_plus_confounds
sub-05,2,PreLOR,0,prelor_vs_lor_task2,0.020974725812247897,0,gcc_core_plus_confounds
sub-06,2,LOR_task2,1,prelor_vs_lor_task2,0.58752836975391,1,gcc_core_plus_confounds
sub-06,2,PreLOR,0,prelor_vs_lor_task2,0.008161556778209882,0,gcc_core_plus_confounds
sub-07,2,LOR_task2,1,prelor_vs_lor_task2,0.949220233117293,1,gcc_core_plus_confounds
sub-07,2,PreLOR,0,prelor_vs_lor_task2,0.0384132916316348,0,gcc_core_plus_confounds
sub-11,2,LOR_task2,1,prelor_vs_lor_task2,0.8011540166732252,1,gcc_core_plus_confounds
sub-11,2,PreLOR,0,prelor_vs_lor_task2,0.06376382950708975,0,gcc_core_plus_confounds
sub-12,2,LOR_task2,1,prelor_vs_lor_task2,0.9531793894579278,1,gcc_core_plus_confounds
sub-12,2,PreLOR,0,prelor_vs_lor_task2,0.06149096409570512,0,gcc_core_plus_confounds
sub-13,2,LOR_task2,1,prelor_vs_lor_task2,0.9659416544805494,1,gcc_core_plus_confounds
sub-13,2,PreLOR,0,prelor_vs_lor_task2,0.18267322776954775,0,gcc_core_plus_confounds
sub-14,2,LOR_task2,1,prelor_vs_lor_task2,0.6918057842111764,1,gcc_core_plus_confounds
sub-14,2,PreLOR,0,prelor_vs_lor_task2,0.003458219026929484,0,gcc_core_plus_confounds
sub-15,2,LOR_task2,1,prelor_vs_lor_task2,0.1690695862544458,0,gcc_core_plus_confounds
sub-15,2,PreLOR,0,prelor_vs_lor_task2,0.013658267374175245,0,gcc_core_plus_confounds
sub-17,2,LOR_task2,1,prelor_vs_lor_task2,0.9143973480090523,1,gcc_core_plus_confounds
sub-17,2,PreLOR,0,prelor_vs_lor_task2,0.12592978937215957,0,gcc_core_plus_confounds
sub-18,2,LOR_task2,1,prelor_vs_lor_task2,0.5678037873181476,1,gcc_core_plus_confounds
sub-18,2,PreLOR,0,prelor_vs_lor_task2,0.0014432114957574462,0,gcc_core_plus_confounds
sub-19,2,LOR_task2,1,prelor_vs_lor_task2,0.9616919244680957,1,gcc_core_plus_confounds
sub-19,2,PreLOR,0,prelor_vs_lor_task2,0.01288146006934224,0,gcc_core_plus_confounds
sub-20,2,LOR_task2,1,prelor_vs_lor_task2,0.997969101395258,1,gcc_core_plus_confounds
sub-20,2,PreLOR,0,prelor_vs_lor_task2,0.2776387629449358,0,gcc_core_plus_confounds
sub-21,2,LOR_task2,1,prelor_vs_lor_task2,0.9934245164698241,1,gcc_core_plus_confounds
sub-21,2,PreLOR,0,prelor_vs_lor_task2,0.1731826557800572,0,gcc_core_plus_confounds
sub-22,2,LOR_task2,1,prelor_vs_lor_task2,0.7215464923340856,1,gcc_core_plus_confounds
sub-22,2,PreLOR,0,prelor_vs_lor_task2,0.1655420395091244,0,gcc_core_plus_confounds
sub-23,2,LOR_task2,1,prelor_vs_lor_task2,0.996051794351207,1,gcc_core_plus_confounds
sub-23,2,PreLOR,0,prelor_vs_lor_task2,0.08914476901229171,0,gcc_core_plus_confounds
sub-24,2,LOR_task2,1,prelor_vs_lor_task2,0.9429205309246728,1,gcc_core_plus_confounds
sub-24,2,PreLOR,0,prelor_vs_lor_task2,0.010183742067175166,0,gcc_core_plus_confounds
sub-25,2,LOR_task2,1,prelor_vs_lor_task2,0.9889548373609702,1,gcc_core_plus_confounds
sub-25,2,PreLOR,0,prelor_vs_lor_task2,0.26447787008847373,0,gcc_core_plus_confounds
sub-26,2,LOR_task2,1,prelor_vs_lor_task2,0.895128698185642,1,gcc_core_plus_confounds
sub-26,2,PreLOR,0,prelor_vs_lor_task2,0.013562703197797558,0,gcc_core_plus_confounds
sub-27,2,LOR_task2,1,prelor_vs_lor_task2,0.9693627752187214,1,gcc_core_plus_confounds
sub-27,2,PreLOR,0,prelor_vs_lor_task2,0.0276031327384787,0,gcc_core_plus_confounds
sub-28,2,LOR_task2,1,prelor_vs_lor_task2,0.9982802649947986,1,gcc_core_plus_confounds
sub-28,2,PreLOR,0,prelor_vs_lor_task2,0.7446431815749863,1,gcc_core_plus_confounds
sub-29,2,LOR_task2,1,prelor_vs_lor_task2,0.9998238967778346,1,gcc_core_plus_confounds
sub-29,2,PreLOR,0,prelor_vs_lor_task2,0.18883379118155702,0,gcc_core_plus_confounds
sub-30,2,LOR_task2,1,prelor_vs_lor_task2,0.9736259006274424,1,gcc_core_plus_confounds
sub-30,2,PreLOR,0,prelor_vs_lor_task2,0.18517380246938914,0,gcc_core_plus_confounds
sub-02,2,LOR_task2,1,prelor_vs_lor_task2,0.975056895455738,1,gcc_regime_plus_confounds
sub-02,2,PreLOR,0,prelor_vs_lor_task2,0.026458493237428916,0,gcc_regime_plus_confounds
sub-03,2,LOR_task2,1,prelor_vs_lor_task2,0.9693413887193231,1,gcc_regime_plus_confounds
sub-03,2,PreLOR,0,prelor_vs_lor_task2,0.033341169761785534,0,gcc_regime_plus_confounds
sub-04,2,LOR_task2,1,prelor_vs_lor_task2,0.9603734895385538,1,gcc_regime_plus_confounds
sub-04,2,PreLOR,0,prelor_vs_lor_task2,0.03984781851085201,0,gcc_regime_plus_confounds
sub-05,2,LOR_task2,1,prelor_vs_lor_task2,0.8335583659927556,1,gcc_regime_plus_confounds
sub-05,2,PreLOR,0,prelor_vs_lor_task2,0.01650328132932111,0,gcc_regime_plus_confounds
sub-06,2,LOR_task2,1,prelor_vs_lor_task2,0.5863424438415761,1,gcc_regime_plus_confounds
sub-06,2,PreLOR,0,prelor_vs_lor_task2,0.009756582686496373,0,gcc_regime_plus_confounds
sub-07,2,LOR_task2,1,prelor_vs_lor_task2,0.9015166076264474,1,gcc_regime_plus_confounds
sub-07,2,PreLOR,0,prelor_vs_lor_task2,0.03382518023809915,0,gcc_regime_plus_confounds
sub-11,2,LOR_task2,1,prelor_vs_lor_task2,0.8174649844767863,1,gcc_regime_plus_confounds
sub-11,2,PreLOR,0,prelor_vs_lor_task2,0.056847537697825024,0,gcc_regime_plus_confounds
sub-12,2,LOR_task2,1,prelor_vs_lor_task2,0.9662402786032545,1,gcc_regime_plus_confounds
sub-12,2,PreLOR,0,prelor_vs_lor_task2,0.0734788851262616,0,gcc_regime_plus_confounds
sub-13,2,LOR_task2,1,prelor_vs_lor_task2,0.9723851735476025,1,gcc_regime_plus_confounds
sub-13,2,PreLOR,0,prelor_vs_lor_task2,0.18989614479901343,0,gcc_regime_plus_confounds
sub-14,2,LOR_task2,1,prelor_vs_lor_task2,0.756047912044044,1,gcc_regime_plus_confounds
sub-14,2,PreLOR,0,prelor_vs_lor_task2,0.004301100105970609,0,gcc_regime_plus_confounds
sub-15,2,LOR_task2,1,prelor_vs_lor_task2,0.13811927534680674,0,gcc_regime_plus_confounds
sub-15,2,PreLOR,0,prelor_vs_lor_task2,0.011206277088376966,0,gcc_regime_plus_confounds
sub-17,2,LOR_task2,1,prelor_vs_lor_task2,0.8609987591671324,1,gcc_regime_plus_confounds
sub-17,2,PreLOR,0,prelor_vs_lor_task2,0.10959696481476576,0,gcc_regime_plus_confounds
sub-18,2,LOR_task2,1,prelor_vs_lor_task2,0.6281359231467272,1,gcc_regime_plus_confounds
sub-18,2,PreLOR,0,prelor_vs_lor_task2,0.0017733116613262625,0,gcc_regime_plus_confounds
sub-19,2,LOR_task2,1,prelor_vs_lor_task2,0.9471622375853819,1,gcc_regime_plus_confounds
sub-19,2,PreLOR,0,prelor_vs_lor_task2,0.011857974362645391,0,gcc_regime_plus_confounds
sub-20,2,LOR_task2,1,prelor_vs_lor_task2,0.99861685647834,1,gcc_regime_plus_confounds
sub-20,2,PreLOR,0,prelor_vs_lor_task2,0.2489558846230547,0,gcc_regime_plus_confounds
sub-21,2,LOR_task2,1,prelor_vs_lor_task2,0.9952274135019747,1,gcc_regime_plus_confounds
sub-21,2,PreLOR,0,prelor_vs_lor_task2,0.14068907104127668,0,gcc_regime_plus_confounds
sub-22,2,LOR_task2,1,prelor_vs_lor_task2,0.6165727135023863,1,gcc_regime_plus_confounds
sub-22,2,PreLOR,0,prelor_vs_lor_task2,0.15705028227354528,0,gcc_regime_plus_confounds
sub-23,2,LOR_task2,1,prelor_vs_lor_task2,0.9950795856690994,1,gcc_regime_plus_confounds
sub-23,2,PreLOR,0,prelor_vs_lor_task2,0.11739592771885726,0,gcc_regime_plus_confounds
sub-24,2,LOR_task2,1,prelor_vs_lor_task2,0.9589101937811846,1,gcc_regime_plus_confounds
sub-24,2,PreLOR,0,prelor_vs_lor_task2,0.011398188106761357,0,gcc_regime_plus_confounds
sub-25,2,LOR_task2,1,prelor_vs_lor_task2,0.9930370952449821,1,gcc_regime_plus_confounds
sub-25,2,PreLOR,0,prelor_vs_lor_task2,0.3260052904834376,0,gcc_regime_plus_confounds
sub-26,2,LOR_task2,1,prelor_vs_lor_task2,0.910176607391876,1,gcc_regime_plus_confounds
sub-26,2,PreLOR,0,prelor_vs_lor_task2,0.012866520115098602,0,gcc_regime_plus_confounds
sub-27,2,LOR_task2,1,prelor_vs_lor_task2,0.9562372442759517,1,gcc_regime_plus_confounds
sub-27,2,PreLOR,0,prelor_vs_lor_task2,0.01809106847179842,0,gcc_regime_plus_confounds
sub-28,2,LOR_task2,1,prelor_vs_lor_task2,0.9973601873066722,1,gcc_regime_plus_confounds
sub-28,2,PreLOR,0,prelor_vs_lor_task2,0.734638815092508,1,gcc_regime_plus_confounds
sub-29,2,LOR_task2,1,prelor_vs_lor_task2,0.9998027589676264,1,gcc_regime_plus_confounds
sub-29,2,PreLOR,0,prelor_vs_lor_task2,0.17066007367756622,0,gcc_regime_plus_confounds
sub-30,2,LOR_task2,1,prelor_vs_lor_task2,0.9797444086076013,1,gcc_regime_plus_confounds
sub-30,2,PreLOR,0,prelor_vs_lor_task2,0.16898529507640253,0,gcc_regime_plus_confounds
sub-02,2,LOR_task2,1,prelor_vs_lor_task2,0.978747448416321,1,full_standard_plus_gcc
sub-02,2,PreLOR,0,prelor_vs_lor_task2,0.023950501546774958,0,full_standard_plus_gcc
sub-03,2,LOR_task2,1,prelor_vs_lor_task2,0.9732792319596449,1,full_standard_plus_gcc
sub-03,2,PreLOR,0,prelor_vs_lor_task2,0.027026395924134663,0,full_standard_plus_gcc
sub-04,2,LOR_task2,1,prelor_vs_lor_task2,0.964182803925299,1,full_standard_plus_gcc
sub-04,2,PreLOR,0,prelor_vs_lor_task2,0.04350546264230494,0,full_standard_plus_gcc
sub-05,2,LOR_task2,1,prelor_vs_lor_task2,0.8635584258804769,1,full_standard_plus_gcc
sub-05,2,PreLOR,0,prelor_vs_lor_task2,0.014919010070041342,0,full_standard_plus_gcc
sub-06,2,LOR_task2,1,prelor_vs_lor_task2,0.5907035967905973,1,full_standard_plus_gcc
sub-06,2,PreLOR,0,prelor_vs_lor_task2,0.006196525874694264,0,full_standard_plus_gcc
sub-07,2,LOR_task2,1,prelor_vs_lor_task2,0.9325613453224878,1,full_standard_plus_gcc
sub-07,2,PreLOR,0,prelor_vs_lor_task2,0.028209397875316834,0,full_standard_plus_gcc
sub-11,2,LOR_task2,1,prelor_vs_lor_task2,0.8291941682608347,1,full_standard_plus_gcc
sub-11,2,PreLOR,0,prelor_vs_lor_task2,0.049590135336728666,0,full_standard_plus_gcc
sub-12,2,LOR_task2,1,prelor_vs_lor_task2,0.9730500279742487,1,full_standard_plus_gcc
sub-12,2,PreLOR,0,prelor_vs_lor_task2,0.07427605855444915,0,full_standard_plus_gcc
sub-13,2,LOR_task2,1,prelor_vs_lor_task2,0.9744379825800025,1,full_standard_plus_gcc
sub-13,2,PreLOR,0,prelor_vs_lor_task2,0.19447928580724072,0,full_standard_plus_gcc
sub-14,2,LOR_task2,1,prelor_vs_lor_task2,0.7909539264449116,1,full_standard_plus_gcc
sub-14,2,PreLOR,0,prelor_vs_lor_task2,0.003009727399550509,0,full_standard_plus_gcc
sub-15,2,LOR_task2,1,prelor_vs_lor_task2,0.14182630176462682,0,full_standard_plus_gcc
sub-15,2,PreLOR,0,prelor_vs_lor_task2,0.011380298871376336,0,full_standard_plus_gcc
sub-17,2,LOR_task2,1,prelor_vs_lor_task2,0.8344929202435699,1,full_standard_plus_gcc
sub-17,2,PreLOR,0,prelor_vs_lor_task2,0.10392041001068665,0,full_standard_plus_gcc
sub-18,2,LOR_task2,1,prelor_vs_lor_task2,0.5391563456389511,1,full_standard_plus_gcc
sub-18,2,PreLOR,0,prelor_vs_lor_task2,0.0007328844625512116,0,full_standard_plus_gcc
sub-19,2,LOR_task2,1,prelor_vs_lor_task2,0.9576688910144174,1,full_standard_plus_gcc
sub-19,2,PreLOR,0,prelor_vs_lor_task2,0.007899002813863687,0,full_standard_plus_gcc
sub-20,2,LOR_task2,1,prelor_vs_lor_task2,0.9986668927588966,1,full_standard_plus_gcc
sub-20,2,PreLOR,0,prelor_vs_lor_task2,0.248189556462436,0,full_standard_plus_gcc
sub-21,2,LOR_task2,1,prelor_vs_lor_task2,0.99647125651539,1,full_standard_plus_gcc
sub-21,2,PreLOR,0,prelor_vs_lor_task2,0.14214772295821765,0,full_standard_plus_gcc
sub-22,2,LOR_task2,1,prelor_vs_lor_task2,0.5220188527145749,1,full_standard_plus_gcc
sub-22,2,PreLOR,0,prelor_vs_lor_task2,0.16076050258315366,0,full_standard_plus_gcc
sub-23,2,LOR_task2,1,prelor_vs_lor_task2,0.9958671699991809,1,full_standard_plus_gcc
sub-23,2,PreLOR,0,prelor_vs_lor_task2,0.09850565915274542,0,full_standard_plus_gcc
sub-24,2,LOR_task2,1,prelor_vs_lor_task2,0.9644229341330612,1,full_standard_plus_gcc
sub-24,2,PreLOR,0,prelor_vs_lor_task2,0.00786053466891555,0,full_standard_plus_gcc
sub-25,2,LOR_task2,1,prelor_vs_lor_task2,0.9941326974921871,1,full_standard_plus_gcc
sub-25,2,PreLOR,0,prelor_vs_lor_task2,0.36272537670516025,0,full_standard_plus_gcc
sub-26,2,LOR_task2,1,prelor_vs_lor_task2,0.9179784420595015,1,full_standard_plus_gcc
sub-26,2,PreLOR,0,prelor_vs_lor_task2,0.009076320535597558,0,full_standard_plus_gcc
sub-27,2,LOR_task2,1,prelor_vs_lor_task2,0.9643887000832643,1,full_standard_plus_gcc
sub-27,2,PreLOR,0,prelor_vs_lor_task2,0.014082890752287174,0,full_standard_plus_gcc
sub-28,2,LOR_task2,1,prelor_vs_lor_task2,0.997734018813537,1,full_standard_plus_gcc
sub-28,2,PreLOR,0,prelor_vs_lor_task2,0.7643117996741162,1,full_standard_plus_gcc
sub-29,2,LOR_task2,1,prelor_vs_lor_task2,0.9998278944611008,1,full_standard_plus_gcc
sub-29,2,PreLOR,0,prelor_vs_lor_task2,0.1395671736051718,0,full_standard_plus_gcc
sub-30,2,LOR_task2,1,prelor_vs_lor_task2,0.9840213493332768,1,full_standard_plus_gcc
sub-30,2,PreLOR,0,prelor_vs_lor_task2,0.16901099542082149,0,full_standard_plus_gcc
sub-02,3,LOR_task3,1,lor_vs_ror_task3,0.9460942267945133,1,confounds_motion_propofol
sub-02,3,ROR,0,lor_vs_ror_task3,0.04375568809877146,0,confounds_motion_propofol
sub-03,3,LOR_task3,1,lor_vs_ror_task3,0.9607171180198206,1,confounds_motion_propofol
sub-03,3,ROR,0,lor_vs_ror_task3,0.09150916242869243,0,confounds_motion_propofol
sub-04,3,LOR_task3,1,lor_vs_ror_task3,0.8778033136834767,1,confounds_motion_propofol
sub-04,3,ROR,0,lor_vs_ror_task3,0.028324118023070333,0,confounds_motion_propofol
sub-05,3,LOR_task3,1,lor_vs_ror_task3,0.9077610626815816,1,confounds_motion_propofol
sub-05,3,ROR,0,lor_vs_ror_task3,0.04747687029011058,0,confounds_motion_propofol
sub-06,3,LOR_task3,1,lor_vs_ror_task3,0.8817701229300449,1,confounds_motion_propofol
sub-06,3,ROR,0,lor_vs_ror_task3,0.03302274473801315,0,confounds_motion_propofol
sub-07,3,LOR_task3,1,lor_vs_ror_task3,0.8637853988701214,1,confounds_motion_propofol
sub-07,3,ROR,0,lor_vs_ror_task3,0.01950907192231328,0,confounds_motion_propofol
sub-11,3,LOR_task3,1,lor_vs_ror_task3,0.6465690694907843,1,confounds_motion_propofol
sub-11,3,ROR,0,lor_vs_ror_task3,0.03633915537807975,0,confounds_motion_propofol
sub-12,3,LOR_task3,1,lor_vs_ror_task3,0.9233321605584566,1,confounds_motion_propofol
sub-12,3,ROR,0,lor_vs_ror_task3,0.08556946448001451,0,confounds_motion_propofol
sub-13,3,LOR_task3,1,lor_vs_ror_task3,0.9779768541225823,1,confounds_motion_propofol
sub-13,3,ROR,0,lor_vs_ror_task3,0.2597788424697176,0,confounds_motion_propofol
sub-15,3,LOR_task3,1,lor_vs_ror_task3,0.16912073525753518,0,confounds_motion_propofol
sub-15,3,ROR,0,lor_vs_ror_task3,0.008377593122528575,0,confounds_motion_propofol
sub-16,3,LOR_task3,1,lor_vs_ror_task3,0.9995756029929362,1,confounds_motion_propofol
sub-16,3,ROR,0,lor_vs_ror_task3,0.6969910052441973,1,confounds_motion_propofol
sub-17,3,LOR_task3,1,lor_vs_ror_task3,0.7377931511267547,1,confounds_motion_propofol
sub-17,3,ROR,0,lor_vs_ror_task3,0.037728838959994196,0,confounds_motion_propofol
sub-19,3,LOR_task3,1,lor_vs_ror_task3,0.060934737369015106,0,confounds_motion_propofol
sub-19,3,ROR,0,lor_vs_ror_task3,0.06232355615360831,0,confounds_motion_propofol
sub-20,3,LOR_task3,1,lor_vs_ror_task3,0.9993158171574382,1,confounds_motion_propofol
sub-20,3,ROR,0,lor_vs_ror_task3,0.49702018865819464,0,confounds_motion_propofol
sub-21,3,LOR_task3,1,lor_vs_ror_task3,0.9973422251877887,1,confounds_motion_propofol
sub-21,3,ROR,0,lor_vs_ror_task3,0.2504182798237768,0,confounds_motion_propofol
sub-23,3,LOR_task3,1,lor_vs_ror_task3,0.9974658192742504,1,confounds_motion_propofol
sub-23,3,ROR,0,lor_vs_ror_task3,0.09149380697756794,0,confounds_motion_propofol
sub-26,3,LOR_task3,1,lor_vs_ror_task3,0.9815051429127438,1,confounds_motion_propofol
sub-26,3,ROR,0,lor_vs_ror_task3,0.08148109902574031,0,confounds_motion_propofol
sub-27,3,LOR_task3,1,lor_vs_ror_task3,0.925275048874424,1,confounds_motion_propofol
sub-27,3,ROR,0,lor_vs_ror_task3,0.03458119615960417,0,confounds_motion_propofol
sub-30,3,LOR_task3,1,lor_vs_ror_task3,0.9929831269646184,1,confounds_motion_propofol
sub-30,3,ROR,0,lor_vs_ror_task3,0.48309454002476687,0,confounds_motion_propofol
sub-02,3,LOR_task3,1,lor_vs_ror_task3,0.9591246252948491,1,standard_fc_plus_confounds
sub-02,3,ROR,0,lor_vs_ror_task3,0.023026312775808362,0,standard_fc_plus_confounds
sub-03,3,LOR_task3,1,lor_vs_ror_task3,0.9956449146678308,1,standard_fc_plus_confounds
sub-03,3,ROR,0,lor_vs_ror_task3,0.12736794700479537,0,standard_fc_plus_confounds
sub-04,3,LOR_task3,1,lor_vs_ror_task3,0.7528679714870379,1,standard_fc_plus_confounds
sub-04,3,ROR,0,lor_vs_ror_task3,0.003655368850875641,0,standard_fc_plus_confounds
sub-05,3,LOR_task3,1,lor_vs_ror_task3,0.908380824298321,1,standard_fc_plus_confounds
sub-05,3,ROR,0,lor_vs_ror_task3,0.06557590753080159,0,standard_fc_plus_confounds
sub-06,3,LOR_task3,1,lor_vs_ror_task3,0.9149309201034529,1,standard_fc_plus_confounds
sub-06,3,ROR,0,lor_vs_ror_task3,0.029831421801568076,0,standard_fc_plus_confounds
sub-07,3,LOR_task3,1,lor_vs_ror_task3,0.8792339494756903,1,standard_fc_plus_confounds
sub-07,3,ROR,0,lor_vs_ror_task3,0.004440960355456142,0,standard_fc_plus_confounds
sub-11,3,LOR_task3,1,lor_vs_ror_task3,0.7957892548334654,1,standard_fc_plus_confounds
sub-11,3,ROR,0,lor_vs_ror_task3,0.00751921764001806,0,standard_fc_plus_confounds
sub-12,3,LOR_task3,1,lor_vs_ror_task3,0.9296253518261243,1,standard_fc_plus_confounds
sub-12,3,ROR,0,lor_vs_ror_task3,0.03913502564157765,0,standard_fc_plus_confounds
sub-13,3,LOR_task3,1,lor_vs_ror_task3,0.9873143516971606,1,standard_fc_plus_confounds
sub-13,3,ROR,0,lor_vs_ror_task3,0.08452724150905423,0,standard_fc_plus_confounds
sub-15,3,LOR_task3,1,lor_vs_ror_task3,0.20910263218115455,0,standard_fc_plus_confounds
sub-15,3,ROR,0,lor_vs_ror_task3,0.012428340295911422,0,standard_fc_plus_confounds
sub-16,3,LOR_task3,1,lor_vs_ror_task3,0.9998274082116329,1,standard_fc_plus_confounds
sub-16,3,ROR,0,lor_vs_ror_task3,0.6765817430661734,1,standard_fc_plus_confounds
sub-17,3,LOR_task3,1,lor_vs_ror_task3,0.5730944280281767,1,standard_fc_plus_confounds
sub-17,3,ROR,0,lor_vs_ror_task3,0.061451805453740745,0,standard_fc_plus_confounds
sub-19,3,LOR_task3,1,lor_vs_ror_task3,0.09692072841551011,0,standard_fc_plus_confounds
sub-19,3,ROR,0,lor_vs_ror_task3,0.03727235192939556,0,standard_fc_plus_confounds
sub-20,3,LOR_task3,1,lor_vs_ror_task3,0.9997529457583212,1,standard_fc_plus_confounds
sub-20,3,ROR,0,lor_vs_ror_task3,0.5795040233045274,1,standard_fc_plus_confounds
sub-21,3,LOR_task3,1,lor_vs_ror_task3,0.9961694582744006,1,standard_fc_plus_confounds
sub-21,3,ROR,0,lor_vs_ror_task3,0.1279134108029888,0,standard_fc_plus_confounds
sub-23,3,LOR_task3,1,lor_vs_ror_task3,0.9945982546250686,1,standard_fc_plus_confounds
sub-23,3,ROR,0,lor_vs_ror_task3,0.009103099245785593,0,standard_fc_plus_confounds
sub-26,3,LOR_task3,1,lor_vs_ror_task3,0.9956452502901294,1,standard_fc_plus_confounds
sub-26,3,ROR,0,lor_vs_ror_task3,0.5582965415197662,1,standard_fc_plus_confounds
sub-27,3,LOR_task3,1,lor_vs_ror_task3,0.9532335686283299,1,standard_fc_plus_confounds
sub-27,3,ROR,0,lor_vs_ror_task3,0.01822553202479532,0,standard_fc_plus_confounds
sub-30,3,LOR_task3,1,lor_vs_ror_task3,0.9927118775770786,1,standard_fc_plus_confounds
sub-30,3,ROR,0,lor_vs_ror_task3,0.2957754323403575,0,standard_fc_plus_confounds
sub-02,3,LOR_task3,1,lor_vs_ror_task3,0.9652250865602936,1,gcc_core_plus_confounds
sub-02,3,ROR,0,lor_vs_ror_task3,0.018884146659215048,0,gcc_core_plus_confounds
sub-03,3,LOR_task3,1,lor_vs_ror_task3,0.9964233737094185,1,gcc_core_plus_confounds
sub-03,3,ROR,0,lor_vs_ror_task3,0.10607734006930979,0,gcc_core_plus_confounds
sub-04,3,LOR_task3,1,lor_vs_ror_task3,0.6254476589217212,1,gcc_core_plus_confounds
sub-04,3,ROR,0,lor_vs_ror_task3,0.00124368718005994,0,gcc_core_plus_confounds
sub-05,3,LOR_task3,1,lor_vs_ror_task3,0.9204800051262119,1,gcc_core_plus_confounds
sub-05,3,ROR,0,lor_vs_ror_task3,0.08328978106453089,0,gcc_core_plus_confounds
sub-06,3,LOR_task3,1,lor_vs_ror_task3,0.9290132387953208,1,gcc_core_plus_confounds
sub-06,3,ROR,0,lor_vs_ror_task3,0.025161761724985944,0,gcc_core_plus_confounds
sub-07,3,LOR_task3,1,lor_vs_ror_task3,0.8994840237792363,1,gcc_core_plus_confounds
sub-07,3,ROR,0,lor_vs_ror_task3,0.0029460561501174474,0,gcc_core_plus_confounds
sub-11,3,LOR_task3,1,lor_vs_ror_task3,0.8132151373735115,1,gcc_core_plus_confounds
sub-11,3,ROR,0,lor_vs_ror_task3,0.0051750023103285655,0,gcc_core_plus_confounds
sub-12,3,LOR_task3,1,lor_vs_ror_task3,0.9506434952759901,1,gcc_core_plus_confounds
sub-12,3,ROR,0,lor_vs_ror_task3,0.03666718481075556,0,gcc_core_plus_confounds
sub-13,3,LOR_task3,1,lor_vs_ror_task3,0.9862370672171054,1,gcc_core_plus_confounds
sub-13,3,ROR,0,lor_vs_ror_task3,0.0731896301197863,0,gcc_core_plus_confounds
sub-15,3,LOR_task3,1,lor_vs_ror_task3,0.24772697780435204,0,gcc_core_plus_confounds
sub-15,3,ROR,0,lor_vs_ror_task3,0.020978618258816358,0,gcc_core_plus_confounds
sub-16,3,LOR_task3,1,lor_vs_ror_task3,0.9997454809501689,1,gcc_core_plus_confounds
sub-16,3,ROR,0,lor_vs_ror_task3,0.6758593018971079,1,gcc_core_plus_confounds
sub-17,3,LOR_task3,1,lor_vs_ror_task3,0.5518813667783996,1,gcc_core_plus_confounds
sub-17,3,ROR,0,lor_vs_ror_task3,0.06805951778146486,0,gcc_core_plus_confounds
sub-19,3,LOR_task3,1,lor_vs_ror_task3,0.13566907413116083,0,gcc_core_plus_confounds
sub-19,3,ROR,0,lor_vs_ror_task3,0.05019434302782797,0,gcc_core_plus_confounds
sub-20,3,LOR_task3,1,lor_vs_ror_task3,0.9997314488945269,1,gcc_core_plus_confounds
sub-20,3,ROR,0,lor_vs_ror_task3,0.6513568511567411,1,gcc_core_plus_confounds
sub-21,3,LOR_task3,1,lor_vs_ror_task3,0.9957564026647009,1,gcc_core_plus_confounds
sub-21,3,ROR,0,lor_vs_ror_task3,0.11754623451331077,0,gcc_core_plus_confounds
sub-23,3,LOR_task3,1,lor_vs_ror_task3,0.9914041710293182,1,gcc_core_plus_confounds
sub-23,3,ROR,0,lor_vs_ror_task3,0.0025845139844767966,0,gcc_core_plus_confounds
sub-26,3,LOR_task3,1,lor_vs_ror_task3,0.9944129277898769,1,gcc_core_plus_confounds
sub-26,3,ROR,0,lor_vs_ror_task3,0.3570299228765768,0,gcc_core_plus_confounds
sub-27,3,LOR_task3,1,lor_vs_ror_task3,0.9591811543675525,1,gcc_core_plus_confounds
sub-27,3,ROR,0,lor_vs_ror_task3,0.014990503410715093,0,gcc_core_plus_confounds
sub-30,3,LOR_task3,1,lor_vs_ror_task3,0.9920995366364864,1,gcc_core_plus_confounds
sub-30,3,ROR,0,lor_vs_ror_task3,0.2697745788635115,0,gcc_core_plus_confounds
sub-02,3,LOR_task3,1,lor_vs_ror_task3,0.9335144000649117,1,gcc_regime_plus_confounds
sub-02,3,ROR,0,lor_vs_ror_task3,0.008484960515602448,0,gcc_regime_plus_confounds
sub-03,3,LOR_task3,1,lor_vs_ror_task3,0.9977330664227804,1,gcc_regime_plus_confounds
sub-03,3,ROR,0,lor_vs_ror_task3,0.1856293708804821,0,gcc_regime_plus_confounds
sub-04,3,LOR_task3,1,lor_vs_ror_task3,0.7922719572772268,1,gcc_regime_plus_confounds
sub-04,3,ROR,0,lor_vs_ror_task3,0.0026867856441375173,0,gcc_regime_plus_confounds
sub-05,3,LOR_task3,1,lor_vs_ror_task3,0.9112765566888335,1,gcc_regime_plus_confounds
sub-05,3,ROR,0,lor_vs_ror_task3,0.05717234521873342,0,gcc_regime_plus_confounds
sub-06,3,LOR_task3,1,lor_vs_ror_task3,0.8284628841116963,1,gcc_regime_plus_confounds
sub-06,3,ROR,0,lor_vs_ror_task3,0.04515576103168942,0,gcc_regime_plus_confounds
sub-07,3,LOR_task3,1,lor_vs_ror_task3,0.9384680415937319,1,gcc_regime_plus_confounds
sub-07,3,ROR,0,lor_vs_ror_task3,0.005806789087209574,0,gcc_regime_plus_confounds
sub-11,3,LOR_task3,1,lor_vs_ror_task3,0.7595765485593464,1,gcc_regime_plus_confounds
sub-11,3,ROR,0,lor_vs_ror_task3,0.007902254450685217,0,gcc_regime_plus_confounds
sub-12,3,LOR_task3,1,lor_vs_ror_task3,0.9416475801555002,1,gcc_regime_plus_confounds
sub-12,3,ROR,0,lor_vs_ror_task3,0.024834277884852405,0,gcc_regime_plus_confounds
sub-13,3,LOR_task3,1,lor_vs_ror_task3,0.9821835604106571,1,gcc_regime_plus_confounds
sub-13,3,ROR,0,lor_vs_ror_task3,0.07998990258644798,0,gcc_regime_plus_confounds
sub-15,3,LOR_task3,1,lor_vs_ror_task3,0.3240423093881925,0,gcc_regime_plus_confounds
sub-15,3,ROR,0,lor_vs_ror_task3,0.03151796858599292,0,gcc_regime_plus_confounds
sub-16,3,LOR_task3,1,lor_vs_ror_task3,0.9996113568689587,1,gcc_regime_plus_confounds
sub-16,3,ROR,0,lor_vs_ror_task3,0.5585935800514755,1,gcc_regime_plus_confounds
sub-17,3,LOR_task3,1,lor_vs_ror_task3,0.5910344044495074,1,gcc_regime_plus_confounds
sub-17,3,ROR,0,lor_vs_ror_task3,0.09228519954345882,0,gcc_regime_plus_confounds
sub-19,3,LOR_task3,1,lor_vs_ror_task3,0.2036345285246772,0,gcc_regime_plus_confounds
sub-19,3,ROR,0,lor_vs_ror_task3,0.05631827040384992,0,gcc_regime_plus_confounds
sub-20,3,LOR_task3,1,lor_vs_ror_task3,0.9998769207380855,1,gcc_regime_plus_confounds
sub-20,3,ROR,0,lor_vs_ror_task3,0.8287917200172431,1,gcc_regime_plus_confounds
sub-21,3,LOR_task3,1,lor_vs_ror_task3,0.9867024847988147,1,gcc_regime_plus_confounds
sub-21,3,ROR,0,lor_vs_ror_task3,0.03493511253119756,0,gcc_regime_plus_confounds
sub-23,3,LOR_task3,1,lor_vs_ror_task3,0.995990497671624,1,gcc_regime_plus_confounds
sub-23,3,ROR,0,lor_vs_ror_task3,0.005040954890359238,0,gcc_regime_plus_confounds
sub-26,3,LOR_task3,1,lor_vs_ror_task3,0.9887741907762293,1,gcc_regime_plus_confounds
sub-26,3,ROR,0,lor_vs_ror_task3,0.18035095878919336,0,gcc_regime_plus_confounds
sub-27,3,LOR_task3,1,lor_vs_ror_task3,0.9721738456176194,1,gcc_regime_plus_confounds
sub-27,3,ROR,0,lor_vs_ror_task3,0.013465927936166256,0,gcc_regime_plus_confounds
sub-30,3,LOR_task3,1,lor_vs_ror_task3,0.9945025341717112,1,gcc_regime_plus_confounds
sub-30,3,ROR,0,lor_vs_ror_task3,0.15221136675361155,0,gcc_regime_plus_confounds
sub-02,3,LOR_task3,1,lor_vs_ror_task3,0.9379400164478511,1,full_standard_plus_gcc
sub-02,3,ROR,0,lor_vs_ror_task3,0.0070986953809803795,0,full_standard_plus_gcc
sub-03,3,LOR_task3,1,lor_vs_ror_task3,0.998492541614203,1,full_standard_plus_gcc
sub-03,3,ROR,0,lor_vs_ror_task3,0.18672364185791368,0,full_standard_plus_gcc
sub-04,3,LOR_task3,1,lor_vs_ror_task3,0.78503956663528,1,full_standard_plus_gcc
sub-04,3,ROR,0,lor_vs_ror_task3,0.001854736186786153,0,full_standard_plus_gcc
sub-05,3,LOR_task3,1,lor_vs_ror_task3,0.9072813573445121,1,full_standard_plus_gcc
sub-05,3,ROR,0,lor_vs_ror_task3,0.054268955736717486,0,full_standard_plus_gcc
sub-06,3,LOR_task3,1,lor_vs_ror_task3,0.8270834612143094,1,full_standard_plus_gcc
sub-06,3,ROR,0,lor_vs_ror_task3,0.048531978007515936,0,full_standard_plus_gcc
sub-07,3,LOR_task3,1,lor_vs_ror_task3,0.9377876774883649,1,full_standard_plus_gcc
sub-07,3,ROR,0,lor_vs_ror_task3,0.004144214201987695,0,full_standard_plus_gcc
sub-11,3,LOR_task3,1,lor_vs_ror_task3,0.7932441044210515,1,full_standard_plus_gcc
sub-11,3,ROR,0,lor_vs_ror_task3,0.005495186051547813,0,full_standard_plus_gcc
sub-12,3,LOR_task3,1,lor_vs_ror_task3,0.9412146901068856,1,full_standard_plus_gcc
sub-12,3,ROR,0,lor_vs_ror_task3,0.01842950807641602,0,full_standard_plus_gcc
sub-13,3,LOR_task3,1,lor_vs_ror_task3,0.9854013131051964,1,full_standard_plus_gcc
sub-13,3,ROR,0,lor_vs_ror_task3,0.05750534280691068,0,full_standard_plus_gcc
sub-15,3,LOR_task3,1,lor_vs_ror_task3,0.33546298498621835,0,full_standard_plus_gcc
sub-15,3,ROR,0,lor_vs_ror_task3,0.02725447934774362,0,full_standard_plus_gcc
sub-16,3,LOR_task3,1,lor_vs_ror_task3,0.9997663218321233,1,full_standard_plus_gcc
sub-16,3,ROR,0,lor_vs_ror_task3,0.5614026040994021,1,full_standard_plus_gcc
sub-17,3,LOR_task3,1,lor_vs_ror_task3,0.5216827645661167,1,full_standard_plus_gcc
sub-17,3,ROR,0,lor_vs_ror_task3,0.10426095520233077,0,full_standard_plus_gcc
sub-19,3,LOR_task3,1,lor_vs_ror_task3,0.19816642726347689,0,full_standard_plus_gcc
sub-19,3,ROR,0,lor_vs_ror_task3,0.04392816844701136,0,full_standard_plus_gcc
sub-20,3,LOR_task3,1,lor_vs_ror_task3,0.9999138890259098,1,full_standard_plus_gcc
sub-20,3,ROR,0,lor_vs_ror_task3,0.828635863248076,1,full_standard_plus_gcc
sub-21,3,LOR_task3,1,lor_vs_ror_task3,0.9870068234715519,1,full_standard_plus_gcc
sub-21,3,ROR,0,lor_vs_ror_task3,0.027786078182488128,0,full_standard_plus_gcc
sub-23,3,LOR_task3,1,lor_vs_ror_task3,0.9962418122870241,1,full_standard_plus_gcc
sub-23,3,ROR,0,lor_vs_ror_task3,0.0036992737427394926,0,full_standard_plus_gcc
sub-26,3,LOR_task3,1,lor_vs_ror_task3,0.9934764042369475,1,full_standard_plus_gcc
sub-26,3,ROR,0,lor_vs_ror_task3,0.34040456434514754,0,full_standard_plus_gcc
sub-27,3,LOR_task3,1,lor_vs_ror_task3,0.9756077944313862,1,full_standard_plus_gcc
sub-27,3,ROR,0,lor_vs_ror_task3,0.01150720077489668,0,full_standard_plus_gcc
sub-30,3,LOR_task3,1,lor_vs_ror_task3,0.9950616530026354,1,full_standard_plus_gcc
sub-30,3,ROR,0,lor_vs_ror_task3,0.13014010437021292,0,full_standard_plus_gcc
sub-02,1,Base1,0,base1_vs_base2_control,0.04424555589910827,0,confounds_motion_propofol
sub-02,4,Base2,1,base1_vs_base2_control,0.8817996387883689,1,confounds_motion_propofol
sub-03,1,Base1,0,base1_vs_base2_control,0.05117982645933166,0,confounds_motion_propofol
sub-03,4,Base2,1,base1_vs_base2_control,0.5406734863148194,1,confounds_motion_propofol
sub-04,1,Base1,0,base1_vs_base2_control,0.030260884555938283,0,confounds_motion_propofol
sub-04,4,Base2,1,base1_vs_base2_control,0.8402499747892802,1,confounds_motion_propofol
sub-05,1,Base1,0,base1_vs_base2_control,0.042896234123701936,0,confounds_motion_propofol
sub-05,4,Base2,1,base1_vs_base2_control,0.897204298809608,1,confounds_motion_propofol
sub-06,1,Base1,0,base1_vs_base2_control,0.05433324498805737,0,confounds_motion_propofol
sub-06,4,Base2,1,base1_vs_base2_control,0.9634161281915232,1,confounds_motion_propofol
sub-07,1,Base1,0,base1_vs_base2_control,0.04130350357085288,0,confounds_motion_propofol
sub-07,4,Base2,1,base1_vs_base2_control,0.8970779310563438,1,confounds_motion_propofol
sub-11,1,Base1,0,base1_vs_base2_control,0.054456306297378264,0,confounds_motion_propofol
sub-11,4,Base2,1,base1_vs_base2_control,0.3991945627718372,0,confounds_motion_propofol
sub-12,1,Base1,0,base1_vs_base2_control,0.03816256537183932,0,confounds_motion_propofol
sub-12,4,Base2,1,base1_vs_base2_control,0.9925504786723038,1,confounds_motion_propofol
sub-13,1,Base1,0,base1_vs_base2_control,0.04197799135235297,0,confounds_motion_propofol
sub-13,4,Base2,1,base1_vs_base2_control,0.9954943917737801,1,confounds_motion_propofol
sub-14,1,Base1,0,base1_vs_base2_control,0.035152068692032565,0,confounds_motion_propofol
sub-14,4,Base2,1,base1_vs_base2_control,0.8648228522224424,1,confounds_motion_propofol
sub-15,1,Base1,0,base1_vs_base2_control,0.03444556940815665,0,confounds_motion_propofol
sub-15,4,Base2,1,base1_vs_base2_control,0.7552291100175428,1,confounds_motion_propofol
sub-16,1,Base1,0,base1_vs_base2_control,0.040329602904348325,0,confounds_motion_propofol
sub-16,4,Base2,1,base1_vs_base2_control,0.9999156862553019,1,confounds_motion_propofol
sub-17,1,Base1,0,base1_vs_base2_control,0.03713664717031773,0,confounds_motion_propofol
sub-17,4,Base2,1,base1_vs_base2_control,0.9820254933619239,1,confounds_motion_propofol
sub-18,1,Base1,0,base1_vs_base2_control,0.03576606131126037,0,confounds_motion_propofol
sub-18,4,Base2,1,base1_vs_base2_control,0.9997791179380978,1,confounds_motion_propofol
sub-19,1,Base1,0,base1_vs_base2_control,0.04791667986947561,0,confounds_motion_propofol
sub-19,4,Base2,1,base1_vs_base2_control,0.9934216347011187,1,confounds_motion_propofol
sub-20,1,Base1,0,base1_vs_base2_control,0.03727066703627647,0,confounds_motion_propofol
sub-20,4,Base2,1,base1_vs_base2_control,0.9999674952575761,1,confounds_motion_propofol
sub-21,1,Base1,0,base1_vs_base2_control,0.04625589588015914,0,confounds_motion_propofol
sub-21,4,Base2,1,base1_vs_base2_control,0.9987476064465679,1,confounds_motion_propofol
sub-22,1,Base1,0,base1_vs_base2_control,0.0361226422700213,0,confounds_motion_propofol
sub-22,4,Base2,1,base1_vs_base2_control,0.9998751541875064,1,confounds_motion_propofol
sub-23,1,Base1,0,base1_vs_base2_control,0.04694880607941748,0,confounds_motion_propofol
sub-23,4,Base2,1,base1_vs_base2_control,0.9994174600956889,1,confounds_motion_propofol
sub-24,1,Base1,0,base1_vs_base2_control,0.05608990555437931,0,confounds_motion_propofol
sub-24,4,Base2,1,base1_vs_base2_control,0.9817810771776706,1,confounds_motion_propofol
sub-25,1,Base1,0,base1_vs_base2_control,0.030915076251227434,0,confounds_motion_propofol
sub-25,4,Base2,1,base1_vs_base2_control,0.9993933227421644,1,confounds_motion_propofol
sub-26,1,Base1,0,base1_vs_base2_control,0.055116364276367465,0,confounds_motion_propofol
sub-26,4,Base2,1,base1_vs_base2_control,0.9911127658453069,1,confounds_motion_propofol
sub-27,1,Base1,0,base1_vs_base2_control,0.021881512378488743,0,confounds_motion_propofol
sub-27,4,Base2,1,base1_vs_base2_control,0.9607150439220944,1,confounds_motion_propofol
sub-28,1,Base1,0,base1_vs_base2_control,0.039955864284867595,0,confounds_motion_propofol
sub-28,4,Base2,1,base1_vs_base2_control,0.9970260378353154,1,confounds_motion_propofol
sub-30,1,Base1,0,base1_vs_base2_control,0.039994177576237834,0,confounds_motion_propofol
sub-30,4,Base2,1,base1_vs_base2_control,0.9918842512884211,1,confounds_motion_propofol
sub-02,1,Base1,0,base1_vs_base2_control,0.04457952644562135,0,standard_fc_plus_confounds
sub-02,4,Base2,1,base1_vs_base2_control,0.8709686019656566,1,standard_fc_plus_confounds
sub-03,1,Base1,0,base1_vs_base2_control,0.04369829754787316,0,standard_fc_plus_confounds
sub-03,4,Base2,1,base1_vs_base2_control,0.4771434840379959,0,standard_fc_plus_confounds
sub-04,1,Base1,0,base1_vs_base2_control,0.030519484880521478,0,standard_fc_plus_confounds
sub-04,4,Base2,1,base1_vs_base2_control,0.850525645999545,1,standard_fc_plus_confounds
sub-05,1,Base1,0,base1_vs_base2_control,0.03862446409487148,0,standard_fc_plus_confounds
sub-05,4,Base2,1,base1_vs_base2_control,0.8717853952561933,1,standard_fc_plus_confounds
sub-06,1,Base1,0,base1_vs_base2_control,0.05363945016710058,0,standard_fc_plus_confounds
sub-06,4,Base2,1,base1_vs_base2_control,0.9521217519692392,1,standard_fc_plus_confounds
sub-07,1,Base1,0,base1_vs_base2_control,0.03860576861481573,0,standard_fc_plus_confounds
sub-07,4,Base2,1,base1_vs_base2_control,0.8960033355699296,1,standard_fc_plus_confounds
sub-11,1,Base1,0,base1_vs_base2_control,0.05528470586868478,0,standard_fc_plus_confounds
sub-11,4,Base2,1,base1_vs_base2_control,0.3925132915565753,0,standard_fc_plus_confounds
sub-12,1,Base1,0,base1_vs_base2_control,0.0351549196180865,0,standard_fc_plus_confounds
sub-12,4,Base2,1,base1_vs_base2_control,0.9930948197948372,1,standard_fc_plus_confounds
sub-13,1,Base1,0,base1_vs_base2_control,0.04386097698327002,0,standard_fc_plus_confounds
sub-13,4,Base2,1,base1_vs_base2_control,0.9958074993303748,1,standard_fc_plus_confounds
sub-14,1,Base1,0,base1_vs_base2_control,0.03309796384362286,0,standard_fc_plus_confounds
sub-14,4,Base2,1,base1_vs_base2_control,0.8737014103320404,1,standard_fc_plus_confounds
sub-15,1,Base1,0,base1_vs_base2_control,0.038532388663155455,0,standard_fc_plus_confounds
sub-15,4,Base2,1,base1_vs_base2_control,0.6542810683735754,1,standard_fc_plus_confounds
sub-16,1,Base1,0,base1_vs_base2_control,0.038777160256786916,0,standard_fc_plus_confounds
sub-16,4,Base2,1,base1_vs_base2_control,0.9999356681018136,1,standard_fc_plus_confounds
sub-17,1,Base1,0,base1_vs_base2_control,0.038160667227647826,0,standard_fc_plus_confounds
sub-17,4,Base2,1,base1_vs_base2_control,0.9805356627465448,1,standard_fc_plus_confounds
sub-18,1,Base1,0,base1_vs_base2_control,0.03307281163806536,0,standard_fc_plus_confounds
sub-18,4,Base2,1,base1_vs_base2_control,0.9997858064368832,1,standard_fc_plus_confounds
sub-19,1,Base1,0,base1_vs_base2_control,0.05001801217028237,0,standard_fc_plus_confounds
sub-19,4,Base2,1,base1_vs_base2_control,0.9945589427833573,1,standard_fc_plus_confounds
sub-20,1,Base1,0,base1_vs_base2_control,0.033166029638028297,0,standard_fc_plus_confounds
sub-20,4,Base2,1,base1_vs_base2_control,0.9999678341021988,1,standard_fc_plus_confounds
sub-21,1,Base1,0,base1_vs_base2_control,0.03978178231484009,0,standard_fc_plus_confounds
sub-21,4,Base2,1,base1_vs_base2_control,0.9988261718769575,1,standard_fc_plus_confounds
sub-22,1,Base1,0,base1_vs_base2_control,0.03803644834431166,0,standard_fc_plus_confounds
sub-22,4,Base2,1,base1_vs_base2_control,0.9998436958484609,1,standard_fc_plus_confounds
sub-23,1,Base1,0,base1_vs_base2_control,0.05453283822877709,0,standard_fc_plus_confounds
sub-23,4,Base2,1,base1_vs_base2_control,0.9995304771096359,1,standard_fc_plus_confounds
sub-24,1,Base1,0,base1_vs_base2_control,0.05357075240221372,0,standard_fc_plus_confounds
sub-24,4,Base2,1,base1_vs_base2_control,0.9816168131987988,1,standard_fc_plus_confounds
sub-25,1,Base1,0,base1_vs_base2_control,0.029384038864911137,0,standard_fc_plus_confounds
sub-25,4,Base2,1,base1_vs_base2_control,0.9994742449613323,1,standard_fc_plus_confounds
sub-26,1,Base1,0,base1_vs_base2_control,0.05414074661484952,0,standard_fc_plus_confounds
sub-26,4,Base2,1,base1_vs_base2_control,0.9914242324422953,1,standard_fc_plus_confounds
sub-27,1,Base1,0,base1_vs_base2_control,0.026866475959945263,0,standard_fc_plus_confounds
sub-27,4,Base2,1,base1_vs_base2_control,0.9544088103032673,1,standard_fc_plus_confounds
sub-28,1,Base1,0,base1_vs_base2_control,0.045587741947008285,0,standard_fc_plus_confounds
sub-28,4,Base2,1,base1_vs_base2_control,0.996951505990768,1,standard_fc_plus_confounds
sub-30,1,Base1,0,base1_vs_base2_control,0.03493931291616039,0,standard_fc_plus_confounds
sub-30,4,Base2,1,base1_vs_base2_control,0.9914481695408321,1,standard_fc_plus_confounds
sub-02,1,Base1,0,base1_vs_base2_control,0.04381067637591649,0,gcc_core_plus_confounds
sub-02,4,Base2,1,base1_vs_base2_control,0.8682067009313104,1,gcc_core_plus_confounds
sub-03,1,Base1,0,base1_vs_base2_control,0.038470459320294574,0,gcc_core_plus_confounds
sub-03,4,Base2,1,base1_vs_base2_control,0.4274450471536011,0,gcc_core_plus_confounds
sub-04,1,Base1,0,base1_vs_base2_control,0.030649267191045434,0,gcc_core_plus_confounds
sub-04,4,Base2,1,base1_vs_base2_control,0.8474068467153091,1,gcc_core_plus_confounds
sub-05,1,Base1,0,base1_vs_base2_control,0.03882597748830681,0,gcc_core_plus_confounds
sub-05,4,Base2,1,base1_vs_base2_control,0.8708076425610501,1,gcc_core_plus_confounds
sub-06,1,Base1,0,base1_vs_base2_control,0.053127930715919855,0,gcc_core_plus_confounds
sub-06,4,Base2,1,base1_vs_base2_control,0.952928495446214,1,gcc_core_plus_confounds
sub-07,1,Base1,0,base1_vs_base2_control,0.03790117305424124,0,gcc_core_plus_confounds
sub-07,4,Base2,1,base1_vs_base2_control,0.8936642592830052,1,gcc_core_plus_confounds
sub-11,1,Base1,0,base1_vs_base2_control,0.05455469386720786,0,gcc_core_plus_confounds
sub-11,4,Base2,1,base1_vs_base2_control,0.3877126650033802,0,gcc_core_plus_confounds
sub-12,1,Base1,0,base1_vs_base2_control,0.03511202037198255,0,gcc_core_plus_confounds
sub-12,4,Base2,1,base1_vs_base2_control,0.9929585484149269,1,gcc_core_plus_confounds
sub-13,1,Base1,0,base1_vs_base2_control,0.04282509886639175,0,gcc_core_plus_confounds
sub-13,4,Base2,1,base1_vs_base2_control,0.9957894218209884,1,gcc_core_plus_confounds
sub-14,1,Base1,0,base1_vs_base2_control,0.03405688887927923,0,gcc_core_plus_confounds
sub-14,4,Base2,1,base1_vs_base2_control,0.8730513787286066,1,gcc_core_plus_confounds
sub-15,1,Base1,0,base1_vs_base2_control,0.039849783700807814,0,gcc_core_plus_confounds
sub-15,4,Base2,1,base1_vs_base2_control,0.6653271472739956,1,gcc_core_plus_confounds
sub-16,1,Base1,0,base1_vs_base2_control,0.03878534328505081,0,gcc_core_plus_confounds
sub-16,4,Base2,1,base1_vs_base2_control,0.9999331649837402,1,gcc_core_plus_confounds
sub-17,1,Base1,0,base1_vs_base2_control,0.037425012002011426,0,gcc_core_plus_confounds
sub-17,4,Base2,1,base1_vs_base2_control,0.9803602326322395,1,gcc_core_plus_confounds
sub-18,1,Base1,0,base1_vs_base2_control,0.03272245552680337,0,gcc_core_plus_confounds
sub-18,4,Base2,1,base1_vs_base2_control,0.9997900246900114,1,gcc_core_plus_confounds
sub-19,1,Base1,0,base1_vs_base2_control,0.04900751397773395,0,gcc_core_plus_confounds
sub-19,4,Base2,1,base1_vs_base2_control,0.9943067245257302,1,gcc_core_plus_confounds
sub-20,1,Base1,0,base1_vs_base2_control,0.0339898084498245,0,gcc_core_plus_confounds
sub-20,4,Base2,1,base1_vs_base2_control,0.9999667404268127,1,gcc_core_plus_confounds
sub-21,1,Base1,0,base1_vs_base2_control,0.04162999823702984,0,gcc_core_plus_confounds
sub-21,4,Base2,1,base1_vs_base2_control,0.998778736673793,1,gcc_core_plus_confounds
sub-22,1,Base1,0,base1_vs_base2_control,0.03738633541494966,0,gcc_core_plus_confounds
sub-22,4,Base2,1,base1_vs_base2_control,0.999850552323269,1,gcc_core_plus_confounds
sub-23,1,Base1,0,base1_vs_base2_control,0.05959010557217157,0,gcc_core_plus_confounds
sub-23,4,Base2,1,base1_vs_base2_control,0.9995663458287863,1,gcc_core_plus_confounds
sub-24,1,Base1,0,base1_vs_base2_control,0.053765106045957065,0,gcc_core_plus_confounds
sub-24,4,Base2,1,base1_vs_base2_control,0.982212183676009,1,gcc_core_plus_confounds
sub-25,1,Base1,0,base1_vs_base2_control,0.030359842199066917,0,gcc_core_plus_confounds
sub-25,4,Base2,1,base1_vs_base2_control,0.9995104734326947,1,gcc_core_plus_confounds
sub-26,1,Base1,0,base1_vs_base2_control,0.05496292255224834,0,gcc_core_plus_confounds
sub-26,4,Base2,1,base1_vs_base2_control,0.9918683840115697,1,gcc_core_plus_confounds
sub-27,1,Base1,0,base1_vs_base2_control,0.026739484631901952,0,gcc_core_plus_confounds
sub-27,4,Base2,1,base1_vs_base2_control,0.9544233228489394,1,gcc_core_plus_confounds
sub-28,1,Base1,0,base1_vs_base2_control,0.045386852245786306,0,gcc_core_plus_confounds
sub-28,4,Base2,1,base1_vs_base2_control,0.996949626119744,1,gcc_core_plus_confounds
sub-30,1,Base1,0,base1_vs_base2_control,0.03534926391153695,0,gcc_core_plus_confounds
sub-30,4,Base2,1,base1_vs_base2_control,0.9912008106988196,1,gcc_core_plus_confounds
sub-02,1,Base1,0,base1_vs_base2_control,0.029926719226953506,0,gcc_regime_plus_confounds
sub-02,4,Base2,1,base1_vs_base2_control,0.7391150533398114,1,gcc_regime_plus_confounds
sub-03,1,Base1,0,base1_vs_base2_control,0.04085933564499159,0,gcc_regime_plus_confounds
sub-03,4,Base2,1,base1_vs_base2_control,0.5982525034236007,1,gcc_regime_plus_confounds
sub-04,1,Base1,0,base1_vs_base2_control,0.026443537205774127,0,gcc_regime_plus_confounds
sub-04,4,Base2,1,base1_vs_base2_control,0.9543727189061065,1,gcc_regime_plus_confounds
sub-05,1,Base1,0,base1_vs_base2_control,0.03186743956196287,0,gcc_regime_plus_confounds
sub-05,4,Base2,1,base1_vs_base2_control,0.8735019470368369,1,gcc_regime_plus_confounds
sub-06,1,Base1,0,base1_vs_base2_control,0.03555344689734463,0,gcc_regime_plus_confounds
sub-06,4,Base2,1,base1_vs_base2_control,0.882934564538946,1,gcc_regime_plus_confounds
sub-07,1,Base1,0,base1_vs_base2_control,0.033087156460014776,0,gcc_regime_plus_confounds
sub-07,4,Base2,1,base1_vs_base2_control,0.9044964474554376,1,gcc_regime_plus_confounds
sub-11,1,Base1,0,base1_vs_base2_control,0.05109123102185923,0,gcc_regime_plus_confounds
sub-11,4,Base2,1,base1_vs_base2_control,0.35966810147448425,0,gcc_regime_plus_confounds
sub-12,1,Base1,0,base1_vs_base2_control,0.030061811809738936,0,gcc_regime_plus_confounds
sub-12,4,Base2,1,base1_vs_base2_control,0.9944353224635782,1,gcc_regime_plus_confounds
sub-13,1,Base1,0,base1_vs_base2_control,0.033195902139881134,0,gcc_regime_plus_confounds
sub-13,4,Base2,1,base1_vs_base2_control,0.996222338766143,1,gcc_regime_plus_confounds
sub-14,1,Base1,0,base1_vs_base2_control,0.03127300567871448,0,gcc_regime_plus_confounds
sub-14,4,Base2,1,base1_vs_base2_control,0.8607528554318189,1,gcc_regime_plus_confounds
sub-15,1,Base1,0,base1_vs_base2_control,0.03810180611856288,0,gcc_regime_plus_confounds
sub-15,4,Base2,1,base1_vs_base2_control,0.9408153681418041,1,gcc_regime_plus_confounds
sub-16,1,Base1,0,base1_vs_base2_control,0.029593677141949094,0,gcc_regime_plus_confounds
sub-16,4,Base2,1,base1_vs_base2_control,0.9998331911923662,1,gcc_regime_plus_confounds
sub-17,1,Base1,0,base1_vs_base2_control,0.02946966883032047,0,gcc_regime_plus_confounds
sub-17,4,Base2,1,base1_vs_base2_control,0.9890806575334201,1,gcc_regime_plus_confounds
sub-18,1,Base1,0,base1_vs_base2_control,0.024463127306974957,0,gcc_regime_plus_confounds
sub-18,4,Base2,1,base1_vs_base2_control,0.9998346197021318,1,gcc_regime_plus_confounds
sub-19,1,Base1,0,base1_vs_base2_control,0.038685590581660136,0,gcc_regime_plus_confounds
sub-19,4,Base2,1,base1_vs_base2_control,0.9863089354687055,1,gcc_regime_plus_confounds
sub-20,1,Base1,0,base1_vs_base2_control,0.03342502379862749,0,gcc_regime_plus_confounds
sub-20,4,Base2,1,base1_vs_base2_control,0.999983305587219,1,gcc_regime_plus_confounds
sub-21,1,Base1,0,base1_vs_base2_control,0.03644289619250433,0,gcc_regime_plus_confounds
sub-21,4,Base2,1,base1_vs_base2_control,0.9997287086064641,1,gcc_regime_plus_confounds
sub-22,1,Base1,0,base1_vs_base2_control,0.028328732951795187,0,gcc_regime_plus_confounds
sub-22,4,Base2,1,base1_vs_base2_control,0.9998900292533824,1,gcc_regime_plus_confounds
sub-23,1,Base1,0,base1_vs_base2_control,0.04387418955693891,0,gcc_regime_plus_confounds
sub-23,4,Base2,1,base1_vs_base2_control,0.9982852715154591,1,gcc_regime_plus_confounds
sub-24,1,Base1,0,base1_vs_base2_control,0.04315167127575888,0,gcc_regime_plus_confounds
sub-24,4,Base2,1,base1_vs_base2_control,0.9567623668220563,1,gcc_regime_plus_confounds
sub-25,1,Base1,0,base1_vs_base2_control,0.024174986582608617,0,gcc_regime_plus_confounds
sub-25,4,Base2,1,base1_vs_base2_control,0.9989249928042162,1,gcc_regime_plus_confounds
sub-26,1,Base1,0,base1_vs_base2_control,0.04529667946637709,0,gcc_regime_plus_confounds
sub-26,4,Base2,1,base1_vs_base2_control,0.9957768743503711,1,gcc_regime_plus_confounds
sub-27,1,Base1,0,base1_vs_base2_control,0.021541663385601525,0,gcc_regime_plus_confounds
sub-27,4,Base2,1,base1_vs_base2_control,0.9657399782246127,1,gcc_regime_plus_confounds
sub-28,1,Base1,0,base1_vs_base2_control,0.03944482253695849,0,gcc_regime_plus_confounds
sub-28,4,Base2,1,base1_vs_base2_control,0.9949054796829263,1,gcc_regime_plus_confounds
sub-30,1,Base1,0,base1_vs_base2_control,0.03018294171488346,0,gcc_regime_plus_confounds
sub-30,4,Base2,1,base1_vs_base2_control,0.9977067967202138,1,gcc_regime_plus_confounds
sub-02,1,Base1,0,base1_vs_base2_control,0.03020475535415552,0,full_standard_plus_gcc
sub-02,4,Base2,1,base1_vs_base2_control,0.7299122132222258,1,full_standard_plus_gcc
sub-03,1,Base1,0,base1_vs_base2_control,0.04215481293689592,0,full_standard_plus_gcc
sub-03,4,Base2,1,base1_vs_base2_control,0.6048904824980987,1,full_standard_plus_gcc
sub-04,1,Base1,0,base1_vs_base2_control,0.026487227110400694,0,full_standard_plus_gcc
sub-04,4,Base2,1,base1_vs_base2_control,0.9575593323266873,1,full_standard_plus_gcc
sub-05,1,Base1,0,base1_vs_base2_control,0.03015663470699403,0,full_standard_plus_gcc
sub-05,4,Base2,1,base1_vs_base2_control,0.8595565921321086,1,full_standard_plus_gcc
sub-06,1,Base1,0,base1_vs_base2_control,0.0352776969251107,0,full_standard_plus_gcc
sub-06,4,Base2,1,base1_vs_base2_control,0.865998138134153,1,full_standard_plus_gcc
sub-07,1,Base1,0,base1_vs_base2_control,0.03316330270257322,0,full_standard_plus_gcc
sub-07,4,Base2,1,base1_vs_base2_control,0.9073654805966904,1,full_standard_plus_gcc
sub-11,1,Base1,0,base1_vs_base2_control,0.05168370735265126,0,full_standard_plus_gcc
sub-11,4,Base2,1,base1_vs_base2_control,0.3603216841349623,0,full_standard_plus_gcc
sub-12,1,Base1,0,base1_vs_base2_control,0.028951744829826417,0,full_standard_plus_gcc
sub-12,4,Base2,1,base1_vs_base2_control,0.9946169274244924,1,full_standard_plus_gcc
sub-13,1,Base1,0,base1_vs_base2_control,0.0341572724570443,0,full_standard_plus_gcc
sub-13,4,Base2,1,base1_vs_base2_control,0.9964047259571781,1,full_standard_plus_gcc
sub-14,1,Base1,0,base1_vs_base2_control,0.029982538402012267,0,full_standard_plus_gcc
sub-14,4,Base2,1,base1_vs_base2_control,0.8639701790713147,1,full_standard_plus_gcc
sub-15,1,Base1,0,base1_vs_base2_control,0.03810595020465896,0,full_standard_plus_gcc
sub-15,4,Base2,1,base1_vs_base2_control,0.9343602928335755,1,full_standard_plus_gcc
sub-16,1,Base1,0,base1_vs_base2_control,0.029367738416890256,0,full_standard_plus_gcc
sub-16,4,Base2,1,base1_vs_base2_control,0.999849778439639,1,full_standard_plus_gcc
sub-17,1,Base1,0,base1_vs_base2_control,0.03011832608034671,0,full_standard_plus_gcc
sub-17,4,Base2,1,base1_vs_base2_control,0.9888821676946602,1,full_standard_plus_gcc
sub-18,1,Base1,0,base1_vs_base2_control,0.02406490981413698,0,full_standard_plus_gcc
sub-18,4,Base2,1,base1_vs_base2_control,0.9998348650336311,1,full_standard_plus_gcc
sub-19,1,Base1,0,base1_vs_base2_control,0.039608365187995744,0,full_standard_plus_gcc
sub-19,4,Base2,1,base1_vs_base2_control,0.9876017634003694,1,full_standard_plus_gcc
sub-20,1,Base1,0,base1_vs_base2_control,0.03130282746570596,0,full_standard_plus_gcc
sub-20,4,Base2,1,base1_vs_base2_control,0.9999837321910392,1,full_standard_plus_gcc
sub-21,1,Base1,0,base1_vs_base2_control,0.033099583917486575,0,full_standard_plus_gcc
sub-21,4,Base2,1,base1_vs_base2_control,0.9997438156045617,1,full_standard_plus_gcc
sub-22,1,Base1,0,base1_vs_base2_control,0.029203227496792043,0,full_standard_plus_gcc
sub-22,4,Base2,1,base1_vs_base2_control,0.9998800620139726,1,full_standard_plus_gcc
sub-23,1,Base1,0,base1_vs_base2_control,0.044706625015138564,0,full_standard_plus_gcc
sub-23,4,Base2,1,base1_vs_base2_control,0.9983621407000683,1,full_standard_plus_gcc
sub-24,1,Base1,0,base1_vs_base2_control,0.04217415834323776,0,full_standard_plus_gcc
sub-24,4,Base2,1,base1_vs_base2_control,0.955808438484961,1,full_standard_plus_gcc
sub-25,1,Base1,0,base1_vs_base2_control,0.022858101484554246,0,full_standard_plus_gcc
sub-25,4,Base2,1,base1_vs_base2_control,0.9989240873467659,1,full_standard_plus_gcc
sub-26,1,Base1,0,base1_vs_base2_control,0.04498772900818322,0,full_standard_plus_gcc
sub-26,4,Base2,1,base1_vs_base2_control,0.9956877085401005,1,full_standard_plus_gcc
sub-27,1,Base1,0,base1_vs_base2_control,0.022710036267714534,0,full_standard_plus_gcc
sub-27,4,Base2,1,base1_vs_base2_control,0.9635241738566771,1,full_standard_plus_gcc
sub-28,1,Base1,0,base1_vs_base2_control,0.041426760661398096,0,full_standard_plus_gcc
sub-28,4,Base2,1,base1_vs_base2_control,0.9948342152721596,1,full_standard_plus_gcc
sub-30,1,Base1,0,base1_vs_base2_control,0.0282329976109839,0,full_standard_plus_gcc
sub-30,4,Base2,1,base1_vs_base2_control,0.9977242602778673,1,full_standard_plus_gcc
