task_name,model,permutation,n_rows,n_subjects,positive_rate,roc_auc,average_precision,balanced_accuracy,accuracy,brier,log_loss
responsive_vs_lor_all_phases,confounds_motion_propofol,1,147,26,0.3469387755102041,0.39869281045751637,0.2962904782891298,0.44270833333333337,0.47619047619047616,0.25734070736688586,0.7080789628281289
responsive_vs_lor_all_phases,confounds_motion_propofol,2,147,26,0.3469387755102041,0.403390522875817,0.287765989427152,0.45925245098039214,0.4557823129251701,0.2606087954092725,0.7151095265678327
responsive_vs_lor_all_phases,confounds_motion_propofol,3,147,26,0.3469387755102041,0.451593137254902,0.30561390896595764,0.49724264705882354,0.46938775510204084,0.2587515709577783,0.7111770891118534
responsive_vs_lor_all_phases,confounds_motion_propofol,4,147,26,0.3469387755102041,0.494485294117647,0.35679690073771975,0.4310661764705882,0.4489795918367347,0.2559302966622329,0.706106620376439
responsive_vs_lor_all_phases,confounds_motion_propofol,5,147,26,0.3469387755102041,0.4185049019607843,0.31241974891969265,0.508578431372549,0.54421768707483,0.2600452723135241,0.7142394282965565
responsive_vs_lor_all_phases,confounds_motion_propofol,6,147,26,0.3469387755102041,0.6427696078431373,0.45403489789321183,0.6044730392156863,0.6394557823129252,0.24092605594570213,0.6878697717111263
responsive_vs_lor_all_phases,confounds_motion_propofol,7,147,26,0.3469387755102041,0.4452614379084967,0.3237387706540742,0.44669117647058826,0.46938775510204084,0.2594021292985523,0.7127462683667358
responsive_vs_lor_all_phases,confounds_motion_propofol,8,147,26,0.3469387755102041,0.585171568627451,0.45486813779169594,0.6170343137254902,0.6258503401360545,0.2445978351434092,0.6843839937724756
responsive_vs_lor_all_phases,confounds_motion_propofol,9,147,26,0.3469387755102041,0.47998366013071897,0.38657797573784025,0.53125,0.5918367346938775,0.2515310898075422,0.702045498821369
responsive_vs_lor_all_phases,confounds_motion_propofol,10,147,26,0.3469387755102041,0.6323529411764706,0.47089219151582146,0.5830269607843137,0.6054421768707483,0.23734727570937117,0.6698772767692384
responsive_vs_lor_all_phases,confounds_motion_propofol,11,147,26,0.3469387755102041,0.3917483660130719,0.29926163756832536,0.47334558823529416,0.5102040816326531,0.2593924645815817,0.7124166115332544
responsive_vs_lor_all_phases,confounds_motion_propofol,12,147,26,0.3469387755102041,0.5281862745098039,0.3817553363600191,0.5119485294117647,0.5306122448979592,0.25384020789831985,0.7032118402189665
responsive_vs_lor_all_phases,confounds_motion_propofol,13,147,26,0.3469387755102041,0.5216503267973857,0.3413509966175508,0.5520833333333333,0.5170068027210885,0.2546692923516659,0.7041500366936597
responsive_vs_lor_all_phases,confounds_motion_propofol,14,147,26,0.3469387755102041,0.5669934640522876,0.3874732410932812,0.5487132352941176,0.5306122448979592,0.2492223056451598,0.6929130445587884
responsive_vs_lor_all_phases,confounds_motion_propofol,15,147,26,0.3469387755102041,0.5774101307189543,0.3977644993290108,0.5245098039215687,0.5170068027210885,0.24340377249188186,0.6796647625096882
responsive_vs_lor_all_phases,confounds_motion_propofol,16,147,26,0.3469387755102041,0.5204248366013072,0.36575273044093903,0.5036764705882353,0.4897959183673469,0.25388636253534747,0.7026674451769368
responsive_vs_lor_all_phases,confounds_motion_propofol,17,147,26,0.3469387755102041,0.4354575163398693,0.3228742594682479,0.42769607843137253,0.46258503401360546,0.2606983176530058,0.7160849168981052
responsive_vs_lor_all_phases,confounds_motion_propofol,18,147,26,0.3469387755102041,0.5179738562091504,0.402681124836171,0.5664828431372548,0.6258503401360545,0.24985305210378006,0.6942046947049654
responsive_vs_lor_all_phases,confounds_motion_propofol,19,147,26,0.3469387755102041,0.46629901960784315,0.33687885088912706,0.5235906862745098,0.5578231292517006,0.256492047654806,0.7067556925531125
responsive_vs_lor_all_phases,confounds_motion_propofol,20,147,26,0.3469387755102041,0.5371732026143792,0.38899317679886025,0.5300245098039216,0.5782312925170068,0.252879260499128,0.7062528202942109
responsive_vs_lor_all_phases,confounds_motion_propofol,21,147,26,0.3469387755102041,0.48120915032679745,0.3376048750656315,0.5125612745098039,0.5374149659863946,0.25469972370653443,0.7033377095904548
responsive_vs_lor_all_phases,confounds_motion_propofol,22,147,26,0.3469387755102041,0.3991013071895425,0.28277884658240643,0.46262254901960786,0.4421768707482993,0.2612351408059494,0.7169916781958359
responsive_vs_lor_all_phases,confounds_motion_propofol,23,147,26,0.3469387755102041,0.46834150326797386,0.36835268086491363,0.47120098039215685,0.5374149659863946,0.25474630538051557,0.7064981920493846
responsive_vs_lor_all_phases,confounds_motion_propofol,24,147,26,0.3469387755102041,0.5469771241830066,0.39144204912726815,0.5689338235294117,0.5510204081632653,0.2541147137098071,0.703663228575501
responsive_vs_lor_all_phases,confounds_motion_propofol,25,147,26,0.3469387755102041,0.44709967320261434,0.30863561718047994,0.48621323529411764,0.4489795918367347,0.2612632328628891,0.7167877636576446
responsive_vs_lor_all_phases,confounds_motion_propofol,26,147,26,0.3469387755102041,0.4832516339869281,0.3448881309584131,0.5033700980392157,0.5374149659863946,0.2565597379986408,0.7071186507399339
responsive_vs_lor_all_phases,confounds_motion_propofol,27,147,26,0.3469387755102041,0.4438316993464052,0.32754968456879924,0.4923406862745098,0.5170068027210885,0.26397266134923886,0.7231321983936195
responsive_vs_lor_all_phases,confounds_motion_propofol,28,147,26,0.3469387755102041,0.46915849673202614,0.35693085906830735,0.492953431372549,0.5238095238095238,0.2606080483935942,0.7167269725378429
responsive_vs_lor_all_phases,confounds_motion_propofol,29,147,26,0.3469387755102041,0.4850898692810458,0.3215681909379679,0.5441176470588236,0.5306122448979592,0.2616293442174968,0.7190985192828511
responsive_vs_lor_all_phases,confounds_motion_propofol,30,147,26,0.3469387755102041,0.565359477124183,0.38095355547046367,0.5793504901960784,0.564625850340136,0.2503685009072118,0.6953816766463551
responsive_vs_lor_all_phases,confounds_motion_propofol,31,147,26,0.3469387755102041,0.40093954248366015,0.2995939726901782,0.4485294117647059,0.4897959183673469,0.2603911344460231,0.7150084084093378
responsive_vs_lor_all_phases,confounds_motion_propofol,32,147,26,0.3469387755102041,0.5328839869281046,0.3598399668727355,0.5269607843137255,0.54421768707483,0.2526089188495984,0.6992080508051368
responsive_vs_lor_all_phases,confounds_motion_propofol,33,147,26,0.3469387755102041,0.4446486928104575,0.32282074840756964,0.47824754901960786,0.46258503401360546,0.2622306037835358,0.7201608441916745
responsive_vs_lor_all_phases,confounds_motion_propofol,34,147,26,0.3469387755102041,0.5582107843137255,0.38889498588871485,0.5435049019607843,0.5238095238095238,0.25228323051690843,0.6996761714911482
responsive_vs_lor_all_phases,confounds_motion_propofol,35,147,26,0.3469387755102041,0.5042892156862745,0.349387516732412,0.5116421568627451,0.47619047619047616,0.25889240897191,0.7144555198440833
responsive_vs_lor_all_phases,confounds_motion_propofol,36,147,26,0.3469387755102041,0.542687908496732,0.3487525105715099,0.5603553921568627,0.5578231292517006,0.2528433937599163,0.6986701243510745
responsive_vs_lor_all_phases,confounds_motion_propofol,37,147,26,0.3469387755102041,0.41482843137254904,0.2953983893110069,0.43719362745098034,0.41496598639455784,0.2622288921432289,0.7182038503698709
responsive_vs_lor_all_phases,confounds_motion_propofol,38,147,26,0.3469387755102041,0.4699754901960784,0.36951072289982595,0.508578431372549,0.54421768707483,0.2578394764634501,0.7121670337430939
responsive_vs_lor_all_phases,confounds_motion_propofol,39,147,26,0.3469387755102041,0.4268790849673203,0.305908674858268,0.4785539215686274,0.5170068027210885,0.2609122224138622,0.7160629947642824
responsive_vs_lor_all_phases,confounds_motion_propofol,40,147,26,0.3469387755102041,0.42892156862745096,0.2970238673917273,0.4681372549019608,0.5034013605442177,0.26020169061158654,0.7143325784759501
responsive_vs_lor_all_phases,confounds_motion_propofol,41,147,26,0.3469387755102041,0.24448529411764705,0.2369517607204898,0.319546568627451,0.3333333333333333,0.2647560415683968,0.7229982998713776
responsive_vs_lor_all_phases,confounds_motion_propofol,42,147,26,0.3469387755102041,0.4705882352941177,0.35301254759937795,0.5343137254901961,0.5238095238095238,0.2596322670600342,0.7131352896922644
responsive_vs_lor_all_phases,confounds_motion_propofol,43,147,26,0.3469387755102041,0.3880718954248366,0.28055620626254396,0.37775735294117646,0.3673469387755102,0.2591415059428069,0.7120274194909149
responsive_vs_lor_all_phases,confounds_motion_propofol,44,147,26,0.3469387755102041,0.5169526143790849,0.34793450598550346,0.5012254901960784,0.46258503401360546,0.2533618361300616,0.7001545901652655
responsive_vs_lor_all_phases,confounds_motion_propofol,45,147,26,0.3469387755102041,0.47937091503267976,0.35159172299175123,0.48651960784313725,0.5034013605442177,0.25644587433312216,0.7101767491666396
responsive_vs_lor_all_phases,confounds_motion_propofol,46,147,26,0.3469387755102041,0.45629084967320266,0.3480869054716062,0.5196078431372548,0.564625850340136,0.25838266758591194,0.7122295380920094
responsive_vs_lor_all_phases,confounds_motion_propofol,47,147,26,0.3469387755102041,0.4622140522875817,0.3299660233289219,0.5039828431372548,0.54421768707483,0.2597438347340773,0.7147346297653144
responsive_vs_lor_all_phases,confounds_motion_propofol,48,147,26,0.3469387755102041,0.2961601307189543,0.25199005170757677,0.37683823529411764,0.40816326530612246,0.2654571392227673,0.7248892148243324
responsive_vs_lor_all_phases,confounds_motion_propofol,49,147,26,0.3469387755102041,0.5120506535947712,0.3941039347380949,0.5199142156862745,0.5170068027210885,0.25291926317885804,0.6992424641413499
responsive_vs_lor_all_phases,confounds_motion_propofol,50,147,26,0.3469387755102041,0.5351307189542485,0.41140273084228407,0.5309436274509804,0.5374149659863946,0.24721514019674817,0.6844035928990914
responsive_vs_lor_all_phases,confounds_motion_propofol,51,147,26,0.3469387755102041,0.4475081699346405,0.3058615048523263,0.5006127450980392,0.4557823129251701,0.2582709577833416,0.7106859276313587
responsive_vs_lor_all_phases,confounds_motion_propofol,52,147,26,0.3469387755102041,0.5755718954248367,0.4014812831298589,0.6124387254901961,0.6258503401360545,0.2467703894841767,0.6868372934048973
responsive_vs_lor_all_phases,confounds_motion_propofol,53,147,26,0.3469387755102041,0.4168709150326797,0.2934908917267355,0.44699754901960786,0.4217687074829932,0.26253359219158234,0.7185732194258787
responsive_vs_lor_all_phases,confounds_motion_propofol,54,147,26,0.3469387755102041,0.5437091503267973,0.3980643698973225,0.4963235294117647,0.5102040816326531,0.24786302025213042,0.6882383914410124
responsive_vs_lor_all_phases,confounds_motion_propofol,55,147,26,0.3469387755102041,0.6292892156862745,0.44450962853559617,0.6587009803921569,0.6802721088435374,0.24209690018852642,0.6848899026560548
responsive_vs_lor_all_phases,confounds_motion_propofol,56,147,26,0.3469387755102041,0.5706699346405228,0.3936484608502183,0.5376838235294118,0.5102040816326531,0.2507459867665957,0.6951338832017993
responsive_vs_lor_all_phases,confounds_motion_propofol,57,147,26,0.3469387755102041,0.43790849673202614,0.3215593568745775,0.4742647058823529,0.46938775510204084,0.2596251809849868,0.7133668922056685
responsive_vs_lor_all_phases,confounds_motion_propofol,58,147,26,0.3469387755102041,0.3564133986928105,0.28342058321303176,0.39368872549019607,0.4421768707482993,0.2627786874929115,0.7196653717546538
responsive_vs_lor_all_phases,confounds_motion_propofol,59,147,26,0.3469387755102041,0.5238970588235294,0.36791255909558507,0.5134803921568627,0.4965986394557823,0.2539602767507469,0.7021379867776626
responsive_vs_lor_all_phases,confounds_motion_propofol,60,147,26,0.3469387755102041,0.4618055555555556,0.3078028211638275,0.5116421568627451,0.47619047619047616,0.25894957869570195,0.7132236597124181
responsive_vs_lor_all_phases,confounds_motion_propofol,61,147,26,0.3469387755102041,0.358047385620915,0.28810654554384796,0.4068627450980392,0.43537414965986393,0.2625982363506623,0.7188717683950319
responsive_vs_lor_all_phases,confounds_motion_propofol,62,147,26,0.3469387755102041,0.4162581699346405,0.3003482497497845,0.4898897058823529,0.4897959183673469,0.267019792518837,0.7328601799841864
responsive_vs_lor_all_phases,confounds_motion_propofol,63,147,26,0.3469387755102041,0.5406454248366013,0.3658204189277934,0.5131740196078431,0.54421768707483,0.2535548628326819,0.7024178917689672
responsive_vs_lor_all_phases,confounds_motion_propofol,64,147,26,0.3469387755102041,0.5034722222222222,0.35389029083096185,0.48774509803921573,0.5170068027210885,0.2554467785228638,0.705236950624447
responsive_vs_lor_all_phases,confounds_motion_propofol,65,147,26,0.3469387755102041,0.46772875816993464,0.31221231687415996,0.5220588235294118,0.4897959183673469,0.25970358778369995,0.7160272290886635
responsive_vs_lor_all_phases,confounds_motion_propofol,66,147,26,0.3469387755102041,0.3511029411764706,0.2729858149629032,0.430453431372549,0.4421768707482993,0.2600356053896114,0.7134571303278842
responsive_vs_lor_all_phases,confounds_motion_propofol,67,147,26,0.3469387755102041,0.5578022875816995,0.4218314522843692,0.5536151960784313,0.5850340136054422,0.24825460556450496,0.6926123577163592
responsive_vs_lor_all_phases,confounds_motion_propofol,68,147,26,0.3469387755102041,0.5298202614379085,0.35514430809194664,0.5428921568627451,0.5170068027210885,0.2530308449558874,0.6995095771173399
responsive_vs_lor_all_phases,confounds_motion_propofol,69,147,26,0.3469387755102041,0.5065359477124183,0.3423036006283857,0.5091911764705883,0.5510204081632653,0.25544905427950065,0.7051666788072007
responsive_vs_lor_all_phases,confounds_motion_propofol,70,147,26,0.3469387755102041,0.48897058823529405,0.3637879595364631,0.514093137254902,0.5034013605442177,0.25740705529591096,0.7085067187129249
responsive_vs_lor_all_phases,confounds_motion_propofol,71,147,26,0.3469387755102041,0.48897058823529405,0.39051718374868916,0.5266544117647058,0.5918367346938775,0.2519718645693986,0.7033998014791198
responsive_vs_lor_all_phases,confounds_motion_propofol,72,147,26,0.3469387755102041,0.45629084967320266,0.33872262967676076,0.48774509803921573,0.5170068027210885,0.2599287931423316,0.7172470483009484
responsive_vs_lor_all_phases,confounds_motion_propofol,73,147,26,0.3469387755102041,0.4248366013071896,0.3173885180262874,0.4963235294117647,0.5102040816326531,0.2591835708363907,0.7121739114958102
responsive_vs_lor_all_phases,confounds_motion_propofol,74,147,26,0.3469387755102041,0.505718954248366,0.37384039830193305,0.5477941176470589,0.5714285714285714,0.25417926513258016,0.7027726040476192
responsive_vs_lor_all_phases,confounds_motion_propofol,75,147,26,0.3469387755102041,0.43933823529411764,0.2997754218987646,0.4568014705882353,0.42857142857142855,0.2568780656764584,0.707084596722543
responsive_vs_lor_all_phases,confounds_motion_propofol,76,147,26,0.3469387755102041,0.42156862745098045,0.2971602102096985,0.44577205882352944,0.40816326530612246,0.25950233993695165,0.7124488874559785
responsive_vs_lor_all_phases,confounds_motion_propofol,77,147,26,0.3469387755102041,0.36417483660130723,0.2962848596079911,0.45618872549019607,0.5238095238095238,0.26477976161945127,0.7253351757950179
responsive_vs_lor_all_phases,confounds_motion_propofol,78,147,26,0.3469387755102041,0.4140114379084967,0.3377836054183788,0.4485294117647059,0.4897959183673469,0.2594896225511256,0.7132135839287435
responsive_vs_lor_all_phases,confounds_motion_propofol,79,147,26,0.3469387755102041,0.4675245098039216,0.3510141024094744,0.5052083333333334,0.5578231292517006,0.2564906237615825,0.7085138012456982
responsive_vs_lor_all_phases,confounds_motion_propofol,80,147,26,0.3469387755102041,0.45996732026143794,0.3277051413163048,0.5113357843137255,0.5238095238095238,0.25763949730689467,0.7090817437154422
responsive_vs_lor_all_phases,confounds_motion_propofol,81,147,26,0.3469387755102041,0.48917483660130723,0.3509651292792285,0.5052083333333334,0.5578231292517006,0.25783752841051166,0.71209131632974
responsive_vs_lor_all_phases,confounds_motion_propofol,82,147,26,0.3469387755102041,0.5473856209150327,0.43055336407545863,0.5340073529411764,0.5714285714285714,0.24757752020754842,0.6894851168162035
responsive_vs_lor_all_phases,confounds_motion_propofol,83,147,26,0.3469387755102041,0.6047794117647058,0.43390074351094976,0.5481004901960784,0.5238095238095238,0.23883990032904995,0.672882846331923
responsive_vs_lor_all_phases,confounds_motion_propofol,84,147,26,0.3469387755102041,0.36437908496732024,0.27075233125720455,0.47763480392156865,0.4557823129251701,0.26532051764251197,0.7248532450997458
responsive_vs_lor_all_phases,confounds_motion_propofol,85,147,26,0.3469387755102041,0.5657679738562091,0.40456938803812614,0.5358455882352942,0.4897959183673469,0.24741954652917045,0.6855023485403587
responsive_vs_lor_all_phases,confounds_motion_propofol,86,147,26,0.3469387755102041,0.38500816993464054,0.2827262043421156,0.42861519607843135,0.4217687074829932,0.26334345496379963,0.7204036948624872
responsive_vs_lor_all_phases,confounds_motion_propofol,87,147,26,0.3469387755102041,0.5161356209150327,0.3461358466226947,0.4764093137254902,0.4421768707482993,0.24996782165227815,0.6892148650974783
responsive_vs_lor_all_phases,confounds_motion_propofol,88,147,26,0.3469387755102041,0.5012254901960784,0.342618270594783,0.5309436274509804,0.5374149659863946,0.2598283357666386,0.7152591029672452
responsive_vs_lor_all_phases,confounds_motion_propofol,89,147,26,0.3469387755102041,0.5412581699346406,0.3681562300691269,0.5784313725490196,0.6054421768707483,0.25210241732452326,0.6983908015524805
responsive_vs_lor_all_phases,confounds_motion_propofol,90,147,26,0.3469387755102041,0.5504493464052288,0.3594788091542208,0.5159313725490196,0.5238095238095238,0.2535167051378183,0.7019733734142466
responsive_vs_lor_all_phases,confounds_motion_propofol,91,147,26,0.3469387755102041,0.4709967320261438,0.3412985076331011,0.5315563725490196,0.54421768707483,0.25757417781722713,0.7089170916721049
responsive_vs_lor_all_phases,confounds_motion_propofol,92,147,26,0.3469387755102041,0.5449346405228758,0.42730470902877515,0.5505514705882353,0.5510204081632653,0.24846904778045256,0.6902684153159641
responsive_vs_lor_all_phases,confounds_motion_propofol,93,147,26,0.3469387755102041,0.5061274509803921,0.40885256474693904,0.5906862745098039,0.6394557823129252,0.2512420177384251,0.6979900087719609
responsive_vs_lor_all_phases,confounds_motion_propofol,94,147,26,0.3469387755102041,0.5218545751633987,0.34577972318225525,0.529718137254902,0.5238095238095238,0.25251580402078416,0.696127088853714
responsive_vs_lor_all_phases,confounds_motion_propofol,95,147,26,0.3469387755102041,0.5290032679738562,0.3851269754378181,0.5588235294117647,0.5918367346938775,0.252934990176616,0.7025107649323543
responsive_vs_lor_all_phases,confounds_motion_propofol,96,147,26,0.3469387755102041,0.5600490196078431,0.3937878718601314,0.5425857843137255,0.564625850340136,0.2521716759996344,0.7002178479614852
responsive_vs_lor_all_phases,confounds_motion_propofol,97,147,26,0.3469387755102041,0.5208333333333334,0.3647065000250955,0.5582107843137255,0.5850340136054422,0.2535329697217717,0.7037751969807438
responsive_vs_lor_all_phases,confounds_motion_propofol,98,147,26,0.3469387755102041,0.3466094771241831,0.28164482972273897,0.428921568627451,0.47619047619047616,0.26353230856379345,0.7208764350815792
responsive_vs_lor_all_phases,confounds_motion_propofol,99,147,26,0.3469387755102041,0.4742647058823529,0.3785972543976829,0.4629289215686274,0.4965986394557823,0.2548131231532177,0.7033780633940951
responsive_vs_lor_all_phases,confounds_motion_propofol,100,147,26,0.3469387755102041,0.443218954248366,0.316533935902493,0.4794730392156863,0.47619047619047616,0.2643188734063182,0.7326827212375142
responsive_vs_lor_all_phases,standard_fc_plus_confounds,1,147,26,0.3469387755102041,0.6055964052287581,0.43612542662109377,0.6418504901960784,0.6462585034013606,0.24492119599383777,0.6915436287994831
responsive_vs_lor_all_phases,standard_fc_plus_confounds,2,147,26,0.3469387755102041,0.5545343137254902,0.39273607713411063,0.556985294117647,0.5714285714285714,0.25142727832756107,0.6969620972434164
responsive_vs_lor_all_phases,standard_fc_plus_confounds,3,147,26,0.3469387755102041,0.4466911764705882,0.3302433870226539,0.48713235294117646,0.5102040816326531,0.26359801818248896,0.7228919477702608
responsive_vs_lor_all_phases,standard_fc_plus_confounds,4,147,26,0.3469387755102041,0.47855392156862747,0.3323163025061688,0.45465686274509803,0.4557823129251701,0.2626791775016443,0.720049099355091
responsive_vs_lor_all_phases,standard_fc_plus_confounds,5,147,26,0.3469387755102041,0.4812091503267974,0.39066963302432023,0.5159313725490196,0.5238095238095238,0.2584679974456191,0.7106715603298556
responsive_vs_lor_all_phases,standard_fc_plus_confounds,6,147,26,0.3469387755102041,0.47794117647058826,0.35175798056693997,0.4610906862745098,0.47619047619047616,0.2592963849466282,0.7128304376747293
responsive_vs_lor_all_phases,standard_fc_plus_confounds,7,147,26,0.3469387755102041,0.45526960784313725,0.34255546760911976,0.49816176470588236,0.5306122448979592,0.26067145619924603,0.7166849516460482
responsive_vs_lor_all_phases,standard_fc_plus_confounds,8,147,26,0.3469387755102041,0.394812091503268,0.28911179345153304,0.45006127450980393,0.4557823129251701,0.26486939975247137,0.7237521381808367
responsive_vs_lor_all_phases,standard_fc_plus_confounds,9,147,26,0.3469387755102041,0.46691176470588236,0.3274035383579959,0.4696691176470588,0.46938775510204084,0.26149644532319444,0.717283594148721
responsive_vs_lor_all_phases,standard_fc_plus_confounds,10,147,26,0.3469387755102041,0.48182189542483667,0.3559939593327761,0.49816176470588236,0.5306122448979592,0.25920015033633576,0.7144853763479729
responsive_vs_lor_all_phases,standard_fc_plus_confounds,11,147,26,0.3469387755102041,0.5643382352941176,0.45830086485215227,0.5431985294117647,0.5714285714285714,0.24512856212539513,0.6865967805823581
responsive_vs_lor_all_phases,standard_fc_plus_confounds,12,147,26,0.3469387755102041,0.4683415032679738,0.3385757302811378,0.4761029411764706,0.4897959183673469,0.2616098607947423,0.7178967822014015
responsive_vs_lor_all_phases,standard_fc_plus_confounds,13,147,26,0.3469387755102041,0.4742647058823529,0.34628456885674064,0.4675245098039216,0.4965986394557823,0.2603997861854574,0.715404618586762
responsive_vs_lor_all_phases,standard_fc_plus_confounds,14,147,26,0.3469387755102041,0.4054330065359477,0.28383217524992227,0.46844362745098034,0.4557823129251701,0.2602638979298802,0.712047220634137
responsive_vs_lor_all_phases,standard_fc_plus_confounds,15,147,26,0.3469387755102041,0.5345179738562091,0.3998423286782324,0.5674019607843137,0.5850340136054422,0.2538656576058202,0.7032603443227835
responsive_vs_lor_all_phases,standard_fc_plus_confounds,16,147,26,0.3469387755102041,0.5443218954248367,0.381278040289699,0.5585171568627451,0.5374149659863946,0.25927625597166803,0.715663214132877
responsive_vs_lor_all_phases,standard_fc_plus_confounds,17,147,26,0.3469387755102041,0.46854575163398693,0.3543638846129221,0.47334558823529416,0.5102040816326531,0.2603953868171117,0.7167108213583046
responsive_vs_lor_all_phases,standard_fc_plus_confounds,18,147,26,0.3469387755102041,0.4264705882352941,0.32351705256322766,0.4298406862745098,0.43537414965986393,0.2610363993169644,0.7157041542835159
responsive_vs_lor_all_phases,standard_fc_plus_confounds,19,147,26,0.3469387755102041,0.48141339869281047,0.3193983705552158,0.525735294117647,0.5306122448979592,0.26160828973827627,0.7183655472019911
responsive_vs_lor_all_phases,standard_fc_plus_confounds,20,147,26,0.3469387755102041,0.505718954248366,0.3435021434610418,0.5205269607843137,0.5238095238095238,0.25898265628386546,0.7127018928772351
responsive_vs_lor_all_phases,standard_fc_plus_confounds,21,147,26,0.3469387755102041,0.5457516339869282,0.39308232531594317,0.5447303921568627,0.5374149659863946,0.25397152495900205,0.7015725632115911
responsive_vs_lor_all_phases,standard_fc_plus_confounds,22,147,26,0.3469387755102041,0.5038807189542484,0.3768158511405223,0.5245098039215687,0.5170068027210885,0.26388211702407066,0.7282994530243119
responsive_vs_lor_all_phases,standard_fc_plus_confounds,23,147,26,0.3469387755102041,0.3082107843137255,0.2570815339271123,0.3710171568627451,0.3945578231292517,0.2672516008753152,0.7283723258942911
responsive_vs_lor_all_phases,standard_fc_plus_confounds,24,147,26,0.3469387755102041,0.5729166666666666,0.3958962515182249,0.5471813725490196,0.564625850340136,0.25185552809096423,0.7007310025882415
responsive_vs_lor_all_phases,standard_fc_plus_confounds,25,147,26,0.3469387755102041,0.542687908496732,0.388477118169512,0.5435049019607843,0.5238095238095238,0.25429310812818245,0.7030721977240803
responsive_vs_lor_all_phases,standard_fc_plus_confounds,26,147,26,0.3469387755102041,0.4225898692810458,0.31909640215892354,0.4316789215686274,0.4557823129251701,0.26255799649645833,0.7191765800539874
responsive_vs_lor_all_phases,standard_fc_plus_confounds,27,147,26,0.3469387755102041,0.5159313725490197,0.3617665989947312,0.5165441176470589,0.5306122448979592,0.25902032236531913,0.7149207614529091
responsive_vs_lor_all_phases,standard_fc_plus_confounds,28,147,26,0.3469387755102041,0.4842728758169934,0.3672410138201683,0.4852941176470588,0.4897959183673469,0.2584077975610895,0.7094107382019018
responsive_vs_lor_all_phases,standard_fc_plus_confounds,29,147,26,0.3469387755102041,0.43995098039215685,0.3329943802108408,0.4650735294117647,0.46938775510204084,0.26403347485555567,0.7228958210210373
responsive_vs_lor_all_phases,standard_fc_plus_confounds,30,147,26,0.3469387755102041,0.5996732026143791,0.42196327471043105,0.5741421568627452,0.5578231292517006,0.24619317754215456,0.6922985940657211
responsive_vs_lor_all_phases,standard_fc_plus_confounds,31,147,26,0.3469387755102041,0.5849673202614379,0.44976371714228436,0.5309436274509804,0.5374149659863946,0.24708986328118113,0.688869231791146
responsive_vs_lor_all_phases,standard_fc_plus_confounds,32,147,26,0.3469387755102041,0.43586601307189543,0.3183230149519257,0.47549019607843135,0.48299319727891155,0.26281076275225207,0.720207505961531
responsive_vs_lor_all_phases,standard_fc_plus_confounds,33,147,26,0.3469387755102041,0.4360702614379085,0.31518631542373177,0.4859068627450981,0.4965986394557823,0.2623959405639748,0.7193287008281113
responsive_vs_lor_all_phases,standard_fc_plus_confounds,34,147,26,0.3469387755102041,0.5263480392156863,0.37639313949128667,0.5511642156862745,0.5578231292517006,0.2564855811218278,0.7121457723502964
responsive_vs_lor_all_phases,standard_fc_plus_confounds,35,147,26,0.3469387755102041,0.4642565359477124,0.32263050721830594,0.5134803921568627,0.4965986394557823,0.2610230219729443,0.7169154732876968
responsive_vs_lor_all_phases,standard_fc_plus_confounds,36,147,26,0.3469387755102041,0.514093137254902,0.4065860872012867,0.4898897058823529,0.4897959183673469,0.2554043356251839,0.7049450591050359
responsive_vs_lor_all_phases,standard_fc_plus_confounds,37,147,26,0.3469387755102041,0.49468954248366015,0.3275870825658398,0.5232843137254902,0.5034013605442177,0.2567923121487074,0.7071129927087558
responsive_vs_lor_all_phases,standard_fc_plus_confounds,38,147,26,0.3469387755102041,0.5684232026143791,0.37537084919299285,0.5719975490196079,0.5850340136054422,0.25264623423352417,0.7013538591604045
responsive_vs_lor_all_phases,standard_fc_plus_confounds,39,147,26,0.3469387755102041,0.4129901960784314,0.31099734517497046,0.45128676470588236,0.46938775510204084,0.2651752086763401,0.7246469525835592
responsive_vs_lor_all_phases,standard_fc_plus_confounds,40,147,26,0.3469387755102041,0.42606209150326796,0.29812213668486354,0.4362745098039216,0.4557823129251701,0.26273549805034746,0.7193996688162873
responsive_vs_lor_all_phases,standard_fc_plus_confounds,41,147,26,0.3469387755102041,0.4938725490196078,0.350165150374981,0.5119485294117647,0.5306122448979592,0.25831893522367233,0.7113508078833188
responsive_vs_lor_all_phases,standard_fc_plus_confounds,42,147,26,0.3469387755102041,0.5383986928104576,0.37589615601461634,0.529718137254902,0.5238095238095238,0.2496774922156219,0.6900226017780996
responsive_vs_lor_all_phases,standard_fc_plus_confounds,43,147,26,0.3469387755102041,0.5492238562091504,0.38340409916896934,0.572610294117647,0.5918367346938775,0.25380969127940745,0.7046810617184981
responsive_vs_lor_all_phases,standard_fc_plus_confounds,44,147,26,0.3469387755102041,0.43566176470588236,0.3192063164969856,0.41360294117647056,0.40816326530612246,0.2601836273088935,0.714390126733733
responsive_vs_lor_all_phases,standard_fc_plus_confounds,45,147,26,0.3469387755102041,0.47671568627450983,0.32392785104310456,0.49693627450980393,0.5170068027210885,0.2609721421293629,0.716848765623254
responsive_vs_lor_all_phases,standard_fc_plus_confounds,46,147,26,0.3469387755102041,0.4934640522875817,0.328819102556962,0.4950980392156863,0.4965986394557823,0.2623228073301348,0.7212273215283789
responsive_vs_lor_all_phases,standard_fc_plus_confounds,47,147,26,0.3469387755102041,0.4667075163398693,0.37971836645115375,0.4963235294117647,0.5102040816326531,0.259651469241117,0.7142840768483222
responsive_vs_lor_all_phases,standard_fc_plus_confounds,48,147,26,0.3469387755102041,0.5751633986928104,0.40681456119483395,0.5903799019607843,0.5850340136054422,0.2500529350445714,0.6948804738824098
responsive_vs_lor_all_phases,standard_fc_plus_confounds,49,147,26,0.3469387755102041,0.4019607843137255,0.288099022308679,0.43504901960784315,0.4421768707482993,0.2682447835612724,0.7313557650413315
responsive_vs_lor_all_phases,standard_fc_plus_confounds,50,147,26,0.3469387755102041,0.4695669934640523,0.32133048050175117,0.47028186274509803,0.47619047619047616,0.2615936725495024,0.7181217708435796
responsive_vs_lor_all_phases,standard_fc_plus_confounds,51,147,26,0.3469387755102041,0.502859477124183,0.3879152686898749,0.5361519607843137,0.54421768707483,0.25636811468489135,0.7076076811840527
responsive_vs_lor_all_phases,standard_fc_plus_confounds,52,147,26,0.3469387755102041,0.45629084967320266,0.31790229107837065,0.43443627450980393,0.43537414965986393,0.2651196386228373,0.7258376474096802
responsive_vs_lor_all_phases,standard_fc_plus_confounds,53,147,26,0.3469387755102041,0.5216503267973857,0.3708467896583462,0.5511642156862745,0.5578231292517006,0.25495550810761086,0.7020856786478272
responsive_vs_lor_all_phases,standard_fc_plus_confounds,54,147,26,0.3469387755102041,0.5678104575163399,0.4355974220302468,0.5778186274509804,0.5986394557823129,0.24835509894650096,0.6933326154555965
responsive_vs_lor_all_phases,standard_fc_plus_confounds,55,147,26,0.3469387755102041,0.5755718954248366,0.4045405709724434,0.5928308823529411,0.6122448979591837,0.2527595890835821,0.7044091129177599
responsive_vs_lor_all_phases,standard_fc_plus_confounds,56,147,26,0.3469387755102041,0.5136846405228758,0.38528972788734556,0.5484068627450981,0.5782312925170068,0.2555830411887564,0.7083665096408128
responsive_vs_lor_all_phases,standard_fc_plus_confounds,57,147,26,0.3469387755102041,0.5118464052287581,0.3494859711802847,0.5049019607843137,0.5034013605442177,0.25947295006293275,0.7192151626615054
responsive_vs_lor_all_phases,standard_fc_plus_confounds,58,147,26,0.3469387755102041,0.627859477124183,0.4274197034311026,0.6099877450980392,0.5986394557823129,0.23632015298250922,0.6642230817531865
responsive_vs_lor_all_phases,standard_fc_plus_confounds,59,147,26,0.3469387755102041,0.5061274509803921,0.33488418047912155,0.5474877450980392,0.5170068027210885,0.25907701939318556,0.7137425228148829
responsive_vs_lor_all_phases,standard_fc_plus_confounds,60,147,26,0.3469387755102041,0.5373774509803921,0.40616878506404996,0.492953431372549,0.5238095238095238,0.25248232622064337,0.6996091944371268
responsive_vs_lor_all_phases,standard_fc_plus_confounds,61,147,26,0.3469387755102041,0.39726307189542487,0.28577035315438004,0.45067401960784315,0.46258503401360546,0.26903057117002377,0.7328273755153958
responsive_vs_lor_all_phases,standard_fc_plus_confounds,62,147,26,0.3469387755102041,0.5175653594771241,0.3544064155149068,0.5055147058823529,0.5102040816326531,0.2585658809735917,0.7117943640399267
responsive_vs_lor_all_phases,standard_fc_plus_confounds,63,147,26,0.3469387755102041,0.5355392156862745,0.38610450238240707,0.4963235294117647,0.5102040816326531,0.25666458838689543,0.7104467445126371
responsive_vs_lor_all_phases,standard_fc_plus_confounds,64,147,26,0.3469387755102041,0.47834967320261434,0.3726926891120527,0.4518995098039216,0.47619047619047616,0.25611885249502764,0.7057250239726168
responsive_vs_lor_all_phases,standard_fc_plus_confounds,65,147,26,0.3469387755102041,0.5185866013071896,0.3758695418215775,0.5061274509803921,0.5170068027210885,0.254837772089704,0.7040609239804925
responsive_vs_lor_all_phases,standard_fc_plus_confounds,66,147,26,0.3469387755102041,0.400531045751634,0.3149067390198014,0.5131740196078431,0.54421768707483,0.26045768378703943,0.7147704967666453
responsive_vs_lor_all_phases,standard_fc_plus_confounds,67,147,26,0.3469387755102041,0.4818218954248366,0.3199309274618314,0.5088848039215687,0.4965986394557823,0.2618214416139635,0.7212963590430272
responsive_vs_lor_all_phases,standard_fc_plus_confounds,68,147,26,0.3469387755102041,0.48570261437908496,0.3302927903464251,0.5030637254901961,0.48299319727891155,0.2604644100030736,0.7143434307829217
responsive_vs_lor_all_phases,standard_fc_plus_confounds,69,147,26,0.3469387755102041,0.5377859477124183,0.4336057557918011,0.48713235294117646,0.5102040816326531,0.24892728277552795,0.6919267801690908
responsive_vs_lor_all_phases,standard_fc_plus_confounds,70,147,26,0.3469387755102041,0.5479983660130718,0.4207855043090523,0.5530024509803921,0.5782312925170068,0.24916041925174962,0.696282405912263
responsive_vs_lor_all_phases,standard_fc_plus_confounds,71,147,26,0.3469387755102041,0.5,0.35784694685412133,0.5281862745098039,0.5578231292517006,0.2577494102009029,0.7107864728421609
responsive_vs_lor_all_phases,standard_fc_plus_confounds,72,147,26,0.3469387755102041,0.3856209150326797,0.28421338018624287,0.42708333333333337,0.4557823129251701,0.2642500151782118,0.7227064433343607
responsive_vs_lor_all_phases,standard_fc_plus_confounds,73,147,26,0.3469387755102041,0.4722222222222222,0.356682071685337,0.44025735294117646,0.4489795918367347,0.2629464287107903,0.7218775512776775
responsive_vs_lor_all_phases,standard_fc_plus_confounds,74,147,26,0.3469387755102041,0.4238153594771242,0.2982461963001541,0.4368872549019608,0.46258503401360546,0.26369038860107014,0.7213549305309171
responsive_vs_lor_all_phases,standard_fc_plus_confounds,75,147,26,0.3469387755102041,0.4593545751633987,0.38107722946568257,0.44669117647058826,0.46938775510204084,0.25789303787303247,0.7138150571336899
responsive_vs_lor_all_phases,standard_fc_plus_confounds,76,147,26,0.3469387755102041,0.40012254901960786,0.2922405721840028,0.47028186274509803,0.47619047619047616,0.26732298330170967,0.7299482775075786
responsive_vs_lor_all_phases,standard_fc_plus_confounds,77,147,26,0.3469387755102041,0.40318627450980393,0.32757735218576384,0.4172794117647059,0.4489795918367347,0.26493429957160153,0.7247916054425916
responsive_vs_lor_all_phases,standard_fc_plus_confounds,78,147,26,0.3469387755102041,0.6284722222222222,0.43322121725146845,0.6170343137254902,0.6258503401360545,0.24217253206827166,0.683376709004992
responsive_vs_lor_all_phases,standard_fc_plus_confounds,79,147,26,0.3469387755102041,0.5089869281045751,0.3769517936509791,0.525735294117647,0.5306122448979592,0.26312344719713954,0.7238896426736098
responsive_vs_lor_all_phases,standard_fc_plus_confounds,80,147,26,0.3469387755102041,0.5563725490196079,0.3903712124271464,0.5223651960784313,0.54421768707483,0.25262398039973893,0.7040867198869203
responsive_vs_lor_all_phases,standard_fc_plus_confounds,81,147,26,0.3469387755102041,0.3929738562091504,0.2854903023771561,0.4212622549019608,0.4421768707482993,0.263518947348029,0.7207738506698951
responsive_vs_lor_all_phases,standard_fc_plus_confounds,82,147,26,0.3469387755102041,0.6006944444444445,0.4179977191233451,0.5943627450980392,0.5782312925170068,0.24620950772455635,0.6889538100305042
responsive_vs_lor_all_phases,standard_fc_plus_confounds,83,147,26,0.3469387755102041,0.5110294117647058,0.3520664812249346,0.5315563725490196,0.54421768707483,0.25802518669022373,0.7110554570624056
responsive_vs_lor_all_phases,standard_fc_plus_confounds,84,147,26,0.3469387755102041,0.4701797385620915,0.3528176044169265,0.48131127450980393,0.4965986394557823,0.2616660313483884,0.7178280907678065
responsive_vs_lor_all_phases,standard_fc_plus_confounds,85,147,26,0.3469387755102041,0.5600490196078431,0.3717326303108971,0.5903799019607843,0.5850340136054422,0.25386466280858366,0.7049145849507168
responsive_vs_lor_all_phases,standard_fc_plus_confounds,86,147,26,0.3469387755102041,0.4944852941176471,0.3373525255946301,0.48651960784313725,0.5034013605442177,0.26029897153513953,0.715635839348623
responsive_vs_lor_all_phases,standard_fc_plus_confounds,87,147,26,0.3469387755102041,0.4985702614379085,0.3535105103602323,0.4886642156862745,0.47619047619047616,0.2550564832942841,0.7038817181049534
responsive_vs_lor_all_phases,standard_fc_plus_confounds,88,147,26,0.3469387755102041,0.48651960784313725,0.3443309985204504,0.47212009803921573,0.4965986394557823,0.25953505666787285,0.7133428052775478
responsive_vs_lor_all_phases,standard_fc_plus_confounds,89,147,26,0.3469387755102041,0.41156045751633985,0.293025080275191,0.4742647058823529,0.46938775510204084,0.26831533914618794,0.7317389700709123
responsive_vs_lor_all_phases,standard_fc_plus_confounds,90,147,26,0.3469387755102041,0.3848039215686274,0.2908129882970683,0.44270833333333337,0.47619047619047616,0.26909169607791744,0.733868723254119
responsive_vs_lor_all_phases,standard_fc_plus_confounds,91,147,26,0.3469387755102041,0.25592320261437906,0.24136017996097414,0.3324142156862745,0.3741496598639456,0.26659355042227,0.7268598736540773
responsive_vs_lor_all_phases,standard_fc_plus_confounds,92,147,26,0.3469387755102041,0.48100490196078427,0.35892592061106665,0.49050245098039214,0.4965986394557823,0.25880276418523795,0.7117738888844066
responsive_vs_lor_all_phases,standard_fc_plus_confounds,93,147,26,0.3469387755102041,0.4616013071895425,0.3332173219523265,0.5407475490196079,0.54421768707483,0.2619721783571557,0.7182784775139199
responsive_vs_lor_all_phases,standard_fc_plus_confounds,94,147,26,0.3469387755102041,0.491421568627451,0.3440284851209142,0.525735294117647,0.5306122448979592,0.25972690096401063,0.7139547298063921
responsive_vs_lor_all_phases,standard_fc_plus_confounds,95,147,26,0.3469387755102041,0.5639297385620915,0.37344028447915045,0.5337009803921569,0.5170068027210885,0.2529507692849634,0.7065534119289341
responsive_vs_lor_all_phases,standard_fc_plus_confounds,96,147,26,0.3469387755102041,0.5430964052287581,0.36351162495577277,0.5217524509803921,0.5374149659863946,0.2558586470434045,0.7089542903585138
responsive_vs_lor_all_phases,standard_fc_plus_confounds,97,147,26,0.3469387755102041,0.37969771241830064,0.2806921058992341,0.4065563725490196,0.38095238095238093,0.2717699984251914,0.7398079916146925
responsive_vs_lor_all_phases,standard_fc_plus_confounds,98,147,26,0.3469387755102041,0.5982434640522876,0.4374776213090804,0.603860294117647,0.6326530612244898,0.24655360490792197,0.6896191354490302
responsive_vs_lor_all_phases,standard_fc_plus_confounds,99,147,26,0.3469387755102041,0.5720996732026143,0.3764444982031713,0.5793504901960784,0.564625850340136,0.24936647233629572,0.6937268465745032
responsive_vs_lor_all_phases,standard_fc_plus_confounds,100,147,26,0.3469387755102041,0.4479166666666667,0.3296806206181167,0.46568627450980393,0.47619047619047616,0.26090646236765047,0.7159814493239962
responsive_vs_lor_all_phases,gcc_core_plus_confounds,1,147,26,0.3469387755102041,0.4207516339869281,0.2888421973762202,0.4154411764705882,0.42857142857142855,0.26584285081613146,0.7260937725305486
responsive_vs_lor_all_phases,gcc_core_plus_confounds,2,147,26,0.3469387755102041,0.4585375816993464,0.3925465454968706,0.4485294117647059,0.4897959183673469,0.2595017310915049,0.7136982773618187
responsive_vs_lor_all_phases,gcc_core_plus_confounds,3,147,26,0.3469387755102041,0.48549836601307184,0.35161805794329914,0.5003063725490196,0.5034013605442177,0.25860585433161115,0.712173103266496
responsive_vs_lor_all_phases,gcc_core_plus_confounds,4,147,26,0.3469387755102041,0.5292075163398693,0.37818960075601926,0.5113357843137255,0.5238095238095238,0.2548379942692294,0.7039937960066456
responsive_vs_lor_all_phases,gcc_core_plus_confounds,5,147,26,0.3469387755102041,0.5430964052287581,0.3806019321082792,0.5916053921568627,0.5986394557823129,0.2627432993012003,0.726389363206218
responsive_vs_lor_all_phases,gcc_core_plus_confounds,6,147,26,0.3469387755102041,0.4867238562091504,0.3386456090126116,0.5373774509803921,0.5578231292517006,0.2645991612641527,0.7250898508937156
responsive_vs_lor_all_phases,gcc_core_plus_confounds,7,147,26,0.3469387755102041,0.5238970588235294,0.3699208551433779,0.5303308823529411,0.5306122448979592,0.2596893021489139,0.7230719643218577
responsive_vs_lor_all_phases,gcc_core_plus_confounds,8,147,26,0.3469387755102041,0.4268790849673203,0.31009858324363226,0.48253676470588236,0.5102040816326531,0.2645706056415783,0.72452830969963
responsive_vs_lor_all_phases,gcc_core_plus_confounds,9,147,26,0.3469387755102041,0.3609068627450981,0.2935669810819266,0.38602941176470584,0.40816326530612246,0.2646111461536754,0.723267336080753
responsive_vs_lor_all_phases,gcc_core_plus_confounds,10,147,26,0.3469387755102041,0.4146241830065359,0.2885101095048409,0.4764093137254902,0.4421768707482993,0.2647074781215426,0.7233569080319657
responsive_vs_lor_all_phases,gcc_core_plus_confounds,11,147,26,0.3469387755102041,0.42790032679738566,0.3053411207908606,0.45006127450980393,0.4557823129251701,0.27045963371304643,0.74060822513276
responsive_vs_lor_all_phases,gcc_core_plus_confounds,12,147,26,0.3469387755102041,0.6942401960784313,0.5927249518081384,0.5940563725490196,0.6258503401360545,0.2155319463311395,0.6210532667230931
responsive_vs_lor_all_phases,gcc_core_plus_confounds,13,147,26,0.3469387755102041,0.5408496732026145,0.3858288655317433,0.4963235294117647,0.5102040816326531,0.25251386227687717,0.698786462641166
responsive_vs_lor_all_phases,gcc_core_plus_confounds,14,147,26,0.3469387755102041,0.49836601307189543,0.3440487736418436,0.5134803921568627,0.4965986394557823,0.25801012244205235,0.7098130353526453
responsive_vs_lor_all_phases,gcc_core_plus_confounds,15,147,26,0.3469387755102041,0.5890522875816994,0.47780949077492485,0.5732230392156863,0.5986394557823129,0.24073152944809448,0.6732087567277356
responsive_vs_lor_all_phases,gcc_core_plus_confounds,16,147,26,0.3469387755102041,0.5759803921568627,0.3935109613919404,0.5321691176470589,0.5510204081632653,0.25030304618493804,0.6961670186819325
responsive_vs_lor_all_phases,gcc_core_plus_confounds,17,147,26,0.3469387755102041,0.5247140522875816,0.3764098811936737,0.5165441176470589,0.5306122448979592,0.2581675280895618,0.7132676006798242
responsive_vs_lor_all_phases,gcc_core_plus_confounds,18,147,26,0.3469387755102041,0.5494281045751633,0.4100058986401563,0.5205269607843137,0.5238095238095238,0.24950480041208745,0.6920815231850049
responsive_vs_lor_all_phases,gcc_core_plus_confounds,19,147,26,0.3469387755102041,0.46262254901960786,0.33453647641451567,0.49111519607843135,0.5034013605442177,0.2656918780897088,0.7272425686352267
responsive_vs_lor_all_phases,gcc_core_plus_confounds,20,147,26,0.3469387755102041,0.5526960784313726,0.41874658825644506,0.5171568627450981,0.5374149659863946,0.24970795192442474,0.6950489344628813
responsive_vs_lor_all_phases,gcc_core_plus_confounds,21,147,26,0.3469387755102041,0.340890522875817,0.2661346297079929,0.38602941176470584,0.40816326530612246,0.27468694798133475,0.7467627238933086
responsive_vs_lor_all_phases,gcc_core_plus_confounds,22,147,26,0.3469387755102041,0.5571895424836601,0.3912829562396128,0.5094975490196079,0.5034013605442177,0.2500476009326813,0.6900559481939618
responsive_vs_lor_all_phases,gcc_core_plus_confounds,23,147,26,0.3469387755102041,0.3649918300653595,0.27142305736427524,0.3829656862745098,0.3741496598639456,0.27004403394943155,0.7335469583543873
responsive_vs_lor_all_phases,gcc_core_plus_confounds,24,147,26,0.3469387755102041,0.5539215686274509,0.38606738261571283,0.556985294117647,0.5714285714285714,0.25335166941447856,0.703064796856045
responsive_vs_lor_all_phases,gcc_core_plus_confounds,25,147,26,0.3469387755102041,0.48999183006535946,0.3302313025354239,0.498468137254902,0.48299319727891155,0.25814173116680506,0.7101705525465799
responsive_vs_lor_all_phases,gcc_core_plus_confounds,26,147,26,0.3469387755102041,0.6280637254901961,0.48063161470829874,0.6106004901960784,0.6054421768707483,0.23915774999509773,0.6742048930525528
responsive_vs_lor_all_phases,gcc_core_plus_confounds,27,147,26,0.3469387755102041,0.6149918300653595,0.45776123914534705,0.5667892156862745,0.5782312925170068,0.24231004591205535,0.6835221702208097
responsive_vs_lor_all_phases,gcc_core_plus_confounds,28,147,26,0.3469387755102041,0.5377859477124183,0.3725450276992234,0.5563725490196079,0.564625850340136,0.2539950048920923,0.7040390723345177
responsive_vs_lor_all_phases,gcc_core_plus_confounds,29,147,26,0.3469387755102041,0.38480392156862747,0.31875955320285093,0.4056372549019608,0.4217687074829932,0.2681677551675537,0.7313205560286453
responsive_vs_lor_all_phases,gcc_core_plus_confounds,30,147,26,0.3469387755102041,0.5089869281045751,0.3474444295187706,0.5251225490196079,0.5238095238095238,0.25826457904400657,0.7117088537992257
responsive_vs_lor_all_phases,gcc_core_plus_confounds,31,147,26,0.3469387755102041,0.5618872549019608,0.46304032477944346,0.5379901960784313,0.564625850340136,0.2474237004372344,0.6891552802997398
responsive_vs_lor_all_phases,gcc_core_plus_confounds,32,147,26,0.3469387755102041,0.3756127450980392,0.28251956787094423,0.40379901960784315,0.4013605442176871,0.2660762978359797,0.7263312999959313
responsive_vs_lor_all_phases,gcc_core_plus_confounds,33,147,26,0.3469387755102041,0.5816993464052288,0.43119908139749374,0.5615808823529411,0.5714285714285714,0.24776472161054622,0.6904873752202366
responsive_vs_lor_all_phases,gcc_core_plus_confounds,34,147,26,0.3469387755102041,0.4636437908496732,0.3650986456455456,0.48192401960784315,0.5034013605442177,0.26284978905438067,0.7205407656091298
responsive_vs_lor_all_phases,gcc_core_plus_confounds,35,147,26,0.3469387755102041,0.5651552287581699,0.4171450390147353,0.5557598039215687,0.5578231292517006,0.24966406162127344,0.6940189908814148
responsive_vs_lor_all_phases,gcc_core_plus_confounds,36,147,26,0.3469387755102041,0.4869281045751634,0.3465702353636252,0.4859068627450981,0.4965986394557823,0.26327052903167686,0.7256293734269115
responsive_vs_lor_all_phases,gcc_core_plus_confounds,37,147,26,0.3469387755102041,0.41646241830065367,0.3102914692574709,0.4310661764705882,0.4489795918367347,0.26544661989453705,0.7249633146791006
responsive_vs_lor_all_phases,gcc_core_plus_confounds,38,147,26,0.3469387755102041,0.5526960784313726,0.3903204799605667,0.514093137254902,0.5034013605442177,0.25824692664795124,0.7121400767859847
responsive_vs_lor_all_phases,gcc_core_plus_confounds,39,147,26,0.3469387755102041,0.5351307189542484,0.34891509987130065,0.5015318627450981,0.5170068027210885,0.2625569176222027,0.7243362736835048
responsive_vs_lor_all_phases,gcc_core_plus_confounds,40,147,26,0.3469387755102041,0.48447712418300654,0.36106623690014183,0.508578431372549,0.54421768707483,0.2571903185781295,0.7097445695653328
responsive_vs_lor_all_phases,gcc_core_plus_confounds,41,147,26,0.3469387755102041,0.5067401960784313,0.350718806451991,0.5551470588235294,0.5510204081632653,0.26297852852257747,0.7222188048995561
responsive_vs_lor_all_phases,gcc_core_plus_confounds,42,147,26,0.3469387755102041,0.5680147058823529,0.40342739320644116,0.5523897058823529,0.5714285714285714,0.2505440259644544,0.6965726124661828
responsive_vs_lor_all_phases,gcc_core_plus_confounds,43,147,26,0.3469387755102041,0.4303513071895425,0.3029329544940243,0.45067401960784315,0.46258503401360546,0.26434669122049437,0.7234905961131577
responsive_vs_lor_all_phases,gcc_core_plus_confounds,44,147,26,0.3469387755102041,0.6887254901960784,0.5104276218755943,0.6106004901960784,0.6054421768707483,0.2216324091870173,0.63120573718663
responsive_vs_lor_all_phases,gcc_core_plus_confounds,45,147,26,0.3469387755102041,0.3862336601307189,0.29667707973641133,0.399203431372549,0.4013605442176871,0.26523195674079936,0.7247583928276493
responsive_vs_lor_all_phases,gcc_core_plus_confounds,46,147,26,0.3469387755102041,0.3635620915032679,0.2742646880841966,0.4518995098039216,0.47619047619047616,0.2685237256713902,0.731466311438768
responsive_vs_lor_all_phases,gcc_core_plus_confounds,47,147,26,0.3469387755102041,0.43361928104575165,0.3288648849659013,0.4767156862745098,0.4965986394557823,0.2661018032790145,0.73027405633024
responsive_vs_lor_all_phases,gcc_core_plus_confounds,48,147,26,0.3469387755102041,0.5406454248366013,0.37457079883826894,0.5355392156862745,0.5374149659863946,0.25752073638606443,0.7142616740643485
responsive_vs_lor_all_phases,gcc_core_plus_confounds,49,147,26,0.3469387755102041,0.4724264705882353,0.36710080055349914,0.5027573529411764,0.5306122448979592,0.26542980293832996,0.7298052135462512
responsive_vs_lor_all_phases,gcc_core_plus_confounds,50,147,26,0.3469387755102041,0.5098039215686274,0.3769556195967005,0.5563725490196079,0.564625850340136,0.257416857433087,0.7089567992631276
responsive_vs_lor_all_phases,gcc_core_plus_confounds,51,147,26,0.3469387755102041,0.5183823529411764,0.36542472692344763,0.5272671568627451,0.4965986394557823,0.2587769596194165,0.713715086011536
responsive_vs_lor_all_phases,gcc_core_plus_confounds,52,147,26,0.3469387755102041,0.6374591503267973,0.455946923454888,0.625,0.6122448979591837,0.24166062052004034,0.6806102873595659
responsive_vs_lor_all_phases,gcc_core_plus_confounds,53,147,26,0.3469387755102041,0.42810457516339867,0.3052064690006002,0.4454656862745098,0.4557823129251701,0.2644563067456387,0.7227004378425794
responsive_vs_lor_all_phases,gcc_core_plus_confounds,54,147,26,0.3469387755102041,0.5044934640522876,0.386030182263284,0.5303308823529411,0.5306122448979592,0.25817347280227226,0.7109014353252004
responsive_vs_lor_all_phases,gcc_core_plus_confounds,55,147,26,0.3469387755102041,0.42483660130718953,0.3217342758802422,0.5009191176470589,0.5102040816326531,0.2667003764005694,0.7285192019912378
responsive_vs_lor_all_phases,gcc_core_plus_confounds,56,147,26,0.3469387755102041,0.5163398692810458,0.3620097326718035,0.5217524509803921,0.5374149659863946,0.2598885723085995,0.7166243704739055
responsive_vs_lor_all_phases,gcc_core_plus_confounds,57,147,26,0.3469387755102041,0.43300653594771243,0.29929049808381375,0.4736519607843137,0.46258503401360546,0.26643334136496466,0.7296847767552443
responsive_vs_lor_all_phases,gcc_core_plus_confounds,58,147,26,0.3469387755102041,0.4930555555555555,0.3702078658337115,0.510110294117647,0.5102040816326531,0.26114525922620746,0.7167884264893742
responsive_vs_lor_all_phases,gcc_core_plus_confounds,59,147,26,0.3469387755102041,0.5002042483660131,0.39421913749490534,0.4987745098039216,0.5374149659863946,0.25634854887114183,0.7074112673628095
responsive_vs_lor_all_phases,gcc_core_plus_confounds,60,147,26,0.3469387755102041,0.6296977124183006,0.44750791094006304,0.6204044117647058,0.6122448979591837,0.24042223252676578,0.681181126219274
responsive_vs_lor_all_phases,gcc_core_plus_confounds,61,147,26,0.3469387755102041,0.44219771241830064,0.3313970982391842,0.48253676470588236,0.5102040816326531,0.264823785082883,0.7267411510460623
responsive_vs_lor_all_phases,gcc_core_plus_confounds,62,147,26,0.3469387755102041,0.5102124183006536,0.39533442787051865,0.492953431372549,0.5238095238095238,0.2569030254242147,0.7108723379310721
responsive_vs_lor_all_phases,gcc_core_plus_confounds,63,147,26,0.3469387755102041,0.5927287581699346,0.4694893827955363,0.5680147058823529,0.5918367346938775,0.2422579920569017,0.6811254779254339
responsive_vs_lor_all_phases,gcc_core_plus_confounds,64,147,26,0.3469387755102041,0.5377859477124184,0.3968276062544108,0.5471813725490196,0.564625850340136,0.2564784460013252,0.7181183575875079
responsive_vs_lor_all_phases,gcc_core_plus_confounds,65,147,26,0.3469387755102041,0.5416666666666666,0.3970984888796726,0.5811887254901961,0.5850340136054422,0.2572790822520909,0.7123485556727392
responsive_vs_lor_all_phases,gcc_core_plus_confounds,66,147,26,0.3469387755102041,0.6252042483660131,0.4470135889084307,0.6066176470588236,0.6122448979591837,0.2422613046944262,0.6862297997863432
responsive_vs_lor_all_phases,gcc_core_plus_confounds,67,147,26,0.3469387755102041,0.477328431372549,0.3615732257563914,0.5021446078431373,0.5238095238095238,0.2602248710156953,0.7178384966768455
responsive_vs_lor_all_phases,gcc_core_plus_confounds,68,147,26,0.3469387755102041,0.5185866013071896,0.35019746195774015,0.5643382352941176,0.5510204081632653,0.25880202210648146,0.7123053400446882
responsive_vs_lor_all_phases,gcc_core_plus_confounds,69,147,26,0.3469387755102041,0.6198937908496732,0.4915609393243525,0.6308210784313726,0.6258503401360545,0.2367010312443209,0.6663817817263011
responsive_vs_lor_all_phases,gcc_core_plus_confounds,70,147,26,0.3469387755102041,0.44934640522875824,0.31254969425742646,0.5094975490196079,0.5034013605442177,0.2726574917558264,0.7435878261798463
responsive_vs_lor_all_phases,gcc_core_plus_confounds,71,147,26,0.3469387755102041,0.4381127450980392,0.31998925922338933,0.4362745098039216,0.4557823129251701,0.2623501909031764,0.7193136729890799
responsive_vs_lor_all_phases,gcc_core_plus_confounds,72,147,26,0.3469387755102041,0.43954248366013077,0.32959611505122577,0.47089460784313725,0.48299319727891155,0.26314690326407425,0.7205995873598229
responsive_vs_lor_all_phases,gcc_core_plus_confounds,73,147,26,0.3469387755102041,0.42667483660130723,0.2944218718152195,0.4518995098039216,0.47619047619047616,0.26857657662142337,0.7324568543366339
responsive_vs_lor_all_phases,gcc_core_plus_confounds,74,147,26,0.3469387755102041,0.4424019607843137,0.3203328892307116,0.47487745098039214,0.47619047619047616,0.2676976409228457,0.7306371333186722
responsive_vs_lor_all_phases,gcc_core_plus_confounds,75,147,26,0.3469387755102041,0.4522058823529412,0.3165249405156765,0.48713235294117646,0.5102040816326531,0.2658876322458181,0.7276622866507751
responsive_vs_lor_all_phases,gcc_core_plus_confounds,76,147,26,0.3469387755102041,0.4607843137254902,0.3376028842322482,0.49356617647058826,0.5306122448979592,0.26311337992559614,0.7223690053847244
responsive_vs_lor_all_phases,gcc_core_plus_confounds,77,147,26,0.3469387755102041,0.41870915032679734,0.2954626710820553,0.45588235294117646,0.46938775510204084,0.26825544341730123,0.7314249370393303
responsive_vs_lor_all_phases,gcc_core_plus_confounds,78,147,26,0.3469387755102041,0.40093954248366015,0.28398739617497376,0.4632352941176471,0.4489795918367347,0.2697532200011891,0.7357757910336479
responsive_vs_lor_all_phases,gcc_core_plus_confounds,79,147,26,0.3469387755102041,0.4789624183006536,0.34411469392514105,0.5153186274509804,0.5170068027210885,0.26249770188098864,0.7212516841094716
responsive_vs_lor_all_phases,gcc_core_plus_confounds,80,147,26,0.3469387755102041,0.5381944444444444,0.39430566897683816,0.5465686274509804,0.5578231292517006,0.256022316962056,0.7119431762528196
responsive_vs_lor_all_phases,gcc_core_plus_confounds,81,147,26,0.3469387755102041,0.5267565359477124,0.37876078232523436,0.5251225490196079,0.5238095238095238,0.25901544802451626,0.7144247619138832
responsive_vs_lor_all_phases,gcc_core_plus_confounds,82,147,26,0.3469387755102041,0.5582107843137255,0.43994005324004337,0.5055147058823529,0.5102040816326531,0.24885666207696097,0.6933971236329263
responsive_vs_lor_all_phases,gcc_core_plus_confounds,83,147,26,0.3469387755102041,0.46977124183006536,0.31268084395453777,0.48682598039215685,0.4557823129251701,0.2605174021403321,0.713123613676253
responsive_vs_lor_all_phases,gcc_core_plus_confounds,84,147,26,0.3469387755102041,0.6051879084967321,0.49648174988251137,0.5928308823529411,0.6122448979591837,0.24067499992964841,0.6749612963158531
responsive_vs_lor_all_phases,gcc_core_plus_confounds,85,147,26,0.3469387755102041,0.3911356209150327,0.2977107528231805,0.4586397058823529,0.4489795918367347,0.267063341155244,0.7283744045752926
responsive_vs_lor_all_phases,gcc_core_plus_confounds,86,147,26,0.3469387755102041,0.5459558823529411,0.35876621626731275,0.5435049019607843,0.5238095238095238,0.2551071251334879,0.706074593387574
responsive_vs_lor_all_phases,gcc_core_plus_confounds,87,147,26,0.3469387755102041,0.53125,0.37746019266803876,0.5055147058823529,0.5102040816326531,0.2577300592778316,0.7140696919574163
responsive_vs_lor_all_phases,gcc_core_plus_confounds,88,147,26,0.3469387755102041,0.39399509803921573,0.30847844445508305,0.399203431372549,0.4013605442176871,0.2666270050668431,0.7289273032021046
responsive_vs_lor_all_phases,gcc_core_plus_confounds,89,147,26,0.3469387755102041,0.43443627450980393,0.3117369718149853,0.4325980392156863,0.41496598639455784,0.2633068291312912,0.7202594012048332
responsive_vs_lor_all_phases,gcc_core_plus_confounds,90,147,26,0.3469387755102041,0.49754901960784315,0.36282682517562503,0.5517769607843137,0.564625850340136,0.2617594766562856,0.7191956747243045
responsive_vs_lor_all_phases,gcc_core_plus_confounds,91,147,26,0.3469387755102041,0.610702614379085,0.43096829555048516,0.5962009803921569,0.5986394557823129,0.244585795851367,0.6981873799347472
responsive_vs_lor_all_phases,gcc_core_plus_confounds,92,147,26,0.3469387755102041,0.36131535947712423,0.2822635182840295,0.3918504901960784,0.4217687074829932,0.267946647329401,0.7308637845691855
responsive_vs_lor_all_phases,gcc_core_plus_confounds,93,147,26,0.3469387755102041,0.4366830065359477,0.30800675330974303,0.48192401960784315,0.5034013605442177,0.2650325800826035,0.7245356911845817
responsive_vs_lor_all_phases,gcc_core_plus_confounds,94,147,26,0.3469387755102041,0.5859885620915033,0.46509326110023036,0.5928308823529411,0.6122448979591837,0.24363443530398632,0.6840680792082793
responsive_vs_lor_all_phases,gcc_core_plus_confounds,95,147,26,0.3469387755102041,0.5406454248366014,0.3546938295375041,0.5269607843137255,0.54421768707483,0.25768818434522384,0.7147701859091354
responsive_vs_lor_all_phases,gcc_core_plus_confounds,96,147,26,0.3469387755102041,0.4070669934640523,0.32103627712341903,0.446078431372549,0.46258503401360546,0.2643570173757976,0.7225529058185111
responsive_vs_lor_all_phases,gcc_core_plus_confounds,97,147,26,0.3469387755102041,0.5263480392156863,0.4077358487464007,0.5471813725490196,0.564625850340136,0.25298695870266674,0.7008495566279594
responsive_vs_lor_all_phases,gcc_core_plus_confounds,98,147,26,0.3469387755102041,0.6229575163398693,0.5053352924104093,0.5719975490196079,0.5850340136054422,0.2378922888610089,0.6683244897932836
responsive_vs_lor_all_phases,gcc_core_plus_confounds,99,147,26,0.3469387755102041,0.4501633986928104,0.32690545006719224,0.5009191176470589,0.5102040816326531,0.2649546765122793,0.7252708647962611
responsive_vs_lor_all_phases,gcc_core_plus_confounds,100,147,26,0.3469387755102041,0.4763071895424837,0.35119760774704545,0.47334558823529416,0.5102040816326531,0.2619985983990639,0.721328753857424
responsive_vs_lor_all_phases,gcc_regime_plus_confounds,1,147,26,0.3469387755102041,0.46282679738562094,0.33032979270560325,0.4859068627450981,0.4965986394557823,0.2658264694434457,0.7280577531678878
responsive_vs_lor_all_phases,gcc_regime_plus_confounds,2,147,26,0.3469387755102041,0.5089869281045751,0.364393339910532,0.5015318627450981,0.5170068027210885,0.2581951857913726,0.7109794640565377
responsive_vs_lor_all_phases,gcc_regime_plus_confounds,3,147,26,0.3469387755102041,0.4767156862745098,0.33460429581858786,0.49387254901960786,0.48299319727891155,0.2636656022375564,0.7224448192854062
responsive_vs_lor_all_phases,gcc_regime_plus_confounds,4,147,26,0.3469387755102041,0.5386029411764707,0.37262322992697994,0.5303308823529411,0.5306122448979592,0.25819294045113383,0.7148620915360612
responsive_vs_lor_all_phases,gcc_regime_plus_confounds,5,147,26,0.3469387755102041,0.5316584967320261,0.4167288280442054,0.5015318627450981,0.5170068027210885,0.25476051338584693,0.7043330678420443
responsive_vs_lor_all_phases,gcc_regime_plus_confounds,6,147,26,0.3469387755102041,0.536968954248366,0.3646741320900015,0.5655637254901961,0.564625850340136,0.2585739396736424,0.7137952191587542
responsive_vs_lor_all_phases,gcc_regime_plus_confounds,7,147,26,0.3469387755102041,0.43361928104575165,0.3385353669757957,0.41789215686274506,0.4557823129251701,0.26132933536527425,0.7168597611807375
responsive_vs_lor_all_phases,gcc_regime_plus_confounds,8,147,26,0.3469387755102041,0.43566176470588236,0.3066363056748681,0.4525122549019608,0.48299319727891155,0.26749248261337527,0.7312206182741132
responsive_vs_lor_all_phases,gcc_regime_plus_confounds,9,147,26,0.3469387755102041,0.5790441176470588,0.46699310504076813,0.5980392156862745,0.6190476190476191,0.2493647199143897,0.6945154872424011
responsive_vs_lor_all_phases,gcc_regime_plus_confounds,10,147,26,0.3469387755102041,0.5257352941176471,0.3687874356444497,0.5333946078431373,0.564625850340136,0.25953910850521167,0.7187132239570977
responsive_vs_lor_all_phases,gcc_regime_plus_confounds,11,147,26,0.3469387755102041,0.5014297385620915,0.3530511730607401,0.5251225490196079,0.5238095238095238,0.26557803142771563,0.7327738696450654
responsive_vs_lor_all_phases,gcc_regime_plus_confounds,12,147,26,0.3469387755102041,0.5490196078431373,0.43032303966088875,0.5603553921568627,0.5578231292517006,0.25458655193687196,0.7035362675345637
responsive_vs_lor_all_phases,gcc_regime_plus_confounds,13,147,26,0.3469387755102041,0.48978758169934644,0.3426717404726796,0.5205269607843137,0.5238095238095238,0.26382821272534845,0.7240126590201427
responsive_vs_lor_all_phases,gcc_regime_plus_confounds,14,147,26,0.3469387755102041,0.4973447712418301,0.3523140378767743,0.5171568627450981,0.5374149659863946,0.2609904439640981,0.7178447642470562
responsive_vs_lor_all_phases,gcc_regime_plus_confounds,15,147,26,0.3469387755102041,0.5294117647058824,0.3819012347288675,0.5459558823529411,0.5510204081632653,0.2576127031321089,0.7121065197783583
responsive_vs_lor_all_phases,gcc_regime_plus_confounds,16,147,26,0.3469387755102041,0.5659722222222222,0.39496249460974375,0.5563725490196079,0.564625850340136,0.2549564042372736,0.708614721969058
responsive_vs_lor_all_phases,gcc_regime_plus_confounds,17,147,26,0.3469387755102041,0.47773692810457513,0.32593557105543347,0.4834558823529412,0.46938775510204084,0.2623903413890298,0.7210827610500904
responsive_vs_lor_all_phases,gcc_regime_plus_confounds,18,147,26,0.3469387755102041,0.47589869281045755,0.3360015118373442,0.48131127450980393,0.4965986394557823,0.2730640955611926,0.7518485605420889
responsive_vs_lor_all_phases,gcc_regime_plus_confounds,19,147,26,0.3469387755102041,0.4740604575163399,0.3545321719433876,0.4917279411764706,0.5102040816326531,0.26753840684905467,0.7330824493722625
responsive_vs_lor_all_phases,gcc_regime_plus_confounds,20,147,26,0.3469387755102041,0.6815767973856208,0.503770185366072,0.600796568627451,0.5986394557823129,0.22523313586491508,0.6353115251947943
responsive_vs_lor_all_phases,gcc_regime_plus_confounds,21,147,26,0.3469387755102041,0.6776960784313726,0.5081234186318843,0.6210171568627452,0.6190476190476191,0.22626912812376096,0.6417607208625009
responsive_vs_lor_all_phases,gcc_regime_plus_confounds,22,147,26,0.3469387755102041,0.6282679738562091,0.4496781212318341,0.6112132352941176,0.6122448979591837,0.2417057324357871,0.6823152946036053
responsive_vs_lor_all_phases,gcc_regime_plus_confounds,23,147,26,0.3469387755102041,0.39950980392156865,0.2881681167471697,0.41881127450980393,0.41496598639455784,0.2670346629271995,0.729570691226649
responsive_vs_lor_all_phases,gcc_regime_plus_confounds,24,147,26,0.3469387755102041,0.46405228758169936,0.35485344805303154,0.4240196078431373,0.4217687074829932,0.26091851936880356,0.7154954352129715
responsive_vs_lor_all_phases,gcc_regime_plus_confounds,25,147,26,0.3469387755102041,0.5285947712418301,0.3755598657227198,0.5343137254901961,0.5238095238095238,0.2599725308547023,0.7164935195372308
responsive_vs_lor_all_phases,gcc_regime_plus_confounds,26,147,26,0.3469387755102041,0.5702614379084968,0.41783430378326314,0.5649509803921569,0.5578231292517006,0.2529199320341205,0.7046225178542455
responsive_vs_lor_all_phases,gcc_regime_plus_confounds,27,147,26,0.3469387755102041,0.5412581699346406,0.4180141791618639,0.5030637254901961,0.48299319727891155,0.2529081298429524,0.6983086926572649
responsive_vs_lor_all_phases,gcc_regime_plus_confounds,28,147,26,0.3469387755102041,0.5328839869281046,0.4038488869291114,0.5309436274509804,0.5374149659863946,0.255141784740845,0.7050364243100652
responsive_vs_lor_all_phases,gcc_regime_plus_confounds,29,147,26,0.3469387755102041,0.4750816993464052,0.3839350440358492,0.4494485294117647,0.4489795918367347,0.2629079425272852,0.7223807145395538
responsive_vs_lor_all_phases,gcc_regime_plus_confounds,30,147,26,0.3469387755102041,0.5079656862745099,0.35308057653841773,0.4852941176470588,0.4897959183673469,0.25946774313179005,0.7155904907565204
responsive_vs_lor_all_phases,gcc_regime_plus_confounds,31,147,26,0.3469387755102041,0.4805964052287582,0.32099398066079154,0.47487745098039214,0.47619047619047616,0.2649079793322571,0.7255587717225414
responsive_vs_lor_all_phases,gcc_regime_plus_confounds,32,147,26,0.3469387755102041,0.5747549019607844,0.38774337512010676,0.5459558823529411,0.5510204081632653,0.2522401487491741,0.7036419139345494
responsive_vs_lor_all_phases,gcc_regime_plus_confounds,33,147,26,0.3469387755102041,0.5784313725490196,0.4085460242693241,0.5661764705882353,0.5714285714285714,0.24783146770714914,0.6906837144953701
responsive_vs_lor_all_phases,gcc_regime_plus_confounds,34,147,26,0.3469387755102041,0.4652777777777778,0.3195120627258174,0.45281862745098034,0.43537414965986393,0.26584960793147133,0.7219546029499128
responsive_vs_lor_all_phases,gcc_regime_plus_confounds,35,147,26,0.3469387755102041,0.5024509803921569,0.3933565828190424,0.4957107843137255,0.5034013605442177,0.25959298011487963,0.7145597559392632
responsive_vs_lor_all_phases,gcc_regime_plus_confounds,36,147,26,0.3469387755102041,0.48325163398692816,0.3678641111541854,0.5327818627450981,0.5578231292517006,0.25993888610072,0.7160390103722312
responsive_vs_lor_all_phases,gcc_regime_plus_confounds,37,147,26,0.3469387755102041,0.5406454248366013,0.3929756481295647,0.510110294117647,0.5102040816326531,0.2550341377761426,0.7055387609217633
responsive_vs_lor_all_phases,gcc_regime_plus_confounds,38,147,26,0.3469387755102041,0.40298202614379086,0.29521861237138236,0.42585784313725494,0.4421768707482993,0.27061519260249284,0.7372297350486507
responsive_vs_lor_all_phases,gcc_regime_plus_confounds,39,147,26,0.3469387755102041,0.46486928104575165,0.338686807702147,0.48651960784313725,0.5034013605442177,0.2664702386689942,0.7290844870658385
responsive_vs_lor_all_phases,gcc_regime_plus_confounds,40,147,26,0.3469387755102041,0.4581290849673203,0.3243671292293121,0.44485294117647056,0.4489795918367347,0.2659591092187695,0.7265852766586607
responsive_vs_lor_all_phases,gcc_regime_plus_confounds,41,147,26,0.3469387755102041,0.49673202614379086,0.3615920197673192,0.5137867647058824,0.5510204081632653,0.2597714132709252,0.7166325533497148
responsive_vs_lor_all_phases,gcc_regime_plus_confounds,42,147,26,0.3469387755102041,0.4297385620915033,0.3157250910602449,0.4454656862745098,0.4557823129251701,0.27080300978598243,0.7377621551670118
responsive_vs_lor_all_phases,gcc_regime_plus_confounds,43,147,26,0.3469387755102041,0.5310457516339869,0.3810465765061303,0.5067401960784313,0.5238095238095238,0.2559829584848122,0.707670636343823
responsive_vs_lor_all_phases,gcc_regime_plus_confounds,44,147,26,0.3469387755102041,0.6799428104575164,0.49665902747617974,0.6176470588235294,0.6326530612244898,0.23047562857078518,0.6610252790521005
responsive_vs_lor_all_phases,gcc_regime_plus_confounds,45,147,26,0.3469387755102041,0.375,0.3000262359137184,0.4050245098039216,0.41496598639455784,0.26971498696589763,0.7336480959761752
responsive_vs_lor_all_phases,gcc_regime_plus_confounds,46,147,26,0.3469387755102041,0.5502450980392157,0.4208105106267701,0.560968137254902,0.564625850340136,0.2586267063729013,0.7154641133180951
responsive_vs_lor_all_phases,gcc_regime_plus_confounds,47,147,26,0.3469387755102041,0.6047794117647058,0.43460326678787725,0.5916053921568627,0.5986394557823129,0.2459194531088081,0.6911248905840356
responsive_vs_lor_all_phases,gcc_regime_plus_confounds,48,147,26,0.3469387755102041,0.5559640522875816,0.36001759069016925,0.5805759803921569,0.5782312925170068,0.2527838642370398,0.6994164800154492
responsive_vs_lor_all_phases,gcc_regime_plus_confounds,49,147,26,0.3469387755102041,0.5708741830065359,0.37831991091152695,0.5597426470588236,0.5510204081632653,0.2505754153650368,0.6964469519027497
responsive_vs_lor_all_phases,gcc_regime_plus_confounds,50,147,26,0.3469387755102041,0.6423611111111112,0.5039127861761729,0.6014093137254902,0.6054421768707483,0.23626005432561267,0.6676027534357335
responsive_vs_lor_all_phases,gcc_regime_plus_confounds,51,147,26,0.3469387755102041,0.49550653594771243,0.3481454177903195,0.5355392156862745,0.5374149659863946,0.26322605087314305,0.7225713581128921
responsive_vs_lor_all_phases,gcc_regime_plus_confounds,52,147,26,0.3469387755102041,0.43014705882352944,0.30788777248328586,0.3939950980392157,0.3945578231292517,0.263557457215964,0.7196096422239663
responsive_vs_lor_all_phases,gcc_regime_plus_confounds,53,147,26,0.3469387755102041,0.5153186274509803,0.3557498378332298,0.5355392156862745,0.5374149659863946,0.2625441916849029,0.723081595337219
responsive_vs_lor_all_phases,gcc_regime_plus_confounds,54,147,26,0.3469387755102041,0.3862336601307189,0.3122310858308533,0.47457107843137253,0.5238095238095238,0.2675761318803352,0.7346918904336529
responsive_vs_lor_all_phases,gcc_regime_plus_confounds,55,147,26,0.3469387755102041,0.4699754901960784,0.3360518287547298,0.4852941176470588,0.4897959183673469,0.26543471280067654,0.7275800736270798
responsive_vs_lor_all_phases,gcc_regime_plus_confounds,56,147,26,0.3469387755102041,0.4771241830065359,0.346243306105813,0.48406862745098034,0.47619047619047616,0.267643546100239,0.7335168302216201
responsive_vs_lor_all_phases,gcc_regime_plus_confounds,57,147,26,0.3469387755102041,0.4818218954248366,0.3206652720305961,0.47089460784313725,0.48299319727891155,0.26648153568311106,0.7299488076303364
responsive_vs_lor_all_phases,gcc_regime_plus_confounds,58,147,26,0.3469387755102041,0.4738562091503268,0.3565051089632137,0.5027573529411764,0.5306122448979592,0.2664719703913157,0.7308906110775596
responsive_vs_lor_all_phases,gcc_regime_plus_confounds,59,147,26,0.3469387755102041,0.5308415032679739,0.38460406129140445,0.5119485294117647,0.5306122448979592,0.2569001231490948,0.7130425396865834
responsive_vs_lor_all_phases,gcc_regime_plus_confounds,60,147,26,0.3469387755102041,0.4930555555555556,0.37114096577246003,0.5386029411764706,0.5714285714285714,0.2584200693474482,0.7122726547863902
responsive_vs_lor_all_phases,gcc_regime_plus_confounds,61,147,26,0.3469387755102041,0.40870098039215685,0.2962403027565337,0.45925245098039214,0.4557823129251701,0.2702680678762828,0.7351328468367408
responsive_vs_lor_all_phases,gcc_regime_plus_confounds,62,147,26,0.3469387755102041,0.42483660130718953,0.3004682579779362,0.45067401960784315,0.46258503401360546,0.2704523451166858,0.736540440396367
responsive_vs_lor_all_phases,gcc_regime_plus_confounds,63,147,26,0.3469387755102041,0.4944852941176471,0.4099688704046607,0.4800857843137255,0.48299319727891155,0.26079080567903645,0.7162361475893039
responsive_vs_lor_all_phases,gcc_regime_plus_confounds,64,147,26,0.3469387755102041,0.34191176470588236,0.26428994354881613,0.3651960784313726,0.38095238095238093,0.27206617596554067,0.7378043200081711
responsive_vs_lor_all_phases,gcc_regime_plus_confounds,65,147,26,0.3469387755102041,0.4426062091503268,0.31596225184991633,0.477328431372549,0.5034013605442177,0.2645208979934056,0.7232830109114695
responsive_vs_lor_all_phases,gcc_regime_plus_confounds,66,147,26,0.3469387755102041,0.5104166666666666,0.3514560166881219,0.5493259803921569,0.5374149659863946,0.26369489936599166,0.7239261337950829
responsive_vs_lor_all_phases,gcc_regime_plus_confounds,67,147,26,0.3469387755102041,0.41217320261437906,0.30225280721214054,0.4338235294117647,0.42857142857142855,0.26822544064515613,0.7328606108658563
responsive_vs_lor_all_phases,gcc_regime_plus_confounds,68,147,26,0.3469387755102041,0.5951797385620915,0.45835441179035175,0.5916053921568627,0.5986394557823129,0.24340158231290204,0.6807474549194908
responsive_vs_lor_all_phases,gcc_regime_plus_confounds,69,147,26,0.3469387755102041,0.4707924836601307,0.3266543745104985,0.4638480392156863,0.4557823129251701,0.26377495783557425,0.7226014254672835
responsive_vs_lor_all_phases,gcc_regime_plus_confounds,70,147,26,0.3469387755102041,0.5253267973856208,0.39101637808093404,0.5621936274509804,0.5782312925170068,0.2561237350713127,0.7078809340234046
responsive_vs_lor_all_phases,gcc_regime_plus_confounds,71,147,26,0.3469387755102041,0.42401960784313725,0.3082026510465571,0.4552696078431373,0.46258503401360546,0.2718543251010574,0.739211087138188
responsive_vs_lor_all_phases,gcc_regime_plus_confounds,72,147,26,0.3469387755102041,0.5181781045751634,0.37486546965430695,0.49111519607843135,0.5034013605442177,0.25862664691658965,0.7136801293353721
responsive_vs_lor_all_phases,gcc_regime_plus_confounds,73,147,26,0.3469387755102041,0.39460784313725494,0.2883669971573429,0.43504901960784315,0.4421768707482993,0.27602605178588485,0.7486892266780188
responsive_vs_lor_all_phases,gcc_regime_plus_confounds,74,147,26,0.3469387755102041,0.5821078431372548,0.41491435403395854,0.5916053921568627,0.5986394557823129,0.24951328600556297,0.6957336655225416
responsive_vs_lor_all_phases,gcc_regime_plus_confounds,75,147,26,0.3469387755102041,0.4736519607843137,0.31335882543447946,0.5199142156862745,0.5170068027210885,0.26421267360097006,0.7229065179095742
responsive_vs_lor_all_phases,gcc_regime_plus_confounds,76,147,26,0.3469387755102041,0.4042075163398693,0.2967272174164425,0.46047794117647056,0.46938775510204084,0.2709863820796503,0.7372643602102164
responsive_vs_lor_all_phases,gcc_regime_plus_confounds,77,147,26,0.3469387755102041,0.5222630718954248,0.38150312674615144,0.5165441176470589,0.5306122448979592,0.2553733350803907,0.7052776819701717
responsive_vs_lor_all_phases,gcc_regime_plus_confounds,78,147,26,0.3469387755102041,0.49080882352941174,0.3690733955664934,0.48192401960784315,0.5034013605442177,0.2609167902501734,0.717373940192192
responsive_vs_lor_all_phases,gcc_regime_plus_confounds,79,147,26,0.3469387755102041,0.5643382352941176,0.413540300739648,0.576593137254902,0.5850340136054422,0.2526447509071358,0.7035572624302745
responsive_vs_lor_all_phases,gcc_regime_plus_confounds,80,147,26,0.3469387755102041,0.5253267973856209,0.359808074083256,0.541360294117647,0.5510204081632653,0.2570705712307127,0.710687223680887
responsive_vs_lor_all_phases,gcc_regime_plus_confounds,81,147,26,0.3469387755102041,0.46691176470588236,0.33909336444071136,0.49754901960784315,0.5238095238095238,0.26237781583007996,0.7197992641123788
responsive_vs_lor_all_phases,gcc_regime_plus_confounds,82,147,26,0.3469387755102041,0.5569852941176471,0.387019838711837,0.5205269607843137,0.5238095238095238,0.2547873356689595,0.7067405277062878
responsive_vs_lor_all_phases,gcc_regime_plus_confounds,83,147,26,0.3469387755102041,0.45486111111111105,0.34553632847705945,0.4571078431372549,0.48299319727891155,0.26723932803067285,0.73501101660745
responsive_vs_lor_all_phases,gcc_regime_plus_confounds,84,147,26,0.3469387755102041,0.5322712418300654,0.391295707546082,0.49111519607843135,0.5034013605442177,0.2558611006812508,0.7077242515342385
responsive_vs_lor_all_phases,gcc_regime_plus_confounds,85,147,26,0.3469387755102041,0.4454656862745098,0.34052652875601425,0.45067401960784315,0.46258503401360546,0.2667419507364306,0.7297105478603537
responsive_vs_lor_all_phases,gcc_regime_plus_confounds,86,147,26,0.3469387755102041,0.5475898692810457,0.35864984076185313,0.5747549019607843,0.564625850340136,0.2555456792874447,0.7096068758672017
responsive_vs_lor_all_phases,gcc_regime_plus_confounds,87,147,26,0.3469387755102041,0.41666666666666663,0.36079291067326824,0.46231617647058826,0.4897959183673469,0.26535880467983686,0.7258101656183552
responsive_vs_lor_all_phases,gcc_regime_plus_confounds,88,147,26,0.3469387755102041,0.5238970588235294,0.3942080018970027,0.5303308823529411,0.5306122448979592,0.25541939528533825,0.7040020723430059
responsive_vs_lor_all_phases,gcc_regime_plus_confounds,89,147,26,0.3469387755102041,0.5251225490196079,0.40472954181942133,0.49969362745098034,0.4965986394557823,0.2563275393562094,0.7072631893390557
responsive_vs_lor_all_phases,gcc_regime_plus_confounds,90,147,26,0.3469387755102041,0.5637254901960784,0.4115934365200641,0.5517769607843137,0.564625850340136,0.25068927255670825,0.6971843423469272
responsive_vs_lor_all_phases,gcc_regime_plus_confounds,91,147,26,0.3469387755102041,0.5808823529411764,0.4749944263383917,0.5367647058823529,0.5510204081632653,0.2457907064447725,0.6865777660049517
responsive_vs_lor_all_phases,gcc_regime_plus_confounds,92,147,26,0.3469387755102041,0.5647467320261438,0.43613186665868475,0.5477941176470589,0.5714285714285714,0.25227390923559484,0.7012160214307361
responsive_vs_lor_all_phases,gcc_regime_plus_confounds,93,147,26,0.3469387755102041,0.3725490196078432,0.28372693039968905,0.44270833333333337,0.47619047619047616,0.27354019346625214,0.7429815995744313
responsive_vs_lor_all_phases,gcc_regime_plus_confounds,94,147,26,0.3469387755102041,0.5095996732026143,0.3573907631043053,0.5009191176470589,0.5102040816326531,0.2610862156451112,0.7191266131525968
responsive_vs_lor_all_phases,gcc_regime_plus_confounds,95,147,26,0.3469387755102041,0.5778186274509803,0.4215238716133767,0.5701593137254902,0.564625850340136,0.25354159937849646,0.7031202674903931
responsive_vs_lor_all_phases,gcc_regime_plus_confounds,96,147,26,0.3469387755102041,0.554330065359477,0.36658896360376214,0.5425857843137255,0.564625850340136,0.25981656413212423,0.7196051623310099
responsive_vs_lor_all_phases,gcc_regime_plus_confounds,97,147,26,0.3469387755102041,0.41870915032679734,0.30066056850536116,0.47549019607843135,0.48299319727891155,0.2716271489145555,0.7398751984664395
responsive_vs_lor_all_phases,gcc_regime_plus_confounds,98,147,26,0.3469387755102041,0.5422794117647058,0.4386105068257874,0.5171568627450981,0.5374149659863946,0.2555591860414202,0.7072019725523039
responsive_vs_lor_all_phases,gcc_regime_plus_confounds,99,147,26,0.3469387755102041,0.4781454248366013,0.3274202661193001,0.45128676470588236,0.46938775510204084,0.2656886790972757,0.7275230458775483
responsive_vs_lor_all_phases,gcc_regime_plus_confounds,100,147,26,0.3469387755102041,0.4195261437908497,0.2983396730031172,0.4384191176470588,0.42857142857142855,0.26920194687275983,0.7333946341792367
responsive_vs_lor_all_phases,full_standard_plus_gcc,1,147,26,0.3469387755102041,0.49121732026143794,0.33038561643074305,0.4990808823529412,0.4897959183673469,0.26163414134781005,0.7180092105011072
responsive_vs_lor_all_phases,full_standard_plus_gcc,2,147,26,0.3469387755102041,0.4906045751633987,0.33476846105907254,0.5061274509803921,0.5170068027210885,0.26564420227109536,0.7271566202716974
responsive_vs_lor_all_phases,full_standard_plus_gcc,3,147,26,0.3469387755102041,0.5147058823529411,0.35647431249030764,0.525735294117647,0.5306122448979592,0.258610762796445,0.7137980576069686
responsive_vs_lor_all_phases,full_standard_plus_gcc,4,147,26,0.3469387755102041,0.5363562091503268,0.41268812756720974,0.5235906862745098,0.5578231292517006,0.2527473986733098,0.7015086678671263
responsive_vs_lor_all_phases,full_standard_plus_gcc,5,147,26,0.3469387755102041,0.36049836601307195,0.2822013029967452,0.421875,0.4489795918367347,0.2714140386628654,0.7377843628042847
responsive_vs_lor_all_phases,full_standard_plus_gcc,6,147,26,0.3469387755102041,0.4242238562091504,0.3351799018362722,0.46568627450980393,0.47619047619047616,0.26831507744508243,0.7332947076772893
responsive_vs_lor_all_phases,full_standard_plus_gcc,7,147,26,0.3469387755102041,0.5921160130718954,0.4208114864909209,0.6001838235294117,0.5918367346938775,0.24762039639429279,0.6911967219352421
responsive_vs_lor_all_phases,full_standard_plus_gcc,8,147,26,0.3469387755102041,0.5749591503267973,0.41662481940792395,0.5367647058823529,0.5510204081632653,0.25103735072680594,0.6997216665906281
responsive_vs_lor_all_phases,full_standard_plus_gcc,9,147,26,0.3469387755102041,0.4920343137254902,0.34664955227642724,0.5389093137254902,0.5238095238095238,0.25805045701435697,0.7114021688775838
responsive_vs_lor_all_phases,full_standard_plus_gcc,10,147,26,0.3469387755102041,0.4640522875816993,0.32220814872980225,0.47150735294117646,0.4897959183673469,0.2670238705759369,0.7319347949930516
responsive_vs_lor_all_phases,full_standard_plus_gcc,11,147,26,0.3469387755102041,0.5300245098039217,0.3820496144631148,0.5588235294117647,0.5918367346938775,0.25396722481991196,0.7041044194112587
responsive_vs_lor_all_phases,full_standard_plus_gcc,12,147,26,0.3469387755102041,0.5473856209150327,0.40501754123897393,0.5621936274509804,0.5782312925170068,0.2571557270962852,0.7155851136098718
responsive_vs_lor_all_phases,full_standard_plus_gcc,13,147,26,0.3469387755102041,0.4803921568627451,0.3434022821186178,0.5015318627450981,0.5170068027210885,0.2639888776487316,0.7251914063850436
responsive_vs_lor_all_phases,full_standard_plus_gcc,14,147,26,0.3469387755102041,0.525531045751634,0.36636520968817543,0.5401348039215687,0.5374149659863946,0.2603657862676704,0.7170454192990212
responsive_vs_lor_all_phases,full_standard_plus_gcc,15,147,26,0.3469387755102041,0.4583333333333333,0.3213452622903632,0.4638480392156863,0.4557823129251701,0.2666134884597267,0.7282317280272028
responsive_vs_lor_all_phases,full_standard_plus_gcc,16,147,26,0.3469387755102041,0.47508169934640526,0.3367838633903346,0.4641544117647059,0.5102040816326531,0.26403900215701387,0.7274513751714518
responsive_vs_lor_all_phases,full_standard_plus_gcc,17,147,26,0.3469387755102041,0.42177287581699346,0.3158249136474115,0.47212009803921573,0.4965986394557823,0.273302959550876,0.7437744341998241
responsive_vs_lor_all_phases,full_standard_plus_gcc,18,147,26,0.3469387755102041,0.4227941176470588,0.2995180397427396,0.45128676470588236,0.46938775510204084,0.27398183511555735,0.7462353332206398
responsive_vs_lor_all_phases,full_standard_plus_gcc,19,147,26,0.3469387755102041,0.5167483660130718,0.40826735548493226,0.48253676470588236,0.5102040816326531,0.2542671402428927,0.7096481201930549
responsive_vs_lor_all_phases,full_standard_plus_gcc,20,147,26,0.3469387755102041,0.5506535947712418,0.3764400942567921,0.5493259803921569,0.5374149659863946,0.2631666861490795,0.7325144633061912
responsive_vs_lor_all_phases,full_standard_plus_gcc,21,147,26,0.3469387755102041,0.47365196078431376,0.3205988619438552,0.47487745098039214,0.47619047619047616,0.26538171997787724,0.7248893187079513
responsive_vs_lor_all_phases,full_standard_plus_gcc,22,147,26,0.3469387755102041,0.43995098039215685,0.3094686003057773,0.4644607843137255,0.46258503401360546,0.26870694929194333,0.732433963357437
responsive_vs_lor_all_phases,full_standard_plus_gcc,23,147,26,0.3469387755102041,0.5328839869281046,0.41337683403826553,0.5303308823529411,0.5306122448979592,0.25820504507583486,0.7106393378158772
responsive_vs_lor_all_phases,full_standard_plus_gcc,24,147,26,0.3469387755102041,0.599468954248366,0.4739419863249914,0.5974264705882353,0.6122448979591837,0.24181678198016776,0.6780580005838373
responsive_vs_lor_all_phases,full_standard_plus_gcc,25,147,26,0.3469387755102041,0.46200980392156865,0.32063222292450066,0.4767156862745098,0.4965986394557823,0.26928811083053694,0.7403999309135201
responsive_vs_lor_all_phases,full_standard_plus_gcc,26,147,26,0.3469387755102041,0.511437908496732,0.347684323481069,0.5523897058823529,0.5714285714285714,0.2625354184121319,0.7224025280918157
responsive_vs_lor_all_phases,full_standard_plus_gcc,27,147,26,0.3469387755102041,0.3513071895424837,0.2922073588248925,0.4114583333333333,0.43537414965986393,0.2709791449260512,0.7363364969885596
responsive_vs_lor_all_phases,full_standard_plus_gcc,28,147,26,0.3469387755102041,0.5136846405228759,0.35539546669973066,0.5680147058823529,0.5918367346938775,0.26428661279231475,0.7310354896807197
responsive_vs_lor_all_phases,full_standard_plus_gcc,29,147,26,0.3469387755102041,0.5494281045751633,0.3633133036293654,0.5563725490196079,0.564625850340136,0.2577128277822585,0.7132818396974739
responsive_vs_lor_all_phases,full_standard_plus_gcc,30,147,26,0.3469387755102041,0.4891748366013071,0.3291372025420537,0.5107230392156863,0.5170068027210885,0.2634227650696271,0.7235032346700871
responsive_vs_lor_all_phases,full_standard_plus_gcc,31,147,26,0.3469387755102041,0.4199346405228758,0.3083928369000206,0.45588235294117646,0.46938775510204084,0.2712956742412054,0.7403157047208588
responsive_vs_lor_all_phases,full_standard_plus_gcc,32,147,26,0.3469387755102041,0.4387254901960784,0.31062286696496577,0.46047794117647056,0.46938775510204084,0.2687914413429348,0.7344024568275764
responsive_vs_lor_all_phases,full_standard_plus_gcc,33,147,26,0.3469387755102041,0.5563725490196079,0.3710904066824712,0.5505514705882353,0.5510204081632653,0.25219708838815347,0.6984428158443757
responsive_vs_lor_all_phases,full_standard_plus_gcc,34,147,26,0.3469387755102041,0.5024509803921569,0.34548273530853524,0.5067401960784313,0.5238095238095238,0.26126113674684587,0.7180805684238439
responsive_vs_lor_all_phases,full_standard_plus_gcc,35,147,26,0.3469387755102041,0.5494281045751634,0.3667849438646651,0.545343137254902,0.54421768707483,0.2630313789690407,0.7433727053108505
responsive_vs_lor_all_phases,full_standard_plus_gcc,36,147,26,0.3469387755102041,0.5175653594771242,0.444358805609485,0.5517769607843137,0.564625850340136,0.2601620968161218,0.7207502390937485
responsive_vs_lor_all_phases,full_standard_plus_gcc,37,147,26,0.3469387755102041,0.5063316993464053,0.3516055434622395,0.5597426470588236,0.5510204081632653,0.26592057759985477,0.7301047459201321
responsive_vs_lor_all_phases,full_standard_plus_gcc,38,147,26,0.3469387755102041,0.5363562091503268,0.36585299205666144,0.5291053921568627,0.5170068027210885,0.2529900074655759,0.7000563916749661
responsive_vs_lor_all_phases,full_standard_plus_gcc,39,147,26,0.3469387755102041,0.6062091503267975,0.40927285000877134,0.6060049019607843,0.6054421768707483,0.2433497004010151,0.6802210361457993
responsive_vs_lor_all_phases,full_standard_plus_gcc,40,147,26,0.3469387755102041,0.4771241830065359,0.3398765942427311,0.5309436274509804,0.5374149659863946,0.26477453069075124,0.7254146010838212
responsive_vs_lor_all_phases,full_standard_plus_gcc,41,147,26,0.3469387755102041,0.45772058823529416,0.36648722931970423,0.48651960784313725,0.5034013605442177,0.26168162356307206,0.7175223694094681
responsive_vs_lor_all_phases,full_standard_plus_gcc,42,147,26,0.3469387755102041,0.46977124183006536,0.35520828903010404,0.4859068627450981,0.4965986394557823,0.266679244259941,0.7330980247417652
responsive_vs_lor_all_phases,full_standard_plus_gcc,43,147,26,0.3469387755102041,0.42687908496732024,0.34351024780313144,0.42003676470588236,0.42857142857142855,0.26809942906238493,0.7305788308374194
responsive_vs_lor_all_phases,full_standard_plus_gcc,44,147,26,0.3469387755102041,0.5106209150326797,0.3930629958386489,0.5094975490196079,0.5034013605442177,0.26190298163606845,0.7191267807486026
responsive_vs_lor_all_phases,full_standard_plus_gcc,45,147,26,0.3469387755102041,0.4761029411764706,0.33689477575387217,0.5073529411764706,0.5306122448979592,0.2652382052534624,0.7300641553181655
responsive_vs_lor_all_phases,full_standard_plus_gcc,46,147,26,0.3469387755102041,0.4593545751633987,0.31817483012863734,0.4806985294117647,0.4897959183673469,0.2674872215875619,0.7308854603670419
responsive_vs_lor_all_phases,full_standard_plus_gcc,47,147,26,0.3469387755102041,0.553921568627451,0.4229968893417129,0.5621936274509804,0.5782312925170068,0.25660090254978585,0.7151018318962901
responsive_vs_lor_all_phases,full_standard_plus_gcc,48,147,26,0.3469387755102041,0.5533088235294118,0.39104746372990684,0.5321691176470589,0.5510204081632653,0.25618587272116977,0.7125027453299768
responsive_vs_lor_all_phases,full_standard_plus_gcc,49,147,26,0.3469387755102041,0.5210375816993463,0.35151634863763614,0.5199142156862745,0.5170068027210885,0.2617415226135627,0.7230427814377659
responsive_vs_lor_all_phases,full_standard_plus_gcc,50,147,26,0.3469387755102041,0.579656862745098,0.43705159051230097,0.5713848039215687,0.5782312925170068,0.25057143309343144,0.6956765211021311
responsive_vs_lor_all_phases,full_standard_plus_gcc,51,147,26,0.3469387755102041,0.5500408496732027,0.36794030408172906,0.5582107843137255,0.5850340136054422,0.2574572741822181,0.7129488278030832
responsive_vs_lor_all_phases,full_standard_plus_gcc,52,147,26,0.3469387755102041,0.4693627450980392,0.352012665190345,0.4644607843137255,0.46258503401360546,0.26608324999129185,0.7270704013354722
responsive_vs_lor_all_phases,full_standard_plus_gcc,53,147,26,0.3469387755102041,0.4140114379084967,0.29518459083159454,0.49111519607843135,0.5034013605442177,0.26825540562974054,0.7312071747743929
responsive_vs_lor_all_phases,full_standard_plus_gcc,54,147,26,0.3469387755102041,0.5674019607843137,0.4320184738033922,0.541360294117647,0.5510204081632653,0.25141389068149905,0.69756392329568
responsive_vs_lor_all_phases,full_standard_plus_gcc,55,147,26,0.3469387755102041,0.5075571895424837,0.3358132737574161,0.5003063725490196,0.5034013605442177,0.2633463424265477,0.7239196843783138
responsive_vs_lor_all_phases,full_standard_plus_gcc,56,147,26,0.3469387755102041,0.5616830065359477,0.4049972774947367,0.5395220588235294,0.5306122448979592,0.25459510471558683,0.7051857304704765
responsive_vs_lor_all_phases,full_standard_plus_gcc,57,147,26,0.3469387755102041,0.5185866013071896,0.36916880812542885,0.5009191176470589,0.5102040816326531,0.26222596238791623,0.725234309671894
responsive_vs_lor_all_phases,full_standard_plus_gcc,58,147,26,0.3469387755102041,0.4127859477124183,0.3229115255543327,0.4212622549019608,0.4421768707482993,0.26509424207512794,0.7250691849474404
responsive_vs_lor_all_phases,full_standard_plus_gcc,59,147,26,0.3469387755102041,0.5625,0.408647055703089,0.5447303921568627,0.5374149659863946,0.25155939455353404,0.6908151218180194
responsive_vs_lor_all_phases,full_standard_plus_gcc,60,147,26,0.3469387755102041,0.5896650326797386,0.4118009353747943,0.5759803921568627,0.5782312925170068,0.2530123431301325,0.7190642446826335
responsive_vs_lor_all_phases,full_standard_plus_gcc,61,147,26,0.3469387755102041,0.4859068627450981,0.33335245690806026,0.4806985294117647,0.4897959183673469,0.2710185289490129,0.7429755716794941
responsive_vs_lor_all_phases,full_standard_plus_gcc,62,147,26,0.3469387755102041,0.5704656862745098,0.40958665257783966,0.5303308823529411,0.5306122448979592,0.25223745738346703,0.702315815410911
responsive_vs_lor_all_phases,full_standard_plus_gcc,63,147,26,0.3469387755102041,0.599468954248366,0.4170983713865744,0.5811887254901961,0.5850340136054422,0.2462248139182098,0.6922910199786255
responsive_vs_lor_all_phases,full_standard_plus_gcc,64,147,26,0.3469387755102041,0.59375,0.4091164628947225,0.5643382352941176,0.5510204081632653,0.24595977777578756,0.6866028736472333
responsive_vs_lor_all_phases,full_standard_plus_gcc,65,147,26,0.3469387755102041,0.5643382352941176,0.4491802174624565,0.5692401960784313,0.6054421768707483,0.24700642162663394,0.6938153337109931
responsive_vs_lor_all_phases,full_standard_plus_gcc,66,147,26,0.3469387755102041,0.49060457516339867,0.3631215701526839,0.4534313725490196,0.4421768707482993,0.25874979256827396,0.708874305742119
responsive_vs_lor_all_phases,full_standard_plus_gcc,67,147,26,0.3469387755102041,0.4309640522875817,0.33564763384790314,0.4571078431372549,0.48299319727891155,0.2653232988917909,0.7259471357862224
responsive_vs_lor_all_phases,full_standard_plus_gcc,68,147,26,0.3469387755102041,0.5935457516339869,0.4594375082856126,0.5707720588235294,0.5714285714285714,0.24641242830904903,0.6871539177452043
responsive_vs_lor_all_phases,full_standard_plus_gcc,69,147,26,0.3469387755102041,0.43361928104575165,0.3168786139049584,0.4586397058823529,0.4489795918367347,0.26802058694157344,0.7298120040580535
responsive_vs_lor_all_phases,full_standard_plus_gcc,70,147,26,0.3469387755102041,0.579452614379085,0.3678978115090443,0.5735294117647058,0.5510204081632653,0.2506506416509788,0.690750165841582
responsive_vs_lor_all_phases,full_standard_plus_gcc,71,147,26,0.3469387755102041,0.42687908496732024,0.3107688684097689,0.43903186274509803,0.43537414965986393,0.26758186921906796,0.7321909600839182
responsive_vs_lor_all_phases,full_standard_plus_gcc,72,147,26,0.3469387755102041,0.41687091503267976,0.33037850945258973,0.4675245098039216,0.4965986394557823,0.2684392569282643,0.732450766968476
responsive_vs_lor_all_phases,full_standard_plus_gcc,73,147,26,0.3469387755102041,0.5296160130718954,0.3957428064643389,0.5171568627450981,0.5374149659863946,0.25810985417703536,0.7143897843650865
responsive_vs_lor_all_phases,full_standard_plus_gcc,74,147,26,0.3469387755102041,0.45710784313725494,0.3455019415427611,0.45588235294117646,0.46938775510204084,0.2652189191291101,0.7263836828044797
responsive_vs_lor_all_phases,full_standard_plus_gcc,75,147,26,0.3469387755102041,0.4103349673202614,0.3061949846616575,0.4571078431372549,0.48299319727891155,0.2709893871465905,0.7390673345741234
responsive_vs_lor_all_phases,full_standard_plus_gcc,76,147,26,0.3469387755102041,0.5494281045751633,0.36737451185183556,0.5309436274509804,0.5374149659863946,0.254507595692441,0.7057098895738816
responsive_vs_lor_all_phases,full_standard_plus_gcc,77,147,26,0.3469387755102041,0.568218954248366,0.41852242555364255,0.5836397058823529,0.6122448979591837,0.2511730766271073,0.7018455906542682
responsive_vs_lor_all_phases,full_standard_plus_gcc,78,147,26,0.3469387755102041,0.4266748366013072,0.3160670281217286,0.4408700980392157,0.4557823129251701,0.2656923775770011,0.7267407654010059
responsive_vs_lor_all_phases,full_standard_plus_gcc,79,147,26,0.3469387755102041,0.4955065359477124,0.3892389704353653,0.4408700980392157,0.4557823129251701,0.25707772177830934,0.707678674364545
responsive_vs_lor_all_phases,full_standard_plus_gcc,80,147,26,0.3469387755102041,0.3515114379084967,0.27295645320365153,0.4114583333333333,0.43537414965986393,0.26950066385207255,0.7328301545789596
responsive_vs_lor_all_phases,full_standard_plus_gcc,81,147,26,0.3469387755102041,0.6151960784313726,0.5028624975854765,0.5992647058823529,0.6326530612244898,0.23683613615584972,0.678805345974423
responsive_vs_lor_all_phases,full_standard_plus_gcc,82,147,26,0.3469387755102041,0.4736519607843137,0.32200251802515395,0.5493259803921569,0.5374149659863946,0.2661934331682736,0.7305380085987465
responsive_vs_lor_all_phases,full_standard_plus_gcc,83,147,26,0.3469387755102041,0.551266339869281,0.39930618077075075,0.5772058823529411,0.5918367346938775,0.25530221654251445,0.7089704868086398
responsive_vs_lor_all_phases,full_standard_plus_gcc,84,147,26,0.3469387755102041,0.28104575163398693,0.24783512908272873,0.3501838235294118,0.3673469387755102,0.27425159465442667,0.7426853620685538
responsive_vs_lor_all_phases,full_standard_plus_gcc,85,147,26,0.3469387755102041,0.491421568627451,0.35440379152085777,0.477328431372549,0.5034013605442177,0.2663725011236579,0.7323759276358073
responsive_vs_lor_all_phases,full_standard_plus_gcc,86,147,26,0.3469387755102041,0.3829656862745098,0.30273374894473604,0.44025735294117646,0.4489795918367347,0.2729226326969611,0.7427122032470134
responsive_vs_lor_all_phases,full_standard_plus_gcc,87,147,26,0.3469387755102041,0.5330882352941176,0.3719617882824856,0.5367647058823529,0.5510204081632653,0.2588510385879861,0.7142557452246826
responsive_vs_lor_all_phases,full_standard_plus_gcc,88,147,26,0.3469387755102041,0.315359477124183,0.26500710239195957,0.38602941176470584,0.40816326530612246,0.2783663501179565,0.7527431303302693
responsive_vs_lor_all_phases,full_standard_plus_gcc,89,147,26,0.3469387755102041,0.5612745098039216,0.3866326941481165,0.5661764705882353,0.5714285714285714,0.25637229266652695,0.7139163877718219
responsive_vs_lor_all_phases,full_standard_plus_gcc,90,147,26,0.3469387755102041,0.5394199346405228,0.37529835491902264,0.5223651960784313,0.54421768707483,0.2588663379071019,0.7165726256829863
responsive_vs_lor_all_phases,full_standard_plus_gcc,91,147,26,0.3469387755102041,0.4575163398692811,0.3294547164577947,0.48131127450980393,0.4965986394557823,0.26229692262259635,0.721476445302535
responsive_vs_lor_all_phases,full_standard_plus_gcc,92,147,26,0.3469387755102041,0.5663807189542484,0.46844434495201726,0.5137867647058824,0.5510204081632653,0.24602663603265845,0.6863279111764143
responsive_vs_lor_all_phases,full_standard_plus_gcc,93,147,26,0.3469387755102041,0.4930555555555556,0.35753034542714013,0.49050245098039214,0.4965986394557823,0.26205683693670295,0.721459084631821
responsive_vs_lor_all_phases,full_standard_plus_gcc,94,147,26,0.3469387755102041,0.4724264705882353,0.33987468234776175,0.44209558823529416,0.46938775510204084,0.26230634873471087,0.7220510029914012
responsive_vs_lor_all_phases,full_standard_plus_gcc,95,147,26,0.3469387755102041,0.5929330065359476,0.46610244962328656,0.6182598039215687,0.6394557823129252,0.2467477203098259,0.6958315114150196
responsive_vs_lor_all_phases,full_standard_plus_gcc,96,147,26,0.3469387755102041,0.3788807189542484,0.2916596926885795,0.414828431372549,0.4217687074829932,0.26729470249554077,0.7289835594282851
responsive_vs_lor_all_phases,full_standard_plus_gcc,97,147,26,0.3469387755102041,0.4566993464052288,0.32030301345610435,0.44025735294117646,0.4489795918367347,0.2677678593371009,0.7324793235174802
responsive_vs_lor_all_phases,full_standard_plus_gcc,98,147,26,0.3469387755102041,0.45465686274509803,0.3681338379011445,0.4252450980392157,0.43537414965986393,0.26296333146362977,0.7220212109089619
responsive_vs_lor_all_phases,full_standard_plus_gcc,99,147,26,0.3469387755102041,0.4991830065359477,0.35306670109805266,0.48192401960784315,0.5034013605442177,0.2607479639556195,0.7169558039241889
responsive_vs_lor_all_phases,full_standard_plus_gcc,100,147,26,0.3469387755102041,0.5383986928104575,0.3665488298941214,0.5321691176470589,0.5510204081632653,0.257025664563449,0.7101232212836004
prelor_vs_lor_task2,confounds_motion_propofol,1,50,25,0.5,0.3168,0.40302172495712546,0.42000000000000004,0.42,0.28594518401815383,0.7676479295669644
prelor_vs_lor_task2,confounds_motion_propofol,2,50,25,0.5,0.7183999999999999,0.7824520899919641,0.68,0.68,0.20539378151723145,0.6039645289336913
prelor_vs_lor_task2,confounds_motion_propofol,3,50,25,0.5,0.46399999999999997,0.44903801387412523,0.56,0.56,0.25642675166295226,0.7024238952816074
prelor_vs_lor_task2,confounds_motion_propofol,4,50,25,0.5,0.5584,0.5501151334037557,0.5800000000000001,0.58,0.2575499984129604,0.7139786292535035
prelor_vs_lor_task2,confounds_motion_propofol,5,50,25,0.5,0.09920000000000001,0.3334841393350457,0.2,0.2,0.29505630083500983,0.788274595861341
prelor_vs_lor_task2,confounds_motion_propofol,6,50,25,0.5,0.3216,0.4124272283763624,0.44,0.44,0.2832753990339736,0.7620444339019352
prelor_vs_lor_task2,confounds_motion_propofol,7,50,25,0.5,0.6752,0.6820386725605467,0.62,0.62,0.22974074979353534,0.6584748644117308
prelor_vs_lor_task2,confounds_motion_propofol,8,50,25,0.5,0.46399999999999997,0.4922609785066404,0.5,0.5,0.2714553627822163,0.7394440899612228
prelor_vs_lor_task2,confounds_motion_propofol,9,50,25,0.5,0.7328,0.7473459944592649,0.72,0.72,0.20447162673351849,0.5989040993280237
prelor_vs_lor_task2,confounds_motion_propofol,10,50,25,0.5,0.41600000000000004,0.44889498531382044,0.46,0.46,0.28595305246733194,0.7906236385693601
prelor_vs_lor_task2,confounds_motion_propofol,11,50,25,0.5,0.552,0.580163380339985,0.56,0.56,0.27212961006651226,0.765066205520077
prelor_vs_lor_task2,confounds_motion_propofol,12,50,25,0.5,0.4288,0.45830598675052936,0.48,0.48,0.28209997456306085,0.7724022419116281
prelor_vs_lor_task2,confounds_motion_propofol,13,50,25,0.5,0.6384,0.659062953080897,0.56,0.56,0.22651905674336759,0.6327812549122922
prelor_vs_lor_task2,confounds_motion_propofol,14,50,25,0.5,0.5024000000000001,0.5795820497775698,0.54,0.54,0.26404811333642114,0.7228867183912504
prelor_vs_lor_task2,confounds_motion_propofol,15,50,25,0.5,0.5056,0.49700257720909313,0.45999999999999996,0.46,0.25819649283464624,0.7088461986356401
prelor_vs_lor_task2,confounds_motion_propofol,16,50,25,0.5,0.42719999999999997,0.5307587544820123,0.38,0.38,0.26897364415883307,0.7313323070056663
prelor_vs_lor_task2,confounds_motion_propofol,17,50,25,0.5,0.2928,0.3915780713219121,0.33999999999999997,0.34,0.28223594029988314,0.7611616353308616
prelor_vs_lor_task2,confounds_motion_propofol,18,50,25,0.5,0.47840000000000005,0.49777408238112214,0.54,0.54,0.27870721492972,0.7617501817837576
prelor_vs_lor_task2,confounds_motion_propofol,19,50,25,0.5,0.5232,0.5004132221339068,0.5800000000000001,0.58,0.2700298074909763,0.7420632265854098
prelor_vs_lor_task2,confounds_motion_propofol,20,50,25,0.5,0.6848000000000001,0.6171191197359354,0.72,0.72,0.22333432588391275,0.6395883461384371
prelor_vs_lor_task2,confounds_motion_propofol,21,50,25,0.5,0.5296,0.5655921351876444,0.52,0.52,0.2606111525124563,0.7381175279666445
prelor_vs_lor_task2,confounds_motion_propofol,22,50,25,0.5,0.6095999999999999,0.615199369908047,0.6200000000000001,0.62,0.24471191541187914,0.6858472732082121
prelor_vs_lor_task2,confounds_motion_propofol,23,50,25,0.5,0.13119999999999998,0.3383653041283694,0.24,0.24,0.2928598499796185,0.7814083022574527
prelor_vs_lor_task2,confounds_motion_propofol,24,50,25,0.5,0.32480000000000003,0.4512106841053033,0.42,0.42,0.2807322841776404,0.7672315023950981
prelor_vs_lor_task2,confounds_motion_propofol,25,50,25,0.5,0.5024,0.5056330940513365,0.54,0.54,0.2649138914545115,0.726419490809901
prelor_vs_lor_task2,confounds_motion_propofol,26,50,25,0.5,0.448,0.489681391150294,0.48,0.48,0.27988098088776686,0.7692552757680022
prelor_vs_lor_task2,confounds_motion_propofol,27,50,25,0.5,0.36960000000000004,0.421425760629296,0.44,0.44,0.2778605488981322,0.7510206932347069
prelor_vs_lor_task2,confounds_motion_propofol,28,50,25,0.5,0.2864,0.38763949789552077,0.36,0.36,0.2869750893952378,0.7690188811595671
prelor_vs_lor_task2,confounds_motion_propofol,29,50,25,0.5,0.5264,0.5104082750468844,0.52,0.52,0.2703278313729237,0.7449183605350573
prelor_vs_lor_task2,confounds_motion_propofol,30,50,25,0.5,0.6976,0.6580018880915215,0.7,0.7,0.23569255759524257,0.6947397702565198
prelor_vs_lor_task2,confounds_motion_propofol,31,50,25,0.5,0.27040000000000003,0.3826537132527911,0.34,0.34,0.28849450442831764,0.7776075275606942
prelor_vs_lor_task2,confounds_motion_propofol,32,50,25,0.5,0.37439999999999996,0.41797766690545957,0.48,0.48,0.2830827981380511,0.7647776683162845
prelor_vs_lor_task2,confounds_motion_propofol,33,50,25,0.5,0.4064,0.4592528972810377,0.48,0.48,0.28097804562123224,0.7595471746480632
prelor_vs_lor_task2,confounds_motion_propofol,34,50,25,0.5,0.5296,0.6535086974419836,0.54,0.54,0.25051810864866514,0.6917160780743964
prelor_vs_lor_task2,confounds_motion_propofol,35,50,25,0.5,0.6688000000000001,0.6688310634813341,0.64,0.64,0.23809655167320326,0.6722000513197284
prelor_vs_lor_task2,confounds_motion_propofol,36,50,25,0.5,0.42719999999999997,0.5152911300492927,0.46,0.46,0.27112341619724417,0.7394302021500632
prelor_vs_lor_task2,confounds_motion_propofol,37,50,25,0.5,0.3488,0.4202216320037422,0.4,0.4,0.28793782574558086,0.7750535679448247
prelor_vs_lor_task2,confounds_motion_propofol,38,50,25,0.5,0.43520000000000003,0.45940948642110063,0.54,0.54,0.2802361591827847,0.7657823629657696
prelor_vs_lor_task2,confounds_motion_propofol,39,50,25,0.5,0.5424,0.5348846787275261,0.52,0.52,0.24912013681881348,0.6848986301161211
prelor_vs_lor_task2,confounds_motion_propofol,40,50,25,0.5,0.4352,0.45143456893085127,0.52,0.52,0.28551861203726886,0.7748480775793842
prelor_vs_lor_task2,confounds_motion_propofol,41,50,25,0.5,0.3968,0.4423058933147994,0.42,0.42,0.27817501497312375,0.753636226495758
prelor_vs_lor_task2,confounds_motion_propofol,42,50,25,0.5,0.48160000000000003,0.4673591211291813,0.56,0.56,0.268051552701023,0.7341639842773092
prelor_vs_lor_task2,confounds_motion_propofol,43,50,25,0.5,0.5168,0.5615835558393584,0.56,0.56,0.2627528593129204,0.730259388958112
prelor_vs_lor_task2,confounds_motion_propofol,44,50,25,0.5,0.5168,0.4799322519767252,0.66,0.66,0.25201158619148234,0.6982329374868407
prelor_vs_lor_task2,confounds_motion_propofol,45,50,25,0.5,0.5072,0.5095784358337414,0.54,0.54,0.2718387123382263,0.7472572228363431
prelor_vs_lor_task2,confounds_motion_propofol,46,50,25,0.5,0.14400000000000002,0.3465072414785841,0.18,0.18,0.29056433594286474,0.7762536933032365
prelor_vs_lor_task2,confounds_motion_propofol,47,50,25,0.5,0.5264,0.5770181273791273,0.46,0.46,0.267072968868521,0.7368880824182866
prelor_vs_lor_task2,confounds_motion_propofol,48,50,25,0.5,0.48160000000000003,0.5235452902345337,0.54,0.54,0.272903131216531,0.7439699153386273
prelor_vs_lor_task2,confounds_motion_propofol,49,50,25,0.5,0.38880000000000003,0.45553099545657627,0.45999999999999996,0.46,0.2849946313746081,0.7753231292003839
prelor_vs_lor_task2,confounds_motion_propofol,50,50,25,0.5,0.35840000000000005,0.43615539146750987,0.48,0.48,0.2838885924420558,0.7637620785464493
prelor_vs_lor_task2,confounds_motion_propofol,51,50,25,0.5,0.23359999999999997,0.3704340263399445,0.36,0.36,0.28808389198739165,0.7766627453748756
prelor_vs_lor_task2,confounds_motion_propofol,52,50,25,0.5,0.7552,0.7571314299735352,0.72,0.72,0.2053120331736201,0.6420559842307374
prelor_vs_lor_task2,confounds_motion_propofol,53,50,25,0.5,0.6016,0.595667990262229,0.6000000000000001,0.6,0.25088278201900344,0.7110828564008078
prelor_vs_lor_task2,confounds_motion_propofol,54,50,25,0.5,0.48960000000000004,0.5147885160725633,0.48,0.48,0.260033726465388,0.71261922702625
prelor_vs_lor_task2,confounds_motion_propofol,55,50,25,0.5,0.5616,0.5106283724160143,0.6,0.6,0.269719026693495,0.7507694902453567
prelor_vs_lor_task2,confounds_motion_propofol,56,50,25,0.5,0.4544,0.48052562909483576,0.48,0.48,0.27212295088877675,0.7421299861508384
prelor_vs_lor_task2,confounds_motion_propofol,57,50,25,0.5,0.1968,0.35668571918085024,0.30000000000000004,0.3,0.29015286038271326,0.7758767482770415
prelor_vs_lor_task2,confounds_motion_propofol,58,50,25,0.5,0.6255999999999999,0.607124661978546,0.66,0.66,0.24336383611847542,0.6851735500855703
prelor_vs_lor_task2,confounds_motion_propofol,59,50,25,0.5,0.5536000000000001,0.5847108359521679,0.6,0.6,0.257143413266419,0.7183095663383352
prelor_vs_lor_task2,confounds_motion_propofol,60,50,25,0.5,0.4,0.4611721228800389,0.54,0.54,0.28794370580820744,0.7764543574906675
prelor_vs_lor_task2,confounds_motion_propofol,61,50,25,0.5,0.47200000000000003,0.4737991445048337,0.54,0.54,0.2761863464577944,0.7552265056406751
prelor_vs_lor_task2,confounds_motion_propofol,62,50,25,0.5,0.6032,0.5849676874659111,0.62,0.62,0.2530211633569208,0.7096013070532681
prelor_vs_lor_task2,confounds_motion_propofol,63,50,25,0.5,0.5296,0.530623657245734,0.5800000000000001,0.58,0.26351811709033157,0.725716340016061
prelor_vs_lor_task2,confounds_motion_propofol,64,50,25,0.5,0.3888,0.42649997253116956,0.44,0.44,0.28030370267088495,0.7752798434476239
prelor_vs_lor_task2,confounds_motion_propofol,65,50,25,0.5,0.28,0.3812569086404445,0.34,0.34,0.2824730792272771,0.7595912617174924
prelor_vs_lor_task2,confounds_motion_propofol,66,50,25,0.5,0.4768,0.48297502915734847,0.5,0.5,0.271156037086259,0.7400582596079335
prelor_vs_lor_task2,confounds_motion_propofol,67,50,25,0.5,0.5792,0.5411353081231265,0.6000000000000001,0.6,0.25762109373497166,0.7268936796380242
prelor_vs_lor_task2,confounds_motion_propofol,68,50,25,0.5,0.12160000000000001,0.3363263017792175,0.26,0.26,0.29321963376883325,0.7839470445200982
prelor_vs_lor_task2,confounds_motion_propofol,69,50,25,0.5,0.5264,0.5855361494989433,0.5800000000000001,0.58,0.2536609670212251,0.7068044733115698
prelor_vs_lor_task2,confounds_motion_propofol,70,50,25,0.5,0.5840000000000001,0.6170581527660615,0.56,0.56,0.2510967404346586,0.6999684635137677
prelor_vs_lor_task2,confounds_motion_propofol,71,50,25,0.5,0.52,0.5073648252290991,0.46,0.46,0.2683650012830189,0.7383735624815573
prelor_vs_lor_task2,confounds_motion_propofol,72,50,25,0.5,0.6112,0.6598540269692618,0.72,0.72,0.2511084100249986,0.7330373464464164
prelor_vs_lor_task2,confounds_motion_propofol,73,50,25,0.5,0.4832,0.4843691054801327,0.4,0.4,0.2628334252932425,0.7189945896227696
prelor_vs_lor_task2,confounds_motion_propofol,74,50,25,0.5,0.49439999999999995,0.4916006462333341,0.56,0.56,0.26753345742420076,0.7380854927020825
prelor_vs_lor_task2,confounds_motion_propofol,75,50,25,0.5,0.392,0.4690717231161529,0.38,0.38,0.2779010986014389,0.7560021309653198
prelor_vs_lor_task2,confounds_motion_propofol,76,50,25,0.5,0.6144000000000001,0.6015596797114063,0.62,0.62,0.25461868651867214,0.7207892042754521
prelor_vs_lor_task2,confounds_motion_propofol,77,50,25,0.5,0.8368,0.8291816897196058,0.78,0.78,0.15785901617818066,0.480855249678941
prelor_vs_lor_task2,confounds_motion_propofol,78,50,25,0.5,0.3024,0.38726307392571985,0.36,0.36,0.2876838679125091,0.7732609113483971
prelor_vs_lor_task2,confounds_motion_propofol,79,50,25,0.5,0.7424,0.714019361260405,0.72,0.72,0.20567168520011778,0.6130359123325944
prelor_vs_lor_task2,confounds_motion_propofol,80,50,25,0.5,0.4944,0.48384279425160637,0.48,0.48,0.2679031569354719,0.7354636310863029
prelor_vs_lor_task2,confounds_motion_propofol,81,50,25,0.5,0.5456000000000001,0.5594544654079675,0.62,0.62,0.2698585113254871,0.7470239134714977
prelor_vs_lor_task2,confounds_motion_propofol,82,50,25,0.5,0.7504000000000001,0.7281185158551136,0.74,0.74,0.19849837608657409,0.5868074996089813
prelor_vs_lor_task2,confounds_motion_propofol,83,50,25,0.5,0.5744,0.5479364987794608,0.62,0.62,0.25959640344432594,0.7217824690122399
prelor_vs_lor_task2,confounds_motion_propofol,84,50,25,0.5,0.3168,0.4063356248975333,0.33999999999999997,0.34,0.2879338774203562,0.776697096972644
prelor_vs_lor_task2,confounds_motion_propofol,85,50,25,0.5,0.2304,0.36733679013383813,0.33999999999999997,0.34,0.2861263862165348,0.7677831395345338
prelor_vs_lor_task2,confounds_motion_propofol,86,50,25,0.5,0.4368,0.4707728540428056,0.45999999999999996,0.46,0.27874703770724685,0.7589710261070911
prelor_vs_lor_task2,confounds_motion_propofol,87,50,25,0.5,0.4384000000000001,0.45846191885393034,0.52,0.52,0.2822701787776104,0.7641331806400561
prelor_vs_lor_task2,confounds_motion_propofol,88,50,25,0.5,0.34400000000000003,0.40420924263351954,0.4,0.4,0.2781403753178025,0.7558538079811571
prelor_vs_lor_task2,confounds_motion_propofol,89,50,25,0.5,0.6032000000000001,0.6978040880973884,0.54,0.54,0.2532650835443897,0.7120776247297386
prelor_vs_lor_task2,confounds_motion_propofol,90,50,25,0.5,0.5680000000000001,0.5430717692036793,0.68,0.68,0.25764616479179425,0.7287711845756835
prelor_vs_lor_task2,confounds_motion_propofol,91,50,25,0.5,0.3392,0.4077874305444192,0.36,0.36,0.281901073973568,0.7605768650598399
prelor_vs_lor_task2,confounds_motion_propofol,92,50,25,0.5,0.3488,0.4449887442590562,0.4,0.4,0.28310627186881354,0.7663239281809802
prelor_vs_lor_task2,confounds_motion_propofol,93,50,25,0.5,0.5327999999999999,0.6211181780278403,0.54,0.54,0.2491904788048371,0.6886813209465916
prelor_vs_lor_task2,confounds_motion_propofol,94,50,25,0.5,0.4512,0.5150364783507184,0.48,0.48,0.26852340851061257,0.7388981194322232
prelor_vs_lor_task2,confounds_motion_propofol,95,50,25,0.5,0.5631999999999999,0.5996031399266464,0.5800000000000001,0.58,0.25930944621561536,0.7204172311529662
prelor_vs_lor_task2,confounds_motion_propofol,96,50,25,0.5,0.6352000000000001,0.5926817059891455,0.5800000000000001,0.58,0.24128459316032422,0.6799465163071099
prelor_vs_lor_task2,confounds_motion_propofol,97,50,25,0.5,0.4416,0.49720370725190005,0.5,0.5,0.27524727124427895,0.7475572490346092
prelor_vs_lor_task2,confounds_motion_propofol,98,50,25,0.5,0.488,0.5418210719295216,0.52,0.52,0.26527574119690056,0.7297431834056092
prelor_vs_lor_task2,confounds_motion_propofol,99,50,25,0.5,0.6095999999999999,0.61412276785818,0.5800000000000001,0.58,0.24493837885617784,0.6806796489254445
prelor_vs_lor_task2,confounds_motion_propofol,100,50,25,0.5,0.3888,0.4387448948930795,0.38,0.38,0.2795918872075296,0.7596133483650691
prelor_vs_lor_task2,standard_fc_plus_confounds,1,50,25,0.5,0.8399999999999999,0.8479583845875406,0.76,0.76,0.16589265569319964,0.5044018628528779
prelor_vs_lor_task2,standard_fc_plus_confounds,2,50,25,0.5,0.704,0.6803526092506489,0.72,0.72,0.21637023332782018,0.6479331699922801
prelor_vs_lor_task2,standard_fc_plus_confounds,3,50,25,0.5,0.3152,0.4091646099602235,0.36,0.36,0.29578845897518113,0.7917862549615922
prelor_vs_lor_task2,standard_fc_plus_confounds,4,50,25,0.5,0.4704,0.5120845644136781,0.38,0.38,0.27337986327908564,0.7453765075725451
prelor_vs_lor_task2,standard_fc_plus_confounds,5,50,25,0.5,0.312,0.40420626364668,0.36,0.36,0.29477963138689894,0.7864494730918946
prelor_vs_lor_task2,standard_fc_plus_confounds,6,50,25,0.5,0.32800000000000007,0.3998010571314714,0.4,0.4,0.29932463267251885,0.8090874856512762
prelor_vs_lor_task2,standard_fc_plus_confounds,7,50,25,0.5,0.4608,0.4906251898101459,0.44,0.44,0.27923555343383716,0.7701733930201929
prelor_vs_lor_task2,standard_fc_plus_confounds,8,50,25,0.5,0.2912,0.43370769640659784,0.36,0.36,0.3019181128461744,0.8040527901898339
prelor_vs_lor_task2,standard_fc_plus_confounds,9,50,25,0.5,0.5456,0.5037011473613293,0.52,0.52,0.2845676297632522,0.8152720567954711
prelor_vs_lor_task2,standard_fc_plus_confounds,10,50,25,0.5,0.4464,0.466105246843497,0.44,0.44,0.2795052803114255,0.759677055188606
prelor_vs_lor_task2,standard_fc_plus_confounds,11,50,25,0.5,0.5791999999999999,0.5491247020836603,0.62,0.62,0.26455915542177477,0.7392519611882197
prelor_vs_lor_task2,standard_fc_plus_confounds,12,50,25,0.5,0.5392,0.5447978092295405,0.56,0.56,0.26542771317293345,0.748876829995377
prelor_vs_lor_task2,standard_fc_plus_confounds,13,50,25,0.5,0.1504,0.34332681390801045,0.28,0.28,0.3132468663316498,0.8282575804284734
prelor_vs_lor_task2,standard_fc_plus_confounds,14,50,25,0.5,0.5583999999999999,0.5464881463879887,0.6,0.6,0.26429089617393164,0.7578091024973407
prelor_vs_lor_task2,standard_fc_plus_confounds,15,50,25,0.5,0.568,0.5748338146535915,0.6,0.6,0.26166354140964043,0.7381570006479501
prelor_vs_lor_task2,standard_fc_plus_confounds,16,50,25,0.5,0.448,0.44994988967445554,0.46,0.46,0.279674015321617,0.7643881433110977
prelor_vs_lor_task2,standard_fc_plus_confounds,17,50,25,0.5,0.39840000000000003,0.43836171796757595,0.4,0.4,0.2895756850462594,0.7894744198216554
prelor_vs_lor_task2,standard_fc_plus_confounds,18,50,25,0.5,0.6272,0.6066657125249727,0.64,0.64,0.25062124070859204,0.7132564462442009
prelor_vs_lor_task2,standard_fc_plus_confounds,19,50,25,0.5,0.5312,0.6002712831297033,0.54,0.54,0.2572239758319355,0.7058581752539811
prelor_vs_lor_task2,standard_fc_plus_confounds,20,50,25,0.5,0.37120000000000003,0.4902906121591427,0.4,0.4,0.28683737442716983,0.768843500699056
prelor_vs_lor_task2,standard_fc_plus_confounds,21,50,25,0.5,0.6176,0.6401878101049886,0.64,0.64,0.25014345287341183,0.7018722054998683
prelor_vs_lor_task2,standard_fc_plus_confounds,22,50,25,0.5,0.43839999999999996,0.5212510983298958,0.48,0.48,0.2866872924462542,0.7737667050795477
prelor_vs_lor_task2,standard_fc_plus_confounds,23,50,25,0.5,0.6656,0.66874235475699,0.6599999999999999,0.66,0.2330289795614887,0.6660027796080925
prelor_vs_lor_task2,standard_fc_plus_confounds,24,50,25,0.5,0.4864,0.4863036868431013,0.52,0.52,0.2768597086606149,0.761596283677471
prelor_vs_lor_task2,standard_fc_plus_confounds,25,50,25,0.5,0.456,0.5153684652444894,0.44,0.44,0.28395057746140207,0.7765236652088551
prelor_vs_lor_task2,standard_fc_plus_confounds,26,50,25,0.5,0.6607999999999999,0.624422566099842,0.7,0.7,0.24377894264322564,0.7168582140481304
prelor_vs_lor_task2,standard_fc_plus_confounds,27,50,25,0.5,0.3024,0.3971276346734097,0.38,0.38,0.30774945725533515,0.826399487365852
prelor_vs_lor_task2,standard_fc_plus_confounds,28,50,25,0.5,0.6464,0.6367363716789325,0.6200000000000001,0.62,0.24048455456763673,0.6903150758772115
prelor_vs_lor_task2,standard_fc_plus_confounds,29,50,25,0.5,0.49440000000000006,0.49841094463226343,0.52,0.52,0.2883641271288892,0.7941598315890848
prelor_vs_lor_task2,standard_fc_plus_confounds,30,50,25,0.5,0.5856,0.5697013408128837,0.5800000000000001,0.58,0.2542291647073377,0.7159286539070578
prelor_vs_lor_task2,standard_fc_plus_confounds,31,50,25,0.5,0.464,0.4740081098049147,0.5,0.5,0.27783199912380185,0.7611888551950546
prelor_vs_lor_task2,standard_fc_plus_confounds,32,50,25,0.5,0.3872,0.4205000888166791,0.5,0.5,0.2864794801144581,0.7716572493500431
prelor_vs_lor_task2,standard_fc_plus_confounds,33,50,25,0.5,0.5552,0.5678412376859612,0.56,0.56,0.2646830888517797,0.7403823610513058
prelor_vs_lor_task2,standard_fc_plus_confounds,34,50,25,0.5,0.47040000000000004,0.5798123570146436,0.45999999999999996,0.46,0.27442932047323276,0.7490569559253984
prelor_vs_lor_task2,standard_fc_plus_confounds,35,50,25,0.5,0.4576,0.5130983727450771,0.5,0.5,0.2820778236913775,0.7706108879978956
prelor_vs_lor_task2,standard_fc_plus_confounds,36,50,25,0.5,0.46240000000000003,0.46490584730177187,0.44,0.44,0.27546345866076616,0.7500451403785116
prelor_vs_lor_task2,standard_fc_plus_confounds,37,50,25,0.5,0.5504,0.5277222683601791,0.5,0.5,0.258978483597084,0.7108933435802676
prelor_vs_lor_task2,standard_fc_plus_confounds,38,50,25,0.5,0.4224,0.440673402424702,0.48,0.48,0.2828598574911186,0.7665865290219991
prelor_vs_lor_task2,standard_fc_plus_confounds,39,50,25,0.5,0.48640000000000005,0.5169722919530143,0.48,0.48,0.27170181233226437,0.7451153003360065
prelor_vs_lor_task2,standard_fc_plus_confounds,40,50,25,0.5,0.33120000000000005,0.44827403473186556,0.34,0.34,0.29673017808946656,0.7943378947874535
prelor_vs_lor_task2,standard_fc_plus_confounds,41,50,25,0.5,0.4864,0.5227814886515034,0.5,0.5,0.27027635807524963,0.7551484440294313
prelor_vs_lor_task2,standard_fc_plus_confounds,42,50,25,0.5,0.47680000000000006,0.5103175233787592,0.5,0.5,0.27661544759177586,0.7535762527888682
prelor_vs_lor_task2,standard_fc_plus_confounds,43,50,25,0.5,0.4288,0.4625420552012925,0.44,0.44,0.2872530238863964,0.7797100343780917
prelor_vs_lor_task2,standard_fc_plus_confounds,44,50,25,0.5,0.528,0.5716299277265692,0.54,0.54,0.27723126292634814,0.7659787240088547
prelor_vs_lor_task2,standard_fc_plus_confounds,45,50,25,0.5,0.5456000000000001,0.5248644647065822,0.56,0.56,0.26418500601532235,0.7293997286882581
prelor_vs_lor_task2,standard_fc_plus_confounds,46,50,25,0.5,0.6016,0.5647810004324919,0.5800000000000001,0.58,0.2676065499006562,0.7566668909376131
prelor_vs_lor_task2,standard_fc_plus_confounds,47,50,25,0.5,0.4544,0.5281152574788623,0.48,0.48,0.28288815434915127,0.7680789719861231
prelor_vs_lor_task2,standard_fc_plus_confounds,48,50,25,0.5,0.3776,0.4247636591821372,0.44,0.44,0.29636575159803713,0.7998762645178303
prelor_vs_lor_task2,standard_fc_plus_confounds,49,50,25,0.5,0.5152,0.5684292714274465,0.56,0.56,0.2733165040171725,0.7476708212647013
prelor_vs_lor_task2,standard_fc_plus_confounds,50,50,25,0.5,0.5744,0.5966660469923208,0.54,0.54,0.26395573962204033,0.7446880566884013
prelor_vs_lor_task2,standard_fc_plus_confounds,51,50,25,0.5,0.5519999999999999,0.6609196630122822,0.48,0.48,0.26821349119239485,0.7432670499171056
prelor_vs_lor_task2,standard_fc_plus_confounds,52,50,25,0.5,0.6064,0.6115233909475208,0.6000000000000001,0.6,0.25313677118052985,0.7221032158023791
prelor_vs_lor_task2,standard_fc_plus_confounds,53,50,25,0.5,0.5424,0.5969271478686247,0.52,0.52,0.2661315952721459,0.7384089113445529
prelor_vs_lor_task2,standard_fc_plus_confounds,54,50,25,0.5,0.696,0.6609777571464543,0.68,0.68,0.22131294831789666,0.6413324676767874
prelor_vs_lor_task2,standard_fc_plus_confounds,55,50,25,0.5,0.4351999999999999,0.47643033088526016,0.42000000000000004,0.42,0.28452908776650077,0.8021702685364894
prelor_vs_lor_task2,standard_fc_plus_confounds,56,50,25,0.5,0.5935999999999999,0.5833783454657613,0.56,0.56,0.24375996607843775,0.6782243564127005
prelor_vs_lor_task2,standard_fc_plus_confounds,57,50,25,0.5,0.4416,0.48849495201764387,0.48,0.48,0.2819350931340015,0.7806222002211389
prelor_vs_lor_task2,standard_fc_plus_confounds,58,50,25,0.5,0.5424,0.5864439551073566,0.5800000000000001,0.58,0.27097016824113507,0.7447285322843022
prelor_vs_lor_task2,standard_fc_plus_confounds,59,50,25,0.5,0.5248,0.5476069099475389,0.5,0.5,0.26807616763115427,0.737686689349372
prelor_vs_lor_task2,standard_fc_plus_confounds,60,50,25,0.5,0.392,0.5112698724991671,0.44,0.44,0.2889656851383498,0.7771579137413983
prelor_vs_lor_task2,standard_fc_plus_confounds,61,50,25,0.5,0.656,0.7034069314102721,0.7,0.7,0.24132676000538467,0.6919784319568046
prelor_vs_lor_task2,standard_fc_plus_confounds,62,50,25,0.5,0.37759999999999994,0.4262105345327162,0.44,0.44,0.29430543089311473,0.7941340448972928
prelor_vs_lor_task2,standard_fc_plus_confounds,63,50,25,0.5,0.5247999999999999,0.5611192227583508,0.52,0.52,0.2665317737566667,0.7381133118537864
prelor_vs_lor_task2,standard_fc_plus_confounds,64,50,25,0.5,0.5312,0.5939775299738886,0.54,0.54,0.262247101061636,0.7227525000672778
prelor_vs_lor_task2,standard_fc_plus_confounds,65,50,25,0.5,0.5936,0.6069326753753698,0.5800000000000001,0.58,0.25297262189085873,0.7164255310779556
prelor_vs_lor_task2,standard_fc_plus_confounds,66,50,25,0.5,0.4528,0.45793704280046504,0.45999999999999996,0.46,0.2855775459047939,0.784391597452606
prelor_vs_lor_task2,standard_fc_plus_confounds,67,50,25,0.5,0.2912,0.3900303763084597,0.36,0.36,0.29403095146774255,0.7854602249780426
prelor_vs_lor_task2,standard_fc_plus_confounds,68,50,25,0.5,0.4544,0.5157134900544167,0.42,0.42,0.27232388207222846,0.7340707876125953
prelor_vs_lor_task2,standard_fc_plus_confounds,69,50,25,0.5,0.5504,0.510802114833061,0.56,0.56,0.26326831513553733,0.7275954726301037
prelor_vs_lor_task2,standard_fc_plus_confounds,70,50,25,0.5,0.4512,0.48369057759951667,0.44,0.44,0.2763608333321226,0.7521890979604012
prelor_vs_lor_task2,standard_fc_plus_confounds,71,50,25,0.5,0.4304,0.48819697641042764,0.44,0.44,0.2820821116124807,0.7654468237186144
prelor_vs_lor_task2,standard_fc_plus_confounds,72,50,25,0.5,0.376,0.4401051049315887,0.36,0.36,0.2884755334798436,0.7742370559033388
prelor_vs_lor_task2,standard_fc_plus_confounds,73,50,25,0.5,0.5616000000000001,0.5556061255321343,0.52,0.52,0.26411360545343,0.7338361865951076
prelor_vs_lor_task2,standard_fc_plus_confounds,74,50,25,0.5,0.4992,0.49841823083955855,0.45999999999999996,0.46,0.2699723277868656,0.7432859706620559
prelor_vs_lor_task2,standard_fc_plus_confounds,75,50,25,0.5,0.8128,0.815413305279284,0.72,0.72,0.17817633834202914,0.5610486605673978
prelor_vs_lor_task2,standard_fc_plus_confounds,76,50,25,0.5,0.384,0.47758902014466226,0.48,0.48,0.2927088019485473,0.7947139737049816
prelor_vs_lor_task2,standard_fc_plus_confounds,77,50,25,0.5,0.512,0.4839485281551662,0.56,0.56,0.2760085351085529,0.7558360749257891
prelor_vs_lor_task2,standard_fc_plus_confounds,78,50,25,0.5,0.36319999999999997,0.46704354518578683,0.33999999999999997,0.34,0.2847209924556985,0.7648857098248645
prelor_vs_lor_task2,standard_fc_plus_confounds,79,50,25,0.5,0.5631999999999999,0.5340995814886436,0.6000000000000001,0.6,0.27548837648518515,0.7810411128729545
prelor_vs_lor_task2,standard_fc_plus_confounds,80,50,25,0.5,0.49119999999999997,0.5127277063096266,0.5,0.5,0.2733030350560209,0.7516252728601778
prelor_vs_lor_task2,standard_fc_plus_confounds,81,50,25,0.5,0.46240000000000003,0.5159972157577825,0.45999999999999996,0.46,0.28484713632755865,0.7744573108239688
prelor_vs_lor_task2,standard_fc_plus_confounds,82,50,25,0.5,0.49920000000000003,0.5311438649869142,0.56,0.56,0.28019185411308284,0.7705594095981617
prelor_vs_lor_task2,standard_fc_plus_confounds,83,50,25,0.5,0.5551999999999999,0.5240866405163553,0.56,0.56,0.27213101207176155,0.7622738718022906
prelor_vs_lor_task2,standard_fc_plus_confounds,84,50,25,0.5,0.5072000000000001,0.5191308897256592,0.5,0.5,0.27288272686690446,0.758329684834064
prelor_vs_lor_task2,standard_fc_plus_confounds,85,50,25,0.5,0.5696,0.556402998432965,0.54,0.54,0.2600975687308847,0.7211524226267392
prelor_vs_lor_task2,standard_fc_plus_confounds,86,50,25,0.5,0.45280000000000004,0.4590950509217502,0.38,0.38,0.2645993445037821,0.7186245519243389
prelor_vs_lor_task2,standard_fc_plus_confounds,87,50,25,0.5,0.5680000000000001,0.5669768814248239,0.6,0.6,0.2590079955169306,0.717382455928969
prelor_vs_lor_task2,standard_fc_plus_confounds,88,50,25,0.5,0.6704,0.6598615522963349,0.6000000000000001,0.6,0.23581472858615743,0.6658260464128298
prelor_vs_lor_task2,standard_fc_plus_confounds,89,50,25,0.5,0.4496,0.4668785561118854,0.48,0.48,0.2755767525036727,0.7484372283273298
prelor_vs_lor_task2,standard_fc_plus_confounds,90,50,25,0.5,0.5327999999999999,0.5814071220603039,0.48,0.48,0.26914426772087585,0.7375136151515403
prelor_vs_lor_task2,standard_fc_plus_confounds,91,50,25,0.5,0.6448,0.6287337916054956,0.5800000000000001,0.58,0.24520021131000772,0.6857483624775185
prelor_vs_lor_task2,standard_fc_plus_confounds,92,50,25,0.5,0.6624000000000001,0.6848780413967697,0.62,0.62,0.23949853196368864,0.6819709647659039
prelor_vs_lor_task2,standard_fc_plus_confounds,93,50,25,0.5,0.5968,0.6571720895130558,0.6599999999999999,0.66,0.2526704603383463,0.7133453697613032
prelor_vs_lor_task2,standard_fc_plus_confounds,94,50,25,0.5,0.6512,0.6012599748216355,0.7,0.7,0.2467104566094675,0.7228187813976894
prelor_vs_lor_task2,standard_fc_plus_confounds,95,50,25,0.5,0.6512,0.6006120362413153,0.6599999999999999,0.66,0.23972259103261212,0.689391679766552
prelor_vs_lor_task2,standard_fc_plus_confounds,96,50,25,0.5,0.616,0.56800684178608,0.64,0.64,0.25221693276848145,0.7132094520007797
prelor_vs_lor_task2,standard_fc_plus_confounds,97,50,25,0.5,0.4992000000000001,0.5359959238639351,0.6000000000000001,0.6,0.26753881918034766,0.741606784037636
prelor_vs_lor_task2,standard_fc_plus_confounds,98,50,25,0.5,0.5408,0.5766967138276362,0.56,0.56,0.27812694736881727,0.7867336192273487
prelor_vs_lor_task2,standard_fc_plus_confounds,99,50,25,0.5,0.4416,0.46388598692508715,0.54,0.54,0.2865238987909351,0.7806952299208768
prelor_vs_lor_task2,standard_fc_plus_confounds,100,50,25,0.5,0.4976,0.4948765668981464,0.46,0.46,0.27096491302892156,0.7402414616497124
prelor_vs_lor_task2,gcc_core_plus_confounds,1,50,25,0.5,0.5632,0.5451228701817368,0.52,0.52,0.25917050599016883,0.7155266329609405
prelor_vs_lor_task2,gcc_core_plus_confounds,2,50,25,0.5,0.0928,0.33053602683878713,0.18,0.18,0.3181841409851494,0.8441603933911775
prelor_vs_lor_task2,gcc_core_plus_confounds,3,50,25,0.5,0.6719999999999999,0.619412438229402,0.6599999999999999,0.66,0.23361793237400852,0.7261002518994104
prelor_vs_lor_task2,gcc_core_plus_confounds,4,50,25,0.5,0.6512,0.6117507613507344,0.64,0.64,0.2340713823338485,0.6628564178555588
prelor_vs_lor_task2,gcc_core_plus_confounds,5,50,25,0.5,0.552,0.5273962435191166,0.5,0.5,0.26521399679041874,0.7291266036348918
prelor_vs_lor_task2,gcc_core_plus_confounds,6,50,25,0.5,0.28159999999999996,0.3815143866116824,0.33999999999999997,0.34,0.301980693015541,0.8055327100842128
prelor_vs_lor_task2,gcc_core_plus_confounds,7,50,25,0.5,0.6784,0.6333475043338039,0.64,0.64,0.22718520337476747,0.6540972769089715
prelor_vs_lor_task2,gcc_core_plus_confounds,8,50,25,0.5,0.536,0.577426305595828,0.5800000000000001,0.58,0.2735381308754241,0.757411747995025
prelor_vs_lor_task2,gcc_core_plus_confounds,9,50,25,0.5,0.43199999999999994,0.48329760650765297,0.44,0.44,0.28828706020660944,0.7805395860885217
prelor_vs_lor_task2,gcc_core_plus_confounds,10,50,25,0.5,0.52,0.5035192748217411,0.52,0.52,0.2733378479442412,0.7498116932311489
prelor_vs_lor_task2,gcc_core_plus_confounds,11,50,25,0.5,0.5312,0.5113446546343358,0.56,0.56,0.2759164304880126,0.7746811859582408
prelor_vs_lor_task2,gcc_core_plus_confounds,12,50,25,0.5,0.5599999999999999,0.5953733199666716,0.5800000000000001,0.58,0.2716627292440235,0.7788119453679494
prelor_vs_lor_task2,gcc_core_plus_confounds,13,50,25,0.5,0.4336,0.45383876453675487,0.42,0.42,0.2918106557832782,0.7910975254088833
prelor_vs_lor_task2,gcc_core_plus_confounds,14,50,25,0.5,0.40959999999999996,0.44665136561872076,0.4,0.4,0.28907415203132464,0.780927758561867
prelor_vs_lor_task2,gcc_core_plus_confounds,15,50,25,0.5,0.3952,0.4329721935190714,0.48,0.48,0.30038747326130055,0.8131360181459516
prelor_vs_lor_task2,gcc_core_plus_confounds,16,50,25,0.5,0.384,0.44056382667885163,0.45999999999999996,0.46,0.3011942844906978,0.8084233689830269
prelor_vs_lor_task2,gcc_core_plus_confounds,17,50,25,0.5,0.6032,0.6016279617247029,0.56,0.56,0.2616358866414709,0.7337292630833203
prelor_vs_lor_task2,gcc_core_plus_confounds,18,50,25,0.5,0.4048,0.48827269874481033,0.4,0.4,0.29770334087894773,0.8032401506243364
prelor_vs_lor_task2,gcc_core_plus_confounds,19,50,25,0.5,0.5344,0.4919440945900452,0.6200000000000001,0.62,0.26712734972987545,0.7337809541484596
prelor_vs_lor_task2,gcc_core_plus_confounds,20,50,25,0.5,0.3328,0.4300050962977157,0.45999999999999996,0.46,0.30108094541474334,0.8176397179491393
prelor_vs_lor_task2,gcc_core_plus_confounds,21,50,25,0.5,0.3584,0.42324687273112577,0.36,0.36,0.29923946495622505,0.8079658067191785
prelor_vs_lor_task2,gcc_core_plus_confounds,22,50,25,0.5,0.4112,0.5132810123431845,0.46,0.46,0.28575501161297934,0.770743191896632
prelor_vs_lor_task2,gcc_core_plus_confounds,23,50,25,0.5,0.6447999999999999,0.6336360658566972,0.64,0.64,0.24457675388267597,0.7151898818031942
prelor_vs_lor_task2,gcc_core_plus_confounds,24,50,25,0.5,0.4288,0.44995318785461774,0.5,0.5,0.2951002256606865,0.7969967688542549
prelor_vs_lor_task2,gcc_core_plus_confounds,25,50,25,0.5,0.5072,0.5292010967799681,0.5,0.5,0.27604975375899016,0.7564008249519931
prelor_vs_lor_task2,gcc_core_plus_confounds,26,50,25,0.5,0.464,0.48599256308807015,0.54,0.54,0.29364171033050757,0.8256053152341133
prelor_vs_lor_task2,gcc_core_plus_confounds,27,50,25,0.5,0.3856,0.5039269599546732,0.36,0.36,0.28934044694521466,0.7752704849874985
prelor_vs_lor_task2,gcc_core_plus_confounds,28,50,25,0.5,0.472,0.4687775224899289,0.44,0.44,0.29517612147395633,0.8083770674695684
prelor_vs_lor_task2,gcc_core_plus_confounds,29,50,25,0.5,0.3984,0.4511008699466698,0.42000000000000004,0.42,0.2957086186988117,0.8013484323374739
prelor_vs_lor_task2,gcc_core_plus_confounds,30,50,25,0.5,0.6176,0.6919696737756743,0.52,0.52,0.2384439730172512,0.6740117460315319
prelor_vs_lor_task2,gcc_core_plus_confounds,31,50,25,0.5,0.4880000000000001,0.5247920279407818,0.5,0.5,0.28216788829409334,0.7831768143820432
prelor_vs_lor_task2,gcc_core_plus_confounds,32,50,25,0.5,0.488,0.49934005366309897,0.48,0.48,0.28664943325894804,0.7897089363511796
prelor_vs_lor_task2,gcc_core_plus_confounds,33,50,25,0.5,0.31520000000000004,0.46869461217727915,0.36,0.36,0.2997932336409581,0.8112861690607488
prelor_vs_lor_task2,gcc_core_plus_confounds,34,50,25,0.5,0.39999999999999997,0.5299740754952061,0.42000000000000004,0.42,0.28771065899574616,0.7808984563248171
prelor_vs_lor_task2,gcc_core_plus_confounds,35,50,25,0.5,0.3888,0.45208086550365506,0.42000000000000004,0.42,0.2957034015195142,0.8038385782900725
prelor_vs_lor_task2,gcc_core_plus_confounds,36,50,25,0.5,0.3376,0.4076931879230676,0.42000000000000004,0.42,0.30766004696886273,0.8225807923888656
prelor_vs_lor_task2,gcc_core_plus_confounds,37,50,25,0.5,0.22719999999999996,0.38287223300249623,0.32,0.32,0.30628605050271035,0.8203419278019599
prelor_vs_lor_task2,gcc_core_plus_confounds,38,50,25,0.5,0.4800000000000001,0.505897210719318,0.56,0.56,0.28092570347513224,0.7659105326969846
prelor_vs_lor_task2,gcc_core_plus_confounds,39,50,25,0.5,0.6624,0.7351997508220314,0.5800000000000001,0.58,0.22750178728813344,0.6455887286648718
prelor_vs_lor_task2,gcc_core_plus_confounds,40,50,25,0.5,0.4032,0.45781978797034273,0.44,0.44,0.3038038429379948,0.8327532169902285
prelor_vs_lor_task2,gcc_core_plus_confounds,41,50,25,0.5,0.4096,0.48168960973892166,0.48000000000000004,0.48,0.2969808847789713,0.8033561057482066
prelor_vs_lor_task2,gcc_core_plus_confounds,42,50,25,0.5,0.44160000000000005,0.4845220816432793,0.46,0.46,0.28680185306733574,0.7798352582767923
prelor_vs_lor_task2,gcc_core_plus_confounds,43,50,25,0.5,0.5552,0.6084912352161009,0.52,0.52,0.27028176301936563,0.7588336110847993
prelor_vs_lor_task2,gcc_core_plus_confounds,44,50,25,0.5,0.4544,0.44433092805952734,0.48,0.48,0.2840063379971984,0.7700680655633851
prelor_vs_lor_task2,gcc_core_plus_confounds,45,50,25,0.5,0.43199999999999994,0.445846932604178,0.52,0.52,0.3011205946934137,0.8156093603864627
prelor_vs_lor_task2,gcc_core_plus_confounds,46,50,25,0.5,0.5471999999999999,0.558452418755942,0.5800000000000001,0.58,0.2691065341392306,0.7570830918171028
prelor_vs_lor_task2,gcc_core_plus_confounds,47,50,25,0.5,0.504,0.5213100203152468,0.52,0.52,0.27910650923037805,0.7919628585889147
prelor_vs_lor_task2,gcc_core_plus_confounds,48,50,25,0.5,0.4672,0.48726819582136643,0.5,0.5,0.2948550774704361,0.8095041942729339
prelor_vs_lor_task2,gcc_core_plus_confounds,49,50,25,0.5,0.3664,0.4180633970803533,0.44,0.44,0.30339371908110346,0.8155016578910179
prelor_vs_lor_task2,gcc_core_plus_confounds,50,50,25,0.5,0.6768000000000001,0.7156971270608139,0.72,0.72,0.2310685942265072,0.6543055363818171
prelor_vs_lor_task2,gcc_core_plus_confounds,51,50,25,0.5,0.512,0.6196857571605807,0.52,0.52,0.26838618949960064,0.7329793339595126
prelor_vs_lor_task2,gcc_core_plus_confounds,52,50,25,0.5,0.5760000000000001,0.6159184953026826,0.64,0.64,0.2657476529889326,0.7501379008739587
prelor_vs_lor_task2,gcc_core_plus_confounds,53,50,25,0.5,0.584,0.552856648000257,0.6,0.6,0.2549916105505779,0.7083430006864455
prelor_vs_lor_task2,gcc_core_plus_confounds,54,50,25,0.5,0.2992,0.39755214664234295,0.26,0.26,0.3013613965010219,0.8059362722464232
prelor_vs_lor_task2,gcc_core_plus_confounds,55,50,25,0.5,0.376,0.42662524943008723,0.46,0.46,0.3009069265014526,0.8157504913743274
prelor_vs_lor_task2,gcc_core_plus_confounds,56,50,25,0.5,0.336,0.4123073044550204,0.44,0.44,0.29873975617597454,0.7977029865085018
prelor_vs_lor_task2,gcc_core_plus_confounds,57,50,25,0.5,0.6,0.6219332345745545,0.6,0.6,0.2573841942860746,0.7552020322205039
prelor_vs_lor_task2,gcc_core_plus_confounds,58,50,25,0.5,0.3984,0.4455812610612564,0.5,0.5,0.31041559546481645,0.8424592645796374
prelor_vs_lor_task2,gcc_core_plus_confounds,59,50,25,0.5,0.5936,0.5832329546991347,0.6599999999999999,0.66,0.26038324321054435,0.747741798044161
prelor_vs_lor_task2,gcc_core_plus_confounds,60,50,25,0.5,0.52,0.5505413462717141,0.52,0.52,0.27046803443840983,0.7416040874657294
prelor_vs_lor_task2,gcc_core_plus_confounds,61,50,25,0.5,0.256,0.3770892327398468,0.32,0.32,0.3135021697589033,0.8339492007950081
prelor_vs_lor_task2,gcc_core_plus_confounds,62,50,25,0.5,0.5616,0.5317427251971596,0.62,0.62,0.27120366993932365,0.7629800315325688
prelor_vs_lor_task2,gcc_core_plus_confounds,63,50,25,0.5,0.4528,0.5303864578712993,0.5,0.5,0.28858315087947417,0.8045727980175266
prelor_vs_lor_task2,gcc_core_plus_confounds,64,50,25,0.5,0.7343999999999999,0.6292431284577951,0.72,0.72,0.21497891347854325,0.677847373007745
prelor_vs_lor_task2,gcc_core_plus_confounds,65,50,25,0.5,0.43520000000000003,0.4898489631887798,0.46,0.46,0.28715936532845154,0.7799290867751103
prelor_vs_lor_task2,gcc_core_plus_confounds,66,50,25,0.5,0.3104,0.4078582346672778,0.36,0.36,0.30567219540863155,0.8142727456708743
prelor_vs_lor_task2,gcc_core_plus_confounds,67,50,25,0.5,0.5888,0.6791723833503479,0.5800000000000001,0.58,0.25147803950281855,0.6990170994307561
prelor_vs_lor_task2,gcc_core_plus_confounds,68,50,25,0.5,0.3296,0.39881440614047403,0.42000000000000004,0.42,0.29968877431388774,0.8044356747322099
prelor_vs_lor_task2,gcc_core_plus_confounds,69,50,25,0.5,0.216,0.3680455095535491,0.26,0.26,0.3150229520954854,0.8335815691872756
prelor_vs_lor_task2,gcc_core_plus_confounds,70,50,25,0.5,0.5935999999999999,0.5706234100242837,0.5,0.5,0.25525632662650355,0.7125616319618809
prelor_vs_lor_task2,gcc_core_plus_confounds,71,50,25,0.5,0.5471999999999999,0.5089462055180731,0.48,0.48,0.2585460148536079,0.7158511368185836
prelor_vs_lor_task2,gcc_core_plus_confounds,72,50,25,0.5,0.6256,0.6816801168187359,0.5800000000000001,0.58,0.24277816620154627,0.6779306769060759
prelor_vs_lor_task2,gcc_core_plus_confounds,73,50,25,0.5,0.37920000000000004,0.4235425609794161,0.4,0.4,0.3004564165593124,0.8056157276201992
prelor_vs_lor_task2,gcc_core_plus_confounds,74,50,25,0.5,0.552,0.5309716884403105,0.5800000000000001,0.58,0.2743205774730269,0.7629756161673339
prelor_vs_lor_task2,gcc_core_plus_confounds,75,50,25,0.5,0.5344,0.6367686404331533,0.54,0.54,0.25925813136404785,0.7083711983123402
prelor_vs_lor_task2,gcc_core_plus_confounds,76,50,25,0.5,0.6496000000000001,0.6257063417763812,0.5800000000000001,0.58,0.23745618465053395,0.6826549936043197
prelor_vs_lor_task2,gcc_core_plus_confounds,77,50,25,0.5,0.5024,0.5828872569035998,0.44,0.44,0.26985161941409913,0.7465836298074419
prelor_vs_lor_task2,gcc_core_plus_confounds,78,50,25,0.5,0.3936,0.5143658057746155,0.42000000000000004,0.42,0.2840594748651311,0.7641043984087267
prelor_vs_lor_task2,gcc_core_plus_confounds,79,50,25,0.5,0.6528,0.6309779899511352,0.66,0.66,0.23847373067215116,0.6840911407312318
prelor_vs_lor_task2,gcc_core_plus_confounds,80,50,25,0.5,0.4976,0.5296602570489684,0.48,0.48,0.278880498990536,0.7689652417719812
prelor_vs_lor_task2,gcc_core_plus_confounds,81,50,25,0.5,0.47040000000000004,0.5322028612957185,0.5,0.5,0.27440787761509794,0.7462366163664836
prelor_vs_lor_task2,gcc_core_plus_confounds,82,50,25,0.5,0.48640000000000005,0.5411796421251459,0.46,0.46,0.2777146370060014,0.7590408845077096
prelor_vs_lor_task2,gcc_core_plus_confounds,83,50,25,0.5,0.5952000000000001,0.6273887104384934,0.52,0.52,0.25637824075237237,0.7110093868583369
prelor_vs_lor_task2,gcc_core_plus_confounds,84,50,25,0.5,0.552,0.5343182882663516,0.5800000000000001,0.58,0.2740973027648953,0.7723821805454852
prelor_vs_lor_task2,gcc_core_plus_confounds,85,50,25,0.5,0.4816,0.48146074897801816,0.5,0.5,0.2848124788879436,0.7811343101530249
prelor_vs_lor_task2,gcc_core_plus_confounds,86,50,25,0.5,0.29119999999999996,0.3936516060760402,0.36,0.36,0.30594958392084587,0.8132507322510074
prelor_vs_lor_task2,gcc_core_plus_confounds,87,50,25,0.5,0.264,0.3912654155622875,0.33999999999999997,0.34,0.31105541321780455,0.8275352659432478
prelor_vs_lor_task2,gcc_core_plus_confounds,88,50,25,0.5,0.6464,0.6792315561119927,0.5800000000000001,0.58,0.2350125088025812,0.6586076029639998
prelor_vs_lor_task2,gcc_core_plus_confounds,89,50,25,0.5,0.312,0.3976602331658166,0.38,0.38,0.3067847076903048,0.8176813503850443
prelor_vs_lor_task2,gcc_core_plus_confounds,90,50,25,0.5,0.1936,0.35849264122813784,0.28,0.28,0.3093731866407082,0.8199381052958776
prelor_vs_lor_task2,gcc_core_plus_confounds,91,50,25,0.5,0.1888,0.3538934262240631,0.3,0.3,0.314114547099032,0.8293574491407583
prelor_vs_lor_task2,gcc_core_plus_confounds,92,50,25,0.5,0.44160000000000005,0.48023245093888406,0.44,0.44,0.28961150644530453,0.789544322346329
prelor_vs_lor_task2,gcc_core_plus_confounds,93,50,25,0.5,0.6848000000000001,0.7250886482769037,0.68,0.68,0.2318938445135936,0.6594415832664206
prelor_vs_lor_task2,gcc_core_plus_confounds,94,50,25,0.5,0.48319999999999996,0.5365860012827264,0.48,0.48,0.2814865684000817,0.7724630108683705
prelor_vs_lor_task2,gcc_core_plus_confounds,95,50,25,0.5,0.5024,0.5874378355873545,0.52,0.52,0.26450709119692,0.7253161732961111
prelor_vs_lor_task2,gcc_core_plus_confounds,96,50,25,0.5,0.34719999999999995,0.42164364953926053,0.42000000000000004,0.42,0.30628216631403044,0.818557313980009
prelor_vs_lor_task2,gcc_core_plus_confounds,97,50,25,0.5,0.35519999999999996,0.4512154906547965,0.4,0.4,0.2979816225751158,0.7994840474429605
prelor_vs_lor_task2,gcc_core_plus_confounds,98,50,25,0.5,0.624,0.5866817922669311,0.64,0.64,0.2588331826446326,0.7397432720855279
prelor_vs_lor_task2,gcc_core_plus_confounds,99,50,25,0.5,0.6095999999999999,0.568245779607123,0.52,0.52,0.2490738878088466,0.6927492432971282
prelor_vs_lor_task2,gcc_core_plus_confounds,100,50,25,0.5,0.7088,0.7027411502545812,0.72,0.72,0.21884386212609488,0.6315257896679067
prelor_vs_lor_task2,gcc_regime_plus_confounds,1,50,25,0.5,0.5504,0.5865270085853678,0.5800000000000001,0.58,0.27411739097740423,0.7685249117372726
prelor_vs_lor_task2,gcc_regime_plus_confounds,2,50,25,0.5,0.5024,0.5262997260882487,0.5,0.5,0.29013316921977844,0.8042698995779548
prelor_vs_lor_task2,gcc_regime_plus_confounds,3,50,25,0.5,0.3424,0.48607099338797694,0.36,0.36,0.313366891605923,0.8326901408470924
prelor_vs_lor_task2,gcc_regime_plus_confounds,4,50,25,0.5,0.4432,0.47575643733491263,0.52,0.52,0.2966407770084017,0.8091965611827554
prelor_vs_lor_task2,gcc_regime_plus_confounds,5,50,25,0.5,0.6239999999999999,0.6610186034622865,0.6799999999999999,0.68,0.25277518090289725,0.7359205805512056
prelor_vs_lor_task2,gcc_regime_plus_confounds,6,50,25,0.5,0.5264,0.5025707048986179,0.45999999999999996,0.46,0.2715734029419276,0.7454123847203479
prelor_vs_lor_task2,gcc_regime_plus_confounds,7,50,25,0.5,0.5168,0.4969601936958073,0.5800000000000001,0.58,0.28292412765949093,0.7800762852549898
prelor_vs_lor_task2,gcc_regime_plus_confounds,8,50,25,0.5,0.392,0.47666346757205647,0.38,0.38,0.31759431231502677,0.8524782943836646
prelor_vs_lor_task2,gcc_regime_plus_confounds,9,50,25,0.5,0.4112,0.47428088222617737,0.44,0.44,0.29450126535959886,0.8075991541378603
prelor_vs_lor_task2,gcc_regime_plus_confounds,10,50,25,0.5,0.4096000000000001,0.4274759668653516,0.46,0.46,0.2900555649789044,0.788785874359794
prelor_vs_lor_task2,gcc_regime_plus_confounds,11,50,25,0.5,0.5552,0.6069459520106182,0.54,0.54,0.26679657557739794,0.7420422872394584
prelor_vs_lor_task2,gcc_regime_plus_confounds,12,50,25,0.5,0.4816,0.49428203582591584,0.5,0.5,0.2966953679503021,0.8274483198198093
prelor_vs_lor_task2,gcc_regime_plus_confounds,13,50,25,0.5,0.2736,0.390898012901142,0.36,0.36,0.32138918518554993,0.8496538562346747
prelor_vs_lor_task2,gcc_regime_plus_confounds,14,50,25,0.5,0.5056,0.5079211426898529,0.48,0.48,0.26993358481536095,0.7425070403641283
prelor_vs_lor_task2,gcc_regime_plus_confounds,15,50,25,0.5,0.5728000000000001,0.566460264542926,0.54,0.54,0.26322835096210156,0.7370302908556612
prelor_vs_lor_task2,gcc_regime_plus_confounds,16,50,25,0.5,0.1424,0.34160348400717366,0.30000000000000004,0.3,0.3360012263277157,0.8878285486436552
prelor_vs_lor_task2,gcc_regime_plus_confounds,17,50,25,0.5,0.3232,0.4114411593704837,0.32,0.32,0.3172322130727105,0.8423309740269747
prelor_vs_lor_task2,gcc_regime_plus_confounds,18,50,25,0.5,0.37279999999999996,0.4446694158105679,0.44,0.44,0.3116904916749428,0.8499137493936708
prelor_vs_lor_task2,gcc_regime_plus_confounds,19,50,25,0.5,0.47840000000000005,0.4998593673500506,0.52,0.52,0.2833077716416294,0.7737310135772161
prelor_vs_lor_task2,gcc_regime_plus_confounds,20,50,25,0.5,0.6911999999999999,0.7283236611166033,0.56,0.56,0.22458903138713798,0.6301173816607559
prelor_vs_lor_task2,gcc_regime_plus_confounds,21,50,25,0.5,0.5632,0.5375503645425846,0.52,0.52,0.26200802099812226,0.7299385700738101
prelor_vs_lor_task2,gcc_regime_plus_confounds,22,50,25,0.5,0.7488,0.8090021301433495,0.7,0.7,0.2078214132905036,0.6119926071039843
prelor_vs_lor_task2,gcc_regime_plus_confounds,23,50,25,0.5,0.3615999999999999,0.4152364289510264,0.42,0.42,0.31496527214211734,0.8506249552915593
prelor_vs_lor_task2,gcc_regime_plus_confounds,24,50,25,0.5,0.5680000000000001,0.5866102850688382,0.64,0.64,0.2611487943032291,0.7214754199063322
prelor_vs_lor_task2,gcc_regime_plus_confounds,25,50,25,0.5,0.4304,0.5369318939692715,0.4,0.4,0.2771221268859664,0.7573282610538754
prelor_vs_lor_task2,gcc_regime_plus_confounds,26,50,25,0.5,0.43039999999999995,0.4485081732146848,0.4,0.4,0.28832128710162375,0.778421594682332
prelor_vs_lor_task2,gcc_regime_plus_confounds,27,50,25,0.5,0.5632,0.5829518342272851,0.54,0.54,0.26586433833319684,0.7336400375124836
prelor_vs_lor_task2,gcc_regime_plus_confounds,28,50,25,0.5,0.5456,0.5254203750224378,0.5,0.5,0.2704296477560145,0.7431513988811969
prelor_vs_lor_task2,gcc_regime_plus_confounds,29,50,25,0.5,0.3088,0.4003740661963905,0.4,0.4,0.31736189448881147,0.8454095887363386
prelor_vs_lor_task2,gcc_regime_plus_confounds,30,50,25,0.5,0.4944,0.49858262274399273,0.56,0.56,0.296963193005616,0.863452279925759
prelor_vs_lor_task2,gcc_regime_plus_confounds,31,50,25,0.5,0.5616,0.5631135322199641,0.5,0.5,0.2775353775455957,0.7737457012136683
prelor_vs_lor_task2,gcc_regime_plus_confounds,32,50,25,0.5,0.6096,0.6330016715055905,0.6000000000000001,0.6,0.25567822016909575,0.7152675854924201
prelor_vs_lor_task2,gcc_regime_plus_confounds,33,50,25,0.5,0.4608,0.5184327809036702,0.48,0.48,0.2977328804308809,0.811623564408464
prelor_vs_lor_task2,gcc_regime_plus_confounds,34,50,25,0.5,0.536,0.5486283252066495,0.5,0.5,0.26330804732782315,0.7624396319933889
prelor_vs_lor_task2,gcc_regime_plus_confounds,35,50,25,0.5,0.5392,0.5442407372538184,0.56,0.56,0.26501215504941555,0.7453498032576065
prelor_vs_lor_task2,gcc_regime_plus_confounds,36,50,25,0.5,0.6176,0.5739924520219128,0.64,0.64,0.25746017616768696,0.7404025113043907
prelor_vs_lor_task2,gcc_regime_plus_confounds,37,50,25,0.5,0.44480000000000003,0.5372049784551628,0.44,0.44,0.28809624051037835,0.7788228711809435
prelor_vs_lor_task2,gcc_regime_plus_confounds,38,50,25,0.5,0.6912,0.6705909556964211,0.6799999999999999,0.68,0.23267157246565703,0.7005625216239452
prelor_vs_lor_task2,gcc_regime_plus_confounds,39,50,25,0.5,0.49279999999999996,0.5572275028748126,0.5,0.5,0.29200993654808755,0.8126163687116548
prelor_vs_lor_task2,gcc_regime_plus_confounds,40,50,25,0.5,0.6048,0.5614484683241512,0.62,0.62,0.2564454809683374,0.7229582197530207
prelor_vs_lor_task2,gcc_regime_plus_confounds,41,50,25,0.5,0.4224,0.4545305034469446,0.5,0.5,0.29761293596628025,0.7995161789049127
prelor_vs_lor_task2,gcc_regime_plus_confounds,42,50,25,0.5,0.3728,0.44575309405112895,0.4,0.4,0.3032093013531725,0.8210457392870855
prelor_vs_lor_task2,gcc_regime_plus_confounds,43,50,25,0.5,0.5504,0.590114905675746,0.52,0.52,0.26864003727372754,0.7511164330634986
prelor_vs_lor_task2,gcc_regime_plus_confounds,44,50,25,0.5,0.5136000000000001,0.500335751573,0.5,0.5,0.2816483859818856,0.7726191260002344
prelor_vs_lor_task2,gcc_regime_plus_confounds,45,50,25,0.5,0.36960000000000004,0.43455367336160167,0.46,0.46,0.30136675839854915,0.8059225332622729
prelor_vs_lor_task2,gcc_regime_plus_confounds,46,50,25,0.5,0.5327999999999999,0.5084310490437438,0.56,0.56,0.27598907337017053,0.7696786484327152
prelor_vs_lor_task2,gcc_regime_plus_confounds,47,50,25,0.5,0.336,0.4102131585963151,0.42,0.42,0.31741402661903595,0.8499118300604566
prelor_vs_lor_task2,gcc_regime_plus_confounds,48,50,25,0.5,0.3952,0.4296069207042022,0.44,0.44,0.29755457942996744,0.802481479607254
prelor_vs_lor_task2,gcc_regime_plus_confounds,49,50,25,0.5,0.6976,0.6226371192768285,0.76,0.76,0.23024826276428556,0.6781096556149655
prelor_vs_lor_task2,gcc_regime_plus_confounds,50,50,25,0.5,0.664,0.7003778038068126,0.6000000000000001,0.6,0.23372586117084246,0.6581115380000344
prelor_vs_lor_task2,gcc_regime_plus_confounds,51,50,25,0.5,0.6160000000000001,0.6422779428193839,0.62,0.62,0.25660814033738144,0.7746190161536678
prelor_vs_lor_task2,gcc_regime_plus_confounds,52,50,25,0.5,0.352,0.43343346615618994,0.33999999999999997,0.34,0.30863259250626346,0.8272637790791205
prelor_vs_lor_task2,gcc_regime_plus_confounds,53,50,25,0.5,0.3728,0.42848990828141204,0.45999999999999996,0.46,0.2904999768491993,0.7793018473510332
prelor_vs_lor_task2,gcc_regime_plus_confounds,54,50,25,0.5,0.7136,0.6614200844195521,0.7,0.7,0.22345974946364397,0.6682833421087753
prelor_vs_lor_task2,gcc_regime_plus_confounds,55,50,25,0.5,0.5248,0.5833461729065944,0.56,0.56,0.2640724012434039,0.7268542619800027
prelor_vs_lor_task2,gcc_regime_plus_confounds,56,50,25,0.5,0.5855999999999999,0.5670659403423681,0.56,0.56,0.25710013231676937,0.7202521420599761
prelor_vs_lor_task2,gcc_regime_plus_confounds,57,50,25,0.5,0.35359999999999997,0.41421018485217503,0.46,0.46,0.3059232273746629,0.8238471120918187
prelor_vs_lor_task2,gcc_regime_plus_confounds,58,50,25,0.5,0.6368,0.6080648735645889,0.56,0.56,0.24679068121348974,0.702906618704126
prelor_vs_lor_task2,gcc_regime_plus_confounds,59,50,25,0.5,0.392,0.4765534127613512,0.4,0.4,0.2929511004563827,0.7882980174521521
prelor_vs_lor_task2,gcc_regime_plus_confounds,60,50,25,0.5,0.6112,0.6056255020124643,0.54,0.54,0.2557450011593058,0.7150393301095298
prelor_vs_lor_task2,gcc_regime_plus_confounds,61,50,25,0.5,0.3392,0.42837128702787475,0.36,0.36,0.305478830770492,0.8140096414979626
prelor_vs_lor_task2,gcc_regime_plus_confounds,62,50,25,0.5,0.4736,0.5085050606899417,0.48,0.48,0.28932545207992144,0.803918141883163
prelor_vs_lor_task2,gcc_regime_plus_confounds,63,50,25,0.5,0.45920000000000005,0.46661970652424756,0.56,0.56,0.2957246786384148,0.8051283924299562
prelor_vs_lor_task2,gcc_regime_plus_confounds,64,50,25,0.5,0.6752,0.6622621435483476,0.62,0.62,0.23186025091510223,0.6740938984577558
prelor_vs_lor_task2,gcc_regime_plus_confounds,65,50,25,0.5,0.5456,0.5194343892709701,0.54,0.54,0.27286710125996594,0.7494930601735971
prelor_vs_lor_task2,gcc_regime_plus_confounds,66,50,25,0.5,0.2704,0.44372253756068925,0.36,0.36,0.318397279745706,0.8399157532813362
prelor_vs_lor_task2,gcc_regime_plus_confounds,67,50,25,0.5,0.5744,0.5590360615722803,0.54,0.54,0.2606868107242465,0.7343299539032612
prelor_vs_lor_task2,gcc_regime_plus_confounds,68,50,25,0.5,0.5232,0.581942960820686,0.5800000000000001,0.58,0.26861837728875193,0.7387405161699974
prelor_vs_lor_task2,gcc_regime_plus_confounds,69,50,25,0.5,0.6112,0.6252218712099139,0.64,0.64,0.2601663006022454,0.7390407430357118
prelor_vs_lor_task2,gcc_regime_plus_confounds,70,50,25,0.5,0.6544,0.6284969506634556,0.64,0.64,0.24273846533164897,0.6883518624912708
prelor_vs_lor_task2,gcc_regime_plus_confounds,71,50,25,0.5,0.5471999999999999,0.570347125772844,0.54,0.54,0.265997015642166,0.7313552571061802
prelor_vs_lor_task2,gcc_regime_plus_confounds,72,50,25,0.5,0.5760000000000001,0.6534431149099592,0.5800000000000001,0.58,0.25924705991120445,0.7203397939604124
prelor_vs_lor_task2,gcc_regime_plus_confounds,73,50,25,0.5,0.5823999999999999,0.5940532801331428,0.5800000000000001,0.58,0.26694489069444205,0.7464538660423632
prelor_vs_lor_task2,gcc_regime_plus_confounds,74,50,25,0.5,0.27999999999999997,0.3838585996973628,0.32,0.32,0.31728606028086026,0.8564319942382493
prelor_vs_lor_task2,gcc_regime_plus_confounds,75,50,25,0.5,0.5232,0.5230023439467333,0.54,0.54,0.28244769909318657,0.7983004114622945
prelor_vs_lor_task2,gcc_regime_plus_confounds,76,50,25,0.5,0.5439999999999999,0.5633087908199206,0.6000000000000001,0.6,0.2702659264736135,0.7506185878634049
prelor_vs_lor_task2,gcc_regime_plus_confounds,77,50,25,0.5,0.6256,0.6133728536291613,0.6000000000000001,0.6,0.24500889612296406,0.6908046153886619
prelor_vs_lor_task2,gcc_regime_plus_confounds,78,50,25,0.5,0.4192,0.4555051010226292,0.5,0.5,0.31022705537559786,0.8574336147281011
prelor_vs_lor_task2,gcc_regime_plus_confounds,79,50,25,0.5,0.4064,0.44189398293783155,0.4,0.4,0.2859776827668813,0.7714866060435074
prelor_vs_lor_task2,gcc_regime_plus_confounds,80,50,25,0.5,0.6192,0.6483949176831013,0.5800000000000001,0.58,0.2543840459273936,0.7172258123350322
prelor_vs_lor_task2,gcc_regime_plus_confounds,81,50,25,0.5,0.31839999999999996,0.4036626716567737,0.4,0.4,0.3152118435054041,0.8410925949772974
prelor_vs_lor_task2,gcc_regime_plus_confounds,82,50,25,0.5,0.4496,0.4746635590806752,0.46,0.46,0.3012437596974673,0.8244143855983471
prelor_vs_lor_task2,gcc_regime_plus_confounds,83,50,25,0.5,0.43040000000000006,0.46837939833579567,0.45999999999999996,0.46,0.299636216857587,0.878075605961876
prelor_vs_lor_task2,gcc_regime_plus_confounds,84,50,25,0.5,0.3184,0.4013890720844708,0.42,0.42,0.31369435525551614,0.8352165571370395
prelor_vs_lor_task2,gcc_regime_plus_confounds,85,50,25,0.5,0.2192,0.36209357015896004,0.36,0.36,0.3109989257203354,0.8279238115919273
prelor_vs_lor_task2,gcc_regime_plus_confounds,86,50,25,0.5,0.584,0.524597519757165,0.6200000000000001,0.62,0.27137711412398935,0.788683456973367
prelor_vs_lor_task2,gcc_regime_plus_confounds,87,50,25,0.5,0.5568,0.5429907658530233,0.52,0.52,0.2726598954793557,0.7807772082734258
prelor_vs_lor_task2,gcc_regime_plus_confounds,88,50,25,0.5,0.5072,0.5527228843426268,0.5,0.5,0.27615102702860994,0.7569987671304453
prelor_vs_lor_task2,gcc_regime_plus_confounds,89,50,25,0.5,0.2832,0.3825998571891493,0.4,0.4,0.31683482131722146,0.863005867799394
prelor_vs_lor_task2,gcc_regime_plus_confounds,90,50,25,0.5,0.5712,0.5746563132841436,0.64,0.64,0.2682370979047411,0.7658446483134359
prelor_vs_lor_task2,gcc_regime_plus_confounds,91,50,25,0.5,0.45600000000000007,0.48629738074316337,0.48,0.48,0.2905524865418723,0.7893552515691995
prelor_vs_lor_task2,gcc_regime_plus_confounds,92,50,25,0.5,0.4912,0.47745867296866,0.56,0.56,0.28311059220326307,0.7689578434683177
prelor_vs_lor_task2,gcc_regime_plus_confounds,93,50,25,0.5,0.33599999999999997,0.41102733955053244,0.38,0.38,0.3094443861371909,0.8242092440421748
prelor_vs_lor_task2,gcc_regime_plus_confounds,94,50,25,0.5,0.5056,0.5521765959732396,0.52,0.52,0.2880068327793188,0.7906508688594824
prelor_vs_lor_task2,gcc_regime_plus_confounds,95,50,25,0.5,0.3264,0.4127771539634659,0.42000000000000004,0.42,0.31791050293035705,0.8574206557778841
prelor_vs_lor_task2,gcc_regime_plus_confounds,96,50,25,0.5,0.4992,0.5603112188341015,0.52,0.52,0.28828083122341464,0.7897161190119288
prelor_vs_lor_task2,gcc_regime_plus_confounds,97,50,25,0.5,0.2944,0.41105850525215726,0.36,0.36,0.31296785179881004,0.8449658353575151
prelor_vs_lor_task2,gcc_regime_plus_confounds,98,50,25,0.5,0.5088,0.5050770875426251,0.56,0.56,0.27391656060246683,0.7487836821054193
prelor_vs_lor_task2,gcc_regime_plus_confounds,99,50,25,0.5,0.5008,0.5594140394544136,0.44,0.44,0.27441954421349013,0.744900595796923
prelor_vs_lor_task2,gcc_regime_plus_confounds,100,50,25,0.5,0.5855999999999999,0.6373361748655,0.54,0.54,0.25874752137854823,0.7112756438403705
prelor_vs_lor_task2,full_standard_plus_gcc,1,50,25,0.5,0.44,0.5231495859876268,0.48,0.48,0.3007095455375339,0.813565297699834
prelor_vs_lor_task2,full_standard_plus_gcc,2,50,25,0.5,0.4976,0.5614690179135762,0.54,0.54,0.2856619508026371,0.7912199839117645
prelor_vs_lor_task2,full_standard_plus_gcc,3,50,25,0.5,0.472,0.4573935406979541,0.48,0.48,0.281039868720736,0.7628363502871828
prelor_vs_lor_task2,full_standard_plus_gcc,4,50,25,0.5,0.24,0.3692108380617656,0.38,0.38,0.33039215572588687,0.8684318739365995
prelor_vs_lor_task2,full_standard_plus_gcc,5,50,25,0.5,0.544,0.5207846868563777,0.52,0.52,0.2757570919106395,0.7671022552275641
prelor_vs_lor_task2,full_standard_plus_gcc,6,50,25,0.5,0.7344,0.6602345969472672,0.72,0.72,0.2117268369936027,0.6239201415950217
prelor_vs_lor_task2,full_standard_plus_gcc,7,50,25,0.5,0.5552,0.527810561446159,0.6,0.6,0.2785424808454834,0.8270410652885292
prelor_vs_lor_task2,full_standard_plus_gcc,8,50,25,0.5,0.4736,0.4788604722636631,0.56,0.56,0.29669000319238276,0.8390510173666017
prelor_vs_lor_task2,full_standard_plus_gcc,9,50,25,0.5,0.4,0.4464184116867236,0.36,0.36,0.2960852964795845,0.7965944885629976
prelor_vs_lor_task2,full_standard_plus_gcc,10,50,25,0.5,0.4416,0.4555667823695865,0.54,0.54,0.3012946483354107,0.8174520650679311
prelor_vs_lor_task2,full_standard_plus_gcc,11,50,25,0.5,0.4848,0.5346708352344358,0.48,0.48,0.2915708015235258,0.8194925095153858
prelor_vs_lor_task2,full_standard_plus_gcc,12,50,25,0.5,0.3696,0.44781441906644504,0.38,0.38,0.31764669421146874,0.854333665758803
prelor_vs_lor_task2,full_standard_plus_gcc,13,50,25,0.5,0.3312,0.40537133671226233,0.36,0.36,0.31264788714562514,0.8347481467739422
prelor_vs_lor_task2,full_standard_plus_gcc,14,50,25,0.5,0.2992,0.3898003379356749,0.42000000000000004,0.42,0.3248295026275034,0.87709959468738
prelor_vs_lor_task2,full_standard_plus_gcc,15,50,25,0.5,0.5152,0.5536043482984085,0.52,0.52,0.27631078411789134,0.7582818550555415
prelor_vs_lor_task2,full_standard_plus_gcc,16,50,25,0.5,0.3744,0.4202711103779727,0.36,0.36,0.3038940303550036,0.8241910835383485
prelor_vs_lor_task2,full_standard_plus_gcc,17,50,25,0.5,0.5744,0.601661436529142,0.56,0.56,0.2677126124682337,0.7689910912865534
prelor_vs_lor_task2,full_standard_plus_gcc,18,50,25,0.5,0.3952,0.43087590150815236,0.5,0.5,0.30249346966442714,0.8120968675520982
prelor_vs_lor_task2,full_standard_plus_gcc,19,50,25,0.5,0.5968,0.5580714955942576,0.5800000000000001,0.58,0.2597646939270294,0.7310984464296113
prelor_vs_lor_task2,full_standard_plus_gcc,20,50,25,0.5,0.5408,0.507920730168434,0.54,0.54,0.27833060927594155,0.776839117924977
prelor_vs_lor_task2,full_standard_plus_gcc,21,50,25,0.5,0.7136,0.6700098663605158,0.66,0.66,0.2148929069654316,0.619913317045572
prelor_vs_lor_task2,full_standard_plus_gcc,22,50,25,0.5,0.42400000000000004,0.4674793052909546,0.42,0.42,0.2988617314010228,0.8148169282936192
prelor_vs_lor_task2,full_standard_plus_gcc,23,50,25,0.5,0.43520000000000003,0.4740322199959853,0.44,0.44,0.2982613160127118,0.8256557733683642
prelor_vs_lor_task2,full_standard_plus_gcc,24,50,25,0.5,0.49279999999999996,0.5279833756117469,0.48,0.48,0.2833203779919246,0.7788166790667542
prelor_vs_lor_task2,full_standard_plus_gcc,25,50,25,0.5,0.3952,0.46612403093083693,0.48,0.48,0.29769039402412273,0.7992071019534335
prelor_vs_lor_task2,full_standard_plus_gcc,26,50,25,0.5,0.608,0.5689439699158997,0.6799999999999999,0.68,0.2641753390607122,0.7890465447613209
prelor_vs_lor_task2,full_standard_plus_gcc,27,50,25,0.5,0.6416,0.6075731047020345,0.6,0.6,0.23947737625524898,0.6680014237667242
prelor_vs_lor_task2,full_standard_plus_gcc,28,50,25,0.5,0.4688,0.4811109791587904,0.52,0.52,0.2907265098111809,0.7897221296379558
prelor_vs_lor_task2,full_standard_plus_gcc,29,50,25,0.5,0.5072,0.5290740379155735,0.48,0.48,0.2772272615807422,0.7657312922446952
prelor_vs_lor_task2,full_standard_plus_gcc,30,50,25,0.5,0.39999999999999997,0.43420625747090236,0.46,0.46,0.30557499625095375,0.8686101178551054
prelor_vs_lor_task2,full_standard_plus_gcc,31,50,25,0.5,0.3536,0.43050820358486674,0.44,0.44,0.31741226929239774,0.8634274883286857
prelor_vs_lor_task2,full_standard_plus_gcc,32,50,25,0.5,0.6,0.6425444535235951,0.5800000000000001,0.58,0.25756443243776767,0.7441629848425889
prelor_vs_lor_task2,full_standard_plus_gcc,33,50,25,0.5,0.488,0.48595856351044975,0.48,0.48,0.27960974126128685,0.768790137496202
prelor_vs_lor_task2,full_standard_plus_gcc,34,50,25,0.5,0.3184,0.40734981127276704,0.4,0.4,0.3053154326622435,0.8114780266999609
prelor_vs_lor_task2,full_standard_plus_gcc,35,50,25,0.5,0.2752,0.38001475505678955,0.34,0.34,0.32661470673144705,0.8730187304906019
prelor_vs_lor_task2,full_standard_plus_gcc,36,50,25,0.5,0.4608,0.4883882138936925,0.48,0.48,0.28428102475701644,0.7807150127492567
prelor_vs_lor_task2,full_standard_plus_gcc,37,50,25,0.5,0.5760000000000001,0.562079228285001,0.56,0.56,0.27047298306793843,0.7789085704014893
prelor_vs_lor_task2,full_standard_plus_gcc,38,50,25,0.5,0.392,0.43824525065342534,0.4,0.4,0.30194786804305,0.819731787275057
prelor_vs_lor_task2,full_standard_plus_gcc,39,50,25,0.5,0.48960000000000004,0.5261182045934026,0.5800000000000001,0.58,0.2831592196651493,0.7704804732038254
prelor_vs_lor_task2,full_standard_plus_gcc,40,50,25,0.5,0.3632,0.48522676152692545,0.42000000000000004,0.42,0.2971282266914559,0.79345208329864
prelor_vs_lor_task2,full_standard_plus_gcc,41,50,25,0.5,0.48160000000000003,0.48825724658611624,0.45999999999999996,0.46,0.2876560052561914,0.7814367693643579
prelor_vs_lor_task2,full_standard_plus_gcc,42,50,25,0.5,0.48479999999999995,0.5166495557416356,0.56,0.56,0.28109389285312736,0.7624701962690996
prelor_vs_lor_task2,full_standard_plus_gcc,43,50,25,0.5,0.42400000000000004,0.4606685862695048,0.46,0.46,0.30164689217440616,0.8299143672046493
prelor_vs_lor_task2,full_standard_plus_gcc,44,50,25,0.5,0.6032,0.5734482978624291,0.6000000000000001,0.6,0.25668838433408986,0.7288051255983273
prelor_vs_lor_task2,full_standard_plus_gcc,45,50,25,0.5,0.6704,0.6137150040994319,0.6799999999999999,0.68,0.23636186513928778,0.6938812431471986
prelor_vs_lor_task2,full_standard_plus_gcc,46,50,25,0.5,0.5488,0.5443467015046428,0.54,0.54,0.277780125652734,0.8145480825797411
prelor_vs_lor_task2,full_standard_plus_gcc,47,50,25,0.5,0.5536,0.5109297673306333,0.54,0.54,0.26863452906027524,0.7442012948753682
prelor_vs_lor_task2,full_standard_plus_gcc,48,50,25,0.5,0.3664,0.46089159002414704,0.4,0.4,0.29054590172956707,0.7816832701175442
prelor_vs_lor_task2,full_standard_plus_gcc,49,50,25,0.5,0.5088,0.5344835769570968,0.45999999999999996,0.46,0.27476321183635116,0.7452865053425596
prelor_vs_lor_task2,full_standard_plus_gcc,50,50,25,0.5,0.584,0.5874624627198175,0.5800000000000001,0.58,0.2648748870415097,0.745011904641772
prelor_vs_lor_task2,full_standard_plus_gcc,51,50,25,0.5,0.5456,0.5263199989185134,0.62,0.62,0.2815490857094954,0.7954618323037017
prelor_vs_lor_task2,full_standard_plus_gcc,52,50,25,0.5,0.5264,0.4921138664968686,0.56,0.56,0.26658373325444923,0.7293397291665008
prelor_vs_lor_task2,full_standard_plus_gcc,53,50,25,0.5,0.6144000000000001,0.6656053144579144,0.5800000000000001,0.58,0.2578908010100733,0.7261171833240048
prelor_vs_lor_task2,full_standard_plus_gcc,54,50,25,0.5,0.5327999999999999,0.5328346119380986,0.5800000000000001,0.58,0.2802646730358347,0.7764660442415636
prelor_vs_lor_task2,full_standard_plus_gcc,55,50,25,0.5,0.664,0.6624427359510086,0.68,0.68,0.24379287959724627,0.7188307099857647
prelor_vs_lor_task2,full_standard_plus_gcc,56,50,25,0.5,0.3984,0.4375861199763793,0.44,0.44,0.31821379786279114,0.8842380543572845
prelor_vs_lor_task2,full_standard_plus_gcc,57,50,25,0.5,0.4128,0.47169073258299493,0.4,0.4,0.30267522760286714,0.8143100403520072
prelor_vs_lor_task2,full_standard_plus_gcc,58,50,25,0.5,0.3632,0.423688231963798,0.4,0.4,0.3151518721989584,0.8556077091846255
prelor_vs_lor_task2,full_standard_plus_gcc,59,50,25,0.5,0.5312,0.5761061159961474,0.44,0.44,0.2719947362558212,0.7500211952145436
prelor_vs_lor_task2,full_standard_plus_gcc,60,50,25,0.5,0.4976,0.4937858040027576,0.46,0.46,0.2828408778049098,0.7840212841774088
prelor_vs_lor_task2,full_standard_plus_gcc,61,50,25,0.5,0.5824000000000001,0.6999676546651318,0.5,0.5,0.25716760734439875,0.7155394097392649
prelor_vs_lor_task2,full_standard_plus_gcc,62,50,25,0.5,0.4784,0.507797868686104,0.46,0.46,0.29113529052585724,0.7876201101778222
prelor_vs_lor_task2,full_standard_plus_gcc,63,50,25,0.5,0.272,0.3828451174183052,0.36,0.36,0.32571117060647664,0.8711826031306784
prelor_vs_lor_task2,full_standard_plus_gcc,64,50,25,0.5,0.5888,0.6430030661048867,0.56,0.56,0.2653231327482919,0.731502184743685
prelor_vs_lor_task2,full_standard_plus_gcc,65,50,25,0.5,0.624,0.5802249862184825,0.68,0.68,0.255398568504411,0.7362270989943144
prelor_vs_lor_task2,full_standard_plus_gcc,66,50,25,0.5,0.41279999999999994,0.45035729710267103,0.4,0.4,0.3036046602242461,0.8191523155546108
prelor_vs_lor_task2,full_standard_plus_gcc,67,50,25,0.5,0.432,0.4681008599640766,0.44,0.44,0.29848351719643784,0.811844025470581
prelor_vs_lor_task2,full_standard_plus_gcc,68,50,25,0.5,0.44480000000000003,0.4583689539474917,0.46,0.46,0.29297634315573556,0.7928294004541477
prelor_vs_lor_task2,full_standard_plus_gcc,69,50,25,0.5,0.5808,0.5475077220584708,0.54,0.54,0.2651302978894958,0.7465475301870693
prelor_vs_lor_task2,full_standard_plus_gcc,70,50,25,0.5,0.2624,0.3835083532204107,0.33999999999999997,0.34,0.31960684607593964,0.8573220493280096
prelor_vs_lor_task2,full_standard_plus_gcc,71,50,25,0.5,0.4528,0.5094645611998362,0.42000000000000004,0.42,0.2943946177777782,0.7982591106625552
prelor_vs_lor_task2,full_standard_plus_gcc,72,50,25,0.5,0.2272,0.3765177253086222,0.34,0.34,0.31574304724873037,0.8336852495020329
prelor_vs_lor_task2,full_standard_plus_gcc,73,50,25,0.5,0.6144,0.6492492155500065,0.5800000000000001,0.58,0.24801704719999454,0.7003472485965822
prelor_vs_lor_task2,full_standard_plus_gcc,74,50,25,0.5,0.608,0.6521084414682662,0.52,0.52,0.24878462828286985,0.6931494226319193
prelor_vs_lor_task2,full_standard_plus_gcc,75,50,25,0.5,0.3328,0.40017373143958185,0.42000000000000004,0.42,0.3029394576631018,0.8073734598647587
prelor_vs_lor_task2,full_standard_plus_gcc,76,50,25,0.5,0.5871999999999999,0.5685754405761902,0.56,0.56,0.25668412534460844,0.7129408056696698
prelor_vs_lor_task2,full_standard_plus_gcc,77,50,25,0.5,0.28320000000000006,0.3820647094894691,0.38,0.38,0.32837434765928664,0.8733907958335329
prelor_vs_lor_task2,full_standard_plus_gcc,78,50,25,0.5,0.472,0.4759338922416212,0.48,0.48,0.2775644385651344,0.7571034650147491
prelor_vs_lor_task2,full_standard_plus_gcc,79,50,25,0.5,0.5711999999999999,0.5665203902037466,0.54,0.54,0.26932880762489647,0.7526801680619039
prelor_vs_lor_task2,full_standard_plus_gcc,80,50,25,0.5,0.5392,0.6078690629788375,0.5,0.5,0.26719931890347465,0.7314795224278877
prelor_vs_lor_task2,full_standard_plus_gcc,81,50,25,0.5,0.4592,0.5048375777629194,0.44,0.44,0.2927328351694591,0.8054394202965774
prelor_vs_lor_task2,full_standard_plus_gcc,82,50,25,0.5,0.45119999999999993,0.46028969088974947,0.45999999999999996,0.46,0.2896788023105673,0.7946087549231747
prelor_vs_lor_task2,full_standard_plus_gcc,83,50,25,0.5,0.3328,0.40155492487010436,0.4,0.4,0.30922018898727544,0.8261055070279057
prelor_vs_lor_task2,full_standard_plus_gcc,84,50,25,0.5,0.2992,0.3940311329899431,0.4,0.4,0.3270610606075083,0.8879018297285747
prelor_vs_lor_task2,full_standard_plus_gcc,85,50,25,0.5,0.48480000000000006,0.5606555369019441,0.5,0.5,0.2853780450659151,0.7855722190520774
prelor_vs_lor_task2,full_standard_plus_gcc,86,50,25,0.5,0.6048,0.5751841298449536,0.5800000000000001,0.58,0.2663140928342847,0.7691989128119178
prelor_vs_lor_task2,full_standard_plus_gcc,87,50,25,0.5,0.5808,0.5568358946404017,0.62,0.62,0.2704852950151399,0.7643855817933113
prelor_vs_lor_task2,full_standard_plus_gcc,88,50,25,0.5,0.47680000000000006,0.5134997112288133,0.45999999999999996,0.46,0.29009843255318557,0.8065293093146011
prelor_vs_lor_task2,full_standard_plus_gcc,89,50,25,0.5,0.6576,0.603843676556697,0.68,0.68,0.23843677889949466,0.6837877418906058
prelor_vs_lor_task2,full_standard_plus_gcc,90,50,25,0.5,0.6208,0.6167211401495251,0.5800000000000001,0.58,0.2550251536597653,0.7134036562343458
prelor_vs_lor_task2,full_standard_plus_gcc,91,50,25,0.5,0.336,0.46107672432625046,0.36,0.36,0.3070811774539406,0.8243010406595097
prelor_vs_lor_task2,full_standard_plus_gcc,92,50,25,0.5,0.6032,0.5786905734341009,0.56,0.56,0.26311550453178073,0.7758421805702667
prelor_vs_lor_task2,full_standard_plus_gcc,93,50,25,0.5,0.6064,0.5669541837214388,0.5800000000000001,0.58,0.25787920273367904,0.7698329750716004
prelor_vs_lor_task2,full_standard_plus_gcc,94,50,25,0.5,0.5328,0.5975205261083202,0.54,0.54,0.27339292560777684,0.7461086130962157
prelor_vs_lor_task2,full_standard_plus_gcc,95,50,25,0.5,0.33120000000000005,0.41874821089834613,0.38,0.38,0.30517226028285427,0.8285274325257614
prelor_vs_lor_task2,full_standard_plus_gcc,96,50,25,0.5,0.6048,0.6135799569737652,0.5800000000000001,0.58,0.2579462575810623,0.7346038108876034
prelor_vs_lor_task2,full_standard_plus_gcc,97,50,25,0.5,0.472,0.591853477595877,0.52,0.52,0.27983513925370107,0.7611944956126362
prelor_vs_lor_task2,full_standard_plus_gcc,98,50,25,0.5,0.5664,0.6106139983847765,0.54,0.54,0.2645227207799541,0.7303951690416723
prelor_vs_lor_task2,full_standard_plus_gcc,99,50,25,0.5,0.38079999999999997,0.43063852235456057,0.4,0.4,0.2962053147255762,0.8052696164415596
prelor_vs_lor_task2,full_standard_plus_gcc,100,50,25,0.5,0.728,0.7055744170279818,0.7,0.7,0.2187227860189342,0.6513130183840241
lor_vs_ror_task3,confounds_motion_propofol,1,38,19,0.5,0.42382271468144045,0.47235976647071665,0.4473684210526315,0.4473684210526316,0.2965093702862673,0.8045258953483819
lor_vs_ror_task3,confounds_motion_propofol,2,38,19,0.5,0.5096952908587258,0.5530553350749831,0.5,0.5,0.27122156983340334,0.7503153116581696
lor_vs_ror_task3,confounds_motion_propofol,3,38,19,0.5,0.5844875346260388,0.5744867455939657,0.5789473684210527,0.5789473684210527,0.26630260025432984,0.7493556701575743
lor_vs_ror_task3,confounds_motion_propofol,4,38,19,0.5,0.4709141274238227,0.47112724233019165,0.5263157894736842,0.5263157894736842,0.2966859229416733,0.8178418077216089
lor_vs_ror_task3,confounds_motion_propofol,5,38,19,0.5,0.29085872576177285,0.3957355326086208,0.3421052631578947,0.34210526315789475,0.3101809603344756,0.8219098431396485
lor_vs_ror_task3,confounds_motion_propofol,6,38,19,0.5,0.3905817174515236,0.4427734933658023,0.5,0.5,0.30528505346310797,0.8328444202816897
lor_vs_ror_task3,confounds_motion_propofol,7,38,19,0.5,0.26592797783933514,0.3926844513309695,0.3157894736842105,0.3157894736842105,0.30511876250058395,0.8081394428851795
lor_vs_ror_task3,confounds_motion_propofol,8,38,19,0.5,0.6011080332409973,0.5586737030598055,0.5789473684210527,0.5789473684210527,0.2498794171671449,0.6991151519310532
lor_vs_ror_task3,confounds_motion_propofol,9,38,19,0.5,0.48199445983379496,0.5667993674609285,0.5526315789473684,0.5526315789473685,0.2784755811016724,0.7660505139321192
lor_vs_ror_task3,confounds_motion_propofol,10,38,19,0.5,0.6204986149584487,0.6962991249949453,0.5263157894736842,0.5263157894736842,0.25826151164636046,0.7186661451214601
lor_vs_ror_task3,confounds_motion_propofol,11,38,19,0.5,0.5401662049861495,0.5349500162727399,0.5526315789473684,0.5526315789473685,0.2677421639966643,0.7497060664914721
lor_vs_ror_task3,confounds_motion_propofol,12,38,19,0.5,0.3684210526315789,0.4458555086930373,0.3684210526315789,0.3684210526315789,0.2974240788411251,0.7953358392655572
lor_vs_ror_task3,confounds_motion_propofol,13,38,19,0.5,0.36288088642659283,0.42441873707168487,0.5263157894736842,0.5263157894736842,0.29959921430022723,0.8053970246479101
lor_vs_ror_task3,confounds_motion_propofol,14,38,19,0.5,0.368421052631579,0.4776223275184299,0.39473684210526316,0.39473684210526316,0.28569911923563646,0.7802042862194212
lor_vs_ror_task3,confounds_motion_propofol,15,38,19,0.5,0.7506925207756233,0.7921862902691086,0.6842105263157894,0.6842105263157895,0.1956384226343606,0.5630193839312896
lor_vs_ror_task3,confounds_motion_propofol,16,38,19,0.5,0.4487534626038781,0.4710401353042738,0.5,0.5,0.2908217318293205,0.7896380652924105
lor_vs_ror_task3,confounds_motion_propofol,17,38,19,0.5,0.4515235457063712,0.4499878324507567,0.5526315789473684,0.5526315789473685,0.28408434094842017,0.7867788837999278
lor_vs_ror_task3,confounds_motion_propofol,18,38,19,0.5,0.6094182825484764,0.5682725352076791,0.631578947368421,0.631578947368421,0.25484175965005346,0.7449067703674743
lor_vs_ror_task3,confounds_motion_propofol,19,38,19,0.5,0.5484764542936288,0.6248969714072687,0.5789473684210527,0.5789473684210527,0.25750341498340307,0.7121270931135325
lor_vs_ror_task3,confounds_motion_propofol,20,38,19,0.5,0.5706371191135734,0.5907144064916592,0.5789473684210527,0.5789473684210527,0.2587365979815866,0.7252235061642839
lor_vs_ror_task3,confounds_motion_propofol,21,38,19,0.5,0.20775623268698062,0.36317509830757266,0.39473684210526316,0.39473684210526316,0.30966131531908986,0.8230322222376
lor_vs_ror_task3,confounds_motion_propofol,22,38,19,0.5,0.12742382271468145,0.3421164648833477,0.2631578947368421,0.2631578947368421,0.3161142293158342,0.8345779171089157
lor_vs_ror_task3,confounds_motion_propofol,23,38,19,0.5,0.6177285318559557,0.5881844548495156,0.6052631578947368,0.6052631578947368,0.24115437132041392,0.7045267982037702
lor_vs_ror_task3,confounds_motion_propofol,24,38,19,0.5,0.44321329639889195,0.4555393896706309,0.47368421052631576,0.47368421052631576,0.2774194472850514,0.7552352580406589
lor_vs_ror_task3,confounds_motion_propofol,25,38,19,0.5,0.4238227146814404,0.49821085309590896,0.5,0.5,0.2876968877252035,0.8008218973216432
lor_vs_ror_task3,confounds_motion_propofol,26,38,19,0.5,0.4986149584487535,0.48469074079015134,0.5526315789473684,0.5526315789473685,0.273440606166188,0.7621474666202214
lor_vs_ror_task3,confounds_motion_propofol,27,38,19,0.5,0.7146814404432132,0.7518925862139156,0.6842105263157895,0.6842105263157895,0.22368593329255174,0.6587521455114014
lor_vs_ror_task3,confounds_motion_propofol,28,38,19,0.5,0.21329639889196678,0.3659986122101605,0.3421052631578947,0.34210526315789475,0.3118415435807151,0.824634289697801
lor_vs_ror_task3,confounds_motion_propofol,29,38,19,0.5,0.6260387811634349,0.5674586155569757,0.631578947368421,0.631578947368421,0.23073268709831432,0.6502942965787302
lor_vs_ror_task3,confounds_motion_propofol,30,38,19,0.5,0.024930747922437695,0.3237808071971314,0.05263157894736842,0.05263157894736842,0.31836140474803093,0.8328722989192093
lor_vs_ror_task3,confounds_motion_propofol,31,38,19,0.5,0.3601108033240997,0.4276950164953261,0.42105263157894735,0.42105263157894735,0.305834637192404,0.8217029007993044
lor_vs_ror_task3,confounds_motion_propofol,32,38,19,0.5,0.23268698060941825,0.3827224143875644,0.39473684210526316,0.39473684210526316,0.31178590192469435,0.8280182258391635
lor_vs_ror_task3,confounds_motion_propofol,33,38,19,0.5,0.4681440443213296,0.4940802981782317,0.5,0.5,0.28840874915792847,0.7963850622366462
lor_vs_ror_task3,confounds_motion_propofol,34,38,19,0.5,0.35180055401662047,0.41472949236965256,0.39473684210526316,0.39473684210526316,0.3040553900004057,0.8121440924734061
lor_vs_ror_task3,confounds_motion_propofol,35,38,19,0.5,0.5013850415512465,0.5372668577337507,0.5263157894736842,0.5263157894736842,0.27836039926910544,0.7711720741312846
lor_vs_ror_task3,confounds_motion_propofol,36,38,19,0.5,0.556786703601108,0.6870646984279369,0.5526315789473684,0.5526315789473685,0.2578322510986701,0.7103847580846597
lor_vs_ror_task3,confounds_motion_propofol,37,38,19,0.5,0.14681440443213295,0.34705410354762883,0.3157894736842105,0.3157894736842105,0.31991626251260563,0.8414229796355879
lor_vs_ror_task3,confounds_motion_propofol,38,38,19,0.5,0.2797783933518005,0.398744408547914,0.3157894736842105,0.3157894736842105,0.3112692784997419,0.8259342333252361
lor_vs_ror_task3,confounds_motion_propofol,39,38,19,0.5,0.4598337950138504,0.4667149101528944,0.42105263157894735,0.42105263157894735,0.29014274026932196,0.7819775709448605
lor_vs_ror_task3,confounds_motion_propofol,40,38,19,0.5,0.40997229916897504,0.47694422527133296,0.39473684210526316,0.39473684210526316,0.28448479201699106,0.7998839102569361
lor_vs_ror_task3,confounds_motion_propofol,41,38,19,0.5,0.4930747922437674,0.5126293453874885,0.5789473684210527,0.5789473684210527,0.28590615985492135,0.788474837226119
lor_vs_ror_task3,confounds_motion_propofol,42,38,19,0.5,0.19667590027700832,0.36135149255398685,0.2894736842105263,0.2894736842105263,0.312630500376472,0.8301467409941184
lor_vs_ror_task3,confounds_motion_propofol,43,38,19,0.5,0.368421052631579,0.530575224855161,0.42105263157894735,0.42105263157894735,0.28507374107539674,0.7658463025101463
lor_vs_ror_task3,confounds_motion_propofol,44,38,19,0.5,0.6675900277008311,0.580465376737578,0.736842105263158,0.7368421052631579,0.20690397646762657,0.591097203831864
lor_vs_ror_task3,confounds_motion_propofol,45,38,19,0.5,0.5346260387811634,0.638339844852253,0.47368421052631576,0.47368421052631576,0.26814018187466226,0.7437509885377345
lor_vs_ror_task3,confounds_motion_propofol,46,38,19,0.5,0.45429362880886426,0.46430005192029306,0.5,0.5,0.2876464697546477,0.7808800181632609
lor_vs_ror_task3,confounds_motion_propofol,47,38,19,0.5,0.31855955678670356,0.423760626295456,0.4473684210526315,0.4473684210526316,0.3074835747822845,0.8284231433189844
lor_vs_ror_task3,confounds_motion_propofol,48,38,19,0.5,0.13850415512465375,0.3471712568142461,0.2631578947368421,0.2631578947368421,0.3131040568251238,0.8242627425487838
lor_vs_ror_task3,confounds_motion_propofol,49,38,19,0.5,0.46260387811634346,0.5831705733960388,0.5789473684210527,0.5789473684210527,0.27581095347041784,0.7631938223462106
lor_vs_ror_task3,confounds_motion_propofol,50,38,19,0.5,0.48753462603878117,0.47666646714800265,0.5,0.5,0.28432985863343474,0.7881989348972431
lor_vs_ror_task3,confounds_motion_propofol,51,38,19,0.5,0.43490304709141275,0.45155254054739175,0.4736842105263158,0.47368421052631576,0.2916382052216151,0.7969089910736384
lor_vs_ror_task3,confounds_motion_propofol,52,38,19,0.5,0.46537396121883656,0.4681186000392742,0.5263157894736842,0.5263157894736842,0.2911989687004712,0.7932674405411084
lor_vs_ror_task3,confounds_motion_propofol,53,38,19,0.5,0.7285318559556786,0.7314842676665116,0.7368421052631579,0.7368421052631579,0.2148272626941059,0.6339840052100387
lor_vs_ror_task3,confounds_motion_propofol,54,38,19,0.5,0.26038781163434904,0.38442764992602174,0.3421052631578947,0.34210526315789475,0.313649167628113,0.8358885090327736
lor_vs_ror_task3,confounds_motion_propofol,55,38,19,0.5,0.5180055401662049,0.47831286828221253,0.631578947368421,0.631578947368421,0.2668856711318698,0.7391229300518529
lor_vs_ror_task3,confounds_motion_propofol,56,38,19,0.5,0.5263157894736843,0.48541432732706613,0.6052631578947368,0.6052631578947368,0.2543430360699623,0.7067688851735496
lor_vs_ror_task3,confounds_motion_propofol,57,38,19,0.5,0.42382271468144045,0.4961800210486458,0.47368421052631576,0.47368421052631576,0.2912326607362913,0.789247208474688
lor_vs_ror_task3,confounds_motion_propofol,58,38,19,0.5,0.5484764542936289,0.6666823921309346,0.5526315789473684,0.5526315789473685,0.2520748358353351,0.6990198513281728
lor_vs_ror_task3,confounds_motion_propofol,59,38,19,0.5,0.31301939058171746,0.4240169446922891,0.42105263157894735,0.42105263157894735,0.3055045485043218,0.8115774967543907
lor_vs_ror_task3,confounds_motion_propofol,60,38,19,0.5,0.6343490304709141,0.602959750393087,0.6578947368421053,0.6578947368421053,0.2431584451819256,0.6809984758177356
lor_vs_ror_task3,confounds_motion_propofol,61,38,19,0.5,0.6260387811634349,0.6330620498240636,0.6578947368421053,0.6578947368421053,0.24990281108014836,0.7393334434157954
lor_vs_ror_task3,confounds_motion_propofol,62,38,19,0.5,0.34349030470914127,0.42562846898131435,0.39473684210526316,0.39473684210526316,0.2967260462820209,0.794571072641107
lor_vs_ror_task3,confounds_motion_propofol,63,38,19,0.5,0.45983379501385035,0.5291482320466352,0.5526315789473684,0.5526315789473685,0.2885751879425245,0.8167587140396326
lor_vs_ror_task3,confounds_motion_propofol,64,38,19,0.5,0.39335180055401664,0.44012207932079206,0.4473684210526315,0.4473684210526316,0.30538014661208274,0.8220641145111287
lor_vs_ror_task3,confounds_motion_propofol,65,38,19,0.5,0.3795013850415513,0.4338775016938296,0.4736842105263158,0.47368421052631576,0.3046964330445165,0.8201345945247385
lor_vs_ror_task3,confounds_motion_propofol,66,38,19,0.5,0.4044321329639889,0.4722965661841735,0.4473684210526315,0.4473684210526316,0.2884406277396121,0.7841956193741043
lor_vs_ror_task3,confounds_motion_propofol,67,38,19,0.5,0.42105263157894735,0.4484694865431954,0.4473684210526315,0.4473684210526316,0.29467146592490917,0.7971866303809169
lor_vs_ror_task3,confounds_motion_propofol,68,38,19,0.5,0.4376731301939058,0.4610917435102245,0.5526315789473684,0.5526315789473685,0.2968372676111349,0.8052208990903427
lor_vs_ror_task3,confounds_motion_propofol,69,38,19,0.5,0.4210526315789474,0.44087931757722437,0.4736842105263158,0.47368421052631576,0.2901304061193891,0.7999502754833551
lor_vs_ror_task3,confounds_motion_propofol,70,38,19,0.5,0.44321329639889195,0.477243835930261,0.42105263157894735,0.42105263157894735,0.28207184547710745,0.762040165757675
lor_vs_ror_task3,confounds_motion_propofol,71,38,19,0.5,0.5346260387811634,0.5279479200077327,0.5263157894736842,0.5263157894736842,0.2630571393498463,0.7255150857121911
lor_vs_ror_task3,confounds_motion_propofol,72,38,19,0.5,0.4958448753462603,0.5322550801538357,0.5789473684210527,0.5789473684210527,0.28353090117128504,0.7804532344873719
lor_vs_ror_task3,confounds_motion_propofol,73,38,19,0.5,0.38227146814404434,0.5016765381751676,0.47368421052631576,0.47368421052631576,0.2907852647360241,0.8125397933750698
lor_vs_ror_task3,confounds_motion_propofol,74,38,19,0.5,0.3656509695290859,0.42880466019345415,0.5263157894736842,0.5263157894736842,0.29297765178717877,0.7980761772237993
lor_vs_ror_task3,confounds_motion_propofol,75,38,19,0.5,0.6260387811634349,0.582570106314017,0.631578947368421,0.631578947368421,0.2569425826563611,0.7361887853898141
lor_vs_ror_task3,confounds_motion_propofol,76,38,19,0.5,0.38227146814404434,0.4233684925325792,0.4473684210526315,0.4473684210526316,0.2969123415375459,0.8016060779552981
lor_vs_ror_task3,confounds_motion_propofol,77,38,19,0.5,0.41274238227146814,0.459287010621344,0.4473684210526315,0.4473684210526316,0.29891865563753717,0.8067906083401287
lor_vs_ror_task3,confounds_motion_propofol,78,38,19,0.5,0.6371191135734072,0.670030963920442,0.5526315789473684,0.5526315789473685,0.25006280555243277,0.7020131596832879
lor_vs_ror_task3,confounds_motion_propofol,79,38,19,0.5,0.2770083102493075,0.38565936306834353,0.39473684210526316,0.39473684210526316,0.3082245266052551,0.8204206931762745
lor_vs_ror_task3,confounds_motion_propofol,80,38,19,0.5,0.7146814404432132,0.6732750118225723,0.7105263157894737,0.7105263157894737,0.21608522352354798,0.6750762186042814
lor_vs_ror_task3,confounds_motion_propofol,81,38,19,0.5,0.5263157894736841,0.6025946013446013,0.6052631578947368,0.6052631578947368,0.2753557497484937,0.7591298515035474
lor_vs_ror_task3,confounds_motion_propofol,82,38,19,0.5,0.7174515235457063,0.7679504000738118,0.6578947368421053,0.6578947368421053,0.2137461695384258,0.6116934147195089
lor_vs_ror_task3,confounds_motion_propofol,83,38,19,0.5,0.16897506925207756,0.35309198741768444,0.2894736842105263,0.2894736842105263,0.310218876955736,0.8296431134684877
lor_vs_ror_task3,confounds_motion_propofol,84,38,19,0.5,0.5678670360110804,0.5433344155433266,0.5526315789473684,0.5526315789473685,0.2711838914795433,0.7657691857695014
lor_vs_ror_task3,confounds_motion_propofol,85,38,19,0.5,0.4570637119113573,0.4699498631118999,0.5263157894736842,0.5263157894736842,0.2935503890667149,0.796226084266516
lor_vs_ror_task3,confounds_motion_propofol,86,38,19,0.5,0.6786703601108033,0.6494288199658718,0.6578947368421053,0.6578947368421053,0.2316240711183522,0.6614746367853291
lor_vs_ror_task3,confounds_motion_propofol,87,38,19,0.5,0.47091412742382266,0.5057830809344854,0.5,0.5,0.2883813916685434,0.7898075486554644
lor_vs_ror_task3,confounds_motion_propofol,88,38,19,0.5,0.5706371191135734,0.5720357198920066,0.5789473684210527,0.5789473684210527,0.26988724033917916,0.7723233383938277
lor_vs_ror_task3,confounds_motion_propofol,89,38,19,0.5,0.6038781163434903,0.6925256409381122,0.6052631578947368,0.6052631578947368,0.24597091246474193,0.6882894872100064
lor_vs_ror_task3,confounds_motion_propofol,90,38,19,0.5,0.6454293628808865,0.5665076076440945,0.6842105263157895,0.6842105263157895,0.23856082190531652,0.682170308937675
lor_vs_ror_task3,confounds_motion_propofol,91,38,19,0.5,0.2770083102493075,0.3884362940516191,0.3684210526315789,0.3684210526315789,0.3113887016452698,0.8320751552890809
lor_vs_ror_task3,confounds_motion_propofol,92,38,19,0.5,0.5706371191135734,0.667414841367783,0.6052631578947368,0.6052631578947368,0.24812445825458307,0.686266671315337
lor_vs_ror_task3,confounds_motion_propofol,93,38,19,0.5,0.445983379501385,0.4662342803741023,0.5526315789473684,0.5526315789473685,0.2955266366779662,0.8011965500090727
lor_vs_ror_task3,confounds_motion_propofol,94,38,19,0.5,0.46537396121883656,0.5256408858951342,0.39473684210526316,0.39473684210526316,0.28462365422726144,0.7659508475846352
lor_vs_ror_task3,confounds_motion_propofol,95,38,19,0.5,0.3739612188365651,0.4368481610101144,0.42105263157894735,0.42105263157894735,0.29875018244149665,0.8125255772460754
lor_vs_ror_task3,confounds_motion_propofol,96,38,19,0.5,0.4792243767313019,0.5101243465753813,0.5789473684210527,0.5789473684210527,0.29380019315374417,0.8235700902312257
lor_vs_ror_task3,confounds_motion_propofol,97,38,19,0.5,0.21329639889196675,0.37159725242310276,0.2631578947368421,0.2631578947368421,0.30512497753146584,0.8107614571610157
lor_vs_ror_task3,confounds_motion_propofol,98,38,19,0.5,0.3850415512465374,0.4548292931141368,0.42105263157894735,0.42105263157894735,0.3041440451498221,0.8154452037277032
lor_vs_ror_task3,confounds_motion_propofol,99,38,19,0.5,0.5263157894736842,0.5168376216186348,0.5,0.5,0.2734070875505853,0.7547257751703951
lor_vs_ror_task3,confounds_motion_propofol,100,38,19,0.5,0.46814404432132967,0.4913291050925742,0.5263157894736842,0.5263157894736842,0.29114769465355134,0.8131418915553205
lor_vs_ror_task3,standard_fc_plus_confounds,1,38,19,0.5,0.4349030470914127,0.4928350283339243,0.4473684210526315,0.4473684210526316,0.2890133166400657,0.7988742294305707
lor_vs_ror_task3,standard_fc_plus_confounds,2,38,19,0.5,0.5069252077562327,0.5916833725399877,0.5789473684210527,0.5789473684210527,0.2795520878645991,0.7672759086483815
lor_vs_ror_task3,standard_fc_plus_confounds,3,38,19,0.5,0.5761772853185596,0.5597117395831893,0.631578947368421,0.631578947368421,0.278030238274729,0.81553628575886
lor_vs_ror_task3,standard_fc_plus_confounds,4,38,19,0.5,0.33240997229916897,0.41387914590707764,0.47368421052631576,0.47368421052631576,0.3179456162804637,0.8464486183993872
lor_vs_ror_task3,standard_fc_plus_confounds,5,38,19,0.5,0.31855955678670356,0.4199964021582874,0.3684210526315789,0.3684210526315789,0.3232748638113858,0.8690105204365361
lor_vs_ror_task3,standard_fc_plus_confounds,6,38,19,0.5,0.628808864265928,0.5835429206627898,0.5789473684210527,0.5789473684210527,0.23896350879867162,0.6673401300238495
lor_vs_ror_task3,standard_fc_plus_confounds,7,38,19,0.5,0.4875346260387811,0.5594840466274422,0.5526315789473684,0.5526315789473685,0.28808279007340937,0.8141587711095115
lor_vs_ror_task3,standard_fc_plus_confounds,8,38,19,0.5,0.4847645429362881,0.5519265710493716,0.5,0.5,0.2933644395020785,0.8082755721192729
lor_vs_ror_task3,standard_fc_plus_confounds,9,38,19,0.5,0.3601108033240997,0.42791565338206855,0.47368421052631576,0.47368421052631576,0.3149213312768759,0.8645874850975038
lor_vs_ror_task3,standard_fc_plus_confounds,10,38,19,0.5,0.4293628808864266,0.5140554126166794,0.39473684210526316,0.39473684210526316,0.3072475299785303,0.8203793385852454
lor_vs_ror_task3,standard_fc_plus_confounds,11,38,19,0.5,0.1745152354570637,0.3540902019368857,0.21052631578947367,0.21052631578947367,0.3312194169387167,0.8672615527426673
lor_vs_ror_task3,standard_fc_plus_confounds,12,38,19,0.5,0.8005540166204986,0.7116979628034675,0.763157894736842,0.7631578947368421,0.1747500652928218,0.5344372008129749
lor_vs_ror_task3,standard_fc_plus_confounds,13,38,19,0.5,0.44875346260387816,0.4606547392950069,0.5,0.5,0.30045355763119647,0.8245630444628727
lor_vs_ror_task3,standard_fc_plus_confounds,14,38,19,0.5,0.5346260387811634,0.550809511744174,0.5,0.5,0.2713672717195795,0.757238277446692
lor_vs_ror_task3,standard_fc_plus_confounds,15,38,19,0.5,0.5429362880886427,0.6280113985996338,0.5526315789473684,0.5526315789473685,0.286454977290679,0.8344856800810028
lor_vs_ror_task3,standard_fc_plus_confounds,16,38,19,0.5,0.6177285318559557,0.5894366643718651,0.5526315789473684,0.5526315789473685,0.25507279879347683,0.7255770011043959
lor_vs_ror_task3,standard_fc_plus_confounds,17,38,19,0.5,0.2548476454293629,0.3980298212775991,0.3421052631578947,0.34210526315789475,0.30979675668677,0.8266873485866018
lor_vs_ror_task3,standard_fc_plus_confounds,18,38,19,0.5,0.518005540166205,0.5800187509964799,0.5526315789473684,0.5526315789473685,0.2737362921741369,0.7753698533176673
lor_vs_ror_task3,standard_fc_plus_confounds,19,38,19,0.5,0.5955678670360111,0.5787604174576653,0.6052631578947368,0.6052631578947368,0.26441369223169553,0.778274715938404
lor_vs_ror_task3,standard_fc_plus_confounds,20,38,19,0.5,0.6897506925207756,0.6994003748021784,0.6052631578947368,0.6052631578947368,0.23075153883854777,0.669093709501475
lor_vs_ror_task3,standard_fc_plus_confounds,21,38,19,0.5,0.40997229916897504,0.4388234675438829,0.39473684210526316,0.39473684210526316,0.3034756306947673,0.818395830424579
lor_vs_ror_task3,standard_fc_plus_confounds,22,38,19,0.5,0.44875346260387805,0.44478094115672095,0.5,0.5,0.2815218928346005,0.7584074037670911
lor_vs_ror_task3,standard_fc_plus_confounds,23,38,19,0.5,0.22714681440443216,0.37096304485420173,0.3421052631578947,0.34210526315789475,0.3285443558040429,0.8633745024990787
lor_vs_ror_task3,standard_fc_plus_confounds,24,38,19,0.5,0.6703601108033241,0.6947692344911305,0.6842105263157895,0.6842105263157895,0.2405284186783991,0.7485780303252788
lor_vs_ror_task3,standard_fc_plus_confounds,25,38,19,0.5,0.5955678670360111,0.594880160911174,0.6052631578947368,0.6052631578947368,0.2677103753429655,0.7796691784896972
lor_vs_ror_task3,standard_fc_plus_confounds,26,38,19,0.5,0.35457063711911363,0.443832961705274,0.39473684210526316,0.39473684210526316,0.31293660597034745,0.8295340653650334
lor_vs_ror_task3,standard_fc_plus_confounds,27,38,19,0.5,0.27146814404432135,0.38496188831507416,0.3421052631578947,0.34210526315789475,0.3209226906968265,0.8534436204364821
lor_vs_ror_task3,standard_fc_plus_confounds,28,38,19,0.5,0.6260387811634349,0.5664991782527076,0.6052631578947368,0.6052631578947368,0.2534215999235597,0.7374318544118165
lor_vs_ror_task3,standard_fc_plus_confounds,29,38,19,0.5,0.5373961218836565,0.6063494634702065,0.6052631578947368,0.6052631578947368,0.2661686742164559,0.7427779157889942
lor_vs_ror_task3,standard_fc_plus_confounds,30,38,19,0.5,0.554016620498615,0.5540063710301611,0.5,0.5,0.26673703013573896,0.7356926620023049
lor_vs_ror_task3,standard_fc_plus_confounds,31,38,19,0.5,0.4681440443213296,0.4927809019671635,0.5,0.5,0.2927585535417249,0.7996914949930529
lor_vs_ror_task3,standard_fc_plus_confounds,32,38,19,0.5,0.2465373961218837,0.3774525614693629,0.3421052631578947,0.34210526315789475,0.32433583216163114,0.854684828601509
lor_vs_ror_task3,standard_fc_plus_confounds,33,38,19,0.5,0.5013850415512465,0.5263639525848998,0.5,0.5,0.28854706810261915,0.797165158718065
lor_vs_ror_task3,standard_fc_plus_confounds,34,38,19,0.5,0.6481994459833795,0.6488570661364779,0.6842105263157894,0.6842105263157895,0.23082892797148305,0.6700761381442893
lor_vs_ror_task3,standard_fc_plus_confounds,35,38,19,0.5,0.6592797783933517,0.6460820936867423,0.6052631578947368,0.6052631578947368,0.24105804783604307,0.7038676038936414
lor_vs_ror_task3,standard_fc_plus_confounds,36,38,19,0.5,0.5484764542936288,0.5583718428071575,0.5,0.5,0.2747396132614612,0.7575695529908006
lor_vs_ror_task3,standard_fc_plus_confounds,37,38,19,0.5,0.28808864265927975,0.4202139777669578,0.3684210526315789,0.3684210526315789,0.3245545811390696,0.8646942711795327
lor_vs_ror_task3,standard_fc_plus_confounds,38,38,19,0.5,0.5346260387811634,0.4949434579249255,0.4736842105263158,0.47368421052631576,0.2679901553164978,0.7266475050434081
lor_vs_ror_task3,standard_fc_plus_confounds,39,38,19,0.5,0.5955678670360111,0.6096875856959458,0.5263157894736842,0.5263157894736842,0.2629806476239486,0.7559455544815713
lor_vs_ror_task3,standard_fc_plus_confounds,40,38,19,0.5,0.43767313019390575,0.4637590882780905,0.4736842105263158,0.47368421052631576,0.2959976952224982,0.8052014274188845
lor_vs_ror_task3,standard_fc_plus_confounds,41,38,19,0.5,0.5069252077562327,0.5262240304069332,0.5526315789473684,0.5526315789473685,0.28348793947219164,0.7961562164751254
lor_vs_ror_task3,standard_fc_plus_confounds,42,38,19,0.5,0.4155124653739612,0.4505609817234596,0.47368421052631576,0.47368421052631576,0.30702188262189706,0.8294768618129187
lor_vs_ror_task3,standard_fc_plus_confounds,43,38,19,0.5,0.6592797783933517,0.6837499478855189,0.6578947368421053,0.6578947368421053,0.24088260877708895,0.7038239429198451
lor_vs_ror_task3,standard_fc_plus_confounds,44,38,19,0.5,0.7728531855955678,0.7016013827933333,0.7368421052631579,0.7368421052631579,0.1923599053159164,0.7213243195101131
lor_vs_ror_task3,standard_fc_plus_confounds,45,38,19,0.5,0.4376731301939058,0.47428795343635655,0.5,0.5,0.29774929704466396,0.8129335349009105
lor_vs_ror_task3,standard_fc_plus_confounds,46,38,19,0.5,0.6842105263157895,0.7291028911747521,0.6578947368421053,0.6578947368421053,0.22506759287389266,0.6563358011499009
lor_vs_ror_task3,standard_fc_plus_confounds,47,38,19,0.5,0.6066481994459834,0.6261705836377641,0.6052631578947368,0.6052631578947368,0.2514456154978917,0.705092217836243
lor_vs_ror_task3,standard_fc_plus_confounds,48,38,19,0.5,0.38227146814404434,0.43603599916360436,0.4736842105263158,0.47368421052631576,0.31049090099463755,0.8303147079518576
lor_vs_ror_task3,standard_fc_plus_confounds,49,38,19,0.5,0.2853185595567867,0.3867548371801954,0.3157894736842105,0.3157894736842105,0.3086498567908243,0.8287213874602483
lor_vs_ror_task3,standard_fc_plus_confounds,50,38,19,0.5,0.47922437673130197,0.4746263293354706,0.5789473684210527,0.5789473684210527,0.2964480629573624,0.8122581713376735
lor_vs_ror_task3,standard_fc_plus_confounds,51,38,19,0.5,0.29916897506925205,0.4112354872986844,0.3684210526315789,0.3684210526315789,0.323175184297086,0.8557410773917168
lor_vs_ror_task3,standard_fc_plus_confounds,52,38,19,0.5,0.4182825484764543,0.5004562342383949,0.5,0.5,0.29833249428230296,0.8057187813597003
lor_vs_ror_task3,standard_fc_plus_confounds,53,38,19,0.5,0.8476454293628808,0.8901332989611703,0.763157894736842,0.7631578947368421,0.162000314846123,0.529926023703017
lor_vs_ror_task3,standard_fc_plus_confounds,54,38,19,0.5,0.5512465373961218,0.5233362611046621,0.631578947368421,0.631578947368421,0.28013970372149705,0.8211341189380674
lor_vs_ror_task3,standard_fc_plus_confounds,55,38,19,0.5,0.5761772853185596,0.5849797044254574,0.6052631578947368,0.6052631578947368,0.27515105245498295,0.7649116040553586
lor_vs_ror_task3,standard_fc_plus_confounds,56,38,19,0.5,0.6177285318559557,0.5791820456379306,0.5789473684210527,0.5789473684210527,0.24504417814770327,0.693338818714324
lor_vs_ror_task3,standard_fc_plus_confounds,57,38,19,0.5,0.5373961218836565,0.5766154265291423,0.5526315789473684,0.5526315789473685,0.28096394406288033,0.7898144840275289
lor_vs_ror_task3,standard_fc_plus_confounds,58,38,19,0.5,0.37950138504155123,0.4277266833785189,0.39473684210526316,0.39473684210526316,0.30710706188085074,0.8216457990280754
lor_vs_ror_task3,standard_fc_plus_confounds,59,38,19,0.5,0.373961218836565,0.4266749713022848,0.47368421052631576,0.47368421052631576,0.30618090461885644,0.8393438909690223
lor_vs_ror_task3,standard_fc_plus_confounds,60,38,19,0.5,0.30747922437673125,0.4033337848974561,0.4473684210526315,0.4473684210526316,0.32820816505560085,0.8698389516390002
lor_vs_ror_task3,standard_fc_plus_confounds,61,38,19,0.5,0.1218836565096953,0.34041700779406325,0.18421052631578946,0.18421052631578946,0.32622442279878344,0.852691700013332
lor_vs_ror_task3,standard_fc_plus_confounds,62,38,19,0.5,0.45429362880886426,0.5002647670397309,0.39473684210526316,0.39473684210526316,0.28913454749670753,0.808943370000871
lor_vs_ror_task3,standard_fc_plus_confounds,63,38,19,0.5,0.6011080332409973,0.5791130434274245,0.5789473684210527,0.5789473684210527,0.25930076314279144,0.7331613242518839
lor_vs_ror_task3,standard_fc_plus_confounds,64,38,19,0.5,0.45429362880886426,0.46148854571253084,0.5263157894736842,0.5263157894736842,0.29333012502497724,0.7969801543410976
lor_vs_ror_task3,standard_fc_plus_confounds,65,38,19,0.5,0.5096952908587258,0.5223583555972121,0.5789473684210527,0.5789473684210527,0.28597713148131076,0.7870245031291013
lor_vs_ror_task3,standard_fc_plus_confounds,66,38,19,0.5,0.6149584487534626,0.5558282140730992,0.6578947368421053,0.6578947368421053,0.25729775700192714,0.7457017564719995
lor_vs_ror_task3,standard_fc_plus_confounds,67,38,19,0.5,0.39058171745152354,0.4323754456954806,0.42105263157894735,0.42105263157894735,0.3111142034400863,0.8478588490526953
lor_vs_ror_task3,standard_fc_plus_confounds,68,38,19,0.5,0.32132963988919666,0.41812538133288546,0.3421052631578947,0.34210526315789475,0.30936065134514174,0.8180589924694779
lor_vs_ror_task3,standard_fc_plus_confounds,69,38,19,0.5,0.45706371191135736,0.5352996387874321,0.5526315789473684,0.5526315789473685,0.2887379476807651,0.8002460312134124
lor_vs_ror_task3,standard_fc_plus_confounds,70,38,19,0.5,0.3490304709141274,0.41761548938490656,0.39473684210526316,0.39473684210526316,0.3117053071079078,0.8313073484018064
lor_vs_ror_task3,standard_fc_plus_confounds,71,38,19,0.5,0.32409972299168976,0.40081343557797855,0.42105263157894735,0.42105263157894735,0.3169547898207313,0.8401921815888356
lor_vs_ror_task3,standard_fc_plus_confounds,72,38,19,0.5,0.5235457063711911,0.4972489313325087,0.5526315789473684,0.5526315789473685,0.28448613919332183,0.7913395388485212
lor_vs_ror_task3,standard_fc_plus_confounds,73,38,19,0.5,0.4182825484764543,0.4747283925611639,0.47368421052631576,0.47368421052631576,0.30547523465297105,0.8214001703113102
lor_vs_ror_task3,standard_fc_plus_confounds,74,38,19,0.5,0.4792243767313019,0.4863214146296271,0.6052631578947368,0.6052631578947368,0.2906148774852168,0.8060889317477669
lor_vs_ror_task3,standard_fc_plus_confounds,75,38,19,0.5,0.4903047091412743,0.48761311332821633,0.4473684210526315,0.4473684210526316,0.29280423379364195,0.8606857388633639
lor_vs_ror_task3,standard_fc_plus_confounds,76,38,19,0.5,0.3573407202216067,0.414127688473741,0.42105263157894735,0.42105263157894735,0.30574548332024726,0.8293915078370735
lor_vs_ror_task3,standard_fc_plus_confounds,77,38,19,0.5,0.6011080332409973,0.7033367335190204,0.5263157894736842,0.5263157894736842,0.24784143369114964,0.6852709154681877
lor_vs_ror_task3,standard_fc_plus_confounds,78,38,19,0.5,0.39612188365650974,0.45287697358740053,0.4736842105263158,0.47368421052631576,0.30751409779818983,0.8609698647109241
lor_vs_ror_task3,standard_fc_plus_confounds,79,38,19,0.5,0.3185595567867036,0.4185544351690861,0.3421052631578947,0.34210526315789475,0.3130044829506714,0.8412403943298606
lor_vs_ror_task3,standard_fc_plus_confounds,80,38,19,0.5,0.48753462603878117,0.48632165040907516,0.5526315789473684,0.5526315789473685,0.28106678971680543,0.763424864106559
lor_vs_ror_task3,standard_fc_plus_confounds,81,38,19,0.5,0.3240997229916897,0.4042016952345782,0.3684210526315789,0.3684210526315789,0.3166416689760872,0.8460916939945536
lor_vs_ror_task3,standard_fc_plus_confounds,82,38,19,0.5,0.3656509695290859,0.469711348823886,0.39473684210526316,0.39473684210526316,0.3039589395506071,0.8294249422304681
lor_vs_ror_task3,standard_fc_plus_confounds,83,38,19,0.5,0.39889196675900274,0.45863934102913084,0.4473684210526315,0.4473684210526316,0.30665054611091924,0.8359810248831178
lor_vs_ror_task3,standard_fc_plus_confounds,84,38,19,0.5,0.556786703601108,0.6568859721865461,0.4473684210526315,0.4473684210526316,0.2625670203395433,0.7164581962032419
lor_vs_ror_task3,standard_fc_plus_confounds,85,38,19,0.5,0.7756232686980609,0.7521369861573792,0.736842105263158,0.7368421052631579,0.19412271596538835,0.6272695936460831
lor_vs_ror_task3,standard_fc_plus_confounds,86,38,19,0.5,0.46814404432132967,0.49852759840465477,0.5263157894736842,0.5263157894736842,0.2871810356612207,0.794019054570619
lor_vs_ror_task3,standard_fc_plus_confounds,87,38,19,0.5,0.5235457063711911,0.5478188061377769,0.5263157894736842,0.5263157894736842,0.26671593210584277,0.7386437453614539
lor_vs_ror_task3,standard_fc_plus_confounds,88,38,19,0.5,0.29085872576177285,0.39705449561647715,0.3421052631578947,0.34210526315789475,0.32439529343463785,0.8606941890779082
lor_vs_ror_task3,standard_fc_plus_confounds,89,38,19,0.5,0.2659279778393352,0.38296522109478603,0.39473684210526316,0.39473684210526316,0.3273598627410855,0.8637979326174928
lor_vs_ror_task3,standard_fc_plus_confounds,90,38,19,0.5,0.5844875346260388,0.6162329645098099,0.631578947368421,0.631578947368421,0.26229646312041904,0.7436435705535558
lor_vs_ror_task3,standard_fc_plus_confounds,91,38,19,0.5,0.6565096952908587,0.7222023641528286,0.6052631578947368,0.6052631578947368,0.2450656522037884,0.7080439648359033
lor_vs_ror_task3,standard_fc_plus_confounds,92,38,19,0.5,0.5706371191135734,0.5336861481598323,0.5526315789473684,0.5526315789473685,0.2827539193349969,0.8123305745774707
lor_vs_ror_task3,standard_fc_plus_confounds,93,38,19,0.5,0.46537396121883656,0.47381977929945174,0.5,0.5,0.28802575400768626,0.7838405286003242
lor_vs_ror_task3,standard_fc_plus_confounds,94,38,19,0.5,0.4570637119113573,0.5525439832209781,0.47368421052631576,0.47368421052631576,0.2942177752519276,0.8079186243673643
lor_vs_ror_task3,standard_fc_plus_confounds,95,38,19,0.5,0.6842105263157895,0.6104859250370087,0.631578947368421,0.631578947368421,0.23450711271721383,0.6890866801517074
lor_vs_ror_task3,standard_fc_plus_confounds,96,38,19,0.5,0.3268698060941828,0.43165378808015614,0.3684210526315789,0.3684210526315789,0.30579007370860767,0.8175113227214809
lor_vs_ror_task3,standard_fc_plus_confounds,97,38,19,0.5,0.4376731301939058,0.4677575221268524,0.42105263157894735,0.42105263157894735,0.3008057832004577,0.8204586451503365
lor_vs_ror_task3,standard_fc_plus_confounds,98,38,19,0.5,0.47645429362880887,0.49636811370807166,0.5263157894736842,0.5263157894736842,0.295120649312177,0.8118674745055131
lor_vs_ror_task3,standard_fc_plus_confounds,99,38,19,0.5,0.4099722991689751,0.4804628129006437,0.5263157894736842,0.5263157894736842,0.3015907903927508,0.8353360165296165
lor_vs_ror_task3,standard_fc_plus_confounds,100,38,19,0.5,0.709141274238227,0.6766035589673957,0.631578947368421,0.631578947368421,0.22687054824790126,0.6739030559113828
lor_vs_ror_task3,gcc_core_plus_confounds,1,38,19,0.5,0.3268698060941828,0.42145502995063033,0.3684210526315789,0.3684210526315789,0.32134597653008645,0.8632524899063656
lor_vs_ror_task3,gcc_core_plus_confounds,2,38,19,0.5,0.37396121883656513,0.43671196445964244,0.47368421052631576,0.47368421052631576,0.3243498435117182,0.8884388505915058
lor_vs_ror_task3,gcc_core_plus_confounds,3,38,19,0.5,0.44598337950138506,0.46836591231117003,0.5,0.5,0.303712187331514,0.8593377284747952
lor_vs_ror_task3,gcc_core_plus_confounds,4,38,19,0.5,0.6842105263157895,0.6534033781627671,0.7105263157894737,0.7105263157894737,0.232981960421901,0.6817778948148351
lor_vs_ror_task3,gcc_core_plus_confounds,5,38,19,0.5,0.4681440443213296,0.5280335144843893,0.5,0.5,0.30087314269077675,0.8276816528939035
lor_vs_ror_task3,gcc_core_plus_confounds,6,38,19,0.5,0.16897506925207756,0.3524322055851449,0.2894736842105263,0.2894736842105263,0.3432692418475835,0.9036720193270299
lor_vs_ror_task3,gcc_core_plus_confounds,7,38,19,0.5,0.5789473684210527,0.5904601003058353,0.5789473684210527,0.5789473684210527,0.260282618830014,0.744652118537806
lor_vs_ror_task3,gcc_core_plus_confounds,8,38,19,0.5,0.5290858725761773,0.5524651475066721,0.5263157894736842,0.5263157894736842,0.27977183900932895,0.7839988888874984
lor_vs_ror_task3,gcc_core_plus_confounds,9,38,19,0.5,0.5595567867036011,0.5316822495577722,0.47368421052631576,0.47368421052631576,0.27435781320908104,0.7549385581081308
lor_vs_ror_task3,gcc_core_plus_confounds,10,38,19,0.5,0.4155124653739612,0.45515680715317736,0.5,0.5,0.3048733956710205,0.8273170976862063
lor_vs_ror_task3,gcc_core_plus_confounds,11,38,19,0.5,0.5623268698060941,0.674996148347905,0.5,0.5,0.2672955074993982,0.7310635444394988
lor_vs_ror_task3,gcc_core_plus_confounds,12,38,19,0.5,0.4903047091412742,0.49888867964643363,0.39473684210526316,0.39473684210526316,0.2824647324423212,0.7849216967475666
lor_vs_ror_task3,gcc_core_plus_confounds,13,38,19,0.5,0.5844875346260388,0.6142589467192021,0.5526315789473684,0.5526315789473685,0.2610961388515191,0.7250089652748243
lor_vs_ror_task3,gcc_core_plus_confounds,14,38,19,0.5,0.3628808864265928,0.4682040531598821,0.39473684210526316,0.39473684210526316,0.31151361467719046,0.836074976959513
lor_vs_ror_task3,gcc_core_plus_confounds,15,38,19,0.5,0.3407202216066482,0.4245253268079153,0.3421052631578947,0.34210526315789475,0.3245159527384822,0.8616700237876774
lor_vs_ror_task3,gcc_core_plus_confounds,16,38,19,0.5,0.5623268698060943,0.5910048296578767,0.5526315789473684,0.5526315789473685,0.2780828811042618,0.792369072411056
lor_vs_ror_task3,gcc_core_plus_confounds,17,38,19,0.5,0.590027700831025,0.6096938364304074,0.5526315789473684,0.5526315789473685,0.252959320573527,0.7094482331415483
lor_vs_ror_task3,gcc_core_plus_confounds,18,38,19,0.5,0.5069252077562327,0.5249614457792224,0.47368421052631576,0.47368421052631576,0.2884603703562737,0.8030615737760904
lor_vs_ror_task3,gcc_core_plus_confounds,19,38,19,0.5,0.5484764542936287,0.5961907396117923,0.5789473684210527,0.5789473684210527,0.28165790265156193,0.8061647984826099
lor_vs_ror_task3,gcc_core_plus_confounds,20,38,19,0.5,0.17728531855955681,0.3569851280831698,0.21052631578947367,0.21052631578947367,0.34052755785162225,0.8863583906652475
lor_vs_ror_task3,gcc_core_plus_confounds,21,38,19,0.5,0.5013850415512465,0.492370631136157,0.5526315789473684,0.5526315789473685,0.28111322533240996,0.7737516165873576
lor_vs_ror_task3,gcc_core_plus_confounds,22,38,19,0.5,0.3822714681440443,0.4536738888354372,0.4473684210526315,0.4473684210526316,0.30519116629888227,0.8200261174539991
lor_vs_ror_task3,gcc_core_plus_confounds,23,38,19,0.5,0.5678670360110804,0.5948638575992882,0.5263157894736842,0.5263157894736842,0.26696360539690556,0.7471136464245939
lor_vs_ror_task3,gcc_core_plus_confounds,24,38,19,0.5,0.6481994459833794,0.681048476738509,0.5789473684210527,0.5789473684210527,0.24644067277433135,0.6869075581372427
lor_vs_ror_task3,gcc_core_plus_confounds,25,38,19,0.5,0.6509695290858725,0.5949915815269408,0.631578947368421,0.631578947368421,0.24741952580042217,0.7495989972762529
lor_vs_ror_task3,gcc_core_plus_confounds,26,38,19,0.5,0.6620498614958449,0.764578301650745,0.631578947368421,0.631578947368421,0.22621217476432945,0.6409351984131672
lor_vs_ror_task3,gcc_core_plus_confounds,27,38,19,0.5,0.5650969529085873,0.5939408029191311,0.5526315789473684,0.5526315789473685,0.2762757547037346,0.7682216436054996
lor_vs_ror_task3,gcc_core_plus_confounds,28,38,19,0.5,0.29085872576177285,0.3974820535302322,0.3157894736842105,0.3157894736842105,0.3259254860593037,0.8635125777712408
lor_vs_ror_task3,gcc_core_plus_confounds,29,38,19,0.5,0.5457063711911357,0.5557904230272651,0.5263157894736842,0.5263157894736842,0.27506253003827197,0.7624350342519713
lor_vs_ror_task3,gcc_core_plus_confounds,30,38,19,0.5,0.32132963988919666,0.41157561907356116,0.39473684210526316,0.39473684210526316,0.32609146061417676,0.8663893645438346
lor_vs_ror_task3,gcc_core_plus_confounds,31,38,19,0.5,0.4847645429362881,0.5069446048001662,0.5263157894736842,0.5263157894736842,0.2906922259232945,0.8006521439185045
lor_vs_ror_task3,gcc_core_plus_confounds,32,38,19,0.5,0.4875346260387811,0.530349545325588,0.5263157894736842,0.5263157894736842,0.28909122384396907,0.7931533619505624
lor_vs_ror_task3,gcc_core_plus_confounds,33,38,19,0.5,0.6260387811634349,0.5723354292136584,0.5789473684210527,0.5789473684210527,0.2563541132561203,0.7290321920748193
lor_vs_ror_task3,gcc_core_plus_confounds,34,38,19,0.5,0.5069252077562326,0.541362453587322,0.6052631578947368,0.6052631578947368,0.29246707644836667,0.8391738594971582
lor_vs_ror_task3,gcc_core_plus_confounds,35,38,19,0.5,0.6565096952908588,0.6291090393796892,0.6578947368421053,0.6578947368421053,0.2509480775477251,0.773680602855221
lor_vs_ror_task3,gcc_core_plus_confounds,36,38,19,0.5,0.6759002770083102,0.68329868866491,0.6842105263157894,0.6842105263157895,0.23431280858661852,0.69201313049054
lor_vs_ror_task3,gcc_core_plus_confounds,37,38,19,0.5,0.49307479224376727,0.4912621828498797,0.5,0.5,0.292596968731063,0.8041410598948938
lor_vs_ror_task3,gcc_core_plus_confounds,38,38,19,0.5,0.7368421052631579,0.6514420816153562,0.736842105263158,0.7368421052631579,0.2143173696192969,0.6760394875620325
lor_vs_ror_task3,gcc_core_plus_confounds,39,38,19,0.5,0.5401662049861495,0.5430094652391011,0.47368421052631576,0.47368421052631576,0.28660783552299085,0.8382173577006696
lor_vs_ror_task3,gcc_core_plus_confounds,40,38,19,0.5,0.7008310249307479,0.704169964094135,0.631578947368421,0.631578947368421,0.21608228075418603,0.6031766905968107
lor_vs_ror_task3,gcc_core_plus_confounds,41,38,19,0.5,0.6038781163434903,0.5581258849710913,0.6052631578947368,0.6052631578947368,0.26441715641458274,0.7378610525801373
lor_vs_ror_task3,gcc_core_plus_confounds,42,38,19,0.5,0.22714681440443213,0.3687331210956514,0.2894736842105263,0.2894736842105263,0.33162047425480423,0.8649457858864174
lor_vs_ror_task3,gcc_core_plus_confounds,43,38,19,0.5,0.35180055401662047,0.4589377428912499,0.39473684210526316,0.39473684210526316,0.30821804620915766,0.8218414854621712
lor_vs_ror_task3,gcc_core_plus_confounds,44,38,19,0.5,0.4764542936288088,0.5482511696618013,0.4473684210526315,0.4473684210526316,0.29106507702037404,0.7930507582107862
lor_vs_ror_task3,gcc_core_plus_confounds,45,38,19,0.5,0.6177285318559557,0.6645566213401906,0.5789473684210527,0.5789473684210527,0.255337378397552,0.7479255865123688
lor_vs_ror_task3,gcc_core_plus_confounds,46,38,19,0.5,0.6371191135734072,0.5671040272153826,0.631578947368421,0.631578947368421,0.2509643213020746,0.724203902008815
lor_vs_ror_task3,gcc_core_plus_confounds,47,38,19,0.5,0.4653739612188366,0.46704518076055473,0.5,0.5,0.2955064536212093,0.8210370790550326
lor_vs_ror_task3,gcc_core_plus_confounds,48,38,19,0.5,0.5041551246537396,0.482296861389066,0.5263157894736842,0.5263157894736842,0.2857130256583551,0.7979366043262747
lor_vs_ror_task3,gcc_core_plus_confounds,49,38,19,0.5,0.5180055401662049,0.5262127821837808,0.5263157894736842,0.5263157894736842,0.28811539157601385,0.832709406097821
lor_vs_ror_task3,gcc_core_plus_confounds,50,38,19,0.5,0.5983379501385042,0.6019205563224829,0.5526315789473684,0.5526315789473685,0.2609534536190406,0.7341144993806918
lor_vs_ror_task3,gcc_core_plus_confounds,51,38,19,0.5,0.3878116343490305,0.4406347533845898,0.3421052631578947,0.34210526315789475,0.31142471572011354,0.8379858580817442
lor_vs_ror_task3,gcc_core_plus_confounds,52,38,19,0.5,0.5789473684210527,0.5172913727253761,0.5789473684210527,0.5789473684210527,0.27473234765580495,0.777868694216834
lor_vs_ror_task3,gcc_core_plus_confounds,53,38,19,0.5,0.4764542936288088,0.47108100776957346,0.5,0.5,0.29863499580350045,0.8261825320668932
lor_vs_ror_task3,gcc_core_plus_confounds,54,38,19,0.5,0.22437673130193905,0.3691578196316473,0.3421052631578947,0.34210526315789475,0.3373945880934211,0.8881297609536483
lor_vs_ror_task3,gcc_core_plus_confounds,55,38,19,0.5,0.4238227146814404,0.46593375877277265,0.5263157894736842,0.5263157894736842,0.30703660983741404,0.838395936007049
lor_vs_ror_task3,gcc_core_plus_confounds,56,38,19,0.5,0.5817174515235457,0.6137332887210676,0.6052631578947368,0.6052631578947368,0.2660492747032043,0.7310274690879947
lor_vs_ror_task3,gcc_core_plus_confounds,57,38,19,0.5,0.7423822714681441,0.751119555735003,0.6842105263157894,0.6842105263157895,0.20661926894271954,0.6038547053510568
lor_vs_ror_task3,gcc_core_plus_confounds,58,38,19,0.5,0.5789473684210527,0.5240517026046383,0.5526315789473684,0.5526315789473685,0.2723283546548484,0.7649104776601775
lor_vs_ror_task3,gcc_core_plus_confounds,59,38,19,0.5,0.5429362880886426,0.5905844447949711,0.5526315789473684,0.5526315789473685,0.2746918409382094,0.7584571440967156
lor_vs_ror_task3,gcc_core_plus_confounds,60,38,19,0.5,0.47645429362880887,0.5390661322926769,0.47368421052631576,0.47368421052631576,0.2970311118423545,0.8067872166333698
lor_vs_ror_task3,gcc_core_plus_confounds,61,38,19,0.5,0.4792243767313019,0.4685125399886455,0.5263157894736842,0.5263157894736842,0.2967606341629576,0.8355035760344801
lor_vs_ror_task3,gcc_core_plus_confounds,62,38,19,0.5,0.5678670360110804,0.5697716825451913,0.5263157894736842,0.5263157894736842,0.26884937559217,0.7490112527837247
lor_vs_ror_task3,gcc_core_plus_confounds,63,38,19,0.5,0.5069252077562326,0.5130077835211162,0.5526315789473684,0.5526315789473685,0.2865452450662918,0.7972324455153469
lor_vs_ror_task3,gcc_core_plus_confounds,64,38,19,0.5,0.39889196675900274,0.470730371476993,0.4473684210526315,0.4473684210526316,0.3079756079220554,0.8574536713685573
lor_vs_ror_task3,gcc_core_plus_confounds,65,38,19,0.5,0.5152354570637119,0.5173230979530616,0.6052631578947368,0.6052631578947368,0.29323601211014233,0.8175277262104043
lor_vs_ror_task3,gcc_core_plus_confounds,66,38,19,0.5,0.42382271468144045,0.4667967974788074,0.5,0.5,0.3046260953594853,0.8397824207331105
lor_vs_ror_task3,gcc_core_plus_confounds,67,38,19,0.5,0.6315789473684211,0.6833599541732143,0.6052631578947368,0.6052631578947368,0.24952258603570743,0.7111965816199902
lor_vs_ror_task3,gcc_core_plus_confounds,68,38,19,0.5,0.29916897506925205,0.4038832423867653,0.39473684210526316,0.39473684210526316,0.3301501161328124,0.8796031950066996
lor_vs_ror_task3,gcc_core_plus_confounds,69,38,19,0.5,0.5041551246537396,0.48686026496498963,0.5,0.5,0.3009133380569834,0.8338028481499009
lor_vs_ror_task3,gcc_core_plus_confounds,70,38,19,0.5,0.43490304709141275,0.47433508120353873,0.4736842105263158,0.47368421052631576,0.3101878219715667,0.8515955574484572
lor_vs_ror_task3,gcc_core_plus_confounds,71,38,19,0.5,0.4265927977839335,0.4734958486191538,0.47368421052631576,0.47368421052631576,0.3128011157576754,0.8512271089047975
lor_vs_ror_task3,gcc_core_plus_confounds,72,38,19,0.5,0.4903047091412742,0.561871328012435,0.5263157894736842,0.5263157894736842,0.2896322616170214,0.8006876456184785
lor_vs_ror_task3,gcc_core_plus_confounds,73,38,19,0.5,0.4487534626038781,0.47341422607623285,0.42105263157894735,0.42105263157894735,0.30108085083506453,0.8185153410267323
lor_vs_ror_task3,gcc_core_plus_confounds,74,38,19,0.5,0.335180055401662,0.4210506032467945,0.47368421052631576,0.47368421052631576,0.3324988199536801,0.9001865959003021
lor_vs_ror_task3,gcc_core_plus_confounds,75,38,19,0.5,0.7036011080332409,0.6110062262253886,0.6052631578947368,0.6052631578947368,0.241752710834442,0.7412751985654774
lor_vs_ror_task3,gcc_core_plus_confounds,76,38,19,0.5,0.6066481994459834,0.655302213437422,0.631578947368421,0.631578947368421,0.2607605422400856,0.7617084681665987
lor_vs_ror_task3,gcc_core_plus_confounds,77,38,19,0.5,0.3767313019390582,0.4510387617238253,0.3684210526315789,0.3684210526315789,0.308383671589372,0.8201029624265823
lor_vs_ror_task3,gcc_core_plus_confounds,78,38,19,0.5,0.6481994459833796,0.6187194194648977,0.6842105263157895,0.6842105263157895,0.2465871827866594,0.7127858470547899
lor_vs_ror_task3,gcc_core_plus_confounds,79,38,19,0.5,0.4875346260387811,0.4850844708936226,0.5,0.5,0.30387738658695457,0.8569510251693897
lor_vs_ror_task3,gcc_core_plus_confounds,80,38,19,0.5,0.667590027700831,0.6938394889255564,0.6842105263157895,0.6842105263157895,0.23320682927060887,0.6634735818492548
lor_vs_ror_task3,gcc_core_plus_confounds,81,38,19,0.5,0.1634349030470914,0.354293616376723,0.3157894736842105,0.3157894736842105,0.34966635300789384,0.9083232181028233
lor_vs_ror_task3,gcc_core_plus_confounds,82,38,19,0.5,0.4986149584487534,0.5366839074133665,0.5526315789473684,0.5526315789473685,0.29468743929062835,0.8146285176851903
lor_vs_ror_task3,gcc_core_plus_confounds,83,38,19,0.5,0.5290858725761773,0.4994445152126201,0.5789473684210527,0.5789473684210527,0.29121762603330853,0.8223535755913111
lor_vs_ror_task3,gcc_core_plus_confounds,84,38,19,0.5,0.43490304709141275,0.4494022273350965,0.5263157894736842,0.5263157894736842,0.30884900566127177,0.8680646365144028
lor_vs_ror_task3,gcc_core_plus_confounds,85,38,19,0.5,0.5983379501385041,0.6703311995417256,0.631578947368421,0.631578947368421,0.2640165608620637,0.7627221056114718
lor_vs_ror_task3,gcc_core_plus_confounds,86,38,19,0.5,0.21329639889196678,0.36439373686117404,0.3157894736842105,0.3157894736842105,0.33658420963711666,0.8822429713560126
lor_vs_ror_task3,gcc_core_plus_confounds,87,38,19,0.5,0.41551246537396125,0.4374670369435816,0.42105263157894735,0.42105263157894735,0.3111155207217699,0.8428840973020003
lor_vs_ror_task3,gcc_core_plus_confounds,88,38,19,0.5,0.44044321329639885,0.4829847860147221,0.47368421052631576,0.47368421052631576,0.2968726081937792,0.8089435311814718
lor_vs_ror_task3,gcc_core_plus_confounds,89,38,19,0.5,0.2742382271468144,0.40203991600783523,0.3157894736842105,0.3157894736842105,0.33056183556668833,0.8834115934539626
lor_vs_ror_task3,gcc_core_plus_confounds,90,38,19,0.5,0.5207756232686981,0.5735166890203187,0.5263157894736842,0.5263157894736842,0.28202772472480403,0.7893231000881201
lor_vs_ror_task3,gcc_core_plus_confounds,91,38,19,0.5,0.6121883656509696,0.5850747816872746,0.5526315789473684,0.5526315789473685,0.25914731181416134,0.7345069116841624
lor_vs_ror_task3,gcc_core_plus_confounds,92,38,19,0.5,0.47645429362880887,0.5207585123565599,0.5526315789473684,0.5526315789473685,0.29562144194033424,0.8451464687227309
lor_vs_ror_task3,gcc_core_plus_confounds,93,38,19,0.5,0.6620498614958449,0.7115471564294473,0.6578947368421053,0.6578947368421053,0.24883527083689666,0.7072334059443649
lor_vs_ror_task3,gcc_core_plus_confounds,94,38,19,0.5,0.22437673130193908,0.3681462612625377,0.2894736842105263,0.2894736842105263,0.34467760326101027,0.9090387759258775
lor_vs_ror_task3,gcc_core_plus_confounds,95,38,19,0.5,0.5650969529085873,0.5739845725686957,0.5526315789473684,0.5526315789473685,0.27295538853908197,0.7686332893661442
lor_vs_ror_task3,gcc_core_plus_confounds,96,38,19,0.5,0.34349030470914127,0.4329731656868878,0.3684210526315789,0.3684210526315789,0.32360218974309235,0.8705113836307501
lor_vs_ror_task3,gcc_core_plus_confounds,97,38,19,0.5,0.42105263157894735,0.47638809910268404,0.4473684210526315,0.4473684210526316,0.2968169350136232,0.8087724385447722
lor_vs_ror_task3,gcc_core_plus_confounds,98,38,19,0.5,0.5096952908587258,0.5607569520479448,0.5,0.5,0.2857006515318824,0.783712586451896
lor_vs_ror_task3,gcc_core_plus_confounds,99,38,19,0.5,0.4736842105263158,0.5298199657325409,0.47368421052631576,0.47368421052631576,0.29093744021228024,0.7877230741758863
lor_vs_ror_task3,gcc_core_plus_confounds,100,38,19,0.5,0.6592797783933518,0.7180606915067245,0.6052631578947368,0.6052631578947368,0.2469683021853155,0.7138020458782449
lor_vs_ror_task3,gcc_regime_plus_confounds,1,38,19,0.5,0.29362880886426596,0.3992330004967196,0.3684210526315789,0.3684210526315789,0.34398571735897465,0.9140595830363353
lor_vs_ror_task3,gcc_regime_plus_confounds,2,38,19,0.5,0.6454293628808864,0.6260981427291947,0.5789473684210527,0.5789473684210527,0.2535001248964055,0.7493996430678072
lor_vs_ror_task3,gcc_regime_plus_confounds,3,38,19,0.5,0.5484764542936288,0.5352970208591566,0.5526315789473684,0.5526315789473685,0.29769984366682245,0.8808177951618423
lor_vs_ror_task3,gcc_regime_plus_confounds,4,38,19,0.5,0.5041551246537397,0.5071618303647123,0.5263157894736842,0.5263157894736842,0.30216375990851657,0.8588762761543848
lor_vs_ror_task3,gcc_regime_plus_confounds,5,38,19,0.5,0.5844875346260388,0.5453902038024981,0.631578947368421,0.631578947368421,0.274298262099126,0.780316821737253
lor_vs_ror_task3,gcc_regime_plus_confounds,6,38,19,0.5,0.6537396121883656,0.6156104403746998,0.6578947368421053,0.6578947368421053,0.25472595295618344,0.7476382804652085
lor_vs_ror_task3,gcc_regime_plus_confounds,7,38,19,0.5,0.6204986149584487,0.6815982367642839,0.5789473684210527,0.5789473684210527,0.2521473441006931,0.7155305728964084
lor_vs_ror_task3,gcc_regime_plus_confounds,8,38,19,0.5,0.6731301939058173,0.6632129334219135,0.6578947368421053,0.6578947368421053,0.24727143602729787,0.7629563123334161
lor_vs_ror_task3,gcc_regime_plus_confounds,9,38,19,0.5,0.34349030470914127,0.40963787213823355,0.47368421052631576,0.47368421052631576,0.3359608105356939,0.9213462289169101
lor_vs_ror_task3,gcc_regime_plus_confounds,10,38,19,0.5,0.5678670360110804,0.650310746402861,0.5263157894736842,0.5263157894736842,0.27734965122057725,0.7583112072489319
lor_vs_ror_task3,gcc_regime_plus_confounds,11,38,19,0.5,0.4238227146814404,0.4895178704915013,0.5,0.5,0.30715495022382855,0.8553544931866395
lor_vs_ror_task3,gcc_regime_plus_confounds,12,38,19,0.5,0.4736842105263158,0.4885578133668117,0.5263157894736842,0.5263157894736842,0.31209371234974015,0.8825675298755902
lor_vs_ror_task3,gcc_regime_plus_confounds,13,38,19,0.5,0.4238227146814404,0.4663099868569115,0.5263157894736842,0.5263157894736842,0.32682942763962414,0.9156125355570179
lor_vs_ror_task3,gcc_regime_plus_confounds,14,38,19,0.5,0.43767313019390575,0.5646296389671142,0.39473684210526316,0.39473684210526316,0.30974703922073393,0.8291473948157431
lor_vs_ror_task3,gcc_regime_plus_confounds,15,38,19,0.5,0.520775623268698,0.5129126332724632,0.5263157894736842,0.5263157894736842,0.29059307186312006,0.8491006564991763
lor_vs_ror_task3,gcc_regime_plus_confounds,16,38,19,0.5,0.23822714681440443,0.37134358186645106,0.3157894736842105,0.3157894736842105,0.357658013798113,0.9589448514540145
lor_vs_ror_task3,gcc_regime_plus_confounds,17,38,19,0.5,0.4182825484764543,0.45139872554060195,0.5,0.5,0.3189542257941664,0.8712608537308743
lor_vs_ror_task3,gcc_regime_plus_confounds,18,38,19,0.5,0.481994459833795,0.48313049569816907,0.5526315789473684,0.5526315789473685,0.31284318039910164,0.9148121405650091
lor_vs_ror_task3,gcc_regime_plus_confounds,19,38,19,0.5,0.7174515235457064,0.6930215616961992,0.7105263157894737,0.7105263157894737,0.22174039091303618,0.6429817529050579
lor_vs_ror_task3,gcc_regime_plus_confounds,20,38,19,0.5,0.5678670360110804,0.5482985961497447,0.6578947368421053,0.6578947368421053,0.2846620632918415,0.8332813678763276
lor_vs_ror_task3,gcc_regime_plus_confounds,21,38,19,0.5,0.4044321329639889,0.4537289028612676,0.42105263157894735,0.42105263157894735,0.32516872349115067,0.899231755462927
lor_vs_ror_task3,gcc_regime_plus_confounds,22,38,19,0.5,0.6869806094182825,0.629849294093449,0.631578947368421,0.631578947368421,0.23759820277651733,0.7014580375178953
lor_vs_ror_task3,gcc_regime_plus_confounds,23,38,19,0.5,0.3628808864265928,0.4315651525206363,0.4473684210526315,0.4473684210526316,0.3262205427629016,0.8696540026654833
lor_vs_ror_task3,gcc_regime_plus_confounds,24,38,19,0.5,0.5124653739612188,0.5059839521184909,0.5263157894736842,0.5263157894736842,0.28790370171667873,0.8085962979311585
lor_vs_ror_task3,gcc_regime_plus_confounds,25,38,19,0.5,0.2880886426592798,0.4080311237468869,0.3684210526315789,0.3684210526315789,0.33640455108585693,0.8898394290759729
lor_vs_ror_task3,gcc_regime_plus_confounds,26,38,19,0.5,0.3157894736842105,0.4009576325642613,0.3684210526315789,0.3684210526315789,0.342819697964593,0.9166767451987368
lor_vs_ror_task3,gcc_regime_plus_confounds,27,38,19,0.5,0.5263157894736843,0.5079848345834601,0.5789473684210527,0.5789473684210527,0.2901267608676296,0.8171449340990613
lor_vs_ror_task3,gcc_regime_plus_confounds,28,38,19,0.5,0.6066481994459834,0.6445778971505851,0.5263157894736842,0.5263157894736842,0.2711699511664202,0.7502036132011679
lor_vs_ror_task3,gcc_regime_plus_confounds,29,38,19,0.5,0.40443213296398894,0.43379697868188916,0.47368421052631576,0.47368421052631576,0.3128955443334829,0.8514296847045767
lor_vs_ror_task3,gcc_regime_plus_confounds,30,38,19,0.5,0.40443213296398894,0.43904422488538325,0.42105263157894735,0.42105263157894735,0.3180328088591838,0.8596772520744463
lor_vs_ror_task3,gcc_regime_plus_confounds,31,38,19,0.5,0.2908587257617729,0.3950994949748793,0.3684210526315789,0.3684210526315789,0.3473721991841118,0.9193967320516162
lor_vs_ror_task3,gcc_regime_plus_confounds,32,38,19,0.5,0.34349030470914127,0.4115435641184686,0.3684210526315789,0.3684210526315789,0.3218634041535637,0.8747137791467526
lor_vs_ror_task3,gcc_regime_plus_confounds,33,38,19,0.5,0.554016620498615,0.5400535259877899,0.5263157894736842,0.5263157894736842,0.27799853166553096,0.7823097260153721
lor_vs_ror_task3,gcc_regime_plus_confounds,34,38,19,0.5,0.7479224376731302,0.8162679406641113,0.631578947368421,0.631578947368421,0.20309238599491533,0.5746829251653166
lor_vs_ror_task3,gcc_regime_plus_confounds,35,38,19,0.5,0.44598337950138506,0.4842675586917728,0.4473684210526315,0.4473684210526316,0.3144836281148662,0.8596047238330741
lor_vs_ror_task3,gcc_regime_plus_confounds,36,38,19,0.5,0.4515235457063712,0.48625099953115636,0.5,0.5,0.3125808256465511,0.8751232542598686
lor_vs_ror_task3,gcc_regime_plus_confounds,37,38,19,0.5,0.23822714681440446,0.37127473577456377,0.2894736842105263,0.2894736842105263,0.35234140026290517,0.9304769517802001
lor_vs_ror_task3,gcc_regime_plus_confounds,38,38,19,0.5,0.5595567867036011,0.6687883210597891,0.5,0.5,0.2641221570395996,0.7314190372002078
lor_vs_ror_task3,gcc_regime_plus_confounds,39,38,19,0.5,0.22714681440443213,0.3731552573239585,0.3684210526315789,0.3684210526315789,0.3523833521833676,0.9362816058508574
lor_vs_ror_task3,gcc_regime_plus_confounds,40,38,19,0.5,0.631578947368421,0.6215909893432974,0.5789473684210527,0.5789473684210527,0.2533109569379233,0.7199473006768999
lor_vs_ror_task3,gcc_regime_plus_confounds,41,38,19,0.5,0.5650969529085872,0.592843394948658,0.5526315789473684,0.5526315789473685,0.2793781669584537,0.7811719753777159
lor_vs_ror_task3,gcc_regime_plus_confounds,42,38,19,0.5,0.6204986149584488,0.6278447432909675,0.5789473684210527,0.5789473684210527,0.2598080883677724,0.7357529795130078
lor_vs_ror_task3,gcc_regime_plus_confounds,43,38,19,0.5,0.39058171745152354,0.45693205890456534,0.47368421052631576,0.47368421052631576,0.3153027573381641,0.8468920987310267
lor_vs_ror_task3,gcc_regime_plus_confounds,44,38,19,0.5,0.6011080332409973,0.6347992555751563,0.5526315789473684,0.5526315789473685,0.2683594367851273,0.748875167509904
lor_vs_ror_task3,gcc_regime_plus_confounds,45,38,19,0.5,0.6842105263157895,0.7085945636020556,0.6842105263157894,0.6842105263157895,0.24211013336239867,0.7310943225059964
lor_vs_ror_task3,gcc_regime_plus_confounds,46,38,19,0.5,0.5595567867036011,0.567361763038416,0.6052631578947368,0.6052631578947368,0.2812441639587878,0.7773517681676821
lor_vs_ror_task3,gcc_regime_plus_confounds,47,38,19,0.5,0.5789473684210527,0.6004249763075789,0.5789473684210527,0.5789473684210527,0.26718685009138826,0.7650829802231816
lor_vs_ror_task3,gcc_regime_plus_confounds,48,38,19,0.5,0.293628808864266,0.39199137076156176,0.3684210526315789,0.3684210526315789,0.34318493144779805,0.9211022695490213
lor_vs_ror_task3,gcc_regime_plus_confounds,49,38,19,0.5,0.3074792243767313,0.4104121252002283,0.3421052631578947,0.34210526315789475,0.33585332207966884,0.8881136706186187
lor_vs_ror_task3,gcc_regime_plus_confounds,50,38,19,0.5,0.5595567867036011,0.6040740271724991,0.5526315789473684,0.5526315789473685,0.28514516055994304,0.8408193231866399
lor_vs_ror_task3,gcc_regime_plus_confounds,51,38,19,0.5,0.481994459833795,0.4916488760566935,0.5263157894736842,0.5263157894736842,0.3118576245938459,0.8889192107078223
lor_vs_ror_task3,gcc_regime_plus_confounds,52,38,19,0.5,0.44321329639889195,0.48009094615905756,0.47368421052631576,0.47368421052631576,0.3197533967312337,0.8954440204177644
lor_vs_ror_task3,gcc_regime_plus_confounds,53,38,19,0.5,0.18836565096952912,0.36350370553827976,0.23684210526315788,0.23684210526315788,0.35878145933775374,0.9596043525538118
lor_vs_ror_task3,gcc_regime_plus_confounds,54,38,19,0.5,0.5013850415512465,0.5294488064724927,0.5263157894736842,0.5263157894736842,0.2903582372252001,0.7932866951853532
lor_vs_ror_task3,gcc_regime_plus_confounds,55,38,19,0.5,0.6121883656509695,0.5989904791167391,0.6842105263157895,0.6842105263157895,0.2578459251606748,0.733561447488975
lor_vs_ror_task3,gcc_regime_plus_confounds,56,38,19,0.5,0.6786703601108033,0.6236194086890448,0.6842105263157895,0.6842105263157895,0.24192379102903322,0.7325728521064812
lor_vs_ror_task3,gcc_regime_plus_confounds,57,38,19,0.5,0.5484764542936288,0.6221613205693901,0.5526315789473684,0.5526315789473685,0.28596516089917784,0.8020798506812312
lor_vs_ror_task3,gcc_regime_plus_confounds,58,38,19,0.5,0.5235457063711911,0.5142845711001663,0.5,0.5,0.27686467749185306,0.7731077480632789
lor_vs_ror_task3,gcc_regime_plus_confounds,59,38,19,0.5,0.3601108033240997,0.4349176230686732,0.42105263157894735,0.42105263157894735,0.3271595969008923,0.8845433025646832
lor_vs_ror_task3,gcc_regime_plus_confounds,60,38,19,0.5,0.39058171745152354,0.4656175775689373,0.42105263157894735,0.42105263157894735,0.3308869539527846,0.9076317357608352
lor_vs_ror_task3,gcc_regime_plus_confounds,61,38,19,0.5,0.5180055401662049,0.5523890217431903,0.4473684210526315,0.4473684210526316,0.2831319752400792,0.7942154358658973
lor_vs_ror_task3,gcc_regime_plus_confounds,62,38,19,0.5,0.4487534626038781,0.48848115448885493,0.39473684210526316,0.39473684210526316,0.31529964158029405,0.8738205166587655
lor_vs_ror_task3,gcc_regime_plus_confounds,63,38,19,0.5,0.4903047091412743,0.48324289992344066,0.6052631578947368,0.6052631578947368,0.3055887790811371,0.8781065716017146
lor_vs_ror_task3,gcc_regime_plus_confounds,64,38,19,0.5,0.21329639889196678,0.36637041703527506,0.39473684210526316,0.39473684210526316,0.3508014592772583,0.9209266738709279
lor_vs_ror_task3,gcc_regime_plus_confounds,65,38,19,0.5,0.24376731301939059,0.3741719343441053,0.3684210526315789,0.3684210526315789,0.350217994195429,0.9344489891327614
lor_vs_ror_task3,gcc_regime_plus_confounds,66,38,19,0.5,0.21329639889196678,0.3651108931707341,0.3421052631578947,0.34210526315789475,0.3601873804367837,0.9461847155153971
lor_vs_ror_task3,gcc_regime_plus_confounds,67,38,19,0.5,0.5706371191135734,0.6372735759513057,0.5,0.5,0.270111668824297,0.7364945941748434
lor_vs_ror_task3,gcc_regime_plus_confounds,68,38,19,0.5,0.47368421052631576,0.6000047764336689,0.5263157894736842,0.5263157894736842,0.3008650153378184,0.831680271701012
lor_vs_ror_task3,gcc_regime_plus_confounds,69,38,19,0.5,0.335180055401662,0.40375978472182883,0.42105263157894735,0.42105263157894735,0.3202838180587761,0.8680792329979095
lor_vs_ror_task3,gcc_regime_plus_confounds,70,38,19,0.5,0.7229916897506925,0.7969077677658822,0.631578947368421,0.631578947368421,0.23161401106598406,0.6701314139825417
lor_vs_ror_task3,gcc_regime_plus_confounds,71,38,19,0.5,0.556786703601108,0.5456507514933271,0.4473684210526315,0.4473684210526316,0.2816931235796007,0.7796055374251682
lor_vs_ror_task3,gcc_regime_plus_confounds,72,38,19,0.5,0.3379501385041551,0.4063499411628867,0.4473684210526315,0.4473684210526316,0.34370803552374857,0.942055731155483
lor_vs_ror_task3,gcc_regime_plus_confounds,73,38,19,0.5,0.6703601108033241,0.6771277232676727,0.631578947368421,0.631578947368421,0.242885098287651,0.7574638692096165
lor_vs_ror_task3,gcc_regime_plus_confounds,74,38,19,0.5,0.05263157894736842,0.32824406162329794,0.07894736842105263,0.07894736842105263,0.3826265269384796,0.980764620135756
lor_vs_ror_task3,gcc_regime_plus_confounds,75,38,19,0.5,0.6786703601108033,0.7140903951770876,0.6578947368421053,0.6578947368421053,0.2338957561267588,0.6996509667576104
lor_vs_ror_task3,gcc_regime_plus_confounds,76,38,19,0.5,0.5373961218836565,0.5299781648514004,0.6578947368421053,0.6578947368421053,0.29210495291518324,0.8489694918879368
lor_vs_ror_task3,gcc_regime_plus_confounds,77,38,19,0.5,0.332409972299169,0.40435567685962415,0.39473684210526316,0.39473684210526316,0.33807287227024013,0.8981682043435147
lor_vs_ror_task3,gcc_regime_plus_confounds,78,38,19,0.5,0.6315789473684211,0.6347676384429063,0.5526315789473684,0.5526315789473685,0.2553576156774662,0.7313705708743934
lor_vs_ror_task3,gcc_regime_plus_confounds,79,38,19,0.5,0.5263157894736842,0.6231188053902734,0.5263157894736842,0.5263157894736842,0.28844526002050896,0.8351731712423064
lor_vs_ror_task3,gcc_regime_plus_confounds,80,38,19,0.5,0.5955678670360111,0.6134314366236497,0.5789473684210527,0.5789473684210527,0.26600481954946675,0.7466106388396392
lor_vs_ror_task3,gcc_regime_plus_confounds,81,38,19,0.5,0.6232686980609418,0.6920257009511086,0.5526315789473684,0.5526315789473685,0.25501360243663657,0.7081162446077934
lor_vs_ror_task3,gcc_regime_plus_confounds,82,38,19,0.5,0.5457063711911356,0.5957307567247012,0.5,0.5,0.2682244588345279,0.7798954016712041
lor_vs_ror_task3,gcc_regime_plus_confounds,83,38,19,0.5,0.13019390581717452,0.342745851600058,0.18421052631578946,0.18421052631578946,0.3730855219194426,0.9790375052964218
lor_vs_ror_task3,gcc_regime_plus_confounds,84,38,19,0.5,0.49861495844875336,0.5882874683963613,0.4473684210526315,0.4473684210526316,0.2946406866112806,0.8241329961617341
lor_vs_ror_task3,gcc_regime_plus_confounds,85,38,19,0.5,0.4792243767313019,0.5551430050991761,0.47368421052631576,0.47368421052631576,0.30703014402127,0.8572562371473073
lor_vs_ror_task3,gcc_regime_plus_confounds,86,38,19,0.5,0.42659279778393355,0.5465051531249311,0.5263157894736842,0.5263157894736842,0.3244267852790901,0.9109835239317922
lor_vs_ror_task3,gcc_regime_plus_confounds,87,38,19,0.5,0.2853185595567867,0.39066094456814704,0.39473684210526316,0.39473684210526316,0.34030275113552916,0.9073051588998581
lor_vs_ror_task3,gcc_regime_plus_confounds,88,38,19,0.5,0.5290858725761773,0.6462461640100816,0.5,0.5,0.2995101062949577,0.8646661569754809
lor_vs_ror_task3,gcc_regime_plus_confounds,89,38,19,0.5,0.556786703601108,0.5128673275917185,0.5526315789473684,0.5526315789473685,0.2781143373474377,0.8368535058777756
lor_vs_ror_task3,gcc_regime_plus_confounds,90,38,19,0.5,0.5152354570637119,0.5140982705207282,0.5263157894736842,0.5263157894736842,0.30149737587296355,0.831687446017544
lor_vs_ror_task3,gcc_regime_plus_confounds,91,38,19,0.5,0.3490304709141274,0.41340393092514044,0.3684210526315789,0.3684210526315789,0.3228380594800572,0.8652564404429386
lor_vs_ror_task3,gcc_regime_plus_confounds,92,38,19,0.5,0.4847645429362881,0.6178328085262805,0.5,0.5,0.29982573973254034,0.8310363260699717
lor_vs_ror_task3,gcc_regime_plus_confounds,93,38,19,0.5,0.3462603878116344,0.4218139957149925,0.47368421052631576,0.47368421052631576,0.3367861088617657,0.9171620800345959
lor_vs_ror_task3,gcc_regime_plus_confounds,94,38,19,0.5,0.5650969529085872,0.539665422394478,0.5,0.5,0.2690205045614501,0.7457934213629064
lor_vs_ror_task3,gcc_regime_plus_confounds,95,38,19,0.5,0.04432132963988921,0.324920013738,0.10526315789473684,0.10526315789473684,0.37558314109905483,0.9678252055580433
lor_vs_ror_task3,gcc_regime_plus_confounds,96,38,19,0.5,0.6454293628808864,0.7221080470901753,0.6052631578947368,0.6052631578947368,0.2532379234594894,0.7125581000015911
lor_vs_ror_task3,gcc_regime_plus_confounds,97,38,19,0.5,0.4736842105263158,0.48443287051292194,0.5789473684210527,0.5789473684210527,0.3116476656510722,0.8964368800493039
lor_vs_ror_task3,gcc_regime_plus_confounds,98,38,19,0.5,0.3462603878116343,0.4321903454306003,0.39473684210526316,0.39473684210526316,0.32675597359485886,0.8918652833086477
lor_vs_ror_task3,gcc_regime_plus_confounds,99,38,19,0.5,0.3268698060941828,0.4317039417356374,0.3157894736842105,0.3157894736842105,0.32916785139047827,0.868546872896088
lor_vs_ror_task3,gcc_regime_plus_confounds,100,38,19,0.5,0.5429362880886427,0.5419216128990241,0.5263157894736842,0.5263157894736842,0.28795736689980816,0.8322645651032122
lor_vs_ror_task3,full_standard_plus_gcc,1,38,19,0.5,0.40443213296398894,0.4281575373908852,0.5,0.5,0.31216233986952613,0.8516488228279012
lor_vs_ror_task3,full_standard_plus_gcc,2,38,19,0.5,0.20221606648199447,0.3676103054993795,0.39473684210526316,0.39473684210526316,0.35395357828155555,0.9375665025999329
lor_vs_ror_task3,full_standard_plus_gcc,3,38,19,0.5,0.31578947368421056,0.41433439594904686,0.42105263157894735,0.42105263157894735,0.3528458450082747,0.9469138626802285
lor_vs_ror_task3,full_standard_plus_gcc,4,38,19,0.5,0.6454293628808864,0.5825321934187202,0.631578947368421,0.631578947368421,0.25134057971233115,0.7636575520741548
lor_vs_ror_task3,full_standard_plus_gcc,5,38,19,0.5,0.39612188365650963,0.4599331409811425,0.47368421052631576,0.47368421052631576,0.3254090095029177,0.9338060181155533
lor_vs_ror_task3,full_standard_plus_gcc,6,38,19,0.5,0.4958448753462604,0.5668516681483922,0.5263157894736842,0.5263157894736842,0.3072036006087319,0.8844277815769663
lor_vs_ror_task3,full_standard_plus_gcc,7,38,19,0.5,0.4819944598337951,0.5102463956497678,0.5,0.5,0.30353725252704444,0.8258829030629901
lor_vs_ror_task3,full_standard_plus_gcc,8,38,19,0.5,0.45983379501385035,0.48188672155220086,0.5,0.5,0.30866025475604536,0.8512257314606252
lor_vs_ror_task3,full_standard_plus_gcc,9,38,19,0.5,0.554016620498615,0.5167465093980211,0.631578947368421,0.631578947368421,0.2918982767597475,0.8438143269923832
lor_vs_ror_task3,full_standard_plus_gcc,10,38,19,0.5,0.21052631578947367,0.3633104574993884,0.3157894736842105,0.3157894736842105,0.3611760166879259,0.9696890906545359
lor_vs_ror_task3,full_standard_plus_gcc,11,38,19,0.5,0.628808864265928,0.6072967181054081,0.5789473684210527,0.5789473684210527,0.253066265610932,0.7213222637026181
lor_vs_ror_task3,full_standard_plus_gcc,12,38,19,0.5,0.3795013850415512,0.47158913335226105,0.3684210526315789,0.3684210526315789,0.31689005633952516,0.8503000709636489
lor_vs_ror_task3,full_standard_plus_gcc,13,38,19,0.5,0.46537396121883656,0.47488896606617415,0.4473684210526315,0.4473684210526316,0.3148507426629507,0.8856467700024195
lor_vs_ror_task3,full_standard_plus_gcc,14,38,19,0.5,0.7119113573407202,0.6786019948030311,0.6578947368421053,0.6578947368421053,0.21824697959674552,0.6435097399017806
lor_vs_ror_task3,full_standard_plus_gcc,15,38,19,0.5,0.6371191135734072,0.6307209685260619,0.5789473684210527,0.5789473684210527,0.25947158532078873,0.8531554405398287
lor_vs_ror_task3,full_standard_plus_gcc,16,38,19,0.5,0.5595567867036011,0.5158708938120703,0.5263157894736842,0.5263157894736842,0.28623160385029023,0.8131219800790227
lor_vs_ror_task3,full_standard_plus_gcc,17,38,19,0.5,0.23268698060941825,0.37301214902453717,0.42105263157894735,0.42105263157894735,0.3681699136722179,1.0056669486873506
lor_vs_ror_task3,full_standard_plus_gcc,18,38,19,0.5,0.5013850415512465,0.5901717135488234,0.5,0.5,0.2865324350537491,0.7793048413098151
lor_vs_ror_task3,full_standard_plus_gcc,19,38,19,0.5,0.7036011080332409,0.7459002339007028,0.6842105263157894,0.6842105263157895,0.22406703507134418,0.7172195602593687
lor_vs_ror_task3,full_standard_plus_gcc,20,38,19,0.5,0.5595567867036011,0.5480369866265058,0.5526315789473684,0.5526315789473685,0.2844766361262982,0.8016143165306318
lor_vs_ror_task3,full_standard_plus_gcc,21,38,19,0.5,0.551246537396122,0.5591593174271727,0.5526315789473684,0.5526315789473685,0.285093025031139,0.8106674760593366
lor_vs_ror_task3,full_standard_plus_gcc,22,38,19,0.5,0.5706371191135734,0.6259150074376167,0.6052631578947368,0.6052631578947368,0.27651697576935896,0.8038560402231132
lor_vs_ror_task3,full_standard_plus_gcc,23,38,19,0.5,0.5650969529085873,0.5942033827474331,0.5263157894736842,0.5263157894736842,0.2805297128734122,0.8120579234429963
lor_vs_ror_task3,full_standard_plus_gcc,24,38,19,0.5,0.25484764542936283,0.3783268051169979,0.3684210526315789,0.3684210526315789,0.3518849383613037,0.9371031680797036
lor_vs_ror_task3,full_standard_plus_gcc,25,38,19,0.5,0.4293628808864266,0.44739157466038604,0.47368421052631576,0.47368421052631576,0.3237146472577505,0.8970223895903192
lor_vs_ror_task3,full_standard_plus_gcc,26,38,19,0.5,0.5429362880886426,0.5613762018400643,0.5263157894736842,0.5263157894736842,0.28263027151503317,0.7812849014882315
lor_vs_ror_task3,full_standard_plus_gcc,27,38,19,0.5,0.2465373961218837,0.37555631337073225,0.3421052631578947,0.34210526315789475,0.3393675886712166,0.8914997751193775
lor_vs_ror_task3,full_standard_plus_gcc,28,38,19,0.5,0.3102493074792244,0.41025251681743646,0.42105263157894735,0.42105263157894735,0.31814134009022854,0.8734538501680932
lor_vs_ror_task3,full_standard_plus_gcc,29,38,19,0.5,0.12465373961218837,0.3412243499308796,0.21052631578947367,0.21052631578947367,0.369594633989409,0.9553385982074919
lor_vs_ror_task3,full_standard_plus_gcc,30,38,19,0.5,0.6481994459833796,0.7516424866043205,0.6578947368421053,0.6578947368421053,0.25336743278457086,0.7286163800954616
lor_vs_ror_task3,full_standard_plus_gcc,31,38,19,0.5,0.43490304709141275,0.5301010224199733,0.42105263157894735,0.42105263157894735,0.3095650866132322,0.8305596424244196
lor_vs_ror_task3,full_standard_plus_gcc,32,38,19,0.5,0.518005540166205,0.5229196826791336,0.6052631578947368,0.6052631578947368,0.30445926248013666,0.8847830028137895
lor_vs_ror_task3,full_standard_plus_gcc,33,38,19,0.5,0.3573407202216067,0.4280544944023212,0.4473684210526315,0.4473684210526316,0.3278202587969064,0.8697524933719372
lor_vs_ror_task3,full_standard_plus_gcc,34,38,19,0.5,0.41274238227146814,0.4949011811046058,0.42105263157894735,0.42105263157894735,0.3273222734611792,0.9165154699735126
lor_vs_ror_task3,full_standard_plus_gcc,35,38,19,0.5,0.4903047091412742,0.5338931977966233,0.5,0.5,0.30014525784426155,0.8383825154049296
lor_vs_ror_task3,full_standard_plus_gcc,36,38,19,0.5,0.20498614958448752,0.38013458756967194,0.2894736842105263,0.2894736842105263,0.34681163532863224,0.9199133717688435
lor_vs_ror_task3,full_standard_plus_gcc,37,38,19,0.5,0.6759002770083102,0.743801558100075,0.6052631578947368,0.6052631578947368,0.22934324607180964,0.6335223725613286
lor_vs_ror_task3,full_standard_plus_gcc,38,38,19,0.5,0.5927977839335179,0.5664791280553831,0.6052631578947368,0.6052631578947368,0.28021046892516105,0.8834228610851987
lor_vs_ror_task3,full_standard_plus_gcc,39,38,19,0.5,0.6066481994459834,0.5860107451592381,0.5789473684210527,0.5789473684210527,0.26846758642972185,0.8171900245439734
lor_vs_ror_task3,full_standard_plus_gcc,40,38,19,0.5,0.26869806094182824,0.3870756593261303,0.39473684210526316,0.39473684210526316,0.3555784236601173,0.9565905898426488
lor_vs_ror_task3,full_standard_plus_gcc,41,38,19,0.5,0.6731301939058172,0.7137219459919262,0.6842105263157894,0.6842105263157895,0.23339858594716212,0.7069848799083106
lor_vs_ror_task3,full_standard_plus_gcc,42,38,19,0.5,0.5235457063711911,0.559727850166089,0.5,0.5,0.3005988799840294,0.858807668827833
lor_vs_ror_task3,full_standard_plus_gcc,43,38,19,0.5,0.49861495844875336,0.5482682951258804,0.5263157894736842,0.5263157894736842,0.3005297025521556,0.8653869689523127
lor_vs_ror_task3,full_standard_plus_gcc,44,38,19,0.5,0.6204986149584487,0.6893109980310286,0.5526315789473684,0.5526315789473685,0.26831899672020443,0.7790159156260696
lor_vs_ror_task3,full_standard_plus_gcc,45,38,19,0.5,0.7562326869806093,0.7965259336651525,0.7105263157894737,0.7105263157894737,0.20555504761861834,0.6313641536507216
lor_vs_ror_task3,full_standard_plus_gcc,46,38,19,0.5,0.5263157894736842,0.5005868926485677,0.5789473684210527,0.5789473684210527,0.3016056653410197,0.8988123985944553
lor_vs_ror_task3,full_standard_plus_gcc,47,38,19,0.5,0.3268698060941828,0.42198543673745476,0.39473684210526316,0.39473684210526316,0.3538958561384773,0.989171843108242
lor_vs_ror_task3,full_standard_plus_gcc,48,38,19,0.5,0.3185595567867036,0.404947087422858,0.3684210526315789,0.3684210526315789,0.3449631925294985,0.9273129464107273
lor_vs_ror_task3,full_standard_plus_gcc,49,38,19,0.5,0.7174515235457063,0.7291840018613474,0.6578947368421053,0.6578947368421053,0.22438412242680225,0.6580445154334458
lor_vs_ror_task3,full_standard_plus_gcc,50,38,19,0.5,0.5512465373961218,0.5421781850414283,0.631578947368421,0.631578947368421,0.3041730705904162,0.9179827044712715
lor_vs_ror_task3,full_standard_plus_gcc,51,38,19,0.5,0.5706371191135734,0.5544364932901411,0.5526315789473684,0.5526315789473685,0.276824665374372,0.8195207825900505
lor_vs_ror_task3,full_standard_plus_gcc,52,38,19,0.5,0.4653739612188365,0.5045131053838484,0.5526315789473684,0.5526315789473685,0.29729397018215575,0.8115389716927067
lor_vs_ror_task3,full_standard_plus_gcc,53,38,19,0.5,0.4598337950138504,0.4608565410381221,0.5526315789473684,0.5526315789473685,0.2939483288103023,0.8252523645638664
lor_vs_ror_task3,full_standard_plus_gcc,54,38,19,0.5,0.5955678670360111,0.6061743379315536,0.5526315789473684,0.5526315789473685,0.2596933311799458,0.7370025986469994
lor_vs_ror_task3,full_standard_plus_gcc,55,38,19,0.5,0.5623268698060943,0.5924457229957925,0.5526315789473684,0.5526315789473685,0.27753266589934145,0.7846843865412305
lor_vs_ror_task3,full_standard_plus_gcc,56,38,19,0.5,0.4293628808864266,0.48629714825204995,0.42105263157894735,0.42105263157894735,0.3210450057371682,0.8794158612802289
lor_vs_ror_task3,full_standard_plus_gcc,57,38,19,0.5,0.5540166204986149,0.6487518446297165,0.5789473684210527,0.5789473684210527,0.29709308641465154,0.8400885457730304
lor_vs_ror_task3,full_standard_plus_gcc,58,38,19,0.5,0.6759002770083102,0.6715799556939084,0.6842105263157894,0.6842105263157895,0.2382230109681074,0.7086166777191432
lor_vs_ror_task3,full_standard_plus_gcc,59,38,19,0.5,0.5872576177285318,0.5644550011094556,0.5789473684210527,0.5789473684210527,0.26985121841283094,0.7691859258781284
lor_vs_ror_task3,full_standard_plus_gcc,60,38,19,0.5,0.29085872576177285,0.4454412018044382,0.3684210526315789,0.3684210526315789,0.34114409770011217,0.899007352983359
lor_vs_ror_task3,full_standard_plus_gcc,61,38,19,0.5,0.48476454293628807,0.5789724133324707,0.5,0.5,0.30294914124218913,0.8755597777993088
lor_vs_ror_task3,full_standard_plus_gcc,62,38,19,0.5,0.3379501385041551,0.41459563470020117,0.42105263157894735,0.42105263157894735,0.3416578733369963,0.9261444122255229
lor_vs_ror_task3,full_standard_plus_gcc,63,38,19,0.5,0.5235457063711911,0.5433888533379875,0.4736842105263158,0.47368421052631576,0.2821550369053638,0.7662107179853646
lor_vs_ror_task3,full_standard_plus_gcc,64,38,19,0.5,0.5706371191135734,0.5725781149929756,0.5789473684210527,0.5789473684210527,0.2861821607005844,0.8621313958884865
lor_vs_ror_task3,full_standard_plus_gcc,65,38,19,0.5,0.6177285318559557,0.6476713722372625,0.6052631578947368,0.6052631578947368,0.2560937852102588,0.7186004929530031
lor_vs_ror_task3,full_standard_plus_gcc,66,38,19,0.5,0.6121883656509695,0.6193367446338403,0.6052631578947368,0.6052631578947368,0.2612525761501744,0.8111818843640775
lor_vs_ror_task3,full_standard_plus_gcc,67,38,19,0.5,0.29916897506925205,0.3918813756497352,0.42105263157894735,0.42105263157894735,0.33281720989245533,0.8956838378943284
lor_vs_ror_task3,full_standard_plus_gcc,68,38,19,0.5,0.4376731301939058,0.4629955783330031,0.42105263157894735,0.42105263157894735,0.3119999520413218,0.8424407050369657
lor_vs_ror_task3,full_standard_plus_gcc,69,38,19,0.5,0.4487534626038781,0.5184853687544155,0.4473684210526315,0.4473684210526316,0.31480910987283756,0.8619800553831835
lor_vs_ror_task3,full_standard_plus_gcc,70,38,19,0.5,0.44598337950138506,0.45291140270161845,0.4473684210526315,0.4473684210526316,0.31093583997973206,0.8664120559618723
lor_vs_ror_task3,full_standard_plus_gcc,71,38,19,0.5,0.5152354570637119,0.5070287185618633,0.631578947368421,0.631578947368421,0.30175854182421213,0.8804137221227344
lor_vs_ror_task3,full_standard_plus_gcc,72,38,19,0.5,0.185595567867036,0.3565317001140483,0.3421052631578947,0.34210526315789475,0.35791166467600005,0.9316774796686549
lor_vs_ror_task3,full_standard_plus_gcc,73,38,19,0.5,0.5789473684210527,0.6440222506036948,0.5789473684210527,0.5789473684210527,0.27355993538487566,0.7917419366811547
lor_vs_ror_task3,full_standard_plus_gcc,74,38,19,0.5,0.4875346260387811,0.5350125838481989,0.47368421052631576,0.47368421052631576,0.2884865081508657,0.8588736551963662
lor_vs_ror_task3,full_standard_plus_gcc,75,38,19,0.5,0.5955678670360112,0.635176353616677,0.5789473684210527,0.5789473684210527,0.26197678633517324,0.7781309122441114
lor_vs_ror_task3,full_standard_plus_gcc,76,38,19,0.5,0.6011080332409973,0.6651355288158691,0.5789473684210527,0.5789473684210527,0.28167939038521755,0.8047146787757726
lor_vs_ror_task3,full_standard_plus_gcc,77,38,19,0.5,0.4709141274238227,0.469876251669445,0.5526315789473684,0.5526315789473685,0.30513509174252623,0.8642122602593068
lor_vs_ror_task3,full_standard_plus_gcc,78,38,19,0.5,0.5096952908587258,0.5511537371207536,0.5526315789473684,0.5526315789473685,0.2974862188959692,0.8382212548645568
lor_vs_ror_task3,full_standard_plus_gcc,79,38,19,0.5,0.3490304709141274,0.42229440477203317,0.3421052631578947,0.34210526315789475,0.33402981288203387,0.9066644218250698
lor_vs_ror_task3,full_standard_plus_gcc,80,38,19,0.5,0.47645429362880887,0.49592196317795145,0.5,0.5,0.310359700134504,0.8820307472004191
lor_vs_ror_task3,full_standard_plus_gcc,81,38,19,0.5,0.5263157894736843,0.5675819601768023,0.5,0.5,0.29194677803636765,0.8542302508036285
lor_vs_ror_task3,full_standard_plus_gcc,82,38,19,0.5,0.6011080332409973,0.5921161580764771,0.5789473684210527,0.5789473684210527,0.28376317154475234,0.8005110524257395
lor_vs_ror_task3,full_standard_plus_gcc,83,38,19,0.5,0.5844875346260389,0.538872116600275,0.5789473684210527,0.5789473684210527,0.26056119382271153,0.7243985891866616
lor_vs_ror_task3,full_standard_plus_gcc,84,38,19,0.5,0.3157894736842105,0.39567425495052344,0.3684210526315789,0.3684210526315789,0.32401817008396033,0.858756286912799
lor_vs_ror_task3,full_standard_plus_gcc,85,38,19,0.5,0.5124653739612188,0.5280919740631326,0.5789473684210527,0.5789473684210527,0.2957590447046381,0.8479132586028866
lor_vs_ror_task3,full_standard_plus_gcc,86,38,19,0.5,0.5152354570637119,0.5433239983997069,0.5,0.5,0.29291751017960416,0.8083356798111693
lor_vs_ror_task3,full_standard_plus_gcc,87,38,19,0.5,0.5623268698060941,0.5784144711940993,0.5526315789473684,0.5526315789473685,0.27779044359979044,0.8133888589735307
lor_vs_ror_task3,full_standard_plus_gcc,88,38,19,0.5,0.5207756232686981,0.49372599285850877,0.5789473684210527,0.5789473684210527,0.29810908831919214,0.8679358673895571
lor_vs_ror_task3,full_standard_plus_gcc,89,38,19,0.5,0.49307479224376727,0.5355782461137889,0.5,0.5,0.3080070722108299,0.8436282597084646
lor_vs_ror_task3,full_standard_plus_gcc,90,38,19,0.5,0.3296398891966759,0.41001848638264543,0.39473684210526316,0.39473684210526316,0.32847032801023823,0.8930561409728137
lor_vs_ror_task3,full_standard_plus_gcc,91,38,19,0.5,0.6703601108033241,0.7004712146892329,0.6578947368421053,0.6578947368421053,0.24652208891554075,0.7144061640631292
lor_vs_ror_task3,full_standard_plus_gcc,92,38,19,0.5,0.6011080332409973,0.5992350887615479,0.5789473684210527,0.5789473684210527,0.26642262865448363,0.7409110066508517
lor_vs_ror_task3,full_standard_plus_gcc,93,38,19,0.5,0.5069252077562327,0.5305634226806258,0.5,0.5,0.3027721461660437,0.8594543208660819
lor_vs_ror_task3,full_standard_plus_gcc,94,38,19,0.5,0.6481994459833795,0.6496774011756621,0.6052631578947368,0.6052631578947368,0.25016407714653904,0.7242907965580329
lor_vs_ror_task3,full_standard_plus_gcc,95,38,19,0.5,0.523545706371191,0.5836643167365965,0.47368421052631576,0.47368421052631576,0.292944631903816,0.7957462142764488
lor_vs_ror_task3,full_standard_plus_gcc,96,38,19,0.5,0.24653739612188366,0.37633414281746275,0.2894736842105263,0.2894736842105263,0.3623464827621977,0.9740472296853717
lor_vs_ror_task3,full_standard_plus_gcc,97,38,19,0.5,0.40997229916897504,0.4511796482410825,0.5,0.5,0.31112160565760655,0.8473193010561924
lor_vs_ror_task3,full_standard_plus_gcc,98,38,19,0.5,0.4127423822714682,0.4465162736066926,0.5,0.5,0.30887759451996694,0.8392735201247861
lor_vs_ror_task3,full_standard_plus_gcc,99,38,19,0.5,0.6011080332409973,0.6766658994620169,0.5526315789473684,0.5526315789473685,0.26625231165923324,0.7551821223511325
lor_vs_ror_task3,full_standard_plus_gcc,100,38,19,0.5,0.3019390581717451,0.4069873700147766,0.39473684210526316,0.39473684210526316,0.35150386217572854,0.9688711642409497
