subject,run,phase,target,task_name,probability,prediction,model
sub-02,1,Base1,0,awake_base1_vs_lor,0.018550962993206913,0,confounds_motion_propofol
sub-02,2,LOR_task2,1,awake_base1_vs_lor,0.9836628718386835,1,confounds_motion_propofol
sub-02,3,LOR_task3,1,awake_base1_vs_lor,0.9373047278214846,1,confounds_motion_propofol
sub-03,1,Base1,0,awake_base1_vs_lor,0.023311287033467746,0,confounds_motion_propofol
sub-03,2,LOR_task2,1,awake_base1_vs_lor,0.9898099652051877,1,confounds_motion_propofol
sub-03,3,LOR_task3,1,awake_base1_vs_lor,0.9411350169999947,1,confounds_motion_propofol
sub-04,1,Base1,0,awake_base1_vs_lor,0.0162707430856926,0,confounds_motion_propofol
sub-04,2,LOR_task2,1,awake_base1_vs_lor,0.9894042849941567,1,confounds_motion_propofol
sub-04,3,LOR_task3,1,awake_base1_vs_lor,0.9262182483050082,1,confounds_motion_propofol
sub-05,1,Base1,0,awake_base1_vs_lor,0.019232166615384218,0,confounds_motion_propofol
sub-05,2,LOR_task2,1,awake_base1_vs_lor,0.9888269876866638,1,confounds_motion_propofol
sub-05,3,LOR_task3,1,awake_base1_vs_lor,0.9736571334284363,1,confounds_motion_propofol
sub-06,1,Base1,0,awake_base1_vs_lor,0.022676296033714318,0,confounds_motion_propofol
sub-06,2,LOR_task2,1,awake_base1_vs_lor,0.9908633342160644,1,confounds_motion_propofol
sub-06,3,LOR_task3,1,awake_base1_vs_lor,0.912359400955575,1,confounds_motion_propofol
sub-07,1,Base1,0,awake_base1_vs_lor,0.02002847751596934,0,confounds_motion_propofol
sub-07,2,LOR_task2,1,awake_base1_vs_lor,0.9852306271333221,1,confounds_motion_propofol
sub-07,3,LOR_task3,1,awake_base1_vs_lor,0.9217091557905975,1,confounds_motion_propofol
sub-11,1,Base1,0,awake_base1_vs_lor,0.02133076320313659,0,confounds_motion_propofol
sub-11,2,LOR_task2,1,awake_base1_vs_lor,0.8873413383242617,1,confounds_motion_propofol
sub-11,3,LOR_task3,1,awake_base1_vs_lor,0.7541308916677387,1,confounds_motion_propofol
sub-12,1,Base1,0,awake_base1_vs_lor,0.017495372229248646,0,confounds_motion_propofol
sub-12,2,LOR_task2,1,awake_base1_vs_lor,0.9639592564169486,1,confounds_motion_propofol
sub-12,3,LOR_task3,1,awake_base1_vs_lor,0.9727888241699574,1,confounds_motion_propofol
sub-13,1,Base1,0,awake_base1_vs_lor,0.018971115943648337,0,confounds_motion_propofol
sub-13,2,LOR_task2,1,awake_base1_vs_lor,0.9774648642613557,1,confounds_motion_propofol
sub-13,3,LOR_task3,1,awake_base1_vs_lor,0.9829238907714289,1,confounds_motion_propofol
sub-14,1,Base1,0,awake_base1_vs_lor,0.017292565017644364,0,confounds_motion_propofol
sub-14,2,LOR_task2,1,awake_base1_vs_lor,0.8340422651219153,1,confounds_motion_propofol
sub-14,3,LOR_task3,1,awake_base1_vs_lor,0.8397584054690708,1,confounds_motion_propofol
sub-15,1,Base1,0,awake_base1_vs_lor,0.012413152160142164,0,confounds_motion_propofol
sub-15,2,LOR_task2,1,awake_base1_vs_lor,0.6154272088273367,1,confounds_motion_propofol
sub-15,3,LOR_task3,1,awake_base1_vs_lor,0.4029494438635102,0,confounds_motion_propofol
sub-16,1,Base1,0,awake_base1_vs_lor,0.01769562148940935,0,confounds_motion_propofol
sub-16,3,LOR_task3,1,awake_base1_vs_lor,0.9991494004607012,1,confounds_motion_propofol
sub-17,1,Base1,0,awake_base1_vs_lor,0.022178294085145607,0,confounds_motion_propofol
sub-17,2,LOR_task2,1,awake_base1_vs_lor,0.8716033616538715,1,confounds_motion_propofol
sub-17,3,LOR_task3,1,awake_base1_vs_lor,0.8327739742195569,1,confounds_motion_propofol
sub-18,1,Base1,0,awake_base1_vs_lor,0.01814248741953443,0,confounds_motion_propofol
sub-18,2,LOR_task2,1,awake_base1_vs_lor,0.9976440929411633,1,confounds_motion_propofol
sub-18,3,LOR_task3,1,awake_base1_vs_lor,0.9961863295786545,1,confounds_motion_propofol
sub-19,1,Base1,0,awake_base1_vs_lor,0.01770411230888171,0,confounds_motion_propofol
sub-19,2,LOR_task2,1,awake_base1_vs_lor,0.9821888272937234,1,confounds_motion_propofol
sub-19,3,LOR_task3,1,awake_base1_vs_lor,0.48551540917282143,0,confounds_motion_propofol
sub-20,1,Base1,0,awake_base1_vs_lor,0.016527089866076233,0,confounds_motion_propofol
sub-20,2,LOR_task2,1,awake_base1_vs_lor,0.999711815756171,1,confounds_motion_propofol
sub-20,3,LOR_task3,1,awake_base1_vs_lor,0.9994474067710017,1,confounds_motion_propofol
sub-21,1,Base1,0,awake_base1_vs_lor,0.018631820556828223,0,confounds_motion_propofol
sub-21,2,LOR_task2,1,awake_base1_vs_lor,0.9951319933990898,1,confounds_motion_propofol
sub-21,3,LOR_task3,1,awake_base1_vs_lor,0.9913649639671329,1,confounds_motion_propofol
sub-22,1,Base1,0,awake_base1_vs_lor,0.017339073057325852,0,confounds_motion_propofol
sub-22,2,LOR_task2,1,awake_base1_vs_lor,0.9987339122554116,1,confounds_motion_propofol
sub-22,3,LOR_task3,1,awake_base1_vs_lor,0.99447924553845,1,confounds_motion_propofol
sub-23,1,Base1,0,awake_base1_vs_lor,0.018754588231003486,0,confounds_motion_propofol
sub-23,2,LOR_task2,1,awake_base1_vs_lor,0.995662023474133,1,confounds_motion_propofol
sub-23,3,LOR_task3,1,awake_base1_vs_lor,0.9966467129435642,1,confounds_motion_propofol
sub-24,1,Base1,0,awake_base1_vs_lor,0.021481217365207042,0,confounds_motion_propofol
sub-24,2,LOR_task2,1,awake_base1_vs_lor,0.9660969348278071,1,confounds_motion_propofol
sub-24,3,LOR_task3,1,awake_base1_vs_lor,0.8937663948172441,1,confounds_motion_propofol
sub-25,1,Base1,0,awake_base1_vs_lor,0.020176822629417706,0,confounds_motion_propofol
sub-25,2,LOR_task2,1,awake_base1_vs_lor,0.9990570860541408,1,confounds_motion_propofol
sub-25,3,LOR_task3,1,awake_base1_vs_lor,0.9934395929805747,1,confounds_motion_propofol
sub-26,1,Base1,0,awake_base1_vs_lor,0.0255152431836037,0,confounds_motion_propofol
sub-26,2,LOR_task2,1,awake_base1_vs_lor,0.9808810025291437,1,confounds_motion_propofol
sub-26,3,LOR_task3,1,awake_base1_vs_lor,0.9766281865593122,1,confounds_motion_propofol
sub-27,1,Base1,0,awake_base1_vs_lor,0.018394894413933147,0,confounds_motion_propofol
sub-27,2,LOR_task2,1,awake_base1_vs_lor,0.9404419771454777,1,confounds_motion_propofol
sub-27,3,LOR_task3,1,awake_base1_vs_lor,0.9662046433568964,1,confounds_motion_propofol
sub-28,1,Base1,0,awake_base1_vs_lor,0.022418692856670776,0,confounds_motion_propofol
sub-28,2,LOR_task2,1,awake_base1_vs_lor,0.996515405300743,1,confounds_motion_propofol
sub-28,3,LOR_task3,1,awake_base1_vs_lor,0.9907742103031941,1,confounds_motion_propofol
sub-29,1,Base1,0,awake_base1_vs_lor,0.02377683524382546,0,confounds_motion_propofol
sub-29,2,LOR_task2,1,awake_base1_vs_lor,0.9999966168273254,1,confounds_motion_propofol
sub-29,3,LOR_task3,1,awake_base1_vs_lor,0.9999986847387483,1,confounds_motion_propofol
sub-30,1,Base1,0,awake_base1_vs_lor,0.017715345453800473,0,confounds_motion_propofol
sub-30,2,LOR_task2,1,awake_base1_vs_lor,0.9780711488975525,1,confounds_motion_propofol
sub-30,3,LOR_task3,1,awake_base1_vs_lor,0.9965366698958809,1,confounds_motion_propofol
sub-02,1,Base1,0,awake_base1_vs_lor,0.012716326926582932,0,standard_fc_plus_confounds
sub-02,2,LOR_task2,1,awake_base1_vs_lor,0.9804269056602789,1,standard_fc_plus_confounds
sub-02,3,LOR_task3,1,awake_base1_vs_lor,0.9491076823398472,1,standard_fc_plus_confounds
sub-03,1,Base1,0,awake_base1_vs_lor,0.015557687910132977,0,standard_fc_plus_confounds
sub-03,2,LOR_task2,1,awake_base1_vs_lor,0.9880216078207505,1,standard_fc_plus_confounds
sub-03,3,LOR_task3,1,awake_base1_vs_lor,0.9316039507907317,1,standard_fc_plus_confounds
sub-04,1,Base1,0,awake_base1_vs_lor,0.018556866018496144,0,standard_fc_plus_confounds
sub-04,2,LOR_task2,1,awake_base1_vs_lor,0.9892652598669597,1,standard_fc_plus_confounds
sub-04,3,LOR_task3,1,awake_base1_vs_lor,0.9292865836299752,1,standard_fc_plus_confounds
sub-05,1,Base1,0,awake_base1_vs_lor,0.028023981740573783,0,standard_fc_plus_confounds
sub-05,2,LOR_task2,1,awake_base1_vs_lor,0.9887942931989662,1,standard_fc_plus_confounds
sub-05,3,LOR_task3,1,awake_base1_vs_lor,0.9724884325574579,1,standard_fc_plus_confounds
sub-06,1,Base1,0,awake_base1_vs_lor,0.012398902964283266,0,standard_fc_plus_confounds
sub-06,2,LOR_task2,1,awake_base1_vs_lor,0.9875738795245288,1,standard_fc_plus_confounds
sub-06,3,LOR_task3,1,awake_base1_vs_lor,0.879928087148188,1,standard_fc_plus_confounds
sub-07,1,Base1,0,awake_base1_vs_lor,0.01787558033501068,0,standard_fc_plus_confounds
sub-07,2,LOR_task2,1,awake_base1_vs_lor,0.9863986657160706,1,standard_fc_plus_confounds
sub-07,3,LOR_task3,1,awake_base1_vs_lor,0.9410235621759829,1,standard_fc_plus_confounds
sub-11,1,Base1,0,awake_base1_vs_lor,0.0285513919379989,0,standard_fc_plus_confounds
sub-11,2,LOR_task2,1,awake_base1_vs_lor,0.8709833474535009,1,standard_fc_plus_confounds
sub-11,3,LOR_task3,1,awake_base1_vs_lor,0.8426994755673369,1,standard_fc_plus_confounds
sub-12,1,Base1,0,awake_base1_vs_lor,0.019949654507945332,0,standard_fc_plus_confounds
sub-12,2,LOR_task2,1,awake_base1_vs_lor,0.9741460250041883,1,standard_fc_plus_confounds
sub-12,3,LOR_task3,1,awake_base1_vs_lor,0.965791505626803,1,standard_fc_plus_confounds
sub-13,1,Base1,0,awake_base1_vs_lor,0.011630519765021113,0,standard_fc_plus_confounds
sub-13,2,LOR_task2,1,awake_base1_vs_lor,0.9756929742963785,1,standard_fc_plus_confounds
sub-13,3,LOR_task3,1,awake_base1_vs_lor,0.9808785593210108,1,standard_fc_plus_confounds
sub-14,1,Base1,0,awake_base1_vs_lor,0.009220178275903268,0,standard_fc_plus_confounds
sub-14,2,LOR_task2,1,awake_base1_vs_lor,0.8015911990231414,1,standard_fc_plus_confounds
sub-14,3,LOR_task3,1,awake_base1_vs_lor,0.8258566646614147,1,standard_fc_plus_confounds
sub-15,1,Base1,0,awake_base1_vs_lor,0.01728430490944473,0,standard_fc_plus_confounds
sub-15,2,LOR_task2,1,awake_base1_vs_lor,0.6757483607881172,1,standard_fc_plus_confounds
sub-15,3,LOR_task3,1,awake_base1_vs_lor,0.4966833773938783,0,standard_fc_plus_confounds
sub-16,1,Base1,0,awake_base1_vs_lor,0.015881244765831914,0,standard_fc_plus_confounds
sub-16,3,LOR_task3,1,awake_base1_vs_lor,0.9995012422976174,1,standard_fc_plus_confounds
sub-17,1,Base1,0,awake_base1_vs_lor,0.015358803889473463,0,standard_fc_plus_confounds
sub-17,2,LOR_task2,1,awake_base1_vs_lor,0.8693378175158752,1,standard_fc_plus_confounds
sub-17,3,LOR_task3,1,awake_base1_vs_lor,0.8137159781618779,1,standard_fc_plus_confounds
sub-18,1,Base1,0,awake_base1_vs_lor,0.011908694013694565,0,standard_fc_plus_confounds
sub-18,2,LOR_task2,1,awake_base1_vs_lor,0.9965626585169562,1,standard_fc_plus_confounds
sub-18,3,LOR_task3,1,awake_base1_vs_lor,0.9947113035773456,1,standard_fc_plus_confounds
sub-19,1,Base1,0,awake_base1_vs_lor,0.014719673113885104,0,standard_fc_plus_confounds
sub-19,2,LOR_task2,1,awake_base1_vs_lor,0.9777816754153982,1,standard_fc_plus_confounds
sub-19,3,LOR_task3,1,awake_base1_vs_lor,0.4247583783764518,0,standard_fc_plus_confounds
sub-20,1,Base1,0,awake_base1_vs_lor,0.02737886092831105,0,standard_fc_plus_confounds
sub-20,2,LOR_task2,1,awake_base1_vs_lor,0.9993805995627159,1,standard_fc_plus_confounds
sub-20,3,LOR_task3,1,awake_base1_vs_lor,0.9993205552320705,1,standard_fc_plus_confounds
sub-21,1,Base1,0,awake_base1_vs_lor,0.021561190748121652,0,standard_fc_plus_confounds
sub-21,2,LOR_task2,1,awake_base1_vs_lor,0.9955584532523262,1,standard_fc_plus_confounds
sub-21,3,LOR_task3,1,awake_base1_vs_lor,0.9920719845934391,1,standard_fc_plus_confounds
sub-22,1,Base1,0,awake_base1_vs_lor,0.014717912456030918,0,standard_fc_plus_confounds
sub-22,2,LOR_task2,1,awake_base1_vs_lor,0.9980491884040874,1,standard_fc_plus_confounds
sub-22,3,LOR_task3,1,awake_base1_vs_lor,0.9959091417000906,1,standard_fc_plus_confounds
sub-23,1,Base1,0,awake_base1_vs_lor,0.010534610552090427,0,standard_fc_plus_confounds
sub-23,2,LOR_task2,1,awake_base1_vs_lor,0.9956798915930051,1,standard_fc_plus_confounds
sub-23,3,LOR_task3,1,awake_base1_vs_lor,0.99746818202838,1,standard_fc_plus_confounds
sub-24,1,Base1,0,awake_base1_vs_lor,0.013501169115784556,0,standard_fc_plus_confounds
sub-24,2,LOR_task2,1,awake_base1_vs_lor,0.9651819800101541,1,standard_fc_plus_confounds
sub-24,3,LOR_task3,1,awake_base1_vs_lor,0.879783485331072,1,standard_fc_plus_confounds
sub-25,1,Base1,0,awake_base1_vs_lor,0.027527923115370587,0,standard_fc_plus_confounds
sub-25,2,LOR_task2,1,awake_base1_vs_lor,0.9988999126670024,1,standard_fc_plus_confounds
sub-25,3,LOR_task3,1,awake_base1_vs_lor,0.994188040011982,1,standard_fc_plus_confounds
sub-26,1,Base1,0,awake_base1_vs_lor,0.018294796447721744,0,standard_fc_plus_confounds
sub-26,2,LOR_task2,1,awake_base1_vs_lor,0.9786887877129166,1,standard_fc_plus_confounds
sub-26,3,LOR_task3,1,awake_base1_vs_lor,0.9748739408585999,1,standard_fc_plus_confounds
sub-27,1,Base1,0,awake_base1_vs_lor,0.010906016121625069,0,standard_fc_plus_confounds
sub-27,2,LOR_task2,1,awake_base1_vs_lor,0.9423568300574006,1,standard_fc_plus_confounds
sub-27,3,LOR_task3,1,awake_base1_vs_lor,0.9581208237759309,1,standard_fc_plus_confounds
sub-28,1,Base1,0,awake_base1_vs_lor,0.018607555209453945,0,standard_fc_plus_confounds
sub-28,2,LOR_task2,1,awake_base1_vs_lor,0.9975963173264792,1,standard_fc_plus_confounds
sub-28,3,LOR_task3,1,awake_base1_vs_lor,0.9931492491183983,1,standard_fc_plus_confounds
sub-29,1,Base1,0,awake_base1_vs_lor,0.01912268342283725,0,standard_fc_plus_confounds
sub-29,2,LOR_task2,1,awake_base1_vs_lor,0.9999941490082024,1,standard_fc_plus_confounds
sub-29,3,LOR_task3,1,awake_base1_vs_lor,0.9999974732808231,1,standard_fc_plus_confounds
sub-30,1,Base1,0,awake_base1_vs_lor,0.019521307887146233,0,standard_fc_plus_confounds
sub-30,2,LOR_task2,1,awake_base1_vs_lor,0.983354747157654,1,standard_fc_plus_confounds
sub-30,3,LOR_task3,1,awake_base1_vs_lor,0.9950315466765387,1,standard_fc_plus_confounds
sub-02,1,Base1,0,awake_base1_vs_lor,0.008316763373572874,0,gcc_core_plus_confounds
sub-02,2,LOR_task2,1,awake_base1_vs_lor,0.9804313841396538,1,gcc_core_plus_confounds
sub-02,3,LOR_task3,1,awake_base1_vs_lor,0.9583107886814172,1,gcc_core_plus_confounds
sub-03,1,Base1,0,awake_base1_vs_lor,0.008314171308184327,0,gcc_core_plus_confounds
sub-03,2,LOR_task2,1,awake_base1_vs_lor,0.9855647070236165,1,gcc_core_plus_confounds
sub-03,3,LOR_task3,1,awake_base1_vs_lor,0.9301221988745465,1,gcc_core_plus_confounds
sub-04,1,Base1,0,awake_base1_vs_lor,0.02046586162973621,0,gcc_core_plus_confounds
sub-04,2,LOR_task2,1,awake_base1_vs_lor,0.9897305600113419,1,gcc_core_plus_confounds
sub-04,3,LOR_task3,1,awake_base1_vs_lor,0.930051607406811,1,gcc_core_plus_confounds
sub-05,1,Base1,0,awake_base1_vs_lor,0.0252300931695044,0,gcc_core_plus_confounds
sub-05,2,LOR_task2,1,awake_base1_vs_lor,0.9868557658697484,1,gcc_core_plus_confounds
sub-05,3,LOR_task3,1,awake_base1_vs_lor,0.9680189428712995,1,gcc_core_plus_confounds
sub-06,1,Base1,0,awake_base1_vs_lor,0.008977668967587688,0,gcc_core_plus_confounds
sub-06,2,LOR_task2,1,awake_base1_vs_lor,0.9891892481961639,1,gcc_core_plus_confounds
sub-06,3,LOR_task3,1,awake_base1_vs_lor,0.8686365509477676,1,gcc_core_plus_confounds
sub-07,1,Base1,0,awake_base1_vs_lor,0.018159219055099454,0,gcc_core_plus_confounds
sub-07,2,LOR_task2,1,awake_base1_vs_lor,0.9873141893852047,1,gcc_core_plus_confounds
sub-07,3,LOR_task3,1,awake_base1_vs_lor,0.95845860865863,1,gcc_core_plus_confounds
sub-11,1,Base1,0,awake_base1_vs_lor,0.025337432696881632,0,gcc_core_plus_confounds
sub-11,2,LOR_task2,1,awake_base1_vs_lor,0.8881623778992294,1,gcc_core_plus_confounds
sub-11,3,LOR_task3,1,awake_base1_vs_lor,0.8711101360812212,1,gcc_core_plus_confounds
sub-12,1,Base1,0,awake_base1_vs_lor,0.025915211424500772,0,gcc_core_plus_confounds
sub-12,2,LOR_task2,1,awake_base1_vs_lor,0.9774602839575376,1,gcc_core_plus_confounds
sub-12,3,LOR_task3,1,awake_base1_vs_lor,0.9671471121176101,1,gcc_core_plus_confounds
sub-13,1,Base1,0,awake_base1_vs_lor,0.009005352461524393,0,gcc_core_plus_confounds
sub-13,2,LOR_task2,1,awake_base1_vs_lor,0.97835412531043,1,gcc_core_plus_confounds
sub-13,3,LOR_task3,1,awake_base1_vs_lor,0.9821672906325877,1,gcc_core_plus_confounds
sub-14,1,Base1,0,awake_base1_vs_lor,0.006374011287950283,0,gcc_core_plus_confounds
sub-14,2,LOR_task2,1,awake_base1_vs_lor,0.7886892786861114,1,gcc_core_plus_confounds
sub-14,3,LOR_task3,1,awake_base1_vs_lor,0.8036670902570887,1,gcc_core_plus_confounds
sub-15,1,Base1,0,awake_base1_vs_lor,0.0234704490510895,0,gcc_core_plus_confounds
sub-15,2,LOR_task2,1,awake_base1_vs_lor,0.7462282025429747,1,gcc_core_plus_confounds
sub-15,3,LOR_task3,1,awake_base1_vs_lor,0.5767618979927354,1,gcc_core_plus_confounds
sub-16,1,Base1,0,awake_base1_vs_lor,0.012599897914612029,0,gcc_core_plus_confounds
sub-16,3,LOR_task3,1,awake_base1_vs_lor,0.999375216891484,1,gcc_core_plus_confounds
sub-17,1,Base1,0,awake_base1_vs_lor,0.011404253127410037,0,gcc_core_plus_confounds
sub-17,2,LOR_task2,1,awake_base1_vs_lor,0.890820458248327,1,gcc_core_plus_confounds
sub-17,3,LOR_task3,1,awake_base1_vs_lor,0.7745949661582233,1,gcc_core_plus_confounds
sub-18,1,Base1,0,awake_base1_vs_lor,0.009030379983311014,0,gcc_core_plus_confounds
sub-18,2,LOR_task2,1,awake_base1_vs_lor,0.9928357336756746,1,gcc_core_plus_confounds
sub-18,3,LOR_task3,1,awake_base1_vs_lor,0.9929796642956122,1,gcc_core_plus_confounds
sub-19,1,Base1,0,awake_base1_vs_lor,0.018276889473184767,0,gcc_core_plus_confounds
sub-19,2,LOR_task2,1,awake_base1_vs_lor,0.9706024090797719,1,gcc_core_plus_confounds
sub-19,3,LOR_task3,1,awake_base1_vs_lor,0.4195131032938371,0,gcc_core_plus_confounds
sub-20,1,Base1,0,awake_base1_vs_lor,0.03453491618720821,0,gcc_core_plus_confounds
sub-20,2,LOR_task2,1,awake_base1_vs_lor,0.9978853471249288,1,gcc_core_plus_confounds
sub-20,3,LOR_task3,1,awake_base1_vs_lor,0.9992407893309829,1,gcc_core_plus_confounds
sub-21,1,Base1,0,awake_base1_vs_lor,0.01974692715940919,0,gcc_core_plus_confounds
sub-21,2,LOR_task2,1,awake_base1_vs_lor,0.995398848116272,1,gcc_core_plus_confounds
sub-21,3,LOR_task3,1,awake_base1_vs_lor,0.9929440460113119,1,gcc_core_plus_confounds
sub-22,1,Base1,0,awake_base1_vs_lor,0.01116457264850957,0,gcc_core_plus_confounds
sub-22,2,LOR_task2,1,awake_base1_vs_lor,0.9954110407436585,1,gcc_core_plus_confounds
sub-22,3,LOR_task3,1,awake_base1_vs_lor,0.9961275774097392,1,gcc_core_plus_confounds
sub-23,1,Base1,0,awake_base1_vs_lor,0.005306696568162505,0,gcc_core_plus_confounds
sub-23,2,LOR_task2,1,awake_base1_vs_lor,0.9958561887570586,1,gcc_core_plus_confounds
sub-23,3,LOR_task3,1,awake_base1_vs_lor,0.9980859828384042,1,gcc_core_plus_confounds
sub-24,1,Base1,0,awake_base1_vs_lor,0.012546498940197425,0,gcc_core_plus_confounds
sub-24,2,LOR_task2,1,awake_base1_vs_lor,0.9789088382016934,1,gcc_core_plus_confounds
sub-24,3,LOR_task3,1,awake_base1_vs_lor,0.8633806253957108,1,gcc_core_plus_confounds
sub-25,1,Base1,0,awake_base1_vs_lor,0.03649522996448419,0,gcc_core_plus_confounds
sub-25,2,LOR_task2,1,awake_base1_vs_lor,0.9987138376873953,1,gcc_core_plus_confounds
sub-25,3,LOR_task3,1,awake_base1_vs_lor,0.9943114884459524,1,gcc_core_plus_confounds
sub-26,1,Base1,0,awake_base1_vs_lor,0.015902050060842124,0,gcc_core_plus_confounds
sub-26,2,LOR_task2,1,awake_base1_vs_lor,0.9754769209647296,1,gcc_core_plus_confounds
sub-26,3,LOR_task3,1,awake_base1_vs_lor,0.9713687575063508,1,gcc_core_plus_confounds
sub-27,1,Base1,0,awake_base1_vs_lor,0.008456366933365744,0,gcc_core_plus_confounds
sub-27,2,LOR_task2,1,awake_base1_vs_lor,0.9309972745401197,1,gcc_core_plus_confounds
sub-27,3,LOR_task3,1,awake_base1_vs_lor,0.9549717842457431,1,gcc_core_plus_confounds
sub-28,1,Base1,0,awake_base1_vs_lor,0.013804209339112198,0,gcc_core_plus_confounds
sub-28,2,LOR_task2,1,awake_base1_vs_lor,0.9984360960285514,1,gcc_core_plus_confounds
sub-28,3,LOR_task3,1,awake_base1_vs_lor,0.9945808369444825,1,gcc_core_plus_confounds
sub-29,1,Base1,0,awake_base1_vs_lor,0.01381972134016264,0,gcc_core_plus_confounds
sub-29,2,LOR_task2,1,awake_base1_vs_lor,0.9999907700004542,1,gcc_core_plus_confounds
sub-29,3,LOR_task3,1,awake_base1_vs_lor,0.9999957641179598,1,gcc_core_plus_confounds
sub-30,1,Base1,0,awake_base1_vs_lor,0.01881495255000964,0,gcc_core_plus_confounds
sub-30,2,LOR_task2,1,awake_base1_vs_lor,0.9875711407517432,1,gcc_core_plus_confounds
sub-30,3,LOR_task3,1,awake_base1_vs_lor,0.9911750219932616,1,gcc_core_plus_confounds
sub-02,1,Base1,0,awake_base1_vs_lor,0.00830729116523787,0,gcc_regime_plus_confounds
sub-02,2,LOR_task2,1,awake_base1_vs_lor,0.9775911823629222,1,gcc_regime_plus_confounds
sub-02,3,LOR_task3,1,awake_base1_vs_lor,0.975372153462959,1,gcc_regime_plus_confounds
sub-03,1,Base1,0,awake_base1_vs_lor,0.006906413883500601,0,gcc_regime_plus_confounds
sub-03,2,LOR_task2,1,awake_base1_vs_lor,0.9791383177709151,1,gcc_regime_plus_confounds
sub-03,3,LOR_task3,1,awake_base1_vs_lor,0.9556354743959201,1,gcc_regime_plus_confounds
sub-04,1,Base1,0,awake_base1_vs_lor,0.01828452584401587,0,gcc_regime_plus_confounds
sub-04,2,LOR_task2,1,awake_base1_vs_lor,0.9906860912640689,1,gcc_regime_plus_confounds
sub-04,3,LOR_task3,1,awake_base1_vs_lor,0.9261284227156972,1,gcc_regime_plus_confounds
sub-05,1,Base1,0,awake_base1_vs_lor,0.02319875535528561,0,gcc_regime_plus_confounds
sub-05,2,LOR_task2,1,awake_base1_vs_lor,0.9917021416396913,1,gcc_regime_plus_confounds
sub-05,3,LOR_task3,1,awake_base1_vs_lor,0.967266406225712,1,gcc_regime_plus_confounds
sub-06,1,Base1,0,awake_base1_vs_lor,0.011961126497241258,0,gcc_regime_plus_confounds
sub-06,2,LOR_task2,1,awake_base1_vs_lor,0.9913286080633115,1,gcc_regime_plus_confounds
sub-06,3,LOR_task3,1,awake_base1_vs_lor,0.908135461354197,1,gcc_regime_plus_confounds
sub-07,1,Base1,0,awake_base1_vs_lor,0.017097639352393855,0,gcc_regime_plus_confounds
sub-07,2,LOR_task2,1,awake_base1_vs_lor,0.9828443221609506,1,gcc_regime_plus_confounds
sub-07,3,LOR_task3,1,awake_base1_vs_lor,0.9727514837621937,1,gcc_regime_plus_confounds
sub-11,1,Base1,0,awake_base1_vs_lor,0.029324845983842142,0,gcc_regime_plus_confounds
sub-11,2,LOR_task2,1,awake_base1_vs_lor,0.8850184081340974,1,gcc_regime_plus_confounds
sub-11,3,LOR_task3,1,awake_base1_vs_lor,0.8979577673458055,1,gcc_regime_plus_confounds
sub-12,1,Base1,0,awake_base1_vs_lor,0.02578896048815279,0,gcc_regime_plus_confounds
sub-12,2,LOR_task2,1,awake_base1_vs_lor,0.9720274745147613,1,gcc_regime_plus_confounds
sub-12,3,LOR_task3,1,awake_base1_vs_lor,0.9702307926611683,1,gcc_regime_plus_confounds
sub-13,1,Base1,0,awake_base1_vs_lor,0.009152740946231174,0,gcc_regime_plus_confounds
sub-13,2,LOR_task2,1,awake_base1_vs_lor,0.9803535753703637,1,gcc_regime_plus_confounds
sub-13,3,LOR_task3,1,awake_base1_vs_lor,0.9827287841103887,1,gcc_regime_plus_confounds
sub-14,1,Base1,0,awake_base1_vs_lor,0.006887132510632918,0,gcc_regime_plus_confounds
sub-14,2,LOR_task2,1,awake_base1_vs_lor,0.8054076544683813,1,gcc_regime_plus_confounds
sub-14,3,LOR_task3,1,awake_base1_vs_lor,0.8639704159576597,1,gcc_regime_plus_confounds
sub-15,1,Base1,0,awake_base1_vs_lor,0.018162857299101186,0,gcc_regime_plus_confounds
sub-15,2,LOR_task2,1,awake_base1_vs_lor,0.6668724043353792,1,gcc_regime_plus_confounds
sub-15,3,LOR_task3,1,awake_base1_vs_lor,0.45324635091395316,0,gcc_regime_plus_confounds
sub-16,1,Base1,0,awake_base1_vs_lor,0.01042693413468977,0,gcc_regime_plus_confounds
sub-16,3,LOR_task3,1,awake_base1_vs_lor,0.9995979768680779,1,gcc_regime_plus_confounds
sub-17,1,Base1,0,awake_base1_vs_lor,0.00953759604389605,0,gcc_regime_plus_confounds
sub-17,2,LOR_task2,1,awake_base1_vs_lor,0.9160441818017998,1,gcc_regime_plus_confounds
sub-17,3,LOR_task3,1,awake_base1_vs_lor,0.7905519229487609,1,gcc_regime_plus_confounds
sub-18,1,Base1,0,awake_base1_vs_lor,0.009998144731393079,0,gcc_regime_plus_confounds
sub-18,2,LOR_task2,1,awake_base1_vs_lor,0.9920437211054547,1,gcc_regime_plus_confounds
sub-18,3,LOR_task3,1,awake_base1_vs_lor,0.9911523082045509,1,gcc_regime_plus_confounds
sub-19,1,Base1,0,awake_base1_vs_lor,0.014330688872888558,0,gcc_regime_plus_confounds
sub-19,2,LOR_task2,1,awake_base1_vs_lor,0.9558312230376484,1,gcc_regime_plus_confounds
sub-19,3,LOR_task3,1,awake_base1_vs_lor,0.1840009471085104,0,gcc_regime_plus_confounds
sub-20,1,Base1,0,awake_base1_vs_lor,0.03354186531611582,0,gcc_regime_plus_confounds
sub-20,2,LOR_task2,1,awake_base1_vs_lor,0.9982311301733855,1,gcc_regime_plus_confounds
sub-20,3,LOR_task3,1,awake_base1_vs_lor,0.9993860803838137,1,gcc_regime_plus_confounds
sub-21,1,Base1,0,awake_base1_vs_lor,0.020665024667143796,0,gcc_regime_plus_confounds
sub-21,2,LOR_task2,1,awake_base1_vs_lor,0.9935907384626941,1,gcc_regime_plus_confounds
sub-21,3,LOR_task3,1,awake_base1_vs_lor,0.9859805598048761,1,gcc_regime_plus_confounds
sub-22,1,Base1,0,awake_base1_vs_lor,0.009813606356356808,0,gcc_regime_plus_confounds
sub-22,2,LOR_task2,1,awake_base1_vs_lor,0.993995098540933,1,gcc_regime_plus_confounds
sub-22,3,LOR_task3,1,awake_base1_vs_lor,0.996618350736947,1,gcc_regime_plus_confounds
sub-23,1,Base1,0,awake_base1_vs_lor,0.004647899240524582,0,gcc_regime_plus_confounds
sub-23,2,LOR_task2,1,awake_base1_vs_lor,0.9944765707638191,1,gcc_regime_plus_confounds
sub-23,3,LOR_task3,1,awake_base1_vs_lor,0.9981066734513906,1,gcc_regime_plus_confounds
sub-24,1,Base1,0,awake_base1_vs_lor,0.013723106413076858,0,gcc_regime_plus_confounds
sub-24,2,LOR_task2,1,awake_base1_vs_lor,0.9846103418398463,1,gcc_regime_plus_confounds
sub-24,3,LOR_task3,1,awake_base1_vs_lor,0.9224544619785782,1,gcc_regime_plus_confounds
sub-25,1,Base1,0,awake_base1_vs_lor,0.0288189566617507,0,gcc_regime_plus_confounds
sub-25,2,LOR_task2,1,awake_base1_vs_lor,0.997245700800615,1,gcc_regime_plus_confounds
sub-25,3,LOR_task3,1,awake_base1_vs_lor,0.992910004675567,1,gcc_regime_plus_confounds
sub-26,1,Base1,0,awake_base1_vs_lor,0.018562548232800034,0,gcc_regime_plus_confounds
sub-26,2,LOR_task2,1,awake_base1_vs_lor,0.9775644489112308,1,gcc_regime_plus_confounds
sub-26,3,LOR_task3,1,awake_base1_vs_lor,0.972905846204654,1,gcc_regime_plus_confounds
sub-27,1,Base1,0,awake_base1_vs_lor,0.007660444280616561,0,gcc_regime_plus_confounds
sub-27,2,LOR_task2,1,awake_base1_vs_lor,0.8897596222146573,1,gcc_regime_plus_confounds
sub-27,3,LOR_task3,1,awake_base1_vs_lor,0.939594104068572,1,gcc_regime_plus_confounds
sub-28,1,Base1,0,awake_base1_vs_lor,0.01099603944623097,0,gcc_regime_plus_confounds
sub-28,2,LOR_task2,1,awake_base1_vs_lor,0.9990372170831462,1,gcc_regime_plus_confounds
sub-28,3,LOR_task3,1,awake_base1_vs_lor,0.993862878557687,1,gcc_regime_plus_confounds
sub-29,1,Base1,0,awake_base1_vs_lor,0.011802360953026685,0,gcc_regime_plus_confounds
sub-29,2,LOR_task2,1,awake_base1_vs_lor,0.9999868210840325,1,gcc_regime_plus_confounds
sub-29,3,LOR_task3,1,awake_base1_vs_lor,0.9999962048430356,1,gcc_regime_plus_confounds
sub-30,1,Base1,0,awake_base1_vs_lor,0.016753634940191067,0,gcc_regime_plus_confounds
sub-30,2,LOR_task2,1,awake_base1_vs_lor,0.9868586462229076,1,gcc_regime_plus_confounds
sub-30,3,LOR_task3,1,awake_base1_vs_lor,0.995681432750273,1,gcc_regime_plus_confounds
sub-02,1,Base1,0,awake_base1_vs_lor,0.0075577140543088665,0,full_standard_plus_gcc
sub-02,2,LOR_task2,1,awake_base1_vs_lor,0.9759551557530703,1,full_standard_plus_gcc
sub-02,3,LOR_task3,1,awake_base1_vs_lor,0.9775342896060618,1,full_standard_plus_gcc
sub-03,1,Base1,0,awake_base1_vs_lor,0.005290733745169427,0,full_standard_plus_gcc
sub-03,2,LOR_task2,1,awake_base1_vs_lor,0.977429836624175,1,full_standard_plus_gcc
sub-03,3,LOR_task3,1,awake_base1_vs_lor,0.9567957422590277,1,full_standard_plus_gcc
sub-04,1,Base1,0,awake_base1_vs_lor,0.01790787134042997,0,full_standard_plus_gcc
sub-04,2,LOR_task2,1,awake_base1_vs_lor,0.9907493378994637,1,full_standard_plus_gcc
sub-04,3,LOR_task3,1,awake_base1_vs_lor,0.9234984714624084,1,full_standard_plus_gcc
sub-05,1,Base1,0,awake_base1_vs_lor,0.024434215435740512,0,full_standard_plus_gcc
sub-05,2,LOR_task2,1,awake_base1_vs_lor,0.9929467785705124,1,full_standard_plus_gcc
sub-05,3,LOR_task3,1,awake_base1_vs_lor,0.9643610781274711,1,full_standard_plus_gcc
sub-06,1,Base1,0,awake_base1_vs_lor,0.010604164104869999,0,full_standard_plus_gcc
sub-06,2,LOR_task2,1,awake_base1_vs_lor,0.9916941129417862,1,full_standard_plus_gcc
sub-06,3,LOR_task3,1,awake_base1_vs_lor,0.9021119346379954,1,full_standard_plus_gcc
sub-07,1,Base1,0,awake_base1_vs_lor,0.015076836037703286,0,full_standard_plus_gcc
sub-07,2,LOR_task2,1,awake_base1_vs_lor,0.9839603094617922,1,full_standard_plus_gcc
sub-07,3,LOR_task3,1,awake_base1_vs_lor,0.9749039890482406,1,full_standard_plus_gcc
sub-11,1,Base1,0,awake_base1_vs_lor,0.035089031905411495,0,full_standard_plus_gcc
sub-11,2,LOR_task2,1,awake_base1_vs_lor,0.880044549560245,1,full_standard_plus_gcc
sub-11,3,LOR_task3,1,awake_base1_vs_lor,0.9211837405090538,1,full_standard_plus_gcc
sub-12,1,Base1,0,awake_base1_vs_lor,0.02432931235592481,0,full_standard_plus_gcc
sub-12,2,LOR_task2,1,awake_base1_vs_lor,0.9732699868843916,1,full_standard_plus_gcc
sub-12,3,LOR_task3,1,awake_base1_vs_lor,0.9683771829428518,1,full_standard_plus_gcc
sub-13,1,Base1,0,awake_base1_vs_lor,0.007468456993710463,0,full_standard_plus_gcc
sub-13,2,LOR_task2,1,awake_base1_vs_lor,0.9794191951727215,1,full_standard_plus_gcc
sub-13,3,LOR_task3,1,awake_base1_vs_lor,0.9827837827040449,1,full_standard_plus_gcc
sub-14,1,Base1,0,awake_base1_vs_lor,0.006180660065282707,0,full_standard_plus_gcc
sub-14,2,LOR_task2,1,awake_base1_vs_lor,0.799551053279174,1,full_standard_plus_gcc
sub-14,3,LOR_task3,1,awake_base1_vs_lor,0.8636253839325555,1,full_standard_plus_gcc
sub-15,1,Base1,0,awake_base1_vs_lor,0.02047992447763108,0,full_standard_plus_gcc
sub-15,2,LOR_task2,1,awake_base1_vs_lor,0.6860987356493595,1,full_standard_plus_gcc
sub-15,3,LOR_task3,1,awake_base1_vs_lor,0.49261555677125857,0,full_standard_plus_gcc
sub-16,1,Base1,0,awake_base1_vs_lor,0.008865534506379561,0,full_standard_plus_gcc
sub-16,3,LOR_task3,1,awake_base1_vs_lor,0.9997295208066673,1,full_standard_plus_gcc
sub-17,1,Base1,0,awake_base1_vs_lor,0.007649679505505811,0,full_standard_plus_gcc
sub-17,2,LOR_task2,1,awake_base1_vs_lor,0.908711619925818,1,full_standard_plus_gcc
sub-17,3,LOR_task3,1,awake_base1_vs_lor,0.7849864836568413,1,full_standard_plus_gcc
sub-18,1,Base1,0,awake_base1_vs_lor,0.00897890171229403,0,full_standard_plus_gcc
sub-18,2,LOR_task2,1,awake_base1_vs_lor,0.993270596835116,1,full_standard_plus_gcc
sub-18,3,LOR_task3,1,awake_base1_vs_lor,0.9902962689920739,1,full_standard_plus_gcc
sub-19,1,Base1,0,awake_base1_vs_lor,0.014225311712408923,0,full_standard_plus_gcc
sub-19,2,LOR_task2,1,awake_base1_vs_lor,0.9577134993689012,1,full_standard_plus_gcc
sub-19,3,LOR_task3,1,awake_base1_vs_lor,0.19381533118762082,0,full_standard_plus_gcc
sub-20,1,Base1,0,awake_base1_vs_lor,0.03897832984511109,0,full_standard_plus_gcc
sub-20,2,LOR_task2,1,awake_base1_vs_lor,0.997749037762684,1,full_standard_plus_gcc
sub-20,3,LOR_task3,1,awake_base1_vs_lor,0.9993723982838487,1,full_standard_plus_gcc
sub-21,1,Base1,0,awake_base1_vs_lor,0.021429442078087415,0,full_standard_plus_gcc
sub-21,2,LOR_task2,1,awake_base1_vs_lor,0.9939155484733464,1,full_standard_plus_gcc
sub-21,3,LOR_task3,1,awake_base1_vs_lor,0.9856846234823456,1,full_standard_plus_gcc
sub-22,1,Base1,0,awake_base1_vs_lor,0.008857812865745066,0,full_standard_plus_gcc
sub-22,2,LOR_task2,1,awake_base1_vs_lor,0.9928073482414734,1,full_standard_plus_gcc
sub-22,3,LOR_task3,1,awake_base1_vs_lor,0.996752942498595,1,full_standard_plus_gcc
sub-23,1,Base1,0,awake_base1_vs_lor,0.0035185655735806153,0,full_standard_plus_gcc
sub-23,2,LOR_task2,1,awake_base1_vs_lor,0.9943179924620816,1,full_standard_plus_gcc
sub-23,3,LOR_task3,1,awake_base1_vs_lor,0.998302766120593,1,full_standard_plus_gcc
sub-24,1,Base1,0,awake_base1_vs_lor,0.011363767695939815,0,full_standard_plus_gcc
sub-24,2,LOR_task2,1,awake_base1_vs_lor,0.9874247229660043,1,full_standard_plus_gcc
sub-24,3,LOR_task3,1,awake_base1_vs_lor,0.9136219085753874,1,full_standard_plus_gcc
sub-25,1,Base1,0,awake_base1_vs_lor,0.02807519519842833,0,full_standard_plus_gcc
sub-25,2,LOR_task2,1,awake_base1_vs_lor,0.99693359172491,1,full_standard_plus_gcc
sub-25,3,LOR_task3,1,awake_base1_vs_lor,0.993032714630141,1,full_standard_plus_gcc
sub-26,1,Base1,0,awake_base1_vs_lor,0.01667697910328882,0,full_standard_plus_gcc
sub-26,2,LOR_task2,1,awake_base1_vs_lor,0.977387327470221,1,full_standard_plus_gcc
sub-26,3,LOR_task3,1,awake_base1_vs_lor,0.9729133190348809,1,full_standard_plus_gcc
sub-27,1,Base1,0,awake_base1_vs_lor,0.0060932510300583075,0,full_standard_plus_gcc
sub-27,2,LOR_task2,1,awake_base1_vs_lor,0.8868231397027073,1,full_standard_plus_gcc
sub-27,3,LOR_task3,1,awake_base1_vs_lor,0.9417186426385734,1,full_standard_plus_gcc
sub-28,1,Base1,0,awake_base1_vs_lor,0.009111203342960717,0,full_standard_plus_gcc
sub-28,2,LOR_task2,1,awake_base1_vs_lor,0.9993150315998885,1,full_standard_plus_gcc
sub-28,3,LOR_task3,1,awake_base1_vs_lor,0.9942063785410518,1,full_standard_plus_gcc
sub-29,1,Base1,0,awake_base1_vs_lor,0.009836274413232104,0,full_standard_plus_gcc
sub-29,2,LOR_task2,1,awake_base1_vs_lor,0.9999855341417946,1,full_standard_plus_gcc
sub-29,3,LOR_task3,1,awake_base1_vs_lor,0.9999964246160696,1,full_standard_plus_gcc
sub-30,1,Base1,0,awake_base1_vs_lor,0.0157648534564716,0,full_standard_plus_gcc
sub-30,2,LOR_task2,1,awake_base1_vs_lor,0.9876622305905199,1,full_standard_plus_gcc
sub-30,3,LOR_task3,1,awake_base1_vs_lor,0.9955615093948236,1,full_standard_plus_gcc
sub-02,1,Base1,0,responsive_vs_lor_all_phases,0.005384631117467687,0,confounds_motion_propofol
sub-02,4,Base2,0,responsive_vs_lor_all_phases,0.01809600561146878,0,confounds_motion_propofol
sub-02,2,LOR_task2,1,responsive_vs_lor_all_phases,0.9347417163974546,1,confounds_motion_propofol
sub-02,3,LOR_task3,1,responsive_vs_lor_all_phases,0.697851174593059,1,confounds_motion_propofol
sub-02,2,PreLOR,0,responsive_vs_lor_all_phases,0.058861130817687436,0,confounds_motion_propofol
sub-02,3,ROR,0,responsive_vs_lor_all_phases,0.05046197657261362,0,confounds_motion_propofol
sub-03,1,Base1,0,responsive_vs_lor_all_phases,0.006899390641257992,0,confounds_motion_propofol
sub-03,4,Base2,0,responsive_vs_lor_all_phases,0.01691043406447035,0,confounds_motion_propofol
sub-03,2,LOR_task2,1,responsive_vs_lor_all_phases,0.9713134021474639,1,confounds_motion_propofol
sub-03,3,LOR_task3,1,responsive_vs_lor_all_phases,0.7999158060146654,1,confounds_motion_propofol
sub-03,2,PreLOR,0,responsive_vs_lor_all_phases,0.14945122899270621,0,confounds_motion_propofol
sub-03,3,ROR,0,responsive_vs_lor_all_phases,0.12164876285588187,0,confounds_motion_propofol
sub-04,1,Base1,0,responsive_vs_lor_all_phases,0.0047105146440567175,0,confounds_motion_propofol
sub-04,4,Base2,0,responsive_vs_lor_all_phases,0.01617096624087986,0,confounds_motion_propofol
sub-04,2,LOR_task2,1,responsive_vs_lor_all_phases,0.9785935278676673,1,confounds_motion_propofol
sub-04,3,LOR_task3,1,responsive_vs_lor_all_phases,0.46938821738668896,0,confounds_motion_propofol
sub-04,2,PreLOR,0,responsive_vs_lor_all_phases,0.11430491769491519,0,confounds_motion_propofol
sub-04,3,ROR,0,responsive_vs_lor_all_phases,0.032056750588274854,0,confounds_motion_propofol
sub-05,1,Base1,0,responsive_vs_lor_all_phases,0.006247349644058514,0,confounds_motion_propofol
sub-05,4,Base2,0,responsive_vs_lor_all_phases,0.02130158218213481,0,confounds_motion_propofol
sub-05,2,LOR_task2,1,responsive_vs_lor_all_phases,0.9301456456973491,1,confounds_motion_propofol
sub-05,3,LOR_task3,1,responsive_vs_lor_all_phases,0.7904451864081193,1,confounds_motion_propofol
sub-05,2,PreLOR,0,responsive_vs_lor_all_phases,0.07036597903916082,0,confounds_motion_propofol
sub-05,3,ROR,0,responsive_vs_lor_all_phases,0.06481755377438773,0,confounds_motion_propofol
sub-06,1,Base1,0,responsive_vs_lor_all_phases,0.007086575014959922,0,confounds_motion_propofol
sub-06,4,Base2,0,responsive_vs_lor_all_phases,0.04063325827799875,0,confounds_motion_propofol
sub-06,2,LOR_task2,1,responsive_vs_lor_all_phases,0.9470017062468504,1,confounds_motion_propofol
sub-06,3,LOR_task3,1,responsive_vs_lor_all_phases,0.4086289094222193,0,confounds_motion_propofol
sub-06,2,PreLOR,0,responsive_vs_lor_all_phases,0.11890270002559854,0,confounds_motion_propofol
sub-06,3,ROR,0,responsive_vs_lor_all_phases,0.24077922801243612,0,confounds_motion_propofol
sub-07,1,Base1,0,responsive_vs_lor_all_phases,0.006140727557398864,0,confounds_motion_propofol
sub-07,4,Base2,0,responsive_vs_lor_all_phases,0.023537065244354075,0,confounds_motion_propofol
sub-07,2,LOR_task2,1,responsive_vs_lor_all_phases,0.9592860515295244,1,confounds_motion_propofol
sub-07,3,LOR_task3,1,responsive_vs_lor_all_phases,0.38616380032239694,0,confounds_motion_propofol
sub-07,2,PreLOR,0,responsive_vs_lor_all_phases,0.1712824257168178,0,confounds_motion_propofol
sub-07,3,ROR,0,responsive_vs_lor_all_phases,0.04677971802645186,0,confounds_motion_propofol
sub-11,1,Base1,0,responsive_vs_lor_all_phases,0.005713301024878815,0,confounds_motion_propofol
sub-11,4,Base2,0,responsive_vs_lor_all_phases,0.009658086093030588,0,confounds_motion_propofol
sub-11,2,LOR_task2,1,responsive_vs_lor_all_phases,0.774560574164411,1,confounds_motion_propofol
sub-11,3,LOR_task3,1,responsive_vs_lor_all_phases,0.5129831403623916,1,confounds_motion_propofol
sub-11,2,PreLOR,0,responsive_vs_lor_all_phases,0.07868848152729388,0,confounds_motion_propofol
sub-11,3,ROR,0,responsive_vs_lor_all_phases,0.05651972116204889,0,confounds_motion_propofol
sub-12,1,Base1,0,responsive_vs_lor_all_phases,0.005216258959900229,0,confounds_motion_propofol
sub-12,4,Base2,0,responsive_vs_lor_all_phases,0.0429319248932223,0,confounds_motion_propofol
sub-12,2,LOR_task2,1,responsive_vs_lor_all_phases,0.9714019849041841,1,confounds_motion_propofol
sub-12,3,LOR_task3,1,responsive_vs_lor_all_phases,0.981720981693856,1,confounds_motion_propofol
sub-12,2,PreLOR,0,responsive_vs_lor_all_phases,0.1605504763710572,0,confounds_motion_propofol
sub-12,3,ROR,0,responsive_vs_lor_all_phases,0.11067384738841846,0,confounds_motion_propofol
sub-13,1,Base1,0,responsive_vs_lor_all_phases,0.0058058415254840755,0,confounds_motion_propofol
sub-13,4,Base2,0,responsive_vs_lor_all_phases,0.03993219370730137,0,confounds_motion_propofol
sub-13,2,LOR_task2,1,responsive_vs_lor_all_phases,0.969323969282214,1,confounds_motion_propofol
sub-13,3,LOR_task3,1,responsive_vs_lor_all_phases,0.9828548333728775,1,confounds_motion_propofol
sub-13,2,PreLOR,0,responsive_vs_lor_all_phases,0.15560593524788296,0,confounds_motion_propofol
sub-13,3,ROR,0,responsive_vs_lor_all_phases,0.17063385225759226,0,confounds_motion_propofol
sub-14,1,Base1,0,responsive_vs_lor_all_phases,0.004730825212825005,0,confounds_motion_propofol
sub-14,4,Base2,0,responsive_vs_lor_all_phases,0.021692673316336855,0,confounds_motion_propofol
sub-14,2,LOR_task2,1,responsive_vs_lor_all_phases,0.6417559935195588,1,confounds_motion_propofol
sub-14,3,LOR_task3,1,responsive_vs_lor_all_phases,0.7149580061872535,1,confounds_motion_propofol
sub-14,2,PreLOR,0,responsive_vs_lor_all_phases,0.04560111381431063,0,confounds_motion_propofol
sub-15,1,Base1,0,responsive_vs_lor_all_phases,0.002422751526673328,0,confounds_motion_propofol
sub-15,4,Base2,0,responsive_vs_lor_all_phases,0.00933392112552377,0,confounds_motion_propofol
sub-15,2,LOR_task2,1,responsive_vs_lor_all_phases,0.4347254771258587,0,confounds_motion_propofol
sub-15,3,LOR_task3,1,responsive_vs_lor_all_phases,0.11657124548591906,0,confounds_motion_propofol
sub-15,2,PreLOR,0,responsive_vs_lor_all_phases,0.009489632004465533,0,confounds_motion_propofol
sub-15,3,ROR,0,responsive_vs_lor_all_phases,0.16069098848484453,0,confounds_motion_propofol
sub-16,1,Base1,0,responsive_vs_lor_all_phases,0.004458575037043211,0,confounds_motion_propofol
sub-16,4,Base2,0,responsive_vs_lor_all_phases,0.07691447823716747,0,confounds_motion_propofol
sub-16,3,LOR_task3,1,responsive_vs_lor_all_phases,0.9997638193118596,1,confounds_motion_propofol
sub-16,2,PreLOR,0,responsive_vs_lor_all_phases,0.6475381540363115,1,confounds_motion_propofol
sub-16,3,ROR,0,responsive_vs_lor_all_phases,0.7190644756559809,1,confounds_motion_propofol
sub-17,1,Base1,0,responsive_vs_lor_all_phases,0.007409754736282804,0,confounds_motion_propofol
sub-17,4,Base2,0,responsive_vs_lor_all_phases,0.05360290834085442,0,confounds_motion_propofol
sub-17,2,LOR_task2,1,responsive_vs_lor_all_phases,0.7148563509165092,1,confounds_motion_propofol
sub-17,3,LOR_task3,1,responsive_vs_lor_all_phases,0.658025053092648,1,confounds_motion_propofol
sub-17,2,PreLOR,0,responsive_vs_lor_all_phases,0.3687785871350332,0,confounds_motion_propofol
sub-17,3,ROR,0,responsive_vs_lor_all_phases,0.14802332344211927,0,confounds_motion_propofol
sub-18,1,Base1,0,responsive_vs_lor_all_phases,0.005483664977683326,0,confounds_motion_propofol
sub-18,4,Base2,0,responsive_vs_lor_all_phases,0.10240134843031294,0,confounds_motion_propofol
sub-18,2,LOR_task2,1,responsive_vs_lor_all_phases,0.990585994020136,1,confounds_motion_propofol
sub-18,3,LOR_task3,1,responsive_vs_lor_all_phases,0.9977757803112443,1,confounds_motion_propofol
sub-18,2,PreLOR,0,responsive_vs_lor_all_phases,0.3181857686924524,0,confounds_motion_propofol
sub-19,1,Base1,0,responsive_vs_lor_all_phases,0.005452073206855471,0,confounds_motion_propofol
sub-19,4,Base2,0,responsive_vs_lor_all_phases,0.03962821440315301,0,confounds_motion_propofol
sub-19,2,LOR_task2,1,responsive_vs_lor_all_phases,0.965486548853646,1,confounds_motion_propofol
sub-19,3,LOR_task3,1,responsive_vs_lor_all_phases,0.37460260574684184,0,confounds_motion_propofol
sub-19,2,PreLOR,0,responsive_vs_lor_all_phases,0.3410157679448038,0,confounds_motion_propofol
sub-19,3,ROR,0,responsive_vs_lor_all_phases,0.10935400585130699,0,confounds_motion_propofol
sub-20,1,Base1,0,responsive_vs_lor_all_phases,0.0048102604567390956,0,confounds_motion_propofol
sub-20,4,Base2,0,responsive_vs_lor_all_phases,0.3482469098813565,0,confounds_motion_propofol
sub-20,2,LOR_task2,1,responsive_vs_lor_all_phases,0.9998878090261629,1,confounds_motion_propofol
sub-20,3,LOR_task3,1,responsive_vs_lor_all_phases,0.9990152185973684,1,confounds_motion_propofol
sub-20,2,PreLOR,0,responsive_vs_lor_all_phases,0.8660483176818761,1,confounds_motion_propofol
sub-20,3,ROR,0,responsive_vs_lor_all_phases,0.47478988353880597,0,confounds_motion_propofol
sub-21,1,Base1,0,responsive_vs_lor_all_phases,0.005524654103310009,0,confounds_motion_propofol
sub-21,4,Base2,0,responsive_vs_lor_all_phases,0.06169084926820234,0,confounds_motion_propofol
sub-21,2,LOR_task2,1,responsive_vs_lor_all_phases,0.9920088010673227,1,confounds_motion_propofol
sub-21,3,LOR_task3,1,responsive_vs_lor_all_phases,0.9883857675219343,1,confounds_motion_propofol
sub-21,2,PreLOR,0,responsive_vs_lor_all_phases,0.5910761653844491,1,confounds_motion_propofol
sub-21,3,ROR,0,responsive_vs_lor_all_phases,0.20896719970649774,0,confounds_motion_propofol
sub-22,1,Base1,0,responsive_vs_lor_all_phases,0.004804917539968915,0,confounds_motion_propofol
sub-22,4,Base2,0,responsive_vs_lor_all_phases,0.15986272797774229,0,confounds_motion_propofol
sub-22,2,LOR_task2,1,responsive_vs_lor_all_phases,0.9986035398790477,1,confounds_motion_propofol
sub-22,3,LOR_task3,1,responsive_vs_lor_all_phases,0.9828010989184107,1,confounds_motion_propofol
sub-22,2,PreLOR,0,responsive_vs_lor_all_phases,0.7456339955770376,1,confounds_motion_propofol
sub-23,1,Base1,0,responsive_vs_lor_all_phases,0.0056901266009566675,0,confounds_motion_propofol
sub-23,4,Base2,0,responsive_vs_lor_all_phases,0.06468878015752166,0,confounds_motion_propofol
sub-23,2,LOR_task2,1,responsive_vs_lor_all_phases,0.9931076039177007,1,confounds_motion_propofol
sub-23,3,LOR_task3,1,responsive_vs_lor_all_phases,0.9949069385475533,1,confounds_motion_propofol
sub-23,2,PreLOR,0,responsive_vs_lor_all_phases,0.5741068332102873,1,confounds_motion_propofol
sub-23,3,ROR,0,responsive_vs_lor_all_phases,0.18421116773186164,0,confounds_motion_propofol
sub-24,1,Base1,0,responsive_vs_lor_all_phases,0.006515727778215634,0,confounds_motion_propofol
sub-24,4,Base2,0,responsive_vs_lor_all_phases,0.056289185455879465,0,confounds_motion_propofol
sub-24,2,LOR_task2,1,responsive_vs_lor_all_phases,0.9360049797873149,1,confounds_motion_propofol
sub-24,3,LOR_task3,1,responsive_vs_lor_all_phases,0.5290502360085945,1,confounds_motion_propofol
sub-24,2,PreLOR,0,responsive_vs_lor_all_phases,0.2598246310495747,0,confounds_motion_propofol
sub-25,1,Base1,0,responsive_vs_lor_all_phases,0.005814338647372005,0,confounds_motion_propofol
sub-25,4,Base2,0,responsive_vs_lor_all_phases,0.177909641842652,0,confounds_motion_propofol
sub-25,2,LOR_task2,1,responsive_vs_lor_all_phases,0.9986826771602312,1,confounds_motion_propofol
sub-25,3,LOR_task3,1,responsive_vs_lor_all_phases,0.9512559412205162,1,confounds_motion_propofol
sub-25,2,PreLOR,0,responsive_vs_lor_all_phases,0.8387010949902024,1,confounds_motion_propofol
sub-26,1,Base1,0,responsive_vs_lor_all_phases,0.008519756510990554,0,confounds_motion_propofol
sub-26,4,Base2,0,responsive_vs_lor_all_phases,0.04270087464586251,0,confounds_motion_propofol
sub-26,2,LOR_task2,1,responsive_vs_lor_all_phases,0.9645557118627969,1,confounds_motion_propofol
sub-26,3,LOR_task3,1,responsive_vs_lor_all_phases,0.9593061915315668,1,confounds_motion_propofol
sub-26,2,PreLOR,0,responsive_vs_lor_all_phases,0.4546816245317808,0,confounds_motion_propofol
sub-26,3,ROR,0,responsive_vs_lor_all_phases,0.16317515161448987,0,confounds_motion_propofol
sub-27,1,Base1,0,responsive_vs_lor_all_phases,0.006202650229049811,0,confounds_motion_propofol
sub-27,4,Base2,0,responsive_vs_lor_all_phases,0.03882084276124999,0,confounds_motion_propofol
sub-27,2,LOR_task2,1,responsive_vs_lor_all_phases,0.878323047109557,1,confounds_motion_propofol
sub-27,3,LOR_task3,1,responsive_vs_lor_all_phases,0.9195739967980002,1,confounds_motion_propofol
sub-27,2,PreLOR,0,responsive_vs_lor_all_phases,0.12222581594708672,0,confounds_motion_propofol
sub-27,3,ROR,0,responsive_vs_lor_all_phases,0.13497822426109957,0,confounds_motion_propofol
sub-28,1,Base1,0,responsive_vs_lor_all_phases,0.00659009995965531,0,confounds_motion_propofol
sub-28,4,Base2,0,responsive_vs_lor_all_phases,0.05119350637346959,0,confounds_motion_propofol
sub-28,2,LOR_task2,1,responsive_vs_lor_all_phases,0.9950073583984407,1,confounds_motion_propofol
sub-28,3,LOR_task3,1,responsive_vs_lor_all_phases,0.9541669383473357,1,confounds_motion_propofol
sub-28,2,PreLOR,0,responsive_vs_lor_all_phases,0.8238613921405076,1,confounds_motion_propofol
sub-29,1,Base1,0,responsive_vs_lor_all_phases,0.006904082630165059,0,confounds_motion_propofol
sub-29,2,LOR_task2,1,responsive_vs_lor_all_phases,0.9999958772163423,1,confounds_motion_propofol
sub-29,3,LOR_task3,1,responsive_vs_lor_all_phases,0.9999998431820596,1,confounds_motion_propofol
sub-29,2,PreLOR,0,responsive_vs_lor_all_phases,0.9221999379228744,1,confounds_motion_propofol
sub-30,1,Base1,0,responsive_vs_lor_all_phases,0.005235272593115235,0,confounds_motion_propofol
sub-30,4,Base2,0,responsive_vs_lor_all_phases,0.05220006338179186,0,confounds_motion_propofol
sub-30,2,LOR_task2,1,responsive_vs_lor_all_phases,0.9582979816489146,1,confounds_motion_propofol
sub-30,3,LOR_task3,1,responsive_vs_lor_all_phases,0.9975875192135703,1,confounds_motion_propofol
sub-30,2,PreLOR,0,responsive_vs_lor_all_phases,0.5597890052863246,1,confounds_motion_propofol
sub-30,3,ROR,0,responsive_vs_lor_all_phases,0.3356210491228177,0,confounds_motion_propofol
sub-02,1,Base1,0,responsive_vs_lor_all_phases,0.002348502215818203,0,standard_fc_plus_confounds
sub-02,4,Base2,0,responsive_vs_lor_all_phases,0.011015150949956106,0,standard_fc_plus_confounds
sub-02,2,LOR_task2,1,responsive_vs_lor_all_phases,0.9307309833619024,1,standard_fc_plus_confounds
sub-02,3,LOR_task3,1,responsive_vs_lor_all_phases,0.8387453586739899,1,standard_fc_plus_confounds
sub-02,2,PreLOR,0,responsive_vs_lor_all_phases,0.022491765590326503,0,standard_fc_plus_confounds
sub-02,3,ROR,0,responsive_vs_lor_all_phases,0.036481163906458794,0,standard_fc_plus_confounds
sub-03,1,Base1,0,responsive_vs_lor_all_phases,0.0035249934327489206,0,standard_fc_plus_confounds
sub-03,4,Base2,0,responsive_vs_lor_all_phases,0.011477059748405408,0,standard_fc_plus_confounds
sub-03,2,LOR_task2,1,responsive_vs_lor_all_phases,0.9691298762974669,1,standard_fc_plus_confounds
sub-03,3,LOR_task3,1,responsive_vs_lor_all_phases,0.7781785832576308,1,standard_fc_plus_confounds
sub-03,2,PreLOR,0,responsive_vs_lor_all_phases,0.07726737240373067,0,standard_fc_plus_confounds
sub-03,3,ROR,0,responsive_vs_lor_all_phases,0.0652262618007459,0,standard_fc_plus_confounds
sub-04,1,Base1,0,responsive_vs_lor_all_phases,0.008896535667517583,0,standard_fc_plus_confounds
sub-04,4,Base2,0,responsive_vs_lor_all_phases,0.020721320518570157,0,standard_fc_plus_confounds
sub-04,2,LOR_task2,1,responsive_vs_lor_all_phases,0.984093455716814,1,standard_fc_plus_confounds
sub-04,3,LOR_task3,1,responsive_vs_lor_all_phases,0.5985338621303399,1,standard_fc_plus_confounds
sub-04,2,PreLOR,0,responsive_vs_lor_all_phases,0.3241740834247775,0,standard_fc_plus_confounds
sub-04,3,ROR,0,responsive_vs_lor_all_phases,0.026552900491499228,0,standard_fc_plus_confounds
sub-05,1,Base1,0,responsive_vs_lor_all_phases,0.019988893528121728,0,standard_fc_plus_confounds
sub-05,4,Base2,0,responsive_vs_lor_all_phases,0.036923047753000336,0,standard_fc_plus_confounds
sub-05,2,LOR_task2,1,responsive_vs_lor_all_phases,0.9382182474808627,1,standard_fc_plus_confounds
sub-05,3,LOR_task3,1,responsive_vs_lor_all_phases,0.8217365389435513,1,standard_fc_plus_confounds
sub-05,2,PreLOR,0,responsive_vs_lor_all_phases,0.07960963382931638,0,standard_fc_plus_confounds
sub-05,3,ROR,0,responsive_vs_lor_all_phases,0.09838862313572104,0,standard_fc_plus_confounds
sub-06,1,Base1,0,responsive_vs_lor_all_phases,0.001273783163873705,0,standard_fc_plus_confounds
sub-06,4,Base2,0,responsive_vs_lor_all_phases,0.018584130420926603,0,standard_fc_plus_confounds
sub-06,2,LOR_task2,1,responsive_vs_lor_all_phases,0.8760208294970397,1,standard_fc_plus_confounds
sub-06,3,LOR_task3,1,responsive_vs_lor_all_phases,0.26108370049115354,0,standard_fc_plus_confounds
sub-06,2,PreLOR,0,responsive_vs_lor_all_phases,0.04403372151087027,0,standard_fc_plus_confounds
sub-06,3,ROR,0,responsive_vs_lor_all_phases,0.29648885625966015,0,standard_fc_plus_confounds
sub-07,1,Base1,0,responsive_vs_lor_all_phases,0.006111576618858962,0,standard_fc_plus_confounds
sub-07,4,Base2,0,responsive_vs_lor_all_phases,0.007240440885686901,0,standard_fc_plus_confounds
sub-07,2,LOR_task2,1,responsive_vs_lor_all_phases,0.9735152881540663,1,standard_fc_plus_confounds
sub-07,3,LOR_task3,1,responsive_vs_lor_all_phases,0.6321712852706776,1,standard_fc_plus_confounds
sub-07,2,PreLOR,0,responsive_vs_lor_all_phases,0.11218567162863577,0,standard_fc_plus_confounds
sub-07,3,ROR,0,responsive_vs_lor_all_phases,0.03353555000590109,0,standard_fc_plus_confounds
sub-11,1,Base1,0,responsive_vs_lor_all_phases,0.013596438442602983,0,standard_fc_plus_confounds
sub-11,4,Base2,0,responsive_vs_lor_all_phases,0.010103064492167673,0,standard_fc_plus_confounds
sub-11,2,LOR_task2,1,responsive_vs_lor_all_phases,0.7365348556318492,1,standard_fc_plus_confounds
sub-11,3,LOR_task3,1,responsive_vs_lor_all_phases,0.8250276667446155,1,standard_fc_plus_confounds
sub-11,2,PreLOR,0,responsive_vs_lor_all_phases,0.19793605770581985,0,standard_fc_plus_confounds
sub-11,3,ROR,0,responsive_vs_lor_all_phases,0.05132853906818865,0,standard_fc_plus_confounds
sub-12,1,Base1,0,responsive_vs_lor_all_phases,0.009756021972211686,0,standard_fc_plus_confounds
sub-12,4,Base2,0,responsive_vs_lor_all_phases,0.0688561344737006,0,standard_fc_plus_confounds
sub-12,2,LOR_task2,1,responsive_vs_lor_all_phases,0.9871096587068795,1,standard_fc_plus_confounds
sub-12,3,LOR_task3,1,responsive_vs_lor_all_phases,0.9627026471827557,1,standard_fc_plus_confounds
sub-12,2,PreLOR,0,responsive_vs_lor_all_phases,0.23067037818963296,0,standard_fc_plus_confounds
sub-12,3,ROR,0,responsive_vs_lor_all_phases,0.061039559670534094,0,standard_fc_plus_confounds
sub-13,1,Base1,0,responsive_vs_lor_all_phases,0.0020033132822987257,0,standard_fc_plus_confounds
sub-13,4,Base2,0,responsive_vs_lor_all_phases,0.0045307629481980225,0,standard_fc_plus_confounds
sub-13,2,LOR_task2,1,responsive_vs_lor_all_phases,0.9709830219804895,1,standard_fc_plus_confounds
sub-13,3,LOR_task3,1,responsive_vs_lor_all_phases,0.9775715069201187,1,standard_fc_plus_confounds
sub-13,2,PreLOR,0,responsive_vs_lor_all_phases,0.15276286444124107,0,standard_fc_plus_confounds
sub-13,3,ROR,0,responsive_vs_lor_all_phases,0.0448126302281189,0,standard_fc_plus_confounds
sub-14,1,Base1,0,responsive_vs_lor_all_phases,0.0009613716348309256,0,standard_fc_plus_confounds
sub-14,4,Base2,0,responsive_vs_lor_all_phases,0.0033145698210649186,0,standard_fc_plus_confounds
sub-14,2,LOR_task2,1,responsive_vs_lor_all_phases,0.5801082271693785,1,standard_fc_plus_confounds
sub-14,3,LOR_task3,1,responsive_vs_lor_all_phases,0.702586053843952,1,standard_fc_plus_confounds
sub-14,2,PreLOR,0,responsive_vs_lor_all_phases,0.013514674784458211,0,standard_fc_plus_confounds
sub-15,1,Base1,0,responsive_vs_lor_all_phases,0.00911400692423641,0,standard_fc_plus_confounds
sub-15,4,Base2,0,responsive_vs_lor_all_phases,0.02229056824397414,0,standard_fc_plus_confounds
sub-15,2,LOR_task2,1,responsive_vs_lor_all_phases,0.6851165529561456,1,standard_fc_plus_confounds
sub-15,3,LOR_task3,1,responsive_vs_lor_all_phases,0.33358713513198046,0,standard_fc_plus_confounds
sub-15,2,PreLOR,0,responsive_vs_lor_all_phases,0.060715004270672085,0,standard_fc_plus_confounds
sub-15,3,ROR,0,responsive_vs_lor_all_phases,0.16886040513731218,0,standard_fc_plus_confounds
sub-16,1,Base1,0,responsive_vs_lor_all_phases,0.005720725969156716,0,standard_fc_plus_confounds
sub-16,4,Base2,0,responsive_vs_lor_all_phases,0.03662519254315905,0,standard_fc_plus_confounds
sub-16,3,LOR_task3,1,responsive_vs_lor_all_phases,0.9999016448651146,1,standard_fc_plus_confounds
sub-16,2,PreLOR,0,responsive_vs_lor_all_phases,0.5004679286879734,1,standard_fc_plus_confounds
sub-16,3,ROR,0,responsive_vs_lor_all_phases,0.8495161268872673,1,standard_fc_plus_confounds
sub-17,1,Base1,0,responsive_vs_lor_all_phases,0.004400964419576016,0,standard_fc_plus_confounds
sub-17,4,Base2,0,responsive_vs_lor_all_phases,0.02792413873196502,0,standard_fc_plus_confounds
sub-17,2,LOR_task2,1,responsive_vs_lor_all_phases,0.8033232714201032,1,standard_fc_plus_confounds
sub-17,3,LOR_task3,1,responsive_vs_lor_all_phases,0.6526530735194268,1,standard_fc_plus_confounds
sub-17,2,PreLOR,0,responsive_vs_lor_all_phases,0.2338450661413528,0,standard_fc_plus_confounds
sub-17,3,ROR,0,responsive_vs_lor_all_phases,0.2282357164799034,0,standard_fc_plus_confounds
sub-18,1,Base1,0,responsive_vs_lor_all_phases,0.001817058759672556,0,standard_fc_plus_confounds
sub-18,4,Base2,0,responsive_vs_lor_all_phases,0.019283828094718788,0,standard_fc_plus_confounds
sub-18,2,LOR_task2,1,responsive_vs_lor_all_phases,0.96844399398341,1,standard_fc_plus_confounds
sub-18,3,LOR_task3,1,responsive_vs_lor_all_phases,0.9958766906852439,1,standard_fc_plus_confounds
sub-18,2,PreLOR,0,responsive_vs_lor_all_phases,0.04927488506324899,0,standard_fc_plus_confounds
sub-19,1,Base1,0,responsive_vs_lor_all_phases,0.004932445082708261,0,standard_fc_plus_confounds
sub-19,4,Base2,0,responsive_vs_lor_all_phases,0.008202832942925557,0,standard_fc_plus_confounds
sub-19,2,LOR_task2,1,responsive_vs_lor_all_phases,0.9585700025379641,1,standard_fc_plus_confounds
sub-19,3,LOR_task3,1,responsive_vs_lor_all_phases,0.30944705144016055,0,standard_fc_plus_confounds
sub-19,2,PreLOR,0,responsive_vs_lor_all_phases,0.19431107651729132,0,standard_fc_plus_confounds
sub-19,3,ROR,0,responsive_vs_lor_all_phases,0.07748308696219182,0,standard_fc_plus_confounds
sub-20,1,Base1,0,responsive_vs_lor_all_phases,0.01766959551061857,0,standard_fc_plus_confounds
sub-20,4,Base2,0,responsive_vs_lor_all_phases,0.13916952092176763,0,standard_fc_plus_confounds
sub-20,2,LOR_task2,1,responsive_vs_lor_all_phases,0.9994544657454368,1,standard_fc_plus_confounds
sub-20,3,LOR_task3,1,responsive_vs_lor_all_phases,0.9982467177070677,1,standard_fc_plus_confounds
sub-20,2,PreLOR,0,responsive_vs_lor_all_phases,0.8583440951048628,1,standard_fc_plus_confounds
sub-20,3,ROR,0,responsive_vs_lor_all_phases,0.284082702081281,0,standard_fc_plus_confounds
sub-21,1,Base1,0,responsive_vs_lor_all_phases,0.00984439989967677,0,standard_fc_plus_confounds
sub-21,4,Base2,0,responsive_vs_lor_all_phases,0.023751508996634325,0,standard_fc_plus_confounds
sub-21,2,LOR_task2,1,responsive_vs_lor_all_phases,0.9953126641029699,1,standard_fc_plus_confounds
sub-21,3,LOR_task3,1,responsive_vs_lor_all_phases,0.9929302642424344,1,standard_fc_plus_confounds
sub-21,2,PreLOR,0,responsive_vs_lor_all_phases,0.5266651459734504,1,standard_fc_plus_confounds
sub-21,3,ROR,0,responsive_vs_lor_all_phases,0.3192102986449688,0,standard_fc_plus_confounds
sub-22,1,Base1,0,responsive_vs_lor_all_phases,0.004212935790345536,0,standard_fc_plus_confounds
sub-22,4,Base2,0,responsive_vs_lor_all_phases,0.11734774939317824,0,standard_fc_plus_confounds
sub-22,2,LOR_task2,1,responsive_vs_lor_all_phases,0.9970242242409313,1,standard_fc_plus_confounds
sub-22,3,LOR_task3,1,responsive_vs_lor_all_phases,0.9941210298868982,1,standard_fc_plus_confounds
sub-22,2,PreLOR,0,responsive_vs_lor_all_phases,0.7933698285388704,1,standard_fc_plus_confounds
sub-23,1,Base1,0,responsive_vs_lor_all_phases,0.0021046384412615835,0,standard_fc_plus_confounds
sub-23,4,Base2,0,responsive_vs_lor_all_phases,0.027980052292963093,0,standard_fc_plus_confounds
sub-23,2,LOR_task2,1,responsive_vs_lor_all_phases,0.9949101108004803,1,standard_fc_plus_confounds
sub-23,3,LOR_task3,1,responsive_vs_lor_all_phases,0.997282918997853,1,standard_fc_plus_confounds
sub-23,2,PreLOR,0,responsive_vs_lor_all_phases,0.23631157927657476,0,standard_fc_plus_confounds
sub-23,3,ROR,0,responsive_vs_lor_all_phases,0.19289674543803584,0,standard_fc_plus_confounds
sub-24,1,Base1,0,responsive_vs_lor_all_phases,0.0024240030116224136,0,standard_fc_plus_confounds
sub-24,4,Base2,0,responsive_vs_lor_all_phases,0.03888116179976689,0,standard_fc_plus_confounds
sub-24,2,LOR_task2,1,responsive_vs_lor_all_phases,0.887728540099851,1,standard_fc_plus_confounds
sub-24,3,LOR_task3,1,responsive_vs_lor_all_phases,0.6123760973696739,1,standard_fc_plus_confounds
sub-24,2,PreLOR,0,responsive_vs_lor_all_phases,0.05365665817501375,0,standard_fc_plus_confounds
sub-25,1,Base1,0,responsive_vs_lor_all_phases,0.015615667128215058,0,standard_fc_plus_confounds
sub-25,4,Base2,0,responsive_vs_lor_all_phases,0.14865102184838697,0,standard_fc_plus_confounds
sub-25,2,LOR_task2,1,responsive_vs_lor_all_phases,0.9987414452361075,1,standard_fc_plus_confounds
sub-25,3,LOR_task3,1,responsive_vs_lor_all_phases,0.9722538431022817,1,standard_fc_plus_confounds
sub-25,2,PreLOR,0,responsive_vs_lor_all_phases,0.8126588056901498,1,standard_fc_plus_confounds
sub-26,1,Base1,0,responsive_vs_lor_all_phases,0.004020205069938177,0,standard_fc_plus_confounds
sub-26,4,Base2,0,responsive_vs_lor_all_phases,0.029036054637743048,0,standard_fc_plus_confounds
sub-26,2,LOR_task2,1,responsive_vs_lor_all_phases,0.9659429332013466,1,standard_fc_plus_confounds
sub-26,3,LOR_task3,1,responsive_vs_lor_all_phases,0.9605469909769369,1,standard_fc_plus_confounds
sub-26,2,PreLOR,0,responsive_vs_lor_all_phases,0.31567351065072424,0,standard_fc_plus_confounds
sub-26,3,ROR,0,responsive_vs_lor_all_phases,0.11535530589769596,0,standard_fc_plus_confounds
sub-27,1,Base1,0,responsive_vs_lor_all_phases,0.0018903511250597715,0,standard_fc_plus_confounds
sub-27,4,Base2,0,responsive_vs_lor_all_phases,0.020004653280928705,0,standard_fc_plus_confounds
sub-27,2,LOR_task2,1,responsive_vs_lor_all_phases,0.9174691482837483,1,standard_fc_plus_confounds
sub-27,3,LOR_task3,1,responsive_vs_lor_all_phases,0.820834957227725,1,standard_fc_plus_confounds
sub-27,2,PreLOR,0,responsive_vs_lor_all_phases,0.025162035364363945,0,standard_fc_plus_confounds
sub-27,3,ROR,0,responsive_vs_lor_all_phases,0.049400115135175025,0,standard_fc_plus_confounds
sub-28,1,Base1,0,responsive_vs_lor_all_phases,0.006669349447568421,0,standard_fc_plus_confounds
sub-28,4,Base2,0,responsive_vs_lor_all_phases,0.08752124830120746,0,standard_fc_plus_confounds
sub-28,2,LOR_task2,1,responsive_vs_lor_all_phases,0.9976824759647351,1,standard_fc_plus_confounds
sub-28,3,LOR_task3,1,responsive_vs_lor_all_phases,0.9809315722716743,1,standard_fc_plus_confounds
sub-28,2,PreLOR,0,responsive_vs_lor_all_phases,0.7630245015211882,1,standard_fc_plus_confounds
sub-29,1,Base1,0,responsive_vs_lor_all_phases,0.005543980095490987,0,standard_fc_plus_confounds
sub-29,2,LOR_task2,1,responsive_vs_lor_all_phases,0.9999841914922084,1,standard_fc_plus_confounds
sub-29,3,LOR_task3,1,responsive_vs_lor_all_phases,0.9999990131359202,1,standard_fc_plus_confounds
sub-29,2,PreLOR,0,responsive_vs_lor_all_phases,0.847540265473813,1,standard_fc_plus_confounds
sub-30,1,Base1,0,responsive_vs_lor_all_phases,0.009099250015613677,0,standard_fc_plus_confounds
sub-30,4,Base2,0,responsive_vs_lor_all_phases,0.033117014222938314,0,standard_fc_plus_confounds
sub-30,2,LOR_task2,1,responsive_vs_lor_all_phases,0.9857802151506647,1,standard_fc_plus_confounds
sub-30,3,LOR_task3,1,responsive_vs_lor_all_phases,0.99389438932342,1,standard_fc_plus_confounds
sub-30,2,PreLOR,0,responsive_vs_lor_all_phases,0.7842477406473317,1,standard_fc_plus_confounds
sub-30,3,ROR,0,responsive_vs_lor_all_phases,0.36422890571581634,0,standard_fc_plus_confounds
sub-02,1,Base1,0,responsive_vs_lor_all_phases,0.000882674772401086,0,gcc_core_plus_confounds
sub-02,4,Base2,0,responsive_vs_lor_all_phases,0.0071322670056011015,0,gcc_core_plus_confounds
sub-02,2,LOR_task2,1,responsive_vs_lor_all_phases,0.9410082827314272,1,gcc_core_plus_confounds
sub-02,3,LOR_task3,1,responsive_vs_lor_all_phases,0.8788214658730292,1,gcc_core_plus_confounds
sub-02,2,PreLOR,0,responsive_vs_lor_all_phases,0.008698034015906204,0,gcc_core_plus_confounds
sub-02,3,ROR,0,responsive_vs_lor_all_phases,0.025281807431680937,0,gcc_core_plus_confounds
sub-03,1,Base1,0,responsive_vs_lor_all_phases,0.001655328844050726,0,gcc_core_plus_confounds
sub-03,4,Base2,0,responsive_vs_lor_all_phases,0.014139251525365758,0,gcc_core_plus_confounds
sub-03,2,LOR_task2,1,responsive_vs_lor_all_phases,0.9645162198082466,1,gcc_core_plus_confounds
sub-03,3,LOR_task3,1,responsive_vs_lor_all_phases,0.7772240465910895,1,gcc_core_plus_confounds
sub-03,2,PreLOR,0,responsive_vs_lor_all_phases,0.07952339512528725,0,gcc_core_plus_confounds
sub-03,3,ROR,0,responsive_vs_lor_all_phases,0.04807692844985799,0,gcc_core_plus_confounds
sub-04,1,Base1,0,responsive_vs_lor_all_phases,0.010704155230581072,0,gcc_core_plus_confounds
sub-04,4,Base2,0,responsive_vs_lor_all_phases,0.02242701191623152,0,gcc_core_plus_confounds
sub-04,2,LOR_task2,1,responsive_vs_lor_all_phases,0.9878605197129514,1,gcc_core_plus_confounds
sub-04,3,LOR_task3,1,responsive_vs_lor_all_phases,0.6600573369185542,1,gcc_core_plus_confounds
sub-04,2,PreLOR,0,responsive_vs_lor_all_phases,0.547726739856726,1,gcc_core_plus_confounds
sub-04,3,ROR,0,responsive_vs_lor_all_phases,0.018767952232750067,0,gcc_core_plus_confounds
sub-05,1,Base1,0,responsive_vs_lor_all_phases,0.0126861060146119,0,gcc_core_plus_confounds
sub-05,4,Base2,0,responsive_vs_lor_all_phases,0.04489908542291383,0,gcc_core_plus_confounds
sub-05,2,LOR_task2,1,responsive_vs_lor_all_phases,0.8950772711296897,1,gcc_core_plus_confounds
sub-05,3,LOR_task3,1,responsive_vs_lor_all_phases,0.8266293453164703,1,gcc_core_plus_confounds
sub-05,2,PreLOR,0,responsive_vs_lor_all_phases,0.037468726033205696,0,gcc_core_plus_confounds
sub-05,3,ROR,0,responsive_vs_lor_all_phases,0.11702725613447429,0,gcc_core_plus_confounds
sub-06,1,Base1,0,responsive_vs_lor_all_phases,0.0006908163805175929,0,gcc_core_plus_confounds
sub-06,4,Base2,0,responsive_vs_lor_all_phases,0.008488642677421531,0,gcc_core_plus_confounds
sub-06,2,LOR_task2,1,responsive_vs_lor_all_phases,0.9313088810994448,1,gcc_core_plus_confounds
sub-06,3,LOR_task3,1,responsive_vs_lor_all_phases,0.26138221055539873,0,gcc_core_plus_confounds
sub-06,2,PreLOR,0,responsive_vs_lor_all_phases,0.030445167657252376,0,gcc_core_plus_confounds
sub-06,3,ROR,0,responsive_vs_lor_all_phases,0.2880040541114304,0,gcc_core_plus_confounds
sub-07,1,Base1,0,responsive_vs_lor_all_phases,0.007410138339131541,0,gcc_core_plus_confounds
sub-07,4,Base2,0,responsive_vs_lor_all_phases,0.0038113093295860383,0,gcc_core_plus_confounds
sub-07,2,LOR_task2,1,responsive_vs_lor_all_phases,0.9760275057489196,1,gcc_core_plus_confounds
sub-07,3,LOR_task3,1,responsive_vs_lor_all_phases,0.7969565951017665,1,gcc_core_plus_confounds
sub-07,2,PreLOR,0,responsive_vs_lor_all_phases,0.0697683250093399,0,gcc_core_plus_confounds
sub-07,3,ROR,0,responsive_vs_lor_all_phases,0.022851674621940248,0,gcc_core_plus_confounds
sub-11,1,Base1,0,responsive_vs_lor_all_phases,0.007116008492066274,0,gcc_core_plus_confounds
sub-11,4,Base2,0,responsive_vs_lor_all_phases,0.008126471362678219,0,gcc_core_plus_confounds
sub-11,2,LOR_task2,1,responsive_vs_lor_all_phases,0.8250405215864522,1,gcc_core_plus_confounds
sub-11,3,LOR_task3,1,responsive_vs_lor_all_phases,0.8303392913010827,1,gcc_core_plus_confounds
sub-11,2,PreLOR,0,responsive_vs_lor_all_phases,0.20295304541000897,0,gcc_core_plus_confounds
sub-11,3,ROR,0,responsive_vs_lor_all_phases,0.04043976024092901,0,gcc_core_plus_confounds
sub-12,1,Base1,0,responsive_vs_lor_all_phases,0.017323121905835844,0,gcc_core_plus_confounds
sub-12,4,Base2,0,responsive_vs_lor_all_phases,0.06629231498558853,0,gcc_core_plus_confounds
sub-12,2,LOR_task2,1,responsive_vs_lor_all_phases,0.9903524101238287,1,gcc_core_plus_confounds
sub-12,3,LOR_task3,1,responsive_vs_lor_all_phases,0.9730576183576852,1,gcc_core_plus_confounds
sub-12,2,PreLOR,0,responsive_vs_lor_all_phases,0.2885275832521505,0,gcc_core_plus_confounds
sub-12,3,ROR,0,responsive_vs_lor_all_phases,0.030259727641462508,0,gcc_core_plus_confounds
sub-13,1,Base1,0,responsive_vs_lor_all_phases,0.0012935259679022909,0,gcc_core_plus_confounds
sub-13,4,Base2,0,responsive_vs_lor_all_phases,0.0017180092330409402,0,gcc_core_plus_confounds
sub-13,2,LOR_task2,1,responsive_vs_lor_all_phases,0.9812206911814013,1,gcc_core_plus_confounds
sub-13,3,LOR_task3,1,responsive_vs_lor_all_phases,0.9833854866935271,1,gcc_core_plus_confounds
sub-13,2,PreLOR,0,responsive_vs_lor_all_phases,0.16729909840821874,0,gcc_core_plus_confounds
sub-13,3,ROR,0,responsive_vs_lor_all_phases,0.025895366426219518,0,gcc_core_plus_confounds
sub-14,1,Base1,0,responsive_vs_lor_all_phases,0.0004796207216593788,0,gcc_core_plus_confounds
sub-14,4,Base2,0,responsive_vs_lor_all_phases,0.002136887512836044,0,gcc_core_plus_confounds
sub-14,2,LOR_task2,1,responsive_vs_lor_all_phases,0.5704488731251793,1,gcc_core_plus_confounds
sub-14,3,LOR_task3,1,responsive_vs_lor_all_phases,0.6510464863279457,1,gcc_core_plus_confounds
sub-14,2,PreLOR,0,responsive_vs_lor_all_phases,0.005892635920371351,0,gcc_core_plus_confounds
sub-15,1,Base1,0,responsive_vs_lor_all_phases,0.017771669909826364,0,gcc_core_plus_confounds
sub-15,4,Base2,0,responsive_vs_lor_all_phases,0.023100869308565395,0,gcc_core_plus_confounds
sub-15,2,LOR_task2,1,responsive_vs_lor_all_phases,0.8277065952432145,1,gcc_core_plus_confounds
sub-15,3,LOR_task3,1,responsive_vs_lor_all_phases,0.4713857665091398,0,gcc_core_plus_confounds
sub-15,2,PreLOR,0,responsive_vs_lor_all_phases,0.1622337482562859,0,gcc_core_plus_confounds
sub-15,3,ROR,0,responsive_vs_lor_all_phases,0.17709294176716367,0,gcc_core_plus_confounds
sub-16,1,Base1,0,responsive_vs_lor_all_phases,0.004801703699053314,0,gcc_core_plus_confounds
sub-16,4,Base2,0,responsive_vs_lor_all_phases,0.018498432567887572,0,gcc_core_plus_confounds
sub-16,3,LOR_task3,1,responsive_vs_lor_all_phases,0.999814144535319,1,gcc_core_plus_confounds
sub-16,2,PreLOR,0,responsive_vs_lor_all_phases,0.3702666689169565,0,gcc_core_plus_confounds
sub-16,3,ROR,0,responsive_vs_lor_all_phases,0.7920496335206951,1,gcc_core_plus_confounds
sub-17,1,Base1,0,responsive_vs_lor_all_phases,0.0030595736786946156,0,gcc_core_plus_confounds
sub-17,4,Base2,0,responsive_vs_lor_all_phases,0.02070002318818088,0,gcc_core_plus_confounds
sub-17,2,LOR_task2,1,responsive_vs_lor_all_phases,0.8961810970033465,1,gcc_core_plus_confounds
sub-17,3,LOR_task3,1,responsive_vs_lor_all_phases,0.5976056236903466,1,gcc_core_plus_confounds
sub-17,2,PreLOR,0,responsive_vs_lor_all_phases,0.216706164464488,0,gcc_core_plus_confounds
sub-17,3,ROR,0,responsive_vs_lor_all_phases,0.18473350304269828,0,gcc_core_plus_confounds
sub-18,1,Base1,0,responsive_vs_lor_all_phases,0.0009484327656350127,0,gcc_core_plus_confounds
sub-18,4,Base2,0,responsive_vs_lor_all_phases,0.023082431795128172,0,gcc_core_plus_confounds
sub-18,2,LOR_task2,1,responsive_vs_lor_all_phases,0.8841311239623707,1,gcc_core_plus_confounds
sub-18,3,LOR_task3,1,responsive_vs_lor_all_phases,0.9938897227597193,1,gcc_core_plus_confounds
sub-18,2,PreLOR,0,responsive_vs_lor_all_phases,0.019549279256496983,0,gcc_core_plus_confounds
sub-19,1,Base1,0,responsive_vs_lor_all_phases,0.007718325861511996,0,gcc_core_plus_confounds
sub-19,4,Base2,0,responsive_vs_lor_all_phases,0.004223511555388946,0,gcc_core_plus_confounds
sub-19,2,LOR_task2,1,responsive_vs_lor_all_phases,0.9289209426664856,1,gcc_core_plus_confounds
sub-19,3,LOR_task3,1,responsive_vs_lor_all_phases,0.3440777284291489,0,gcc_core_plus_confounds
sub-19,2,PreLOR,0,responsive_vs_lor_all_phases,0.10391779257283101,0,gcc_core_plus_confounds
sub-19,3,ROR,0,responsive_vs_lor_all_phases,0.03392276610681484,0,gcc_core_plus_confounds
sub-20,1,Base1,0,responsive_vs_lor_all_phases,0.021331016276787036,0,gcc_core_plus_confounds
sub-20,4,Base2,0,responsive_vs_lor_all_phases,0.06968886563364314,0,gcc_core_plus_confounds
sub-20,2,LOR_task2,1,responsive_vs_lor_all_phases,0.9959381355436827,1,gcc_core_plus_confounds
sub-20,3,LOR_task3,1,responsive_vs_lor_all_phases,0.9984403315966569,1,gcc_core_plus_confounds
sub-20,2,PreLOR,0,responsive_vs_lor_all_phases,0.8496955145164539,1,gcc_core_plus_confounds
sub-20,3,ROR,0,responsive_vs_lor_all_phases,0.30041350430215596,0,gcc_core_plus_confounds
sub-21,1,Base1,0,responsive_vs_lor_all_phases,0.006592326132040161,0,gcc_core_plus_confounds
sub-21,4,Base2,0,responsive_vs_lor_all_phases,0.010299304444301246,0,gcc_core_plus_confounds
sub-21,2,LOR_task2,1,responsive_vs_lor_all_phases,0.9946009248399983,1,gcc_core_plus_confounds
sub-21,3,LOR_task3,1,responsive_vs_lor_all_phases,0.9948142832238897,1,gcc_core_plus_confounds
sub-21,2,PreLOR,0,responsive_vs_lor_all_phases,0.4895930502930951,0,gcc_core_plus_confounds
sub-21,3,ROR,0,responsive_vs_lor_all_phases,0.3330019105366535,0,gcc_core_plus_confounds
sub-22,1,Base1,0,responsive_vs_lor_all_phases,0.0023849459933594224,0,gcc_core_plus_confounds
sub-22,4,Base2,0,responsive_vs_lor_all_phases,0.07392814254473298,0,gcc_core_plus_confounds
sub-22,2,LOR_task2,1,responsive_vs_lor_all_phases,0.9924773542528167,1,gcc_core_plus_confounds
sub-22,3,LOR_task3,1,responsive_vs_lor_all_phases,0.9969783518459829,1,gcc_core_plus_confounds
sub-22,2,PreLOR,0,responsive_vs_lor_all_phases,0.7652149773195778,1,gcc_core_plus_confounds
sub-23,1,Base1,0,responsive_vs_lor_all_phases,0.000781323956149075,0,gcc_core_plus_confounds
sub-23,4,Base2,0,responsive_vs_lor_all_phases,0.01235739700653669,0,gcc_core_plus_confounds
sub-23,2,LOR_task2,1,responsive_vs_lor_all_phases,0.9964904724613992,1,gcc_core_plus_confounds
sub-23,3,LOR_task3,1,responsive_vs_lor_all_phases,0.9986144563056062,1,gcc_core_plus_confounds
sub-23,2,PreLOR,0,responsive_vs_lor_all_phases,0.19342287599466323,0,gcc_core_plus_confounds
sub-23,3,ROR,0,responsive_vs_lor_all_phases,0.07805111622390525,0,gcc_core_plus_confounds
sub-24,1,Base1,0,responsive_vs_lor_all_phases,0.002273098971535682,0,gcc_core_plus_confounds
sub-24,4,Base2,0,responsive_vs_lor_all_phases,0.016835864622074686,0,gcc_core_plus_confounds
sub-24,2,LOR_task2,1,responsive_vs_lor_all_phases,0.9727587162795509,1,gcc_core_plus_confounds
sub-24,3,LOR_task3,1,responsive_vs_lor_all_phases,0.664260854691114,1,gcc_core_plus_confounds
sub-24,2,PreLOR,0,responsive_vs_lor_all_phases,0.022502480821717682,0,gcc_core_plus_confounds
sub-25,1,Base1,0,responsive_vs_lor_all_phases,0.02897126389251325,0,gcc_core_plus_confounds
sub-25,4,Base2,0,responsive_vs_lor_all_phases,0.06447312145201037,0,gcc_core_plus_confounds
sub-25,2,LOR_task2,1,responsive_vs_lor_all_phases,0.99900540488763,1,gcc_core_plus_confounds
sub-25,3,LOR_task3,1,responsive_vs_lor_all_phases,0.9773666878974012,1,gcc_core_plus_confounds
sub-25,2,PreLOR,0,responsive_vs_lor_all_phases,0.7179943363652612,1,gcc_core_plus_confounds
sub-26,1,Base1,0,responsive_vs_lor_all_phases,0.002862736265853538,0,gcc_core_plus_confounds
sub-26,4,Base2,0,responsive_vs_lor_all_phases,0.00898171386630806,0,gcc_core_plus_confounds
sub-26,2,LOR_task2,1,responsive_vs_lor_all_phases,0.9649582648667061,1,gcc_core_plus_confounds
sub-26,3,LOR_task3,1,responsive_vs_lor_all_phases,0.95938570961222,1,gcc_core_plus_confounds
sub-26,2,PreLOR,0,responsive_vs_lor_all_phases,0.21972265733823343,0,gcc_core_plus_confounds
sub-26,3,ROR,0,responsive_vs_lor_all_phases,0.05537094519317261,0,gcc_core_plus_confounds
sub-27,1,Base1,0,responsive_vs_lor_all_phases,0.001640676152492117,0,gcc_core_plus_confounds
sub-27,4,Base2,0,responsive_vs_lor_all_phases,0.021157450344610286,0,gcc_core_plus_confounds
sub-27,2,LOR_task2,1,responsive_vs_lor_all_phases,0.8835313061983596,1,gcc_core_plus_confounds
sub-27,3,LOR_task3,1,responsive_vs_lor_all_phases,0.8168525933160545,1,gcc_core_plus_confounds
sub-27,2,PreLOR,0,responsive_vs_lor_all_phases,0.05504552082360256,0,gcc_core_plus_confounds
sub-27,3,ROR,0,responsive_vs_lor_all_phases,0.18792425945199673,0,gcc_core_plus_confounds
sub-28,1,Base1,0,responsive_vs_lor_all_phases,0.005340355206646221,0,gcc_core_plus_confounds
sub-28,4,Base2,0,responsive_vs_lor_all_phases,0.053817389424933214,0,gcc_core_plus_confounds
sub-28,2,LOR_task2,1,responsive_vs_lor_all_phases,0.9991335061546529,1,gcc_core_plus_confounds
sub-28,3,LOR_task3,1,responsive_vs_lor_all_phases,0.9905020390750351,1,gcc_core_plus_confounds
sub-28,2,PreLOR,0,responsive_vs_lor_all_phases,0.739278926766795,1,gcc_core_plus_confounds
sub-29,1,Base1,0,responsive_vs_lor_all_phases,0.003777520444937668,0,gcc_core_plus_confounds
sub-29,2,LOR_task2,1,responsive_vs_lor_all_phases,0.9999754358502716,1,gcc_core_plus_confounds
sub-29,3,LOR_task3,1,responsive_vs_lor_all_phases,0.9999975370285175,1,gcc_core_plus_confounds
sub-29,2,PreLOR,0,responsive_vs_lor_all_phases,0.7603654156256697,1,gcc_core_plus_confounds
sub-30,1,Base1,0,responsive_vs_lor_all_phases,0.007831865039113315,0,gcc_core_plus_confounds
sub-30,4,Base2,0,responsive_vs_lor_all_phases,0.020452478361696686,0,gcc_core_plus_confounds
sub-30,2,LOR_task2,1,responsive_vs_lor_all_phases,0.9926209532563312,1,gcc_core_plus_confounds
sub-30,3,LOR_task3,1,responsive_vs_lor_all_phases,0.9806237256362943,1,gcc_core_plus_confounds
sub-30,2,PreLOR,0,responsive_vs_lor_all_phases,0.8806970282690868,1,gcc_core_plus_confounds
sub-30,3,ROR,0,responsive_vs_lor_all_phases,0.26384977834407347,0,gcc_core_plus_confounds
sub-02,1,Base1,0,responsive_vs_lor_all_phases,0.0006966670151872851,0,gcc_regime_plus_confounds
sub-02,4,Base2,0,responsive_vs_lor_all_phases,0.005067327348700826,0,gcc_regime_plus_confounds
sub-02,2,LOR_task2,1,responsive_vs_lor_all_phases,0.9404233484627171,1,gcc_regime_plus_confounds
sub-02,3,LOR_task3,1,responsive_vs_lor_all_phases,0.9058463059390887,1,gcc_regime_plus_confounds
sub-02,2,PreLOR,0,responsive_vs_lor_all_phases,0.0074188077203733984,0,gcc_regime_plus_confounds
sub-02,3,ROR,0,responsive_vs_lor_all_phases,0.020830669608362017,0,gcc_regime_plus_confounds
sub-03,1,Base1,0,responsive_vs_lor_all_phases,0.001322707434713082,0,gcc_regime_plus_confounds
sub-03,4,Base2,0,responsive_vs_lor_all_phases,0.020065149647585514,0,gcc_regime_plus_confounds
sub-03,2,LOR_task2,1,responsive_vs_lor_all_phases,0.9596266799486943,1,gcc_regime_plus_confounds
sub-03,3,LOR_task3,1,responsive_vs_lor_all_phases,0.8162999076826007,1,gcc_regime_plus_confounds
sub-03,2,PreLOR,0,responsive_vs_lor_all_phases,0.12046272803055955,0,gcc_regime_plus_confounds
sub-03,3,ROR,0,responsive_vs_lor_all_phases,0.054694224994759066,0,gcc_regime_plus_confounds
sub-04,1,Base1,0,responsive_vs_lor_all_phases,0.00841041728245253,0,gcc_regime_plus_confounds
sub-04,4,Base2,0,responsive_vs_lor_all_phases,0.02801182886552931,0,gcc_regime_plus_confounds
sub-04,2,LOR_task2,1,responsive_vs_lor_all_phases,0.9894230106683337,1,gcc_regime_plus_confounds
sub-04,3,LOR_task3,1,responsive_vs_lor_all_phases,0.6580157978760508,1,gcc_regime_plus_confounds
sub-04,2,PreLOR,0,responsive_vs_lor_all_phases,0.5508688456478825,1,gcc_regime_plus_confounds
sub-04,3,ROR,0,responsive_vs_lor_all_phases,0.024297604887733394,0,gcc_regime_plus_confounds
sub-05,1,Base1,0,responsive_vs_lor_all_phases,0.010692809448107417,0,gcc_regime_plus_confounds
sub-05,4,Base2,0,responsive_vs_lor_all_phases,0.04656911548406095,0,gcc_regime_plus_confounds
sub-05,2,LOR_task2,1,responsive_vs_lor_all_phases,0.9141032962444359,1,gcc_regime_plus_confounds
sub-05,3,LOR_task3,1,responsive_vs_lor_all_phases,0.826355960198918,1,gcc_regime_plus_confounds
sub-05,2,PreLOR,0,responsive_vs_lor_all_phases,0.0424704826613338,0,gcc_regime_plus_confounds
sub-05,3,ROR,0,responsive_vs_lor_all_phases,0.10828662014450266,0,gcc_regime_plus_confounds
sub-06,1,Base1,0,responsive_vs_lor_all_phases,0.0006275199060837237,0,gcc_regime_plus_confounds
sub-06,4,Base2,0,responsive_vs_lor_all_phases,0.009069585101484107,0,gcc_regime_plus_confounds
sub-06,2,LOR_task2,1,responsive_vs_lor_all_phases,0.9344238301272604,1,gcc_regime_plus_confounds
sub-06,3,LOR_task3,1,responsive_vs_lor_all_phases,0.28602606020652455,0,gcc_regime_plus_confounds
sub-06,2,PreLOR,0,responsive_vs_lor_all_phases,0.03219593051717019,0,gcc_regime_plus_confounds
sub-06,3,ROR,0,responsive_vs_lor_all_phases,0.32862957249398383,0,gcc_regime_plus_confounds
sub-07,1,Base1,0,responsive_vs_lor_all_phases,0.0060890401377504825,0,gcc_regime_plus_confounds
sub-07,4,Base2,0,responsive_vs_lor_all_phases,0.004594864558990629,0,gcc_regime_plus_confounds
sub-07,2,LOR_task2,1,responsive_vs_lor_all_phases,0.9737255676754255,1,gcc_regime_plus_confounds
sub-07,3,LOR_task3,1,responsive_vs_lor_all_phases,0.8335251249116039,1,gcc_regime_plus_confounds
sub-07,2,PreLOR,0,responsive_vs_lor_all_phases,0.07973966158461365,0,gcc_regime_plus_confounds
sub-07,3,ROR,0,responsive_vs_lor_all_phases,0.024401228893697256,0,gcc_regime_plus_confounds
sub-11,1,Base1,0,responsive_vs_lor_all_phases,0.006066854121869854,0,gcc_regime_plus_confounds
sub-11,4,Base2,0,responsive_vs_lor_all_phases,0.006514286637519329,0,gcc_regime_plus_confounds
sub-11,2,LOR_task2,1,responsive_vs_lor_all_phases,0.8134999484771501,1,gcc_regime_plus_confounds
sub-11,3,LOR_task3,1,responsive_vs_lor_all_phases,0.8389726261170244,1,gcc_regime_plus_confounds
sub-11,2,PreLOR,0,responsive_vs_lor_all_phases,0.15928599015380066,0,gcc_regime_plus_confounds
sub-11,3,ROR,0,responsive_vs_lor_all_phases,0.04080926399688414,0,gcc_regime_plus_confounds
sub-12,1,Base1,0,responsive_vs_lor_all_phases,0.014618017673533238,0,gcc_regime_plus_confounds
sub-12,4,Base2,0,responsive_vs_lor_all_phases,0.06285646755506868,0,gcc_regime_plus_confounds
sub-12,2,LOR_task2,1,responsive_vs_lor_all_phases,0.9893929931688606,1,gcc_regime_plus_confounds
sub-12,3,LOR_task3,1,responsive_vs_lor_all_phases,0.9729894959378057,1,gcc_regime_plus_confounds
sub-12,2,PreLOR,0,responsive_vs_lor_all_phases,0.2755048229591976,0,gcc_regime_plus_confounds
sub-12,3,ROR,0,responsive_vs_lor_all_phases,0.037202591619887586,0,gcc_regime_plus_confounds
sub-13,1,Base1,0,responsive_vs_lor_all_phases,0.0010380980020192677,0,gcc_regime_plus_confounds
sub-13,4,Base2,0,responsive_vs_lor_all_phases,0.0023466670980724007,0,gcc_regime_plus_confounds
sub-13,2,LOR_task2,1,responsive_vs_lor_all_phases,0.9824773855892338,1,gcc_regime_plus_confounds
sub-13,3,LOR_task3,1,responsive_vs_lor_all_phases,0.983150325076474,1,gcc_regime_plus_confounds
sub-13,2,PreLOR,0,responsive_vs_lor_all_phases,0.1561331253660845,0,gcc_regime_plus_confounds
sub-13,3,ROR,0,responsive_vs_lor_all_phases,0.026297075019411045,0,gcc_regime_plus_confounds
sub-14,1,Base1,0,responsive_vs_lor_all_phases,0.00039944404212928286,0,gcc_regime_plus_confounds
sub-14,4,Base2,0,responsive_vs_lor_all_phases,0.001790990838594885,0,gcc_regime_plus_confounds
sub-14,2,LOR_task2,1,responsive_vs_lor_all_phases,0.5740614173339803,1,gcc_regime_plus_confounds
sub-14,3,LOR_task3,1,responsive_vs_lor_all_phases,0.6939915525296185,1,gcc_regime_plus_confounds
sub-14,2,PreLOR,0,responsive_vs_lor_all_phases,0.005091343050507852,0,gcc_regime_plus_confounds
sub-15,1,Base1,0,responsive_vs_lor_all_phases,0.01017443276468278,0,gcc_regime_plus_confounds
sub-15,4,Base2,0,responsive_vs_lor_all_phases,0.01787634163775646,0,gcc_regime_plus_confounds
sub-15,2,LOR_task2,1,responsive_vs_lor_all_phases,0.7779524410794374,1,gcc_regime_plus_confounds
sub-15,3,LOR_task3,1,responsive_vs_lor_all_phases,0.351670548909598,0,gcc_regime_plus_confounds
sub-15,2,PreLOR,0,responsive_vs_lor_all_phases,0.1290032603166301,0,gcc_regime_plus_confounds
sub-15,3,ROR,0,responsive_vs_lor_all_phases,0.3422272834689685,0,gcc_regime_plus_confounds
sub-16,1,Base1,0,responsive_vs_lor_all_phases,0.004226993455112266,0,gcc_regime_plus_confounds
sub-16,4,Base2,0,responsive_vs_lor_all_phases,0.01713348749815918,0,gcc_regime_plus_confounds
sub-16,3,LOR_task3,1,responsive_vs_lor_all_phases,0.9998362725005021,1,gcc_regime_plus_confounds
sub-16,2,PreLOR,0,responsive_vs_lor_all_phases,0.3452920385297213,0,gcc_regime_plus_confounds
sub-16,3,ROR,0,responsive_vs_lor_all_phases,0.7670076147295403,1,gcc_regime_plus_confounds
sub-17,1,Base1,0,responsive_vs_lor_all_phases,0.0023897678313283596,0,gcc_regime_plus_confounds
sub-17,4,Base2,0,responsive_vs_lor_all_phases,0.01962434935244639,0,gcc_regime_plus_confounds
sub-17,2,LOR_task2,1,responsive_vs_lor_all_phases,0.9120879400637951,1,gcc_regime_plus_confounds
sub-17,3,LOR_task3,1,responsive_vs_lor_all_phases,0.6014732860895358,1,gcc_regime_plus_confounds
sub-17,2,PreLOR,0,responsive_vs_lor_all_phases,0.20083725731488614,0,gcc_regime_plus_confounds
sub-17,3,ROR,0,responsive_vs_lor_all_phases,0.16824667614069944,0,gcc_regime_plus_confounds
sub-18,1,Base1,0,responsive_vs_lor_all_phases,0.0007615232780837846,0,gcc_regime_plus_confounds
sub-18,4,Base2,0,responsive_vs_lor_all_phases,0.023121542268660457,0,gcc_regime_plus_confounds
sub-18,2,LOR_task2,1,responsive_vs_lor_all_phases,0.8776171437532931,1,gcc_regime_plus_confounds
sub-18,3,LOR_task3,1,responsive_vs_lor_all_phases,0.9935519470463786,1,gcc_regime_plus_confounds
sub-18,2,PreLOR,0,responsive_vs_lor_all_phases,0.01739157904462348,0,gcc_regime_plus_confounds
sub-19,1,Base1,0,responsive_vs_lor_all_phases,0.0034713322596723172,0,gcc_regime_plus_confounds
sub-19,4,Base2,0,responsive_vs_lor_all_phases,0.007544821210821112,0,gcc_regime_plus_confounds
sub-19,2,LOR_task2,1,responsive_vs_lor_all_phases,0.9072512941805939,1,gcc_regime_plus_confounds
sub-19,3,LOR_task3,1,responsive_vs_lor_all_phases,0.13091696289737728,0,gcc_regime_plus_confounds
sub-19,2,PreLOR,0,responsive_vs_lor_all_phases,0.08747007703305908,0,gcc_regime_plus_confounds
sub-19,3,ROR,0,responsive_vs_lor_all_phases,0.05422309483530719,0,gcc_regime_plus_confounds
sub-20,1,Base1,0,responsive_vs_lor_all_phases,0.0176904592827114,0,gcc_regime_plus_confounds
sub-20,4,Base2,0,responsive_vs_lor_all_phases,0.0900410447653986,0,gcc_regime_plus_confounds
sub-20,2,LOR_task2,1,responsive_vs_lor_all_phases,0.9968753790855127,1,gcc_regime_plus_confounds
sub-20,3,LOR_task3,1,responsive_vs_lor_all_phases,0.9986465958331525,1,gcc_regime_plus_confounds
sub-20,2,PreLOR,0,responsive_vs_lor_all_phases,0.8263782812230713,1,gcc_regime_plus_confounds
sub-20,3,ROR,0,responsive_vs_lor_all_phases,0.396565646291861,0,gcc_regime_plus_confounds
sub-21,1,Base1,0,responsive_vs_lor_all_phases,0.005487895919687498,0,gcc_regime_plus_confounds
sub-21,4,Base2,0,responsive_vs_lor_all_phases,0.014009558469300262,0,gcc_regime_plus_confounds
sub-21,2,LOR_task2,1,responsive_vs_lor_all_phases,0.9941516875422276,1,gcc_regime_plus_confounds
sub-21,3,LOR_task3,1,responsive_vs_lor_all_phases,0.993059910349051,1,gcc_regime_plus_confounds
sub-21,2,PreLOR,0,responsive_vs_lor_all_phases,0.47298612678715474,0,gcc_regime_plus_confounds
sub-21,3,ROR,0,responsive_vs_lor_all_phases,0.3593232424301845,0,gcc_regime_plus_confounds
sub-22,1,Base1,0,responsive_vs_lor_all_phases,0.0020812627625732797,0,gcc_regime_plus_confounds
sub-22,4,Base2,0,responsive_vs_lor_all_phases,0.07102102142621497,0,gcc_regime_plus_confounds
sub-22,2,LOR_task2,1,responsive_vs_lor_all_phases,0.9923429809077188,1,gcc_regime_plus_confounds
sub-22,3,LOR_task3,1,responsive_vs_lor_all_phases,0.9972656942023662,1,gcc_regime_plus_confounds
sub-22,2,PreLOR,0,responsive_vs_lor_all_phases,0.7315838478363282,1,gcc_regime_plus_confounds
sub-23,1,Base1,0,responsive_vs_lor_all_phases,0.0006085631822707099,0,gcc_regime_plus_confounds
sub-23,4,Base2,0,responsive_vs_lor_all_phases,0.009732331712199754,0,gcc_regime_plus_confounds
sub-23,2,LOR_task2,1,responsive_vs_lor_all_phases,0.9963485592592225,1,gcc_regime_plus_confounds
sub-23,3,LOR_task3,1,responsive_vs_lor_all_phases,0.9987263498992499,1,gcc_regime_plus_confounds
sub-23,2,PreLOR,0,responsive_vs_lor_all_phases,0.17950269125573792,0,gcc_regime_plus_confounds
sub-23,3,ROR,0,responsive_vs_lor_all_phases,0.05767067993089531,0,gcc_regime_plus_confounds
sub-24,1,Base1,0,responsive_vs_lor_all_phases,0.001990754790117896,0,gcc_regime_plus_confounds
sub-24,4,Base2,0,responsive_vs_lor_all_phases,0.018115697878223473,0,gcc_regime_plus_confounds
sub-24,2,LOR_task2,1,responsive_vs_lor_all_phases,0.9728212520368525,1,gcc_regime_plus_confounds
sub-24,3,LOR_task3,1,responsive_vs_lor_all_phases,0.7216234262569835,1,gcc_regime_plus_confounds
sub-24,2,PreLOR,0,responsive_vs_lor_all_phases,0.02778893295240278,0,gcc_regime_plus_confounds
sub-25,1,Base1,0,responsive_vs_lor_all_phases,0.022230576025925465,0,gcc_regime_plus_confounds
sub-25,4,Base2,0,responsive_vs_lor_all_phases,0.057826672456186064,0,gcc_regime_plus_confounds
sub-25,2,LOR_task2,1,responsive_vs_lor_all_phases,0.9987151006072403,1,gcc_regime_plus_confounds
sub-25,3,LOR_task3,1,responsive_vs_lor_all_phases,0.9762877788415355,1,gcc_regime_plus_confounds
sub-25,2,PreLOR,0,responsive_vs_lor_all_phases,0.7175807892277035,1,gcc_regime_plus_confounds
sub-26,1,Base1,0,responsive_vs_lor_all_phases,0.002405804722181759,0,gcc_regime_plus_confounds
sub-26,4,Base2,0,responsive_vs_lor_all_phases,0.009594295077470793,0,gcc_regime_plus_confounds
sub-26,2,LOR_task2,1,responsive_vs_lor_all_phases,0.96802274630446,1,gcc_regime_plus_confounds
sub-26,3,LOR_task3,1,responsive_vs_lor_all_phases,0.9612795367121065,1,gcc_regime_plus_confounds
sub-26,2,PreLOR,0,responsive_vs_lor_all_phases,0.18842888507472888,0,gcc_regime_plus_confounds
sub-26,3,ROR,0,responsive_vs_lor_all_phases,0.056521301856562255,0,gcc_regime_plus_confounds
sub-27,1,Base1,0,responsive_vs_lor_all_phases,0.0011426233190178399,0,gcc_regime_plus_confounds
sub-27,4,Base2,0,responsive_vs_lor_all_phases,0.031090964486503787,0,gcc_regime_plus_confounds
sub-27,2,LOR_task2,1,responsive_vs_lor_all_phases,0.8414912376395729,1,gcc_regime_plus_confounds
sub-27,3,LOR_task3,1,responsive_vs_lor_all_phases,0.7413474218246825,1,gcc_regime_plus_confounds
sub-27,2,PreLOR,0,responsive_vs_lor_all_phases,0.09690548526675069,0,gcc_regime_plus_confounds
sub-27,3,ROR,0,responsive_vs_lor_all_phases,0.289901117862569,0,gcc_regime_plus_confounds
sub-28,1,Base1,0,responsive_vs_lor_all_phases,0.004316426808509976,0,gcc_regime_plus_confounds
sub-28,4,Base2,0,responsive_vs_lor_all_phases,0.0468231932654045,0,gcc_regime_plus_confounds
sub-28,2,LOR_task2,1,responsive_vs_lor_all_phases,0.9992982166417304,1,gcc_regime_plus_confounds
sub-28,3,LOR_task3,1,responsive_vs_lor_all_phases,0.9903788101739697,1,gcc_regime_plus_confounds
sub-28,2,PreLOR,0,responsive_vs_lor_all_phases,0.7180382044339887,1,gcc_regime_plus_confounds
sub-29,1,Base1,0,responsive_vs_lor_all_phases,0.002873155610983781,0,gcc_regime_plus_confounds
sub-29,2,LOR_task2,1,responsive_vs_lor_all_phases,0.9999749762622592,1,gcc_regime_plus_confounds
sub-29,3,LOR_task3,1,responsive_vs_lor_all_phases,0.9999980904434771,1,gcc_regime_plus_confounds
sub-29,2,PreLOR,0,responsive_vs_lor_all_phases,0.7629093509076189,1,gcc_regime_plus_confounds
sub-30,1,Base1,0,responsive_vs_lor_all_phases,0.005756973099668675,0,gcc_regime_plus_confounds
sub-30,4,Base2,0,responsive_vs_lor_all_phases,0.01849680795234958,0,gcc_regime_plus_confounds
sub-30,2,LOR_task2,1,responsive_vs_lor_all_phases,0.993299822610057,1,gcc_regime_plus_confounds
sub-30,3,LOR_task3,1,responsive_vs_lor_all_phases,0.9872857820463299,1,gcc_regime_plus_confounds
sub-30,2,PreLOR,0,responsive_vs_lor_all_phases,0.9066543309266263,1,gcc_regime_plus_confounds
sub-30,3,ROR,0,responsive_vs_lor_all_phases,0.24569999270286008,0,gcc_regime_plus_confounds
sub-02,1,Base1,0,responsive_vs_lor_all_phases,0.0006333999869682224,0,full_standard_plus_gcc
sub-02,4,Base2,0,responsive_vs_lor_all_phases,0.004544435236775074,0,full_standard_plus_gcc
sub-02,2,LOR_task2,1,responsive_vs_lor_all_phases,0.9379891907908019,1,full_standard_plus_gcc
sub-02,3,LOR_task3,1,responsive_vs_lor_all_phases,0.9123005229049606,1,full_standard_plus_gcc
sub-02,2,PreLOR,0,responsive_vs_lor_all_phases,0.0068905504700475274,0,full_standard_plus_gcc
sub-02,3,ROR,0,responsive_vs_lor_all_phases,0.01999289978028299,0,full_standard_plus_gcc
sub-03,1,Base1,0,responsive_vs_lor_all_phases,0.0011322531911431575,0,full_standard_plus_gcc
sub-03,4,Base2,0,responsive_vs_lor_all_phases,0.019635749358180642,0,full_standard_plus_gcc
sub-03,2,LOR_task2,1,responsive_vs_lor_all_phases,0.9585555853994535,1,full_standard_plus_gcc
sub-03,3,LOR_task3,1,responsive_vs_lor_all_phases,0.8239445523160991,1,full_standard_plus_gcc
sub-03,2,PreLOR,0,responsive_vs_lor_all_phases,0.12518732585496115,0,full_standard_plus_gcc
sub-03,3,ROR,0,responsive_vs_lor_all_phases,0.0503079698010319,0,full_standard_plus_gcc
sub-04,1,Base1,0,responsive_vs_lor_all_phases,0.008155788275871588,0,full_standard_plus_gcc
sub-04,4,Base2,0,responsive_vs_lor_all_phases,0.025870595879092146,0,full_standard_plus_gcc
sub-04,2,LOR_task2,1,responsive_vs_lor_all_phases,0.989512014780963,1,full_standard_plus_gcc
sub-04,3,LOR_task3,1,responsive_vs_lor_all_phases,0.6570554699981564,1,full_standard_plus_gcc
sub-04,2,PreLOR,0,responsive_vs_lor_all_phases,0.5645251944919303,1,full_standard_plus_gcc
sub-04,3,ROR,0,responsive_vs_lor_all_phases,0.022634059854528335,0,full_standard_plus_gcc
sub-05,1,Base1,0,responsive_vs_lor_all_phases,0.011322650885884505,0,full_standard_plus_gcc
sub-05,4,Base2,0,responsive_vs_lor_all_phases,0.046693448933499214,0,full_standard_plus_gcc
sub-05,2,LOR_task2,1,responsive_vs_lor_all_phases,0.9246654815853221,1,full_standard_plus_gcc
sub-05,3,LOR_task3,1,responsive_vs_lor_all_phases,0.8257832693412193,1,full_standard_plus_gcc
sub-05,2,PreLOR,0,responsive_vs_lor_all_phases,0.046272777206665706,0,full_standard_plus_gcc
sub-05,3,ROR,0,responsive_vs_lor_all_phases,0.10539298395280161,0,full_standard_plus_gcc
sub-06,1,Base1,0,responsive_vs_lor_all_phases,0.0005222305063836323,0,full_standard_plus_gcc
sub-06,4,Base2,0,responsive_vs_lor_all_phases,0.008530957575907508,0,full_standard_plus_gcc
sub-06,2,LOR_task2,1,responsive_vs_lor_all_phases,0.9314163880857755,1,full_standard_plus_gcc
sub-06,3,LOR_task3,1,responsive_vs_lor_all_phases,0.27591614199828784,0,full_standard_plus_gcc
sub-06,2,PreLOR,0,responsive_vs_lor_all_phases,0.029439548992659083,0,full_standard_plus_gcc
sub-06,3,ROR,0,responsive_vs_lor_all_phases,0.3631255635902723,0,full_standard_plus_gcc
sub-07,1,Base1,0,responsive_vs_lor_all_phases,0.005559147935042085,0,full_standard_plus_gcc
sub-07,4,Base2,0,responsive_vs_lor_all_phases,0.0041855825103498156,0,full_standard_plus_gcc
sub-07,2,LOR_task2,1,responsive_vs_lor_all_phases,0.9749311523939725,1,full_standard_plus_gcc
sub-07,3,LOR_task3,1,responsive_vs_lor_all_phases,0.8398638881748349,1,full_standard_plus_gcc
sub-07,2,PreLOR,0,responsive_vs_lor_all_phases,0.08065341239625083,0,full_standard_plus_gcc
sub-07,3,ROR,0,responsive_vs_lor_all_phases,0.023266570831050735,0,full_standard_plus_gcc
sub-11,1,Base1,0,responsive_vs_lor_all_phases,0.007053826303240737,0,full_standard_plus_gcc
sub-11,4,Base2,0,responsive_vs_lor_all_phases,0.006018179221572954,0,full_standard_plus_gcc
sub-11,2,LOR_task2,1,responsive_vs_lor_all_phases,0.8023943034030866,1,full_standard_plus_gcc
sub-11,3,LOR_task3,1,responsive_vs_lor_all_phases,0.8655290287484259,1,full_standard_plus_gcc
sub-11,2,PreLOR,0,responsive_vs_lor_all_phases,0.18278012575749586,0,full_standard_plus_gcc
sub-11,3,ROR,0,responsive_vs_lor_all_phases,0.037414058721045126,0,full_standard_plus_gcc
sub-12,1,Base1,0,responsive_vs_lor_all_phases,0.013560048548145765,0,full_standard_plus_gcc
sub-12,4,Base2,0,responsive_vs_lor_all_phases,0.06094280757848718,0,full_standard_plus_gcc
sub-12,2,LOR_task2,1,responsive_vs_lor_all_phases,0.9897243645931701,1,full_standard_plus_gcc
sub-12,3,LOR_task3,1,responsive_vs_lor_all_phases,0.9720530865998479,1,full_standard_plus_gcc
sub-12,2,PreLOR,0,responsive_vs_lor_all_phases,0.27063362476195696,0,full_standard_plus_gcc
sub-12,3,ROR,0,responsive_vs_lor_all_phases,0.03585151730600964,0,full_standard_plus_gcc
sub-13,1,Base1,0,responsive_vs_lor_all_phases,0.0008688617742960263,0,full_standard_plus_gcc
sub-13,4,Base2,0,responsive_vs_lor_all_phases,0.002023882219501632,0,full_standard_plus_gcc
sub-13,2,LOR_task2,1,responsive_vs_lor_all_phases,0.9821150997722878,1,full_standard_plus_gcc
sub-13,3,LOR_task3,1,responsive_vs_lor_all_phases,0.9826832729180711,1,full_standard_plus_gcc
sub-13,2,PreLOR,0,responsive_vs_lor_all_phases,0.1533684637851363,0,full_standard_plus_gcc
sub-13,3,ROR,0,responsive_vs_lor_all_phases,0.02191950650335615,0,full_standard_plus_gcc
sub-14,1,Base1,0,responsive_vs_lor_all_phases,0.0003304208844838044,0,full_standard_plus_gcc
sub-14,4,Base2,0,responsive_vs_lor_all_phases,0.0013644860034988718,0,full_standard_plus_gcc
sub-14,2,LOR_task2,1,responsive_vs_lor_all_phases,0.5634918551519852,1,full_standard_plus_gcc
sub-14,3,LOR_task3,1,responsive_vs_lor_all_phases,0.7005695033765976,1,full_standard_plus_gcc
sub-14,2,PreLOR,0,responsive_vs_lor_all_phases,0.004470412109331773,0,full_standard_plus_gcc
sub-15,1,Base1,0,responsive_vs_lor_all_phases,0.010837869046512141,0,full_standard_plus_gcc
sub-15,4,Base2,0,responsive_vs_lor_all_phases,0.020165009311271378,0,full_standard_plus_gcc
sub-15,2,LOR_task2,1,responsive_vs_lor_all_phases,0.7783528630788143,1,full_standard_plus_gcc
sub-15,3,LOR_task3,1,responsive_vs_lor_all_phases,0.37217651699580756,0,full_standard_plus_gcc
sub-15,2,PreLOR,0,responsive_vs_lor_all_phases,0.13768440405248333,0,full_standard_plus_gcc
sub-15,3,ROR,0,responsive_vs_lor_all_phases,0.3378373490894257,0,full_standard_plus_gcc
sub-16,1,Base1,0,responsive_vs_lor_all_phases,0.003919975533038684,0,full_standard_plus_gcc
sub-16,4,Base2,0,responsive_vs_lor_all_phases,0.015082816553250252,0,full_standard_plus_gcc
sub-16,3,LOR_task3,1,responsive_vs_lor_all_phases,0.9998906726599399,1,full_standard_plus_gcc
sub-16,2,PreLOR,0,responsive_vs_lor_all_phases,0.32851143781758824,0,full_standard_plus_gcc
sub-16,3,ROR,0,responsive_vs_lor_all_phases,0.77614313888251,1,full_standard_plus_gcc
sub-17,1,Base1,0,responsive_vs_lor_all_phases,0.0020604846124387764,0,full_standard_plus_gcc
sub-17,4,Base2,0,responsive_vs_lor_all_phases,0.017471233746121275,0,full_standard_plus_gcc
sub-17,2,LOR_task2,1,responsive_vs_lor_all_phases,0.9052338393393331,1,full_standard_plus_gcc
sub-17,3,LOR_task3,1,responsive_vs_lor_all_phases,0.6073846540462184,1,full_standard_plus_gcc
sub-17,2,PreLOR,0,responsive_vs_lor_all_phases,0.18585425328907987,0,full_standard_plus_gcc
sub-17,3,ROR,0,responsive_vs_lor_all_phases,0.18237369093291805,0,full_standard_plus_gcc
sub-18,1,Base1,0,responsive_vs_lor_all_phases,0.0006524897167795059,0,full_standard_plus_gcc
sub-18,4,Base2,0,responsive_vs_lor_all_phases,0.018606944524147156,0,full_standard_plus_gcc
sub-18,2,LOR_task2,1,responsive_vs_lor_all_phases,0.8700799316185945,1,full_standard_plus_gcc
sub-18,3,LOR_task3,1,responsive_vs_lor_all_phases,0.993520480442562,1,full_standard_plus_gcc
sub-18,2,PreLOR,0,responsive_vs_lor_all_phases,0.01416367375120788,0,full_standard_plus_gcc
sub-19,1,Base1,0,responsive_vs_lor_all_phases,0.003263236846946728,0,full_standard_plus_gcc
sub-19,4,Base2,0,responsive_vs_lor_all_phases,0.0061786895872223534,0,full_standard_plus_gcc
sub-19,2,LOR_task2,1,responsive_vs_lor_all_phases,0.9113390535162714,1,full_standard_plus_gcc
sub-19,3,LOR_task3,1,responsive_vs_lor_all_phases,0.13377604856186825,0,full_standard_plus_gcc
sub-19,2,PreLOR,0,responsive_vs_lor_all_phases,0.08036780009731637,0,full_standard_plus_gcc
sub-19,3,ROR,0,responsive_vs_lor_all_phases,0.05116156875372574,0,full_standard_plus_gcc
sub-20,1,Base1,0,responsive_vs_lor_all_phases,0.01894786086339757,0,full_standard_plus_gcc
sub-20,4,Base2,0,responsive_vs_lor_all_phases,0.08828513813356421,0,full_standard_plus_gcc
sub-20,2,LOR_task2,1,responsive_vs_lor_all_phases,0.9970630093708394,1,full_standard_plus_gcc
sub-20,3,LOR_task3,1,responsive_vs_lor_all_phases,0.9987204340917285,1,full_standard_plus_gcc
sub-20,2,PreLOR,0,responsive_vs_lor_all_phases,0.8282178606280199,1,full_standard_plus_gcc
sub-20,3,ROR,0,responsive_vs_lor_all_phases,0.3954091811636257,0,full_standard_plus_gcc
sub-21,1,Base1,0,responsive_vs_lor_all_phases,0.005853278642288593,0,full_standard_plus_gcc
sub-21,4,Base2,0,responsive_vs_lor_all_phases,0.013011768785340548,0,full_standard_plus_gcc
sub-21,2,LOR_task2,1,responsive_vs_lor_all_phases,0.9945035727803287,1,full_standard_plus_gcc
sub-21,3,LOR_task3,1,responsive_vs_lor_all_phases,0.9929048853655731,1,full_standard_plus_gcc
sub-21,2,PreLOR,0,responsive_vs_lor_all_phases,0.47974863802217105,0,full_standard_plus_gcc
sub-21,3,ROR,0,responsive_vs_lor_all_phases,0.36638642761909973,0,full_standard_plus_gcc
sub-22,1,Base1,0,responsive_vs_lor_all_phases,0.0019299676677623512,0,full_standard_plus_gcc
sub-22,4,Base2,0,responsive_vs_lor_all_phases,0.07183496862160224,0,full_standard_plus_gcc
sub-22,2,LOR_task2,1,responsive_vs_lor_all_phases,0.9922065299467184,1,full_standard_plus_gcc
sub-22,3,LOR_task3,1,responsive_vs_lor_all_phases,0.9973600386047315,1,full_standard_plus_gcc
sub-22,2,PreLOR,0,responsive_vs_lor_all_phases,0.7313563533220219,1,full_standard_plus_gcc
sub-23,1,Base1,0,responsive_vs_lor_all_phases,0.0005112566381638009,0,full_standard_plus_gcc
sub-23,4,Base2,0,responsive_vs_lor_all_phases,0.008247048022989666,0,full_standard_plus_gcc
sub-23,2,LOR_task2,1,responsive_vs_lor_all_phases,0.9962750526685522,1,full_standard_plus_gcc
sub-23,3,LOR_task3,1,responsive_vs_lor_all_phases,0.9988174430071605,1,full_standard_plus_gcc
sub-23,2,PreLOR,0,responsive_vs_lor_all_phases,0.15953138186715074,0,full_standard_plus_gcc
sub-23,3,ROR,0,responsive_vs_lor_all_phases,0.052065880021142125,0,full_standard_plus_gcc
sub-24,1,Base1,0,responsive_vs_lor_all_phases,0.0016508361746807305,0,full_standard_plus_gcc
sub-24,4,Base2,0,responsive_vs_lor_all_phases,0.0183371508966391,0,full_standard_plus_gcc
sub-24,2,LOR_task2,1,responsive_vs_lor_all_phases,0.9693748407612911,1,full_standard_plus_gcc
sub-24,3,LOR_task3,1,responsive_vs_lor_all_phases,0.7127707379128352,1,full_standard_plus_gcc
sub-24,2,PreLOR,0,responsive_vs_lor_all_phases,0.024842292911522543,0,full_standard_plus_gcc
sub-25,1,Base1,0,responsive_vs_lor_all_phases,0.020215790002423635,0,full_standard_plus_gcc
sub-25,4,Base2,0,responsive_vs_lor_all_phases,0.056678499020679014,0,full_standard_plus_gcc
sub-25,2,LOR_task2,1,responsive_vs_lor_all_phases,0.9986223913017477,1,full_standard_plus_gcc
sub-25,3,LOR_task3,1,responsive_vs_lor_all_phases,0.9767213946191717,1,full_standard_plus_gcc
sub-25,2,PreLOR,0,responsive_vs_lor_all_phases,0.7289246472634743,1,full_standard_plus_gcc
sub-26,1,Base1,0,responsive_vs_lor_all_phases,0.002156637841296672,0,full_standard_plus_gcc
sub-26,4,Base2,0,responsive_vs_lor_all_phases,0.009655135286952695,0,full_standard_plus_gcc
sub-26,2,LOR_task2,1,responsive_vs_lor_all_phases,0.9680201045505004,1,full_standard_plus_gcc
sub-26,3,LOR_task3,1,responsive_vs_lor_all_phases,0.9621816180668492,1,full_standard_plus_gcc
sub-26,2,PreLOR,0,responsive_vs_lor_all_phases,0.18293119481283482,0,full_standard_plus_gcc
sub-26,3,ROR,0,responsive_vs_lor_all_phases,0.058242891162229006,0,full_standard_plus_gcc
sub-27,1,Base1,0,responsive_vs_lor_all_phases,0.0009285197006759968,0,full_standard_plus_gcc
sub-27,4,Base2,0,responsive_vs_lor_all_phases,0.03133147915661046,0,full_standard_plus_gcc
sub-27,2,LOR_task2,1,responsive_vs_lor_all_phases,0.8428801803524206,1,full_standard_plus_gcc
sub-27,3,LOR_task3,1,responsive_vs_lor_all_phases,0.741120152049287,1,full_standard_plus_gcc
sub-27,2,PreLOR,0,responsive_vs_lor_all_phases,0.09339553735798109,0,full_standard_plus_gcc
sub-27,3,ROR,0,responsive_vs_lor_all_phases,0.2775838562252265,0,full_standard_plus_gcc
sub-28,1,Base1,0,responsive_vs_lor_all_phases,0.003917694893259663,0,full_standard_plus_gcc
sub-28,4,Base2,0,responsive_vs_lor_all_phases,0.04740581513272416,0,full_standard_plus_gcc
sub-28,2,LOR_task2,1,responsive_vs_lor_all_phases,0.9993944934248198,1,full_standard_plus_gcc
sub-28,3,LOR_task3,1,responsive_vs_lor_all_phases,0.9904300213088267,1,full_standard_plus_gcc
sub-28,2,PreLOR,0,responsive_vs_lor_all_phases,0.7061528627203574,1,full_standard_plus_gcc
sub-29,1,Base1,0,responsive_vs_lor_all_phases,0.0025718772344262837,0,full_standard_plus_gcc
sub-29,2,LOR_task2,1,responsive_vs_lor_all_phases,0.9999742299611533,1,full_standard_plus_gcc
sub-29,3,LOR_task3,1,responsive_vs_lor_all_phases,0.9999981619628058,1,full_standard_plus_gcc
sub-29,2,PreLOR,0,responsive_vs_lor_all_phases,0.7626324373929263,1,full_standard_plus_gcc
sub-30,1,Base1,0,responsive_vs_lor_all_phases,0.0054553027762204356,0,full_standard_plus_gcc
sub-30,4,Base2,0,responsive_vs_lor_all_phases,0.016844088896484068,0,full_standard_plus_gcc
sub-30,2,LOR_task2,1,responsive_vs_lor_all_phases,0.9935663990349618,1,full_standard_plus_gcc
sub-30,3,LOR_task3,1,responsive_vs_lor_all_phases,0.9881677465499322,1,full_standard_plus_gcc
sub-30,2,PreLOR,0,responsive_vs_lor_all_phases,0.9192513210892418,1,full_standard_plus_gcc
sub-30,3,ROR,0,responsive_vs_lor_all_phases,0.23416496330003705,0,full_standard_plus_gcc
sub-02,2,LOR_task2,1,prelor_vs_lor_task2,0.7525205776815093,1,confounds_motion_propofol
sub-02,2,PreLOR,0,prelor_vs_lor_task2,0.03365485251460769,0,confounds_motion_propofol
sub-03,2,LOR_task2,1,prelor_vs_lor_task2,0.9057804374344662,1,confounds_motion_propofol
sub-03,2,PreLOR,0,prelor_vs_lor_task2,0.06563561765606192,0,confounds_motion_propofol
sub-04,2,LOR_task2,1,prelor_vs_lor_task2,0.9313692634014882,1,confounds_motion_propofol
sub-04,2,PreLOR,0,prelor_vs_lor_task2,0.029119945346993557,0,confounds_motion_propofol
sub-05,2,LOR_task2,1,prelor_vs_lor_task2,0.6717735002875717,1,confounds_motion_propofol
sub-05,2,PreLOR,0,prelor_vs_lor_task2,0.045526554527808134,0,confounds_motion_propofol
sub-06,2,LOR_task2,1,prelor_vs_lor_task2,0.7584938488560579,1,confounds_motion_propofol
sub-06,2,PreLOR,0,prelor_vs_lor_task2,0.07648547144891717,0,confounds_motion_propofol
sub-07,2,LOR_task2,1,prelor_vs_lor_task2,0.8163616649052664,1,confounds_motion_propofol
sub-07,2,PreLOR,0,prelor_vs_lor_task2,0.07058980973053126,0,confounds_motion_propofol
sub-11,2,LOR_task2,1,prelor_vs_lor_task2,0.7063657332680834,1,confounds_motion_propofol
sub-11,2,PreLOR,0,prelor_vs_lor_task2,0.05609624956487051,0,confounds_motion_propofol
sub-12,2,LOR_task2,1,prelor_vs_lor_task2,0.8385066466830556,1,confounds_motion_propofol
sub-12,2,PreLOR,0,prelor_vs_lor_task2,0.05572199242245225,0,confounds_motion_propofol
sub-13,2,LOR_task2,1,prelor_vs_lor_task2,0.9258869351833845,1,confounds_motion_propofol
sub-13,2,PreLOR,0,prelor_vs_lor_task2,0.03460494063672344,0,confounds_motion_propofol
sub-14,2,LOR_task2,1,prelor_vs_lor_task2,0.525461474797867,1,confounds_motion_propofol
sub-14,2,PreLOR,0,prelor_vs_lor_task2,0.022540493904861028,0,confounds_motion_propofol
sub-15,2,LOR_task2,1,prelor_vs_lor_task2,0.10727620162998305,0,confounds_motion_propofol
sub-15,2,PreLOR,0,prelor_vs_lor_task2,0.008545259018770105,0,confounds_motion_propofol
sub-17,2,LOR_task2,1,prelor_vs_lor_task2,0.6466928148171885,1,confounds_motion_propofol
sub-17,2,PreLOR,0,prelor_vs_lor_task2,0.11006294555141707,0,confounds_motion_propofol
sub-18,2,LOR_task2,1,prelor_vs_lor_task2,0.9134058737552668,1,confounds_motion_propofol
sub-18,2,PreLOR,0,prelor_vs_lor_task2,0.056344381329428095,0,confounds_motion_propofol
sub-19,2,LOR_task2,1,prelor_vs_lor_task2,0.9284219327843426,1,confounds_motion_propofol
sub-19,2,PreLOR,0,prelor_vs_lor_task2,0.1415517359923837,0,confounds_motion_propofol
sub-20,2,LOR_task2,1,prelor_vs_lor_task2,0.9991838479819833,1,confounds_motion_propofol
sub-20,2,PreLOR,0,prelor_vs_lor_task2,0.25217012202544803,0,confounds_motion_propofol
sub-21,2,LOR_task2,1,prelor_vs_lor_task2,0.9708446295091626,1,confounds_motion_propofol
sub-21,2,PreLOR,0,prelor_vs_lor_task2,0.21330437016397957,0,confounds_motion_propofol
sub-22,2,LOR_task2,1,prelor_vs_lor_task2,0.9938448122449024,1,confounds_motion_propofol
sub-22,2,PreLOR,0,prelor_vs_lor_task2,0.2994986319890577,0,confounds_motion_propofol
sub-23,2,LOR_task2,1,prelor_vs_lor_task2,0.9758562844964829,1,confounds_motion_propofol
sub-23,2,PreLOR,0,prelor_vs_lor_task2,0.20432043224081542,0,confounds_motion_propofol
sub-24,2,LOR_task2,1,prelor_vs_lor_task2,0.9089899469017804,1,confounds_motion_propofol
sub-24,2,PreLOR,0,prelor_vs_lor_task2,0.22077818616561123,0,confounds_motion_propofol
sub-25,2,LOR_task2,1,prelor_vs_lor_task2,0.9932192085695841,1,confounds_motion_propofol
sub-25,2,PreLOR,0,prelor_vs_lor_task2,0.30830069482413985,0,confounds_motion_propofol
sub-26,2,LOR_task2,1,prelor_vs_lor_task2,0.9196731254747986,1,confounds_motion_propofol
sub-26,2,PreLOR,0,prelor_vs_lor_task2,0.2136585435961215,0,confounds_motion_propofol
sub-27,2,LOR_task2,1,prelor_vs_lor_task2,0.8110349793673489,1,confounds_motion_propofol
sub-27,2,PreLOR,0,prelor_vs_lor_task2,0.08459883769911533,0,confounds_motion_propofol
sub-28,2,LOR_task2,1,prelor_vs_lor_task2,0.9825925852524602,1,confounds_motion_propofol
sub-28,2,PreLOR,0,prelor_vs_lor_task2,0.36780371495300956,0,confounds_motion_propofol
sub-29,2,LOR_task2,1,prelor_vs_lor_task2,0.9999364827243131,1,confounds_motion_propofol
sub-29,2,PreLOR,0,prelor_vs_lor_task2,0.442537469406922,0,confounds_motion_propofol
sub-30,2,LOR_task2,1,prelor_vs_lor_task2,0.9028068962608192,1,confounds_motion_propofol
sub-30,2,PreLOR,0,prelor_vs_lor_task2,0.24756502778450606,0,confounds_motion_propofol
sub-02,2,LOR_task2,1,prelor_vs_lor_task2,0.7737929843006627,1,standard_fc_plus_confounds
sub-02,2,PreLOR,0,prelor_vs_lor_task2,0.021829465772595518,0,standard_fc_plus_confounds
sub-03,2,LOR_task2,1,prelor_vs_lor_task2,0.9221121856306653,1,standard_fc_plus_confounds
sub-03,2,PreLOR,0,prelor_vs_lor_task2,0.04325559950142845,0,standard_fc_plus_confounds
sub-04,2,LOR_task2,1,prelor_vs_lor_task2,0.947066606718074,1,standard_fc_plus_confounds
sub-04,2,PreLOR,0,prelor_vs_lor_task2,0.05702198702466537,0,standard_fc_plus_confounds
sub-05,2,LOR_task2,1,prelor_vs_lor_task2,0.6746567105416424,1,standard_fc_plus_confounds
sub-05,2,PreLOR,0,prelor_vs_lor_task2,0.05465137051857944,0,standard_fc_plus_confounds
sub-06,2,LOR_task2,1,prelor_vs_lor_task2,0.6725834656836108,1,standard_fc_plus_confounds
sub-06,2,PreLOR,0,prelor_vs_lor_task2,0.05477514110573983,0,standard_fc_plus_confounds
sub-07,2,LOR_task2,1,prelor_vs_lor_task2,0.8473270023862894,1,standard_fc_plus_confounds
sub-07,2,PreLOR,0,prelor_vs_lor_task2,0.06129762978679837,0,standard_fc_plus_confounds
sub-11,2,LOR_task2,1,prelor_vs_lor_task2,0.6881139842880044,1,standard_fc_plus_confounds
sub-11,2,PreLOR,0,prelor_vs_lor_task2,0.08011523479390568,0,standard_fc_plus_confounds
sub-12,2,LOR_task2,1,prelor_vs_lor_task2,0.8777125958086072,1,standard_fc_plus_confounds
sub-12,2,PreLOR,0,prelor_vs_lor_task2,0.09455091105363533,0,standard_fc_plus_confounds
sub-13,2,LOR_task2,1,prelor_vs_lor_task2,0.9343969250357614,1,standard_fc_plus_confounds
sub-13,2,PreLOR,0,prelor_vs_lor_task2,0.04113905593200946,0,standard_fc_plus_confounds
sub-14,2,LOR_task2,1,prelor_vs_lor_task2,0.5006506960110728,1,standard_fc_plus_confounds
sub-14,2,PreLOR,0,prelor_vs_lor_task2,0.011998272719767982,0,standard_fc_plus_confounds
sub-15,2,LOR_task2,1,prelor_vs_lor_task2,0.1466159363648315,0,standard_fc_plus_confounds
sub-15,2,PreLOR,0,prelor_vs_lor_task2,0.02032707563408483,0,standard_fc_plus_confounds
sub-17,2,LOR_task2,1,prelor_vs_lor_task2,0.7469983157630276,1,standard_fc_plus_confounds
sub-17,2,PreLOR,0,prelor_vs_lor_task2,0.08800741108905355,0,standard_fc_plus_confounds
sub-18,2,LOR_task2,1,prelor_vs_lor_task2,0.7994321110114492,1,standard_fc_plus_confounds
sub-18,2,PreLOR,0,prelor_vs_lor_task2,0.01700514841798568,0,standard_fc_plus_confounds
sub-19,2,LOR_task2,1,prelor_vs_lor_task2,0.9274037177706873,1,standard_fc_plus_confounds
sub-19,2,PreLOR,0,prelor_vs_lor_task2,0.12913659184825838,0,standard_fc_plus_confounds
sub-20,2,LOR_task2,1,prelor_vs_lor_task2,0.9988353779528237,1,standard_fc_plus_confounds
sub-20,2,PreLOR,0,prelor_vs_lor_task2,0.29660351990650397,0,standard_fc_plus_confounds
sub-21,2,LOR_task2,1,prelor_vs_lor_task2,0.9790211184431534,1,standard_fc_plus_confounds
sub-21,2,PreLOR,0,prelor_vs_lor_task2,0.19994862822685677,0,standard_fc_plus_confounds
sub-22,2,LOR_task2,1,prelor_vs_lor_task2,0.9956717531085196,1,standard_fc_plus_confounds
sub-22,2,PreLOR,0,prelor_vs_lor_task2,0.40396998894231645,0,standard_fc_plus_confounds
sub-23,2,LOR_task2,1,prelor_vs_lor_task2,0.9832568887969666,1,standard_fc_plus_confounds
sub-23,2,PreLOR,0,prelor_vs_lor_task2,0.12882628516242403,0,standard_fc_plus_confounds
sub-24,2,LOR_task2,1,prelor_vs_lor_task2,0.7979028837108946,1,standard_fc_plus_confounds
sub-24,2,PreLOR,0,prelor_vs_lor_task2,0.06898070025650428,0,standard_fc_plus_confounds
sub-25,2,LOR_task2,1,prelor_vs_lor_task2,0.995585386209931,1,standard_fc_plus_confounds
sub-25,2,PreLOR,0,prelor_vs_lor_task2,0.3533651874569573,0,standard_fc_plus_confounds
sub-26,2,LOR_task2,1,prelor_vs_lor_task2,0.9312978451281829,1,standard_fc_plus_confounds
sub-26,2,PreLOR,0,prelor_vs_lor_task2,0.17300856045397,0,standard_fc_plus_confounds
sub-27,2,LOR_task2,1,prelor_vs_lor_task2,0.8609391384762615,1,standard_fc_plus_confounds
sub-27,2,PreLOR,0,prelor_vs_lor_task2,0.0282603087964228,0,standard_fc_plus_confounds
sub-28,2,LOR_task2,1,prelor_vs_lor_task2,0.9831304491066547,1,standard_fc_plus_confounds
sub-28,2,PreLOR,0,prelor_vs_lor_task2,0.41561943536230306,0,standard_fc_plus_confounds
sub-29,2,LOR_task2,1,prelor_vs_lor_task2,0.999909960086441,1,standard_fc_plus_confounds
sub-29,2,PreLOR,0,prelor_vs_lor_task2,0.3580563051268099,0,standard_fc_plus_confounds
sub-30,2,LOR_task2,1,prelor_vs_lor_task2,0.9451649531308552,1,standard_fc_plus_confounds
sub-30,2,PreLOR,0,prelor_vs_lor_task2,0.3368104299022346,0,standard_fc_plus_confounds
sub-02,2,LOR_task2,1,prelor_vs_lor_task2,0.7902233327113524,1,gcc_core_plus_confounds
sub-02,2,PreLOR,0,prelor_vs_lor_task2,0.012070410296428755,0,gcc_core_plus_confounds
sub-03,2,LOR_task2,1,prelor_vs_lor_task2,0.9162806466227534,1,gcc_core_plus_confounds
sub-03,2,PreLOR,0,prelor_vs_lor_task2,0.041785864521974476,0,gcc_core_plus_confounds
sub-04,2,LOR_task2,1,prelor_vs_lor_task2,0.9577588827309923,1,gcc_core_plus_confounds
sub-04,2,PreLOR,0,prelor_vs_lor_task2,0.1051869393616749,0,gcc_core_plus_confounds
sub-05,2,LOR_task2,1,prelor_vs_lor_task2,0.6569981525061439,1,gcc_core_plus_confounds
sub-05,2,PreLOR,0,prelor_vs_lor_task2,0.03333205780006901,0,gcc_core_plus_confounds
sub-06,2,LOR_task2,1,prelor_vs_lor_task2,0.726159899199979,1,gcc_core_plus_confounds
sub-06,2,PreLOR,0,prelor_vs_lor_task2,0.039722573155777166,0,gcc_core_plus_confounds
sub-07,2,LOR_task2,1,prelor_vs_lor_task2,0.8745847643511149,1,gcc_core_plus_confounds
sub-07,2,PreLOR,0,prelor_vs_lor_task2,0.04381001401970679,0,gcc_core_plus_confounds
sub-11,2,LOR_task2,1,prelor_vs_lor_task2,0.6922043018754774,1,gcc_core_plus_confounds
sub-11,2,PreLOR,0,prelor_vs_lor_task2,0.08574281164897567,0,gcc_core_plus_confounds
sub-12,2,LOR_task2,1,prelor_vs_lor_task2,0.8916095633156699,1,gcc_core_plus_confounds
sub-12,2,PreLOR,0,prelor_vs_lor_task2,0.10412637324091219,0,gcc_core_plus_confounds
sub-13,2,LOR_task2,1,prelor_vs_lor_task2,0.9396623318598787,1,gcc_core_plus_confounds
sub-13,2,PreLOR,0,prelor_vs_lor_task2,0.04222779485019282,0,gcc_core_plus_confounds
sub-14,2,LOR_task2,1,prelor_vs_lor_task2,0.44731165999805644,0,gcc_core_plus_confounds
sub-14,2,PreLOR,0,prelor_vs_lor_task2,0.005948775794234691,0,gcc_core_plus_confounds
sub-15,2,LOR_task2,1,prelor_vs_lor_task2,0.2085775970495071,0,gcc_core_plus_confounds
sub-15,2,PreLOR,0,prelor_vs_lor_task2,0.040012173764112514,0,gcc_core_plus_confounds
sub-17,2,LOR_task2,1,prelor_vs_lor_task2,0.7924393013646673,1,gcc_core_plus_confounds
sub-17,2,PreLOR,0,prelor_vs_lor_task2,0.06171005179272609,0,gcc_core_plus_confounds
sub-18,2,LOR_task2,1,prelor_vs_lor_task2,0.7167949525698973,1,gcc_core_plus_confounds
sub-18,2,PreLOR,0,prelor_vs_lor_task2,0.008693618234944283,0,gcc_core_plus_confounds
sub-19,2,LOR_task2,1,prelor_vs_lor_task2,0.9083890345173681,1,gcc_core_plus_confounds
sub-19,2,PreLOR,0,prelor_vs_lor_task2,0.0801938847685472,0,gcc_core_plus_confounds
sub-20,2,LOR_task2,1,prelor_vs_lor_task2,0.9960660784122295,1,gcc_core_plus_confounds
sub-20,2,PreLOR,0,prelor_vs_lor_task2,0.35425708997557465,0,gcc_core_plus_confounds
sub-21,2,LOR_task2,1,prelor_vs_lor_task2,0.9818214148803764,1,gcc_core_plus_confounds
sub-21,2,PreLOR,0,prelor_vs_lor_task2,0.19816604546415775,0,gcc_core_plus_confounds
sub-22,2,LOR_task2,1,prelor_vs_lor_task2,0.9926967738326894,1,gcc_core_plus_confounds
sub-22,2,PreLOR,0,prelor_vs_lor_task2,0.40884590923918074,0,gcc_core_plus_confounds
sub-23,2,LOR_task2,1,prelor_vs_lor_task2,0.9870398478645009,1,gcc_core_plus_confounds
sub-23,2,PreLOR,0,prelor_vs_lor_task2,0.09948471670618016,0,gcc_core_plus_confounds
sub-24,2,LOR_task2,1,prelor_vs_lor_task2,0.8565350344880842,1,gcc_core_plus_confounds
sub-24,2,PreLOR,0,prelor_vs_lor_task2,0.040134062921384966,0,gcc_core_plus_confounds
sub-25,2,LOR_task2,1,prelor_vs_lor_task2,0.9962020979920119,1,gcc_core_plus_confounds
sub-25,2,PreLOR,0,prelor_vs_lor_task2,0.31510940699420986,0,gcc_core_plus_confounds
sub-26,2,LOR_task2,1,prelor_vs_lor_task2,0.9301836373006798,1,gcc_core_plus_confounds
sub-26,2,PreLOR,0,prelor_vs_lor_task2,0.13098980285954936,0,gcc_core_plus_confounds
sub-27,2,LOR_task2,1,prelor_vs_lor_task2,0.8370903520251123,1,gcc_core_plus_confounds
sub-27,2,PreLOR,0,prelor_vs_lor_task2,0.03079122723459802,0,gcc_core_plus_confounds
sub-28,2,LOR_task2,1,prelor_vs_lor_task2,0.9912301926693922,1,gcc_core_plus_confounds
sub-28,2,PreLOR,0,prelor_vs_lor_task2,0.3787800920547107,0,gcc_core_plus_confounds
sub-29,2,LOR_task2,1,prelor_vs_lor_task2,0.9999063828964004,1,gcc_core_plus_confounds
sub-29,2,PreLOR,0,prelor_vs_lor_task2,0.33053945744971297,0,gcc_core_plus_confounds
sub-30,2,LOR_task2,1,prelor_vs_lor_task2,0.9671749329099697,1,gcc_core_plus_confounds
sub-30,2,PreLOR,0,prelor_vs_lor_task2,0.4623308095124235,0,gcc_core_plus_confounds
sub-02,2,LOR_task2,1,prelor_vs_lor_task2,0.7949680468840263,1,gcc_regime_plus_confounds
sub-02,2,PreLOR,0,prelor_vs_lor_task2,0.01065033442870887,0,gcc_regime_plus_confounds
sub-03,2,LOR_task2,1,prelor_vs_lor_task2,0.9072982653638887,1,gcc_regime_plus_confounds
sub-03,2,PreLOR,0,prelor_vs_lor_task2,0.0625298371068473,0,gcc_regime_plus_confounds
sub-04,2,LOR_task2,1,prelor_vs_lor_task2,0.9635698855234897,1,gcc_regime_plus_confounds
sub-04,2,PreLOR,0,prelor_vs_lor_task2,0.10997156125888914,0,gcc_regime_plus_confounds
sub-05,2,LOR_task2,1,prelor_vs_lor_task2,0.6711902964415681,1,gcc_regime_plus_confounds
sub-05,2,PreLOR,0,prelor_vs_lor_task2,0.0348353017131111,0,gcc_regime_plus_confounds
sub-06,2,LOR_task2,1,prelor_vs_lor_task2,0.7231680158480805,1,gcc_regime_plus_confounds
sub-06,2,PreLOR,0,prelor_vs_lor_task2,0.038439724519084874,0,gcc_regime_plus_confounds
sub-07,2,LOR_task2,1,prelor_vs_lor_task2,0.8675514627454919,1,gcc_regime_plus_confounds
sub-07,2,PreLOR,0,prelor_vs_lor_task2,0.05135035515731696,0,gcc_regime_plus_confounds
sub-11,2,LOR_task2,1,prelor_vs_lor_task2,0.6702504859973346,1,gcc_regime_plus_confounds
sub-11,2,PreLOR,0,prelor_vs_lor_task2,0.06133727996890248,0,gcc_regime_plus_confounds
sub-12,2,LOR_task2,1,prelor_vs_lor_task2,0.8873759269700133,1,gcc_regime_plus_confounds
sub-12,2,PreLOR,0,prelor_vs_lor_task2,0.10342183795662542,0,gcc_regime_plus_confounds
sub-13,2,LOR_task2,1,prelor_vs_lor_task2,0.9436680579077248,1,gcc_regime_plus_confounds
sub-13,2,PreLOR,0,prelor_vs_lor_task2,0.04118294520865792,0,gcc_regime_plus_confounds
sub-14,2,LOR_task2,1,prelor_vs_lor_task2,0.4517156799836884,0,gcc_regime_plus_confounds
sub-14,2,PreLOR,0,prelor_vs_lor_task2,0.005238337785333418,0,gcc_regime_plus_confounds
sub-15,2,LOR_task2,1,prelor_vs_lor_task2,0.2022224650591093,0,gcc_regime_plus_confounds
sub-15,2,PreLOR,0,prelor_vs_lor_task2,0.03840909830869264,0,gcc_regime_plus_confounds
sub-17,2,LOR_task2,1,prelor_vs_lor_task2,0.8091828590147023,1,gcc_regime_plus_confounds
sub-17,2,PreLOR,0,prelor_vs_lor_task2,0.06141813823950705,0,gcc_regime_plus_confounds
sub-18,2,LOR_task2,1,prelor_vs_lor_task2,0.7064938138320005,1,gcc_regime_plus_confounds
sub-18,2,PreLOR,0,prelor_vs_lor_task2,0.007848925410634457,0,gcc_regime_plus_confounds
sub-19,2,LOR_task2,1,prelor_vs_lor_task2,0.8985464406909692,1,gcc_regime_plus_confounds
sub-19,2,PreLOR,0,prelor_vs_lor_task2,0.07766528303941964,0,gcc_regime_plus_confounds
sub-20,2,LOR_task2,1,prelor_vs_lor_task2,0.9967798260134543,1,gcc_regime_plus_confounds
sub-20,2,PreLOR,0,prelor_vs_lor_task2,0.3415198260091108,0,gcc_regime_plus_confounds
sub-21,2,LOR_task2,1,prelor_vs_lor_task2,0.9812176806590553,1,gcc_regime_plus_confounds
sub-21,2,PreLOR,0,prelor_vs_lor_task2,0.190895718226663,0,gcc_regime_plus_confounds
sub-22,2,LOR_task2,1,prelor_vs_lor_task2,0.9926827001861133,1,gcc_regime_plus_confounds
sub-22,2,PreLOR,0,prelor_vs_lor_task2,0.41457191308324653,0,gcc_regime_plus_confounds
sub-23,2,LOR_task2,1,prelor_vs_lor_task2,0.9872317590557286,1,gcc_regime_plus_confounds
sub-23,2,PreLOR,0,prelor_vs_lor_task2,0.09584463519061111,0,gcc_regime_plus_confounds
sub-24,2,LOR_task2,1,prelor_vs_lor_task2,0.832584000056495,1,gcc_regime_plus_confounds
sub-24,2,PreLOR,0,prelor_vs_lor_task2,0.0569963332150686,0,gcc_regime_plus_confounds
sub-25,2,LOR_task2,1,prelor_vs_lor_task2,0.9956344687474481,1,gcc_regime_plus_confounds
sub-25,2,PreLOR,0,prelor_vs_lor_task2,0.3309896704051925,0,gcc_regime_plus_confounds
sub-26,2,LOR_task2,1,prelor_vs_lor_task2,0.9350543744151937,1,gcc_regime_plus_confounds
sub-26,2,PreLOR,0,prelor_vs_lor_task2,0.12034586177670908,0,gcc_regime_plus_confounds
sub-27,2,LOR_task2,1,prelor_vs_lor_task2,0.7943336978176121,1,gcc_regime_plus_confounds
sub-27,2,PreLOR,0,prelor_vs_lor_task2,0.042420659477746404,0,gcc_regime_plus_confounds
sub-28,2,LOR_task2,1,prelor_vs_lor_task2,0.9924022380628995,1,gcc_regime_plus_confounds
sub-28,2,PreLOR,0,prelor_vs_lor_task2,0.37445836648329617,0,gcc_regime_plus_confounds
sub-29,2,LOR_task2,1,prelor_vs_lor_task2,0.9999040901713705,1,gcc_regime_plus_confounds
sub-29,2,PreLOR,0,prelor_vs_lor_task2,0.3414169185600607,0,gcc_regime_plus_confounds
sub-30,2,LOR_task2,1,prelor_vs_lor_task2,0.9736073826080454,1,gcc_regime_plus_confounds
sub-30,2,PreLOR,0,prelor_vs_lor_task2,0.571121312198123,1,gcc_regime_plus_confounds
sub-02,2,LOR_task2,1,prelor_vs_lor_task2,0.7881516179268342,1,full_standard_plus_gcc
sub-02,2,PreLOR,0,prelor_vs_lor_task2,0.010184671596829424,0,full_standard_plus_gcc
sub-03,2,LOR_task2,1,prelor_vs_lor_task2,0.9046750782252867,1,full_standard_plus_gcc
sub-03,2,PreLOR,0,prelor_vs_lor_task2,0.06331282546607514,0,full_standard_plus_gcc
sub-04,2,LOR_task2,1,prelor_vs_lor_task2,0.9635775981202601,1,full_standard_plus_gcc
sub-04,2,PreLOR,0,prelor_vs_lor_task2,0.11568246180970593,0,full_standard_plus_gcc
sub-05,2,LOR_task2,1,prelor_vs_lor_task2,0.6816121463391068,1,full_standard_plus_gcc
sub-05,2,PreLOR,0,prelor_vs_lor_task2,0.03436034243170661,0,full_standard_plus_gcc
sub-06,2,LOR_task2,1,prelor_vs_lor_task2,0.7203835082046243,1,full_standard_plus_gcc
sub-06,2,PreLOR,0,prelor_vs_lor_task2,0.03655762753582498,0,full_standard_plus_gcc
sub-07,2,LOR_task2,1,prelor_vs_lor_task2,0.8719504153999501,1,full_standard_plus_gcc
sub-07,2,PreLOR,0,prelor_vs_lor_task2,0.05009564082819988,0,full_standard_plus_gcc
sub-11,2,LOR_task2,1,prelor_vs_lor_task2,0.6614407226999682,1,full_standard_plus_gcc
sub-11,2,PreLOR,0,prelor_vs_lor_task2,0.07101153321745939,0,full_standard_plus_gcc
sub-12,2,LOR_task2,1,prelor_vs_lor_task2,0.8898028389354683,1,full_standard_plus_gcc
sub-12,2,PreLOR,0,prelor_vs_lor_task2,0.10154985171689271,0,full_standard_plus_gcc
sub-13,2,LOR_task2,1,prelor_vs_lor_task2,0.9418629460672889,1,full_standard_plus_gcc
sub-13,2,PreLOR,0,prelor_vs_lor_task2,0.040335111402374765,0,full_standard_plus_gcc
sub-14,2,LOR_task2,1,prelor_vs_lor_task2,0.44248028641808934,0,full_standard_plus_gcc
sub-14,2,PreLOR,0,prelor_vs_lor_task2,0.004961748121539331,0,full_standard_plus_gcc
sub-15,2,LOR_task2,1,prelor_vs_lor_task2,0.2066354437841869,0,full_standard_plus_gcc
sub-15,2,PreLOR,0,prelor_vs_lor_task2,0.041843399695234706,0,full_standard_plus_gcc
sub-17,2,LOR_task2,1,prelor_vs_lor_task2,0.800276529212846,1,full_standard_plus_gcc
sub-17,2,PreLOR,0,prelor_vs_lor_task2,0.05619202183715988,0,full_standard_plus_gcc
sub-18,2,LOR_task2,1,prelor_vs_lor_task2,0.6998052470094597,1,full_standard_plus_gcc
sub-18,2,PreLOR,0,prelor_vs_lor_task2,0.007128143638523732,0,full_standard_plus_gcc
sub-19,2,LOR_task2,1,prelor_vs_lor_task2,0.9001678222538426,1,full_standard_plus_gcc
sub-19,2,PreLOR,0,prelor_vs_lor_task2,0.07290551798598671,0,full_standard_plus_gcc
sub-20,2,LOR_task2,1,prelor_vs_lor_task2,0.9965011428995832,1,full_standard_plus_gcc
sub-20,2,PreLOR,0,prelor_vs_lor_task2,0.3424621112867096,0,full_standard_plus_gcc
sub-21,2,LOR_task2,1,prelor_vs_lor_task2,0.9819525627936229,1,full_standard_plus_gcc
sub-21,2,PreLOR,0,prelor_vs_lor_task2,0.1915759173059232,0,full_standard_plus_gcc
sub-22,2,LOR_task2,1,prelor_vs_lor_task2,0.9922624577518359,1,full_standard_plus_gcc
sub-22,2,PreLOR,0,prelor_vs_lor_task2,0.4192071466535534,0,full_standard_plus_gcc
sub-23,2,LOR_task2,1,prelor_vs_lor_task2,0.9872553451400593,1,full_standard_plus_gcc
sub-23,2,PreLOR,0,prelor_vs_lor_task2,0.09063269111738265,0,full_standard_plus_gcc
sub-24,2,LOR_task2,1,prelor_vs_lor_task2,0.8364513411535321,1,full_standard_plus_gcc
sub-24,2,PreLOR,0,prelor_vs_lor_task2,0.05389516521661726,0,full_standard_plus_gcc
sub-25,2,LOR_task2,1,prelor_vs_lor_task2,0.9955708940508774,1,full_standard_plus_gcc
sub-25,2,PreLOR,0,prelor_vs_lor_task2,0.3312221004619468,0,full_standard_plus_gcc
sub-26,2,LOR_task2,1,prelor_vs_lor_task2,0.9346974956923635,1,full_standard_plus_gcc
sub-26,2,PreLOR,0,prelor_vs_lor_task2,0.11880632658878082,0,full_standard_plus_gcc
sub-27,2,LOR_task2,1,prelor_vs_lor_task2,0.7950174770716708,1,full_standard_plus_gcc
sub-27,2,PreLOR,0,prelor_vs_lor_task2,0.044243513753967956,0,full_standard_plus_gcc
sub-28,2,LOR_task2,1,prelor_vs_lor_task2,0.9929858364127865,1,full_standard_plus_gcc
sub-28,2,PreLOR,0,prelor_vs_lor_task2,0.36514366319338654,0,full_standard_plus_gcc
sub-29,2,LOR_task2,1,prelor_vs_lor_task2,0.9999016238169143,1,full_standard_plus_gcc
sub-29,2,PreLOR,0,prelor_vs_lor_task2,0.33943074221644565,0,full_standard_plus_gcc
sub-30,2,LOR_task2,1,prelor_vs_lor_task2,0.9750340539245032,1,full_standard_plus_gcc
sub-30,2,PreLOR,0,prelor_vs_lor_task2,0.5959998982049145,1,full_standard_plus_gcc
sub-02,3,LOR_task3,1,lor_vs_ror_task3,0.9460942267945133,1,confounds_motion_propofol
sub-02,3,ROR,0,lor_vs_ror_task3,0.04375568809877146,0,confounds_motion_propofol
sub-03,3,LOR_task3,1,lor_vs_ror_task3,0.9607171180198206,1,confounds_motion_propofol
sub-03,3,ROR,0,lor_vs_ror_task3,0.09150916242869243,0,confounds_motion_propofol
sub-04,3,LOR_task3,1,lor_vs_ror_task3,0.8778033136834767,1,confounds_motion_propofol
sub-04,3,ROR,0,lor_vs_ror_task3,0.028324118023070333,0,confounds_motion_propofol
sub-05,3,LOR_task3,1,lor_vs_ror_task3,0.9077610626815816,1,confounds_motion_propofol
sub-05,3,ROR,0,lor_vs_ror_task3,0.04747687029011058,0,confounds_motion_propofol
sub-06,3,LOR_task3,1,lor_vs_ror_task3,0.8817701229300449,1,confounds_motion_propofol
sub-06,3,ROR,0,lor_vs_ror_task3,0.03302274473801315,0,confounds_motion_propofol
sub-07,3,LOR_task3,1,lor_vs_ror_task3,0.8637853988701214,1,confounds_motion_propofol
sub-07,3,ROR,0,lor_vs_ror_task3,0.01950907192231328,0,confounds_motion_propofol
sub-11,3,LOR_task3,1,lor_vs_ror_task3,0.6465690694907843,1,confounds_motion_propofol
sub-11,3,ROR,0,lor_vs_ror_task3,0.03633915537807975,0,confounds_motion_propofol
sub-12,3,LOR_task3,1,lor_vs_ror_task3,0.9233321605584566,1,confounds_motion_propofol
sub-12,3,ROR,0,lor_vs_ror_task3,0.08556946448001451,0,confounds_motion_propofol
sub-13,3,LOR_task3,1,lor_vs_ror_task3,0.9779768541225823,1,confounds_motion_propofol
sub-13,3,ROR,0,lor_vs_ror_task3,0.2597788424697176,0,confounds_motion_propofol
sub-15,3,LOR_task3,1,lor_vs_ror_task3,0.16912073525753518,0,confounds_motion_propofol
sub-15,3,ROR,0,lor_vs_ror_task3,0.008377593122528575,0,confounds_motion_propofol
sub-16,3,LOR_task3,1,lor_vs_ror_task3,0.9995756029929362,1,confounds_motion_propofol
sub-16,3,ROR,0,lor_vs_ror_task3,0.6969910052441973,1,confounds_motion_propofol
sub-17,3,LOR_task3,1,lor_vs_ror_task3,0.7377931511267547,1,confounds_motion_propofol
sub-17,3,ROR,0,lor_vs_ror_task3,0.037728838959994196,0,confounds_motion_propofol
sub-19,3,LOR_task3,1,lor_vs_ror_task3,0.060934737369015106,0,confounds_motion_propofol
sub-19,3,ROR,0,lor_vs_ror_task3,0.06232355615360831,0,confounds_motion_propofol
sub-20,3,LOR_task3,1,lor_vs_ror_task3,0.9993158171574382,1,confounds_motion_propofol
sub-20,3,ROR,0,lor_vs_ror_task3,0.49702018865819464,0,confounds_motion_propofol
sub-21,3,LOR_task3,1,lor_vs_ror_task3,0.9973422251877887,1,confounds_motion_propofol
sub-21,3,ROR,0,lor_vs_ror_task3,0.2504182798237768,0,confounds_motion_propofol
sub-23,3,LOR_task3,1,lor_vs_ror_task3,0.9974658192742504,1,confounds_motion_propofol
sub-23,3,ROR,0,lor_vs_ror_task3,0.09149380697756794,0,confounds_motion_propofol
sub-26,3,LOR_task3,1,lor_vs_ror_task3,0.9815051429127438,1,confounds_motion_propofol
sub-26,3,ROR,0,lor_vs_ror_task3,0.08148109902574031,0,confounds_motion_propofol
sub-27,3,LOR_task3,1,lor_vs_ror_task3,0.925275048874424,1,confounds_motion_propofol
sub-27,3,ROR,0,lor_vs_ror_task3,0.03458119615960417,0,confounds_motion_propofol
sub-30,3,LOR_task3,1,lor_vs_ror_task3,0.9929831269646184,1,confounds_motion_propofol
sub-30,3,ROR,0,lor_vs_ror_task3,0.48309454002476687,0,confounds_motion_propofol
sub-02,3,LOR_task3,1,lor_vs_ror_task3,0.9608403682883083,1,standard_fc_plus_confounds
sub-02,3,ROR,0,lor_vs_ror_task3,0.05222354981346398,0,standard_fc_plus_confounds
sub-03,3,LOR_task3,1,lor_vs_ror_task3,0.9726730943357914,1,standard_fc_plus_confounds
sub-03,3,ROR,0,lor_vs_ror_task3,0.0471389717569383,0,standard_fc_plus_confounds
sub-04,3,LOR_task3,1,lor_vs_ror_task3,0.8619632168165183,1,standard_fc_plus_confounds
sub-04,3,ROR,0,lor_vs_ror_task3,0.007032226547003681,0,standard_fc_plus_confounds
sub-05,3,LOR_task3,1,lor_vs_ror_task3,0.8718953179793079,1,standard_fc_plus_confounds
sub-05,3,ROR,0,lor_vs_ror_task3,0.04269526386422743,0,standard_fc_plus_confounds
sub-06,3,LOR_task3,1,lor_vs_ror_task3,0.8801549451324193,1,standard_fc_plus_confounds
sub-06,3,ROR,0,lor_vs_ror_task3,0.0776029846754842,0,standard_fc_plus_confounds
sub-07,3,LOR_task3,1,lor_vs_ror_task3,0.8948264884086075,1,standard_fc_plus_confounds
sub-07,3,ROR,0,lor_vs_ror_task3,0.009469151419695458,0,standard_fc_plus_confounds
sub-11,3,LOR_task3,1,lor_vs_ror_task3,0.8495823962979299,1,standard_fc_plus_confounds
sub-11,3,ROR,0,lor_vs_ror_task3,0.01307468666323491,0,standard_fc_plus_confounds
sub-12,3,LOR_task3,1,lor_vs_ror_task3,0.890772401485688,1,standard_fc_plus_confounds
sub-12,3,ROR,0,lor_vs_ror_task3,0.06102168778056688,0,standard_fc_plus_confounds
sub-13,3,LOR_task3,1,lor_vs_ror_task3,0.9842474799413133,1,standard_fc_plus_confounds
sub-13,3,ROR,0,lor_vs_ror_task3,0.20014874011370204,0,standard_fc_plus_confounds
sub-15,3,LOR_task3,1,lor_vs_ror_task3,0.21613632457934293,0,standard_fc_plus_confounds
sub-15,3,ROR,0,lor_vs_ror_task3,0.008892585935903669,0,standard_fc_plus_confounds
sub-16,3,LOR_task3,1,lor_vs_ror_task3,0.9998400518889771,1,standard_fc_plus_confounds
sub-16,3,ROR,0,lor_vs_ror_task3,0.6253546900153644,1,standard_fc_plus_confounds
sub-17,3,LOR_task3,1,lor_vs_ror_task3,0.6923039918794148,1,standard_fc_plus_confounds
sub-17,3,ROR,0,lor_vs_ror_task3,0.07143693799579837,0,standard_fc_plus_confounds
sub-19,3,LOR_task3,1,lor_vs_ror_task3,0.07389083022221019,0,standard_fc_plus_confounds
sub-19,3,ROR,0,lor_vs_ror_task3,0.03909873476723213,0,standard_fc_plus_confounds
sub-20,3,LOR_task3,1,lor_vs_ror_task3,0.9994254996473928,1,standard_fc_plus_confounds
sub-20,3,ROR,0,lor_vs_ror_task3,0.4584840881605851,0,standard_fc_plus_confounds
sub-21,3,LOR_task3,1,lor_vs_ror_task3,0.9974571871946564,1,standard_fc_plus_confounds
sub-21,3,ROR,0,lor_vs_ror_task3,0.21218215580855862,0,standard_fc_plus_confounds
sub-23,3,LOR_task3,1,lor_vs_ror_task3,0.998139138951953,1,standard_fc_plus_confounds
sub-23,3,ROR,0,lor_vs_ror_task3,0.02057091795832541,0,standard_fc_plus_confounds
sub-26,3,LOR_task3,1,lor_vs_ror_task3,0.9809810411061812,1,standard_fc_plus_confounds
sub-26,3,ROR,0,lor_vs_ror_task3,0.07300140032381808,0,standard_fc_plus_confounds
sub-27,3,LOR_task3,1,lor_vs_ror_task3,0.9689609608710534,1,standard_fc_plus_confounds
sub-27,3,ROR,0,lor_vs_ror_task3,0.376894358384942,0,standard_fc_plus_confounds
sub-30,3,LOR_task3,1,lor_vs_ror_task3,0.9911308691227226,1,standard_fc_plus_confounds
sub-30,3,ROR,0,lor_vs_ror_task3,0.3383157651631181,0,standard_fc_plus_confounds
sub-02,3,LOR_task3,1,lor_vs_ror_task3,0.9720061968677869,1,gcc_core_plus_confounds
sub-02,3,ROR,0,lor_vs_ror_task3,0.0396996811164167,0,gcc_core_plus_confounds
sub-03,3,LOR_task3,1,lor_vs_ror_task3,0.9737078141959044,1,gcc_core_plus_confounds
sub-03,3,ROR,0,lor_vs_ror_task3,0.03649519421666192,0,gcc_core_plus_confounds
sub-04,3,LOR_task3,1,lor_vs_ror_task3,0.8836727957685716,1,gcc_core_plus_confounds
sub-04,3,ROR,0,lor_vs_ror_task3,0.004996600411549952,0,gcc_core_plus_confounds
sub-05,3,LOR_task3,1,lor_vs_ror_task3,0.8782103250357364,1,gcc_core_plus_confounds
sub-05,3,ROR,0,lor_vs_ror_task3,0.05568858452724639,0,gcc_core_plus_confounds
sub-06,3,LOR_task3,1,lor_vs_ror_task3,0.8759046444876413,1,gcc_core_plus_confounds
sub-06,3,ROR,0,lor_vs_ror_task3,0.07069843539476611,0,gcc_core_plus_confounds
sub-07,3,LOR_task3,1,lor_vs_ror_task3,0.9456947247036774,1,gcc_core_plus_confounds
sub-07,3,ROR,0,lor_vs_ror_task3,0.007730518009587281,0,gcc_core_plus_confounds
sub-11,3,LOR_task3,1,lor_vs_ror_task3,0.8728259270773163,1,gcc_core_plus_confounds
sub-11,3,ROR,0,lor_vs_ror_task3,0.011186331130704377,0,gcc_core_plus_confounds
sub-12,3,LOR_task3,1,lor_vs_ror_task3,0.9234855077422108,1,gcc_core_plus_confounds
sub-12,3,ROR,0,lor_vs_ror_task3,0.03477367968227244,0,gcc_core_plus_confounds
sub-13,3,LOR_task3,1,lor_vs_ror_task3,0.9855521358125253,1,gcc_core_plus_confounds
sub-13,3,ROR,0,lor_vs_ror_task3,0.10475937308471446,0,gcc_core_plus_confounds
sub-15,3,LOR_task3,1,lor_vs_ror_task3,0.3036434540364685,0,gcc_core_plus_confounds
sub-15,3,ROR,0,lor_vs_ror_task3,0.009599435926045828,0,gcc_core_plus_confounds
sub-16,3,LOR_task3,1,lor_vs_ror_task3,0.9997360150416885,1,gcc_core_plus_confounds
sub-16,3,ROR,0,lor_vs_ror_task3,0.5805916521689449,1,gcc_core_plus_confounds
sub-17,3,LOR_task3,1,lor_vs_ror_task3,0.638968375110342,1,gcc_core_plus_confounds
sub-17,3,ROR,0,lor_vs_ror_task3,0.0688180019470355,0,gcc_core_plus_confounds
sub-19,3,LOR_task3,1,lor_vs_ror_task3,0.08128709857994018,0,gcc_core_plus_confounds
sub-19,3,ROR,0,lor_vs_ror_task3,0.021685800799399132,0,gcc_core_plus_confounds
sub-20,3,LOR_task3,1,lor_vs_ror_task3,0.9994375984965337,1,gcc_core_plus_confounds
sub-20,3,ROR,0,lor_vs_ror_task3,0.4997256783083833,0,gcc_core_plus_confounds
sub-21,3,LOR_task3,1,lor_vs_ror_task3,0.9982167104516395,1,gcc_core_plus_confounds
sub-21,3,ROR,0,lor_vs_ror_task3,0.26682095427411834,0,gcc_core_plus_confounds
sub-23,3,LOR_task3,1,lor_vs_ror_task3,0.9989798555816578,1,gcc_core_plus_confounds
sub-23,3,ROR,0,lor_vs_ror_task3,0.007102431649314441,0,gcc_core_plus_confounds
sub-26,3,LOR_task3,1,lor_vs_ror_task3,0.9791266494118004,1,gcc_core_plus_confounds
sub-26,3,ROR,0,lor_vs_ror_task3,0.035811470227495916,0,gcc_core_plus_confounds
sub-27,3,LOR_task3,1,lor_vs_ror_task3,0.9596826989941923,1,gcc_core_plus_confounds
sub-27,3,ROR,0,lor_vs_ror_task3,0.3581891850518429,0,gcc_core_plus_confounds
sub-30,3,LOR_task3,1,lor_vs_ror_task3,0.9720032428428842,1,gcc_core_plus_confounds
sub-30,3,ROR,0,lor_vs_ror_task3,0.2733678636048572,0,gcc_core_plus_confounds
sub-02,3,LOR_task3,1,lor_vs_ror_task3,0.9439546875907812,1,gcc_regime_plus_confounds
sub-02,3,ROR,0,lor_vs_ror_task3,0.08608721747277705,0,gcc_regime_plus_confounds
sub-03,3,LOR_task3,1,lor_vs_ror_task3,0.9679668789993601,1,gcc_regime_plus_confounds
sub-03,3,ROR,0,lor_vs_ror_task3,0.023932570456302146,0,gcc_regime_plus_confounds
sub-04,3,LOR_task3,1,lor_vs_ror_task3,0.8896350197089409,1,gcc_regime_plus_confounds
sub-04,3,ROR,0,lor_vs_ror_task3,0.0024940767846776306,0,gcc_regime_plus_confounds
sub-05,3,LOR_task3,1,lor_vs_ror_task3,0.8655537362078171,1,gcc_regime_plus_confounds
sub-05,3,ROR,0,lor_vs_ror_task3,0.06432540952443921,0,gcc_regime_plus_confounds
sub-06,3,LOR_task3,1,lor_vs_ror_task3,0.8660999401049723,1,gcc_regime_plus_confounds
sub-06,3,ROR,0,lor_vs_ror_task3,0.029333566275199802,0,gcc_regime_plus_confounds
sub-07,3,LOR_task3,1,lor_vs_ror_task3,0.8881896652251278,1,gcc_regime_plus_confounds
sub-07,3,ROR,0,lor_vs_ror_task3,0.005954794018998473,0,gcc_regime_plus_confounds
sub-11,3,LOR_task3,1,lor_vs_ror_task3,0.8571169468411459,1,gcc_regime_plus_confounds
sub-11,3,ROR,0,lor_vs_ror_task3,0.009835999350070204,0,gcc_regime_plus_confounds
sub-12,3,LOR_task3,1,lor_vs_ror_task3,0.9321136140205141,1,gcc_regime_plus_confounds
sub-12,3,ROR,0,lor_vs_ror_task3,0.02207285084885008,0,gcc_regime_plus_confounds
sub-13,3,LOR_task3,1,lor_vs_ror_task3,0.9884209162024803,1,gcc_regime_plus_confounds
sub-13,3,ROR,0,lor_vs_ror_task3,0.1376925560794813,0,gcc_regime_plus_confounds
sub-15,3,LOR_task3,1,lor_vs_ror_task3,0.44371899311298957,0,gcc_regime_plus_confounds
sub-15,3,ROR,0,lor_vs_ror_task3,0.0028660626114735224,0,gcc_regime_plus_confounds
sub-16,3,LOR_task3,1,lor_vs_ror_task3,0.9995009710999947,1,gcc_regime_plus_confounds
sub-16,3,ROR,0,lor_vs_ror_task3,0.7314522344097556,1,gcc_regime_plus_confounds
sub-17,3,LOR_task3,1,lor_vs_ror_task3,0.6608915711365829,1,gcc_regime_plus_confounds
sub-17,3,ROR,0,lor_vs_ror_task3,0.08519614426510058,0,gcc_regime_plus_confounds
sub-19,3,LOR_task3,1,lor_vs_ror_task3,0.10354642179729548,0,gcc_regime_plus_confounds
sub-19,3,ROR,0,lor_vs_ror_task3,0.020174451494317274,0,gcc_regime_plus_confounds
sub-20,3,LOR_task3,1,lor_vs_ror_task3,0.9993026249802821,1,gcc_regime_plus_confounds
sub-20,3,ROR,0,lor_vs_ror_task3,0.3315837142779034,0,gcc_regime_plus_confounds
sub-21,3,LOR_task3,1,lor_vs_ror_task3,0.9993030574629314,1,gcc_regime_plus_confounds
sub-21,3,ROR,0,lor_vs_ror_task3,0.205723742053413,0,gcc_regime_plus_confounds
sub-23,3,LOR_task3,1,lor_vs_ror_task3,0.998867746711128,1,gcc_regime_plus_confounds
sub-23,3,ROR,0,lor_vs_ror_task3,0.014365264262196595,0,gcc_regime_plus_confounds
sub-26,3,LOR_task3,1,lor_vs_ror_task3,0.9805786916562456,1,gcc_regime_plus_confounds
sub-26,3,ROR,0,lor_vs_ror_task3,0.0355493653090589,0,gcc_regime_plus_confounds
sub-27,3,LOR_task3,1,lor_vs_ror_task3,0.978683924692287,1,gcc_regime_plus_confounds
sub-27,3,ROR,0,lor_vs_ror_task3,0.18754960479394311,0,gcc_regime_plus_confounds
sub-30,3,LOR_task3,1,lor_vs_ror_task3,0.9292847039966871,1,gcc_regime_plus_confounds
sub-30,3,ROR,0,lor_vs_ror_task3,0.2873073401631627,0,gcc_regime_plus_confounds
sub-02,3,LOR_task3,1,lor_vs_ror_task3,0.9520788603110839,1,full_standard_plus_gcc
sub-02,3,ROR,0,lor_vs_ror_task3,0.08055112309263122,0,full_standard_plus_gcc
sub-03,3,LOR_task3,1,lor_vs_ror_task3,0.9703714025931072,1,full_standard_plus_gcc
sub-03,3,ROR,0,lor_vs_ror_task3,0.01818901659858892,0,full_standard_plus_gcc
sub-04,3,LOR_task3,1,lor_vs_ror_task3,0.8882916770983814,1,full_standard_plus_gcc
sub-04,3,ROR,0,lor_vs_ror_task3,0.0017801663867227971,0,full_standard_plus_gcc
sub-05,3,LOR_task3,1,lor_vs_ror_task3,0.8547143372407733,1,full_standard_plus_gcc
sub-05,3,ROR,0,lor_vs_ror_task3,0.05822985040803362,0,full_standard_plus_gcc
sub-06,3,LOR_task3,1,lor_vs_ror_task3,0.8566049760829653,1,full_standard_plus_gcc
sub-06,3,ROR,0,lor_vs_ror_task3,0.03650419640385127,0,full_standard_plus_gcc
sub-07,3,LOR_task3,1,lor_vs_ror_task3,0.9019222899243875,1,full_standard_plus_gcc
sub-07,3,ROR,0,lor_vs_ror_task3,0.004470834958192586,0,full_standard_plus_gcc
sub-11,3,LOR_task3,1,lor_vs_ror_task3,0.8991399033212304,1,full_standard_plus_gcc
sub-11,3,ROR,0,lor_vs_ror_task3,0.007201359474374286,0,full_standard_plus_gcc
sub-12,3,LOR_task3,1,lor_vs_ror_task3,0.9206840699866962,1,full_standard_plus_gcc
sub-12,3,ROR,0,lor_vs_ror_task3,0.018988135178828146,0,full_standard_plus_gcc
sub-13,3,LOR_task3,1,lor_vs_ror_task3,0.9894901061345805,1,full_standard_plus_gcc
sub-13,3,ROR,0,lor_vs_ror_task3,0.11443906513857885,0,full_standard_plus_gcc
sub-15,3,LOR_task3,1,lor_vs_ror_task3,0.49612917920751487,0,full_standard_plus_gcc
sub-15,3,ROR,0,lor_vs_ror_task3,0.0025991754324394566,0,full_standard_plus_gcc
sub-16,3,LOR_task3,1,lor_vs_ror_task3,0.9997084302721011,1,full_standard_plus_gcc
sub-16,3,ROR,0,lor_vs_ror_task3,0.7163451765633415,1,full_standard_plus_gcc
sub-17,3,LOR_task3,1,lor_vs_ror_task3,0.6528556637431758,1,full_standard_plus_gcc
sub-17,3,ROR,0,lor_vs_ror_task3,0.09653061813310507,0,full_standard_plus_gcc
sub-19,3,LOR_task3,1,lor_vs_ror_task3,0.11743557710063052,0,full_standard_plus_gcc
sub-19,3,ROR,0,lor_vs_ror_task3,0.016246897911148733,0,full_standard_plus_gcc
sub-20,3,LOR_task3,1,lor_vs_ror_task3,0.9993474153568203,1,full_standard_plus_gcc
sub-20,3,ROR,0,lor_vs_ror_task3,0.2868520120253471,0,full_standard_plus_gcc
sub-21,3,LOR_task3,1,lor_vs_ror_task3,0.9993374359617513,1,full_standard_plus_gcc
sub-21,3,ROR,0,lor_vs_ror_task3,0.1929181837510789,0,full_standard_plus_gcc
sub-23,3,LOR_task3,1,lor_vs_ror_task3,0.9990691938787962,1,full_standard_plus_gcc
sub-23,3,ROR,0,lor_vs_ror_task3,0.01110756784746385,0,full_standard_plus_gcc
sub-26,3,LOR_task3,1,lor_vs_ror_task3,0.9819776985183273,1,full_standard_plus_gcc
sub-26,3,ROR,0,lor_vs_ror_task3,0.035176934059272864,0,full_standard_plus_gcc
sub-27,3,LOR_task3,1,lor_vs_ror_task3,0.982611839623048,1,full_standard_plus_gcc
sub-27,3,ROR,0,lor_vs_ror_task3,0.40026597853151624,0,full_standard_plus_gcc
sub-30,3,LOR_task3,1,lor_vs_ror_task3,0.9352364008564936,1,full_standard_plus_gcc
sub-30,3,ROR,0,lor_vs_ror_task3,0.25586807093571984,0,full_standard_plus_gcc
sub-02,1,Base1,0,base1_vs_base2_control,0.04424555589910827,0,confounds_motion_propofol
sub-02,4,Base2,1,base1_vs_base2_control,0.8817996387883689,1,confounds_motion_propofol
sub-03,1,Base1,0,base1_vs_base2_control,0.05117982645933166,0,confounds_motion_propofol
sub-03,4,Base2,1,base1_vs_base2_control,0.5406734863148194,1,confounds_motion_propofol
sub-04,1,Base1,0,base1_vs_base2_control,0.030260884555938283,0,confounds_motion_propofol
sub-04,4,Base2,1,base1_vs_base2_control,0.8402499747892802,1,confounds_motion_propofol
sub-05,1,Base1,0,base1_vs_base2_control,0.042896234123701936,0,confounds_motion_propofol
sub-05,4,Base2,1,base1_vs_base2_control,0.897204298809608,1,confounds_motion_propofol
sub-06,1,Base1,0,base1_vs_base2_control,0.05433324498805737,0,confounds_motion_propofol
sub-06,4,Base2,1,base1_vs_base2_control,0.9634161281915232,1,confounds_motion_propofol
sub-07,1,Base1,0,base1_vs_base2_control,0.04130350357085288,0,confounds_motion_propofol
sub-07,4,Base2,1,base1_vs_base2_control,0.8970779310563438,1,confounds_motion_propofol
sub-11,1,Base1,0,base1_vs_base2_control,0.054456306297378264,0,confounds_motion_propofol
sub-11,4,Base2,1,base1_vs_base2_control,0.3991945627718372,0,confounds_motion_propofol
sub-12,1,Base1,0,base1_vs_base2_control,0.03816256537183932,0,confounds_motion_propofol
sub-12,4,Base2,1,base1_vs_base2_control,0.9925504786723038,1,confounds_motion_propofol
sub-13,1,Base1,0,base1_vs_base2_control,0.04197799135235297,0,confounds_motion_propofol
sub-13,4,Base2,1,base1_vs_base2_control,0.9954943917737801,1,confounds_motion_propofol
sub-14,1,Base1,0,base1_vs_base2_control,0.035152068692032565,0,confounds_motion_propofol
sub-14,4,Base2,1,base1_vs_base2_control,0.8648228522224424,1,confounds_motion_propofol
sub-15,1,Base1,0,base1_vs_base2_control,0.03444556940815665,0,confounds_motion_propofol
sub-15,4,Base2,1,base1_vs_base2_control,0.7552291100175428,1,confounds_motion_propofol
sub-16,1,Base1,0,base1_vs_base2_control,0.040329602904348325,0,confounds_motion_propofol
sub-16,4,Base2,1,base1_vs_base2_control,0.9999156862553019,1,confounds_motion_propofol
sub-17,1,Base1,0,base1_vs_base2_control,0.03713664717031773,0,confounds_motion_propofol
sub-17,4,Base2,1,base1_vs_base2_control,0.9820254933619239,1,confounds_motion_propofol
sub-18,1,Base1,0,base1_vs_base2_control,0.03576606131126037,0,confounds_motion_propofol
sub-18,4,Base2,1,base1_vs_base2_control,0.9997791179380978,1,confounds_motion_propofol
sub-19,1,Base1,0,base1_vs_base2_control,0.04791667986947561,0,confounds_motion_propofol
sub-19,4,Base2,1,base1_vs_base2_control,0.9934216347011187,1,confounds_motion_propofol
sub-20,1,Base1,0,base1_vs_base2_control,0.03727066703627647,0,confounds_motion_propofol
sub-20,4,Base2,1,base1_vs_base2_control,0.9999674952575761,1,confounds_motion_propofol
sub-21,1,Base1,0,base1_vs_base2_control,0.04625589588015914,0,confounds_motion_propofol
sub-21,4,Base2,1,base1_vs_base2_control,0.9987476064465679,1,confounds_motion_propofol
sub-22,1,Base1,0,base1_vs_base2_control,0.0361226422700213,0,confounds_motion_propofol
sub-22,4,Base2,1,base1_vs_base2_control,0.9998751541875064,1,confounds_motion_propofol
sub-23,1,Base1,0,base1_vs_base2_control,0.04694880607941748,0,confounds_motion_propofol
sub-23,4,Base2,1,base1_vs_base2_control,0.9994174600956889,1,confounds_motion_propofol
sub-24,1,Base1,0,base1_vs_base2_control,0.05608990555437931,0,confounds_motion_propofol
sub-24,4,Base2,1,base1_vs_base2_control,0.9817810771776706,1,confounds_motion_propofol
sub-25,1,Base1,0,base1_vs_base2_control,0.030915076251227434,0,confounds_motion_propofol
sub-25,4,Base2,1,base1_vs_base2_control,0.9993933227421644,1,confounds_motion_propofol
sub-26,1,Base1,0,base1_vs_base2_control,0.055116364276367465,0,confounds_motion_propofol
sub-26,4,Base2,1,base1_vs_base2_control,0.9911127658453069,1,confounds_motion_propofol
sub-27,1,Base1,0,base1_vs_base2_control,0.021881512378488743,0,confounds_motion_propofol
sub-27,4,Base2,1,base1_vs_base2_control,0.9607150439220944,1,confounds_motion_propofol
sub-28,1,Base1,0,base1_vs_base2_control,0.039955864284867595,0,confounds_motion_propofol
sub-28,4,Base2,1,base1_vs_base2_control,0.9970260378353154,1,confounds_motion_propofol
sub-30,1,Base1,0,base1_vs_base2_control,0.039994177576237834,0,confounds_motion_propofol
sub-30,4,Base2,1,base1_vs_base2_control,0.9918842512884211,1,confounds_motion_propofol
sub-02,1,Base1,0,base1_vs_base2_control,0.046253766461483596,0,standard_fc_plus_confounds
sub-02,4,Base2,1,base1_vs_base2_control,0.8835341754554168,1,standard_fc_plus_confounds
sub-03,1,Base1,0,base1_vs_base2_control,0.060333003576445776,0,standard_fc_plus_confounds
sub-03,4,Base2,1,base1_vs_base2_control,0.5195876205479256,1,standard_fc_plus_confounds
sub-04,1,Base1,0,base1_vs_base2_control,0.029924706025556403,0,standard_fc_plus_confounds
sub-04,4,Base2,1,base1_vs_base2_control,0.8115395658673787,1,standard_fc_plus_confounds
sub-05,1,Base1,0,base1_vs_base2_control,0.04262424863194676,0,standard_fc_plus_confounds
sub-05,4,Base2,1,base1_vs_base2_control,0.8979170813141782,1,standard_fc_plus_confounds
sub-06,1,Base1,0,base1_vs_base2_control,0.06341702585858558,0,standard_fc_plus_confounds
sub-06,4,Base2,1,base1_vs_base2_control,0.9621512296617767,1,standard_fc_plus_confounds
sub-07,1,Base1,0,base1_vs_base2_control,0.04091847188343086,0,standard_fc_plus_confounds
sub-07,4,Base2,1,base1_vs_base2_control,0.8942761933285037,1,standard_fc_plus_confounds
sub-11,1,Base1,0,base1_vs_base2_control,0.0632579152648151,0,standard_fc_plus_confounds
sub-11,4,Base2,1,base1_vs_base2_control,0.3661956051586433,0,standard_fc_plus_confounds
sub-12,1,Base1,0,base1_vs_base2_control,0.038207596694874335,0,standard_fc_plus_confounds
sub-12,4,Base2,1,base1_vs_base2_control,0.9923997040266196,1,standard_fc_plus_confounds
sub-13,1,Base1,0,base1_vs_base2_control,0.043102594538247586,0,standard_fc_plus_confounds
sub-13,4,Base2,1,base1_vs_base2_control,0.9965220661604594,1,standard_fc_plus_confounds
sub-14,1,Base1,0,base1_vs_base2_control,0.03688295760778995,0,standard_fc_plus_confounds
sub-14,4,Base2,1,base1_vs_base2_control,0.8634699706148117,1,standard_fc_plus_confounds
sub-15,1,Base1,0,base1_vs_base2_control,0.032991689125260446,0,standard_fc_plus_confounds
sub-15,4,Base2,1,base1_vs_base2_control,0.7469702630622215,1,standard_fc_plus_confounds
sub-16,1,Base1,0,base1_vs_base2_control,0.03968044712088321,0,standard_fc_plus_confounds
sub-16,4,Base2,1,base1_vs_base2_control,0.9999135968513463,1,standard_fc_plus_confounds
sub-17,1,Base1,0,base1_vs_base2_control,0.03625578945001476,0,standard_fc_plus_confounds
sub-17,4,Base2,1,base1_vs_base2_control,0.981984247249782,1,standard_fc_plus_confounds
sub-18,1,Base1,0,base1_vs_base2_control,0.03942422117656723,0,standard_fc_plus_confounds
sub-18,4,Base2,1,base1_vs_base2_control,0.9997897153709236,1,standard_fc_plus_confounds
sub-19,1,Base1,0,base1_vs_base2_control,0.05164939454414679,0,standard_fc_plus_confounds
sub-19,4,Base2,1,base1_vs_base2_control,0.9932667842773829,1,standard_fc_plus_confounds
sub-20,1,Base1,0,base1_vs_base2_control,0.03911277955096876,0,standard_fc_plus_confounds
sub-20,4,Base2,1,base1_vs_base2_control,0.9999664205975073,1,standard_fc_plus_confounds
sub-21,1,Base1,0,base1_vs_base2_control,0.047205152097638065,0,standard_fc_plus_confounds
sub-21,4,Base2,1,base1_vs_base2_control,0.9986691294822734,1,standard_fc_plus_confounds
sub-22,1,Base1,0,base1_vs_base2_control,0.03590324683907887,0,standard_fc_plus_confounds
sub-22,4,Base2,1,base1_vs_base2_control,0.999878073856618,1,standard_fc_plus_confounds
sub-23,1,Base1,0,base1_vs_base2_control,0.0463845183681592,0,standard_fc_plus_confounds
sub-23,4,Base2,1,base1_vs_base2_control,0.999404630572106,1,standard_fc_plus_confounds
sub-24,1,Base1,0,base1_vs_base2_control,0.057664751834158416,0,standard_fc_plus_confounds
sub-24,4,Base2,1,base1_vs_base2_control,0.9802382016929958,1,standard_fc_plus_confounds
sub-25,1,Base1,0,base1_vs_base2_control,0.03192353895626325,0,standard_fc_plus_confounds
sub-25,4,Base2,1,base1_vs_base2_control,0.999403179785848,1,standard_fc_plus_confounds
sub-26,1,Base1,0,base1_vs_base2_control,0.056837450083143747,0,standard_fc_plus_confounds
sub-26,4,Base2,1,base1_vs_base2_control,0.9909683817115283,1,standard_fc_plus_confounds
sub-27,1,Base1,0,base1_vs_base2_control,0.02182358138244961,0,standard_fc_plus_confounds
sub-27,4,Base2,1,base1_vs_base2_control,0.9631786054058117,1,standard_fc_plus_confounds
sub-28,1,Base1,0,base1_vs_base2_control,0.039344788120477696,0,standard_fc_plus_confounds
sub-28,4,Base2,1,base1_vs_base2_control,0.9970447841258631,1,standard_fc_plus_confounds
sub-30,1,Base1,0,base1_vs_base2_control,0.03976830043785227,0,standard_fc_plus_confounds
sub-30,4,Base2,1,base1_vs_base2_control,0.9916374750247883,1,standard_fc_plus_confounds
sub-02,1,Base1,0,base1_vs_base2_control,0.04189849909530849,0,gcc_core_plus_confounds
sub-02,4,Base2,1,base1_vs_base2_control,0.8823381421394212,1,gcc_core_plus_confounds
sub-03,1,Base1,0,base1_vs_base2_control,0.06206161113817911,0,gcc_core_plus_confounds
sub-03,4,Base2,1,base1_vs_base2_control,0.5270310387132774,1,gcc_core_plus_confounds
sub-04,1,Base1,0,base1_vs_base2_control,0.03137106920970875,0,gcc_core_plus_confounds
sub-04,4,Base2,1,base1_vs_base2_control,0.8014625232664953,1,gcc_core_plus_confounds
sub-05,1,Base1,0,base1_vs_base2_control,0.03896522379224012,0,gcc_core_plus_confounds
sub-05,4,Base2,1,base1_vs_base2_control,0.9008848452490265,1,gcc_core_plus_confounds
sub-06,1,Base1,0,base1_vs_base2_control,0.06185028153239704,0,gcc_core_plus_confounds
sub-06,4,Base2,1,base1_vs_base2_control,0.9592598904419266,1,gcc_core_plus_confounds
sub-07,1,Base1,0,base1_vs_base2_control,0.04513225785067661,0,gcc_core_plus_confounds
sub-07,4,Base2,1,base1_vs_base2_control,0.8893981211724432,1,gcc_core_plus_confounds
sub-11,1,Base1,0,base1_vs_base2_control,0.06011523916902326,0,gcc_core_plus_confounds
sub-11,4,Base2,1,base1_vs_base2_control,0.37196944650985825,0,gcc_core_plus_confounds
sub-12,1,Base1,0,base1_vs_base2_control,0.042807734990253525,0,gcc_core_plus_confounds
sub-12,4,Base2,1,base1_vs_base2_control,0.9924070496951131,1,gcc_core_plus_confounds
sub-13,1,Base1,0,base1_vs_base2_control,0.04236625618654292,0,gcc_core_plus_confounds
sub-13,4,Base2,1,base1_vs_base2_control,0.9961193417519174,1,gcc_core_plus_confounds
sub-14,1,Base1,0,base1_vs_base2_control,0.035088737556877,0,gcc_core_plus_confounds
sub-14,4,Base2,1,base1_vs_base2_control,0.8630279299817833,1,gcc_core_plus_confounds
sub-15,1,Base1,0,base1_vs_base2_control,0.03487993796372261,0,gcc_core_plus_confounds
sub-15,4,Base2,1,base1_vs_base2_control,0.749935459827816,1,gcc_core_plus_confounds
sub-16,1,Base1,0,base1_vs_base2_control,0.0397097782880831,0,gcc_core_plus_confounds
sub-16,4,Base2,1,base1_vs_base2_control,0.9999090301363329,1,gcc_core_plus_confounds
sub-17,1,Base1,0,base1_vs_base2_control,0.03612560486700832,0,gcc_core_plus_confounds
sub-17,4,Base2,1,base1_vs_base2_control,0.9813039557503771,1,gcc_core_plus_confounds
sub-18,1,Base1,0,base1_vs_base2_control,0.03742244550376368,0,gcc_core_plus_confounds
sub-18,4,Base2,1,base1_vs_base2_control,0.9998130440209907,1,gcc_core_plus_confounds
sub-19,1,Base1,0,base1_vs_base2_control,0.05980060606650103,0,gcc_core_plus_confounds
sub-19,4,Base2,1,base1_vs_base2_control,0.9928327737397044,1,gcc_core_plus_confounds
sub-20,1,Base1,0,base1_vs_base2_control,0.04045843427919427,0,gcc_core_plus_confounds
sub-20,4,Base2,1,base1_vs_base2_control,0.9999656545752224,1,gcc_core_plus_confounds
sub-21,1,Base1,0,base1_vs_base2_control,0.04600886534146863,0,gcc_core_plus_confounds
sub-21,4,Base2,1,base1_vs_base2_control,0.998545863678302,1,gcc_core_plus_confounds
sub-22,1,Base1,0,base1_vs_base2_control,0.03382872913831911,0,gcc_core_plus_confounds
sub-22,4,Base2,1,base1_vs_base2_control,0.9998765428655425,1,gcc_core_plus_confounds
sub-23,1,Base1,0,base1_vs_base2_control,0.04435718594339933,0,gcc_core_plus_confounds
sub-23,4,Base2,1,base1_vs_base2_control,0.9993975518101298,1,gcc_core_plus_confounds
sub-24,1,Base1,0,base1_vs_base2_control,0.05999681240729012,0,gcc_core_plus_confounds
sub-24,4,Base2,1,base1_vs_base2_control,0.9788750343197575,1,gcc_core_plus_confounds
sub-25,1,Base1,0,base1_vs_base2_control,0.03648293541796737,0,gcc_core_plus_confounds
sub-25,4,Base2,1,base1_vs_base2_control,0.999391221486092,1,gcc_core_plus_confounds
sub-26,1,Base1,0,base1_vs_base2_control,0.05746067526067453,0,gcc_core_plus_confounds
sub-26,4,Base2,1,base1_vs_base2_control,0.9895504691122198,1,gcc_core_plus_confounds
sub-27,1,Base1,0,base1_vs_base2_control,0.022576030414751976,0,gcc_core_plus_confounds
sub-27,4,Base2,1,base1_vs_base2_control,0.9652888138113846,1,gcc_core_plus_confounds
sub-28,1,Base1,0,base1_vs_base2_control,0.039482934720251314,0,gcc_core_plus_confounds
sub-28,4,Base2,1,base1_vs_base2_control,0.9968064101674495,1,gcc_core_plus_confounds
sub-30,1,Base1,0,base1_vs_base2_control,0.03942160322545774,0,gcc_core_plus_confounds
sub-30,4,Base2,1,base1_vs_base2_control,0.9915537624550359,1,gcc_core_plus_confounds
sub-02,1,Base1,0,base1_vs_base2_control,0.03559051606527945,0,gcc_regime_plus_confounds
sub-02,4,Base2,1,base1_vs_base2_control,0.7114296074622448,1,gcc_regime_plus_confounds
sub-03,1,Base1,0,base1_vs_base2_control,0.059502082586881715,0,gcc_regime_plus_confounds
sub-03,4,Base2,1,base1_vs_base2_control,0.7139598898791297,1,gcc_regime_plus_confounds
sub-04,1,Base1,0,base1_vs_base2_control,0.03180076825742163,0,gcc_regime_plus_confounds
sub-04,4,Base2,1,base1_vs_base2_control,0.9274984408378202,1,gcc_regime_plus_confounds
sub-05,1,Base1,0,base1_vs_base2_control,0.03808339029116049,0,gcc_regime_plus_confounds
sub-05,4,Base2,1,base1_vs_base2_control,0.9219376409465596,1,gcc_regime_plus_confounds
sub-06,1,Base1,0,base1_vs_base2_control,0.062354585327056414,0,gcc_regime_plus_confounds
sub-06,4,Base2,1,base1_vs_base2_control,0.9569533395304044,1,gcc_regime_plus_confounds
sub-07,1,Base1,0,base1_vs_base2_control,0.04041994778897758,0,gcc_regime_plus_confounds
sub-07,4,Base2,1,base1_vs_base2_control,0.9508296738998415,1,gcc_regime_plus_confounds
sub-11,1,Base1,0,base1_vs_base2_control,0.05061883224369278,0,gcc_regime_plus_confounds
sub-11,4,Base2,1,base1_vs_base2_control,0.2726576979514843,0,gcc_regime_plus_confounds
sub-12,1,Base1,0,base1_vs_base2_control,0.0443553171598759,0,gcc_regime_plus_confounds
sub-12,4,Base2,1,base1_vs_base2_control,0.9893465508409175,1,gcc_regime_plus_confounds
sub-13,1,Base1,0,base1_vs_base2_control,0.04213257649059142,0,gcc_regime_plus_confounds
sub-13,4,Base2,1,base1_vs_base2_control,0.9988743959396346,1,gcc_regime_plus_confounds
sub-14,1,Base1,0,base1_vs_base2_control,0.02949480317886085,0,gcc_regime_plus_confounds
sub-14,4,Base2,1,base1_vs_base2_control,0.7556974990073883,1,gcc_regime_plus_confounds
sub-15,1,Base1,0,base1_vs_base2_control,0.03265296176090835,0,gcc_regime_plus_confounds
sub-15,4,Base2,1,base1_vs_base2_control,0.758390515028287,1,gcc_regime_plus_confounds
sub-16,1,Base1,0,base1_vs_base2_control,0.03741834440590058,0,gcc_regime_plus_confounds
sub-16,4,Base2,1,base1_vs_base2_control,0.9998756145757813,1,gcc_regime_plus_confounds
sub-17,1,Base1,0,base1_vs_base2_control,0.02957166176158237,0,gcc_regime_plus_confounds
sub-17,4,Base2,1,base1_vs_base2_control,0.9705736925290023,1,gcc_regime_plus_confounds
sub-18,1,Base1,0,base1_vs_base2_control,0.039253606487108995,0,gcc_regime_plus_confounds
sub-18,4,Base2,1,base1_vs_base2_control,0.9997587720882851,1,gcc_regime_plus_confounds
sub-19,1,Base1,0,base1_vs_base2_control,0.04311717802966946,0,gcc_regime_plus_confounds
sub-19,4,Base2,1,base1_vs_base2_control,0.9970331935266071,1,gcc_regime_plus_confounds
sub-20,1,Base1,0,base1_vs_base2_control,0.03771165610141775,0,gcc_regime_plus_confounds
sub-20,4,Base2,1,base1_vs_base2_control,0.9999767516493542,1,gcc_regime_plus_confounds
sub-21,1,Base1,0,base1_vs_base2_control,0.04449542333950833,0,gcc_regime_plus_confounds
sub-21,4,Base2,1,base1_vs_base2_control,0.9992814992042384,1,gcc_regime_plus_confounds
sub-22,1,Base1,0,base1_vs_base2_control,0.0316143660918993,0,gcc_regime_plus_confounds
sub-22,4,Base2,1,base1_vs_base2_control,0.9997513700264562,1,gcc_regime_plus_confounds
sub-23,1,Base1,0,base1_vs_base2_control,0.04536229403160337,0,gcc_regime_plus_confounds
sub-23,4,Base2,1,base1_vs_base2_control,0.9989914714006959,1,gcc_regime_plus_confounds
sub-24,1,Base1,0,base1_vs_base2_control,0.05544766859266052,0,gcc_regime_plus_confounds
sub-24,4,Base2,1,base1_vs_base2_control,0.9804312127523014,1,gcc_regime_plus_confounds
sub-25,1,Base1,0,base1_vs_base2_control,0.02923686084597805,0,gcc_regime_plus_confounds
sub-25,4,Base2,1,base1_vs_base2_control,0.9988997369700243,1,gcc_regime_plus_confounds
sub-26,1,Base1,0,base1_vs_base2_control,0.051116910120890244,0,gcc_regime_plus_confounds
sub-26,4,Base2,1,base1_vs_base2_control,0.9919533837075778,1,gcc_regime_plus_confounds
sub-27,1,Base1,0,base1_vs_base2_control,0.025338572720323103,0,gcc_regime_plus_confounds
sub-27,4,Base2,1,base1_vs_base2_control,0.9804701732434085,1,gcc_regime_plus_confounds
sub-28,1,Base1,0,base1_vs_base2_control,0.03345700514454454,0,gcc_regime_plus_confounds
sub-28,4,Base2,1,base1_vs_base2_control,0.9946780084198987,1,gcc_regime_plus_confounds
sub-30,1,Base1,0,base1_vs_base2_control,0.036821852350109346,0,gcc_regime_plus_confounds
sub-30,4,Base2,1,base1_vs_base2_control,0.9894872342060433,1,gcc_regime_plus_confounds
sub-02,1,Base1,0,base1_vs_base2_control,0.03563143816417619,0,full_standard_plus_gcc
sub-02,4,Base2,1,base1_vs_base2_control,0.7113302990807371,1,full_standard_plus_gcc
sub-03,1,Base1,0,base1_vs_base2_control,0.06254820339321061,0,full_standard_plus_gcc
sub-03,4,Base2,1,base1_vs_base2_control,0.7075052661395652,1,full_standard_plus_gcc
sub-04,1,Base1,0,base1_vs_base2_control,0.031834642587429685,0,full_standard_plus_gcc
sub-04,4,Base2,1,base1_vs_base2_control,0.9274887133801075,1,full_standard_plus_gcc
sub-05,1,Base1,0,base1_vs_base2_control,0.03820897823039765,0,full_standard_plus_gcc
sub-05,4,Base2,1,base1_vs_base2_control,0.9219665122302784,1,full_standard_plus_gcc
sub-06,1,Base1,0,base1_vs_base2_control,0.06302440052711536,0,full_standard_plus_gcc
sub-06,4,Base2,1,base1_vs_base2_control,0.9566928465030358,1,full_standard_plus_gcc
sub-07,1,Base1,0,base1_vs_base2_control,0.040560041557201186,0,full_standard_plus_gcc
sub-07,4,Base2,1,base1_vs_base2_control,0.9510711131583995,1,full_standard_plus_gcc
sub-11,1,Base1,0,base1_vs_base2_control,0.053363305815133634,0,full_standard_plus_gcc
sub-11,4,Base2,1,base1_vs_base2_control,0.26330191466417885,0,full_standard_plus_gcc
sub-12,1,Base1,0,base1_vs_base2_control,0.04439541300613053,0,full_standard_plus_gcc
sub-12,4,Base2,1,base1_vs_base2_control,0.9893862503595112,1,full_standard_plus_gcc
sub-13,1,Base1,0,base1_vs_base2_control,0.04248046536861983,0,full_standard_plus_gcc
sub-13,4,Base2,1,base1_vs_base2_control,0.998868981134816,1,full_standard_plus_gcc
sub-14,1,Base1,0,base1_vs_base2_control,0.028083672850450346,0,full_standard_plus_gcc
sub-14,4,Base2,1,base1_vs_base2_control,0.7487687779779676,1,full_standard_plus_gcc
sub-15,1,Base1,0,base1_vs_base2_control,0.03113605586131512,0,full_standard_plus_gcc
sub-15,4,Base2,1,base1_vs_base2_control,0.7474158098426494,1,full_standard_plus_gcc
sub-16,1,Base1,0,base1_vs_base2_control,0.037959545233140685,0,full_standard_plus_gcc
sub-16,4,Base2,1,base1_vs_base2_control,0.9998781064360125,1,full_standard_plus_gcc
sub-17,1,Base1,0,base1_vs_base2_control,0.029873836718587694,0,full_standard_plus_gcc
sub-17,4,Base2,1,base1_vs_base2_control,0.9704713166625263,1,full_standard_plus_gcc
sub-18,1,Base1,0,base1_vs_base2_control,0.039370305174646396,0,full_standard_plus_gcc
sub-18,4,Base2,1,base1_vs_base2_control,0.9997605059874071,1,full_standard_plus_gcc
sub-19,1,Base1,0,base1_vs_base2_control,0.043027566856706584,0,full_standard_plus_gcc
sub-19,4,Base2,1,base1_vs_base2_control,0.9970481198910568,1,full_standard_plus_gcc
sub-20,1,Base1,0,base1_vs_base2_control,0.03773873060111491,0,full_standard_plus_gcc
sub-20,4,Base2,1,base1_vs_base2_control,0.9999768481291874,1,full_standard_plus_gcc
sub-21,1,Base1,0,base1_vs_base2_control,0.04455311842640821,0,full_standard_plus_gcc
sub-21,4,Base2,1,base1_vs_base2_control,0.9992911626285181,1,full_standard_plus_gcc
sub-22,1,Base1,0,base1_vs_base2_control,0.031667089158045295,0,full_standard_plus_gcc
sub-22,4,Base2,1,base1_vs_base2_control,0.9997500114024978,1,full_standard_plus_gcc
sub-23,1,Base1,0,base1_vs_base2_control,0.046421297165530284,0,full_standard_plus_gcc
sub-23,4,Base2,1,base1_vs_base2_control,0.999012425736663,1,full_standard_plus_gcc
sub-24,1,Base1,0,base1_vs_base2_control,0.05568329690455936,0,full_standard_plus_gcc
sub-24,4,Base2,1,base1_vs_base2_control,0.9804206131178592,1,full_standard_plus_gcc
sub-25,1,Base1,0,base1_vs_base2_control,0.029169978876297496,0,full_standard_plus_gcc
sub-25,4,Base2,1,base1_vs_base2_control,0.9989056171821156,1,full_standard_plus_gcc
sub-26,1,Base1,0,base1_vs_base2_control,0.05107708580836249,0,full_standard_plus_gcc
sub-26,4,Base2,1,base1_vs_base2_control,0.9919581397820433,1,full_standard_plus_gcc
sub-27,1,Base1,0,base1_vs_base2_control,0.025557727673736725,0,full_standard_plus_gcc
sub-27,4,Base2,1,base1_vs_base2_control,0.980017284911928,1,full_standard_plus_gcc
sub-28,1,Base1,0,base1_vs_base2_control,0.03383308262915206,0,full_standard_plus_gcc
sub-28,4,Base2,1,base1_vs_base2_control,0.9947039396429054,1,full_standard_plus_gcc
sub-30,1,Base1,0,base1_vs_base2_control,0.03699739117286432,0,full_standard_plus_gcc
sub-30,4,Base2,1,base1_vs_base2_control,0.9896056602771425,1,full_standard_plus_gcc
