subject,run,phase,target,task_name,probability,prediction,model
sub-02,1,Base1,0,awake_base1_vs_lor,0.018550962993206913,0,confounds_motion_propofol
sub-02,2,LOR_task2,1,awake_base1_vs_lor,0.9836628718386835,1,confounds_motion_propofol
sub-02,3,LOR_task3,1,awake_base1_vs_lor,0.9373047278214846,1,confounds_motion_propofol
sub-03,1,Base1,0,awake_base1_vs_lor,0.023311287033467746,0,confounds_motion_propofol
sub-03,2,LOR_task2,1,awake_base1_vs_lor,0.9898099652051877,1,confounds_motion_propofol
sub-03,3,LOR_task3,1,awake_base1_vs_lor,0.9411350169999947,1,confounds_motion_propofol
sub-04,1,Base1,0,awake_base1_vs_lor,0.0162707430856926,0,confounds_motion_propofol
sub-04,2,LOR_task2,1,awake_base1_vs_lor,0.9894042849941567,1,confounds_motion_propofol
sub-04,3,LOR_task3,1,awake_base1_vs_lor,0.9262182483050082,1,confounds_motion_propofol
sub-05,1,Base1,0,awake_base1_vs_lor,0.019232166615384218,0,confounds_motion_propofol
sub-05,2,LOR_task2,1,awake_base1_vs_lor,0.9888269876866638,1,confounds_motion_propofol
sub-05,3,LOR_task3,1,awake_base1_vs_lor,0.9736571334284363,1,confounds_motion_propofol
sub-06,1,Base1,0,awake_base1_vs_lor,0.022676296033714318,0,confounds_motion_propofol
sub-06,2,LOR_task2,1,awake_base1_vs_lor,0.9908633342160644,1,confounds_motion_propofol
sub-06,3,LOR_task3,1,awake_base1_vs_lor,0.912359400955575,1,confounds_motion_propofol
sub-07,1,Base1,0,awake_base1_vs_lor,0.02002847751596934,0,confounds_motion_propofol
sub-07,2,LOR_task2,1,awake_base1_vs_lor,0.9852306271333221,1,confounds_motion_propofol
sub-07,3,LOR_task3,1,awake_base1_vs_lor,0.9217091557905975,1,confounds_motion_propofol
sub-11,1,Base1,0,awake_base1_vs_lor,0.02133076320313659,0,confounds_motion_propofol
sub-11,2,LOR_task2,1,awake_base1_vs_lor,0.8873413383242617,1,confounds_motion_propofol
sub-11,3,LOR_task3,1,awake_base1_vs_lor,0.7541308916677387,1,confounds_motion_propofol
sub-12,1,Base1,0,awake_base1_vs_lor,0.017495372229248646,0,confounds_motion_propofol
sub-12,2,LOR_task2,1,awake_base1_vs_lor,0.9639592564169486,1,confounds_motion_propofol
sub-12,3,LOR_task3,1,awake_base1_vs_lor,0.9727888241699574,1,confounds_motion_propofol
sub-13,1,Base1,0,awake_base1_vs_lor,0.018971115943648337,0,confounds_motion_propofol
sub-13,2,LOR_task2,1,awake_base1_vs_lor,0.9774648642613557,1,confounds_motion_propofol
sub-13,3,LOR_task3,1,awake_base1_vs_lor,0.9829238907714289,1,confounds_motion_propofol
sub-14,1,Base1,0,awake_base1_vs_lor,0.017292565017644364,0,confounds_motion_propofol
sub-14,2,LOR_task2,1,awake_base1_vs_lor,0.8340422651219153,1,confounds_motion_propofol
sub-14,3,LOR_task3,1,awake_base1_vs_lor,0.8397584054690708,1,confounds_motion_propofol
sub-15,1,Base1,0,awake_base1_vs_lor,0.012413152160142164,0,confounds_motion_propofol
sub-15,2,LOR_task2,1,awake_base1_vs_lor,0.6154272088273367,1,confounds_motion_propofol
sub-15,3,LOR_task3,1,awake_base1_vs_lor,0.4029494438635102,0,confounds_motion_propofol
sub-16,1,Base1,0,awake_base1_vs_lor,0.01769562148940935,0,confounds_motion_propofol
sub-16,3,LOR_task3,1,awake_base1_vs_lor,0.9991494004607012,1,confounds_motion_propofol
sub-17,1,Base1,0,awake_base1_vs_lor,0.022178294085145607,0,confounds_motion_propofol
sub-17,2,LOR_task2,1,awake_base1_vs_lor,0.8716033616538715,1,confounds_motion_propofol
sub-17,3,LOR_task3,1,awake_base1_vs_lor,0.8327739742195569,1,confounds_motion_propofol
sub-18,1,Base1,0,awake_base1_vs_lor,0.01814248741953443,0,confounds_motion_propofol
sub-18,2,LOR_task2,1,awake_base1_vs_lor,0.9976440929411633,1,confounds_motion_propofol
sub-18,3,LOR_task3,1,awake_base1_vs_lor,0.9961863295786545,1,confounds_motion_propofol
sub-19,1,Base1,0,awake_base1_vs_lor,0.01770411230888171,0,confounds_motion_propofol
sub-19,2,LOR_task2,1,awake_base1_vs_lor,0.9821888272937234,1,confounds_motion_propofol
sub-19,3,LOR_task3,1,awake_base1_vs_lor,0.48551540917282143,0,confounds_motion_propofol
sub-20,1,Base1,0,awake_base1_vs_lor,0.016527089866076233,0,confounds_motion_propofol
sub-20,2,LOR_task2,1,awake_base1_vs_lor,0.999711815756171,1,confounds_motion_propofol
sub-20,3,LOR_task3,1,awake_base1_vs_lor,0.9994474067710017,1,confounds_motion_propofol
sub-21,1,Base1,0,awake_base1_vs_lor,0.018631820556828223,0,confounds_motion_propofol
sub-21,2,LOR_task2,1,awake_base1_vs_lor,0.9951319933990898,1,confounds_motion_propofol
sub-21,3,LOR_task3,1,awake_base1_vs_lor,0.9913649639671329,1,confounds_motion_propofol
sub-22,1,Base1,0,awake_base1_vs_lor,0.017339073057325852,0,confounds_motion_propofol
sub-22,2,LOR_task2,1,awake_base1_vs_lor,0.9987339122554116,1,confounds_motion_propofol
sub-22,3,LOR_task3,1,awake_base1_vs_lor,0.99447924553845,1,confounds_motion_propofol
sub-23,1,Base1,0,awake_base1_vs_lor,0.018754588231003486,0,confounds_motion_propofol
sub-23,2,LOR_task2,1,awake_base1_vs_lor,0.995662023474133,1,confounds_motion_propofol
sub-23,3,LOR_task3,1,awake_base1_vs_lor,0.9966467129435642,1,confounds_motion_propofol
sub-24,1,Base1,0,awake_base1_vs_lor,0.021481217365207042,0,confounds_motion_propofol
sub-24,2,LOR_task2,1,awake_base1_vs_lor,0.9660969348278071,1,confounds_motion_propofol
sub-24,3,LOR_task3,1,awake_base1_vs_lor,0.8937663948172441,1,confounds_motion_propofol
sub-25,1,Base1,0,awake_base1_vs_lor,0.020176822629417706,0,confounds_motion_propofol
sub-25,2,LOR_task2,1,awake_base1_vs_lor,0.9990570860541408,1,confounds_motion_propofol
sub-25,3,LOR_task3,1,awake_base1_vs_lor,0.9934395929805747,1,confounds_motion_propofol
sub-26,1,Base1,0,awake_base1_vs_lor,0.0255152431836037,0,confounds_motion_propofol
sub-26,2,LOR_task2,1,awake_base1_vs_lor,0.9808810025291437,1,confounds_motion_propofol
sub-26,3,LOR_task3,1,awake_base1_vs_lor,0.9766281865593122,1,confounds_motion_propofol
sub-27,1,Base1,0,awake_base1_vs_lor,0.018394894413933147,0,confounds_motion_propofol
sub-27,2,LOR_task2,1,awake_base1_vs_lor,0.9404419771454777,1,confounds_motion_propofol
sub-27,3,LOR_task3,1,awake_base1_vs_lor,0.9662046433568964,1,confounds_motion_propofol
sub-28,1,Base1,0,awake_base1_vs_lor,0.022418692856670776,0,confounds_motion_propofol
sub-28,2,LOR_task2,1,awake_base1_vs_lor,0.996515405300743,1,confounds_motion_propofol
sub-28,3,LOR_task3,1,awake_base1_vs_lor,0.9907742103031941,1,confounds_motion_propofol
sub-29,1,Base1,0,awake_base1_vs_lor,0.02377683524382546,0,confounds_motion_propofol
sub-29,2,LOR_task2,1,awake_base1_vs_lor,0.9999966168273254,1,confounds_motion_propofol
sub-29,3,LOR_task3,1,awake_base1_vs_lor,0.9999986847387483,1,confounds_motion_propofol
sub-30,1,Base1,0,awake_base1_vs_lor,0.017715345453800473,0,confounds_motion_propofol
sub-30,2,LOR_task2,1,awake_base1_vs_lor,0.9780711488975525,1,confounds_motion_propofol
sub-30,3,LOR_task3,1,awake_base1_vs_lor,0.9965366698958809,1,confounds_motion_propofol
sub-02,1,Base1,0,awake_base1_vs_lor,0.0139493438209758,0,standard_fc_plus_confounds
sub-02,2,LOR_task2,1,awake_base1_vs_lor,0.9894704281909067,1,standard_fc_plus_confounds
sub-02,3,LOR_task3,1,awake_base1_vs_lor,0.9738683951401101,1,standard_fc_plus_confounds
sub-03,1,Base1,0,awake_base1_vs_lor,0.00682057534702544,0,standard_fc_plus_confounds
sub-03,2,LOR_task2,1,awake_base1_vs_lor,0.9899210755774059,1,standard_fc_plus_confounds
sub-03,3,LOR_task3,1,awake_base1_vs_lor,0.9640101081110426,1,standard_fc_plus_confounds
sub-04,1,Base1,0,awake_base1_vs_lor,0.008975376799813441,0,standard_fc_plus_confounds
sub-04,2,LOR_task2,1,awake_base1_vs_lor,0.9821924101844928,1,standard_fc_plus_confounds
sub-04,3,LOR_task3,1,awake_base1_vs_lor,0.9053867308093981,1,standard_fc_plus_confounds
sub-05,1,Base1,0,awake_base1_vs_lor,0.01267634327641004,0,standard_fc_plus_confounds
sub-05,2,LOR_task2,1,awake_base1_vs_lor,0.9936838354045734,1,standard_fc_plus_confounds
sub-05,3,LOR_task3,1,awake_base1_vs_lor,0.9667655182048226,1,standard_fc_plus_confounds
sub-06,1,Base1,0,awake_base1_vs_lor,0.01542074925047385,0,standard_fc_plus_confounds
sub-06,2,LOR_task2,1,awake_base1_vs_lor,0.9695627216476952,1,standard_fc_plus_confounds
sub-06,3,LOR_task3,1,awake_base1_vs_lor,0.8445562424373094,1,standard_fc_plus_confounds
sub-07,1,Base1,0,awake_base1_vs_lor,0.01860542423473643,0,standard_fc_plus_confounds
sub-07,2,LOR_task2,1,awake_base1_vs_lor,0.9929731483056184,1,standard_fc_plus_confounds
sub-07,3,LOR_task3,1,awake_base1_vs_lor,0.9383879095315316,1,standard_fc_plus_confounds
sub-11,1,Base1,0,awake_base1_vs_lor,0.00941234740644767,0,standard_fc_plus_confounds
sub-11,2,LOR_task2,1,awake_base1_vs_lor,0.9155262046208839,1,standard_fc_plus_confounds
sub-11,3,LOR_task3,1,awake_base1_vs_lor,0.9166243456624437,1,standard_fc_plus_confounds
sub-12,1,Base1,0,awake_base1_vs_lor,0.014601962992348868,0,standard_fc_plus_confounds
sub-12,2,LOR_task2,1,awake_base1_vs_lor,0.9722612027655589,1,standard_fc_plus_confounds
sub-12,3,LOR_task3,1,awake_base1_vs_lor,0.9795521693469819,1,standard_fc_plus_confounds
sub-13,1,Base1,0,awake_base1_vs_lor,0.008716929239082585,0,standard_fc_plus_confounds
sub-13,2,LOR_task2,1,awake_base1_vs_lor,0.9653299904174588,1,standard_fc_plus_confounds
sub-13,3,LOR_task3,1,awake_base1_vs_lor,0.9839652156879445,1,standard_fc_plus_confounds
sub-14,1,Base1,0,awake_base1_vs_lor,0.018322007483414286,0,standard_fc_plus_confounds
sub-14,2,LOR_task2,1,awake_base1_vs_lor,0.8686853729021995,1,standard_fc_plus_confounds
sub-14,3,LOR_task3,1,awake_base1_vs_lor,0.8158093303520572,1,standard_fc_plus_confounds
sub-15,1,Base1,0,awake_base1_vs_lor,0.008337246372974618,0,standard_fc_plus_confounds
sub-15,2,LOR_task2,1,awake_base1_vs_lor,0.6833047505641365,1,standard_fc_plus_confounds
sub-15,3,LOR_task3,1,awake_base1_vs_lor,0.6448886600523315,1,standard_fc_plus_confounds
sub-16,1,Base1,0,awake_base1_vs_lor,0.014827348674999281,0,standard_fc_plus_confounds
sub-16,3,LOR_task3,1,awake_base1_vs_lor,0.9998164048776337,1,standard_fc_plus_confounds
sub-17,1,Base1,0,awake_base1_vs_lor,0.029659634409977414,0,standard_fc_plus_confounds
sub-17,2,LOR_task2,1,awake_base1_vs_lor,0.7715300663622804,1,standard_fc_plus_confounds
sub-17,3,LOR_task3,1,awake_base1_vs_lor,0.7416540890781556,1,standard_fc_plus_confounds
sub-18,1,Base1,0,awake_base1_vs_lor,0.016390383926824136,0,standard_fc_plus_confounds
sub-18,2,LOR_task2,1,awake_base1_vs_lor,0.9968249392462718,1,standard_fc_plus_confounds
sub-18,3,LOR_task3,1,awake_base1_vs_lor,0.9955846472939388,1,standard_fc_plus_confounds
sub-19,1,Base1,0,awake_base1_vs_lor,0.012532780378838036,0,standard_fc_plus_confounds
sub-19,2,LOR_task2,1,awake_base1_vs_lor,0.9886975947176089,1,standard_fc_plus_confounds
sub-19,3,LOR_task3,1,awake_base1_vs_lor,0.48466419632804664,0,standard_fc_plus_confounds
sub-20,1,Base1,0,awake_base1_vs_lor,0.023041896156759323,0,standard_fc_plus_confounds
sub-20,2,LOR_task2,1,awake_base1_vs_lor,0.9984648093723646,1,standard_fc_plus_confounds
sub-20,3,LOR_task3,1,awake_base1_vs_lor,0.9996520482205422,1,standard_fc_plus_confounds
sub-21,1,Base1,0,awake_base1_vs_lor,0.02997715833946681,0,standard_fc_plus_confounds
sub-21,2,LOR_task2,1,awake_base1_vs_lor,0.9965345966082289,1,standard_fc_plus_confounds
sub-21,3,LOR_task3,1,awake_base1_vs_lor,0.9898555305322043,1,standard_fc_plus_confounds
sub-22,1,Base1,0,awake_base1_vs_lor,0.011222396536678027,0,standard_fc_plus_confounds
sub-22,2,LOR_task2,1,awake_base1_vs_lor,0.9931836023480789,1,standard_fc_plus_confounds
sub-22,3,LOR_task3,1,awake_base1_vs_lor,0.9885940852042282,1,standard_fc_plus_confounds
sub-23,1,Base1,0,awake_base1_vs_lor,0.008160338501711821,0,standard_fc_plus_confounds
sub-23,2,LOR_task2,1,awake_base1_vs_lor,0.993608988758251,1,standard_fc_plus_confounds
sub-23,3,LOR_task3,1,awake_base1_vs_lor,0.9967269330106312,1,standard_fc_plus_confounds
sub-24,1,Base1,0,awake_base1_vs_lor,0.014354165461791682,0,standard_fc_plus_confounds
sub-24,2,LOR_task2,1,awake_base1_vs_lor,0.9224489476091778,1,standard_fc_plus_confounds
sub-24,3,LOR_task3,1,awake_base1_vs_lor,0.7208766207375085,1,standard_fc_plus_confounds
sub-25,1,Base1,0,awake_base1_vs_lor,0.02394158311076084,0,standard_fc_plus_confounds
sub-25,2,LOR_task2,1,awake_base1_vs_lor,0.9975710461960083,1,standard_fc_plus_confounds
sub-25,3,LOR_task3,1,awake_base1_vs_lor,0.9951475366895716,1,standard_fc_plus_confounds
sub-26,1,Base1,0,awake_base1_vs_lor,0.022648476121491748,0,standard_fc_plus_confounds
sub-26,2,LOR_task2,1,awake_base1_vs_lor,0.9736089643146985,1,standard_fc_plus_confounds
sub-26,3,LOR_task3,1,awake_base1_vs_lor,0.9866890218317583,1,standard_fc_plus_confounds
sub-27,1,Base1,0,awake_base1_vs_lor,0.006622029562417839,0,standard_fc_plus_confounds
sub-27,2,LOR_task2,1,awake_base1_vs_lor,0.9699076733329642,1,standard_fc_plus_confounds
sub-27,3,LOR_task3,1,awake_base1_vs_lor,0.9865493410064841,1,standard_fc_plus_confounds
sub-28,1,Base1,0,awake_base1_vs_lor,0.012926617328431967,0,standard_fc_plus_confounds
sub-28,2,LOR_task2,1,awake_base1_vs_lor,0.9943618587477695,1,standard_fc_plus_confounds
sub-28,3,LOR_task3,1,awake_base1_vs_lor,0.9848020527988849,1,standard_fc_plus_confounds
sub-29,1,Base1,0,awake_base1_vs_lor,0.013105038003009106,0,standard_fc_plus_confounds
sub-29,2,LOR_task2,1,awake_base1_vs_lor,0.9999939829504784,1,standard_fc_plus_confounds
sub-29,3,LOR_task3,1,awake_base1_vs_lor,0.9999995359924848,1,standard_fc_plus_confounds
sub-30,1,Base1,0,awake_base1_vs_lor,0.023396471949279674,0,standard_fc_plus_confounds
sub-30,2,LOR_task2,1,awake_base1_vs_lor,0.9866802014842517,1,standard_fc_plus_confounds
sub-30,3,LOR_task3,1,awake_base1_vs_lor,0.994634222618436,1,standard_fc_plus_confounds
sub-02,1,Base1,0,awake_base1_vs_lor,0.013768462000392615,0,gcc_core_plus_confounds
sub-02,2,LOR_task2,1,awake_base1_vs_lor,0.9908048159604917,1,gcc_core_plus_confounds
sub-02,3,LOR_task3,1,awake_base1_vs_lor,0.9739750088948166,1,gcc_core_plus_confounds
sub-03,1,Base1,0,awake_base1_vs_lor,0.005821434709641431,0,gcc_core_plus_confounds
sub-03,2,LOR_task2,1,awake_base1_vs_lor,0.9913230758731275,1,gcc_core_plus_confounds
sub-03,3,LOR_task3,1,awake_base1_vs_lor,0.9630722511490746,1,gcc_core_plus_confounds
sub-04,1,Base1,0,awake_base1_vs_lor,0.009165385946724983,0,gcc_core_plus_confounds
sub-04,2,LOR_task2,1,awake_base1_vs_lor,0.9839548940197933,1,gcc_core_plus_confounds
sub-04,3,LOR_task3,1,awake_base1_vs_lor,0.9084111838127329,1,gcc_core_plus_confounds
sub-05,1,Base1,0,awake_base1_vs_lor,0.012476474915554373,0,gcc_core_plus_confounds
sub-05,2,LOR_task2,1,awake_base1_vs_lor,0.9932211312190733,1,gcc_core_plus_confounds
sub-05,3,LOR_task3,1,awake_base1_vs_lor,0.9680443436789979,1,gcc_core_plus_confounds
sub-06,1,Base1,0,awake_base1_vs_lor,0.0138704598641854,0,gcc_core_plus_confounds
sub-06,2,LOR_task2,1,awake_base1_vs_lor,0.9632281199414267,1,gcc_core_plus_confounds
sub-06,3,LOR_task3,1,awake_base1_vs_lor,0.8313325860586703,1,gcc_core_plus_confounds
sub-07,1,Base1,0,awake_base1_vs_lor,0.02044626157693982,0,gcc_core_plus_confounds
sub-07,2,LOR_task2,1,awake_base1_vs_lor,0.9927265052705997,1,gcc_core_plus_confounds
sub-07,3,LOR_task3,1,awake_base1_vs_lor,0.9428767461853448,1,gcc_core_plus_confounds
sub-11,1,Base1,0,awake_base1_vs_lor,0.008753048053920224,0,gcc_core_plus_confounds
sub-11,2,LOR_task2,1,awake_base1_vs_lor,0.918896246089324,1,gcc_core_plus_confounds
sub-11,3,LOR_task3,1,awake_base1_vs_lor,0.9097138490396208,1,gcc_core_plus_confounds
sub-12,1,Base1,0,awake_base1_vs_lor,0.016769812912998474,0,gcc_core_plus_confounds
sub-12,2,LOR_task2,1,awake_base1_vs_lor,0.975921877121873,1,gcc_core_plus_confounds
sub-12,3,LOR_task3,1,awake_base1_vs_lor,0.9805943658736871,1,gcc_core_plus_confounds
sub-13,1,Base1,0,awake_base1_vs_lor,0.009366849872100978,0,gcc_core_plus_confounds
sub-13,2,LOR_task2,1,awake_base1_vs_lor,0.972069886894184,1,gcc_core_plus_confounds
sub-13,3,LOR_task3,1,awake_base1_vs_lor,0.9840855839931142,1,gcc_core_plus_confounds
sub-14,1,Base1,0,awake_base1_vs_lor,0.017128962236383508,0,gcc_core_plus_confounds
sub-14,2,LOR_task2,1,awake_base1_vs_lor,0.8729201561620875,1,gcc_core_plus_confounds
sub-14,3,LOR_task3,1,awake_base1_vs_lor,0.8171957712146743,1,gcc_core_plus_confounds
sub-15,1,Base1,0,awake_base1_vs_lor,0.008708040599333349,0,gcc_core_plus_confounds
sub-15,2,LOR_task2,1,awake_base1_vs_lor,0.7009621500619438,1,gcc_core_plus_confounds
sub-15,3,LOR_task3,1,awake_base1_vs_lor,0.6370001819745321,1,gcc_core_plus_confounds
sub-16,1,Base1,0,awake_base1_vs_lor,0.015246689657536868,0,gcc_core_plus_confounds
sub-16,3,LOR_task3,1,awake_base1_vs_lor,0.9996871765088827,1,gcc_core_plus_confounds
sub-17,1,Base1,0,awake_base1_vs_lor,0.026318688930660722,0,gcc_core_plus_confounds
sub-17,2,LOR_task2,1,awake_base1_vs_lor,0.7970979789515419,1,gcc_core_plus_confounds
sub-17,3,LOR_task3,1,awake_base1_vs_lor,0.7292085305294967,1,gcc_core_plus_confounds
sub-18,1,Base1,0,awake_base1_vs_lor,0.017433939718107274,0,gcc_core_plus_confounds
sub-18,2,LOR_task2,1,awake_base1_vs_lor,0.9969913391708611,1,gcc_core_plus_confounds
sub-18,3,LOR_task3,1,awake_base1_vs_lor,0.9956769211362063,1,gcc_core_plus_confounds
sub-19,1,Base1,0,awake_base1_vs_lor,0.012655678718991247,0,gcc_core_plus_confounds
sub-19,2,LOR_task2,1,awake_base1_vs_lor,0.9892340534271602,1,gcc_core_plus_confounds
sub-19,3,LOR_task3,1,awake_base1_vs_lor,0.53525960699948,1,gcc_core_plus_confounds
sub-20,1,Base1,0,awake_base1_vs_lor,0.02331897921724141,0,gcc_core_plus_confounds
sub-20,2,LOR_task2,1,awake_base1_vs_lor,0.9984207103549412,1,gcc_core_plus_confounds
sub-20,3,LOR_task3,1,awake_base1_vs_lor,0.9996184184661528,1,gcc_core_plus_confounds
sub-21,1,Base1,0,awake_base1_vs_lor,0.031504906161627204,0,gcc_core_plus_confounds
sub-21,2,LOR_task2,1,awake_base1_vs_lor,0.9970594445304901,1,gcc_core_plus_confounds
sub-21,3,LOR_task3,1,awake_base1_vs_lor,0.9924307838759971,1,gcc_core_plus_confounds
sub-22,1,Base1,0,awake_base1_vs_lor,0.010696133482939279,0,gcc_core_plus_confounds
sub-22,2,LOR_task2,1,awake_base1_vs_lor,0.9900304034068773,1,gcc_core_plus_confounds
sub-22,3,LOR_task3,1,awake_base1_vs_lor,0.9839191330071515,1,gcc_core_plus_confounds
sub-23,1,Base1,0,awake_base1_vs_lor,0.006620682461841541,0,gcc_core_plus_confounds
sub-23,2,LOR_task2,1,awake_base1_vs_lor,0.9943085201048987,1,gcc_core_plus_confounds
sub-23,3,LOR_task3,1,awake_base1_vs_lor,0.9968601596286468,1,gcc_core_plus_confounds
sub-24,1,Base1,0,awake_base1_vs_lor,0.012933178664997212,0,gcc_core_plus_confounds
sub-24,2,LOR_task2,1,awake_base1_vs_lor,0.9030144968317811,1,gcc_core_plus_confounds
sub-24,3,LOR_task3,1,awake_base1_vs_lor,0.7074857574460146,1,gcc_core_plus_confounds
sub-25,1,Base1,0,awake_base1_vs_lor,0.022987315032834726,0,gcc_core_plus_confounds
sub-25,2,LOR_task2,1,awake_base1_vs_lor,0.9973522232432431,1,gcc_core_plus_confounds
sub-25,3,LOR_task3,1,awake_base1_vs_lor,0.993638044380868,1,gcc_core_plus_confounds
sub-26,1,Base1,0,awake_base1_vs_lor,0.023565324565154297,0,gcc_core_plus_confounds
sub-26,2,LOR_task2,1,awake_base1_vs_lor,0.972479069320704,1,gcc_core_plus_confounds
sub-26,3,LOR_task3,1,awake_base1_vs_lor,0.9846480011630957,1,gcc_core_plus_confounds
sub-27,1,Base1,0,awake_base1_vs_lor,0.006492905192484975,0,gcc_core_plus_confounds
sub-27,2,LOR_task2,1,awake_base1_vs_lor,0.9707689295639723,1,gcc_core_plus_confounds
sub-27,3,LOR_task3,1,awake_base1_vs_lor,0.9848226861189958,1,gcc_core_plus_confounds
sub-28,1,Base1,0,awake_base1_vs_lor,0.01147929019765555,0,gcc_core_plus_confounds
sub-28,2,LOR_task2,1,awake_base1_vs_lor,0.9951681446290553,1,gcc_core_plus_confounds
sub-28,3,LOR_task3,1,awake_base1_vs_lor,0.9840583560572727,1,gcc_core_plus_confounds
sub-29,1,Base1,0,awake_base1_vs_lor,0.011928726237286183,0,gcc_core_plus_confounds
sub-29,2,LOR_task2,1,awake_base1_vs_lor,0.9999935254771614,1,gcc_core_plus_confounds
sub-29,3,LOR_task3,1,awake_base1_vs_lor,0.9999992628716445,1,gcc_core_plus_confounds
sub-30,1,Base1,0,awake_base1_vs_lor,0.029530356839048127,0,gcc_core_plus_confounds
sub-30,2,LOR_task2,1,awake_base1_vs_lor,0.9883806030832974,1,gcc_core_plus_confounds
sub-30,3,LOR_task3,1,awake_base1_vs_lor,0.9941912176423979,1,gcc_core_plus_confounds
sub-02,1,Base1,0,awake_base1_vs_lor,0.010601593875525535,0,gcc_regime_plus_confounds
sub-02,2,LOR_task2,1,awake_base1_vs_lor,0.9944446146417381,1,gcc_regime_plus_confounds
sub-02,3,LOR_task3,1,awake_base1_vs_lor,0.9580649199532342,1,gcc_regime_plus_confounds
sub-03,1,Base1,0,awake_base1_vs_lor,0.007117332318687208,0,gcc_regime_plus_confounds
sub-03,2,LOR_task2,1,awake_base1_vs_lor,0.996355247264834,1,gcc_regime_plus_confounds
sub-03,3,LOR_task3,1,awake_base1_vs_lor,0.9799457513650129,1,gcc_regime_plus_confounds
sub-04,1,Base1,0,awake_base1_vs_lor,0.007970399377798995,0,gcc_regime_plus_confounds
sub-04,2,LOR_task2,1,awake_base1_vs_lor,0.9895112672906415,1,gcc_regime_plus_confounds
sub-04,3,LOR_task3,1,awake_base1_vs_lor,0.9705498304486703,1,gcc_regime_plus_confounds
sub-05,1,Base1,0,awake_base1_vs_lor,0.01133331380257977,0,gcc_regime_plus_confounds
sub-05,2,LOR_task2,1,awake_base1_vs_lor,0.9918547835581593,1,gcc_regime_plus_confounds
sub-05,3,LOR_task3,1,awake_base1_vs_lor,0.9374241214946615,1,gcc_regime_plus_confounds
sub-06,1,Base1,0,awake_base1_vs_lor,0.008432527972822854,0,gcc_regime_plus_confounds
sub-06,2,LOR_task2,1,awake_base1_vs_lor,0.9729572274948894,1,gcc_regime_plus_confounds
sub-06,3,LOR_task3,1,awake_base1_vs_lor,0.7535742692661022,1,gcc_regime_plus_confounds
sub-07,1,Base1,0,awake_base1_vs_lor,0.012571844013907917,0,gcc_regime_plus_confounds
sub-07,2,LOR_task2,1,awake_base1_vs_lor,0.9959690328627949,1,gcc_regime_plus_confounds
sub-07,3,LOR_task3,1,awake_base1_vs_lor,0.9746263919411261,1,gcc_regime_plus_confounds
sub-11,1,Base1,0,awake_base1_vs_lor,0.0074077274049416265,0,gcc_regime_plus_confounds
sub-11,2,LOR_task2,1,awake_base1_vs_lor,0.920448862035654,1,gcc_regime_plus_confounds
sub-11,3,LOR_task3,1,awake_base1_vs_lor,0.9334560204878498,1,gcc_regime_plus_confounds
sub-12,1,Base1,0,awake_base1_vs_lor,0.013448743677271833,0,gcc_regime_plus_confounds
sub-12,2,LOR_task2,1,awake_base1_vs_lor,0.9554844047226875,1,gcc_regime_plus_confounds
sub-12,3,LOR_task3,1,awake_base1_vs_lor,0.9721729135733679,1,gcc_regime_plus_confounds
sub-13,1,Base1,0,awake_base1_vs_lor,0.007488221177768417,0,gcc_regime_plus_confounds
sub-13,2,LOR_task2,1,awake_base1_vs_lor,0.9815186115044624,1,gcc_regime_plus_confounds
sub-13,3,LOR_task3,1,awake_base1_vs_lor,0.9807684038402079,1,gcc_regime_plus_confounds
sub-14,1,Base1,0,awake_base1_vs_lor,0.011164038997812552,0,gcc_regime_plus_confounds
sub-14,2,LOR_task2,1,awake_base1_vs_lor,0.6573658296467388,1,gcc_regime_plus_confounds
sub-14,3,LOR_task3,1,awake_base1_vs_lor,0.5970987770470234,1,gcc_regime_plus_confounds
sub-15,1,Base1,0,awake_base1_vs_lor,0.009451487642498228,0,gcc_regime_plus_confounds
sub-15,2,LOR_task2,1,awake_base1_vs_lor,0.858611556188367,1,gcc_regime_plus_confounds
sub-15,3,LOR_task3,1,awake_base1_vs_lor,0.8146586525962677,1,gcc_regime_plus_confounds
sub-16,1,Base1,0,awake_base1_vs_lor,0.011159814113545427,0,gcc_regime_plus_confounds
sub-16,3,LOR_task3,1,awake_base1_vs_lor,0.9995892097638219,1,gcc_regime_plus_confounds
sub-17,1,Base1,0,awake_base1_vs_lor,0.01392687183210656,0,gcc_regime_plus_confounds
sub-17,2,LOR_task2,1,awake_base1_vs_lor,0.9356775287448941,1,gcc_regime_plus_confounds
sub-17,3,LOR_task3,1,awake_base1_vs_lor,0.8256155756062348,1,gcc_regime_plus_confounds
sub-18,1,Base1,0,awake_base1_vs_lor,0.01032153628423503,0,gcc_regime_plus_confounds
sub-18,2,LOR_task2,1,awake_base1_vs_lor,0.9949624368840405,1,gcc_regime_plus_confounds
sub-18,3,LOR_task3,1,awake_base1_vs_lor,0.9960657465842641,1,gcc_regime_plus_confounds
sub-19,1,Base1,0,awake_base1_vs_lor,0.010407912481176434,0,gcc_regime_plus_confounds
sub-19,2,LOR_task2,1,awake_base1_vs_lor,0.9863382720549624,1,gcc_regime_plus_confounds
sub-19,3,LOR_task3,1,awake_base1_vs_lor,0.7598252754438869,1,gcc_regime_plus_confounds
sub-20,1,Base1,0,awake_base1_vs_lor,0.018541575743429815,0,gcc_regime_plus_confounds
sub-20,2,LOR_task2,1,awake_base1_vs_lor,0.996693464284185,1,gcc_regime_plus_confounds
sub-20,3,LOR_task3,1,awake_base1_vs_lor,0.9996754913325107,1,gcc_regime_plus_confounds
sub-21,1,Base1,0,awake_base1_vs_lor,0.021398049219064276,0,gcc_regime_plus_confounds
sub-21,2,LOR_task2,1,awake_base1_vs_lor,0.9958528086720086,1,gcc_regime_plus_confounds
sub-21,3,LOR_task3,1,awake_base1_vs_lor,0.9824171101648937,1,gcc_regime_plus_confounds
sub-22,1,Base1,0,awake_base1_vs_lor,0.008498704370230573,0,gcc_regime_plus_confounds
sub-22,2,LOR_task2,1,awake_base1_vs_lor,0.9945950058319336,1,gcc_regime_plus_confounds
sub-22,3,LOR_task3,1,awake_base1_vs_lor,0.9873923297843965,1,gcc_regime_plus_confounds
sub-23,1,Base1,0,awake_base1_vs_lor,0.006057241430028965,0,gcc_regime_plus_confounds
sub-23,2,LOR_task2,1,awake_base1_vs_lor,0.9958453797099707,1,gcc_regime_plus_confounds
sub-23,3,LOR_task3,1,awake_base1_vs_lor,0.99878153312142,1,gcc_regime_plus_confounds
sub-24,1,Base1,0,awake_base1_vs_lor,0.009908479669595299,0,gcc_regime_plus_confounds
sub-24,2,LOR_task2,1,awake_base1_vs_lor,0.8317048241421492,1,gcc_regime_plus_confounds
sub-24,3,LOR_task3,1,awake_base1_vs_lor,0.7461422937458834,1,gcc_regime_plus_confounds
sub-25,1,Base1,0,awake_base1_vs_lor,0.016112473433679504,0,gcc_regime_plus_confounds
sub-25,2,LOR_task2,1,awake_base1_vs_lor,0.9939967603640067,1,gcc_regime_plus_confounds
sub-25,3,LOR_task3,1,awake_base1_vs_lor,0.9894419258485886,1,gcc_regime_plus_confounds
sub-26,1,Base1,0,awake_base1_vs_lor,0.013590928893209724,0,gcc_regime_plus_confounds
sub-26,2,LOR_task2,1,awake_base1_vs_lor,0.9533572611805451,1,gcc_regime_plus_confounds
sub-26,3,LOR_task3,1,awake_base1_vs_lor,0.9672130936789148,1,gcc_regime_plus_confounds
sub-27,1,Base1,0,awake_base1_vs_lor,0.006293735214477481,0,gcc_regime_plus_confounds
sub-27,2,LOR_task2,1,awake_base1_vs_lor,0.9848326881295373,1,gcc_regime_plus_confounds
sub-27,3,LOR_task3,1,awake_base1_vs_lor,0.9911828748198928,1,gcc_regime_plus_confounds
sub-28,1,Base1,0,awake_base1_vs_lor,0.009444082016827875,0,gcc_regime_plus_confounds
sub-28,2,LOR_task2,1,awake_base1_vs_lor,0.99738302833777,1,gcc_regime_plus_confounds
sub-28,3,LOR_task3,1,awake_base1_vs_lor,0.9486347083016641,1,gcc_regime_plus_confounds
sub-29,1,Base1,0,awake_base1_vs_lor,0.008625938653829827,0,gcc_regime_plus_confounds
sub-29,2,LOR_task2,1,awake_base1_vs_lor,0.9999820168694412,1,gcc_regime_plus_confounds
sub-29,3,LOR_task3,1,awake_base1_vs_lor,0.9999986936939862,1,gcc_regime_plus_confounds
sub-30,1,Base1,0,awake_base1_vs_lor,0.023596195143288697,0,gcc_regime_plus_confounds
sub-30,2,LOR_task2,1,awake_base1_vs_lor,0.9789453904418323,1,gcc_regime_plus_confounds
sub-30,3,LOR_task3,1,awake_base1_vs_lor,0.9959798670633236,1,gcc_regime_plus_confounds
sub-02,1,Base1,0,awake_base1_vs_lor,0.009769547632962224,0,full_standard_plus_gcc
sub-02,2,LOR_task2,1,awake_base1_vs_lor,0.9950570973324787,1,full_standard_plus_gcc
sub-02,3,LOR_task3,1,awake_base1_vs_lor,0.9681315215329951,1,full_standard_plus_gcc
sub-03,1,Base1,0,awake_base1_vs_lor,0.005547018002206169,0,full_standard_plus_gcc
sub-03,2,LOR_task2,1,awake_base1_vs_lor,0.9963063987269308,1,full_standard_plus_gcc
sub-03,3,LOR_task3,1,awake_base1_vs_lor,0.9806058180015147,1,full_standard_plus_gcc
sub-04,1,Base1,0,awake_base1_vs_lor,0.006706957274390589,0,full_standard_plus_gcc
sub-04,2,LOR_task2,1,awake_base1_vs_lor,0.9882272804796841,1,full_standard_plus_gcc
sub-04,3,LOR_task3,1,awake_base1_vs_lor,0.9686908865105273,1,full_standard_plus_gcc
sub-05,1,Base1,0,awake_base1_vs_lor,0.01037021978111372,0,full_standard_plus_gcc
sub-05,2,LOR_task2,1,awake_base1_vs_lor,0.9932992694733905,1,full_standard_plus_gcc
sub-05,3,LOR_task3,1,awake_base1_vs_lor,0.9374715569993011,1,full_standard_plus_gcc
sub-06,1,Base1,0,awake_base1_vs_lor,0.007349833473385541,0,full_standard_plus_gcc
sub-06,2,LOR_task2,1,awake_base1_vs_lor,0.9659225553235082,1,full_standard_plus_gcc
sub-06,3,LOR_task3,1,awake_base1_vs_lor,0.7270778447568553,1,full_standard_plus_gcc
sub-07,1,Base1,0,awake_base1_vs_lor,0.011572283919037285,0,full_standard_plus_gcc
sub-07,2,LOR_task2,1,awake_base1_vs_lor,0.9967567287038903,1,full_standard_plus_gcc
sub-07,3,LOR_task3,1,awake_base1_vs_lor,0.9757234890296627,1,full_standard_plus_gcc
sub-11,1,Base1,0,awake_base1_vs_lor,0.006153047312327478,0,full_standard_plus_gcc
sub-11,2,LOR_task2,1,awake_base1_vs_lor,0.9271111027058192,1,full_standard_plus_gcc
sub-11,3,LOR_task3,1,awake_base1_vs_lor,0.9515000050644739,1,full_standard_plus_gcc
sub-12,1,Base1,0,awake_base1_vs_lor,0.012587822355205235,0,full_standard_plus_gcc
sub-12,2,LOR_task2,1,awake_base1_vs_lor,0.9595025483389628,1,full_standard_plus_gcc
sub-12,3,LOR_task3,1,awake_base1_vs_lor,0.974571183048508,1,full_standard_plus_gcc
sub-13,1,Base1,0,awake_base1_vs_lor,0.006004507179761797,0,full_standard_plus_gcc
sub-13,2,LOR_task2,1,awake_base1_vs_lor,0.9791060087345211,1,full_standard_plus_gcc
sub-13,3,LOR_task3,1,awake_base1_vs_lor,0.9811476033611315,1,full_standard_plus_gcc
sub-14,1,Base1,0,awake_base1_vs_lor,0.011737397666693976,0,full_standard_plus_gcc
sub-14,2,LOR_task2,1,awake_base1_vs_lor,0.6876040058378793,1,full_standard_plus_gcc
sub-14,3,LOR_task3,1,awake_base1_vs_lor,0.6060421093546289,1,full_standard_plus_gcc
sub-15,1,Base1,0,awake_base1_vs_lor,0.008359076082886928,0,full_standard_plus_gcc
sub-15,2,LOR_task2,1,awake_base1_vs_lor,0.8659293185148061,1,full_standard_plus_gcc
sub-15,3,LOR_task3,1,awake_base1_vs_lor,0.85490299363541,1,full_standard_plus_gcc
sub-16,1,Base1,0,awake_base1_vs_lor,0.010453641701445214,0,full_standard_plus_gcc
sub-16,3,LOR_task3,1,awake_base1_vs_lor,0.9997709559424223,1,full_standard_plus_gcc
sub-17,1,Base1,0,awake_base1_vs_lor,0.014265675001388112,0,full_standard_plus_gcc
sub-17,2,LOR_task2,1,awake_base1_vs_lor,0.9205350127619015,1,full_standard_plus_gcc
sub-17,3,LOR_task3,1,awake_base1_vs_lor,0.8021097870889888,1,full_standard_plus_gcc
sub-18,1,Base1,0,awake_base1_vs_lor,0.009531887399693966,0,full_standard_plus_gcc
sub-18,2,LOR_task2,1,awake_base1_vs_lor,0.9945703634836729,1,full_standard_plus_gcc
sub-18,3,LOR_task3,1,awake_base1_vs_lor,0.9959954722138195,1,full_standard_plus_gcc
sub-19,1,Base1,0,awake_base1_vs_lor,0.009471200081078615,0,full_standard_plus_gcc
sub-19,2,LOR_task2,1,awake_base1_vs_lor,0.9881498069596103,1,full_standard_plus_gcc
sub-19,3,LOR_task3,1,awake_base1_vs_lor,0.7365315164414231,1,full_standard_plus_gcc
sub-20,1,Base1,0,awake_base1_vs_lor,0.020555907947772754,0,full_standard_plus_gcc
sub-20,2,LOR_task2,1,awake_base1_vs_lor,0.9954989417906565,1,full_standard_plus_gcc
sub-20,3,LOR_task3,1,awake_base1_vs_lor,0.9997236973789092,1,full_standard_plus_gcc
sub-21,1,Base1,0,awake_base1_vs_lor,0.02478195634430633,0,full_standard_plus_gcc
sub-21,2,LOR_task2,1,awake_base1_vs_lor,0.9963430824150988,1,full_standard_plus_gcc
sub-21,3,LOR_task3,1,awake_base1_vs_lor,0.9822406634647401,1,full_standard_plus_gcc
sub-22,1,Base1,0,awake_base1_vs_lor,0.007518113854128736,0,full_standard_plus_gcc
sub-22,2,LOR_task2,1,awake_base1_vs_lor,0.992670648069416,1,full_standard_plus_gcc
sub-22,3,LOR_task3,1,awake_base1_vs_lor,0.9867234069926524,1,full_standard_plus_gcc
sub-23,1,Base1,0,awake_base1_vs_lor,0.005167611028820017,0,full_standard_plus_gcc
sub-23,2,LOR_task2,1,awake_base1_vs_lor,0.9955537857058256,1,full_standard_plus_gcc
sub-23,3,LOR_task3,1,awake_base1_vs_lor,0.998802768084979,1,full_standard_plus_gcc
sub-24,1,Base1,0,awake_base1_vs_lor,0.00907804048950654,0,full_standard_plus_gcc
sub-24,2,LOR_task2,1,awake_base1_vs_lor,0.8184842675392221,1,full_standard_plus_gcc
sub-24,3,LOR_task3,1,awake_base1_vs_lor,0.692201145305884,1,full_standard_plus_gcc
sub-25,1,Base1,0,awake_base1_vs_lor,0.017369352285405277,0,full_standard_plus_gcc
sub-25,2,LOR_task2,1,awake_base1_vs_lor,0.9932717022966784,1,full_standard_plus_gcc
sub-25,3,LOR_task3,1,awake_base1_vs_lor,0.9911333106429671,1,full_standard_plus_gcc
sub-26,1,Base1,0,awake_base1_vs_lor,0.013052961176644246,0,full_standard_plus_gcc
sub-26,2,LOR_task2,1,awake_base1_vs_lor,0.95311832509897,1,full_standard_plus_gcc
sub-26,3,LOR_task3,1,awake_base1_vs_lor,0.9726412922442857,1,full_standard_plus_gcc
sub-27,1,Base1,0,awake_base1_vs_lor,0.004937748961445534,0,full_standard_plus_gcc
sub-27,2,LOR_task2,1,awake_base1_vs_lor,0.9875695987973293,1,full_standard_plus_gcc
sub-27,3,LOR_task3,1,awake_base1_vs_lor,0.9932339236073982,1,full_standard_plus_gcc
sub-28,1,Base1,0,awake_base1_vs_lor,0.008352329491071314,0,full_standard_plus_gcc
sub-28,2,LOR_task2,1,awake_base1_vs_lor,0.997068784018972,1,full_standard_plus_gcc
sub-28,3,LOR_task3,1,awake_base1_vs_lor,0.9469771985815513,1,full_standard_plus_gcc
sub-29,1,Base1,0,awake_base1_vs_lor,0.0076793682274027796,0,full_standard_plus_gcc
sub-29,2,LOR_task2,1,awake_base1_vs_lor,0.9999817839549168,1,full_standard_plus_gcc
sub-29,3,LOR_task3,1,awake_base1_vs_lor,0.9999991121904546,1,full_standard_plus_gcc
sub-30,1,Base1,0,awake_base1_vs_lor,0.024452452737610854,0,full_standard_plus_gcc
sub-30,2,LOR_task2,1,awake_base1_vs_lor,0.9822781424103736,1,full_standard_plus_gcc
sub-30,3,LOR_task3,1,awake_base1_vs_lor,0.9956274152389691,1,full_standard_plus_gcc
sub-02,1,Base1,0,responsive_vs_lor_all_phases,0.005384631117467687,0,confounds_motion_propofol
sub-02,4,Base2,0,responsive_vs_lor_all_phases,0.01809600561146878,0,confounds_motion_propofol
sub-02,2,LOR_task2,1,responsive_vs_lor_all_phases,0.9347417163974546,1,confounds_motion_propofol
sub-02,3,LOR_task3,1,responsive_vs_lor_all_phases,0.697851174593059,1,confounds_motion_propofol
sub-02,2,PreLOR,0,responsive_vs_lor_all_phases,0.058861130817687436,0,confounds_motion_propofol
sub-02,3,ROR,0,responsive_vs_lor_all_phases,0.05046197657261362,0,confounds_motion_propofol
sub-03,1,Base1,0,responsive_vs_lor_all_phases,0.006899390641257992,0,confounds_motion_propofol
sub-03,4,Base2,0,responsive_vs_lor_all_phases,0.01691043406447035,0,confounds_motion_propofol
sub-03,2,LOR_task2,1,responsive_vs_lor_all_phases,0.9713134021474639,1,confounds_motion_propofol
sub-03,3,LOR_task3,1,responsive_vs_lor_all_phases,0.7999158060146654,1,confounds_motion_propofol
sub-03,2,PreLOR,0,responsive_vs_lor_all_phases,0.14945122899270621,0,confounds_motion_propofol
sub-03,3,ROR,0,responsive_vs_lor_all_phases,0.12164876285588187,0,confounds_motion_propofol
sub-04,1,Base1,0,responsive_vs_lor_all_phases,0.0047105146440567175,0,confounds_motion_propofol
sub-04,4,Base2,0,responsive_vs_lor_all_phases,0.01617096624087986,0,confounds_motion_propofol
sub-04,2,LOR_task2,1,responsive_vs_lor_all_phases,0.9785935278676673,1,confounds_motion_propofol
sub-04,3,LOR_task3,1,responsive_vs_lor_all_phases,0.46938821738668896,0,confounds_motion_propofol
sub-04,2,PreLOR,0,responsive_vs_lor_all_phases,0.11430491769491519,0,confounds_motion_propofol
sub-04,3,ROR,0,responsive_vs_lor_all_phases,0.032056750588274854,0,confounds_motion_propofol
sub-05,1,Base1,0,responsive_vs_lor_all_phases,0.006247349644058514,0,confounds_motion_propofol
sub-05,4,Base2,0,responsive_vs_lor_all_phases,0.02130158218213481,0,confounds_motion_propofol
sub-05,2,LOR_task2,1,responsive_vs_lor_all_phases,0.9301456456973491,1,confounds_motion_propofol
sub-05,3,LOR_task3,1,responsive_vs_lor_all_phases,0.7904451864081193,1,confounds_motion_propofol
sub-05,2,PreLOR,0,responsive_vs_lor_all_phases,0.07036597903916082,0,confounds_motion_propofol
sub-05,3,ROR,0,responsive_vs_lor_all_phases,0.06481755377438773,0,confounds_motion_propofol
sub-06,1,Base1,0,responsive_vs_lor_all_phases,0.007086575014959922,0,confounds_motion_propofol
sub-06,4,Base2,0,responsive_vs_lor_all_phases,0.04063325827799875,0,confounds_motion_propofol
sub-06,2,LOR_task2,1,responsive_vs_lor_all_phases,0.9470017062468504,1,confounds_motion_propofol
sub-06,3,LOR_task3,1,responsive_vs_lor_all_phases,0.4086289094222193,0,confounds_motion_propofol
sub-06,2,PreLOR,0,responsive_vs_lor_all_phases,0.11890270002559854,0,confounds_motion_propofol
sub-06,3,ROR,0,responsive_vs_lor_all_phases,0.24077922801243612,0,confounds_motion_propofol
sub-07,1,Base1,0,responsive_vs_lor_all_phases,0.006140727557398864,0,confounds_motion_propofol
sub-07,4,Base2,0,responsive_vs_lor_all_phases,0.023537065244354075,0,confounds_motion_propofol
sub-07,2,LOR_task2,1,responsive_vs_lor_all_phases,0.9592860515295244,1,confounds_motion_propofol
sub-07,3,LOR_task3,1,responsive_vs_lor_all_phases,0.38616380032239694,0,confounds_motion_propofol
sub-07,2,PreLOR,0,responsive_vs_lor_all_phases,0.1712824257168178,0,confounds_motion_propofol
sub-07,3,ROR,0,responsive_vs_lor_all_phases,0.04677971802645186,0,confounds_motion_propofol
sub-11,1,Base1,0,responsive_vs_lor_all_phases,0.005713301024878815,0,confounds_motion_propofol
sub-11,4,Base2,0,responsive_vs_lor_all_phases,0.009658086093030588,0,confounds_motion_propofol
sub-11,2,LOR_task2,1,responsive_vs_lor_all_phases,0.774560574164411,1,confounds_motion_propofol
sub-11,3,LOR_task3,1,responsive_vs_lor_all_phases,0.5129831403623916,1,confounds_motion_propofol
sub-11,2,PreLOR,0,responsive_vs_lor_all_phases,0.07868848152729388,0,confounds_motion_propofol
sub-11,3,ROR,0,responsive_vs_lor_all_phases,0.05651972116204889,0,confounds_motion_propofol
sub-12,1,Base1,0,responsive_vs_lor_all_phases,0.005216258959900229,0,confounds_motion_propofol
sub-12,4,Base2,0,responsive_vs_lor_all_phases,0.0429319248932223,0,confounds_motion_propofol
sub-12,2,LOR_task2,1,responsive_vs_lor_all_phases,0.9714019849041841,1,confounds_motion_propofol
sub-12,3,LOR_task3,1,responsive_vs_lor_all_phases,0.981720981693856,1,confounds_motion_propofol
sub-12,2,PreLOR,0,responsive_vs_lor_all_phases,0.1605504763710572,0,confounds_motion_propofol
sub-12,3,ROR,0,responsive_vs_lor_all_phases,0.11067384738841846,0,confounds_motion_propofol
sub-13,1,Base1,0,responsive_vs_lor_all_phases,0.0058058415254840755,0,confounds_motion_propofol
sub-13,4,Base2,0,responsive_vs_lor_all_phases,0.03993219370730137,0,confounds_motion_propofol
sub-13,2,LOR_task2,1,responsive_vs_lor_all_phases,0.969323969282214,1,confounds_motion_propofol
sub-13,3,LOR_task3,1,responsive_vs_lor_all_phases,0.9828548333728775,1,confounds_motion_propofol
sub-13,2,PreLOR,0,responsive_vs_lor_all_phases,0.15560593524788296,0,confounds_motion_propofol
sub-13,3,ROR,0,responsive_vs_lor_all_phases,0.17063385225759226,0,confounds_motion_propofol
sub-14,1,Base1,0,responsive_vs_lor_all_phases,0.004730825212825005,0,confounds_motion_propofol
sub-14,4,Base2,0,responsive_vs_lor_all_phases,0.021692673316336855,0,confounds_motion_propofol
sub-14,2,LOR_task2,1,responsive_vs_lor_all_phases,0.6417559935195588,1,confounds_motion_propofol
sub-14,3,LOR_task3,1,responsive_vs_lor_all_phases,0.7149580061872535,1,confounds_motion_propofol
sub-14,2,PreLOR,0,responsive_vs_lor_all_phases,0.04560111381431063,0,confounds_motion_propofol
sub-15,1,Base1,0,responsive_vs_lor_all_phases,0.002422751526673328,0,confounds_motion_propofol
sub-15,4,Base2,0,responsive_vs_lor_all_phases,0.00933392112552377,0,confounds_motion_propofol
sub-15,2,LOR_task2,1,responsive_vs_lor_all_phases,0.4347254771258587,0,confounds_motion_propofol
sub-15,3,LOR_task3,1,responsive_vs_lor_all_phases,0.11657124548591906,0,confounds_motion_propofol
sub-15,2,PreLOR,0,responsive_vs_lor_all_phases,0.009489632004465533,0,confounds_motion_propofol
sub-15,3,ROR,0,responsive_vs_lor_all_phases,0.16069098848484453,0,confounds_motion_propofol
sub-16,1,Base1,0,responsive_vs_lor_all_phases,0.004458575037043211,0,confounds_motion_propofol
sub-16,4,Base2,0,responsive_vs_lor_all_phases,0.07691447823716747,0,confounds_motion_propofol
sub-16,3,LOR_task3,1,responsive_vs_lor_all_phases,0.9997638193118596,1,confounds_motion_propofol
sub-16,2,PreLOR,0,responsive_vs_lor_all_phases,0.6475381540363115,1,confounds_motion_propofol
sub-16,3,ROR,0,responsive_vs_lor_all_phases,0.7190644756559809,1,confounds_motion_propofol
sub-17,1,Base1,0,responsive_vs_lor_all_phases,0.007409754736282804,0,confounds_motion_propofol
sub-17,4,Base2,0,responsive_vs_lor_all_phases,0.05360290834085442,0,confounds_motion_propofol
sub-17,2,LOR_task2,1,responsive_vs_lor_all_phases,0.7148563509165092,1,confounds_motion_propofol
sub-17,3,LOR_task3,1,responsive_vs_lor_all_phases,0.658025053092648,1,confounds_motion_propofol
sub-17,2,PreLOR,0,responsive_vs_lor_all_phases,0.3687785871350332,0,confounds_motion_propofol
sub-17,3,ROR,0,responsive_vs_lor_all_phases,0.14802332344211927,0,confounds_motion_propofol
sub-18,1,Base1,0,responsive_vs_lor_all_phases,0.005483664977683326,0,confounds_motion_propofol
sub-18,4,Base2,0,responsive_vs_lor_all_phases,0.10240134843031294,0,confounds_motion_propofol
sub-18,2,LOR_task2,1,responsive_vs_lor_all_phases,0.990585994020136,1,confounds_motion_propofol
sub-18,3,LOR_task3,1,responsive_vs_lor_all_phases,0.9977757803112443,1,confounds_motion_propofol
sub-18,2,PreLOR,0,responsive_vs_lor_all_phases,0.3181857686924524,0,confounds_motion_propofol
sub-19,1,Base1,0,responsive_vs_lor_all_phases,0.005452073206855471,0,confounds_motion_propofol
sub-19,4,Base2,0,responsive_vs_lor_all_phases,0.03962821440315301,0,confounds_motion_propofol
sub-19,2,LOR_task2,1,responsive_vs_lor_all_phases,0.965486548853646,1,confounds_motion_propofol
sub-19,3,LOR_task3,1,responsive_vs_lor_all_phases,0.37460260574684184,0,confounds_motion_propofol
sub-19,2,PreLOR,0,responsive_vs_lor_all_phases,0.3410157679448038,0,confounds_motion_propofol
sub-19,3,ROR,0,responsive_vs_lor_all_phases,0.10935400585130699,0,confounds_motion_propofol
sub-20,1,Base1,0,responsive_vs_lor_all_phases,0.0048102604567390956,0,confounds_motion_propofol
sub-20,4,Base2,0,responsive_vs_lor_all_phases,0.3482469098813565,0,confounds_motion_propofol
sub-20,2,LOR_task2,1,responsive_vs_lor_all_phases,0.9998878090261629,1,confounds_motion_propofol
sub-20,3,LOR_task3,1,responsive_vs_lor_all_phases,0.9990152185973684,1,confounds_motion_propofol
sub-20,2,PreLOR,0,responsive_vs_lor_all_phases,0.8660483176818761,1,confounds_motion_propofol
sub-20,3,ROR,0,responsive_vs_lor_all_phases,0.47478988353880597,0,confounds_motion_propofol
sub-21,1,Base1,0,responsive_vs_lor_all_phases,0.005524654103310009,0,confounds_motion_propofol
sub-21,4,Base2,0,responsive_vs_lor_all_phases,0.06169084926820234,0,confounds_motion_propofol
sub-21,2,LOR_task2,1,responsive_vs_lor_all_phases,0.9920088010673227,1,confounds_motion_propofol
sub-21,3,LOR_task3,1,responsive_vs_lor_all_phases,0.9883857675219343,1,confounds_motion_propofol
sub-21,2,PreLOR,0,responsive_vs_lor_all_phases,0.5910761653844491,1,confounds_motion_propofol
sub-21,3,ROR,0,responsive_vs_lor_all_phases,0.20896719970649774,0,confounds_motion_propofol
sub-22,1,Base1,0,responsive_vs_lor_all_phases,0.004804917539968915,0,confounds_motion_propofol
sub-22,4,Base2,0,responsive_vs_lor_all_phases,0.15986272797774229,0,confounds_motion_propofol
sub-22,2,LOR_task2,1,responsive_vs_lor_all_phases,0.9986035398790477,1,confounds_motion_propofol
sub-22,3,LOR_task3,1,responsive_vs_lor_all_phases,0.9828010989184107,1,confounds_motion_propofol
sub-22,2,PreLOR,0,responsive_vs_lor_all_phases,0.7456339955770376,1,confounds_motion_propofol
sub-23,1,Base1,0,responsive_vs_lor_all_phases,0.0056901266009566675,0,confounds_motion_propofol
sub-23,4,Base2,0,responsive_vs_lor_all_phases,0.06468878015752166,0,confounds_motion_propofol
sub-23,2,LOR_task2,1,responsive_vs_lor_all_phases,0.9931076039177007,1,confounds_motion_propofol
sub-23,3,LOR_task3,1,responsive_vs_lor_all_phases,0.9949069385475533,1,confounds_motion_propofol
sub-23,2,PreLOR,0,responsive_vs_lor_all_phases,0.5741068332102873,1,confounds_motion_propofol
sub-23,3,ROR,0,responsive_vs_lor_all_phases,0.18421116773186164,0,confounds_motion_propofol
sub-24,1,Base1,0,responsive_vs_lor_all_phases,0.006515727778215634,0,confounds_motion_propofol
sub-24,4,Base2,0,responsive_vs_lor_all_phases,0.056289185455879465,0,confounds_motion_propofol
sub-24,2,LOR_task2,1,responsive_vs_lor_all_phases,0.9360049797873149,1,confounds_motion_propofol
sub-24,3,LOR_task3,1,responsive_vs_lor_all_phases,0.5290502360085945,1,confounds_motion_propofol
sub-24,2,PreLOR,0,responsive_vs_lor_all_phases,0.2598246310495747,0,confounds_motion_propofol
sub-25,1,Base1,0,responsive_vs_lor_all_phases,0.005814338647372005,0,confounds_motion_propofol
sub-25,4,Base2,0,responsive_vs_lor_all_phases,0.177909641842652,0,confounds_motion_propofol
sub-25,2,LOR_task2,1,responsive_vs_lor_all_phases,0.9986826771602312,1,confounds_motion_propofol
sub-25,3,LOR_task3,1,responsive_vs_lor_all_phases,0.9512559412205162,1,confounds_motion_propofol
sub-25,2,PreLOR,0,responsive_vs_lor_all_phases,0.8387010949902024,1,confounds_motion_propofol
sub-26,1,Base1,0,responsive_vs_lor_all_phases,0.008519756510990554,0,confounds_motion_propofol
sub-26,4,Base2,0,responsive_vs_lor_all_phases,0.04270087464586251,0,confounds_motion_propofol
sub-26,2,LOR_task2,1,responsive_vs_lor_all_phases,0.9645557118627969,1,confounds_motion_propofol
sub-26,3,LOR_task3,1,responsive_vs_lor_all_phases,0.9593061915315668,1,confounds_motion_propofol
sub-26,2,PreLOR,0,responsive_vs_lor_all_phases,0.4546816245317808,0,confounds_motion_propofol
sub-26,3,ROR,0,responsive_vs_lor_all_phases,0.16317515161448987,0,confounds_motion_propofol
sub-27,1,Base1,0,responsive_vs_lor_all_phases,0.006202650229049811,0,confounds_motion_propofol
sub-27,4,Base2,0,responsive_vs_lor_all_phases,0.03882084276124999,0,confounds_motion_propofol
sub-27,2,LOR_task2,1,responsive_vs_lor_all_phases,0.878323047109557,1,confounds_motion_propofol
sub-27,3,LOR_task3,1,responsive_vs_lor_all_phases,0.9195739967980002,1,confounds_motion_propofol
sub-27,2,PreLOR,0,responsive_vs_lor_all_phases,0.12222581594708672,0,confounds_motion_propofol
sub-27,3,ROR,0,responsive_vs_lor_all_phases,0.13497822426109957,0,confounds_motion_propofol
sub-28,1,Base1,0,responsive_vs_lor_all_phases,0.00659009995965531,0,confounds_motion_propofol
sub-28,4,Base2,0,responsive_vs_lor_all_phases,0.05119350637346959,0,confounds_motion_propofol
sub-28,2,LOR_task2,1,responsive_vs_lor_all_phases,0.9950073583984407,1,confounds_motion_propofol
sub-28,3,LOR_task3,1,responsive_vs_lor_all_phases,0.9541669383473357,1,confounds_motion_propofol
sub-28,2,PreLOR,0,responsive_vs_lor_all_phases,0.8238613921405076,1,confounds_motion_propofol
sub-29,1,Base1,0,responsive_vs_lor_all_phases,0.006904082630165059,0,confounds_motion_propofol
sub-29,2,LOR_task2,1,responsive_vs_lor_all_phases,0.9999958772163423,1,confounds_motion_propofol
sub-29,3,LOR_task3,1,responsive_vs_lor_all_phases,0.9999998431820596,1,confounds_motion_propofol
sub-29,2,PreLOR,0,responsive_vs_lor_all_phases,0.9221999379228744,1,confounds_motion_propofol
sub-30,1,Base1,0,responsive_vs_lor_all_phases,0.005235272593115235,0,confounds_motion_propofol
sub-30,4,Base2,0,responsive_vs_lor_all_phases,0.05220006338179186,0,confounds_motion_propofol
sub-30,2,LOR_task2,1,responsive_vs_lor_all_phases,0.9582979816489146,1,confounds_motion_propofol
sub-30,3,LOR_task3,1,responsive_vs_lor_all_phases,0.9975875192135703,1,confounds_motion_propofol
sub-30,2,PreLOR,0,responsive_vs_lor_all_phases,0.5597890052863246,1,confounds_motion_propofol
sub-30,3,ROR,0,responsive_vs_lor_all_phases,0.3356210491228177,0,confounds_motion_propofol
sub-02,1,Base1,0,responsive_vs_lor_all_phases,0.0039126957593716314,0,standard_fc_plus_confounds
sub-02,4,Base2,0,responsive_vs_lor_all_phases,0.022686509918124754,0,standard_fc_plus_confounds
sub-02,2,LOR_task2,1,responsive_vs_lor_all_phases,0.9804915876075988,1,standard_fc_plus_confounds
sub-02,3,LOR_task3,1,responsive_vs_lor_all_phases,0.8990589052830193,1,standard_fc_plus_confounds
sub-02,2,PreLOR,0,responsive_vs_lor_all_phases,0.06714076026790806,0,standard_fc_plus_confounds
sub-02,3,ROR,0,responsive_vs_lor_all_phases,0.06446216295097403,0,standard_fc_plus_confounds
sub-03,1,Base1,0,responsive_vs_lor_all_phases,0.004129194640072038,0,standard_fc_plus_confounds
sub-03,4,Base2,0,responsive_vs_lor_all_phases,0.014239267533305512,0,standard_fc_plus_confounds
sub-03,2,LOR_task2,1,responsive_vs_lor_all_phases,0.9848498516976145,1,standard_fc_plus_confounds
sub-03,3,LOR_task3,1,responsive_vs_lor_all_phases,0.5697707723202489,1,standard_fc_plus_confounds
sub-03,2,PreLOR,0,responsive_vs_lor_all_phases,0.09848855235404395,0,standard_fc_plus_confounds
sub-03,3,ROR,0,responsive_vs_lor_all_phases,0.048202614617174414,0,standard_fc_plus_confounds
sub-04,1,Base1,0,responsive_vs_lor_all_phases,0.0021985015548953075,0,standard_fc_plus_confounds
sub-04,4,Base2,0,responsive_vs_lor_all_phases,0.005012276748148926,0,standard_fc_plus_confounds
sub-04,2,LOR_task2,1,responsive_vs_lor_all_phases,0.9775273777460887,1,standard_fc_plus_confounds
sub-04,3,LOR_task3,1,responsive_vs_lor_all_phases,0.6025056635009733,1,standard_fc_plus_confounds
sub-04,2,PreLOR,0,responsive_vs_lor_all_phases,0.1417064870881828,0,standard_fc_plus_confounds
sub-04,3,ROR,0,responsive_vs_lor_all_phases,0.022863718306265792,0,standard_fc_plus_confounds
sub-05,1,Base1,0,responsive_vs_lor_all_phases,0.006117965197355889,0,standard_fc_plus_confounds
sub-05,4,Base2,0,responsive_vs_lor_all_phases,0.037745388744936055,0,standard_fc_plus_confounds
sub-05,2,LOR_task2,1,responsive_vs_lor_all_phases,0.962383183623238,1,standard_fc_plus_confounds
sub-05,3,LOR_task3,1,responsive_vs_lor_all_phases,0.7648400278825561,1,standard_fc_plus_confounds
sub-05,2,PreLOR,0,responsive_vs_lor_all_phases,0.08853681918811784,0,standard_fc_plus_confounds
sub-05,3,ROR,0,responsive_vs_lor_all_phases,0.07515781283232129,0,standard_fc_plus_confounds
sub-06,1,Base1,0,responsive_vs_lor_all_phases,0.002150551050815236,0,standard_fc_plus_confounds
sub-06,4,Base2,0,responsive_vs_lor_all_phases,0.020042015130954452,0,standard_fc_plus_confounds
sub-06,2,LOR_task2,1,responsive_vs_lor_all_phases,0.8388873403786977,1,standard_fc_plus_confounds
sub-06,3,LOR_task3,1,responsive_vs_lor_all_phases,0.22255210882998974,0,standard_fc_plus_confounds
sub-06,2,PreLOR,0,responsive_vs_lor_all_phases,0.1381868925535781,0,standard_fc_plus_confounds
sub-06,3,ROR,0,responsive_vs_lor_all_phases,0.8352119310389281,1,standard_fc_plus_confounds
sub-07,1,Base1,0,responsive_vs_lor_all_phases,0.0032203523955547718,0,standard_fc_plus_confounds
sub-07,4,Base2,0,responsive_vs_lor_all_phases,0.009184877353082797,0,standard_fc_plus_confounds
sub-07,2,LOR_task2,1,responsive_vs_lor_all_phases,0.9876936550190725,1,standard_fc_plus_confounds
sub-07,3,LOR_task3,1,responsive_vs_lor_all_phases,0.5030994277255293,1,standard_fc_plus_confounds
sub-07,2,PreLOR,0,responsive_vs_lor_all_phases,0.1588993399735764,0,standard_fc_plus_confounds
sub-07,3,ROR,0,responsive_vs_lor_all_phases,0.055177426643359694,0,standard_fc_plus_confounds
sub-11,1,Base1,0,responsive_vs_lor_all_phases,0.0030810279102768475,0,standard_fc_plus_confounds
sub-11,4,Base2,0,responsive_vs_lor_all_phases,0.0045793535316755,0,standard_fc_plus_confounds
sub-11,2,LOR_task2,1,responsive_vs_lor_all_phases,0.8609044024880413,1,standard_fc_plus_confounds
sub-11,3,LOR_task3,1,responsive_vs_lor_all_phases,0.8049832553494503,1,standard_fc_plus_confounds
sub-11,2,PreLOR,0,responsive_vs_lor_all_phases,0.08348635333882119,0,standard_fc_plus_confounds
sub-11,3,ROR,0,responsive_vs_lor_all_phases,0.04005110629382176,0,standard_fc_plus_confounds
sub-12,1,Base1,0,responsive_vs_lor_all_phases,0.006418752465719486,0,standard_fc_plus_confounds
sub-12,4,Base2,0,responsive_vs_lor_all_phases,0.0299619792864669,0,standard_fc_plus_confounds
sub-12,2,LOR_task2,1,responsive_vs_lor_all_phases,0.9707199523052882,1,standard_fc_plus_confounds
sub-12,3,LOR_task3,1,responsive_vs_lor_all_phases,0.9711859930710265,1,standard_fc_plus_confounds
sub-12,2,PreLOR,0,responsive_vs_lor_all_phases,0.13590627395223423,0,standard_fc_plus_confounds
sub-12,3,ROR,0,responsive_vs_lor_all_phases,0.053323443135121544,0,standard_fc_plus_confounds
sub-13,1,Base1,0,responsive_vs_lor_all_phases,0.002393495198893497,0,standard_fc_plus_confounds
sub-13,4,Base2,0,responsive_vs_lor_all_phases,0.00947330302784642,0,standard_fc_plus_confounds
sub-13,2,LOR_task2,1,responsive_vs_lor_all_phases,0.9695576978723003,1,standard_fc_plus_confounds
sub-13,3,LOR_task3,1,responsive_vs_lor_all_phases,0.971977118139089,1,standard_fc_plus_confounds
sub-13,2,PreLOR,0,responsive_vs_lor_all_phases,0.17909056190202985,0,standard_fc_plus_confounds
sub-13,3,ROR,0,responsive_vs_lor_all_phases,0.13684320586399523,0,standard_fc_plus_confounds
sub-14,1,Base1,0,responsive_vs_lor_all_phases,0.006647612039727862,0,standard_fc_plus_confounds
sub-14,4,Base2,0,responsive_vs_lor_all_phases,0.008318431666441377,0,standard_fc_plus_confounds
sub-14,2,LOR_task2,1,responsive_vs_lor_all_phases,0.8002852603156511,1,standard_fc_plus_confounds
sub-14,3,LOR_task3,1,responsive_vs_lor_all_phases,0.7337736079856331,1,standard_fc_plus_confounds
sub-14,2,PreLOR,0,responsive_vs_lor_all_phases,0.029753270826850836,0,standard_fc_plus_confounds
sub-15,1,Base1,0,responsive_vs_lor_all_phases,0.002950319832559149,0,standard_fc_plus_confounds
sub-15,4,Base2,0,responsive_vs_lor_all_phases,0.008686616510101317,0,standard_fc_plus_confounds
sub-15,2,LOR_task2,1,responsive_vs_lor_all_phases,0.5050917030136801,1,standard_fc_plus_confounds
sub-15,3,LOR_task3,1,responsive_vs_lor_all_phases,0.27835822752500217,0,standard_fc_plus_confounds
sub-15,2,PreLOR,0,responsive_vs_lor_all_phases,0.0195472453321595,0,standard_fc_plus_confounds
sub-15,3,ROR,0,responsive_vs_lor_all_phases,0.16745404250308293,0,standard_fc_plus_confounds
sub-16,1,Base1,0,responsive_vs_lor_all_phases,0.0029667060017580225,0,standard_fc_plus_confounds
sub-16,4,Base2,0,responsive_vs_lor_all_phases,0.02434932384190868,0,standard_fc_plus_confounds
sub-16,3,LOR_task3,1,responsive_vs_lor_all_phases,0.9999343334302147,1,standard_fc_plus_confounds
sub-16,2,PreLOR,0,responsive_vs_lor_all_phases,0.5729518094928554,1,standard_fc_plus_confounds
sub-16,3,ROR,0,responsive_vs_lor_all_phases,0.902625994148436,1,standard_fc_plus_confounds
sub-17,1,Base1,0,responsive_vs_lor_all_phases,0.0027428191353995107,0,standard_fc_plus_confounds
sub-17,4,Base2,0,responsive_vs_lor_all_phases,0.03852619829346549,0,standard_fc_plus_confounds
sub-17,2,LOR_task2,1,responsive_vs_lor_all_phases,0.729842214591754,1,standard_fc_plus_confounds
sub-17,3,LOR_task3,1,responsive_vs_lor_all_phases,0.474982025254868,0,standard_fc_plus_confounds
sub-17,2,PreLOR,0,responsive_vs_lor_all_phases,0.1842387086536909,0,standard_fc_plus_confounds
sub-17,3,ROR,0,responsive_vs_lor_all_phases,0.3513055679839685,0,standard_fc_plus_confounds
sub-18,1,Base1,0,responsive_vs_lor_all_phases,0.0027844048946110665,0,standard_fc_plus_confounds
sub-18,4,Base2,0,responsive_vs_lor_all_phases,0.06659769147852128,0,standard_fc_plus_confounds
sub-18,2,LOR_task2,1,responsive_vs_lor_all_phases,0.9797459971686371,1,standard_fc_plus_confounds
sub-18,3,LOR_task3,1,responsive_vs_lor_all_phases,0.9968652534920831,1,standard_fc_plus_confounds
sub-18,2,PreLOR,0,responsive_vs_lor_all_phases,0.13386865959462407,0,standard_fc_plus_confounds
sub-19,1,Base1,0,responsive_vs_lor_all_phases,0.004041376820626462,0,standard_fc_plus_confounds
sub-19,4,Base2,0,responsive_vs_lor_all_phases,0.008104884961482844,0,standard_fc_plus_confounds
sub-19,2,LOR_task2,1,responsive_vs_lor_all_phases,0.985363888278704,1,standard_fc_plus_confounds
sub-19,3,LOR_task3,1,responsive_vs_lor_all_phases,0.10701107060955206,0,standard_fc_plus_confounds
sub-19,2,PreLOR,0,responsive_vs_lor_all_phases,0.15420982791964716,0,standard_fc_plus_confounds
sub-19,3,ROR,0,responsive_vs_lor_all_phases,0.01925097112171417,0,standard_fc_plus_confounds
sub-20,1,Base1,0,responsive_vs_lor_all_phases,0.011057669339116978,0,standard_fc_plus_confounds
sub-20,4,Base2,0,responsive_vs_lor_all_phases,0.13186951633225913,0,standard_fc_plus_confounds
sub-20,2,LOR_task2,1,responsive_vs_lor_all_phases,0.99935489068594,1,standard_fc_plus_confounds
sub-20,3,LOR_task3,1,responsive_vs_lor_all_phases,0.9988500659304582,1,standard_fc_plus_confounds
sub-20,2,PreLOR,0,responsive_vs_lor_all_phases,0.8852671498096618,1,standard_fc_plus_confounds
sub-20,3,ROR,0,responsive_vs_lor_all_phases,0.5405838991691024,1,standard_fc_plus_confounds
sub-21,1,Base1,0,responsive_vs_lor_all_phases,0.016829600936875064,0,standard_fc_plus_confounds
sub-21,4,Base2,0,responsive_vs_lor_all_phases,0.023460049307851442,0,standard_fc_plus_confounds
sub-21,2,LOR_task2,1,responsive_vs_lor_all_phases,0.9968988652828517,1,standard_fc_plus_confounds
sub-21,3,LOR_task3,1,responsive_vs_lor_all_phases,0.9924741554423456,1,standard_fc_plus_confounds
sub-21,2,PreLOR,0,responsive_vs_lor_all_phases,0.5568252711603742,1,standard_fc_plus_confounds
sub-21,3,ROR,0,responsive_vs_lor_all_phases,0.2815053456665295,0,standard_fc_plus_confounds
sub-22,1,Base1,0,responsive_vs_lor_all_phases,0.002256097595831026,0,standard_fc_plus_confounds
sub-22,4,Base2,0,responsive_vs_lor_all_phases,0.11019105192360647,0,standard_fc_plus_confounds
sub-22,2,LOR_task2,1,responsive_vs_lor_all_phases,0.9876087955368161,1,standard_fc_plus_confounds
sub-22,3,LOR_task3,1,responsive_vs_lor_all_phases,0.9689942469909039,1,standard_fc_plus_confounds
sub-22,2,PreLOR,0,responsive_vs_lor_all_phases,0.7163545173022365,1,standard_fc_plus_confounds
sub-23,1,Base1,0,responsive_vs_lor_all_phases,0.002859995394131592,0,standard_fc_plus_confounds
sub-23,4,Base2,0,responsive_vs_lor_all_phases,0.022032856701804403,0,standard_fc_plus_confounds
sub-23,2,LOR_task2,1,responsive_vs_lor_all_phases,0.9950019277869312,1,standard_fc_plus_confounds
sub-23,3,LOR_task3,1,responsive_vs_lor_all_phases,0.9959496268245959,1,standard_fc_plus_confounds
sub-23,2,PreLOR,0,responsive_vs_lor_all_phases,0.4088567969939449,0,standard_fc_plus_confounds
sub-23,3,ROR,0,responsive_vs_lor_all_phases,0.12354487521443198,0,standard_fc_plus_confounds
sub-24,1,Base1,0,responsive_vs_lor_all_phases,0.005506119467235196,0,standard_fc_plus_confounds
sub-24,4,Base2,0,responsive_vs_lor_all_phases,0.02572672294064212,0,standard_fc_plus_confounds
sub-24,2,LOR_task2,1,responsive_vs_lor_all_phases,0.9000362816604116,1,standard_fc_plus_confounds
sub-24,3,LOR_task3,1,responsive_vs_lor_all_phases,0.42181024906460635,0,standard_fc_plus_confounds
sub-24,2,PreLOR,0,responsive_vs_lor_all_phases,0.06764216900499052,0,standard_fc_plus_confounds
sub-25,1,Base1,0,responsive_vs_lor_all_phases,0.009481657716817818,0,standard_fc_plus_confounds
sub-25,4,Base2,0,responsive_vs_lor_all_phases,0.08170623145001199,0,standard_fc_plus_confounds
sub-25,2,LOR_task2,1,responsive_vs_lor_all_phases,0.9975997426262655,1,standard_fc_plus_confounds
sub-25,3,LOR_task3,1,responsive_vs_lor_all_phases,0.9558345051278554,1,standard_fc_plus_confounds
sub-25,2,PreLOR,0,responsive_vs_lor_all_phases,0.8503577530444959,1,standard_fc_plus_confounds
sub-26,1,Base1,0,responsive_vs_lor_all_phases,0.005830728103007462,0,standard_fc_plus_confounds
sub-26,4,Base2,0,responsive_vs_lor_all_phases,0.03876190249889585,0,standard_fc_plus_confounds
sub-26,2,LOR_task2,1,responsive_vs_lor_all_phases,0.9627432605896357,1,standard_fc_plus_confounds
sub-26,3,LOR_task3,1,responsive_vs_lor_all_phases,0.9584158152258434,1,standard_fc_plus_confounds
sub-26,2,PreLOR,0,responsive_vs_lor_all_phases,0.44307749486049164,0,standard_fc_plus_confounds
sub-26,3,ROR,0,responsive_vs_lor_all_phases,0.13033634109096368,0,standard_fc_plus_confounds
sub-27,1,Base1,0,responsive_vs_lor_all_phases,0.0028761636983351776,0,standard_fc_plus_confounds
sub-27,4,Base2,0,responsive_vs_lor_all_phases,0.05707041187793002,0,standard_fc_plus_confounds
sub-27,2,LOR_task2,1,responsive_vs_lor_all_phases,0.9673596533820676,1,standard_fc_plus_confounds
sub-27,3,LOR_task3,1,responsive_vs_lor_all_phases,0.9606061273171358,1,standard_fc_plus_confounds
sub-27,2,PreLOR,0,responsive_vs_lor_all_phases,0.10715888219990333,0,standard_fc_plus_confounds
sub-27,3,ROR,0,responsive_vs_lor_all_phases,0.24320090621969673,0,standard_fc_plus_confounds
sub-28,1,Base1,0,responsive_vs_lor_all_phases,0.0034803971747405303,0,standard_fc_plus_confounds
sub-28,4,Base2,0,responsive_vs_lor_all_phases,0.04920342962902346,0,standard_fc_plus_confounds
sub-28,2,LOR_task2,1,responsive_vs_lor_all_phases,0.9957234498959575,1,standard_fc_plus_confounds
sub-28,3,LOR_task3,1,responsive_vs_lor_all_phases,0.921795095063885,1,standard_fc_plus_confounds
sub-28,2,PreLOR,0,responsive_vs_lor_all_phases,0.6897205613684992,1,standard_fc_plus_confounds
sub-29,1,Base1,0,responsive_vs_lor_all_phases,0.00375154289241134,0,standard_fc_plus_confounds
sub-29,2,LOR_task2,1,responsive_vs_lor_all_phases,0.9999897445252743,1,standard_fc_plus_confounds
sub-29,3,LOR_task3,1,responsive_vs_lor_all_phases,0.999999798343794,1,standard_fc_plus_confounds
sub-29,2,PreLOR,0,responsive_vs_lor_all_phases,0.9084709904301788,1,standard_fc_plus_confounds
sub-30,1,Base1,0,responsive_vs_lor_all_phases,0.012289992529279817,0,standard_fc_plus_confounds
sub-30,4,Base2,0,responsive_vs_lor_all_phases,0.02589574068407269,0,standard_fc_plus_confounds
sub-30,2,LOR_task2,1,responsive_vs_lor_all_phases,0.9861057420003408,1,standard_fc_plus_confounds
sub-30,3,LOR_task3,1,responsive_vs_lor_all_phases,0.9934897303048514,1,standard_fc_plus_confounds
sub-30,2,PreLOR,0,responsive_vs_lor_all_phases,0.5297260983329588,1,standard_fc_plus_confounds
sub-30,3,ROR,0,responsive_vs_lor_all_phases,0.40443169189229616,0,standard_fc_plus_confounds
sub-02,1,Base1,0,responsive_vs_lor_all_phases,0.0038209666811583006,0,gcc_core_plus_confounds
sub-02,4,Base2,0,responsive_vs_lor_all_phases,0.02261542313265802,0,gcc_core_plus_confounds
sub-02,2,LOR_task2,1,responsive_vs_lor_all_phases,0.9854813352474651,1,gcc_core_plus_confounds
sub-02,3,LOR_task3,1,responsive_vs_lor_all_phases,0.901327265147042,1,gcc_core_plus_confounds
sub-02,2,PreLOR,0,responsive_vs_lor_all_phases,0.06794169785304542,0,gcc_core_plus_confounds
sub-02,3,ROR,0,responsive_vs_lor_all_phases,0.06995739855995566,0,gcc_core_plus_confounds
sub-03,1,Base1,0,responsive_vs_lor_all_phases,0.003390018264385244,0,gcc_core_plus_confounds
sub-03,4,Base2,0,responsive_vs_lor_all_phases,0.013713017953489304,0,gcc_core_plus_confounds
sub-03,2,LOR_task2,1,responsive_vs_lor_all_phases,0.9870805968034146,1,gcc_core_plus_confounds
sub-03,3,LOR_task3,1,responsive_vs_lor_all_phases,0.6716674728129942,1,gcc_core_plus_confounds
sub-03,2,PreLOR,0,responsive_vs_lor_all_phases,0.08809759872300116,0,gcc_core_plus_confounds
sub-03,3,ROR,0,responsive_vs_lor_all_phases,0.047628478158601266,0,gcc_core_plus_confounds
sub-04,1,Base1,0,responsive_vs_lor_all_phases,0.0018697441721989532,0,gcc_core_plus_confounds
sub-04,4,Base2,0,responsive_vs_lor_all_phases,0.003190623504099803,0,gcc_core_plus_confounds
sub-04,2,LOR_task2,1,responsive_vs_lor_all_phases,0.9793653220166517,1,gcc_core_plus_confounds
sub-04,3,LOR_task3,1,responsive_vs_lor_all_phases,0.6283290323613411,1,gcc_core_plus_confounds
sub-04,2,PreLOR,0,responsive_vs_lor_all_phases,0.12480153553894198,0,gcc_core_plus_confounds
sub-04,3,ROR,0,responsive_vs_lor_all_phases,0.02255738365343793,0,gcc_core_plus_confounds
sub-05,1,Base1,0,responsive_vs_lor_all_phases,0.005294618357699676,0,gcc_core_plus_confounds
sub-05,4,Base2,0,responsive_vs_lor_all_phases,0.033884426366518686,0,gcc_core_plus_confounds
sub-05,2,LOR_task2,1,responsive_vs_lor_all_phases,0.9603234648248521,1,gcc_core_plus_confounds
sub-05,3,LOR_task3,1,responsive_vs_lor_all_phases,0.7564975538221237,1,gcc_core_plus_confounds
sub-05,2,PreLOR,0,responsive_vs_lor_all_phases,0.07749086366579547,0,gcc_core_plus_confounds
sub-05,3,ROR,0,responsive_vs_lor_all_phases,0.06984309976112207,0,gcc_core_plus_confounds
sub-06,1,Base1,0,responsive_vs_lor_all_phases,0.0015358535299026086,0,gcc_core_plus_confounds
sub-06,4,Base2,0,responsive_vs_lor_all_phases,0.019820233893190854,0,gcc_core_plus_confounds
sub-06,2,LOR_task2,1,responsive_vs_lor_all_phases,0.7779766439728337,1,gcc_core_plus_confounds
sub-06,3,LOR_task3,1,responsive_vs_lor_all_phases,0.1788869698989068,0,gcc_core_plus_confounds
sub-06,2,PreLOR,0,responsive_vs_lor_all_phases,0.1416913059866845,0,gcc_core_plus_confounds
sub-06,3,ROR,0,responsive_vs_lor_all_phases,0.8691635666690682,1,gcc_core_plus_confounds
sub-07,1,Base1,0,responsive_vs_lor_all_phases,0.0031958230406182544,0,gcc_core_plus_confounds
sub-07,4,Base2,0,responsive_vs_lor_all_phases,0.008508282333921733,0,gcc_core_plus_confounds
sub-07,2,LOR_task2,1,responsive_vs_lor_all_phases,0.9869630148567774,1,gcc_core_plus_confounds
sub-07,3,LOR_task3,1,responsive_vs_lor_all_phases,0.5231819032335026,1,gcc_core_plus_confounds
sub-07,2,PreLOR,0,responsive_vs_lor_all_phases,0.1478716169522595,0,gcc_core_plus_confounds
sub-07,3,ROR,0,responsive_vs_lor_all_phases,0.060040690178622416,0,gcc_core_plus_confounds
sub-11,1,Base1,0,responsive_vs_lor_all_phases,0.0023783540711565343,0,gcc_core_plus_confounds
sub-11,4,Base2,0,responsive_vs_lor_all_phases,0.004226413817275969,0,gcc_core_plus_confounds
sub-11,2,LOR_task2,1,responsive_vs_lor_all_phases,0.861866451767579,1,gcc_core_plus_confounds
sub-11,3,LOR_task3,1,responsive_vs_lor_all_phases,0.7962712741490978,1,gcc_core_plus_confounds
sub-11,2,PreLOR,0,responsive_vs_lor_all_phases,0.08949953001436486,0,gcc_core_plus_confounds
sub-11,3,ROR,0,responsive_vs_lor_all_phases,0.041425657503111564,0,gcc_core_plus_confounds
sub-12,1,Base1,0,responsive_vs_lor_all_phases,0.006758603917630031,0,gcc_core_plus_confounds
sub-12,4,Base2,0,responsive_vs_lor_all_phases,0.029378923125566742,0,gcc_core_plus_confounds
sub-12,2,LOR_task2,1,responsive_vs_lor_all_phases,0.9745830544269681,1,gcc_core_plus_confounds
sub-12,3,LOR_task3,1,responsive_vs_lor_all_phases,0.9730121604241131,1,gcc_core_plus_confounds
sub-12,2,PreLOR,0,responsive_vs_lor_all_phases,0.13368809002625895,0,gcc_core_plus_confounds
sub-12,3,ROR,0,responsive_vs_lor_all_phases,0.04630499599424675,0,gcc_core_plus_confounds
sub-13,1,Base1,0,responsive_vs_lor_all_phases,0.0022277525960328515,0,gcc_core_plus_confounds
sub-13,4,Base2,0,responsive_vs_lor_all_phases,0.009046095524955248,0,gcc_core_plus_confounds
sub-13,2,LOR_task2,1,responsive_vs_lor_all_phases,0.9759401016141942,1,gcc_core_plus_confounds
sub-13,3,LOR_task3,1,responsive_vs_lor_all_phases,0.9745017828123334,1,gcc_core_plus_confounds
sub-13,2,PreLOR,0,responsive_vs_lor_all_phases,0.2175112852830665,0,gcc_core_plus_confounds
sub-13,3,ROR,0,responsive_vs_lor_all_phases,0.14889342545586312,0,gcc_core_plus_confounds
sub-14,1,Base1,0,responsive_vs_lor_all_phases,0.005802353677404726,0,gcc_core_plus_confounds
sub-14,4,Base2,0,responsive_vs_lor_all_phases,0.006074359590755925,0,gcc_core_plus_confounds
sub-14,2,LOR_task2,1,responsive_vs_lor_all_phases,0.8062701887361788,1,gcc_core_plus_confounds
sub-14,3,LOR_task3,1,responsive_vs_lor_all_phases,0.7378300954263587,1,gcc_core_plus_confounds
sub-14,2,PreLOR,0,responsive_vs_lor_all_phases,0.028023950535766434,0,gcc_core_plus_confounds
sub-15,1,Base1,0,responsive_vs_lor_all_phases,0.0028945717414062917,0,gcc_core_plus_confounds
sub-15,4,Base2,0,responsive_vs_lor_all_phases,0.007570258896718082,0,gcc_core_plus_confounds
sub-15,2,LOR_task2,1,responsive_vs_lor_all_phases,0.5184086495708704,1,gcc_core_plus_confounds
sub-15,3,LOR_task3,1,responsive_vs_lor_all_phases,0.2730331150839049,0,gcc_core_plus_confounds
sub-15,2,PreLOR,0,responsive_vs_lor_all_phases,0.02055567307400938,0,gcc_core_plus_confounds
sub-15,3,ROR,0,responsive_vs_lor_all_phases,0.13802255122112184,0,gcc_core_plus_confounds
sub-16,1,Base1,0,responsive_vs_lor_all_phases,0.0024735799641939418,0,gcc_core_plus_confounds
sub-16,4,Base2,0,responsive_vs_lor_all_phases,0.020417426559253132,0,gcc_core_plus_confounds
sub-16,3,LOR_task3,1,responsive_vs_lor_all_phases,0.9998979242448759,1,gcc_core_plus_confounds
sub-16,2,PreLOR,0,responsive_vs_lor_all_phases,0.5780828278559765,1,gcc_core_plus_confounds
sub-16,3,ROR,0,responsive_vs_lor_all_phases,0.9103274967473755,1,gcc_core_plus_confounds
sub-17,1,Base1,0,responsive_vs_lor_all_phases,0.0026061487695967223,0,gcc_core_plus_confounds
sub-17,4,Base2,0,responsive_vs_lor_all_phases,0.03816751371140292,0,gcc_core_plus_confounds
sub-17,2,LOR_task2,1,responsive_vs_lor_all_phases,0.7806314808750354,1,gcc_core_plus_confounds
sub-17,3,LOR_task3,1,responsive_vs_lor_all_phases,0.43741197986513985,0,gcc_core_plus_confounds
sub-17,2,PreLOR,0,responsive_vs_lor_all_phases,0.17157172759809977,0,gcc_core_plus_confounds
sub-17,3,ROR,0,responsive_vs_lor_all_phases,0.35960080111741477,0,gcc_core_plus_confounds
sub-18,1,Base1,0,responsive_vs_lor_all_phases,0.0027450897249915035,0,gcc_core_plus_confounds
sub-18,4,Base2,0,responsive_vs_lor_all_phases,0.056837126505009404,0,gcc_core_plus_confounds
sub-18,2,LOR_task2,1,responsive_vs_lor_all_phases,0.9827214875038606,1,gcc_core_plus_confounds
sub-18,3,LOR_task3,1,responsive_vs_lor_all_phases,0.9967720654356395,1,gcc_core_plus_confounds
sub-18,2,PreLOR,0,responsive_vs_lor_all_phases,0.15925433378502193,0,gcc_core_plus_confounds
sub-19,1,Base1,0,responsive_vs_lor_all_phases,0.0033605543421061563,0,gcc_core_plus_confounds
sub-19,4,Base2,0,responsive_vs_lor_all_phases,0.00718060549679397,0,gcc_core_plus_confounds
sub-19,2,LOR_task2,1,responsive_vs_lor_all_phases,0.9848040296131878,1,gcc_core_plus_confounds
sub-19,3,LOR_task3,1,responsive_vs_lor_all_phases,0.14832903695990604,0,gcc_core_plus_confounds
sub-19,2,PreLOR,0,responsive_vs_lor_all_phases,0.18134768434449652,0,gcc_core_plus_confounds
sub-19,3,ROR,0,responsive_vs_lor_all_phases,0.021717904066194123,0,gcc_core_plus_confounds
sub-20,1,Base1,0,responsive_vs_lor_all_phases,0.010796908205381178,0,gcc_core_plus_confounds
sub-20,4,Base2,0,responsive_vs_lor_all_phases,0.14572170467422862,0,gcc_core_plus_confounds
sub-20,2,LOR_task2,1,responsive_vs_lor_all_phases,0.9992908074224519,1,gcc_core_plus_confounds
sub-20,3,LOR_task3,1,responsive_vs_lor_all_phases,0.9988856198498377,1,gcc_core_plus_confounds
sub-20,2,PreLOR,0,responsive_vs_lor_all_phases,0.8832678859191482,1,gcc_core_plus_confounds
sub-20,3,ROR,0,responsive_vs_lor_all_phases,0.5092896069154433,1,gcc_core_plus_confounds
sub-21,1,Base1,0,responsive_vs_lor_all_phases,0.01831096673961625,0,gcc_core_plus_confounds
sub-21,4,Base2,0,responsive_vs_lor_all_phases,0.02018336906911503,0,gcc_core_plus_confounds
sub-21,2,LOR_task2,1,responsive_vs_lor_all_phases,0.9974552675576087,1,gcc_core_plus_confounds
sub-21,3,LOR_task3,1,responsive_vs_lor_all_phases,0.9946717869783136,1,gcc_core_plus_confounds
sub-21,2,PreLOR,0,responsive_vs_lor_all_phases,0.5556232254173823,1,gcc_core_plus_confounds
sub-21,3,ROR,0,responsive_vs_lor_all_phases,0.3317994788837991,0,gcc_core_plus_confounds
sub-22,1,Base1,0,responsive_vs_lor_all_phases,0.0019323387134498908,0,gcc_core_plus_confounds
sub-22,4,Base2,0,responsive_vs_lor_all_phases,0.11814711723345084,0,gcc_core_plus_confounds
sub-22,2,LOR_task2,1,responsive_vs_lor_all_phases,0.9788513925582737,1,gcc_core_plus_confounds
sub-22,3,LOR_task3,1,responsive_vs_lor_all_phases,0.9510965911208135,1,gcc_core_plus_confounds
sub-22,2,PreLOR,0,responsive_vs_lor_all_phases,0.6899638624258485,1,gcc_core_plus_confounds
sub-23,1,Base1,0,responsive_vs_lor_all_phases,0.0020772858990985477,0,gcc_core_plus_confounds
sub-23,4,Base2,0,responsive_vs_lor_all_phases,0.014324421967275215,0,gcc_core_plus_confounds
sub-23,2,LOR_task2,1,responsive_vs_lor_all_phases,0.9959666311553091,1,gcc_core_plus_confounds
sub-23,3,LOR_task3,1,responsive_vs_lor_all_phases,0.9969290994909169,1,gcc_core_plus_confounds
sub-23,2,PreLOR,0,responsive_vs_lor_all_phases,0.4076558290594949,0,gcc_core_plus_confounds
sub-23,3,ROR,0,responsive_vs_lor_all_phases,0.13454067595432434,0,gcc_core_plus_confounds
sub-24,1,Base1,0,responsive_vs_lor_all_phases,0.004264578497080876,0,gcc_core_plus_confounds
sub-24,4,Base2,0,responsive_vs_lor_all_phases,0.018161258960420344,0,gcc_core_plus_confounds
sub-24,2,LOR_task2,1,responsive_vs_lor_all_phases,0.8714160432831357,1,gcc_core_plus_confounds
sub-24,3,LOR_task3,1,responsive_vs_lor_all_phases,0.4129177307007698,0,gcc_core_plus_confounds
sub-24,2,PreLOR,0,responsive_vs_lor_all_phases,0.05261395110856714,0,gcc_core_plus_confounds
sub-25,1,Base1,0,responsive_vs_lor_all_phases,0.00858668264946119,0,gcc_core_plus_confounds
sub-25,4,Base2,0,responsive_vs_lor_all_phases,0.04314511078076788,0,gcc_core_plus_confounds
sub-25,2,LOR_task2,1,responsive_vs_lor_all_phases,0.9971703531527586,1,gcc_core_plus_confounds
sub-25,3,LOR_task3,1,responsive_vs_lor_all_phases,0.9453263041816191,1,gcc_core_plus_confounds
sub-25,2,PreLOR,0,responsive_vs_lor_all_phases,0.8314417756541715,1,gcc_core_plus_confounds
sub-26,1,Base1,0,responsive_vs_lor_all_phases,0.00532541933442129,0,gcc_core_plus_confounds
sub-26,4,Base2,0,responsive_vs_lor_all_phases,0.03043922121038599,0,gcc_core_plus_confounds
sub-26,2,LOR_task2,1,responsive_vs_lor_all_phases,0.9597749783825841,1,gcc_core_plus_confounds
sub-26,3,LOR_task3,1,responsive_vs_lor_all_phases,0.9554219237719858,1,gcc_core_plus_confounds
sub-26,2,PreLOR,0,responsive_vs_lor_all_phases,0.4141509962954086,0,gcc_core_plus_confounds
sub-26,3,ROR,0,responsive_vs_lor_all_phases,0.10473277341738976,0,gcc_core_plus_confounds
sub-27,1,Base1,0,responsive_vs_lor_all_phases,0.00234094107850615,0,gcc_core_plus_confounds
sub-27,4,Base2,0,responsive_vs_lor_all_phases,0.056617190670384766,0,gcc_core_plus_confounds
sub-27,2,LOR_task2,1,responsive_vs_lor_all_phases,0.9707279217477717,1,gcc_core_plus_confounds
sub-27,3,LOR_task3,1,responsive_vs_lor_all_phases,0.955115728492258,1,gcc_core_plus_confounds
sub-27,2,PreLOR,0,responsive_vs_lor_all_phases,0.0996447836503217,0,gcc_core_plus_confounds
sub-27,3,ROR,0,responsive_vs_lor_all_phases,0.27048507136205907,0,gcc_core_plus_confounds
sub-28,1,Base1,0,responsive_vs_lor_all_phases,0.002537150058486426,0,gcc_core_plus_confounds
sub-28,4,Base2,0,responsive_vs_lor_all_phases,0.03335888242260304,0,gcc_core_plus_confounds
sub-28,2,LOR_task2,1,responsive_vs_lor_all_phases,0.9967063022694073,1,gcc_core_plus_confounds
sub-28,3,LOR_task3,1,responsive_vs_lor_all_phases,0.9152338333049223,1,gcc_core_plus_confounds
sub-28,2,PreLOR,0,responsive_vs_lor_all_phases,0.6970737951438943,1,gcc_core_plus_confounds
sub-29,1,Base1,0,responsive_vs_lor_all_phases,0.0028853750408088736,0,gcc_core_plus_confounds
sub-29,2,LOR_task2,1,responsive_vs_lor_all_phases,0.9999888457508619,1,gcc_core_plus_confounds
sub-29,3,LOR_task3,1,responsive_vs_lor_all_phases,0.9999997630696744,1,gcc_core_plus_confounds
sub-29,2,PreLOR,0,responsive_vs_lor_all_phases,0.9001108863339808,1,gcc_core_plus_confounds
sub-30,1,Base1,0,responsive_vs_lor_all_phases,0.01552165580836111,0,gcc_core_plus_confounds
sub-30,4,Base2,0,responsive_vs_lor_all_phases,0.02574101008968238,0,gcc_core_plus_confounds
sub-30,2,LOR_task2,1,responsive_vs_lor_all_phases,0.9884354709239294,1,gcc_core_plus_confounds
sub-30,3,LOR_task3,1,responsive_vs_lor_all_phases,0.9931344387493211,1,gcc_core_plus_confounds
sub-30,2,PreLOR,0,responsive_vs_lor_all_phases,0.5534604797351925,1,gcc_core_plus_confounds
sub-30,3,ROR,0,responsive_vs_lor_all_phases,0.4430510817332705,0,gcc_core_plus_confounds
sub-02,1,Base1,0,responsive_vs_lor_all_phases,0.002254262017395941,0,gcc_regime_plus_confounds
sub-02,4,Base2,0,responsive_vs_lor_all_phases,0.017928648761332964,0,gcc_regime_plus_confounds
sub-02,2,LOR_task2,1,responsive_vs_lor_all_phases,0.9880093500005933,1,gcc_regime_plus_confounds
sub-02,3,LOR_task3,1,responsive_vs_lor_all_phases,0.8737234918945158,1,gcc_regime_plus_confounds
sub-02,2,PreLOR,0,responsive_vs_lor_all_phases,0.058363164522881955,0,gcc_regime_plus_confounds
sub-02,3,ROR,0,responsive_vs_lor_all_phases,0.05812672133561934,0,gcc_regime_plus_confounds
sub-03,1,Base1,0,responsive_vs_lor_all_phases,0.0023723578632806573,0,gcc_regime_plus_confounds
sub-03,4,Base2,0,responsive_vs_lor_all_phases,0.011495000888336809,0,gcc_regime_plus_confounds
sub-03,2,LOR_task2,1,responsive_vs_lor_all_phases,0.9907555249617221,1,gcc_regime_plus_confounds
sub-03,3,LOR_task3,1,responsive_vs_lor_all_phases,0.7381991727946003,1,gcc_regime_plus_confounds
sub-03,2,PreLOR,0,responsive_vs_lor_all_phases,0.12043111690528513,0,gcc_regime_plus_confounds
sub-03,3,ROR,0,responsive_vs_lor_all_phases,0.06429623526556287,0,gcc_regime_plus_confounds
sub-04,1,Base1,0,responsive_vs_lor_all_phases,0.0013276048001202617,0,gcc_regime_plus_confounds
sub-04,4,Base2,0,responsive_vs_lor_all_phases,0.003918642529061726,0,gcc_regime_plus_confounds
sub-04,2,LOR_task2,1,responsive_vs_lor_all_phases,0.9819839345259136,1,gcc_regime_plus_confounds
sub-04,3,LOR_task3,1,responsive_vs_lor_all_phases,0.700812668060692,1,gcc_regime_plus_confounds
sub-04,2,PreLOR,0,responsive_vs_lor_all_phases,0.11833676591855408,0,gcc_regime_plus_confounds
sub-04,3,ROR,0,responsive_vs_lor_all_phases,0.031279101027401494,0,gcc_regime_plus_confounds
sub-05,1,Base1,0,responsive_vs_lor_all_phases,0.0032094565439245333,0,gcc_regime_plus_confounds
sub-05,4,Base2,0,responsive_vs_lor_all_phases,0.025479831890395956,0,gcc_regime_plus_confounds
sub-05,2,LOR_task2,1,responsive_vs_lor_all_phases,0.9605788146818204,1,gcc_regime_plus_confounds
sub-05,3,LOR_task3,1,responsive_vs_lor_all_phases,0.704973865207487,1,gcc_regime_plus_confounds
sub-05,2,PreLOR,0,responsive_vs_lor_all_phases,0.07833332980055227,0,gcc_regime_plus_confounds
sub-05,3,ROR,0,responsive_vs_lor_all_phases,0.053972342093419716,0,gcc_regime_plus_confounds
sub-06,1,Base1,0,responsive_vs_lor_all_phases,0.000642056886242374,0,gcc_regime_plus_confounds
sub-06,4,Base2,0,responsive_vs_lor_all_phases,0.008359269418124628,0,gcc_regime_plus_confounds
sub-06,2,LOR_task2,1,responsive_vs_lor_all_phases,0.8213686830094703,1,gcc_regime_plus_confounds
sub-06,3,LOR_task3,1,responsive_vs_lor_all_phases,0.1303803931512016,0,gcc_regime_plus_confounds
sub-06,2,PreLOR,0,responsive_vs_lor_all_phases,0.07894518916312428,0,gcc_regime_plus_confounds
sub-06,3,ROR,0,responsive_vs_lor_all_phases,0.8982794435472706,1,gcc_regime_plus_confounds
sub-07,1,Base1,0,responsive_vs_lor_all_phases,0.002080960041251243,0,gcc_regime_plus_confounds
sub-07,4,Base2,0,responsive_vs_lor_all_phases,0.0064000017579746386,0,gcc_regime_plus_confounds
sub-07,2,LOR_task2,1,responsive_vs_lor_all_phases,0.9893151408814115,1,gcc_regime_plus_confounds
sub-07,3,LOR_task3,1,responsive_vs_lor_all_phases,0.5866836994221274,1,gcc_regime_plus_confounds
sub-07,2,PreLOR,0,responsive_vs_lor_all_phases,0.1396812815120976,0,gcc_regime_plus_confounds
sub-07,3,ROR,0,responsive_vs_lor_all_phases,0.07741265051893685,0,gcc_regime_plus_confounds
sub-11,1,Base1,0,responsive_vs_lor_all_phases,0.0014973274163721155,0,gcc_regime_plus_confounds
sub-11,4,Base2,0,responsive_vs_lor_all_phases,0.0031473621653865893,0,gcc_regime_plus_confounds
sub-11,2,LOR_task2,1,responsive_vs_lor_all_phases,0.8534189072944676,1,gcc_regime_plus_confounds
sub-11,3,LOR_task3,1,responsive_vs_lor_all_phases,0.8024764378548148,1,gcc_regime_plus_confounds
sub-11,2,PreLOR,0,responsive_vs_lor_all_phases,0.09304191744285874,0,gcc_regime_plus_confounds
sub-11,3,ROR,0,responsive_vs_lor_all_phases,0.04893422562894883,0,gcc_regime_plus_confounds
sub-12,1,Base1,0,responsive_vs_lor_all_phases,0.004045487174065503,0,gcc_regime_plus_confounds
sub-12,4,Base2,0,responsive_vs_lor_all_phases,0.02475203955882806,0,gcc_regime_plus_confounds
sub-12,2,LOR_task2,1,responsive_vs_lor_all_phases,0.9668335134035353,1,gcc_regime_plus_confounds
sub-12,3,LOR_task3,1,responsive_vs_lor_all_phases,0.9690769497646345,1,gcc_regime_plus_confounds
sub-12,2,PreLOR,0,responsive_vs_lor_all_phases,0.11813670221141932,0,gcc_regime_plus_confounds
sub-12,3,ROR,0,responsive_vs_lor_all_phases,0.03703177598588995,0,gcc_regime_plus_confounds
sub-13,1,Base1,0,responsive_vs_lor_all_phases,0.0013430408506380418,0,gcc_regime_plus_confounds
sub-13,4,Base2,0,responsive_vs_lor_all_phases,0.008187995780493732,0,gcc_regime_plus_confounds
sub-13,2,LOR_task2,1,responsive_vs_lor_all_phases,0.9792781472814197,1,gcc_regime_plus_confounds
sub-13,3,LOR_task3,1,responsive_vs_lor_all_phases,0.9735183412613736,1,gcc_regime_plus_confounds
sub-13,2,PreLOR,0,responsive_vs_lor_all_phases,0.2482596563361114,0,gcc_regime_plus_confounds
sub-13,3,ROR,0,responsive_vs_lor_all_phases,0.14797389226885363,0,gcc_regime_plus_confounds
sub-14,1,Base1,0,responsive_vs_lor_all_phases,0.002236630844100864,0,gcc_regime_plus_confounds
sub-14,4,Base2,0,responsive_vs_lor_all_phases,0.004367239572962375,0,gcc_regime_plus_confounds
sub-14,2,LOR_task2,1,responsive_vs_lor_all_phases,0.6330424924275396,1,gcc_regime_plus_confounds
sub-14,3,LOR_task3,1,responsive_vs_lor_all_phases,0.5482503423727335,1,gcc_regime_plus_confounds
sub-14,2,PreLOR,0,responsive_vs_lor_all_phases,0.015529288862275096,0,gcc_regime_plus_confounds
sub-15,1,Base1,0,responsive_vs_lor_all_phases,0.002302418978268687,0,gcc_regime_plus_confounds
sub-15,4,Base2,0,responsive_vs_lor_all_phases,0.008818901334197613,0,gcc_regime_plus_confounds
sub-15,2,LOR_task2,1,responsive_vs_lor_all_phases,0.5592224391323046,1,gcc_regime_plus_confounds
sub-15,3,LOR_task3,1,responsive_vs_lor_all_phases,0.30214358437791194,0,gcc_regime_plus_confounds
sub-15,2,PreLOR,0,responsive_vs_lor_all_phases,0.021862592455271484,0,gcc_regime_plus_confounds
sub-15,3,ROR,0,responsive_vs_lor_all_phases,0.15402829631479517,0,gcc_regime_plus_confounds
sub-16,1,Base1,0,responsive_vs_lor_all_phases,0.0018059066746546047,0,gcc_regime_plus_confounds
sub-16,4,Base2,0,responsive_vs_lor_all_phases,0.023181885916199955,0,gcc_regime_plus_confounds
sub-16,3,LOR_task3,1,responsive_vs_lor_all_phases,0.9998971931134524,1,gcc_regime_plus_confounds
sub-16,2,PreLOR,0,responsive_vs_lor_all_phases,0.5667675466215626,1,gcc_regime_plus_confounds
sub-16,3,ROR,0,responsive_vs_lor_all_phases,0.889456232969427,1,gcc_regime_plus_confounds
sub-17,1,Base1,0,responsive_vs_lor_all_phases,0.0016111716930448166,0,gcc_regime_plus_confounds
sub-17,4,Base2,0,responsive_vs_lor_all_phases,0.036537708714273795,0,gcc_regime_plus_confounds
sub-17,2,LOR_task2,1,responsive_vs_lor_all_phases,0.838402614544447,1,gcc_regime_plus_confounds
sub-17,3,LOR_task3,1,responsive_vs_lor_all_phases,0.4706839886068225,0,gcc_regime_plus_confounds
sub-17,2,PreLOR,0,responsive_vs_lor_all_phases,0.20834074302224573,0,gcc_regime_plus_confounds
sub-17,3,ROR,0,responsive_vs_lor_all_phases,0.4061763537373086,0,gcc_regime_plus_confounds
sub-18,1,Base1,0,responsive_vs_lor_all_phases,0.001577654537526299,0,gcc_regime_plus_confounds
sub-18,4,Base2,0,responsive_vs_lor_all_phases,0.06440571836200269,0,gcc_regime_plus_confounds
sub-18,2,LOR_task2,1,responsive_vs_lor_all_phases,0.9816727708150702,1,gcc_regime_plus_confounds
sub-18,3,LOR_task3,1,responsive_vs_lor_all_phases,0.9970979033750221,1,gcc_regime_plus_confounds
sub-18,2,PreLOR,0,responsive_vs_lor_all_phases,0.11889817637337508,0,gcc_regime_plus_confounds
sub-19,1,Base1,0,responsive_vs_lor_all_phases,0.0025331597460746514,0,gcc_regime_plus_confounds
sub-19,4,Base2,0,responsive_vs_lor_all_phases,0.006728516211751352,0,gcc_regime_plus_confounds
sub-19,2,LOR_task2,1,responsive_vs_lor_all_phases,0.9839583916216261,1,gcc_regime_plus_confounds
sub-19,3,LOR_task3,1,responsive_vs_lor_all_phases,0.17940716381810937,0,gcc_regime_plus_confounds
sub-19,2,PreLOR,0,responsive_vs_lor_all_phases,0.18059210073629564,0,gcc_regime_plus_confounds
sub-19,3,ROR,0,responsive_vs_lor_all_phases,0.023562684403574036,0,gcc_regime_plus_confounds
sub-20,1,Base1,0,responsive_vs_lor_all_phases,0.004911064516432799,0,gcc_regime_plus_confounds
sub-20,4,Base2,0,responsive_vs_lor_all_phases,0.21344145184257518,0,gcc_regime_plus_confounds
sub-20,2,LOR_task2,1,responsive_vs_lor_all_phases,0.9991893986311272,1,gcc_regime_plus_confounds
sub-20,3,LOR_task3,1,responsive_vs_lor_all_phases,0.9993159733164088,1,gcc_regime_plus_confounds
sub-20,2,PreLOR,0,responsive_vs_lor_all_phases,0.9171707470408788,1,gcc_regime_plus_confounds
sub-20,3,ROR,0,responsive_vs_lor_all_phases,0.6246119089789864,1,gcc_regime_plus_confounds
sub-21,1,Base1,0,responsive_vs_lor_all_phases,0.009052903168633993,0,gcc_regime_plus_confounds
sub-21,4,Base2,0,responsive_vs_lor_all_phases,0.029402663648593258,0,gcc_regime_plus_confounds
sub-21,2,LOR_task2,1,responsive_vs_lor_all_phases,0.9972829205173994,1,gcc_regime_plus_confounds
sub-21,3,LOR_task3,1,responsive_vs_lor_all_phases,0.9922530156849323,1,gcc_regime_plus_confounds
sub-21,2,PreLOR,0,responsive_vs_lor_all_phases,0.6472962416452461,1,gcc_regime_plus_confounds
sub-21,3,ROR,0,responsive_vs_lor_all_phases,0.23367285163194285,0,gcc_regime_plus_confounds
sub-22,1,Base1,0,responsive_vs_lor_all_phases,0.0012341788496429446,0,gcc_regime_plus_confounds
sub-22,4,Base2,0,responsive_vs_lor_all_phases,0.1194372575976334,0,gcc_regime_plus_confounds
sub-22,2,LOR_task2,1,responsive_vs_lor_all_phases,0.9855220208328932,1,gcc_regime_plus_confounds
sub-22,3,LOR_task3,1,responsive_vs_lor_all_phases,0.9587734943382442,1,gcc_regime_plus_confounds
sub-22,2,PreLOR,0,responsive_vs_lor_all_phases,0.6797845762495602,1,gcc_regime_plus_confounds
sub-23,1,Base1,0,responsive_vs_lor_all_phases,0.0013926769134354653,0,gcc_regime_plus_confounds
sub-23,4,Base2,0,responsive_vs_lor_all_phases,0.01076373811376274,0,gcc_regime_plus_confounds
sub-23,2,LOR_task2,1,responsive_vs_lor_all_phases,0.9965287184176759,1,gcc_regime_plus_confounds
sub-23,3,LOR_task3,1,responsive_vs_lor_all_phases,0.997846530954141,1,gcc_regime_plus_confounds
sub-23,2,PreLOR,0,responsive_vs_lor_all_phases,0.3317614335881219,0,gcc_regime_plus_confounds
sub-23,3,ROR,0,responsive_vs_lor_all_phases,0.17631495022369048,0,gcc_regime_plus_confounds
sub-24,1,Base1,0,responsive_vs_lor_all_phases,0.0024497145454945098,0,gcc_regime_plus_confounds
sub-24,4,Base2,0,responsive_vs_lor_all_phases,0.009692337586656394,0,gcc_regime_plus_confounds
sub-24,2,LOR_task2,1,responsive_vs_lor_all_phases,0.8306544999279268,1,gcc_regime_plus_confounds
sub-24,3,LOR_task3,1,responsive_vs_lor_all_phases,0.40836888888855655,0,gcc_regime_plus_confounds
sub-24,2,PreLOR,0,responsive_vs_lor_all_phases,0.042133708412013894,0,gcc_regime_plus_confounds
sub-25,1,Base1,0,responsive_vs_lor_all_phases,0.005705301861416528,0,gcc_regime_plus_confounds
sub-25,4,Base2,0,responsive_vs_lor_all_phases,0.03697469275671571,0,gcc_regime_plus_confounds
sub-25,2,LOR_task2,1,responsive_vs_lor_all_phases,0.9966415111946116,1,gcc_regime_plus_confounds
sub-25,3,LOR_task3,1,responsive_vs_lor_all_phases,0.9413075573651853,1,gcc_regime_plus_confounds
sub-25,2,PreLOR,0,responsive_vs_lor_all_phases,0.7935677397985847,1,gcc_regime_plus_confounds
sub-26,1,Base1,0,responsive_vs_lor_all_phases,0.003080030810540044,0,gcc_regime_plus_confounds
sub-26,4,Base2,0,responsive_vs_lor_all_phases,0.03211015912249169,0,gcc_regime_plus_confounds
sub-26,2,LOR_task2,1,responsive_vs_lor_all_phases,0.9505750923632339,1,gcc_regime_plus_confounds
sub-26,3,LOR_task3,1,responsive_vs_lor_all_phases,0.9430060120491016,1,gcc_regime_plus_confounds
sub-26,2,PreLOR,0,responsive_vs_lor_all_phases,0.36605826466609137,0,gcc_regime_plus_confounds
sub-26,3,ROR,0,responsive_vs_lor_all_phases,0.0742066740501805,0,gcc_regime_plus_confounds
sub-27,1,Base1,0,responsive_vs_lor_all_phases,0.0015268194528388415,0,gcc_regime_plus_confounds
sub-27,4,Base2,0,responsive_vs_lor_all_phases,0.045361970316971145,0,gcc_regime_plus_confounds
sub-27,2,LOR_task2,1,responsive_vs_lor_all_phases,0.9757179128701287,1,gcc_regime_plus_confounds
sub-27,3,LOR_task3,1,responsive_vs_lor_all_phases,0.9617970902968831,1,gcc_regime_plus_confounds
sub-27,2,PreLOR,0,responsive_vs_lor_all_phases,0.128738908146685,0,gcc_regime_plus_confounds
sub-27,3,ROR,0,responsive_vs_lor_all_phases,0.23834782404017,0,gcc_regime_plus_confounds
sub-28,1,Base1,0,responsive_vs_lor_all_phases,0.001387696076595122,0,gcc_regime_plus_confounds
sub-28,4,Base2,0,responsive_vs_lor_all_phases,0.025075479459458802,0,gcc_regime_plus_confounds
sub-28,2,LOR_task2,1,responsive_vs_lor_all_phases,0.9978515507121899,1,gcc_regime_plus_confounds
sub-28,3,LOR_task3,1,responsive_vs_lor_all_phases,0.8659144166140647,1,gcc_regime_plus_confounds
sub-28,2,PreLOR,0,responsive_vs_lor_all_phases,0.7653826475527088,1,gcc_regime_plus_confounds
sub-29,1,Base1,0,responsive_vs_lor_all_phases,0.0017412899025535111,0,gcc_regime_plus_confounds
sub-29,2,LOR_task2,1,responsive_vs_lor_all_phases,0.9999894396403208,1,gcc_regime_plus_confounds
sub-29,3,LOR_task3,1,responsive_vs_lor_all_phases,0.999999822425145,1,gcc_regime_plus_confounds
sub-29,2,PreLOR,0,responsive_vs_lor_all_phases,0.897926528639432,1,gcc_regime_plus_confounds
sub-30,1,Base1,0,responsive_vs_lor_all_phases,0.009769405250108117,0,gcc_regime_plus_confounds
sub-30,4,Base2,0,responsive_vs_lor_all_phases,0.031318702651550394,0,gcc_regime_plus_confounds
sub-30,2,LOR_task2,1,responsive_vs_lor_all_phases,0.9854141888072553,1,gcc_regime_plus_confounds
sub-30,3,LOR_task3,1,responsive_vs_lor_all_phases,0.9947402351035592,1,gcc_regime_plus_confounds
sub-30,2,PreLOR,0,responsive_vs_lor_all_phases,0.5498291433073161,1,gcc_regime_plus_confounds
sub-30,3,ROR,0,responsive_vs_lor_all_phases,0.391015758518463,0,gcc_regime_plus_confounds
sub-02,1,Base1,0,responsive_vs_lor_all_phases,0.0021094118906019705,0,full_standard_plus_gcc
sub-02,4,Base2,0,responsive_vs_lor_all_phases,0.01799097885316842,0,full_standard_plus_gcc
sub-02,2,LOR_task2,1,responsive_vs_lor_all_phases,0.9876183263792436,1,full_standard_plus_gcc
sub-02,3,LOR_task3,1,responsive_vs_lor_all_phases,0.8830179276077356,1,full_standard_plus_gcc
sub-02,2,PreLOR,0,responsive_vs_lor_all_phases,0.058999962757128405,0,full_standard_plus_gcc
sub-02,3,ROR,0,responsive_vs_lor_all_phases,0.05549352419834696,0,full_standard_plus_gcc
sub-03,1,Base1,0,responsive_vs_lor_all_phases,0.002226060626935598,0,full_standard_plus_gcc
sub-03,4,Base2,0,responsive_vs_lor_all_phases,0.010671327314069506,0,full_standard_plus_gcc
sub-03,2,LOR_task2,1,responsive_vs_lor_all_phases,0.9907822745231297,1,full_standard_plus_gcc
sub-03,3,LOR_task3,1,responsive_vs_lor_all_phases,0.6834481467788242,1,full_standard_plus_gcc
sub-03,2,PreLOR,0,responsive_vs_lor_all_phases,0.11852067167683235,0,full_standard_plus_gcc
sub-03,3,ROR,0,responsive_vs_lor_all_phases,0.059588229849996996,0,full_standard_plus_gcc
sub-04,1,Base1,0,responsive_vs_lor_all_phases,0.0013605695695836015,0,full_standard_plus_gcc
sub-04,4,Base2,0,responsive_vs_lor_all_phases,0.004036005467498053,0,full_standard_plus_gcc
sub-04,2,LOR_task2,1,responsive_vs_lor_all_phases,0.9816473499975039,1,full_standard_plus_gcc
sub-04,3,LOR_task3,1,responsive_vs_lor_all_phases,0.6901928627414304,1,full_standard_plus_gcc
sub-04,2,PreLOR,0,responsive_vs_lor_all_phases,0.13123371850285323,0,full_standard_plus_gcc
sub-04,3,ROR,0,responsive_vs_lor_all_phases,0.027065495758121935,0,full_standard_plus_gcc
sub-05,1,Base1,0,responsive_vs_lor_all_phases,0.003261895624445503,0,full_standard_plus_gcc
sub-05,4,Base2,0,responsive_vs_lor_all_phases,0.026821481861029256,0,full_standard_plus_gcc
sub-05,2,LOR_task2,1,responsive_vs_lor_all_phases,0.96368584270048,1,full_standard_plus_gcc
sub-05,3,LOR_task3,1,responsive_vs_lor_all_phases,0.7120600179451327,1,full_standard_plus_gcc
sub-05,2,PreLOR,0,responsive_vs_lor_all_phases,0.08273777355040214,0,full_standard_plus_gcc
sub-05,3,ROR,0,responsive_vs_lor_all_phases,0.05588138324011208,0,full_standard_plus_gcc
sub-06,1,Base1,0,responsive_vs_lor_all_phases,0.0005906912649193778,0,full_standard_plus_gcc
sub-06,4,Base2,0,responsive_vs_lor_all_phases,0.007591323269590374,0,full_standard_plus_gcc
sub-06,2,LOR_task2,1,responsive_vs_lor_all_phases,0.822552082834811,1,full_standard_plus_gcc
sub-06,3,LOR_task3,1,responsive_vs_lor_all_phases,0.12767059573434722,0,full_standard_plus_gcc
sub-06,2,PreLOR,0,responsive_vs_lor_all_phases,0.07936155825930279,0,full_standard_plus_gcc
sub-06,3,ROR,0,responsive_vs_lor_all_phases,0.915241308259021,1,full_standard_plus_gcc
sub-07,1,Base1,0,responsive_vs_lor_all_phases,0.0019877014369779015,0,full_standard_plus_gcc
sub-07,4,Base2,0,responsive_vs_lor_all_phases,0.006104064191306542,0,full_standard_plus_gcc
sub-07,2,LOR_task2,1,responsive_vs_lor_all_phases,0.9907124748795402,1,full_standard_plus_gcc
sub-07,3,LOR_task3,1,responsive_vs_lor_all_phases,0.5919221456446895,1,full_standard_plus_gcc
sub-07,2,PreLOR,0,responsive_vs_lor_all_phases,0.13911088080358713,0,full_standard_plus_gcc
sub-07,3,ROR,0,responsive_vs_lor_all_phases,0.07472070440045024,0,full_standard_plus_gcc
sub-11,1,Base1,0,responsive_vs_lor_all_phases,0.0015346367718140532,0,full_standard_plus_gcc
sub-11,4,Base2,0,responsive_vs_lor_all_phases,0.0030375779472936143,0,full_standard_plus_gcc
sub-11,2,LOR_task2,1,responsive_vs_lor_all_phases,0.8598732732923065,1,full_standard_plus_gcc
sub-11,3,LOR_task3,1,responsive_vs_lor_all_phases,0.8206511914972539,1,full_standard_plus_gcc
sub-11,2,PreLOR,0,responsive_vs_lor_all_phases,0.09030784871863806,0,full_standard_plus_gcc
sub-11,3,ROR,0,responsive_vs_lor_all_phases,0.0458734964291831,0,full_standard_plus_gcc
sub-12,1,Base1,0,responsive_vs_lor_all_phases,0.003913406771358135,0,full_standard_plus_gcc
sub-12,4,Base2,0,responsive_vs_lor_all_phases,0.024186106412761,0,full_standard_plus_gcc
sub-12,2,LOR_task2,1,responsive_vs_lor_all_phases,0.96601866586652,1,full_standard_plus_gcc
sub-12,3,LOR_task3,1,responsive_vs_lor_all_phases,0.9687398467540339,1,full_standard_plus_gcc
sub-12,2,PreLOR,0,responsive_vs_lor_all_phases,0.11962284496269153,0,full_standard_plus_gcc
sub-12,3,ROR,0,responsive_vs_lor_all_phases,0.03699356611171765,0,full_standard_plus_gcc
sub-13,1,Base1,0,responsive_vs_lor_all_phases,0.0012664228764121897,0,full_standard_plus_gcc
sub-13,4,Base2,0,responsive_vs_lor_all_phases,0.007571555334366218,0,full_standard_plus_gcc
sub-13,2,LOR_task2,1,responsive_vs_lor_all_phases,0.978142382773635,1,full_standard_plus_gcc
sub-13,3,LOR_task3,1,responsive_vs_lor_all_phases,0.9720713595330621,1,full_standard_plus_gcc
sub-13,2,PreLOR,0,responsive_vs_lor_all_phases,0.23535063514465934,0,full_standard_plus_gcc
sub-13,3,ROR,0,responsive_vs_lor_all_phases,0.1426571301732504,0,full_standard_plus_gcc
sub-14,1,Base1,0,responsive_vs_lor_all_phases,0.002293664439340918,0,full_standard_plus_gcc
sub-14,4,Base2,0,responsive_vs_lor_all_phases,0.0045706502731447255,0,full_standard_plus_gcc
sub-14,2,LOR_task2,1,responsive_vs_lor_all_phases,0.6395640231301806,1,full_standard_plus_gcc
sub-14,3,LOR_task3,1,responsive_vs_lor_all_phases,0.5424477160635112,1,full_standard_plus_gcc
sub-14,2,PreLOR,0,responsive_vs_lor_all_phases,0.014444024329172177,0,full_standard_plus_gcc
sub-15,1,Base1,0,responsive_vs_lor_all_phases,0.0022529801681612535,0,full_standard_plus_gcc
sub-15,4,Base2,0,responsive_vs_lor_all_phases,0.009450984401661503,0,full_standard_plus_gcc
sub-15,2,LOR_task2,1,responsive_vs_lor_all_phases,0.5676621855263677,1,full_standard_plus_gcc
sub-15,3,LOR_task3,1,responsive_vs_lor_all_phases,0.32357921282148955,0,full_standard_plus_gcc
sub-15,2,PreLOR,0,responsive_vs_lor_all_phases,0.02292498171162481,0,full_standard_plus_gcc
sub-15,3,ROR,0,responsive_vs_lor_all_phases,0.17190527682645212,0,full_standard_plus_gcc
sub-16,1,Base1,0,responsive_vs_lor_all_phases,0.0018909253857805049,0,full_standard_plus_gcc
sub-16,4,Base2,0,responsive_vs_lor_all_phases,0.022039414533137066,0,full_standard_plus_gcc
sub-16,3,LOR_task3,1,responsive_vs_lor_all_phases,0.9999174805805464,1,full_standard_plus_gcc
sub-16,2,PreLOR,0,responsive_vs_lor_all_phases,0.5660787049227956,1,full_standard_plus_gcc
sub-16,3,ROR,0,responsive_vs_lor_all_phases,0.8972689638642127,1,full_standard_plus_gcc
sub-17,1,Base1,0,responsive_vs_lor_all_phases,0.0014548401817339014,0,full_standard_plus_gcc
sub-17,4,Base2,0,responsive_vs_lor_all_phases,0.03621069805070293,0,full_standard_plus_gcc
sub-17,2,LOR_task2,1,responsive_vs_lor_all_phases,0.8225152478212497,1,full_standard_plus_gcc
sub-17,3,LOR_task3,1,responsive_vs_lor_all_phases,0.4735955661492651,0,full_standard_plus_gcc
sub-17,2,PreLOR,0,responsive_vs_lor_all_phases,0.20242278095829871,0,full_standard_plus_gcc
sub-17,3,ROR,0,responsive_vs_lor_all_phases,0.42217914965183373,0,full_standard_plus_gcc
sub-18,1,Base1,0,responsive_vs_lor_all_phases,0.0015061045496236145,0,full_standard_plus_gcc
sub-18,4,Base2,0,responsive_vs_lor_all_phases,0.06653402544227359,0,full_standard_plus_gcc
sub-18,2,LOR_task2,1,responsive_vs_lor_all_phases,0.9802030811951127,1,full_standard_plus_gcc
sub-18,3,LOR_task3,1,responsive_vs_lor_all_phases,0.9972109603015495,1,full_standard_plus_gcc
sub-18,2,PreLOR,0,responsive_vs_lor_all_phases,0.0994079885583363,0,full_standard_plus_gcc
sub-19,1,Base1,0,responsive_vs_lor_all_phases,0.0026561642884722595,0,full_standard_plus_gcc
sub-19,4,Base2,0,responsive_vs_lor_all_phases,0.006129445489962644,0,full_standard_plus_gcc
sub-19,2,LOR_task2,1,responsive_vs_lor_all_phases,0.9857454037593594,1,full_standard_plus_gcc
sub-19,3,LOR_task3,1,responsive_vs_lor_all_phases,0.13743140306440027,0,full_standard_plus_gcc
sub-19,2,PreLOR,0,responsive_vs_lor_all_phases,0.15850328408787479,0,full_standard_plus_gcc
sub-19,3,ROR,0,responsive_vs_lor_all_phases,0.019266556567368334,0,full_standard_plus_gcc
sub-20,1,Base1,0,responsive_vs_lor_all_phases,0.004962929987510234,0,full_standard_plus_gcc
sub-20,4,Base2,0,responsive_vs_lor_all_phases,0.17791092690966753,0,full_standard_plus_gcc
sub-20,2,LOR_task2,1,responsive_vs_lor_all_phases,0.9991373190323651,1,full_standard_plus_gcc
sub-20,3,LOR_task3,1,responsive_vs_lor_all_phases,0.9993147670787087,1,full_standard_plus_gcc
sub-20,2,PreLOR,0,responsive_vs_lor_all_phases,0.9196685862048533,1,full_standard_plus_gcc
sub-20,3,ROR,0,responsive_vs_lor_all_phases,0.658060321612559,1,full_standard_plus_gcc
sub-21,1,Base1,0,responsive_vs_lor_all_phases,0.008523530112782174,0,full_standard_plus_gcc
sub-21,4,Base2,0,responsive_vs_lor_all_phases,0.03164065101566857,0,full_standard_plus_gcc
sub-21,2,LOR_task2,1,responsive_vs_lor_all_phases,0.997374908094712,1,full_standard_plus_gcc
sub-21,3,LOR_task3,1,responsive_vs_lor_all_phases,0.9916439061553882,1,full_standard_plus_gcc
sub-21,2,PreLOR,0,responsive_vs_lor_all_phases,0.665243299120401,1,full_standard_plus_gcc
sub-21,3,ROR,0,responsive_vs_lor_all_phases,0.21983280196211072,0,full_standard_plus_gcc
sub-22,1,Base1,0,responsive_vs_lor_all_phases,0.0012152218207248432,0,full_standard_plus_gcc
sub-22,4,Base2,0,responsive_vs_lor_all_phases,0.10411568376064868,0,full_standard_plus_gcc
sub-22,2,LOR_task2,1,responsive_vs_lor_all_phases,0.9862976219583156,1,full_standard_plus_gcc
sub-22,3,LOR_task3,1,responsive_vs_lor_all_phases,0.9635472315926082,1,full_standard_plus_gcc
sub-22,2,PreLOR,0,responsive_vs_lor_all_phases,0.6916120034826436,1,full_standard_plus_gcc
sub-23,1,Base1,0,responsive_vs_lor_all_phases,0.0013937105388817483,0,full_standard_plus_gcc
sub-23,4,Base2,0,responsive_vs_lor_all_phases,0.01103301328966349,0,full_standard_plus_gcc
sub-23,2,LOR_task2,1,responsive_vs_lor_all_phases,0.9963222950709146,1,full_standard_plus_gcc
sub-23,3,LOR_task3,1,responsive_vs_lor_all_phases,0.9975999043745866,1,full_standard_plus_gcc
sub-23,2,PreLOR,0,responsive_vs_lor_all_phases,0.3208247926269057,0,full_standard_plus_gcc
sub-23,3,ROR,0,responsive_vs_lor_all_phases,0.15465208129246472,0,full_standard_plus_gcc
sub-24,1,Base1,0,responsive_vs_lor_all_phases,0.002549235277881404,0,full_standard_plus_gcc
sub-24,4,Base2,0,responsive_vs_lor_all_phases,0.01004225615597222,0,full_standard_plus_gcc
sub-24,2,LOR_task2,1,responsive_vs_lor_all_phases,0.8336452446324935,1,full_standard_plus_gcc
sub-24,3,LOR_task3,1,responsive_vs_lor_all_phases,0.3901006069979331,0,full_standard_plus_gcc
sub-24,2,PreLOR,0,responsive_vs_lor_all_phases,0.04133335789055211,0,full_standard_plus_gcc
sub-25,1,Base1,0,responsive_vs_lor_all_phases,0.005912717221006913,0,full_standard_plus_gcc
sub-25,4,Base2,0,responsive_vs_lor_all_phases,0.04304746871011864,0,full_standard_plus_gcc
sub-25,2,LOR_task2,1,responsive_vs_lor_all_phases,0.9967535550570674,1,full_standard_plus_gcc
sub-25,3,LOR_task3,1,responsive_vs_lor_all_phases,0.9465927875664487,1,full_standard_plus_gcc
sub-25,2,PreLOR,0,responsive_vs_lor_all_phases,0.801921843998143,1,full_standard_plus_gcc
sub-26,1,Base1,0,responsive_vs_lor_all_phases,0.0030963276209307194,0,full_standard_plus_gcc
sub-26,4,Base2,0,responsive_vs_lor_all_phases,0.03397856564971425,0,full_standard_plus_gcc
sub-26,2,LOR_task2,1,responsive_vs_lor_all_phases,0.9523864406699855,1,full_standard_plus_gcc
sub-26,3,LOR_task3,1,responsive_vs_lor_all_phases,0.9453262955099788,1,full_standard_plus_gcc
sub-26,2,PreLOR,0,responsive_vs_lor_all_phases,0.3687423791906457,0,full_standard_plus_gcc
sub-26,3,ROR,0,responsive_vs_lor_all_phases,0.0755451971348874,0,full_standard_plus_gcc
sub-27,1,Base1,0,responsive_vs_lor_all_phases,0.001522489889296782,0,full_standard_plus_gcc
sub-27,4,Base2,0,responsive_vs_lor_all_phases,0.04728269171294868,0,full_standard_plus_gcc
sub-27,2,LOR_task2,1,responsive_vs_lor_all_phases,0.9769350909910567,1,full_standard_plus_gcc
sub-27,3,LOR_task3,1,responsive_vs_lor_all_phases,0.9657170402237654,1,full_standard_plus_gcc
sub-27,2,PreLOR,0,responsive_vs_lor_all_phases,0.13061988542075445,0,full_standard_plus_gcc
sub-27,3,ROR,0,responsive_vs_lor_all_phases,0.23760544839081668,0,full_standard_plus_gcc
sub-28,1,Base1,0,responsive_vs_lor_all_phases,0.001472847183432399,0,full_standard_plus_gcc
sub-28,4,Base2,0,responsive_vs_lor_all_phases,0.02891670080089793,0,full_standard_plus_gcc
sub-28,2,LOR_task2,1,responsive_vs_lor_all_phases,0.9976651454390559,1,full_standard_plus_gcc
sub-28,3,LOR_task3,1,responsive_vs_lor_all_phases,0.8656062402768111,1,full_standard_plus_gcc
sub-28,2,PreLOR,0,responsive_vs_lor_all_phases,0.7541398421259107,1,full_standard_plus_gcc
sub-29,1,Base1,0,responsive_vs_lor_all_phases,0.0018060385298308557,0,full_standard_plus_gcc
sub-29,2,LOR_task2,1,responsive_vs_lor_all_phases,0.9999897622068727,1,full_standard_plus_gcc
sub-29,3,LOR_task3,1,responsive_vs_lor_all_phases,0.9999998324066953,1,full_standard_plus_gcc
sub-29,2,PreLOR,0,responsive_vs_lor_all_phases,0.8999478152528331,1,full_standard_plus_gcc
sub-30,1,Base1,0,responsive_vs_lor_all_phases,0.009267480327010632,0,full_standard_plus_gcc
sub-30,4,Base2,0,responsive_vs_lor_all_phases,0.03103641211894972,0,full_standard_plus_gcc
sub-30,2,LOR_task2,1,responsive_vs_lor_all_phases,0.9857889605043166,1,full_standard_plus_gcc
sub-30,3,LOR_task3,1,responsive_vs_lor_all_phases,0.9946657120294607,1,full_standard_plus_gcc
sub-30,2,PreLOR,0,responsive_vs_lor_all_phases,0.5483661874372019,1,full_standard_plus_gcc
sub-30,3,ROR,0,responsive_vs_lor_all_phases,0.3768822086207961,0,full_standard_plus_gcc
sub-02,2,LOR_task2,1,prelor_vs_lor_task2,0.7525205776815093,1,confounds_motion_propofol
sub-02,2,PreLOR,0,prelor_vs_lor_task2,0.03365485251460769,0,confounds_motion_propofol
sub-03,2,LOR_task2,1,prelor_vs_lor_task2,0.9057804374344662,1,confounds_motion_propofol
sub-03,2,PreLOR,0,prelor_vs_lor_task2,0.06563561765606192,0,confounds_motion_propofol
sub-04,2,LOR_task2,1,prelor_vs_lor_task2,0.9313692634014882,1,confounds_motion_propofol
sub-04,2,PreLOR,0,prelor_vs_lor_task2,0.029119945346993557,0,confounds_motion_propofol
sub-05,2,LOR_task2,1,prelor_vs_lor_task2,0.6717735002875717,1,confounds_motion_propofol
sub-05,2,PreLOR,0,prelor_vs_lor_task2,0.045526554527808134,0,confounds_motion_propofol
sub-06,2,LOR_task2,1,prelor_vs_lor_task2,0.7584938488560579,1,confounds_motion_propofol
sub-06,2,PreLOR,0,prelor_vs_lor_task2,0.07648547144891717,0,confounds_motion_propofol
sub-07,2,LOR_task2,1,prelor_vs_lor_task2,0.8163616649052664,1,confounds_motion_propofol
sub-07,2,PreLOR,0,prelor_vs_lor_task2,0.07058980973053126,0,confounds_motion_propofol
sub-11,2,LOR_task2,1,prelor_vs_lor_task2,0.7063657332680834,1,confounds_motion_propofol
sub-11,2,PreLOR,0,prelor_vs_lor_task2,0.05609624956487051,0,confounds_motion_propofol
sub-12,2,LOR_task2,1,prelor_vs_lor_task2,0.8385066466830556,1,confounds_motion_propofol
sub-12,2,PreLOR,0,prelor_vs_lor_task2,0.05572199242245225,0,confounds_motion_propofol
sub-13,2,LOR_task2,1,prelor_vs_lor_task2,0.9258869351833845,1,confounds_motion_propofol
sub-13,2,PreLOR,0,prelor_vs_lor_task2,0.03460494063672344,0,confounds_motion_propofol
sub-14,2,LOR_task2,1,prelor_vs_lor_task2,0.525461474797867,1,confounds_motion_propofol
sub-14,2,PreLOR,0,prelor_vs_lor_task2,0.022540493904861028,0,confounds_motion_propofol
sub-15,2,LOR_task2,1,prelor_vs_lor_task2,0.10727620162998305,0,confounds_motion_propofol
sub-15,2,PreLOR,0,prelor_vs_lor_task2,0.008545259018770105,0,confounds_motion_propofol
sub-17,2,LOR_task2,1,prelor_vs_lor_task2,0.6466928148171885,1,confounds_motion_propofol
sub-17,2,PreLOR,0,prelor_vs_lor_task2,0.11006294555141707,0,confounds_motion_propofol
sub-18,2,LOR_task2,1,prelor_vs_lor_task2,0.9134058737552668,1,confounds_motion_propofol
sub-18,2,PreLOR,0,prelor_vs_lor_task2,0.056344381329428095,0,confounds_motion_propofol
sub-19,2,LOR_task2,1,prelor_vs_lor_task2,0.9284219327843426,1,confounds_motion_propofol
sub-19,2,PreLOR,0,prelor_vs_lor_task2,0.1415517359923837,0,confounds_motion_propofol
sub-20,2,LOR_task2,1,prelor_vs_lor_task2,0.9991838479819833,1,confounds_motion_propofol
sub-20,2,PreLOR,0,prelor_vs_lor_task2,0.25217012202544803,0,confounds_motion_propofol
sub-21,2,LOR_task2,1,prelor_vs_lor_task2,0.9708446295091626,1,confounds_motion_propofol
sub-21,2,PreLOR,0,prelor_vs_lor_task2,0.21330437016397957,0,confounds_motion_propofol
sub-22,2,LOR_task2,1,prelor_vs_lor_task2,0.9938448122449024,1,confounds_motion_propofol
sub-22,2,PreLOR,0,prelor_vs_lor_task2,0.2994986319890577,0,confounds_motion_propofol
sub-23,2,LOR_task2,1,prelor_vs_lor_task2,0.9758562844964829,1,confounds_motion_propofol
sub-23,2,PreLOR,0,prelor_vs_lor_task2,0.20432043224081542,0,confounds_motion_propofol
sub-24,2,LOR_task2,1,prelor_vs_lor_task2,0.9089899469017804,1,confounds_motion_propofol
sub-24,2,PreLOR,0,prelor_vs_lor_task2,0.22077818616561123,0,confounds_motion_propofol
sub-25,2,LOR_task2,1,prelor_vs_lor_task2,0.9932192085695841,1,confounds_motion_propofol
sub-25,2,PreLOR,0,prelor_vs_lor_task2,0.30830069482413985,0,confounds_motion_propofol
sub-26,2,LOR_task2,1,prelor_vs_lor_task2,0.9196731254747986,1,confounds_motion_propofol
sub-26,2,PreLOR,0,prelor_vs_lor_task2,0.2136585435961215,0,confounds_motion_propofol
sub-27,2,LOR_task2,1,prelor_vs_lor_task2,0.8110349793673489,1,confounds_motion_propofol
sub-27,2,PreLOR,0,prelor_vs_lor_task2,0.08459883769911533,0,confounds_motion_propofol
sub-28,2,LOR_task2,1,prelor_vs_lor_task2,0.9825925852524602,1,confounds_motion_propofol
sub-28,2,PreLOR,0,prelor_vs_lor_task2,0.36780371495300956,0,confounds_motion_propofol
sub-29,2,LOR_task2,1,prelor_vs_lor_task2,0.9999364827243131,1,confounds_motion_propofol
sub-29,2,PreLOR,0,prelor_vs_lor_task2,0.442537469406922,0,confounds_motion_propofol
sub-30,2,LOR_task2,1,prelor_vs_lor_task2,0.9028068962608192,1,confounds_motion_propofol
sub-30,2,PreLOR,0,prelor_vs_lor_task2,0.24756502778450606,0,confounds_motion_propofol
sub-02,2,LOR_task2,1,prelor_vs_lor_task2,0.9625353658904034,1,standard_fc_plus_confounds
sub-02,2,PreLOR,0,prelor_vs_lor_task2,0.0373886143977736,0,standard_fc_plus_confounds
sub-03,2,LOR_task2,1,prelor_vs_lor_task2,0.9721969921116558,1,standard_fc_plus_confounds
sub-03,2,PreLOR,0,prelor_vs_lor_task2,0.034232730461422174,0,standard_fc_plus_confounds
sub-04,2,LOR_task2,1,prelor_vs_lor_task2,0.9451274721269886,1,standard_fc_plus_confounds
sub-04,2,PreLOR,0,prelor_vs_lor_task2,0.0346017301251164,0,standard_fc_plus_confounds
sub-05,2,LOR_task2,1,prelor_vs_lor_task2,0.8040061220574429,1,standard_fc_plus_confounds
sub-05,2,PreLOR,0,prelor_vs_lor_task2,0.02710099227990177,0,standard_fc_plus_confounds
sub-06,2,LOR_task2,1,prelor_vs_lor_task2,0.5627360806565205,1,standard_fc_plus_confounds
sub-06,2,PreLOR,0,prelor_vs_lor_task2,0.013442984661457574,0,standard_fc_plus_confounds
sub-07,2,LOR_task2,1,prelor_vs_lor_task2,0.9558263205488352,1,standard_fc_plus_confounds
sub-07,2,PreLOR,0,prelor_vs_lor_task2,0.04130854902591849,0,standard_fc_plus_confounds
sub-11,2,LOR_task2,1,prelor_vs_lor_task2,0.8063873280587388,1,standard_fc_plus_confounds
sub-11,2,PreLOR,0,prelor_vs_lor_task2,0.04309455429505516,0,standard_fc_plus_confounds
sub-12,2,LOR_task2,1,prelor_vs_lor_task2,0.9339066435324862,1,standard_fc_plus_confounds
sub-12,2,PreLOR,0,prelor_vs_lor_task2,0.060541298148393104,0,standard_fc_plus_confounds
sub-13,2,LOR_task2,1,prelor_vs_lor_task2,0.9539302904410737,1,standard_fc_plus_confounds
sub-13,2,PreLOR,0,prelor_vs_lor_task2,0.10949510572045094,0,standard_fc_plus_confounds
sub-14,2,LOR_task2,1,prelor_vs_lor_task2,0.7424316195177963,1,standard_fc_plus_confounds
sub-14,2,PreLOR,0,prelor_vs_lor_task2,0.0044149405513310685,0,standard_fc_plus_confounds
sub-15,2,LOR_task2,1,prelor_vs_lor_task2,0.18097558680181927,0,standard_fc_plus_confounds
sub-15,2,PreLOR,0,prelor_vs_lor_task2,0.015185088610080593,0,standard_fc_plus_confounds
sub-17,2,LOR_task2,1,prelor_vs_lor_task2,0.7854704104887752,1,standard_fc_plus_confounds
sub-17,2,PreLOR,0,prelor_vs_lor_task2,0.0992032983712098,0,standard_fc_plus_confounds
sub-18,2,LOR_task2,1,prelor_vs_lor_task2,0.5659644143217271,1,standard_fc_plus_confounds
sub-18,2,PreLOR,0,prelor_vs_lor_task2,0.0014063882866367657,0,standard_fc_plus_confounds
sub-19,2,LOR_task2,1,prelor_vs_lor_task2,0.9676983853033675,1,standard_fc_plus_confounds
sub-19,2,PreLOR,0,prelor_vs_lor_task2,0.025582056997402937,0,standard_fc_plus_confounds
sub-20,2,LOR_task2,1,prelor_vs_lor_task2,0.9973695182232905,1,standard_fc_plus_confounds
sub-20,2,PreLOR,0,prelor_vs_lor_task2,0.24891794140471848,0,standard_fc_plus_confounds
sub-21,2,LOR_task2,1,prelor_vs_lor_task2,0.9913697500192715,1,standard_fc_plus_confounds
sub-21,2,PreLOR,0,prelor_vs_lor_task2,0.19527951915017985,0,standard_fc_plus_confounds
sub-22,2,LOR_task2,1,prelor_vs_lor_task2,0.900206807405694,1,standard_fc_plus_confounds
sub-22,2,PreLOR,0,prelor_vs_lor_task2,0.2547352510521635,0,standard_fc_plus_confounds
sub-23,2,LOR_task2,1,prelor_vs_lor_task2,0.9903941611906946,1,standard_fc_plus_confounds
sub-23,2,PreLOR,0,prelor_vs_lor_task2,0.08702371632992599,0,standard_fc_plus_confounds
sub-24,2,LOR_task2,1,prelor_vs_lor_task2,0.9061225853593475,1,standard_fc_plus_confounds
sub-24,2,PreLOR,0,prelor_vs_lor_task2,0.019187309947088893,0,standard_fc_plus_confounds
sub-25,2,LOR_task2,1,prelor_vs_lor_task2,0.9881993528032551,1,standard_fc_plus_confounds
sub-25,2,PreLOR,0,prelor_vs_lor_task2,0.38116371447651465,0,standard_fc_plus_confounds
sub-26,2,LOR_task2,1,prelor_vs_lor_task2,0.9056887279425899,1,standard_fc_plus_confounds
sub-26,2,PreLOR,0,prelor_vs_lor_task2,0.02171790059299527,0,standard_fc_plus_confounds
sub-27,2,LOR_task2,1,prelor_vs_lor_task2,0.9696655887634585,1,standard_fc_plus_confounds
sub-27,2,PreLOR,0,prelor_vs_lor_task2,0.04256327304997175,0,standard_fc_plus_confounds
sub-28,2,LOR_task2,1,prelor_vs_lor_task2,0.9929862099940905,1,standard_fc_plus_confounds
sub-28,2,PreLOR,0,prelor_vs_lor_task2,0.585756619660739,1,standard_fc_plus_confounds
sub-29,2,LOR_task2,1,prelor_vs_lor_task2,0.999807573837783,1,standard_fc_plus_confounds
sub-29,2,PreLOR,0,prelor_vs_lor_task2,0.227365747946857,0,standard_fc_plus_confounds
sub-30,2,LOR_task2,1,prelor_vs_lor_task2,0.9749833095970588,1,standard_fc_plus_confounds
sub-30,2,PreLOR,0,prelor_vs_lor_task2,0.2729489562054893,0,standard_fc_plus_confounds
sub-02,2,LOR_task2,1,prelor_vs_lor_task2,0.9835734451327268,1,gcc_core_plus_confounds
sub-02,2,PreLOR,0,prelor_vs_lor_task2,0.03178375828537214,0,gcc_core_plus_confounds
sub-03,2,LOR_task2,1,prelor_vs_lor_task2,0.981140459973589,1,gcc_core_plus_confounds
sub-03,2,PreLOR,0,prelor_vs_lor_task2,0.029992821447236088,0,gcc_core_plus_confounds
sub-04,2,LOR_task2,1,prelor_vs_lor_task2,0.9568954354063351,1,gcc_core_plus_confounds
sub-04,2,PreLOR,0,prelor_vs_lor_task2,0.019612121377700496,0,gcc_core_plus_confounds
sub-05,2,LOR_task2,1,prelor_vs_lor_task2,0.7852555388983129,1,gcc_core_plus_confounds
sub-05,2,PreLOR,0,prelor_vs_lor_task2,0.018214503165851288,0,gcc_core_plus_confounds
sub-06,2,LOR_task2,1,prelor_vs_lor_task2,0.5039177808606838,1,gcc_core_plus_confounds
sub-06,2,PreLOR,0,prelor_vs_lor_task2,0.013019098167842448,0,gcc_core_plus_confounds
sub-07,2,LOR_task2,1,prelor_vs_lor_task2,0.9484627278267028,1,gcc_core_plus_confounds
sub-07,2,PreLOR,0,prelor_vs_lor_task2,0.03843813346748072,0,gcc_core_plus_confounds
sub-11,2,LOR_task2,1,prelor_vs_lor_task2,0.798200689828009,1,gcc_core_plus_confounds
sub-11,2,PreLOR,0,prelor_vs_lor_task2,0.04569369944973908,0,gcc_core_plus_confounds
sub-12,2,LOR_task2,1,prelor_vs_lor_task2,0.9484315053984906,1,gcc_core_plus_confounds
sub-12,2,PreLOR,0,prelor_vs_lor_task2,0.049665016684042176,0,gcc_core_plus_confounds
sub-13,2,LOR_task2,1,prelor_vs_lor_task2,0.9712364686881133,1,gcc_core_plus_confounds
sub-13,2,PreLOR,0,prelor_vs_lor_task2,0.17906892772854216,0,gcc_core_plus_confounds
sub-14,2,LOR_task2,1,prelor_vs_lor_task2,0.7570728445757885,1,gcc_core_plus_confounds
sub-14,2,PreLOR,0,prelor_vs_lor_task2,0.003760568612461655,0,gcc_core_plus_confounds
sub-15,2,LOR_task2,1,prelor_vs_lor_task2,0.15165910003641647,0,gcc_core_plus_confounds
sub-15,2,PreLOR,0,prelor_vs_lor_task2,0.01159528397380904,0,gcc_core_plus_confounds
sub-17,2,LOR_task2,1,prelor_vs_lor_task2,0.8866139638928358,1,gcc_core_plus_confounds
sub-17,2,PreLOR,0,prelor_vs_lor_task2,0.09248987949438951,0,gcc_core_plus_confounds
sub-18,2,LOR_task2,1,prelor_vs_lor_task2,0.5853407670431301,1,gcc_core_plus_confounds
sub-18,2,PreLOR,0,prelor_vs_lor_task2,0.0018933017619621123,0,gcc_core_plus_confounds
sub-19,2,LOR_task2,1,prelor_vs_lor_task2,0.966261794317072,1,gcc_core_plus_confounds
sub-19,2,PreLOR,0,prelor_vs_lor_task2,0.023217806393803123,0,gcc_core_plus_confounds
sub-20,2,LOR_task2,1,prelor_vs_lor_task2,0.9977350655025177,1,gcc_core_plus_confounds
sub-20,2,PreLOR,0,prelor_vs_lor_task2,0.22541413932716908,0,gcc_core_plus_confounds
sub-21,2,LOR_task2,1,prelor_vs_lor_task2,0.9935481247203862,1,gcc_core_plus_confounds
sub-21,2,PreLOR,0,prelor_vs_lor_task2,0.15299822752876707,0,gcc_core_plus_confounds
sub-22,2,LOR_task2,1,prelor_vs_lor_task2,0.7880547118803573,1,gcc_core_plus_confounds
sub-22,2,PreLOR,0,prelor_vs_lor_task2,0.19464239891013901,0,gcc_core_plus_confounds
sub-23,2,LOR_task2,1,prelor_vs_lor_task2,0.995180911842217,1,gcc_core_plus_confounds
sub-23,2,PreLOR,0,prelor_vs_lor_task2,0.08147156456982842,0,gcc_core_plus_confounds
sub-24,2,LOR_task2,1,prelor_vs_lor_task2,0.9028765719751528,1,gcc_core_plus_confounds
sub-24,2,PreLOR,0,prelor_vs_lor_task2,0.009998666029886416,0,gcc_core_plus_confounds
sub-25,2,LOR_task2,1,prelor_vs_lor_task2,0.9875175780010579,1,gcc_core_plus_confounds
sub-25,2,PreLOR,0,prelor_vs_lor_task2,0.37770834772772033,0,gcc_core_plus_confounds
sub-26,2,LOR_task2,1,prelor_vs_lor_task2,0.8928192325278829,1,gcc_core_plus_confounds
sub-26,2,PreLOR,0,prelor_vs_lor_task2,0.017154816353303497,0,gcc_core_plus_confounds
sub-27,2,LOR_task2,1,prelor_vs_lor_task2,0.9797717328044155,1,gcc_core_plus_confounds
sub-27,2,PreLOR,0,prelor_vs_lor_task2,0.03298551836348934,0,gcc_core_plus_confounds
sub-28,2,LOR_task2,1,prelor_vs_lor_task2,0.9975469853493406,1,gcc_core_plus_confounds
sub-28,2,PreLOR,0,prelor_vs_lor_task2,0.7304019806479393,1,gcc_core_plus_confounds
sub-29,2,LOR_task2,1,prelor_vs_lor_task2,0.9998009294498421,1,gcc_core_plus_confounds
sub-29,2,PreLOR,0,prelor_vs_lor_task2,0.21010173641832167,0,gcc_core_plus_confounds
sub-30,2,LOR_task2,1,prelor_vs_lor_task2,0.98163383580626,1,gcc_core_plus_confounds
sub-30,2,PreLOR,0,prelor_vs_lor_task2,0.2823479935376805,0,gcc_core_plus_confounds
sub-02,2,LOR_task2,1,prelor_vs_lor_task2,0.9844177018466646,1,gcc_regime_plus_confounds
sub-02,2,PreLOR,0,prelor_vs_lor_task2,0.03036292859575869,0,gcc_regime_plus_confounds
sub-03,2,LOR_task2,1,prelor_vs_lor_task2,0.9832573449084887,1,gcc_regime_plus_confounds
sub-03,2,PreLOR,0,prelor_vs_lor_task2,0.033603758887671975,0,gcc_regime_plus_confounds
sub-04,2,LOR_task2,1,prelor_vs_lor_task2,0.957932743023825,1,gcc_regime_plus_confounds
sub-04,2,PreLOR,0,prelor_vs_lor_task2,0.01906885162752028,0,gcc_regime_plus_confounds
sub-05,2,LOR_task2,1,prelor_vs_lor_task2,0.7896668129457578,1,gcc_regime_plus_confounds
sub-05,2,PreLOR,0,prelor_vs_lor_task2,0.018579945365850118,0,gcc_regime_plus_confounds
sub-06,2,LOR_task2,1,prelor_vs_lor_task2,0.5066714290799427,1,gcc_regime_plus_confounds
sub-06,2,PreLOR,0,prelor_vs_lor_task2,0.012813038256686084,0,gcc_regime_plus_confounds
sub-07,2,LOR_task2,1,prelor_vs_lor_task2,0.9519786929639051,1,gcc_regime_plus_confounds
sub-07,2,PreLOR,0,prelor_vs_lor_task2,0.03782358854966749,0,gcc_regime_plus_confounds
sub-11,2,LOR_task2,1,prelor_vs_lor_task2,0.7984792626529607,1,gcc_regime_plus_confounds
sub-11,2,PreLOR,0,prelor_vs_lor_task2,0.04665808630998942,0,gcc_regime_plus_confounds
sub-12,2,LOR_task2,1,prelor_vs_lor_task2,0.9428863260745164,1,gcc_regime_plus_confounds
sub-12,2,PreLOR,0,prelor_vs_lor_task2,0.046918367250797066,0,gcc_regime_plus_confounds
sub-13,2,LOR_task2,1,prelor_vs_lor_task2,0.9721151687236544,1,gcc_regime_plus_confounds
sub-13,2,PreLOR,0,prelor_vs_lor_task2,0.1812058275917292,0,gcc_regime_plus_confounds
sub-14,2,LOR_task2,1,prelor_vs_lor_task2,0.6474655440594694,1,gcc_regime_plus_confounds
sub-14,2,PreLOR,0,prelor_vs_lor_task2,0.002621715552104849,0,gcc_regime_plus_confounds
sub-15,2,LOR_task2,1,prelor_vs_lor_task2,0.1167850543998929,0,gcc_regime_plus_confounds
sub-15,2,PreLOR,0,prelor_vs_lor_task2,0.00932851996692029,0,gcc_regime_plus_confounds
sub-17,2,LOR_task2,1,prelor_vs_lor_task2,0.8925716859398108,1,gcc_regime_plus_confounds
sub-17,2,PreLOR,0,prelor_vs_lor_task2,0.09406453926778882,0,gcc_regime_plus_confounds
sub-18,2,LOR_task2,1,prelor_vs_lor_task2,0.5760565584982712,1,gcc_regime_plus_confounds
sub-18,2,PreLOR,0,prelor_vs_lor_task2,0.0016973034945821273,0,gcc_regime_plus_confounds
sub-19,2,LOR_task2,1,prelor_vs_lor_task2,0.966400611132895,1,gcc_regime_plus_confounds
sub-19,2,PreLOR,0,prelor_vs_lor_task2,0.023107305513301202,0,gcc_regime_plus_confounds
sub-20,2,LOR_task2,1,prelor_vs_lor_task2,0.9972158019266666,1,gcc_regime_plus_confounds
sub-20,2,PreLOR,0,prelor_vs_lor_task2,0.2518513815453229,0,gcc_regime_plus_confounds
sub-21,2,LOR_task2,1,prelor_vs_lor_task2,0.9935053850941885,1,gcc_regime_plus_confounds
sub-21,2,PreLOR,0,prelor_vs_lor_task2,0.17734967160942547,0,gcc_regime_plus_confounds
sub-22,2,LOR_task2,1,prelor_vs_lor_task2,0.792743802646705,1,gcc_regime_plus_confounds
sub-22,2,PreLOR,0,prelor_vs_lor_task2,0.19418199999838745,0,gcc_regime_plus_confounds
sub-23,2,LOR_task2,1,prelor_vs_lor_task2,0.995238643960127,1,gcc_regime_plus_confounds
sub-23,2,PreLOR,0,prelor_vs_lor_task2,0.07730738149139316,0,gcc_regime_plus_confounds
sub-24,2,LOR_task2,1,prelor_vs_lor_task2,0.8864571628318942,1,gcc_regime_plus_confounds
sub-24,2,PreLOR,0,prelor_vs_lor_task2,0.008578597768787891,0,gcc_regime_plus_confounds
sub-25,2,LOR_task2,1,prelor_vs_lor_task2,0.9885975879549511,1,gcc_regime_plus_confounds
sub-25,2,PreLOR,0,prelor_vs_lor_task2,0.40041534665560286,0,gcc_regime_plus_confounds
sub-26,2,LOR_task2,1,prelor_vs_lor_task2,0.8816259212276691,1,gcc_regime_plus_confounds
sub-26,2,PreLOR,0,prelor_vs_lor_task2,0.016991826876439825,0,gcc_regime_plus_confounds
sub-27,2,LOR_task2,1,prelor_vs_lor_task2,0.9817467109464667,1,gcc_regime_plus_confounds
sub-27,2,PreLOR,0,prelor_vs_lor_task2,0.03642462960417234,0,gcc_regime_plus_confounds
sub-28,2,LOR_task2,1,prelor_vs_lor_task2,0.9977930444827825,1,gcc_regime_plus_confounds
sub-28,2,PreLOR,0,prelor_vs_lor_task2,0.7330591620469774,1,gcc_regime_plus_confounds
sub-29,2,LOR_task2,1,prelor_vs_lor_task2,0.9998111102134967,1,gcc_regime_plus_confounds
sub-29,2,PreLOR,0,prelor_vs_lor_task2,0.21336649270310037,0,gcc_regime_plus_confounds
sub-30,2,LOR_task2,1,prelor_vs_lor_task2,0.9806979305537885,1,gcc_regime_plus_confounds
sub-30,2,PreLOR,0,prelor_vs_lor_task2,0.279702835071624,0,gcc_regime_plus_confounds
sub-02,2,LOR_task2,1,prelor_vs_lor_task2,0.988791347356035,1,full_standard_plus_gcc
sub-02,2,PreLOR,0,prelor_vs_lor_task2,0.027711281098632634,0,full_standard_plus_gcc
sub-03,2,LOR_task2,1,prelor_vs_lor_task2,0.9874322074386711,1,full_standard_plus_gcc
sub-03,2,PreLOR,0,prelor_vs_lor_task2,0.026992040762354206,0,full_standard_plus_gcc
sub-04,2,LOR_task2,1,prelor_vs_lor_task2,0.9618248535094158,1,full_standard_plus_gcc
sub-04,2,PreLOR,0,prelor_vs_lor_task2,0.020898618451750308,0,full_standard_plus_gcc
sub-05,2,LOR_task2,1,prelor_vs_lor_task2,0.8330261497041331,1,full_standard_plus_gcc
sub-05,2,PreLOR,0,prelor_vs_lor_task2,0.016398509316677218,0,full_standard_plus_gcc
sub-06,2,LOR_task2,1,prelor_vs_lor_task2,0.5025164736997229,1,full_standard_plus_gcc
sub-06,2,PreLOR,0,prelor_vs_lor_task2,0.0076005660636950705,0,full_standard_plus_gcc
sub-07,2,LOR_task2,1,prelor_vs_lor_task2,0.9720212290333252,1,full_standard_plus_gcc
sub-07,2,PreLOR,0,prelor_vs_lor_task2,0.030865996029085865,0,full_standard_plus_gcc
sub-11,2,LOR_task2,1,prelor_vs_lor_task2,0.8215380889234478,1,full_standard_plus_gcc
sub-11,2,PreLOR,0,prelor_vs_lor_task2,0.03738971900686221,0,full_standard_plus_gcc
sub-12,2,LOR_task2,1,prelor_vs_lor_task2,0.9529406652952003,1,full_standard_plus_gcc
sub-12,2,PreLOR,0,prelor_vs_lor_task2,0.043848193728698234,0,full_standard_plus_gcc
sub-13,2,LOR_task2,1,prelor_vs_lor_task2,0.9737215304208323,1,full_standard_plus_gcc
sub-13,2,PreLOR,0,prelor_vs_lor_task2,0.18012887404678396,0,full_standard_plus_gcc
sub-14,2,LOR_task2,1,prelor_vs_lor_task2,0.6956187471595913,1,full_standard_plus_gcc
sub-14,2,PreLOR,0,prelor_vs_lor_task2,0.0016483546027315419,0,full_standard_plus_gcc
sub-15,2,LOR_task2,1,prelor_vs_lor_task2,0.1270310832146805,0,full_standard_plus_gcc
sub-15,2,PreLOR,0,prelor_vs_lor_task2,0.008986082188524602,0,full_standard_plus_gcc
sub-17,2,LOR_task2,1,prelor_vs_lor_task2,0.8844976706714129,1,full_standard_plus_gcc
sub-17,2,PreLOR,0,prelor_vs_lor_task2,0.08387857215136658,0,full_standard_plus_gcc
sub-18,2,LOR_task2,1,prelor_vs_lor_task2,0.47303154225668653,0,full_standard_plus_gcc
sub-18,2,PreLOR,0,prelor_vs_lor_task2,0.0005756444342327481,0,full_standard_plus_gcc
sub-19,2,LOR_task2,1,prelor_vs_lor_task2,0.9749928736576118,1,full_standard_plus_gcc
sub-19,2,PreLOR,0,prelor_vs_lor_task2,0.01438376392985029,0,full_standard_plus_gcc
sub-20,2,LOR_task2,1,prelor_vs_lor_task2,0.9970647571302464,1,full_standard_plus_gcc
sub-20,2,PreLOR,0,prelor_vs_lor_task2,0.27575953694191396,0,full_standard_plus_gcc
sub-21,2,LOR_task2,1,prelor_vs_lor_task2,0.9954580006575573,1,full_standard_plus_gcc
sub-21,2,PreLOR,0,prelor_vs_lor_task2,0.18162980454286123,0,full_standard_plus_gcc
sub-22,2,LOR_task2,1,prelor_vs_lor_task2,0.7310426362212857,1,full_standard_plus_gcc
sub-22,2,PreLOR,0,prelor_vs_lor_task2,0.19852076096312335,0,full_standard_plus_gcc
sub-23,2,LOR_task2,1,prelor_vs_lor_task2,0.9959937566789925,1,full_standard_plus_gcc
sub-23,2,PreLOR,0,prelor_vs_lor_task2,0.05955311399801819,0,full_standard_plus_gcc
sub-24,2,LOR_task2,1,prelor_vs_lor_task2,0.89409010181371,1,full_standard_plus_gcc
sub-24,2,PreLOR,0,prelor_vs_lor_task2,0.005201204800706336,0,full_standard_plus_gcc
sub-25,2,LOR_task2,1,prelor_vs_lor_task2,0.9901355648046128,1,full_standard_plus_gcc
sub-25,2,PreLOR,0,prelor_vs_lor_task2,0.4380591663111812,0,full_standard_plus_gcc
sub-26,2,LOR_task2,1,prelor_vs_lor_task2,0.8919542187939411,1,full_standard_plus_gcc
sub-26,2,PreLOR,0,prelor_vs_lor_task2,0.010639733764398647,0,full_standard_plus_gcc
sub-27,2,LOR_task2,1,prelor_vs_lor_task2,0.9877207786332922,1,full_standard_plus_gcc
sub-27,2,PreLOR,0,prelor_vs_lor_task2,0.02996537323020302,0,full_standard_plus_gcc
sub-28,2,LOR_task2,1,prelor_vs_lor_task2,0.9980425578593429,1,full_standard_plus_gcc
sub-28,2,PreLOR,0,prelor_vs_lor_task2,0.7417405540031508,1,full_standard_plus_gcc
sub-29,2,LOR_task2,1,prelor_vs_lor_task2,0.9998482675255509,1,full_standard_plus_gcc
sub-29,2,PreLOR,0,prelor_vs_lor_task2,0.194209797670922,0,full_standard_plus_gcc
sub-30,2,LOR_task2,1,prelor_vs_lor_task2,0.9859825353193985,1,full_standard_plus_gcc
sub-30,2,PreLOR,0,prelor_vs_lor_task2,0.27335702240916576,0,full_standard_plus_gcc
sub-02,3,LOR_task3,1,lor_vs_ror_task3,0.9460942267945133,1,confounds_motion_propofol
sub-02,3,ROR,0,lor_vs_ror_task3,0.04375568809877146,0,confounds_motion_propofol
sub-03,3,LOR_task3,1,lor_vs_ror_task3,0.9607171180198206,1,confounds_motion_propofol
sub-03,3,ROR,0,lor_vs_ror_task3,0.09150916242869243,0,confounds_motion_propofol
sub-04,3,LOR_task3,1,lor_vs_ror_task3,0.8778033136834767,1,confounds_motion_propofol
sub-04,3,ROR,0,lor_vs_ror_task3,0.028324118023070333,0,confounds_motion_propofol
sub-05,3,LOR_task3,1,lor_vs_ror_task3,0.9077610626815816,1,confounds_motion_propofol
sub-05,3,ROR,0,lor_vs_ror_task3,0.04747687029011058,0,confounds_motion_propofol
sub-06,3,LOR_task3,1,lor_vs_ror_task3,0.8817701229300449,1,confounds_motion_propofol
sub-06,3,ROR,0,lor_vs_ror_task3,0.03302274473801315,0,confounds_motion_propofol
sub-07,3,LOR_task3,1,lor_vs_ror_task3,0.8637853988701214,1,confounds_motion_propofol
sub-07,3,ROR,0,lor_vs_ror_task3,0.01950907192231328,0,confounds_motion_propofol
sub-11,3,LOR_task3,1,lor_vs_ror_task3,0.6465690694907843,1,confounds_motion_propofol
sub-11,3,ROR,0,lor_vs_ror_task3,0.03633915537807975,0,confounds_motion_propofol
sub-12,3,LOR_task3,1,lor_vs_ror_task3,0.9233321605584566,1,confounds_motion_propofol
sub-12,3,ROR,0,lor_vs_ror_task3,0.08556946448001451,0,confounds_motion_propofol
sub-13,3,LOR_task3,1,lor_vs_ror_task3,0.9779768541225823,1,confounds_motion_propofol
sub-13,3,ROR,0,lor_vs_ror_task3,0.2597788424697176,0,confounds_motion_propofol
sub-15,3,LOR_task3,1,lor_vs_ror_task3,0.16912073525753518,0,confounds_motion_propofol
sub-15,3,ROR,0,lor_vs_ror_task3,0.008377593122528575,0,confounds_motion_propofol
sub-16,3,LOR_task3,1,lor_vs_ror_task3,0.9995756029929362,1,confounds_motion_propofol
sub-16,3,ROR,0,lor_vs_ror_task3,0.6969910052441973,1,confounds_motion_propofol
sub-17,3,LOR_task3,1,lor_vs_ror_task3,0.7377931511267547,1,confounds_motion_propofol
sub-17,3,ROR,0,lor_vs_ror_task3,0.037728838959994196,0,confounds_motion_propofol
sub-19,3,LOR_task3,1,lor_vs_ror_task3,0.060934737369015106,0,confounds_motion_propofol
sub-19,3,ROR,0,lor_vs_ror_task3,0.06232355615360831,0,confounds_motion_propofol
sub-20,3,LOR_task3,1,lor_vs_ror_task3,0.9993158171574382,1,confounds_motion_propofol
sub-20,3,ROR,0,lor_vs_ror_task3,0.49702018865819464,0,confounds_motion_propofol
sub-21,3,LOR_task3,1,lor_vs_ror_task3,0.9973422251877887,1,confounds_motion_propofol
sub-21,3,ROR,0,lor_vs_ror_task3,0.2504182798237768,0,confounds_motion_propofol
sub-23,3,LOR_task3,1,lor_vs_ror_task3,0.9974658192742504,1,confounds_motion_propofol
sub-23,3,ROR,0,lor_vs_ror_task3,0.09149380697756794,0,confounds_motion_propofol
sub-26,3,LOR_task3,1,lor_vs_ror_task3,0.9815051429127438,1,confounds_motion_propofol
sub-26,3,ROR,0,lor_vs_ror_task3,0.08148109902574031,0,confounds_motion_propofol
sub-27,3,LOR_task3,1,lor_vs_ror_task3,0.925275048874424,1,confounds_motion_propofol
sub-27,3,ROR,0,lor_vs_ror_task3,0.03458119615960417,0,confounds_motion_propofol
sub-30,3,LOR_task3,1,lor_vs_ror_task3,0.9929831269646184,1,confounds_motion_propofol
sub-30,3,ROR,0,lor_vs_ror_task3,0.48309454002476687,0,confounds_motion_propofol
sub-02,3,LOR_task3,1,lor_vs_ror_task3,0.9731205223225159,1,standard_fc_plus_confounds
sub-02,3,ROR,0,lor_vs_ror_task3,0.016574600950607463,0,standard_fc_plus_confounds
sub-03,3,LOR_task3,1,lor_vs_ror_task3,0.9977583812019524,1,standard_fc_plus_confounds
sub-03,3,ROR,0,lor_vs_ror_task3,0.08881158259006823,0,standard_fc_plus_confounds
sub-04,3,LOR_task3,1,lor_vs_ror_task3,0.7440619896738042,1,standard_fc_plus_confounds
sub-04,3,ROR,0,lor_vs_ror_task3,0.003098509328489761,0,standard_fc_plus_confounds
sub-05,3,LOR_task3,1,lor_vs_ror_task3,0.887118908586311,1,standard_fc_plus_confounds
sub-05,3,ROR,0,lor_vs_ror_task3,0.0415682683935083,0,standard_fc_plus_confounds
sub-06,3,LOR_task3,1,lor_vs_ror_task3,0.885999400124133,1,standard_fc_plus_confounds
sub-06,3,ROR,0,lor_vs_ror_task3,0.021723741517489577,0,standard_fc_plus_confounds
sub-07,3,LOR_task3,1,lor_vs_ror_task3,0.8965475529581833,1,standard_fc_plus_confounds
sub-07,3,ROR,0,lor_vs_ror_task3,0.0038438617158798125,0,standard_fc_plus_confounds
sub-11,3,LOR_task3,1,lor_vs_ror_task3,0.8482968569602226,1,standard_fc_plus_confounds
sub-11,3,ROR,0,lor_vs_ror_task3,0.006420892998695855,0,standard_fc_plus_confounds
sub-12,3,LOR_task3,1,lor_vs_ror_task3,0.9252039176163737,1,standard_fc_plus_confounds
sub-12,3,ROR,0,lor_vs_ror_task3,0.028685600617592927,0,standard_fc_plus_confounds
sub-13,3,LOR_task3,1,lor_vs_ror_task3,0.98457238813563,1,standard_fc_plus_confounds
sub-13,3,ROR,0,lor_vs_ror_task3,0.07649841491268697,0,standard_fc_plus_confounds
sub-15,3,LOR_task3,1,lor_vs_ror_task3,0.27344939188066875,0,standard_fc_plus_confounds
sub-15,3,ROR,0,lor_vs_ror_task3,0.015082237340856319,0,standard_fc_plus_confounds
sub-16,3,LOR_task3,1,lor_vs_ror_task3,0.9998406090692643,1,standard_fc_plus_confounds
sub-16,3,ROR,0,lor_vs_ror_task3,0.7184956645844884,1,standard_fc_plus_confounds
sub-17,3,LOR_task3,1,lor_vs_ror_task3,0.6347487582814069,1,standard_fc_plus_confounds
sub-17,3,ROR,0,lor_vs_ror_task3,0.036719606094235316,0,standard_fc_plus_confounds
sub-19,3,LOR_task3,1,lor_vs_ror_task3,0.15110577470627026,0,standard_fc_plus_confounds
sub-19,3,ROR,0,lor_vs_ror_task3,0.04595264653790303,0,standard_fc_plus_confounds
sub-20,3,LOR_task3,1,lor_vs_ror_task3,0.9996563814598537,1,standard_fc_plus_confounds
sub-20,3,ROR,0,lor_vs_ror_task3,0.4981590060499831,0,standard_fc_plus_confounds
sub-21,3,LOR_task3,1,lor_vs_ror_task3,0.9945763233486644,1,standard_fc_plus_confounds
sub-21,3,ROR,0,lor_vs_ror_task3,0.10122059632394241,0,standard_fc_plus_confounds
sub-23,3,LOR_task3,1,lor_vs_ror_task3,0.9946542195658954,1,standard_fc_plus_confounds
sub-23,3,ROR,0,lor_vs_ror_task3,0.00805350079490397,0,standard_fc_plus_confounds
sub-26,3,LOR_task3,1,lor_vs_ror_task3,0.9968100306290805,1,standard_fc_plus_confounds
sub-26,3,ROR,0,lor_vs_ror_task3,0.5773030380214785,1,standard_fc_plus_confounds
sub-27,3,LOR_task3,1,lor_vs_ror_task3,0.9579878734180396,1,standard_fc_plus_confounds
sub-27,3,ROR,0,lor_vs_ror_task3,0.012246313400580055,0,standard_fc_plus_confounds
sub-30,3,LOR_task3,1,lor_vs_ror_task3,0.987037001618421,1,standard_fc_plus_confounds
sub-30,3,ROR,0,lor_vs_ror_task3,0.2329908808952359,0,standard_fc_plus_confounds
sub-02,3,LOR_task3,1,lor_vs_ror_task3,0.9747489362362071,1,gcc_core_plus_confounds
sub-02,3,ROR,0,lor_vs_ror_task3,0.012987312992911844,0,gcc_core_plus_confounds
sub-03,3,LOR_task3,1,lor_vs_ror_task3,0.9977827107671001,1,gcc_core_plus_confounds
sub-03,3,ROR,0,lor_vs_ror_task3,0.07758436721596268,0,gcc_core_plus_confounds
sub-04,3,LOR_task3,1,lor_vs_ror_task3,0.6352613677536587,1,gcc_core_plus_confounds
sub-04,3,ROR,0,lor_vs_ror_task3,0.0010733859609566086,0,gcc_core_plus_confounds
sub-05,3,LOR_task3,1,lor_vs_ror_task3,0.9060346694902816,1,gcc_core_plus_confounds
sub-05,3,ROR,0,lor_vs_ror_task3,0.046299579291037875,0,gcc_core_plus_confounds
sub-06,3,LOR_task3,1,lor_vs_ror_task3,0.9016662891671263,1,gcc_core_plus_confounds
sub-06,3,ROR,0,lor_vs_ror_task3,0.014458935838761,0,gcc_core_plus_confounds
sub-07,3,LOR_task3,1,lor_vs_ror_task3,0.9146876657538522,1,gcc_core_plus_confounds
sub-07,3,ROR,0,lor_vs_ror_task3,0.002852029403788073,0,gcc_core_plus_confounds
sub-11,3,LOR_task3,1,lor_vs_ror_task3,0.8486988094848898,1,gcc_core_plus_confounds
sub-11,3,ROR,0,lor_vs_ror_task3,0.004762315368501732,0,gcc_core_plus_confounds
sub-12,3,LOR_task3,1,lor_vs_ror_task3,0.9487601385417888,1,gcc_core_plus_confounds
sub-12,3,ROR,0,lor_vs_ror_task3,0.029077504534481602,0,gcc_core_plus_confounds
sub-13,3,LOR_task3,1,lor_vs_ror_task3,0.9843591963133159,1,gcc_core_plus_confounds
sub-13,3,ROR,0,lor_vs_ror_task3,0.07699243594890136,0,gcc_core_plus_confounds
sub-15,3,LOR_task3,1,lor_vs_ror_task3,0.30000328824281997,0,gcc_core_plus_confounds
sub-15,3,ROR,0,lor_vs_ror_task3,0.027081250978561126,0,gcc_core_plus_confounds
sub-16,3,LOR_task3,1,lor_vs_ror_task3,0.999731771594543,1,gcc_core_plus_confounds
sub-16,3,ROR,0,lor_vs_ror_task3,0.7112343530674433,1,gcc_core_plus_confounds
sub-17,3,LOR_task3,1,lor_vs_ror_task3,0.6297356919719908,1,gcc_core_plus_confounds
sub-17,3,ROR,0,lor_vs_ror_task3,0.03346862821742073,0,gcc_core_plus_confounds
sub-19,3,LOR_task3,1,lor_vs_ror_task3,0.21596789447782042,0,gcc_core_plus_confounds
sub-19,3,ROR,0,lor_vs_ror_task3,0.06890523649067466,0,gcc_core_plus_confounds
sub-20,3,LOR_task3,1,lor_vs_ror_task3,0.9996645186489318,1,gcc_core_plus_confounds
sub-20,3,ROR,0,lor_vs_ror_task3,0.5632469226329566,1,gcc_core_plus_confounds
sub-21,3,LOR_task3,1,lor_vs_ror_task3,0.994278988050246,1,gcc_core_plus_confounds
sub-21,3,ROR,0,lor_vs_ror_task3,0.09098814552394666,0,gcc_core_plus_confounds
sub-23,3,LOR_task3,1,lor_vs_ror_task3,0.9914751439276059,1,gcc_core_plus_confounds
sub-23,3,ROR,0,lor_vs_ror_task3,0.00290030961892464,0,gcc_core_plus_confounds
sub-26,3,LOR_task3,1,lor_vs_ror_task3,0.9968960496965353,1,gcc_core_plus_confounds
sub-26,3,ROR,0,lor_vs_ror_task3,0.4525887537472896,0,gcc_core_plus_confounds
sub-27,3,LOR_task3,1,lor_vs_ror_task3,0.9617933572950865,1,gcc_core_plus_confounds
sub-27,3,ROR,0,lor_vs_ror_task3,0.01127625741941179,0,gcc_core_plus_confounds
sub-30,3,LOR_task3,1,lor_vs_ror_task3,0.9876176779667949,1,gcc_core_plus_confounds
sub-30,3,ROR,0,lor_vs_ror_task3,0.20231345737968479,0,gcc_core_plus_confounds
sub-02,3,LOR_task3,1,lor_vs_ror_task3,0.9509701987678757,1,gcc_regime_plus_confounds
sub-02,3,ROR,0,lor_vs_ror_task3,0.0077428424227139955,0,gcc_regime_plus_confounds
sub-03,3,LOR_task3,1,lor_vs_ror_task3,0.9984867577454513,1,gcc_regime_plus_confounds
sub-03,3,ROR,0,lor_vs_ror_task3,0.1600193253133085,0,gcc_regime_plus_confounds
sub-04,3,LOR_task3,1,lor_vs_ror_task3,0.7942641600431914,1,gcc_regime_plus_confounds
sub-04,3,ROR,0,lor_vs_ror_task3,0.0021171172731532734,0,gcc_regime_plus_confounds
sub-05,3,LOR_task3,1,lor_vs_ror_task3,0.8365534163836369,1,gcc_regime_plus_confounds
sub-05,3,ROR,0,lor_vs_ror_task3,0.02460208245569412,0,gcc_regime_plus_confounds
sub-06,3,LOR_task3,1,lor_vs_ror_task3,0.7828703950803539,1,gcc_regime_plus_confounds
sub-06,3,ROR,0,lor_vs_ror_task3,0.029627267990372252,0,gcc_regime_plus_confounds
sub-07,3,LOR_task3,1,lor_vs_ror_task3,0.9474326671115497,1,gcc_regime_plus_confounds
sub-07,3,ROR,0,lor_vs_ror_task3,0.005336325340476793,0,gcc_regime_plus_confounds
sub-11,3,LOR_task3,1,lor_vs_ror_task3,0.8525669180644102,1,gcc_regime_plus_confounds
sub-11,3,ROR,0,lor_vs_ror_task3,0.005931491206570099,0,gcc_regime_plus_confounds
sub-12,3,LOR_task3,1,lor_vs_ror_task3,0.9234469438835002,1,gcc_regime_plus_confounds
sub-12,3,ROR,0,lor_vs_ror_task3,0.014995550451674802,0,gcc_regime_plus_confounds
sub-13,3,LOR_task3,1,lor_vs_ror_task3,0.9811798578425,1,gcc_regime_plus_confounds
sub-13,3,ROR,0,lor_vs_ror_task3,0.06298408649905889,0,gcc_regime_plus_confounds
sub-15,3,LOR_task3,1,lor_vs_ror_task3,0.39078085719191014,0,gcc_regime_plus_confounds
sub-15,3,ROR,0,lor_vs_ror_task3,0.045516694174615645,0,gcc_regime_plus_confounds
sub-16,3,LOR_task3,1,lor_vs_ror_task3,0.999690159061502,1,gcc_regime_plus_confounds
sub-16,3,ROR,0,lor_vs_ror_task3,0.5818700090529179,1,gcc_regime_plus_confounds
sub-17,3,LOR_task3,1,lor_vs_ror_task3,0.6615552374261103,1,gcc_regime_plus_confounds
sub-17,3,ROR,0,lor_vs_ror_task3,0.049462480428665835,0,gcc_regime_plus_confounds
sub-19,3,LOR_task3,1,lor_vs_ror_task3,0.3405907633498896,0,gcc_regime_plus_confounds
sub-19,3,ROR,0,lor_vs_ror_task3,0.07793925340525133,0,gcc_regime_plus_confounds
sub-20,3,LOR_task3,1,lor_vs_ror_task3,0.9998656330385819,1,gcc_regime_plus_confounds
sub-20,3,ROR,0,lor_vs_ror_task3,0.7621602983684123,1,gcc_regime_plus_confounds
sub-21,3,LOR_task3,1,lor_vs_ror_task3,0.9852771771967924,1,gcc_regime_plus_confounds
sub-21,3,ROR,0,lor_vs_ror_task3,0.033616589923505316,0,gcc_regime_plus_confounds
sub-23,3,LOR_task3,1,lor_vs_ror_task3,0.9962007709441859,1,gcc_regime_plus_confounds
sub-23,3,ROR,0,lor_vs_ror_task3,0.005317672735494564,0,gcc_regime_plus_confounds
sub-26,3,LOR_task3,1,lor_vs_ror_task3,0.9942916529010747,1,gcc_regime_plus_confounds
sub-26,3,ROR,0,lor_vs_ror_task3,0.23884125621092123,0,gcc_regime_plus_confounds
sub-27,3,LOR_task3,1,lor_vs_ror_task3,0.9739894869887631,1,gcc_regime_plus_confounds
sub-27,3,ROR,0,lor_vs_ror_task3,0.008038834015310997,0,gcc_regime_plus_confounds
sub-30,3,LOR_task3,1,lor_vs_ror_task3,0.9928472695821545,1,gcc_regime_plus_confounds
sub-30,3,ROR,0,lor_vs_ror_task3,0.1296647824177343,0,gcc_regime_plus_confounds
sub-02,3,LOR_task3,1,lor_vs_ror_task3,0.9597662010157666,1,full_standard_plus_gcc
sub-02,3,ROR,0,lor_vs_ror_task3,0.006322768234104517,0,full_standard_plus_gcc
sub-03,3,LOR_task3,1,lor_vs_ror_task3,0.999100511373131,1,full_standard_plus_gcc
sub-03,3,ROR,0,lor_vs_ror_task3,0.14640126411272372,0,full_standard_plus_gcc
sub-04,3,LOR_task3,1,lor_vs_ror_task3,0.7859604722269559,1,full_standard_plus_gcc
sub-04,3,ROR,0,lor_vs_ror_task3,0.0015290924572886155,0,full_standard_plus_gcc
sub-05,3,LOR_task3,1,lor_vs_ror_task3,0.8224944573336421,1,full_standard_plus_gcc
sub-05,3,ROR,0,lor_vs_ror_task3,0.02127207554114481,0,full_standard_plus_gcc
sub-06,3,LOR_task3,1,lor_vs_ror_task3,0.7715840160390178,1,full_standard_plus_gcc
sub-06,3,ROR,0,lor_vs_ror_task3,0.030819036383659324,0,full_standard_plus_gcc
sub-07,3,LOR_task3,1,lor_vs_ror_task3,0.9475689872143843,1,full_standard_plus_gcc
sub-07,3,ROR,0,lor_vs_ror_task3,0.003751062869790558,0,full_standard_plus_gcc
sub-11,3,LOR_task3,1,lor_vs_ror_task3,0.8830411247546223,1,full_standard_plus_gcc
sub-11,3,ROR,0,lor_vs_ror_task3,0.004071931241797503,0,full_standard_plus_gcc
sub-12,3,LOR_task3,1,lor_vs_ror_task3,0.9201534503653825,1,full_standard_plus_gcc
sub-12,3,ROR,0,lor_vs_ror_task3,0.010733051866193714,0,full_standard_plus_gcc
sub-13,3,LOR_task3,1,lor_vs_ror_task3,0.9834710951972406,1,full_standard_plus_gcc
sub-13,3,ROR,0,lor_vs_ror_task3,0.04501180036518254,0,full_standard_plus_gcc
sub-15,3,LOR_task3,1,lor_vs_ror_task3,0.4189509168367966,0,full_standard_plus_gcc
sub-15,3,ROR,0,lor_vs_ror_task3,0.040173120834857,0,full_standard_plus_gcc
sub-16,3,LOR_task3,1,lor_vs_ror_task3,0.9998311210124865,1,full_standard_plus_gcc
sub-16,3,ROR,0,lor_vs_ror_task3,0.6074216787775657,1,full_standard_plus_gcc
sub-17,3,LOR_task3,1,lor_vs_ror_task3,0.6309529116250098,1,full_standard_plus_gcc
sub-17,3,ROR,0,lor_vs_ror_task3,0.04831112442434831,0,full_standard_plus_gcc
sub-19,3,LOR_task3,1,lor_vs_ror_task3,0.35086740596675525,0,full_standard_plus_gcc
sub-19,3,ROR,0,lor_vs_ror_task3,0.06271142587648683,0,full_standard_plus_gcc
sub-20,3,LOR_task3,1,lor_vs_ror_task3,0.9998902680440339,1,full_standard_plus_gcc
sub-20,3,ROR,0,lor_vs_ror_task3,0.7459019406599675,1,full_standard_plus_gcc
sub-21,3,LOR_task3,1,lor_vs_ror_task3,0.9848730633759568,1,full_standard_plus_gcc
sub-21,3,ROR,0,lor_vs_ror_task3,0.026826531398723288,0,full_standard_plus_gcc
sub-23,3,LOR_task3,1,lor_vs_ror_task3,0.9965256657616897,1,full_standard_plus_gcc
sub-23,3,ROR,0,lor_vs_ror_task3,0.0039759657682610665,0,full_standard_plus_gcc
sub-26,3,LOR_task3,1,lor_vs_ror_task3,0.9967007895195928,1,full_standard_plus_gcc
sub-26,3,ROR,0,lor_vs_ror_task3,0.4113363336645235,0,full_standard_plus_gcc
sub-27,3,LOR_task3,1,lor_vs_ror_task3,0.9774970600566799,1,full_standard_plus_gcc
sub-27,3,ROR,0,lor_vs_ror_task3,0.006320228186161446,0,full_standard_plus_gcc
sub-30,3,LOR_task3,1,lor_vs_ror_task3,0.992590793476826,1,full_standard_plus_gcc
sub-30,3,ROR,0,lor_vs_ror_task3,0.1100754302098604,0,full_standard_plus_gcc
sub-02,1,Base1,0,base1_vs_base2_control,0.04424555589910827,0,confounds_motion_propofol
sub-02,4,Base2,1,base1_vs_base2_control,0.8817996387883689,1,confounds_motion_propofol
sub-03,1,Base1,0,base1_vs_base2_control,0.05117982645933166,0,confounds_motion_propofol
sub-03,4,Base2,1,base1_vs_base2_control,0.5406734863148194,1,confounds_motion_propofol
sub-04,1,Base1,0,base1_vs_base2_control,0.030260884555938283,0,confounds_motion_propofol
sub-04,4,Base2,1,base1_vs_base2_control,0.8402499747892802,1,confounds_motion_propofol
sub-05,1,Base1,0,base1_vs_base2_control,0.042896234123701936,0,confounds_motion_propofol
sub-05,4,Base2,1,base1_vs_base2_control,0.897204298809608,1,confounds_motion_propofol
sub-06,1,Base1,0,base1_vs_base2_control,0.05433324498805737,0,confounds_motion_propofol
sub-06,4,Base2,1,base1_vs_base2_control,0.9634161281915232,1,confounds_motion_propofol
sub-07,1,Base1,0,base1_vs_base2_control,0.04130350357085288,0,confounds_motion_propofol
sub-07,4,Base2,1,base1_vs_base2_control,0.8970779310563438,1,confounds_motion_propofol
sub-11,1,Base1,0,base1_vs_base2_control,0.054456306297378264,0,confounds_motion_propofol
sub-11,4,Base2,1,base1_vs_base2_control,0.3991945627718372,0,confounds_motion_propofol
sub-12,1,Base1,0,base1_vs_base2_control,0.03816256537183932,0,confounds_motion_propofol
sub-12,4,Base2,1,base1_vs_base2_control,0.9925504786723038,1,confounds_motion_propofol
sub-13,1,Base1,0,base1_vs_base2_control,0.04197799135235297,0,confounds_motion_propofol
sub-13,4,Base2,1,base1_vs_base2_control,0.9954943917737801,1,confounds_motion_propofol
sub-14,1,Base1,0,base1_vs_base2_control,0.035152068692032565,0,confounds_motion_propofol
sub-14,4,Base2,1,base1_vs_base2_control,0.8648228522224424,1,confounds_motion_propofol
sub-15,1,Base1,0,base1_vs_base2_control,0.03444556940815665,0,confounds_motion_propofol
sub-15,4,Base2,1,base1_vs_base2_control,0.7552291100175428,1,confounds_motion_propofol
sub-16,1,Base1,0,base1_vs_base2_control,0.040329602904348325,0,confounds_motion_propofol
sub-16,4,Base2,1,base1_vs_base2_control,0.9999156862553019,1,confounds_motion_propofol
sub-17,1,Base1,0,base1_vs_base2_control,0.03713664717031773,0,confounds_motion_propofol
sub-17,4,Base2,1,base1_vs_base2_control,0.9820254933619239,1,confounds_motion_propofol
sub-18,1,Base1,0,base1_vs_base2_control,0.03576606131126037,0,confounds_motion_propofol
sub-18,4,Base2,1,base1_vs_base2_control,0.9997791179380978,1,confounds_motion_propofol
sub-19,1,Base1,0,base1_vs_base2_control,0.04791667986947561,0,confounds_motion_propofol
sub-19,4,Base2,1,base1_vs_base2_control,0.9934216347011187,1,confounds_motion_propofol
sub-20,1,Base1,0,base1_vs_base2_control,0.03727066703627647,0,confounds_motion_propofol
sub-20,4,Base2,1,base1_vs_base2_control,0.9999674952575761,1,confounds_motion_propofol
sub-21,1,Base1,0,base1_vs_base2_control,0.04625589588015914,0,confounds_motion_propofol
sub-21,4,Base2,1,base1_vs_base2_control,0.9987476064465679,1,confounds_motion_propofol
sub-22,1,Base1,0,base1_vs_base2_control,0.0361226422700213,0,confounds_motion_propofol
sub-22,4,Base2,1,base1_vs_base2_control,0.9998751541875064,1,confounds_motion_propofol
sub-23,1,Base1,0,base1_vs_base2_control,0.04694880607941748,0,confounds_motion_propofol
sub-23,4,Base2,1,base1_vs_base2_control,0.9994174600956889,1,confounds_motion_propofol
sub-24,1,Base1,0,base1_vs_base2_control,0.05608990555437931,0,confounds_motion_propofol
sub-24,4,Base2,1,base1_vs_base2_control,0.9817810771776706,1,confounds_motion_propofol
sub-25,1,Base1,0,base1_vs_base2_control,0.030915076251227434,0,confounds_motion_propofol
sub-25,4,Base2,1,base1_vs_base2_control,0.9993933227421644,1,confounds_motion_propofol
sub-26,1,Base1,0,base1_vs_base2_control,0.055116364276367465,0,confounds_motion_propofol
sub-26,4,Base2,1,base1_vs_base2_control,0.9911127658453069,1,confounds_motion_propofol
sub-27,1,Base1,0,base1_vs_base2_control,0.021881512378488743,0,confounds_motion_propofol
sub-27,4,Base2,1,base1_vs_base2_control,0.9607150439220944,1,confounds_motion_propofol
sub-28,1,Base1,0,base1_vs_base2_control,0.039955864284867595,0,confounds_motion_propofol
sub-28,4,Base2,1,base1_vs_base2_control,0.9970260378353154,1,confounds_motion_propofol
sub-30,1,Base1,0,base1_vs_base2_control,0.039994177576237834,0,confounds_motion_propofol
sub-30,4,Base2,1,base1_vs_base2_control,0.9918842512884211,1,confounds_motion_propofol
sub-02,1,Base1,0,base1_vs_base2_control,0.043574093131630624,0,standard_fc_plus_confounds
sub-02,4,Base2,1,base1_vs_base2_control,0.8590888003124261,1,standard_fc_plus_confounds
sub-03,1,Base1,0,base1_vs_base2_control,0.04510558737921173,0,standard_fc_plus_confounds
sub-03,4,Base2,1,base1_vs_base2_control,0.482377610343754,0,standard_fc_plus_confounds
sub-04,1,Base1,0,base1_vs_base2_control,0.032909967904695574,0,standard_fc_plus_confounds
sub-04,4,Base2,1,base1_vs_base2_control,0.8546086622927885,1,standard_fc_plus_confounds
sub-05,1,Base1,0,base1_vs_base2_control,0.03911341741226279,0,standard_fc_plus_confounds
sub-05,4,Base2,1,base1_vs_base2_control,0.8603473014417568,1,standard_fc_plus_confounds
sub-06,1,Base1,0,base1_vs_base2_control,0.06085131262185656,0,standard_fc_plus_confounds
sub-06,4,Base2,1,base1_vs_base2_control,0.9621496606907834,1,standard_fc_plus_confounds
sub-07,1,Base1,0,base1_vs_base2_control,0.042007623965712275,0,standard_fc_plus_confounds
sub-07,4,Base2,1,base1_vs_base2_control,0.9048101802471495,1,standard_fc_plus_confounds
sub-11,1,Base1,0,base1_vs_base2_control,0.05686731972549878,0,standard_fc_plus_confounds
sub-11,4,Base2,1,base1_vs_base2_control,0.4019744467073413,0,standard_fc_plus_confounds
sub-12,1,Base1,0,base1_vs_base2_control,0.03401571670049666,0,standard_fc_plus_confounds
sub-12,4,Base2,1,base1_vs_base2_control,0.9926338076463757,1,standard_fc_plus_confounds
sub-13,1,Base1,0,base1_vs_base2_control,0.04890023936299254,0,standard_fc_plus_confounds
sub-13,4,Base2,1,base1_vs_base2_control,0.9963635231885791,1,standard_fc_plus_confounds
sub-14,1,Base1,0,base1_vs_base2_control,0.030905818548773556,0,standard_fc_plus_confounds
sub-14,4,Base2,1,base1_vs_base2_control,0.8770279192244411,1,standard_fc_plus_confounds
sub-15,1,Base1,0,base1_vs_base2_control,0.038012971632340985,0,standard_fc_plus_confounds
sub-15,4,Base2,1,base1_vs_base2_control,0.6172696324381433,1,standard_fc_plus_confounds
sub-16,1,Base1,0,base1_vs_base2_control,0.03896958921038697,0,standard_fc_plus_confounds
sub-16,4,Base2,1,base1_vs_base2_control,0.9999337129704493,1,standard_fc_plus_confounds
sub-17,1,Base1,0,base1_vs_base2_control,0.04200620114034936,0,standard_fc_plus_confounds
sub-17,4,Base2,1,base1_vs_base2_control,0.9808780746253448,1,standard_fc_plus_confounds
sub-18,1,Base1,0,base1_vs_base2_control,0.03746249775451826,0,standard_fc_plus_confounds
sub-18,4,Base2,1,base1_vs_base2_control,0.9997765543912537,1,standard_fc_plus_confounds
sub-19,1,Base1,0,base1_vs_base2_control,0.04678281729227842,0,standard_fc_plus_confounds
sub-19,4,Base2,1,base1_vs_base2_control,0.9947585028952056,1,standard_fc_plus_confounds
sub-20,1,Base1,0,base1_vs_base2_control,0.028322168460148154,0,standard_fc_plus_confounds
sub-20,4,Base2,1,base1_vs_base2_control,0.9999693928223992,1,standard_fc_plus_confounds
sub-21,1,Base1,0,base1_vs_base2_control,0.03479062357595224,0,standard_fc_plus_confounds
sub-21,4,Base2,1,base1_vs_base2_control,0.9988740813615578,1,standard_fc_plus_confounds
sub-22,1,Base1,0,base1_vs_base2_control,0.039819039803446,0,standard_fc_plus_confounds
sub-22,4,Base2,1,base1_vs_base2_control,0.999860546835504,1,standard_fc_plus_confounds
sub-23,1,Base1,0,base1_vs_base2_control,0.05344255579431889,0,standard_fc_plus_confounds
sub-23,4,Base2,1,base1_vs_base2_control,0.9995436428177967,1,standard_fc_plus_confounds
sub-24,1,Base1,0,base1_vs_base2_control,0.052222424058910775,0,standard_fc_plus_confounds
sub-24,4,Base2,1,base1_vs_base2_control,0.9823764489633497,1,standard_fc_plus_confounds
sub-25,1,Base1,0,base1_vs_base2_control,0.0252402089173391,0,standard_fc_plus_confounds
sub-25,4,Base2,1,base1_vs_base2_control,0.9994261661850532,1,standard_fc_plus_confounds
sub-26,1,Base1,0,base1_vs_base2_control,0.053437759191088945,0,standard_fc_plus_confounds
sub-26,4,Base2,1,base1_vs_base2_control,0.9903079019333811,1,standard_fc_plus_confounds
sub-27,1,Base1,0,base1_vs_base2_control,0.025815618801784266,0,standard_fc_plus_confounds
sub-27,4,Base2,1,base1_vs_base2_control,0.9503317929966334,1,standard_fc_plus_confounds
sub-28,1,Base1,0,base1_vs_base2_control,0.04356186566722232,0,standard_fc_plus_confounds
sub-28,4,Base2,1,base1_vs_base2_control,0.9967330299260766,1,standard_fc_plus_confounds
sub-30,1,Base1,0,base1_vs_base2_control,0.03150958445096242,0,standard_fc_plus_confounds
sub-30,4,Base2,1,base1_vs_base2_control,0.9919008114070832,1,standard_fc_plus_confounds
sub-02,1,Base1,0,base1_vs_base2_control,0.04285837523082427,0,gcc_core_plus_confounds
sub-02,4,Base2,1,base1_vs_base2_control,0.8540433320055323,1,gcc_core_plus_confounds
sub-03,1,Base1,0,base1_vs_base2_control,0.037577506872315584,0,gcc_core_plus_confounds
sub-03,4,Base2,1,base1_vs_base2_control,0.42724652939565955,0,gcc_core_plus_confounds
sub-04,1,Base1,0,base1_vs_base2_control,0.032718289788948765,0,gcc_core_plus_confounds
sub-04,4,Base2,1,base1_vs_base2_control,0.8450472704347153,1,gcc_core_plus_confounds
sub-05,1,Base1,0,base1_vs_base2_control,0.03930980527851895,0,gcc_core_plus_confounds
sub-05,4,Base2,1,base1_vs_base2_control,0.8634760537461059,1,gcc_core_plus_confounds
sub-06,1,Base1,0,base1_vs_base2_control,0.06284016700495469,0,gcc_core_plus_confounds
sub-06,4,Base2,1,base1_vs_base2_control,0.9639702256880417,1,gcc_core_plus_confounds
sub-07,1,Base1,0,base1_vs_base2_control,0.041600756208683635,0,gcc_core_plus_confounds
sub-07,4,Base2,1,base1_vs_base2_control,0.9034916348578107,1,gcc_core_plus_confounds
sub-11,1,Base1,0,base1_vs_base2_control,0.057445332219203504,0,gcc_core_plus_confounds
sub-11,4,Base2,1,base1_vs_base2_control,0.3981901140277056,0,gcc_core_plus_confounds
sub-12,1,Base1,0,base1_vs_base2_control,0.03343879669119632,0,gcc_core_plus_confounds
sub-12,4,Base2,1,base1_vs_base2_control,0.9923734416085062,1,gcc_core_plus_confounds
sub-13,1,Base1,0,base1_vs_base2_control,0.046979915354981375,0,gcc_core_plus_confounds
sub-13,4,Base2,1,base1_vs_base2_control,0.9962286445179538,1,gcc_core_plus_confounds
sub-14,1,Base1,0,base1_vs_base2_control,0.03197094316564258,0,gcc_core_plus_confounds
sub-14,4,Base2,1,base1_vs_base2_control,0.8762949102135413,1,gcc_core_plus_confounds
sub-15,1,Base1,0,base1_vs_base2_control,0.03820307638914089,0,gcc_core_plus_confounds
sub-15,4,Base2,1,base1_vs_base2_control,0.6361739635717293,1,gcc_core_plus_confounds
sub-16,1,Base1,0,base1_vs_base2_control,0.039747352372091156,0,gcc_core_plus_confounds
sub-16,4,Base2,1,base1_vs_base2_control,0.9999273042868483,1,gcc_core_plus_confounds
sub-17,1,Base1,0,base1_vs_base2_control,0.04195493968995026,0,gcc_core_plus_confounds
sub-17,4,Base2,1,base1_vs_base2_control,0.9809682577363734,1,gcc_core_plus_confounds
sub-18,1,Base1,0,base1_vs_base2_control,0.037273833019658274,0,gcc_core_plus_confounds
sub-18,4,Base2,1,base1_vs_base2_control,0.999775297694204,1,gcc_core_plus_confounds
sub-19,1,Base1,0,base1_vs_base2_control,0.04675706859385703,0,gcc_core_plus_confounds
sub-19,4,Base2,1,base1_vs_base2_control,0.9944861654247786,1,gcc_core_plus_confounds
sub-20,1,Base1,0,base1_vs_base2_control,0.029251922201552427,0,gcc_core_plus_confounds
sub-20,4,Base2,1,base1_vs_base2_control,0.9999676750237729,1,gcc_core_plus_confounds
sub-21,1,Base1,0,base1_vs_base2_control,0.036193214952281505,0,gcc_core_plus_confounds
sub-21,4,Base2,1,base1_vs_base2_control,0.9988416842923138,1,gcc_core_plus_confounds
sub-22,1,Base1,0,base1_vs_base2_control,0.040486395843009164,0,gcc_core_plus_confounds
sub-22,4,Base2,1,base1_vs_base2_control,0.999868003538988,1,gcc_core_plus_confounds
sub-23,1,Base1,0,base1_vs_base2_control,0.05560200876047688,0,gcc_core_plus_confounds
sub-23,4,Base2,1,base1_vs_base2_control,0.9995622825988915,1,gcc_core_plus_confounds
sub-24,1,Base1,0,base1_vs_base2_control,0.05362951337485268,0,gcc_core_plus_confounds
sub-24,4,Base2,1,base1_vs_base2_control,0.9829796592891861,1,gcc_core_plus_confounds
sub-25,1,Base1,0,base1_vs_base2_control,0.025756970080938236,0,gcc_core_plus_confounds
sub-25,4,Base2,1,base1_vs_base2_control,0.9994719089409793,1,gcc_core_plus_confounds
sub-26,1,Base1,0,base1_vs_base2_control,0.0544854506076547,0,gcc_core_plus_confounds
sub-26,4,Base2,1,base1_vs_base2_control,0.9904676311498932,1,gcc_core_plus_confounds
sub-27,1,Base1,0,base1_vs_base2_control,0.024836005590638897,0,gcc_core_plus_confounds
sub-27,4,Base2,1,base1_vs_base2_control,0.94973215759556,1,gcc_core_plus_confounds
sub-28,1,Base1,0,base1_vs_base2_control,0.045089338265081054,0,gcc_core_plus_confounds
sub-28,4,Base2,1,base1_vs_base2_control,0.9969284303097966,1,gcc_core_plus_confounds
sub-30,1,Base1,0,base1_vs_base2_control,0.03138726705763988,0,gcc_core_plus_confounds
sub-30,4,Base2,1,base1_vs_base2_control,0.9917891009180746,1,gcc_core_plus_confounds
sub-02,1,Base1,0,base1_vs_base2_control,0.03376300680591895,0,gcc_regime_plus_confounds
sub-02,4,Base2,1,base1_vs_base2_control,0.8391467525516317,1,gcc_regime_plus_confounds
sub-03,1,Base1,0,base1_vs_base2_control,0.04485883771156977,0,gcc_regime_plus_confounds
sub-03,4,Base2,1,base1_vs_base2_control,0.5808757976288348,1,gcc_regime_plus_confounds
sub-04,1,Base1,0,base1_vs_base2_control,0.02949470169944915,0,gcc_regime_plus_confounds
sub-04,4,Base2,1,base1_vs_base2_control,0.9557574941277449,1,gcc_regime_plus_confounds
sub-05,1,Base1,0,base1_vs_base2_control,0.03409308821633593,0,gcc_regime_plus_confounds
sub-05,4,Base2,1,base1_vs_base2_control,0.8394947046293059,1,gcc_regime_plus_confounds
sub-06,1,Base1,0,base1_vs_base2_control,0.04813686306220323,0,gcc_regime_plus_confounds
sub-06,4,Base2,1,base1_vs_base2_control,0.9260000164162453,1,gcc_regime_plus_confounds
sub-07,1,Base1,0,base1_vs_base2_control,0.032061998714533704,0,gcc_regime_plus_confounds
sub-07,4,Base2,1,base1_vs_base2_control,0.8511694506048925,1,gcc_regime_plus_confounds
sub-11,1,Base1,0,base1_vs_base2_control,0.044163730572840336,0,gcc_regime_plus_confounds
sub-11,4,Base2,1,base1_vs_base2_control,0.368343630771711,0,gcc_regime_plus_confounds
sub-12,1,Base1,0,base1_vs_base2_control,0.025982132827742727,0,gcc_regime_plus_confounds
sub-12,4,Base2,1,base1_vs_base2_control,0.9910241868522702,1,gcc_regime_plus_confounds
sub-13,1,Base1,0,base1_vs_base2_control,0.036116277300850805,0,gcc_regime_plus_confounds
sub-13,4,Base2,1,base1_vs_base2_control,0.9950745073367363,1,gcc_regime_plus_confounds
sub-14,1,Base1,0,base1_vs_base2_control,0.026663943560594615,0,gcc_regime_plus_confounds
sub-14,4,Base2,1,base1_vs_base2_control,0.889297175093847,1,gcc_regime_plus_confounds
sub-15,1,Base1,0,base1_vs_base2_control,0.0318172701046859,0,gcc_regime_plus_confounds
sub-15,4,Base2,1,base1_vs_base2_control,0.9373065303027109,1,gcc_regime_plus_confounds
sub-16,1,Base1,0,base1_vs_base2_control,0.033109368372415335,0,gcc_regime_plus_confounds
sub-16,4,Base2,1,base1_vs_base2_control,0.9999106553150358,1,gcc_regime_plus_confounds
sub-17,1,Base1,0,base1_vs_base2_control,0.03415956404660541,0,gcc_regime_plus_confounds
sub-17,4,Base2,1,base1_vs_base2_control,0.9908021383143509,1,gcc_regime_plus_confounds
sub-18,1,Base1,0,base1_vs_base2_control,0.025532947285094722,0,gcc_regime_plus_confounds
sub-18,4,Base2,1,base1_vs_base2_control,0.9998422759616965,1,gcc_regime_plus_confounds
sub-19,1,Base1,0,base1_vs_base2_control,0.03866504472910549,0,gcc_regime_plus_confounds
sub-19,4,Base2,1,base1_vs_base2_control,0.9925478113838911,1,gcc_regime_plus_confounds
sub-20,1,Base1,0,base1_vs_base2_control,0.02400813318679534,0,gcc_regime_plus_confounds
sub-20,4,Base2,1,base1_vs_base2_control,0.9999897777526979,1,gcc_regime_plus_confounds
sub-21,1,Base1,0,base1_vs_base2_control,0.024902623411562776,0,gcc_regime_plus_confounds
sub-21,4,Base2,1,base1_vs_base2_control,0.9997270477012007,1,gcc_regime_plus_confounds
sub-22,1,Base1,0,base1_vs_base2_control,0.03376058255618906,0,gcc_regime_plus_confounds
sub-22,4,Base2,1,base1_vs_base2_control,0.9999237357574315,1,gcc_regime_plus_confounds
sub-23,1,Base1,0,base1_vs_base2_control,0.04353294723315099,0,gcc_regime_plus_confounds
sub-23,4,Base2,1,base1_vs_base2_control,0.9981973544562125,1,gcc_regime_plus_confounds
sub-24,1,Base1,0,base1_vs_base2_control,0.043271984377953356,0,gcc_regime_plus_confounds
sub-24,4,Base2,1,base1_vs_base2_control,0.9319203394149562,1,gcc_regime_plus_confounds
sub-25,1,Base1,0,base1_vs_base2_control,0.02012307218265753,0,gcc_regime_plus_confounds
sub-25,4,Base2,1,base1_vs_base2_control,0.9991173143806406,1,gcc_regime_plus_confounds
sub-26,1,Base1,0,base1_vs_base2_control,0.041734869145373055,0,gcc_regime_plus_confounds
sub-26,4,Base2,1,base1_vs_base2_control,0.9940471863681963,1,gcc_regime_plus_confounds
sub-27,1,Base1,0,base1_vs_base2_control,0.019458570988528462,0,gcc_regime_plus_confounds
sub-27,4,Base2,1,base1_vs_base2_control,0.9494409231742791,1,gcc_regime_plus_confounds
sub-28,1,Base1,0,base1_vs_base2_control,0.043270723521117,0,gcc_regime_plus_confounds
sub-28,4,Base2,1,base1_vs_base2_control,0.9945673896503198,1,gcc_regime_plus_confounds
sub-30,1,Base1,0,base1_vs_base2_control,0.027840087616109937,0,gcc_regime_plus_confounds
sub-30,4,Base2,1,base1_vs_base2_control,0.9981608509914571,1,gcc_regime_plus_confounds
sub-02,1,Base1,0,base1_vs_base2_control,0.0333044586236515,0,full_standard_plus_gcc
sub-02,4,Base2,1,base1_vs_base2_control,0.8321402969526519,1,full_standard_plus_gcc
sub-03,1,Base1,0,base1_vs_base2_control,0.047803425701834726,0,full_standard_plus_gcc
sub-03,4,Base2,1,base1_vs_base2_control,0.5948936779010897,1,full_standard_plus_gcc
sub-04,1,Base1,0,base1_vs_base2_control,0.03073592240133924,0,full_standard_plus_gcc
sub-04,4,Base2,1,base1_vs_base2_control,0.9601231988235034,1,full_standard_plus_gcc
sub-05,1,Base1,0,base1_vs_base2_control,0.03229297169577305,0,full_standard_plus_gcc
sub-05,4,Base2,1,base1_vs_base2_control,0.8141603096022231,1,full_standard_plus_gcc
sub-06,1,Base1,0,base1_vs_base2_control,0.048163863368594566,0,full_standard_plus_gcc
sub-06,4,Base2,1,base1_vs_base2_control,0.917588665564676,1,full_standard_plus_gcc
sub-07,1,Base1,0,base1_vs_base2_control,0.03229730243051377,0,full_standard_plus_gcc
sub-07,4,Base2,1,base1_vs_base2_control,0.8559633899448916,1,full_standard_plus_gcc
sub-11,1,Base1,0,base1_vs_base2_control,0.04490199902118365,0,full_standard_plus_gcc
sub-11,4,Base2,1,base1_vs_base2_control,0.37152648550142475,0,full_standard_plus_gcc
sub-12,1,Base1,0,base1_vs_base2_control,0.02504304679560763,0,full_standard_plus_gcc
sub-12,4,Base2,1,base1_vs_base2_control,0.9913609338403353,1,full_standard_plus_gcc
sub-13,1,Base1,0,base1_vs_base2_control,0.03897231586786562,0,full_standard_plus_gcc
sub-13,4,Base2,1,base1_vs_base2_control,0.9954513171846205,1,full_standard_plus_gcc
sub-14,1,Base1,0,base1_vs_base2_control,0.024686240793985688,0,full_standard_plus_gcc
sub-14,4,Base2,1,base1_vs_base2_control,0.8940931928117511,1,full_standard_plus_gcc
sub-15,1,Base1,0,base1_vs_base2_control,0.03205695789966054,0,full_standard_plus_gcc
sub-15,4,Base2,1,base1_vs_base2_control,0.9273196782337964,1,full_standard_plus_gcc
sub-16,1,Base1,0,base1_vs_base2_control,0.03228028957702267,0,full_standard_plus_gcc
sub-16,4,Base2,1,base1_vs_base2_control,0.9999234319708787,1,full_standard_plus_gcc
sub-17,1,Base1,0,base1_vs_base2_control,0.03416803528451147,0,full_standard_plus_gcc
sub-17,4,Base2,1,base1_vs_base2_control,0.9905183190537615,1,full_standard_plus_gcc
sub-18,1,Base1,0,base1_vs_base2_control,0.02572859917688389,0,full_standard_plus_gcc
sub-18,4,Base2,1,base1_vs_base2_control,0.9998447606453755,1,full_standard_plus_gcc
sub-19,1,Base1,0,base1_vs_base2_control,0.03867038077643337,0,full_standard_plus_gcc
sub-19,4,Base2,1,base1_vs_base2_control,0.9934596004349137,1,full_standard_plus_gcc
sub-20,1,Base1,0,base1_vs_base2_control,0.020942799646437804,0,full_standard_plus_gcc
sub-20,4,Base2,1,base1_vs_base2_control,0.9999899641919382,1,full_standard_plus_gcc
sub-21,1,Base1,0,base1_vs_base2_control,0.02137440358557565,0,full_standard_plus_gcc
sub-21,4,Base2,1,base1_vs_base2_control,0.9997472211756353,1,full_standard_plus_gcc
sub-22,1,Base1,0,base1_vs_base2_control,0.0343763527177836,0,full_standard_plus_gcc
sub-22,4,Base2,1,base1_vs_base2_control,0.9999150690896537,1,full_standard_plus_gcc
sub-23,1,Base1,0,base1_vs_base2_control,0.04442739157123847,0,full_standard_plus_gcc
sub-23,4,Base2,1,base1_vs_base2_control,0.9983327513513267,1,full_standard_plus_gcc
sub-24,1,Base1,0,base1_vs_base2_control,0.041370137433324544,0,full_standard_plus_gcc
sub-24,4,Base2,1,base1_vs_base2_control,0.9317964395668554,1,full_standard_plus_gcc
sub-25,1,Base1,0,base1_vs_base2_control,0.01813905868144662,0,full_standard_plus_gcc
sub-25,4,Base2,1,base1_vs_base2_control,0.999098924798039,1,full_standard_plus_gcc
sub-26,1,Base1,0,base1_vs_base2_control,0.0408333691447392,0,full_standard_plus_gcc
sub-26,4,Base2,1,base1_vs_base2_control,0.9938238614744472,1,full_standard_plus_gcc
sub-27,1,Base1,0,base1_vs_base2_control,0.020934290755595407,0,full_standard_plus_gcc
sub-27,4,Base2,1,base1_vs_base2_control,0.9454837321232922,1,full_standard_plus_gcc
sub-28,1,Base1,0,base1_vs_base2_control,0.043890692941463486,0,full_standard_plus_gcc
sub-28,4,Base2,1,base1_vs_base2_control,0.9942671017656086,1,full_standard_plus_gcc
sub-30,1,Base1,0,base1_vs_base2_control,0.025344373223961703,0,full_standard_plus_gcc
sub-30,4,Base2,1,base1_vs_base2_control,0.9981850112666584,1,full_standard_plus_gcc
