task_name,model,permutation,n_rows,n_subjects,positive_rate,roc_auc,average_precision,balanced_accuracy,accuracy,brier,log_loss
responsive_vs_lor_all_phases,confounds_motion_propofol,1,147,26,0.3469387755102041,0.39869281045751637,0.2962904782891298,0.44270833333333337,0.47619047619047616,0.25734070736688586,0.7080789628281289
responsive_vs_lor_all_phases,confounds_motion_propofol,2,147,26,0.3469387755102041,0.403390522875817,0.287765989427152,0.45925245098039214,0.4557823129251701,0.2606087954092725,0.7151095265678327
responsive_vs_lor_all_phases,confounds_motion_propofol,3,147,26,0.3469387755102041,0.451593137254902,0.30561390896595764,0.49724264705882354,0.46938775510204084,0.2587515709577783,0.7111770891118534
responsive_vs_lor_all_phases,confounds_motion_propofol,4,147,26,0.3469387755102041,0.494485294117647,0.35679690073771975,0.4310661764705882,0.4489795918367347,0.2559302966622329,0.706106620376439
responsive_vs_lor_all_phases,confounds_motion_propofol,5,147,26,0.3469387755102041,0.4185049019607843,0.31241974891969265,0.508578431372549,0.54421768707483,0.2600452723135241,0.7142394282965565
responsive_vs_lor_all_phases,confounds_motion_propofol,6,147,26,0.3469387755102041,0.6427696078431373,0.45403489789321183,0.6044730392156863,0.6394557823129252,0.24092605594570213,0.6878697717111263
responsive_vs_lor_all_phases,confounds_motion_propofol,7,147,26,0.3469387755102041,0.4452614379084967,0.3237387706540742,0.44669117647058826,0.46938775510204084,0.2594021292985523,0.7127462683667358
responsive_vs_lor_all_phases,confounds_motion_propofol,8,147,26,0.3469387755102041,0.585171568627451,0.45486813779169594,0.6170343137254902,0.6258503401360545,0.2445978351434092,0.6843839937724756
responsive_vs_lor_all_phases,confounds_motion_propofol,9,147,26,0.3469387755102041,0.47998366013071897,0.38657797573784025,0.53125,0.5918367346938775,0.2515310898075422,0.702045498821369
responsive_vs_lor_all_phases,confounds_motion_propofol,10,147,26,0.3469387755102041,0.6323529411764706,0.47089219151582146,0.5830269607843137,0.6054421768707483,0.23734727570937117,0.6698772767692384
responsive_vs_lor_all_phases,confounds_motion_propofol,11,147,26,0.3469387755102041,0.3917483660130719,0.29926163756832536,0.47334558823529416,0.5102040816326531,0.2593924645815817,0.7124166115332544
responsive_vs_lor_all_phases,confounds_motion_propofol,12,147,26,0.3469387755102041,0.5281862745098039,0.3817553363600191,0.5119485294117647,0.5306122448979592,0.25384020789831985,0.7032118402189665
responsive_vs_lor_all_phases,confounds_motion_propofol,13,147,26,0.3469387755102041,0.5216503267973857,0.3413509966175508,0.5520833333333333,0.5170068027210885,0.2546692923516659,0.7041500366936597
responsive_vs_lor_all_phases,confounds_motion_propofol,14,147,26,0.3469387755102041,0.5669934640522876,0.3874732410932812,0.5487132352941176,0.5306122448979592,0.2492223056451598,0.6929130445587884
responsive_vs_lor_all_phases,confounds_motion_propofol,15,147,26,0.3469387755102041,0.5774101307189543,0.3977644993290108,0.5245098039215687,0.5170068027210885,0.24340377249188186,0.6796647625096882
responsive_vs_lor_all_phases,confounds_motion_propofol,16,147,26,0.3469387755102041,0.5204248366013072,0.36575273044093903,0.5036764705882353,0.4897959183673469,0.25388636253534747,0.7026674451769368
responsive_vs_lor_all_phases,confounds_motion_propofol,17,147,26,0.3469387755102041,0.4354575163398693,0.3228742594682479,0.42769607843137253,0.46258503401360546,0.2606983176530058,0.7160849168981052
responsive_vs_lor_all_phases,confounds_motion_propofol,18,147,26,0.3469387755102041,0.5179738562091504,0.402681124836171,0.5664828431372548,0.6258503401360545,0.24985305210378006,0.6942046947049654
responsive_vs_lor_all_phases,confounds_motion_propofol,19,147,26,0.3469387755102041,0.46629901960784315,0.33687885088912706,0.5235906862745098,0.5578231292517006,0.256492047654806,0.7067556925531125
responsive_vs_lor_all_phases,confounds_motion_propofol,20,147,26,0.3469387755102041,0.5371732026143792,0.38899317679886025,0.5300245098039216,0.5782312925170068,0.252879260499128,0.7062528202942109
responsive_vs_lor_all_phases,confounds_motion_propofol,21,147,26,0.3469387755102041,0.48120915032679745,0.3376048750656315,0.5125612745098039,0.5374149659863946,0.25469972370653443,0.7033377095904548
responsive_vs_lor_all_phases,confounds_motion_propofol,22,147,26,0.3469387755102041,0.3991013071895425,0.28277884658240643,0.46262254901960786,0.4421768707482993,0.2612351408059494,0.7169916781958359
responsive_vs_lor_all_phases,confounds_motion_propofol,23,147,26,0.3469387755102041,0.46834150326797386,0.36835268086491363,0.47120098039215685,0.5374149659863946,0.25474630538051557,0.7064981920493846
responsive_vs_lor_all_phases,confounds_motion_propofol,24,147,26,0.3469387755102041,0.5469771241830066,0.39144204912726815,0.5689338235294117,0.5510204081632653,0.2541147137098071,0.703663228575501
responsive_vs_lor_all_phases,confounds_motion_propofol,25,147,26,0.3469387755102041,0.44709967320261434,0.30863561718047994,0.48621323529411764,0.4489795918367347,0.2612632328628891,0.7167877636576446
responsive_vs_lor_all_phases,confounds_motion_propofol,26,147,26,0.3469387755102041,0.4832516339869281,0.3448881309584131,0.5033700980392157,0.5374149659863946,0.2565597379986408,0.7071186507399339
responsive_vs_lor_all_phases,confounds_motion_propofol,27,147,26,0.3469387755102041,0.4438316993464052,0.32754968456879924,0.4923406862745098,0.5170068027210885,0.26397266134923886,0.7231321983936195
responsive_vs_lor_all_phases,confounds_motion_propofol,28,147,26,0.3469387755102041,0.46915849673202614,0.35693085906830735,0.492953431372549,0.5238095238095238,0.2606080483935942,0.7167269725378429
responsive_vs_lor_all_phases,confounds_motion_propofol,29,147,26,0.3469387755102041,0.4850898692810458,0.3215681909379679,0.5441176470588236,0.5306122448979592,0.2616293442174968,0.7190985192828511
responsive_vs_lor_all_phases,confounds_motion_propofol,30,147,26,0.3469387755102041,0.565359477124183,0.38095355547046367,0.5793504901960784,0.564625850340136,0.2503685009072118,0.6953816766463551
responsive_vs_lor_all_phases,confounds_motion_propofol,31,147,26,0.3469387755102041,0.40093954248366015,0.2995939726901782,0.4485294117647059,0.4897959183673469,0.2603911344460231,0.7150084084093378
responsive_vs_lor_all_phases,confounds_motion_propofol,32,147,26,0.3469387755102041,0.5328839869281046,0.3598399668727355,0.5269607843137255,0.54421768707483,0.2526089188495984,0.6992080508051368
responsive_vs_lor_all_phases,confounds_motion_propofol,33,147,26,0.3469387755102041,0.4446486928104575,0.32282074840756964,0.47824754901960786,0.46258503401360546,0.2622306037835358,0.7201608441916745
responsive_vs_lor_all_phases,confounds_motion_propofol,34,147,26,0.3469387755102041,0.5582107843137255,0.38889498588871485,0.5435049019607843,0.5238095238095238,0.25228323051690843,0.6996761714911482
responsive_vs_lor_all_phases,confounds_motion_propofol,35,147,26,0.3469387755102041,0.5042892156862745,0.349387516732412,0.5116421568627451,0.47619047619047616,0.25889240897191,0.7144555198440833
responsive_vs_lor_all_phases,confounds_motion_propofol,36,147,26,0.3469387755102041,0.542687908496732,0.3487525105715099,0.5603553921568627,0.5578231292517006,0.2528433937599163,0.6986701243510745
responsive_vs_lor_all_phases,confounds_motion_propofol,37,147,26,0.3469387755102041,0.41482843137254904,0.2953983893110069,0.43719362745098034,0.41496598639455784,0.2622288921432289,0.7182038503698709
responsive_vs_lor_all_phases,confounds_motion_propofol,38,147,26,0.3469387755102041,0.4699754901960784,0.36951072289982595,0.508578431372549,0.54421768707483,0.2578394764634501,0.7121670337430939
responsive_vs_lor_all_phases,confounds_motion_propofol,39,147,26,0.3469387755102041,0.4268790849673203,0.305908674858268,0.4785539215686274,0.5170068027210885,0.2609122224138622,0.7160629947642824
responsive_vs_lor_all_phases,confounds_motion_propofol,40,147,26,0.3469387755102041,0.42892156862745096,0.2970238673917273,0.4681372549019608,0.5034013605442177,0.26020169061158654,0.7143325784759501
responsive_vs_lor_all_phases,confounds_motion_propofol,41,147,26,0.3469387755102041,0.24448529411764705,0.2369517607204898,0.319546568627451,0.3333333333333333,0.2647560415683968,0.7229982998713776
responsive_vs_lor_all_phases,confounds_motion_propofol,42,147,26,0.3469387755102041,0.4705882352941177,0.35301254759937795,0.5343137254901961,0.5238095238095238,0.2596322670600342,0.7131352896922644
responsive_vs_lor_all_phases,confounds_motion_propofol,43,147,26,0.3469387755102041,0.3880718954248366,0.28055620626254396,0.37775735294117646,0.3673469387755102,0.2591415059428069,0.7120274194909149
responsive_vs_lor_all_phases,confounds_motion_propofol,44,147,26,0.3469387755102041,0.5169526143790849,0.34793450598550346,0.5012254901960784,0.46258503401360546,0.2533618361300616,0.7001545901652655
responsive_vs_lor_all_phases,confounds_motion_propofol,45,147,26,0.3469387755102041,0.47937091503267976,0.35159172299175123,0.48651960784313725,0.5034013605442177,0.25644587433312216,0.7101767491666396
responsive_vs_lor_all_phases,confounds_motion_propofol,46,147,26,0.3469387755102041,0.45629084967320266,0.3480869054716062,0.5196078431372548,0.564625850340136,0.25838266758591194,0.7122295380920094
responsive_vs_lor_all_phases,confounds_motion_propofol,47,147,26,0.3469387755102041,0.4622140522875817,0.3299660233289219,0.5039828431372548,0.54421768707483,0.2597438347340773,0.7147346297653144
responsive_vs_lor_all_phases,confounds_motion_propofol,48,147,26,0.3469387755102041,0.2961601307189543,0.25199005170757677,0.37683823529411764,0.40816326530612246,0.2654571392227673,0.7248892148243324
responsive_vs_lor_all_phases,confounds_motion_propofol,49,147,26,0.3469387755102041,0.5120506535947712,0.3941039347380949,0.5199142156862745,0.5170068027210885,0.25291926317885804,0.6992424641413499
responsive_vs_lor_all_phases,confounds_motion_propofol,50,147,26,0.3469387755102041,0.5351307189542485,0.41140273084228407,0.5309436274509804,0.5374149659863946,0.24721514019674817,0.6844035928990914
responsive_vs_lor_all_phases,confounds_motion_propofol,51,147,26,0.3469387755102041,0.4475081699346405,0.3058615048523263,0.5006127450980392,0.4557823129251701,0.2582709577833416,0.7106859276313587
responsive_vs_lor_all_phases,confounds_motion_propofol,52,147,26,0.3469387755102041,0.5755718954248367,0.4014812831298589,0.6124387254901961,0.6258503401360545,0.2467703894841767,0.6868372934048973
responsive_vs_lor_all_phases,confounds_motion_propofol,53,147,26,0.3469387755102041,0.4168709150326797,0.2934908917267355,0.44699754901960786,0.4217687074829932,0.26253359219158234,0.7185732194258787
responsive_vs_lor_all_phases,confounds_motion_propofol,54,147,26,0.3469387755102041,0.5437091503267973,0.3980643698973225,0.4963235294117647,0.5102040816326531,0.24786302025213042,0.6882383914410124
responsive_vs_lor_all_phases,confounds_motion_propofol,55,147,26,0.3469387755102041,0.6292892156862745,0.44450962853559617,0.6587009803921569,0.6802721088435374,0.24209690018852642,0.6848899026560548
responsive_vs_lor_all_phases,confounds_motion_propofol,56,147,26,0.3469387755102041,0.5706699346405228,0.3936484608502183,0.5376838235294118,0.5102040816326531,0.2507459867665957,0.6951338832017993
responsive_vs_lor_all_phases,confounds_motion_propofol,57,147,26,0.3469387755102041,0.43790849673202614,0.3215593568745775,0.4742647058823529,0.46938775510204084,0.2596251809849868,0.7133668922056685
responsive_vs_lor_all_phases,confounds_motion_propofol,58,147,26,0.3469387755102041,0.3564133986928105,0.28342058321303176,0.39368872549019607,0.4421768707482993,0.2627786874929115,0.7196653717546538
responsive_vs_lor_all_phases,confounds_motion_propofol,59,147,26,0.3469387755102041,0.5238970588235294,0.36791255909558507,0.5134803921568627,0.4965986394557823,0.2539602767507469,0.7021379867776626
responsive_vs_lor_all_phases,confounds_motion_propofol,60,147,26,0.3469387755102041,0.4618055555555556,0.3078028211638275,0.5116421568627451,0.47619047619047616,0.25894957869570195,0.7132236597124181
responsive_vs_lor_all_phases,confounds_motion_propofol,61,147,26,0.3469387755102041,0.358047385620915,0.28810654554384796,0.4068627450980392,0.43537414965986393,0.2625982363506623,0.7188717683950319
responsive_vs_lor_all_phases,confounds_motion_propofol,62,147,26,0.3469387755102041,0.4162581699346405,0.3003482497497845,0.4898897058823529,0.4897959183673469,0.267019792518837,0.7328601799841864
responsive_vs_lor_all_phases,confounds_motion_propofol,63,147,26,0.3469387755102041,0.5406454248366013,0.3658204189277934,0.5131740196078431,0.54421768707483,0.2535548628326819,0.7024178917689672
responsive_vs_lor_all_phases,confounds_motion_propofol,64,147,26,0.3469387755102041,0.5034722222222222,0.35389029083096185,0.48774509803921573,0.5170068027210885,0.2554467785228638,0.705236950624447
responsive_vs_lor_all_phases,confounds_motion_propofol,65,147,26,0.3469387755102041,0.46772875816993464,0.31221231687415996,0.5220588235294118,0.4897959183673469,0.25970358778369995,0.7160272290886635
responsive_vs_lor_all_phases,confounds_motion_propofol,66,147,26,0.3469387755102041,0.3511029411764706,0.2729858149629032,0.430453431372549,0.4421768707482993,0.2600356053896114,0.7134571303278842
responsive_vs_lor_all_phases,confounds_motion_propofol,67,147,26,0.3469387755102041,0.5578022875816995,0.4218314522843692,0.5536151960784313,0.5850340136054422,0.24825460556450496,0.6926123577163592
responsive_vs_lor_all_phases,confounds_motion_propofol,68,147,26,0.3469387755102041,0.5298202614379085,0.35514430809194664,0.5428921568627451,0.5170068027210885,0.2530308449558874,0.6995095771173399
responsive_vs_lor_all_phases,confounds_motion_propofol,69,147,26,0.3469387755102041,0.5065359477124183,0.3423036006283857,0.5091911764705883,0.5510204081632653,0.25544905427950065,0.7051666788072007
responsive_vs_lor_all_phases,confounds_motion_propofol,70,147,26,0.3469387755102041,0.48897058823529405,0.3637879595364631,0.514093137254902,0.5034013605442177,0.25740705529591096,0.7085067187129249
responsive_vs_lor_all_phases,confounds_motion_propofol,71,147,26,0.3469387755102041,0.48897058823529405,0.39051718374868916,0.5266544117647058,0.5918367346938775,0.2519718645693986,0.7033998014791198
responsive_vs_lor_all_phases,confounds_motion_propofol,72,147,26,0.3469387755102041,0.45629084967320266,0.33872262967676076,0.48774509803921573,0.5170068027210885,0.2599287931423316,0.7172470483009484
responsive_vs_lor_all_phases,confounds_motion_propofol,73,147,26,0.3469387755102041,0.4248366013071896,0.3173885180262874,0.4963235294117647,0.5102040816326531,0.2591835708363907,0.7121739114958102
responsive_vs_lor_all_phases,confounds_motion_propofol,74,147,26,0.3469387755102041,0.505718954248366,0.37384039830193305,0.5477941176470589,0.5714285714285714,0.25417926513258016,0.7027726040476192
responsive_vs_lor_all_phases,confounds_motion_propofol,75,147,26,0.3469387755102041,0.43933823529411764,0.2997754218987646,0.4568014705882353,0.42857142857142855,0.2568780656764584,0.707084596722543
responsive_vs_lor_all_phases,confounds_motion_propofol,76,147,26,0.3469387755102041,0.42156862745098045,0.2971602102096985,0.44577205882352944,0.40816326530612246,0.25950233993695165,0.7124488874559785
responsive_vs_lor_all_phases,confounds_motion_propofol,77,147,26,0.3469387755102041,0.36417483660130723,0.2962848596079911,0.45618872549019607,0.5238095238095238,0.26477976161945127,0.7253351757950179
responsive_vs_lor_all_phases,confounds_motion_propofol,78,147,26,0.3469387755102041,0.4140114379084967,0.3377836054183788,0.4485294117647059,0.4897959183673469,0.2594896225511256,0.7132135839287435
responsive_vs_lor_all_phases,confounds_motion_propofol,79,147,26,0.3469387755102041,0.4675245098039216,0.3510141024094744,0.5052083333333334,0.5578231292517006,0.2564906237615825,0.7085138012456982
responsive_vs_lor_all_phases,confounds_motion_propofol,80,147,26,0.3469387755102041,0.45996732026143794,0.3277051413163048,0.5113357843137255,0.5238095238095238,0.25763949730689467,0.7090817437154422
responsive_vs_lor_all_phases,confounds_motion_propofol,81,147,26,0.3469387755102041,0.48917483660130723,0.3509651292792285,0.5052083333333334,0.5578231292517006,0.25783752841051166,0.71209131632974
responsive_vs_lor_all_phases,confounds_motion_propofol,82,147,26,0.3469387755102041,0.5473856209150327,0.43055336407545863,0.5340073529411764,0.5714285714285714,0.24757752020754842,0.6894851168162035
responsive_vs_lor_all_phases,confounds_motion_propofol,83,147,26,0.3469387755102041,0.6047794117647058,0.43390074351094976,0.5481004901960784,0.5238095238095238,0.23883990032904995,0.672882846331923
responsive_vs_lor_all_phases,confounds_motion_propofol,84,147,26,0.3469387755102041,0.36437908496732024,0.27075233125720455,0.47763480392156865,0.4557823129251701,0.26532051764251197,0.7248532450997458
responsive_vs_lor_all_phases,confounds_motion_propofol,85,147,26,0.3469387755102041,0.5657679738562091,0.40456938803812614,0.5358455882352942,0.4897959183673469,0.24741954652917045,0.6855023485403587
responsive_vs_lor_all_phases,confounds_motion_propofol,86,147,26,0.3469387755102041,0.38500816993464054,0.2827262043421156,0.42861519607843135,0.4217687074829932,0.26334345496379963,0.7204036948624872
responsive_vs_lor_all_phases,confounds_motion_propofol,87,147,26,0.3469387755102041,0.5161356209150327,0.3461358466226947,0.4764093137254902,0.4421768707482993,0.24996782165227815,0.6892148650974783
responsive_vs_lor_all_phases,confounds_motion_propofol,88,147,26,0.3469387755102041,0.5012254901960784,0.342618270594783,0.5309436274509804,0.5374149659863946,0.2598283357666386,0.7152591029672452
responsive_vs_lor_all_phases,confounds_motion_propofol,89,147,26,0.3469387755102041,0.5412581699346406,0.3681562300691269,0.5784313725490196,0.6054421768707483,0.25210241732452326,0.6983908015524805
responsive_vs_lor_all_phases,confounds_motion_propofol,90,147,26,0.3469387755102041,0.5504493464052288,0.3594788091542208,0.5159313725490196,0.5238095238095238,0.2535167051378183,0.7019733734142466
responsive_vs_lor_all_phases,confounds_motion_propofol,91,147,26,0.3469387755102041,0.4709967320261438,0.3412985076331011,0.5315563725490196,0.54421768707483,0.25757417781722713,0.7089170916721049
responsive_vs_lor_all_phases,confounds_motion_propofol,92,147,26,0.3469387755102041,0.5449346405228758,0.42730470902877515,0.5505514705882353,0.5510204081632653,0.24846904778045256,0.6902684153159641
responsive_vs_lor_all_phases,confounds_motion_propofol,93,147,26,0.3469387755102041,0.5061274509803921,0.40885256474693904,0.5906862745098039,0.6394557823129252,0.2512420177384251,0.6979900087719609
responsive_vs_lor_all_phases,confounds_motion_propofol,94,147,26,0.3469387755102041,0.5218545751633987,0.34577972318225525,0.529718137254902,0.5238095238095238,0.25251580402078416,0.696127088853714
responsive_vs_lor_all_phases,confounds_motion_propofol,95,147,26,0.3469387755102041,0.5290032679738562,0.3851269754378181,0.5588235294117647,0.5918367346938775,0.252934990176616,0.7025107649323543
responsive_vs_lor_all_phases,confounds_motion_propofol,96,147,26,0.3469387755102041,0.5600490196078431,0.3937878718601314,0.5425857843137255,0.564625850340136,0.2521716759996344,0.7002178479614852
responsive_vs_lor_all_phases,confounds_motion_propofol,97,147,26,0.3469387755102041,0.5208333333333334,0.3647065000250955,0.5582107843137255,0.5850340136054422,0.2535329697217717,0.7037751969807438
responsive_vs_lor_all_phases,confounds_motion_propofol,98,147,26,0.3469387755102041,0.3466094771241831,0.28164482972273897,0.428921568627451,0.47619047619047616,0.26353230856379345,0.7208764350815792
responsive_vs_lor_all_phases,confounds_motion_propofol,99,147,26,0.3469387755102041,0.4742647058823529,0.3785972543976829,0.4629289215686274,0.4965986394557823,0.2548131231532177,0.7033780633940951
responsive_vs_lor_all_phases,confounds_motion_propofol,100,147,26,0.3469387755102041,0.443218954248366,0.316533935902493,0.4794730392156863,0.47619047619047616,0.2643188734063182,0.7326827212375142
responsive_vs_lor_all_phases,standard_fc_plus_confounds,1,147,26,0.3469387755102041,0.6037581699346406,0.4279714178943528,0.592218137254902,0.6054421768707483,0.2465788653977941,0.6946114954552015
responsive_vs_lor_all_phases,standard_fc_plus_confounds,2,147,26,0.3469387755102041,0.5635212418300654,0.41456343264397744,0.545343137254902,0.54421768707483,0.24983616506639292,0.6935635813126555
responsive_vs_lor_all_phases,standard_fc_plus_confounds,3,147,26,0.3469387755102041,0.4822303921568627,0.3516706437733207,0.5131740196078431,0.54421768707483,0.26168595205072226,0.7198049494741013
responsive_vs_lor_all_phases,standard_fc_plus_confounds,4,147,26,0.3469387755102041,0.43525326797385616,0.3124077938804076,0.43903186274509803,0.43537414965986393,0.2648178356526253,0.7237384636375447
responsive_vs_lor_all_phases,standard_fc_plus_confounds,5,147,26,0.3469387755102041,0.46241830065359474,0.4015609956354377,0.46568627450980393,0.47619047619047616,0.25734583072122835,0.7086666254682199
responsive_vs_lor_all_phases,standard_fc_plus_confounds,6,147,26,0.3469387755102041,0.5022467320261439,0.35887320134758605,0.5061274509803921,0.5170068027210885,0.2582538937408399,0.7113280518385597
responsive_vs_lor_all_phases,standard_fc_plus_confounds,7,147,26,0.3469387755102041,0.5161356209150327,0.3932259700051484,0.5367647058823529,0.5510204081632653,0.25477177768518217,0.7041208298167887
responsive_vs_lor_all_phases,standard_fc_plus_confounds,8,147,26,0.3469387755102041,0.36274509803921573,0.27129850280018486,0.4013480392156863,0.3741496598639456,0.2653842357454086,0.7247293785962023
responsive_vs_lor_all_phases,standard_fc_plus_confounds,9,147,26,0.3469387755102041,0.4203431372549019,0.3081845015094117,0.4142156862745098,0.41496598639455784,0.26156472086045274,0.7170346072524568
responsive_vs_lor_all_phases,standard_fc_plus_confounds,10,147,26,0.3469387755102041,0.534109477124183,0.3973444214319821,0.5603553921568627,0.5578231292517006,0.25598548596533705,0.7122666436534046
responsive_vs_lor_all_phases,standard_fc_plus_confounds,11,147,26,0.3469387755102041,0.6668709150326798,0.5107551288739667,0.5928308823529411,0.6122448979591837,0.2291205490778282,0.6572357563738728
responsive_vs_lor_all_phases,standard_fc_plus_confounds,12,147,26,0.3469387755102041,0.4652777777777778,0.3177595703729791,0.46047794117647056,0.46938775510204084,0.2611087465071541,0.716886788649162
responsive_vs_lor_all_phases,standard_fc_plus_confounds,13,147,26,0.3469387755102041,0.5204248366013072,0.3808595001108429,0.5223651960784313,0.54421768707483,0.25483593451095315,0.7032922837144522
responsive_vs_lor_all_phases,standard_fc_plus_confounds,14,147,26,0.3469387755102041,0.38562091503267976,0.2801233937973227,0.42340686274509803,0.41496598639455784,0.26199813574886516,0.7160160436372675
responsive_vs_lor_all_phases,standard_fc_plus_confounds,15,147,26,0.3469387755102041,0.5290032679738562,0.3932336513849645,0.5471813725490196,0.564625850340136,0.2547350029734814,0.7049349195570719
responsive_vs_lor_all_phases,standard_fc_plus_confounds,16,147,26,0.3469387755102041,0.6051879084967321,0.46820332504958917,0.5655637254901961,0.564625850340136,0.24461323981413807,0.6853946929221579
responsive_vs_lor_all_phases,standard_fc_plus_confounds,17,147,26,0.3469387755102041,0.5034722222222222,0.38750245162303787,0.5125612745098039,0.5374149659863946,0.25656243434490994,0.7094139998812355
responsive_vs_lor_all_phases,standard_fc_plus_confounds,18,147,26,0.3469387755102041,0.40441176470588236,0.29512795084389726,0.3985906862745098,0.3945578231292517,0.2655767878415507,0.7249779074119403
responsive_vs_lor_all_phases,standard_fc_plus_confounds,19,147,26,0.3469387755102041,0.4791666666666667,0.32045259682179283,0.4761029411764706,0.4897959183673469,0.26194610019361264,0.7184669822684049
responsive_vs_lor_all_phases,standard_fc_plus_confounds,20,147,26,0.3469387755102041,0.48937908496732024,0.36842811361093897,0.5171568627450981,0.5374149659863946,0.25812886232990195,0.7114436932020061
responsive_vs_lor_all_phases,standard_fc_plus_confounds,21,147,26,0.3469387755102041,0.5716911764705883,0.39817726814844673,0.529718137254902,0.5238095238095238,0.2510121363068634,0.6944572652713642
responsive_vs_lor_all_phases,standard_fc_plus_confounds,22,147,26,0.3469387755102041,0.5181781045751633,0.36170447249181403,0.5159313725490196,0.5238095238095238,0.261189121251918,0.7214198879449737
responsive_vs_lor_all_phases,standard_fc_plus_confounds,23,147,26,0.3469387755102041,0.43729575163398693,0.3258347100644521,0.4473039215686274,0.47619047619047616,0.26488389226890213,0.7245844828890147
responsive_vs_lor_all_phases,standard_fc_plus_confounds,24,147,26,0.3469387755102041,0.5396241830065359,0.37616381446767616,0.5223651960784313,0.54421768707483,0.25413641677418763,0.7039865111881305
responsive_vs_lor_all_phases,standard_fc_plus_confounds,25,147,26,0.3469387755102041,0.5110294117647058,0.3574215851946427,0.5193014705882353,0.5102040816326531,0.25615894311456666,0.7061311648758454
responsive_vs_lor_all_phases,standard_fc_plus_confounds,26,147,26,0.3469387755102041,0.45853758169934644,0.3167836672040223,0.4950980392156863,0.4965986394557823,0.2643382793119242,0.7238933257857896
responsive_vs_lor_all_phases,standard_fc_plus_confounds,27,147,26,0.3469387755102041,0.6198937908496732,0.5009354241236299,0.5536151960784313,0.5850340136054422,0.23755811056763107,0.6699490591197027
responsive_vs_lor_all_phases,standard_fc_plus_confounds,28,147,26,0.3469387755102041,0.48406862745098045,0.3743571164593704,0.42861519607843135,0.4217687074829932,0.25757047990534343,0.7082880701903853
responsive_vs_lor_all_phases,standard_fc_plus_confounds,29,147,26,0.3469387755102041,0.411764705882353,0.31619696814895565,0.43443627450980393,0.43537414965986393,0.26793829737021174,0.7313036419311962
responsive_vs_lor_all_phases,standard_fc_plus_confounds,30,147,26,0.3469387755102041,0.6055964052287581,0.4101074432394146,0.5949754901960784,0.5850340136054422,0.24633743298954783,0.6904829667588289
responsive_vs_lor_all_phases,standard_fc_plus_confounds,31,147,26,0.3469387755102041,0.5181781045751633,0.3567806983886799,0.5343137254901961,0.5238095238095238,0.25680463765596345,0.7087154236512733
responsive_vs_lor_all_phases,standard_fc_plus_confounds,32,147,26,0.3469387755102041,0.4352532679738562,0.3109584693653071,0.4375,0.46938775510204084,0.2640601108698847,0.7226985034743583
responsive_vs_lor_all_phases,standard_fc_plus_confounds,33,147,26,0.3469387755102041,0.4213643790849674,0.30967983727839377,0.46568627450980393,0.47619047619047616,0.2628288590693822,0.720126740949628
responsive_vs_lor_all_phases,standard_fc_plus_confounds,34,147,26,0.3469387755102041,0.5498366013071896,0.3797175041003922,0.5615808823529411,0.5714285714285714,0.2550709304101763,0.7110992269082473
responsive_vs_lor_all_phases,standard_fc_plus_confounds,35,147,26,0.3469387755102041,0.474468954248366,0.32732407919829287,0.5003063725490196,0.5034013605442177,0.26126595083909354,0.7178614650705454
responsive_vs_lor_all_phases,standard_fc_plus_confounds,36,147,26,0.3469387755102041,0.4281045751633987,0.321528075077529,0.42708333333333337,0.4557823129251701,0.26246216411130463,0.719274065332396
responsive_vs_lor_all_phases,standard_fc_plus_confounds,37,147,26,0.3469387755102041,0.5104166666666666,0.3451100502810378,0.5245098039215687,0.5170068027210885,0.2592926729944479,0.7133682237412435
responsive_vs_lor_all_phases,standard_fc_plus_confounds,38,147,26,0.3469387755102041,0.577001633986928,0.42096400987947047,0.5159313725490196,0.5238095238095238,0.2504500938150668,0.6941952130381334
responsive_vs_lor_all_phases,standard_fc_plus_confounds,39,147,26,0.3469387755102041,0.42565359477124187,0.3192784701081062,0.45067401960784315,0.46258503401360546,0.2642679000215931,0.7228149685910726
responsive_vs_lor_all_phases,standard_fc_plus_confounds,40,147,26,0.3469387755102041,0.3882761437908497,0.28093701949123084,0.41207107843137253,0.4421768707482993,0.2641840679688297,0.7220734973262264
responsive_vs_lor_all_phases,standard_fc_plus_confounds,41,147,26,0.3469387755102041,0.31964869281045755,0.2580566554792768,0.35416666666666663,0.36054421768707484,0.26704819908532906,0.7278239558817651
responsive_vs_lor_all_phases,standard_fc_plus_confounds,42,147,26,0.3469387755102041,0.5093954248366013,0.3631012239161858,0.4736519607843137,0.46258503401360546,0.25309091373109954,0.6970100940942764
responsive_vs_lor_all_phases,standard_fc_plus_confounds,43,147,26,0.3469387755102041,0.4720179738562092,0.3479260556750679,0.5045955882352942,0.5510204081632653,0.2585323642755779,0.7131460515207084
responsive_vs_lor_all_phases,standard_fc_plus_confounds,44,147,26,0.3469387755102041,0.3878676470588235,0.2828207959838533,0.40441176470588236,0.40816326530612246,0.26461339893663866,0.7223450864785197
responsive_vs_lor_all_phases,standard_fc_plus_confounds,45,147,26,0.3469387755102041,0.5430964052287581,0.35720594108774323,0.5327818627450981,0.5578231292517006,0.259752232172209,0.7187502273117873
responsive_vs_lor_all_phases,standard_fc_plus_confounds,46,147,26,0.3469387755102041,0.5016339869281046,0.34668387012488133,0.5303308823529411,0.5306122448979592,0.26176642315392246,0.7204046341086843
responsive_vs_lor_all_phases,standard_fc_plus_confounds,47,147,26,0.3469387755102041,0.46527777777777785,0.38389496371342635,0.5061274509803921,0.5170068027210885,0.26066779480819635,0.7165517429934022
responsive_vs_lor_all_phases,standard_fc_plus_confounds,48,147,26,0.3469387755102041,0.5273692810457516,0.3539705023880678,0.5603553921568627,0.5578231292517006,0.25492318349459725,0.7034945577930057
responsive_vs_lor_all_phases,standard_fc_plus_confounds,49,147,26,0.3469387755102041,0.4673202614379085,0.3243652001918857,0.4859068627450981,0.4965986394557823,0.2644489204006213,0.7245592664966943
responsive_vs_lor_all_phases,standard_fc_plus_confounds,50,147,26,0.3469387755102041,0.41360294117647056,0.29749054700209054,0.45588235294117646,0.46938775510204084,0.26502115891030603,0.7244471759967914
responsive_vs_lor_all_phases,standard_fc_plus_confounds,51,147,26,0.3469387755102041,0.4979575163398693,0.3566496242713457,0.46047794117647056,0.46938775510204084,0.25890508454018935,0.7128564082971348
responsive_vs_lor_all_phases,standard_fc_plus_confounds,52,147,26,0.3469387755102041,0.44628267973856206,0.3175821885990877,0.4690563725490196,0.46258503401360546,0.2670020668617279,0.7298489962855036
responsive_vs_lor_all_phases,standard_fc_plus_confounds,53,147,26,0.3469387755102041,0.5091911764705883,0.3385304350233738,0.5284926470588236,0.5102040816326531,0.25877159726673105,0.7117408648914919
responsive_vs_lor_all_phases,standard_fc_plus_confounds,54,147,26,0.3469387755102041,0.553921568627451,0.4119969974497268,0.5321691176470589,0.5510204081632653,0.252351910430948,0.703297671439981
responsive_vs_lor_all_phases,standard_fc_plus_confounds,55,147,26,0.3469387755102041,0.5804738562091504,0.40484768176491925,0.5674019607843137,0.5850340136054422,0.2505212922996387,0.6995328192275766
responsive_vs_lor_all_phases,standard_fc_plus_confounds,56,147,26,0.3469387755102041,0.5212418300653595,0.3720117076615586,0.5379901960784313,0.564625850340136,0.2573373511251491,0.7126450906940776
responsive_vs_lor_all_phases,standard_fc_plus_confounds,57,147,26,0.3469387755102041,0.5318627450980392,0.389368734681522,0.5655637254901961,0.564625850340136,0.25760040632033393,0.716762737594714
responsive_vs_lor_all_phases,standard_fc_plus_confounds,58,147,26,0.3469387755102041,0.6642156862745098,0.44133497054205034,0.6308210784313726,0.6258503401360545,0.2301133303626699,0.6510054546051672
responsive_vs_lor_all_phases,standard_fc_plus_confounds,59,147,26,0.3469387755102041,0.47855392156862747,0.31890305083865134,0.49264705882352944,0.46938775510204084,0.2600737536717091,0.7140758707163914
responsive_vs_lor_all_phases,standard_fc_plus_confounds,60,147,26,0.3469387755102041,0.5533088235294118,0.42184332793517243,0.5407475490196079,0.54421768707483,0.2526074391310553,0.6993868181899137
responsive_vs_lor_all_phases,standard_fc_plus_confounds,61,147,26,0.3469387755102041,0.5142973856209151,0.38680545374070563,0.49816176470588236,0.5306122448979592,0.25753169393744574,0.7120714838966562
responsive_vs_lor_all_phases,standard_fc_plus_confounds,62,147,26,0.3469387755102041,0.4681372549019608,0.31763004669933237,0.47089460784313725,0.48299319727891155,0.26468686289543186,0.7243542427515606
responsive_vs_lor_all_phases,standard_fc_plus_confounds,63,147,26,0.3469387755102041,0.5386029411764706,0.41209468478118255,0.5373774509803921,0.5578231292517006,0.2549663649119645,0.7077578603443123
responsive_vs_lor_all_phases,standard_fc_plus_confounds,64,147,26,0.3469387755102041,0.5616830065359476,0.4156211444008532,0.5557598039215687,0.5578231292517006,0.24863690954086115,0.6915037259299172
responsive_vs_lor_all_phases,standard_fc_plus_confounds,65,147,26,0.3469387755102041,0.5612745098039216,0.38709491591466905,0.5805759803921569,0.5782312925170068,0.25394170038512087,0.7068575319075975
responsive_vs_lor_all_phases,standard_fc_plus_confounds,66,147,26,0.3469387755102041,0.389297385620915,0.3073675590739461,0.477328431372549,0.5034013605442177,0.2629051854122398,0.7200649786009988
responsive_vs_lor_all_phases,standard_fc_plus_confounds,67,147,26,0.3469387755102041,0.5265522875816993,0.34839371709971295,0.5134803921568627,0.4965986394557823,0.2574147433906575,0.7119170403765873
responsive_vs_lor_all_phases,standard_fc_plus_confounds,68,147,26,0.3469387755102041,0.4891748366013072,0.3364706966117192,0.5030637254901961,0.48299319727891155,0.2613064114426101,0.7158643313296331
responsive_vs_lor_all_phases,standard_fc_plus_confounds,69,147,26,0.3469387755102041,0.545751633986928,0.42384837741016007,0.5732230392156863,0.5986394557823129,0.25193312217330793,0.6988609880118415
responsive_vs_lor_all_phases,standard_fc_plus_confounds,70,147,26,0.3469387755102041,0.5249183006535948,0.4176561712189938,0.5287990196078431,0.564625850340136,0.2524846872410759,0.7005419630074887
responsive_vs_lor_all_phases,standard_fc_plus_confounds,71,147,26,0.3469387755102041,0.4867238562091504,0.37907195437559826,0.46231617647058826,0.4897959183673469,0.26006088350862505,0.7148494869908977
responsive_vs_lor_all_phases,standard_fc_plus_confounds,72,147,26,0.3469387755102041,0.4291258169934641,0.3062324210544338,0.4414828431372549,0.46258503401360546,0.2630830004827297,0.7203547452511875
responsive_vs_lor_all_phases,standard_fc_plus_confounds,73,147,26,0.3469387755102041,0.5177696078431373,0.3666661713872677,0.5211397058823529,0.5306122448979592,0.25888304664369693,0.7136426775629745
responsive_vs_lor_all_phases,standard_fc_plus_confounds,74,147,26,0.3469387755102041,0.5569852941176471,0.3857582811405602,0.5517769607843137,0.564625850340136,0.2547708078803805,0.7087055142859305
responsive_vs_lor_all_phases,standard_fc_plus_confounds,75,147,26,0.3469387755102041,0.579452614379085,0.41719405398467624,0.5661764705882353,0.5714285714285714,0.2459241013052551,0.689614259317167
responsive_vs_lor_all_phases,standard_fc_plus_confounds,76,147,26,0.3469387755102041,0.44566993464052285,0.35062581817282273,0.46629901960784315,0.48299319727891155,0.2628374050265941,0.7198701891070427
responsive_vs_lor_all_phases,standard_fc_plus_confounds,77,147,26,0.3469387755102041,0.44076797385620914,0.3540123113541318,0.4571078431372549,0.48299319727891155,0.2630358533150633,0.7200373888385035
responsive_vs_lor_all_phases,standard_fc_plus_confounds,78,147,26,0.3469387755102041,0.5892565359477124,0.4009065901903371,0.6176470588235294,0.6326530612244898,0.24939896591565727,0.6970656923718663
responsive_vs_lor_all_phases,standard_fc_plus_confounds,79,147,26,0.3469387755102041,0.4497549019607844,0.3216085502183008,0.5088848039215687,0.4965986394557823,0.2692972647594394,0.7361373321299096
responsive_vs_lor_all_phases,standard_fc_plus_confounds,80,147,26,0.3469387755102041,0.5285947712418301,0.3829265004662079,0.5692401960784313,0.6054421768707483,0.2548053692141222,0.708651341998665
responsive_vs_lor_all_phases,standard_fc_plus_confounds,81,147,26,0.3469387755102041,0.4238153594771242,0.29685844060192484,0.4534313725490196,0.4421768707482993,0.2646729942740624,0.7237177993989178
responsive_vs_lor_all_phases,standard_fc_plus_confounds,82,147,26,0.3469387755102041,0.5759803921568627,0.39512230259884756,0.569546568627451,0.5578231292517006,0.25353986860492,0.7066115816065582
responsive_vs_lor_all_phases,standard_fc_plus_confounds,83,147,26,0.3469387755102041,0.5232843137254902,0.4094322144008381,0.48131127450980393,0.4965986394557823,0.2548858235702301,0.7041333030545257
responsive_vs_lor_all_phases,standard_fc_plus_confounds,84,147,26,0.3469387755102041,0.49285130718954245,0.35351873695552544,0.5061274509803921,0.5170068027210885,0.26171094500355147,0.7196082124449338
responsive_vs_lor_all_phases,standard_fc_plus_confounds,85,147,26,0.3469387755102041,0.5134803921568627,0.3507031886456763,0.5107230392156863,0.5170068027210885,0.2600184186735658,0.7172113256140026
responsive_vs_lor_all_phases,standard_fc_plus_confounds,86,147,26,0.3469387755102041,0.4446486928104575,0.3227248839746577,0.4767156862745098,0.4965986394557823,0.263574172115758,0.722062353476322
responsive_vs_lor_all_phases,standard_fc_plus_confounds,87,147,26,0.3469387755102041,0.46629901960784315,0.34750336193908715,0.41881127450980393,0.41496598639455784,0.25771469902478283,0.7095159540644311
responsive_vs_lor_all_phases,standard_fc_plus_confounds,88,147,26,0.3469387755102041,0.44342320261437906,0.30752158119093465,0.4518995098039216,0.47619047619047616,0.26461196247045154,0.7237139429554296
responsive_vs_lor_all_phases,standard_fc_plus_confounds,89,147,26,0.3469387755102041,0.41156045751633985,0.2897501349350245,0.4632352941176471,0.4489795918367347,0.26928463005018044,0.7357116535677501
responsive_vs_lor_all_phases,standard_fc_plus_confounds,90,147,26,0.3469387755102041,0.3888888888888889,0.29912893349176284,0.44270833333333337,0.47619047619047616,0.2652128536763352,0.7250037152767039
responsive_vs_lor_all_phases,standard_fc_plus_confounds,91,147,26,0.3469387755102041,0.2369281045751634,0.2366953996280198,0.3161764705882353,0.3469387755102041,0.2706784960637994,0.735166696051454
responsive_vs_lor_all_phases,standard_fc_plus_confounds,92,147,26,0.3469387755102041,0.5100081699346405,0.3528360451745002,0.4963235294117647,0.5102040816326531,0.25952247157314756,0.7145835187553838
responsive_vs_lor_all_phases,standard_fc_plus_confounds,93,147,26,0.3469387755102041,0.3613153594771242,0.28235157305670644,0.4414828431372549,0.46258503401360546,0.2675614894424785,0.7292801048765224
responsive_vs_lor_all_phases,standard_fc_plus_confounds,94,147,26,0.3469387755102041,0.4916258169934641,0.3383560210733217,0.5367647058823529,0.5510204081632653,0.2616236639222588,0.7187817870291219
responsive_vs_lor_all_phases,standard_fc_plus_confounds,95,147,26,0.3469387755102041,0.5878267973856208,0.41386315210521896,0.5545343137254902,0.54421768707483,0.24599495484909065,0.6895093570686213
responsive_vs_lor_all_phases,standard_fc_plus_confounds,96,147,26,0.3469387755102041,0.5136846405228758,0.36105312705813486,0.5477941176470589,0.5714285714285714,0.25518201916780364,0.705379862273363
responsive_vs_lor_all_phases,standard_fc_plus_confounds,97,147,26,0.3469387755102041,0.4291258169934641,0.31303173566235754,0.45465686274509803,0.4557823129251701,0.26707926963018397,0.7296183620568186
responsive_vs_lor_all_phases,standard_fc_plus_confounds,98,147,26,0.3469387755102041,0.5169526143790849,0.4006613491309211,0.5340073529411764,0.5714285714285714,0.25199105058105614,0.7006853717318585
responsive_vs_lor_all_phases,standard_fc_plus_confounds,99,147,26,0.3469387755102041,0.5320669934640523,0.34895971488746247,0.5238970588235294,0.5102040816326531,0.25289297892291657,0.6989443937226117
responsive_vs_lor_all_phases,standard_fc_plus_confounds,100,147,26,0.3469387755102041,0.5316584967320261,0.381737046603972,0.49050245098039214,0.4965986394557823,0.2550417038739064,0.7052208716139355
responsive_vs_lor_all_phases,gcc_core_plus_confounds,1,147,26,0.3469387755102041,0.48815359477124176,0.32361044173639875,0.5003063725490196,0.5034013605442177,0.2615131935605448,0.7185588864428148
responsive_vs_lor_all_phases,gcc_core_plus_confounds,2,147,26,0.3469387755102041,0.47017973856209155,0.4053997180232382,0.4923406862745098,0.5170068027210885,0.25507574633587077,0.7028848325069118
responsive_vs_lor_all_phases,gcc_core_plus_confounds,3,147,26,0.3469387755102041,0.4899918300653595,0.34951752865741414,0.4846813725490196,0.48299319727891155,0.25702745106646485,0.7079242714967022
responsive_vs_lor_all_phases,gcc_core_plus_confounds,4,147,26,0.3469387755102041,0.5825163398692811,0.4245018397972669,0.5459558823529411,0.5510204081632653,0.2473330972623906,0.6889453315804709
responsive_vs_lor_all_phases,gcc_core_plus_confounds,5,147,26,0.3469387755102041,0.5584150326797385,0.4444455221363163,0.556985294117647,0.5714285714285714,0.2525556773065974,0.7002872929280395
responsive_vs_lor_all_phases,gcc_core_plus_confounds,6,147,26,0.3469387755102041,0.39869281045751637,0.29449889392576156,0.4629289215686274,0.4965986394557823,0.269632359324303,0.734576273080479
responsive_vs_lor_all_phases,gcc_core_plus_confounds,7,147,26,0.3469387755102041,0.577001633986928,0.40193538664863315,0.5343137254901961,0.5238095238095238,0.2529893956733806,0.7115323747596957
responsive_vs_lor_all_phases,gcc_core_plus_confounds,8,147,26,0.3469387755102041,0.4219771241830066,0.2984781353746293,0.4767156862745098,0.4965986394557823,0.266144753507635,0.727045552956887
responsive_vs_lor_all_phases,gcc_core_plus_confounds,9,147,26,0.3469387755102041,0.4863153594771242,0.33325739909598284,0.4788602941176471,0.46938775510204084,0.25906431183867695,0.711669228933213
responsive_vs_lor_all_phases,gcc_core_plus_confounds,10,147,26,0.3469387755102041,0.46282679738562094,0.31115419826026086,0.5147058823529411,0.5102040816326531,0.26426596368237065,0.7232463606760775
responsive_vs_lor_all_phases,gcc_core_plus_confounds,11,147,26,0.3469387755102041,0.403390522875817,0.2900791777819435,0.45128676470588236,0.46938775510204084,0.27071679797389436,0.7387736120407591
responsive_vs_lor_all_phases,gcc_core_plus_confounds,12,147,26,0.3469387755102041,0.6942401960784315,0.5569190714232686,0.6528799019607843,0.6666666666666666,0.21987864526411147,0.6310936250206218
responsive_vs_lor_all_phases,gcc_core_plus_confounds,13,147,26,0.3469387755102041,0.5012254901960784,0.3546094344991893,0.48774509803921573,0.5170068027210885,0.25807074166833766,0.7113411684020644
responsive_vs_lor_all_phases,gcc_core_plus_confounds,14,147,26,0.3469387755102041,0.46772875816993464,0.3283498557928433,0.4834558823529412,0.46938775510204084,0.2625558322357091,0.7200114212325938
responsive_vs_lor_all_phases,gcc_core_plus_confounds,15,147,26,0.3469387755102041,0.4624183006535948,0.3284751241963658,0.5009191176470589,0.5102040816326531,0.26328128926098443,0.7215304889754467
responsive_vs_lor_all_phases,gcc_core_plus_confounds,16,147,26,0.3469387755102041,0.5753676470588236,0.38356482426210936,0.5615808823529411,0.5714285714285714,0.2508300369762894,0.6976123435637419
responsive_vs_lor_all_phases,gcc_core_plus_confounds,17,147,26,0.3469387755102041,0.5661764705882353,0.40241103252265364,0.5655637254901961,0.564625850340136,0.25021995472668757,0.6949877927574275
responsive_vs_lor_all_phases,gcc_core_plus_confounds,18,147,26,0.3469387755102041,0.6117238562091504,0.41999419027698404,0.5551470588235294,0.5510204081632653,0.24155179853822942,0.6773701193729147
responsive_vs_lor_all_phases,gcc_core_plus_confounds,19,147,26,0.3469387755102041,0.4595588235294118,0.33664475263654436,0.47150735294117646,0.4897959183673469,0.26228520895001006,0.7197824532825191
responsive_vs_lor_all_phases,gcc_core_plus_confounds,20,147,26,0.3469387755102041,0.5075571895424836,0.3737548735774764,0.477328431372549,0.5034013605442177,0.2532923969383609,0.701907324854257
responsive_vs_lor_all_phases,gcc_core_plus_confounds,21,147,26,0.3469387755102041,0.33067810457516345,0.26413105395623115,0.40441176470588236,0.40816326530612246,0.2736370811925427,0.7449721258001105
responsive_vs_lor_all_phases,gcc_core_plus_confounds,22,147,26,0.3469387755102041,0.553921568627451,0.4116694162654686,0.514093137254902,0.5034013605442177,0.2503700783600711,0.69165510222387
responsive_vs_lor_all_phases,gcc_core_plus_confounds,23,147,26,0.3469387755102041,0.3991013071895425,0.2846351587201111,0.4378063725490196,0.4217687074829932,0.26626528305945163,0.725589215688678
responsive_vs_lor_all_phases,gcc_core_plus_confounds,24,147,26,0.3469387755102041,0.48794934640522875,0.3640601913630622,0.47212009803921573,0.4965986394557823,0.25891078265784023,0.7158365900000146
responsive_vs_lor_all_phases,gcc_core_plus_confounds,25,147,26,0.3469387755102041,0.5428921568627451,0.4035009984214091,0.5303308823529411,0.5306122448979592,0.2532927838838224,0.7026404027859277
responsive_vs_lor_all_phases,gcc_core_plus_confounds,26,147,26,0.3469387755102041,0.6254084967320261,0.4744636139014324,0.6145833333333333,0.5986394557823129,0.2398666803387001,0.6737265072393479
responsive_vs_lor_all_phases,gcc_core_plus_confounds,27,147,26,0.3469387755102041,0.6043709150326797,0.459718148048823,0.5551470588235294,0.5510204081632653,0.24386573684383028,0.6858981071753337
responsive_vs_lor_all_phases,gcc_core_plus_confounds,28,147,26,0.3469387755102041,0.488562091503268,0.35699075620950393,0.4767156862745098,0.4965986394557823,0.2601613315356112,0.7153317494802638
responsive_vs_lor_all_phases,gcc_core_plus_confounds,29,147,26,0.3469387755102041,0.3247549019607843,0.26475507842891144,0.3489583333333333,0.35374149659863946,0.26953293468345446,0.7329513364552195
responsive_vs_lor_all_phases,gcc_core_plus_confounds,30,147,26,0.3469387755102041,0.5355392156862745,0.3628912452926326,0.5741421568627452,0.5578231292517006,0.25464559983284785,0.703394287054458
responsive_vs_lor_all_phases,gcc_core_plus_confounds,31,147,26,0.3469387755102041,0.47120098039215685,0.3368476716825179,0.5027573529411764,0.5306122448979592,0.2598402413725757,0.7144430579266945
responsive_vs_lor_all_phases,gcc_core_plus_confounds,32,147,26,0.3469387755102041,0.5651552287581699,0.4015718364196657,0.5309436274509804,0.5374149659863946,0.2516230699079411,0.6985141380946177
responsive_vs_lor_all_phases,gcc_core_plus_confounds,33,147,26,0.3469387755102041,0.5147058823529411,0.38179535511660995,0.5217524509803921,0.5374149659863946,0.25581161248987355,0.7072847597324127
responsive_vs_lor_all_phases,gcc_core_plus_confounds,34,147,26,0.3469387755102041,0.4183006535947713,0.3094912983048962,0.4837622549019608,0.5238095238095238,0.27026022727661003,0.737226210391772
responsive_vs_lor_all_phases,gcc_core_plus_confounds,35,147,26,0.3469387755102041,0.5383986928104576,0.39726513158717186,0.545343137254902,0.54421768707483,0.25270654564004746,0.6995219452385777
responsive_vs_lor_all_phases,gcc_core_plus_confounds,36,147,26,0.3469387755102041,0.5012254901960784,0.3483425861983951,0.5113357843137255,0.5238095238095238,0.26012952542608175,0.7211452563902734
responsive_vs_lor_all_phases,gcc_core_plus_confounds,37,147,26,0.3469387755102041,0.2448937908496732,0.24497491945281719,0.32598039215686275,0.35374149659863946,0.2725793790690531,0.7390554526389262
responsive_vs_lor_all_phases,gcc_core_plus_confounds,38,147,26,0.3469387755102041,0.5471813725490196,0.3739222823537842,0.5245098039215687,0.5170068027210885,0.2575560043528649,0.7103002678876503
responsive_vs_lor_all_phases,gcc_core_plus_confounds,39,147,26,0.3469387755102041,0.551266339869281,0.38879293817359395,0.545343137254902,0.54421768707483,0.25504262814518824,0.7055732770494615
responsive_vs_lor_all_phases,gcc_core_plus_confounds,40,147,26,0.3469387755102041,0.5036764705882353,0.37030724923713176,0.5171568627450981,0.5374149659863946,0.25705245037636715,0.7089708995365047
responsive_vs_lor_all_phases,gcc_core_plus_confounds,41,147,26,0.3469387755102041,0.49754901960784315,0.3521633353048045,0.5238970588235294,0.5102040816326531,0.26176853390783633,0.7187298623394714
responsive_vs_lor_all_phases,gcc_core_plus_confounds,42,147,26,0.3469387755102041,0.6564542483660131,0.4633916991310443,0.6308210784313726,0.6258503401360545,0.23397690075548697,0.6640173653795751
responsive_vs_lor_all_phases,gcc_core_plus_confounds,43,147,26,0.3469387755102041,0.36111111111111116,0.2722348218341459,0.40379901960784315,0.4013605442176871,0.26642503071297785,0.7275803502487518
responsive_vs_lor_all_phases,gcc_core_plus_confounds,44,147,26,0.3469387755102041,0.6104983660130718,0.44513840471164745,0.5441176470588236,0.5306122448979592,0.2356358487944512,0.6602888959317624
responsive_vs_lor_all_phases,gcc_core_plus_confounds,45,147,26,0.3469387755102041,0.5034722222222222,0.3455048160023624,0.5591299019607843,0.54421768707483,0.25749343061846575,0.7090109482980788
responsive_vs_lor_all_phases,gcc_core_plus_confounds,46,147,26,0.3469387755102041,0.3310866013071896,0.26881643734490523,0.40625,0.42857142857142855,0.2703011765898364,0.7350624417945597
responsive_vs_lor_all_phases,gcc_core_plus_confounds,47,147,26,0.3469387755102041,0.5087826797385621,0.36643641315422615,0.49111519607843135,0.5034013605442177,0.25792393628245847,0.7123541905420934
responsive_vs_lor_all_phases,gcc_core_plus_confounds,48,147,26,0.3469387755102041,0.49530228758169936,0.36068499420926603,0.5337009803921569,0.5170068027210885,0.259764833328331,0.7216539604651426
responsive_vs_lor_all_phases,gcc_core_plus_confounds,49,147,26,0.3469387755102041,0.5016339869281046,0.3748341908263223,0.5079656862745098,0.5374149659863946,0.26195186014561034,0.7232671622912468
responsive_vs_lor_all_phases,gcc_core_plus_confounds,50,147,26,0.3469387755102041,0.4040032679738562,0.2992350440374684,0.4806985294117647,0.4897959183673469,0.26624406806149603,0.7267525395368354
responsive_vs_lor_all_phases,gcc_core_plus_confounds,51,147,26,0.3469387755102041,0.4836601307189543,0.3344387835882545,0.514093137254902,0.5034013605442177,0.26205835069882416,0.7224044232292554
responsive_vs_lor_all_phases,gcc_core_plus_confounds,52,147,26,0.3469387755102041,0.6358251633986929,0.44966464145203067,0.6145833333333333,0.5986394557823129,0.24084462063699014,0.6786885467912946
responsive_vs_lor_all_phases,gcc_core_plus_confounds,53,147,26,0.3469387755102041,0.46119281045751637,0.3207475684848163,0.4963235294117647,0.5102040816326531,0.2633392953183623,0.7223946476448881
responsive_vs_lor_all_phases,gcc_core_plus_confounds,54,147,26,0.3469387755102041,0.4752859477124183,0.3360478447776477,0.5036764705882353,0.4897959183673469,0.26427891304678963,0.7235345437230793
responsive_vs_lor_all_phases,gcc_core_plus_confounds,55,147,26,0.3469387755102041,0.3715277777777778,0.2891658249170977,0.45496323529411764,0.5102040816326531,0.26748238126919266,0.7300994762943511
responsive_vs_lor_all_phases,gcc_core_plus_confounds,56,147,26,0.3469387755102041,0.5541258169934641,0.3816472087742816,0.5563725490196079,0.564625850340136,0.25611990180861016,0.7107868494245967
responsive_vs_lor_all_phases,gcc_core_plus_confounds,57,147,26,0.3469387755102041,0.514297385620915,0.35349699055851647,0.5015318627450981,0.5170068027210885,0.26202077250320666,0.7244613192957521
responsive_vs_lor_all_phases,gcc_core_plus_confounds,58,147,26,0.3469387755102041,0.4056372549019608,0.2908147709841107,0.44669117647058826,0.46938775510204084,0.26778082784355894,0.7300385796870461
responsive_vs_lor_all_phases,gcc_core_plus_confounds,59,147,26,0.3469387755102041,0.5285947712418301,0.39711275870799967,0.5373774509803921,0.5578231292517006,0.25425694368558055,0.7035367318897108
responsive_vs_lor_all_phases,gcc_core_plus_confounds,60,147,26,0.3469387755102041,0.6196895424836601,0.406216486574946,0.6001838235294117,0.5918367346938775,0.24331741721283162,0.6895918989645917
responsive_vs_lor_all_phases,gcc_core_plus_confounds,61,147,26,0.3469387755102041,0.5108251633986928,0.3495417045671759,0.5499387254901961,0.54421768707483,0.25967274081545766,0.7155025985782164
responsive_vs_lor_all_phases,gcc_core_plus_confounds,62,147,26,0.3469387755102041,0.5635212418300654,0.401451870949293,0.5719975490196079,0.5850340136054422,0.2511012472239994,0.6989243055283364
responsive_vs_lor_all_phases,gcc_core_plus_confounds,63,147,26,0.3469387755102041,0.5765931372549019,0.4585252665929146,0.5523897058823529,0.5714285714285714,0.2452882748006567,0.6887373134782633
responsive_vs_lor_all_phases,gcc_core_plus_confounds,64,147,26,0.3469387755102041,0.508374183006536,0.3535297815340669,0.5361519607843137,0.54421768707483,0.26104896754959456,0.722472832498196
responsive_vs_lor_all_phases,gcc_core_plus_confounds,65,147,26,0.3469387755102041,0.48549836601307195,0.3418782605824707,0.5049019607843137,0.5034013605442177,0.26361435873862904,0.72308712844451
responsive_vs_lor_all_phases,gcc_core_plus_confounds,66,147,26,0.3469387755102041,0.5702614379084968,0.4093653182740261,0.5517769607843137,0.564625850340136,0.24999072005289058,0.6976635398808091
responsive_vs_lor_all_phases,gcc_core_plus_confounds,67,147,26,0.3469387755102041,0.5200163398692811,0.37213536440883277,0.48651960784313725,0.5034013605442177,0.25497883179807684,0.7087673815312183
responsive_vs_lor_all_phases,gcc_core_plus_confounds,68,147,26,0.3469387755102041,0.4199346405228758,0.31791999111614566,0.3893995098039216,0.3945578231292517,0.2671175911056122,0.7285307195456996
responsive_vs_lor_all_phases,gcc_core_plus_confounds,69,147,26,0.3469387755102041,0.6286764705882353,0.4851874427001657,0.5818014705882353,0.5918367346938775,0.2371037024426524,0.6662311391528962
responsive_vs_lor_all_phases,gcc_core_plus_confounds,70,147,26,0.3469387755102041,0.4526143790849673,0.3093842292127229,0.5042892156862745,0.4965986394557823,0.268733315365835,0.7336073908485032
responsive_vs_lor_all_phases,gcc_core_plus_confounds,71,147,26,0.3469387755102041,0.4989787581699347,0.3573507146842043,0.48131127450980393,0.4965986394557823,0.25770708650929414,0.7103083787334568
responsive_vs_lor_all_phases,gcc_core_plus_confounds,72,147,26,0.3469387755102041,0.44138071895424835,0.32477610089143527,0.4859068627450981,0.4965986394557823,0.2647090013528899,0.7240687580253156
responsive_vs_lor_all_phases,gcc_core_plus_confounds,73,147,26,0.3469387755102041,0.39133986928104575,0.2963137052733271,0.4172794117647059,0.4489795918367347,0.27044922164742713,0.7360186797540494
responsive_vs_lor_all_phases,gcc_core_plus_confounds,74,147,26,0.3469387755102041,0.4822303921568628,0.36881020727907743,0.5107230392156863,0.5170068027210885,0.261565026246958,0.7191876941648971
responsive_vs_lor_all_phases,gcc_core_plus_confounds,75,147,26,0.3469387755102041,0.48120915032679734,0.3396241025082576,0.48651960784313725,0.5034013605442177,0.26301382664033734,0.7241274306684135
responsive_vs_lor_all_phases,gcc_core_plus_confounds,76,147,26,0.3469387755102041,0.4836601307189543,0.34165330533462596,0.5125612745098039,0.5374149659863946,0.26214440690302365,0.7210650620364809
responsive_vs_lor_all_phases,gcc_core_plus_confounds,77,147,26,0.3469387755102041,0.42667483660130723,0.3102353006680792,0.4414828431372549,0.46258503401360546,0.2635655930266793,0.721197495564453
responsive_vs_lor_all_phases,gcc_core_plus_confounds,78,147,26,0.3469387755102041,0.3903186274509804,0.27990346871912186,0.4568014705882353,0.42857142857142855,0.2691158498238809,0.7342791075546228
responsive_vs_lor_all_phases,gcc_core_plus_confounds,79,147,26,0.3469387755102041,0.5010212418300654,0.35957602240997666,0.525735294117647,0.5306122448979592,0.26002135696998163,0.7159031626654956
responsive_vs_lor_all_phases,gcc_core_plus_confounds,80,147,26,0.3469387755102041,0.5819035947712418,0.4501727245363726,0.5928308823529411,0.6122448979591837,0.24674640158923233,0.691058305869849
responsive_vs_lor_all_phases,gcc_core_plus_confounds,81,147,26,0.3469387755102041,0.5004084967320261,0.36665440101817637,0.4761029411764706,0.4897959183673469,0.2611220327433519,0.7180470577273943
responsive_vs_lor_all_phases,gcc_core_plus_confounds,82,147,26,0.3469387755102041,0.6011029411764706,0.46248379209357937,0.5747549019607843,0.564625850340136,0.2435728248121666,0.6818944639803662
responsive_vs_lor_all_phases,gcc_core_plus_confounds,83,147,26,0.3469387755102041,0.4979575163398693,0.3268596321280956,0.5220588235294118,0.4897959183673469,0.25716648563774475,0.7054797394599286
responsive_vs_lor_all_phases,gcc_core_plus_confounds,84,147,26,0.3469387755102041,0.6090686274509803,0.47813112552747955,0.5536151960784313,0.5850340136054422,0.24014706787018666,0.6740064370569137
responsive_vs_lor_all_phases,gcc_core_plus_confounds,85,147,26,0.3469387755102041,0.4191176470588236,0.3142238215463714,0.43443627450980393,0.43537414965986393,0.2656741759613554,0.7261297517609145
responsive_vs_lor_all_phases,gcc_core_plus_confounds,86,147,26,0.3469387755102041,0.513888888888889,0.350602181483227,0.5180759803921569,0.4965986394557823,0.2554959672013773,0.7040235853194983
responsive_vs_lor_all_phases,gcc_core_plus_confounds,87,147,26,0.3469387755102041,0.5112336601307189,0.3496238128181671,0.5049019607843137,0.5034013605442177,0.26087256952971577,0.721087283040528
responsive_vs_lor_all_phases,gcc_core_plus_confounds,88,147,26,0.3469387755102041,0.5189950980392157,0.4057077655234128,0.5049019607843137,0.5034013605442177,0.25885065299875976,0.7135560212602253
responsive_vs_lor_all_phases,gcc_core_plus_confounds,89,147,26,0.3469387755102041,0.41503267973856206,0.29284575674117763,0.482843137254902,0.46258503401360546,0.2658125466952664,0.7261948115492021
responsive_vs_lor_all_phases,gcc_core_plus_confounds,90,147,26,0.3469387755102041,0.4569035947712418,0.32567398013149207,0.5113357843137255,0.5238095238095238,0.2662609435155142,0.7281674126134541
responsive_vs_lor_all_phases,gcc_core_plus_confounds,91,147,26,0.3469387755102041,0.5739379084967321,0.4118411839517693,0.5842524509803921,0.6190476190476191,0.25033871258702567,0.7069962637148187
responsive_vs_lor_all_phases,gcc_core_plus_confounds,92,147,26,0.3469387755102041,0.4276960784313726,0.29989134974272885,0.47150735294117646,0.4897959183673469,0.2657759316406038,0.7272659518578367
responsive_vs_lor_all_phases,gcc_core_plus_confounds,93,147,26,0.3469387755102041,0.5061274509803921,0.3510781196834488,0.5009191176470589,0.5102040816326531,0.26067496286324354,0.715896788138559
responsive_vs_lor_all_phases,gcc_core_plus_confounds,94,147,26,0.3469387755102041,0.6006944444444445,0.461663868463166,0.5680147058823529,0.5918367346938775,0.24064650450680133,0.678011869471746
responsive_vs_lor_all_phases,gcc_core_plus_confounds,95,147,26,0.3469387755102041,0.49325980392156865,0.34975707719218785,0.477328431372549,0.5034013605442177,0.25829624900252185,0.7127301242023037
responsive_vs_lor_all_phases,gcc_core_plus_confounds,96,147,26,0.3469387755102041,0.3790849673202614,0.2817347102801197,0.3900122549019608,0.4013605442176871,0.26757073119856045,0.7305092679235888
responsive_vs_lor_all_phases,gcc_core_plus_confounds,97,147,26,0.3469387755102041,0.5243055555555556,0.415700223346367,0.4806985294117647,0.4897959183673469,0.25177207558025055,0.6978848700962381
responsive_vs_lor_all_phases,gcc_core_plus_confounds,98,147,26,0.3469387755102041,0.5912990196078431,0.480029921085702,0.5419730392156863,0.5578231292517006,0.2445547419509726,0.6867576229629037
responsive_vs_lor_all_phases,gcc_core_plus_confounds,99,147,26,0.3469387755102041,0.4844771241830066,0.35541463470828827,0.5061274509803921,0.5170068027210885,0.2621641394966769,0.7197058606595215
responsive_vs_lor_all_phases,gcc_core_plus_confounds,100,147,26,0.3469387755102041,0.4785539215686274,0.35726258058115135,0.4837622549019608,0.5238095238095238,0.2621628496724929,0.7220166435712457
responsive_vs_lor_all_phases,gcc_regime_plus_confounds,1,147,26,0.3469387755102041,0.4818218954248366,0.3468940681699408,0.45894607843137253,0.5034013605442177,0.2617755154589344,0.719633941224091
responsive_vs_lor_all_phases,gcc_regime_plus_confounds,2,147,26,0.3469387755102041,0.5445261437908496,0.397478788418293,0.5401348039215687,0.5374149659863946,0.2555599164784489,0.7061700357999898
responsive_vs_lor_all_phases,gcc_regime_plus_confounds,3,147,26,0.3469387755102041,0.5302287581699346,0.37162477427693225,0.5805759803921569,0.5782312925170068,0.25472702168523587,0.7034067583389131
responsive_vs_lor_all_phases,gcc_regime_plus_confounds,4,147,26,0.3469387755102041,0.5318627450980392,0.3688935489644818,0.5217524509803921,0.5374149659863946,0.25789554093908273,0.7155376294137178
responsive_vs_lor_all_phases,gcc_regime_plus_confounds,5,147,26,0.3469387755102041,0.5774101307189543,0.3995055634689699,0.525735294117647,0.5306122448979592,0.24997875970090028,0.6948179480436586
responsive_vs_lor_all_phases,gcc_regime_plus_confounds,6,147,26,0.3469387755102041,0.5704656862745098,0.4107436027655156,0.5903799019607843,0.5850340136054422,0.2523026584799933,0.7057011031009376
responsive_vs_lor_all_phases,gcc_regime_plus_confounds,7,147,26,0.3469387755102041,0.4973447712418301,0.3880644909618831,0.4610906862745098,0.47619047619047616,0.2595432437634656,0.7136506860551685
responsive_vs_lor_all_phases,gcc_regime_plus_confounds,8,147,26,0.3469387755102041,0.4707924836601307,0.317746768889103,0.49050245098039214,0.4965986394557823,0.2648634499274474,0.727399565682019
responsive_vs_lor_all_phases,gcc_regime_plus_confounds,9,147,26,0.3469387755102041,0.5298202614379085,0.44220054237921724,0.5379901960784313,0.564625850340136,0.2517209209886484,0.6981156049049019
responsive_vs_lor_all_phases,gcc_regime_plus_confounds,10,147,26,0.3469387755102041,0.5051062091503268,0.36108188409070663,0.5015318627450981,0.5170068027210885,0.26164191121007985,0.7240469993518281
responsive_vs_lor_all_phases,gcc_regime_plus_confounds,11,147,26,0.3469387755102041,0.5153186274509803,0.3441122182501027,0.525735294117647,0.5306122448979592,0.2609045945236736,0.7196525296646035
responsive_vs_lor_all_phases,gcc_regime_plus_confounds,12,147,26,0.3469387755102041,0.5042892156862746,0.34405396688478496,0.49111519607843135,0.5034013605442177,0.2641147317650482,0.7250822917124644
responsive_vs_lor_all_phases,gcc_regime_plus_confounds,13,147,26,0.3469387755102041,0.43995098039215685,0.3155735856044224,0.4846813725490196,0.48299319727891155,0.27146186152363655,0.7395724387980274
responsive_vs_lor_all_phases,gcc_regime_plus_confounds,14,147,26,0.3469387755102041,0.5314542483660132,0.36685558538733765,0.5603553921568627,0.5578231292517006,0.25654123299789955,0.70803726496
responsive_vs_lor_all_phases,gcc_regime_plus_confounds,15,147,26,0.3469387755102041,0.5065359477124183,0.36723699473505633,0.5015318627450981,0.5170068027210885,0.2588846374290736,0.7132412230801048
responsive_vs_lor_all_phases,gcc_regime_plus_confounds,16,147,26,0.3469387755102041,0.5416666666666667,0.3967131774220077,0.5557598039215687,0.5578231292517006,0.2559544129707302,0.7107899401044012
responsive_vs_lor_all_phases,gcc_regime_plus_confounds,17,147,26,0.3469387755102041,0.4652777777777778,0.3192996533311925,0.47824754901960786,0.46258503401360546,0.2654603158285346,0.7279352607395077
responsive_vs_lor_all_phases,gcc_regime_plus_confounds,18,147,26,0.3469387755102041,0.5220588235294117,0.3627324100338181,0.5355392156862745,0.5374149659863946,0.2630779307933538,0.7268334595347455
responsive_vs_lor_all_phases,gcc_regime_plus_confounds,19,147,26,0.3469387755102041,0.4281045751633987,0.3112563017107086,0.48131127450980393,0.4965986394557823,0.27333771042252486,0.7451035917078569
responsive_vs_lor_all_phases,gcc_regime_plus_confounds,20,147,26,0.3469387755102041,0.5187908496732025,0.3618120062493546,0.49325980392156865,0.47619047619047616,0.25388804766133605,0.6930862957843836
responsive_vs_lor_all_phases,gcc_regime_plus_confounds,21,147,26,0.3469387755102041,0.6783088235294117,0.5104818258004834,0.6216299019607843,0.6258503401360545,0.22631929709941703,0.6450302496531176
responsive_vs_lor_all_phases,gcc_regime_plus_confounds,22,147,26,0.3469387755102041,0.573529411764706,0.3850189337688472,0.560968137254902,0.564625850340136,0.2535056941730134,0.7057622608733066
responsive_vs_lor_all_phases,gcc_regime_plus_confounds,23,147,26,0.3469387755102041,0.454452614379085,0.31391968377542295,0.44424019607843135,0.4421768707482993,0.2620745396728217,0.7185502623982282
responsive_vs_lor_all_phases,gcc_regime_plus_confounds,24,147,26,0.3469387755102041,0.48202614379084974,0.3513063456483779,0.5049019607843137,0.5034013605442177,0.26030665743554454,0.7139399753657789
responsive_vs_lor_all_phases,gcc_regime_plus_confounds,25,147,26,0.3469387755102041,0.6174428104575163,0.47522311247657095,0.6072303921568627,0.6190476190476191,0.2435862179824642,0.6861955551929728
responsive_vs_lor_all_phases,gcc_regime_plus_confounds,26,147,26,0.3469387755102041,0.491625816993464,0.3298297475181109,0.5284926470588236,0.5102040816326531,0.2627680368089842,0.7236359556133638
responsive_vs_lor_all_phases,gcc_regime_plus_confounds,27,147,26,0.3469387755102041,0.5872140522875817,0.4247213792692932,0.5885416666666666,0.564625850340136,0.2478808312892539,0.6870983672602992
responsive_vs_lor_all_phases,gcc_regime_plus_confounds,28,147,26,0.3469387755102041,0.46200980392156865,0.3367278469675331,0.4990808823529412,0.4897959183673469,0.2607223895037742,0.715783533673868
responsive_vs_lor_all_phases,gcc_regime_plus_confounds,29,147,26,0.3469387755102041,0.5304330065359477,0.38512969842879735,0.510110294117647,0.5102040816326531,0.2578388165341605,0.7113037991727366
responsive_vs_lor_all_phases,gcc_regime_plus_confounds,30,147,26,0.3469387755102041,0.4981617647058824,0.3567601614137862,0.48253676470588236,0.5102040816326531,0.25971224652279934,0.7174323492143041
responsive_vs_lor_all_phases,gcc_regime_plus_confounds,31,147,26,0.3469387755102041,0.48161764705882354,0.3206002724067326,0.4957107843137255,0.5034013605442177,0.26673519305102794,0.7294618848207399
responsive_vs_lor_all_phases,gcc_regime_plus_confounds,32,147,26,0.3469387755102041,0.5996732026143792,0.4638932318828901,0.5615808823529411,0.5714285714285714,0.24451142482622712,0.6810464827012807
responsive_vs_lor_all_phases,gcc_regime_plus_confounds,33,147,26,0.3469387755102041,0.5751633986928105,0.43541734456112413,0.5615808823529411,0.5714285714285714,0.24569569233217015,0.6846287161321631
responsive_vs_lor_all_phases,gcc_regime_plus_confounds,34,147,26,0.3469387755102041,0.44056372549019607,0.2976554550568742,0.47763480392156865,0.4557823129251701,0.2636670782195419,0.7168911118780075
responsive_vs_lor_all_phases,gcc_regime_plus_confounds,35,147,26,0.3469387755102041,0.44403594771241833,0.30084913011708037,0.4800857843137255,0.48299319727891155,0.26922053843064486,0.736216517496897
responsive_vs_lor_all_phases,gcc_regime_plus_confounds,36,147,26,0.3469387755102041,0.5122549019607843,0.37212903870008857,0.5263480392156863,0.5374149659863946,0.2599912917047245,0.7172993527541325
responsive_vs_lor_all_phases,gcc_regime_plus_confounds,37,147,26,0.3469387755102041,0.5232843137254902,0.38901166223126177,0.47028186274509803,0.47619047619047616,0.25697919495080634,0.7078091916913604
responsive_vs_lor_all_phases,gcc_regime_plus_confounds,38,147,26,0.3469387755102041,0.45016339869281047,0.33370130278722254,0.48651960784313725,0.5034013605442177,0.26697979379087494,0.7302803968633853
responsive_vs_lor_all_phases,gcc_regime_plus_confounds,39,147,26,0.3469387755102041,0.4162581699346405,0.2956519380534445,0.47089460784313725,0.48299319727891155,0.26738736108584593,0.7297287603344079
responsive_vs_lor_all_phases,gcc_regime_plus_confounds,40,147,26,0.3469387755102041,0.47998366013071897,0.3274920953941045,0.545343137254902,0.54421768707483,0.26544811982131844,0.7267560168827863
responsive_vs_lor_all_phases,gcc_regime_plus_confounds,41,147,26,0.3469387755102041,0.5502450980392157,0.39136499210957393,0.5471813725490196,0.564625850340136,0.25505529919470155,0.7084353764103991
responsive_vs_lor_all_phases,gcc_regime_plus_confounds,42,147,26,0.3469387755102041,0.32741013071895425,0.2599948944346758,0.3737745098039216,0.3741496598639456,0.2718134001945973,0.7377883781786584
responsive_vs_lor_all_phases,gcc_regime_plus_confounds,43,147,26,0.3469387755102041,0.5651552287581699,0.4376315945892896,0.5459558823529411,0.5510204081632653,0.25186677245795236,0.6983708740756184
responsive_vs_lor_all_phases,gcc_regime_plus_confounds,44,147,26,0.3469387755102041,0.6133578431372548,0.44683894177431216,0.5655637254901961,0.564625850340136,0.24410335545710493,0.6858836189963359
responsive_vs_lor_all_phases,gcc_regime_plus_confounds,45,147,26,0.3469387755102041,0.37683823529411764,0.2867443172135181,0.4096200980392157,0.41496598639455784,0.2694383170885426,0.7328544588418859
responsive_vs_lor_all_phases,gcc_regime_plus_confounds,46,147,26,0.3469387755102041,0.5972222222222222,0.4047736062599795,0.5805759803921569,0.5782312925170068,0.2532812734655722,0.7091539884790267
responsive_vs_lor_all_phases,gcc_regime_plus_confounds,47,147,26,0.3469387755102041,0.5034722222222222,0.34284891797246764,0.5419730392156863,0.5578231292517006,0.26209098468706,0.7208518364062647
responsive_vs_lor_all_phases,gcc_regime_plus_confounds,48,147,26,0.3469387755102041,0.4736519607843137,0.3252684415544983,0.4788602941176471,0.46938775510204084,0.26364319448887213,0.723014598681912
responsive_vs_lor_all_phases,gcc_regime_plus_confounds,49,147,26,0.3469387755102041,0.49040032679738566,0.33103239982855404,0.5251225490196079,0.5238095238095238,0.26121311873743236,0.7172948589629717
responsive_vs_lor_all_phases,gcc_regime_plus_confounds,50,147,26,0.3469387755102041,0.4603758169934641,0.34513762244241175,0.4852941176470588,0.4897959183673469,0.2597841173226964,0.7128138555631973
responsive_vs_lor_all_phases,gcc_regime_plus_confounds,51,147,26,0.3469387755102041,0.4442401960784314,0.31213454535328944,0.46568627450980393,0.47619047619047616,0.26873380135900143,0.7335982148040331
responsive_vs_lor_all_phases,gcc_regime_plus_confounds,52,147,26,0.3469387755102041,0.5220588235294118,0.35015138833080417,0.5376838235294118,0.5102040816326531,0.25653746930510596,0.7060347249210202
responsive_vs_lor_all_phases,gcc_regime_plus_confounds,53,147,26,0.3469387755102041,0.49325980392156865,0.3391594627428588,0.47549019607843135,0.48299319727891155,0.26130199669137605,0.7171427498297707
responsive_vs_lor_all_phases,gcc_regime_plus_confounds,54,147,26,0.3469387755102041,0.5285947712418301,0.37766192374113366,0.5465686274509804,0.5578231292517006,0.25820169381089175,0.7180082885660432
responsive_vs_lor_all_phases,gcc_regime_plus_confounds,55,147,26,0.3469387755102041,0.40522875816993464,0.2938762524815691,0.4096200980392157,0.41496598639455784,0.26818599570074586,0.7318212137476757
responsive_vs_lor_all_phases,gcc_regime_plus_confounds,56,147,26,0.3469387755102041,0.4673202614379085,0.3202288618302833,0.46568627450980393,0.47619047619047616,0.26954892044061024,0.7387084230304125
responsive_vs_lor_all_phases,gcc_regime_plus_confounds,57,147,26,0.3469387755102041,0.4793709150326797,0.3348724470425243,0.5113357843137255,0.5238095238095238,0.26253718382238117,0.7213516743190523
responsive_vs_lor_all_phases,gcc_regime_plus_confounds,58,147,26,0.3469387755102041,0.5328839869281046,0.3782097344490549,0.5386029411764706,0.5714285714285714,0.26096854631573985,0.7212358257745982
responsive_vs_lor_all_phases,gcc_regime_plus_confounds,59,147,26,0.3469387755102041,0.4673202614379085,0.33315796775630624,0.5009191176470589,0.5102040816326531,0.26426949486925183,0.724483354027176
responsive_vs_lor_all_phases,gcc_regime_plus_confounds,60,147,26,0.3469387755102041,0.5216503267973857,0.38831857589720287,0.5003063725490196,0.5034013605442177,0.2567317239934017,0.7088162045720459
responsive_vs_lor_all_phases,gcc_regime_plus_confounds,61,147,26,0.3469387755102041,0.446078431372549,0.3378586862895664,0.4761029411764706,0.4897959183673469,0.2674681088839357,0.7294708974823527
responsive_vs_lor_all_phases,gcc_regime_plus_confounds,62,147,26,0.3469387755102041,0.4556781045751634,0.3176650611702663,0.48131127450980393,0.4965986394557823,0.2654832310636933,0.7262663321792215
responsive_vs_lor_all_phases,gcc_regime_plus_confounds,63,147,26,0.3469387755102041,0.5079656862745099,0.3493748223737373,0.5401348039215687,0.5374149659863946,0.2597214742746938,0.7140696143213685
responsive_vs_lor_all_phases,gcc_regime_plus_confounds,64,147,26,0.3469387755102041,0.355187908496732,0.26734900061258005,0.41360294117647056,0.40816326530612246,0.26769855648328894,0.7282144463223202
responsive_vs_lor_all_phases,gcc_regime_plus_confounds,65,147,26,0.3469387755102041,0.31678921568627455,0.25842943230911297,0.41605392156862747,0.43537414965986393,0.2726977002045713,0.7407396630121188
responsive_vs_lor_all_phases,gcc_regime_plus_confounds,66,147,26,0.3469387755102041,0.48304738562091504,0.3293774469168499,0.5401348039215687,0.5374149659863946,0.26502938654370267,0.7260820414931178
responsive_vs_lor_all_phases,gcc_regime_plus_confounds,67,147,26,0.3469387755102041,0.4387254901960784,0.3182046683133588,0.46200980392156865,0.43537414965986393,0.2694504307783681,0.7358260196609819
responsive_vs_lor_all_phases,gcc_regime_plus_confounds,68,147,26,0.3469387755102041,0.5874183006535947,0.4742308918148629,0.5465686274509804,0.5578231292517006,0.24459230736133541,0.682875099217028
responsive_vs_lor_all_phases,gcc_regime_plus_confounds,69,147,26,0.3469387755102041,0.5755718954248366,0.4406477047354201,0.5511642156862745,0.5578231292517006,0.25057198216656956,0.6953853256351926
responsive_vs_lor_all_phases,gcc_regime_plus_confounds,70,147,26,0.3469387755102041,0.5508578431372549,0.39477190222390474,0.5367647058823529,0.5510204081632653,0.2551703285903701,0.7072775929898166
responsive_vs_lor_all_phases,gcc_regime_plus_confounds,71,147,26,0.3469387755102041,0.4309640522875817,0.3090522779618733,0.47089460784313725,0.48299319727891155,0.27127295366874926,0.7384706669610717
responsive_vs_lor_all_phases,gcc_regime_plus_confounds,72,147,26,0.3469387755102041,0.5332924836601307,0.39468502235631175,0.5107230392156863,0.5170068027210885,0.25832240407994755,0.7158143579956493
responsive_vs_lor_all_phases,gcc_regime_plus_confounds,73,147,26,0.3469387755102041,0.44812091503267976,0.32415910687715255,0.5067401960784313,0.5238095238095238,0.26527888526716026,0.725802022532413
responsive_vs_lor_all_phases,gcc_regime_plus_confounds,74,147,26,0.3469387755102041,0.47875816993464054,0.32332746609722235,0.5061274509803921,0.5170068027210885,0.26670923369513794,0.7317570873966076
responsive_vs_lor_all_phases,gcc_regime_plus_confounds,75,147,26,0.3469387755102041,0.43137254901960786,0.3238025194936641,0.43903186274509803,0.43537414965986393,0.26768267353572545,0.7296256562529663
responsive_vs_lor_all_phases,gcc_regime_plus_confounds,76,147,26,0.3469387755102041,0.47201797385620914,0.3269399051251757,0.5107230392156863,0.5170068027210885,0.26638004904354906,0.7291794443408013
responsive_vs_lor_all_phases,gcc_regime_plus_confounds,77,147,26,0.3469387755102041,0.5100081699346406,0.40688829265257187,0.5217524509803921,0.5374149659863946,0.25670619330940625,0.7083892298168388
responsive_vs_lor_all_phases,gcc_regime_plus_confounds,78,147,26,0.3469387755102041,0.5659722222222222,0.38224889049355715,0.5986519607843137,0.6258503401360545,0.2534794360071613,0.7076491080042252
responsive_vs_lor_all_phases,gcc_regime_plus_confounds,79,147,26,0.3469387755102041,0.5663807189542484,0.43474563406904704,0.5582107843137255,0.5850340136054422,0.24681471764603938,0.6879698214664463
responsive_vs_lor_all_phases,gcc_regime_plus_confounds,80,147,26,0.3469387755102041,0.5473856209150327,0.3798806583717338,0.541360294117647,0.5510204081632653,0.2562041956645654,0.7090433734109162
responsive_vs_lor_all_phases,gcc_regime_plus_confounds,81,147,26,0.3469387755102041,0.5236928104575164,0.35753591259008244,0.5015318627450981,0.5170068027210885,0.25579389832114113,0.7056549583811537
responsive_vs_lor_all_phases,gcc_regime_plus_confounds,82,147,26,0.3469387755102041,0.53125,0.3742496375475845,0.5009191176470589,0.5102040816326531,0.25738524382427747,0.7086222421928955
responsive_vs_lor_all_phases,gcc_regime_plus_confounds,83,147,26,0.3469387755102041,0.46262254901960786,0.36804662273689653,0.48651960784313725,0.5034013605442177,0.2645497511994398,0.72782697744557
responsive_vs_lor_all_phases,gcc_regime_plus_confounds,84,147,26,0.3469387755102041,0.5238970588235294,0.4117175321223353,0.4859068627450981,0.4965986394557823,0.25491899607385315,0.7030452052585209
responsive_vs_lor_all_phases,gcc_regime_plus_confounds,85,147,26,0.3469387755102041,0.4477124183006536,0.32081621286144296,0.46047794117647056,0.46938775510204084,0.26745153532494736,0.7303781685122812
responsive_vs_lor_all_phases,gcc_regime_plus_confounds,86,147,26,0.3469387755102041,0.5602532679738562,0.3690449343333306,0.5643382352941176,0.5510204081632653,0.2561330678141822,0.7140800362278551
responsive_vs_lor_all_phases,gcc_regime_plus_confounds,87,147,26,0.3469387755102041,0.47691993464052285,0.3395466840417808,0.477328431372549,0.5034013605442177,0.259372150148601,0.7132656079985467
responsive_vs_lor_all_phases,gcc_regime_plus_confounds,88,147,26,0.3469387755102041,0.45996732026143794,0.3536043817739428,0.47150735294117646,0.4897959183673469,0.26220448968162063,0.7180821378202835
responsive_vs_lor_all_phases,gcc_regime_plus_confounds,89,147,26,0.3469387755102041,0.4820261437908496,0.32608131769585313,0.498468137254902,0.48299319727891155,0.261291763494273,0.718867020775831
responsive_vs_lor_all_phases,gcc_regime_plus_confounds,90,147,26,0.3469387755102041,0.3743872549019608,0.2781410608301966,0.390625,0.40816326530612246,0.26857134957383527,0.7316521634661606
responsive_vs_lor_all_phases,gcc_regime_plus_confounds,91,147,26,0.3469387755102041,0.4295343137254902,0.3460333800706098,0.44025735294117646,0.4489795918367347,0.2666648856651251,0.7283736512174693
responsive_vs_lor_all_phases,gcc_regime_plus_confounds,92,147,26,0.3469387755102041,0.5723039215686274,0.4120258870799737,0.5575980392156863,0.5782312925170068,0.24916803026734047,0.6917501448134794
responsive_vs_lor_all_phases,gcc_regime_plus_confounds,93,147,26,0.3469387755102041,0.3813316993464052,0.27753604598985226,0.41023284313725494,0.4217687074829932,0.2721775547887843,0.7404393951186933
responsive_vs_lor_all_phases,gcc_regime_plus_confounds,94,147,26,0.3469387755102041,0.5514705882352942,0.40067539934368807,0.5563725490196079,0.564625850340136,0.25505030703061077,0.7078815918886067
responsive_vs_lor_all_phases,gcc_regime_plus_confounds,95,147,26,0.3469387755102041,0.5469771241830065,0.3683117584354123,0.5533088235294118,0.5306122448979592,0.25442793310640655,0.7059736825735148
responsive_vs_lor_all_phases,gcc_regime_plus_confounds,96,147,26,0.3469387755102041,0.5600490196078431,0.40090792048410373,0.5263480392156863,0.5374149659863946,0.25263894178881513,0.7024019082275673
responsive_vs_lor_all_phases,gcc_regime_plus_confounds,97,147,26,0.3469387755102041,0.38623366013071897,0.286908215847111,0.45465686274509803,0.4557823129251701,0.26917130589309035,0.7332935300520756
responsive_vs_lor_all_phases,gcc_regime_plus_confounds,98,147,26,0.3469387755102041,0.4816176470588235,0.36292648694793966,0.5042892156862745,0.4965986394557823,0.2649569418801875,0.7260064746392011
responsive_vs_lor_all_phases,gcc_regime_plus_confounds,99,147,26,0.3469387755102041,0.5087826797385621,0.34783044414262715,0.4859068627450981,0.4965986394557823,0.2592686773280322,0.7138865716152936
responsive_vs_lor_all_phases,gcc_regime_plus_confounds,100,147,26,0.3469387755102041,0.48284313725490197,0.32953176015548935,0.46844362745098034,0.4557823129251701,0.2585331047505299,0.7094531184924479
responsive_vs_lor_all_phases,full_standard_plus_gcc,1,147,26,0.3469387755102041,0.4965277777777778,0.32857091915536446,0.5245098039215687,0.5170068027210885,0.26086754306666204,0.71844277900061
responsive_vs_lor_all_phases,full_standard_plus_gcc,2,147,26,0.3469387755102041,0.5026552287581699,0.3394096393942005,0.5153186274509804,0.5170068027210885,0.26156503263434777,0.7179623326078008
responsive_vs_lor_all_phases,full_standard_plus_gcc,3,147,26,0.3469387755102041,0.5155228758169934,0.3470756281332821,0.5003063725490196,0.5034013605442177,0.25936837794577594,0.7143173110473675
responsive_vs_lor_all_phases,full_standard_plus_gcc,4,147,26,0.3469387755102041,0.5559640522875817,0.42292871993059133,0.5119485294117647,0.5306122448979592,0.251336030097774,0.6992405310082913
responsive_vs_lor_all_phases,full_standard_plus_gcc,5,147,26,0.3469387755102041,0.3698937908496732,0.30309081830373613,0.4518995098039216,0.47619047619047616,0.27191729976542056,0.7394198706470889
responsive_vs_lor_all_phases,full_standard_plus_gcc,6,147,26,0.3469387755102041,0.45098039215686275,0.3227696041933622,0.46629901960784315,0.48299319727891155,0.2648947501433752,0.7249396681374434
responsive_vs_lor_all_phases,full_standard_plus_gcc,7,147,26,0.3469387755102041,0.5126633986928104,0.35567183121266926,0.5147058823529411,0.5102040816326531,0.26354822701197883,0.7244568909173746
responsive_vs_lor_all_phases,full_standard_plus_gcc,8,147,26,0.3469387755102041,0.5267565359477125,0.4292666814972954,0.5303308823529411,0.5306122448979592,0.25464991354909633,0.7035646110698218
responsive_vs_lor_all_phases,full_standard_plus_gcc,9,147,26,0.3469387755102041,0.5669934640522876,0.3926271468907435,0.5147058823529411,0.5102040816326531,0.24881537290080766,0.6909002667977826
responsive_vs_lor_all_phases,full_standard_plus_gcc,10,147,26,0.3469387755102041,0.44505718954248363,0.3171243730670117,0.421875,0.4489795918367347,0.26570169169980173,0.7264597737894474
responsive_vs_lor_all_phases,full_standard_plus_gcc,11,147,26,0.3469387755102041,0.5210375816993464,0.38174735909685065,0.5477941176470589,0.5714285714285714,0.2581579544263653,0.7133731988462898
responsive_vs_lor_all_phases,full_standard_plus_gcc,12,147,26,0.3469387755102041,0.5453431372549019,0.4239934704479935,0.5177696078431373,0.54421768707483,0.2525298626760076,0.7045997974246848
responsive_vs_lor_all_phases,full_standard_plus_gcc,13,147,26,0.3469387755102041,0.4082924836601307,0.31280703496971884,0.45649509803921573,0.47619047619047616,0.2660108994228892,0.7274993776490376
responsive_vs_lor_all_phases,full_standard_plus_gcc,14,147,26,0.3469387755102041,0.43709150326797386,0.30347934067610843,0.4610906862745098,0.47619047619047616,0.27049713999586183,0.7366938315669119
responsive_vs_lor_all_phases,full_standard_plus_gcc,15,147,26,0.3469387755102041,0.5663807189542484,0.41779018612032726,0.5557598039215687,0.5578231292517006,0.2524574985478338,0.7000929321861358
responsive_vs_lor_all_phases,full_standard_plus_gcc,16,147,26,0.3469387755102041,0.602124183006536,0.42611874940968664,0.5753676470588236,0.5714285714285714,0.2471362054060659,0.6920966696805999
responsive_vs_lor_all_phases,full_standard_plus_gcc,17,147,26,0.3469387755102041,0.522671568627451,0.37327986009921277,0.5009191176470589,0.5102040816326531,0.258926593870202,0.7127098898074523
responsive_vs_lor_all_phases,full_standard_plus_gcc,18,147,26,0.3469387755102041,0.5175653594771241,0.36393015031401194,0.47150735294117646,0.4897959183673469,0.26082297581698566,0.718556315399546
responsive_vs_lor_all_phases,full_standard_plus_gcc,19,147,26,0.3469387755102041,0.5951797385620915,0.4489958339482985,0.5824142156862745,0.5986394557823129,0.24448405147986907,0.6911568490867022
responsive_vs_lor_all_phases,full_standard_plus_gcc,20,147,26,0.3469387755102041,0.5580065359477124,0.42168981581348164,0.5441176470588236,0.5306122448979592,0.25411829240994904,0.7040463593854226
responsive_vs_lor_all_phases,full_standard_plus_gcc,21,147,26,0.3469387755102041,0.5063316993464052,0.3263171924806036,0.4950980392156863,0.4965986394557823,0.26138022714008013,0.7152762611765457
responsive_vs_lor_all_phases,full_standard_plus_gcc,22,147,26,0.3469387755102041,0.4979575163398693,0.34850936347937933,0.560968137254902,0.564625850340136,0.2653722888123322,0.7269710920960823
responsive_vs_lor_all_phases,full_standard_plus_gcc,23,147,26,0.3469387755102041,0.5508578431372548,0.4102059108408974,0.5655637254901961,0.564625850340136,0.2564375175030595,0.7130499263422738
responsive_vs_lor_all_phases,full_standard_plus_gcc,24,147,26,0.3469387755102041,0.4910130718954248,0.35760390911677853,0.49754901960784315,0.5238095238095238,0.260850825637869,0.7174096339387501
responsive_vs_lor_all_phases,full_standard_plus_gcc,25,147,26,0.3469387755102041,0.3888888888888889,0.2842697977392229,0.41666666666666663,0.4421768707482993,0.27101001531636815,0.739442393090983
responsive_vs_lor_all_phases,full_standard_plus_gcc,26,147,26,0.3469387755102041,0.43361928104575165,0.30564594903625614,0.461703431372549,0.48299319727891155,0.2675250714559603,0.7309332361931783
responsive_vs_lor_all_phases,full_standard_plus_gcc,27,147,26,0.3469387755102041,0.3619281045751634,0.2756220359627024,0.4068627450980392,0.43537414965986393,0.271897487381425,0.7386345173145431
responsive_vs_lor_all_phases,full_standard_plus_gcc,28,147,26,0.3469387755102041,0.434640522875817,0.31154662786509973,0.4859068627450981,0.4965986394557823,0.27596601445791774,0.7499264805705975
responsive_vs_lor_all_phases,full_standard_plus_gcc,29,147,26,0.3469387755102041,0.5741421568627451,0.4230860022430468,0.560968137254902,0.564625850340136,0.2516278980021843,0.6987276182224433
responsive_vs_lor_all_phases,full_standard_plus_gcc,30,147,26,0.3469387755102041,0.5696486928104575,0.4150001040445673,0.5667892156862745,0.5782312925170068,0.2514055278533047,0.7056394098008395
responsive_vs_lor_all_phases,full_standard_plus_gcc,31,147,26,0.3469387755102041,0.397671568627451,0.30424309366355307,0.399203431372549,0.4013605442176871,0.27185298464601165,0.7385911379852965
responsive_vs_lor_all_phases,full_standard_plus_gcc,32,147,26,0.3469387755102041,0.45098039215686275,0.34103849862397273,0.4610906862745098,0.47619047619047616,0.2669414595550412,0.7307501884318318
responsive_vs_lor_all_phases,full_standard_plus_gcc,33,147,26,0.3469387755102041,0.5257352941176471,0.3672137706385027,0.5499387254901961,0.54421768707483,0.2578839254522451,0.7095221214229762
responsive_vs_lor_all_phases,full_standard_plus_gcc,34,147,26,0.3469387755102041,0.6045751633986928,0.4056292791064786,0.6210171568627452,0.6190476190476191,0.24932462084461215,0.6975900053786873
responsive_vs_lor_all_phases,full_standard_plus_gcc,35,147,26,0.3469387755102041,0.4810049019607843,0.3314250774469938,0.5278799019607843,0.5034013605442177,0.26606626466713296,0.7275705128804225
responsive_vs_lor_all_phases,full_standard_plus_gcc,36,147,26,0.3469387755102041,0.5069444444444445,0.3754883520979082,0.5373774509803921,0.5578231292517006,0.2631134924956777,0.7256007422081329
responsive_vs_lor_all_phases,full_standard_plus_gcc,37,147,26,0.3469387755102041,0.42034313725490197,0.29894658214956177,0.4488357843137255,0.4421768707482993,0.26540587071675675,0.7248219485416888
responsive_vs_lor_all_phases,full_standard_plus_gcc,38,147,26,0.3469387755102041,0.522671568627451,0.34570976334910564,0.5193014705882353,0.5102040816326531,0.2556099162612612,0.7043201877509312
responsive_vs_lor_all_phases,full_standard_plus_gcc,39,147,26,0.3469387755102041,0.4595588235294118,0.3211227025374368,0.4736519607843137,0.46258503401360546,0.2649586381958349,0.7287713864112733
responsive_vs_lor_all_phases,full_standard_plus_gcc,40,147,26,0.3469387755102041,0.42075163398692805,0.316606766855567,0.44332107843137253,0.48299319727891155,0.271425927333558,0.7408355111632353
responsive_vs_lor_all_phases,full_standard_plus_gcc,41,147,26,0.3469387755102041,0.46017156862745096,0.3683269788022494,0.477328431372549,0.5034013605442177,0.26051155383278163,0.7151432430387034
responsive_vs_lor_all_phases,full_standard_plus_gcc,42,147,26,0.3469387755102041,0.4712009803921569,0.36810189571479773,0.47549019607843135,0.48299319727891155,0.26436603771757056,0.7269291521371543
responsive_vs_lor_all_phases,full_standard_plus_gcc,43,147,26,0.3469387755102041,0.44709967320261446,0.3108601649166038,0.48131127450980393,0.4965986394557823,0.270999911667975,0.7394278158036599
responsive_vs_lor_all_phases,full_standard_plus_gcc,44,147,26,0.3469387755102041,0.5100081699346406,0.3719004804701617,0.5309436274509804,0.5374149659863946,0.26265051970536424,0.7222529675700861
responsive_vs_lor_all_phases,full_standard_plus_gcc,45,147,26,0.3469387755102041,0.4225898692810458,0.3002905598439823,0.41605392156862747,0.43537414965986393,0.2704700571908405,0.7372308766638825
responsive_vs_lor_all_phases,full_standard_plus_gcc,46,147,26,0.3469387755102041,0.47630718954248363,0.32999181264213023,0.48192401960784315,0.5034013605442177,0.26142431471979477,0.7186189369903654
responsive_vs_lor_all_phases,full_standard_plus_gcc,47,147,26,0.3469387755102041,0.5788398692810457,0.41264663537233937,0.5588235294117647,0.5918367346938775,0.25206496297988074,0.7046496336284546
responsive_vs_lor_all_phases,full_standard_plus_gcc,48,147,26,0.3469387755102041,0.5049019607843137,0.3562185926402531,0.492953431372549,0.5238095238095238,0.26220391275539795,0.7236638311857256
responsive_vs_lor_all_phases,full_standard_plus_gcc,49,147,26,0.3469387755102041,0.517156862745098,0.34865495587970785,0.5487132352941176,0.5306122448979592,0.2612757755696034,0.7215983164841876
responsive_vs_lor_all_phases,full_standard_plus_gcc,50,147,26,0.3469387755102041,0.6554330065359477,0.487106332429025,0.6106004901960784,0.6054421768707483,0.23290016477786848,0.6589602739230747
responsive_vs_lor_all_phases,full_standard_plus_gcc,51,147,26,0.3469387755102041,0.5441176470588236,0.40476586616238425,0.5582107843137255,0.5850340136054422,0.25393358810816796,0.7028452060355098
responsive_vs_lor_all_phases,full_standard_plus_gcc,52,147,26,0.3469387755102041,0.4852941176470588,0.3301801735944585,0.4944852941176471,0.4897959183673469,0.26424644534923974,0.7234591422251673
responsive_vs_lor_all_phases,full_standard_plus_gcc,53,147,26,0.3469387755102041,0.4050245098039215,0.2914857668996445,0.41023284313725494,0.4217687074829932,0.2710658421531613,0.7369671901813007
responsive_vs_lor_all_phases,full_standard_plus_gcc,54,147,26,0.3469387755102041,0.6139705882352942,0.4722708967355903,0.560968137254902,0.564625850340136,0.24121912912488153,0.6764058742744525
responsive_vs_lor_all_phases,full_standard_plus_gcc,55,147,26,0.3469387755102041,0.46711601307189543,0.3191397541577673,0.4806985294117647,0.4897959183673469,0.2639940475612775,0.7254470247540747
responsive_vs_lor_all_phases,full_standard_plus_gcc,56,147,26,0.3469387755102041,0.41666666666666663,0.3045549303951121,0.43504901960784315,0.4421768707482993,0.2700449277416454,0.7352971015195622
responsive_vs_lor_all_phases,full_standard_plus_gcc,57,147,26,0.3469387755102041,0.4771241830065359,0.3264125768017506,0.46568627450980393,0.47619047619047616,0.2691511193388657,0.7376903212527252
responsive_vs_lor_all_phases,full_standard_plus_gcc,58,147,26,0.3469387755102041,0.5561683006535948,0.4052180847517144,0.5355392156862745,0.5374149659863946,0.2546799706286011,0.7079061556031253
responsive_vs_lor_all_phases,full_standard_plus_gcc,59,147,26,0.3469387755102041,0.5610702614379085,0.385905811417393,0.5199142156862745,0.5170068027210885,0.2526332051489289,0.6933767976920778
responsive_vs_lor_all_phases,full_standard_plus_gcc,60,147,26,0.3469387755102041,0.5216503267973855,0.363268262699058,0.5199142156862745,0.5170068027210885,0.2597259829721753,0.720760024371213
responsive_vs_lor_all_phases,full_standard_plus_gcc,61,147,26,0.3469387755102041,0.4087009803921569,0.2942771262895457,0.47549019607843135,0.48299319727891155,0.27239819579523483,0.7426555494371763
responsive_vs_lor_all_phases,full_standard_plus_gcc,62,147,26,0.3469387755102041,0.5267565359477124,0.35001307482116706,0.5401348039215687,0.5374149659863946,0.25509963092059423,0.7058629579545712
responsive_vs_lor_all_phases,full_standard_plus_gcc,63,147,26,0.3469387755102041,0.5147058823529411,0.36499706363255335,0.5061274509803921,0.5170068027210885,0.2563070715685871,0.7066002702900978
responsive_vs_lor_all_phases,full_standard_plus_gcc,64,147,26,0.3469387755102041,0.5843545751633987,0.41043544111449726,0.5805759803921569,0.5782312925170068,0.24673272481482028,0.6866145530755716
responsive_vs_lor_all_phases,full_standard_plus_gcc,65,147,26,0.3469387755102041,0.608047385620915,0.4793002763119667,0.5778186274509804,0.5986394557823129,0.24205763388056487,0.6820298791400905
responsive_vs_lor_all_phases,full_standard_plus_gcc,66,147,26,0.3469387755102041,0.46343954248366015,0.3444797613079803,0.4610906862745098,0.47619047619047616,0.26637758234839404,0.7282356872241431
responsive_vs_lor_all_phases,full_standard_plus_gcc,67,147,26,0.3469387755102041,0.5077614379084967,0.37560888718206187,0.5315563725490196,0.54421768707483,0.25833324726711016,0.7123360595920868
responsive_vs_lor_all_phases,full_standard_plus_gcc,68,147,26,0.3469387755102041,0.5671977124183006,0.41360883533991044,0.5505514705882353,0.5510204081632653,0.2510118317248709,0.6970522691343016
responsive_vs_lor_all_phases,full_standard_plus_gcc,69,147,26,0.3469387755102041,0.35008169934640526,0.2702747977546383,0.42922794117647056,0.42857142857142855,0.27324444890333843,0.7407729941367669
responsive_vs_lor_all_phases,full_standard_plus_gcc,70,147,26,0.3469387755102041,0.6141748366013072,0.42589472836500863,0.5603553921568627,0.5578231292517006,0.24646187971279093,0.6845022643973485
responsive_vs_lor_all_phases,full_standard_plus_gcc,71,147,26,0.3469387755102041,0.49734477124183,0.3507533789974474,0.5003063725490196,0.5034013605442177,0.26246080861659277,0.7226916750438107
responsive_vs_lor_all_phases,full_standard_plus_gcc,72,147,26,0.3469387755102041,0.43443627450980393,0.3371447839098676,0.47794117647058826,0.5102040816326531,0.2653659797391264,0.7252408312501454
responsive_vs_lor_all_phases,full_standard_plus_gcc,73,147,26,0.3469387755102041,0.44750816993464054,0.3368635197461607,0.49754901960784315,0.5238095238095238,0.2644662198028329,0.7254708591187286
responsive_vs_lor_all_phases,full_standard_plus_gcc,74,147,26,0.3469387755102041,0.49101307189542487,0.3536567005734495,0.47028186274509803,0.47619047619047616,0.2634029913797925,0.7218894224441299
responsive_vs_lor_all_phases,full_standard_plus_gcc,75,147,26,0.3469387755102041,0.41666666666666663,0.3044963152276061,0.4675245098039216,0.4965986394557823,0.26902721164083215,0.7363148676069822
responsive_vs_lor_all_phases,full_standard_plus_gcc,76,147,26,0.3469387755102041,0.5175653594771242,0.35710451230622364,0.5493259803921569,0.5374149659863946,0.2584052032846095,0.7135192477169426
responsive_vs_lor_all_phases,full_standard_plus_gcc,77,147,26,0.3469387755102041,0.5443218954248366,0.41073623635239714,0.5986519607843137,0.6258503401360545,0.2510408071757017,0.7012634244473884
responsive_vs_lor_all_phases,full_standard_plus_gcc,78,147,26,0.3469387755102041,0.48692810457516345,0.3647492305976854,0.4761029411764706,0.4897959183673469,0.26051028832090595,0.7160219602617631
responsive_vs_lor_all_phases,full_standard_plus_gcc,79,147,26,0.3469387755102041,0.4816176470588235,0.33682767906551603,0.4846813725490196,0.48299319727891155,0.2614500548909665,0.7172566116402899
responsive_vs_lor_all_phases,full_standard_plus_gcc,80,147,26,0.3469387755102041,0.37969771241830064,0.2867464501421074,0.41605392156862747,0.43537414965986393,0.27073220495394446,0.7367673138303454
responsive_vs_lor_all_phases,full_standard_plus_gcc,81,147,26,0.3469387755102041,0.6282679738562091,0.520726962390855,0.6096813725490196,0.6462585034013606,0.23243533006998915,0.6673048472715414
responsive_vs_lor_all_phases,full_standard_plus_gcc,82,147,26,0.3469387755102041,0.5876225490196079,0.38488742257163033,0.6256127450980392,0.6190476190476191,0.24936243452228335,0.6959661499731232
responsive_vs_lor_all_phases,full_standard_plus_gcc,83,147,26,0.3469387755102041,0.36723856209150324,0.28106232490141386,0.413296568627451,0.4557823129251701,0.2735060696281806,0.7432975420951305
responsive_vs_lor_all_phases,full_standard_plus_gcc,84,147,26,0.3469387755102041,0.36825980392156865,0.2813771843688611,0.40318627450980393,0.3945578231292517,0.2732487941467617,0.7417044294215557
responsive_vs_lor_all_phases,full_standard_plus_gcc,85,147,26,0.3469387755102041,0.5095996732026143,0.3688656886622841,0.5073529411764706,0.5306122448979592,0.26347815679104947,0.7255035302521148
responsive_vs_lor_all_phases,full_standard_plus_gcc,86,147,26,0.3469387755102041,0.4812091503267974,0.3598904138053092,0.5015318627450981,0.5170068027210885,0.2627092649037011,0.7232883713559143
responsive_vs_lor_all_phases,full_standard_plus_gcc,87,147,26,0.3469387755102041,0.43075980392156865,0.3061600348090751,0.4831495098039216,0.5170068027210885,0.27053290200463903,0.7379026535811919
responsive_vs_lor_all_phases,full_standard_plus_gcc,88,147,26,0.3469387755102041,0.5106209150326797,0.4175208371594918,0.5021446078431373,0.5238095238095238,0.2564404889445397,0.7067948335772493
responsive_vs_lor_all_phases,full_standard_plus_gcc,89,147,26,0.3469387755102041,0.5992647058823529,0.43663827875563443,0.5511642156862745,0.5578231292517006,0.2473064981595358,0.6956927119982486
responsive_vs_lor_all_phases,full_standard_plus_gcc,90,147,26,0.3469387755102041,0.588031045751634,0.4256302822747271,0.5818014705882353,0.5918367346938775,0.24767612666810573,0.6937960728546713
responsive_vs_lor_all_phases,full_standard_plus_gcc,91,147,26,0.3469387755102041,0.3776552287581699,0.2808466927145298,0.4083946078431373,0.4013605442176871,0.2701303520679745,0.7351930329822204
responsive_vs_lor_all_phases,full_standard_plus_gcc,92,147,26,0.3469387755102041,0.5531045751633987,0.4374982596003647,0.5315563725490196,0.54421768707483,0.250885399627367,0.6966926368187896
responsive_vs_lor_all_phases,full_standard_plus_gcc,93,147,26,0.3469387755102041,0.5759803921568627,0.3991488679512642,0.5303308823529411,0.5306122448979592,0.2502488939232498,0.6945338014255054
responsive_vs_lor_all_phases,full_standard_plus_gcc,94,147,26,0.3469387755102041,0.4946895424836601,0.3761764326929355,0.4923406862745098,0.5170068027210885,0.25746155143596705,0.7103821114451783
responsive_vs_lor_all_phases,full_standard_plus_gcc,95,147,26,0.3469387755102041,0.5874183006535947,0.45460756498375643,0.5986519607843137,0.6258503401360545,0.24626768959704573,0.691761679789623
responsive_vs_lor_all_phases,full_standard_plus_gcc,96,147,26,0.3469387755102041,0.3649918300653595,0.27393046514968855,0.4172794117647059,0.4489795918367347,0.2693112245154796,0.7330183815933018
responsive_vs_lor_all_phases,full_standard_plus_gcc,97,147,26,0.3469387755102041,0.5063316993464052,0.35861847995865925,0.5107230392156863,0.5170068027210885,0.26138093703800136,0.7205371824850205
responsive_vs_lor_all_phases,full_standard_plus_gcc,98,147,26,0.3469387755102041,0.4246323529411765,0.29815924606993205,0.467218137254902,0.4421768707482993,0.272589913113681,0.7419195435763017
responsive_vs_lor_all_phases,full_standard_plus_gcc,99,147,26,0.3469387755102041,0.3888888888888889,0.28502730351999306,0.41084558823529416,0.42857142857142855,0.26656446994173455,0.7278122765963444
responsive_vs_lor_all_phases,full_standard_plus_gcc,100,147,26,0.3469387755102041,0.5422794117647058,0.3764766625564241,0.5621936274509804,0.5782312925170068,0.2603763637599973,0.7202966415095485
prelor_vs_lor_task2,confounds_motion_propofol,1,50,25,0.5,0.3168,0.40302172495712546,0.42000000000000004,0.42,0.28594518401815383,0.7676479295669644
prelor_vs_lor_task2,confounds_motion_propofol,2,50,25,0.5,0.7183999999999999,0.7824520899919641,0.68,0.68,0.20539378151723145,0.6039645289336913
prelor_vs_lor_task2,confounds_motion_propofol,3,50,25,0.5,0.46399999999999997,0.44903801387412523,0.56,0.56,0.25642675166295226,0.7024238952816074
prelor_vs_lor_task2,confounds_motion_propofol,4,50,25,0.5,0.5584,0.5501151334037557,0.5800000000000001,0.58,0.2575499984129604,0.7139786292535035
prelor_vs_lor_task2,confounds_motion_propofol,5,50,25,0.5,0.09920000000000001,0.3334841393350457,0.2,0.2,0.29505630083500983,0.788274595861341
prelor_vs_lor_task2,confounds_motion_propofol,6,50,25,0.5,0.3216,0.4124272283763624,0.44,0.44,0.2832753990339736,0.7620444339019352
prelor_vs_lor_task2,confounds_motion_propofol,7,50,25,0.5,0.6752,0.6820386725605467,0.62,0.62,0.22974074979353534,0.6584748644117308
prelor_vs_lor_task2,confounds_motion_propofol,8,50,25,0.5,0.46399999999999997,0.4922609785066404,0.5,0.5,0.2714553627822163,0.7394440899612228
prelor_vs_lor_task2,confounds_motion_propofol,9,50,25,0.5,0.7328,0.7473459944592649,0.72,0.72,0.20447162673351849,0.5989040993280237
prelor_vs_lor_task2,confounds_motion_propofol,10,50,25,0.5,0.41600000000000004,0.44889498531382044,0.46,0.46,0.28595305246733194,0.7906236385693601
prelor_vs_lor_task2,confounds_motion_propofol,11,50,25,0.5,0.552,0.580163380339985,0.56,0.56,0.27212961006651226,0.765066205520077
prelor_vs_lor_task2,confounds_motion_propofol,12,50,25,0.5,0.4288,0.45830598675052936,0.48,0.48,0.28209997456306085,0.7724022419116281
prelor_vs_lor_task2,confounds_motion_propofol,13,50,25,0.5,0.6384,0.659062953080897,0.56,0.56,0.22651905674336759,0.6327812549122922
prelor_vs_lor_task2,confounds_motion_propofol,14,50,25,0.5,0.5024000000000001,0.5795820497775698,0.54,0.54,0.26404811333642114,0.7228867183912504
prelor_vs_lor_task2,confounds_motion_propofol,15,50,25,0.5,0.5056,0.49700257720909313,0.45999999999999996,0.46,0.25819649283464624,0.7088461986356401
prelor_vs_lor_task2,confounds_motion_propofol,16,50,25,0.5,0.42719999999999997,0.5307587544820123,0.38,0.38,0.26897364415883307,0.7313323070056663
prelor_vs_lor_task2,confounds_motion_propofol,17,50,25,0.5,0.2928,0.3915780713219121,0.33999999999999997,0.34,0.28223594029988314,0.7611616353308616
prelor_vs_lor_task2,confounds_motion_propofol,18,50,25,0.5,0.47840000000000005,0.49777408238112214,0.54,0.54,0.27870721492972,0.7617501817837576
prelor_vs_lor_task2,confounds_motion_propofol,19,50,25,0.5,0.5232,0.5004132221339068,0.5800000000000001,0.58,0.2700298074909763,0.7420632265854098
prelor_vs_lor_task2,confounds_motion_propofol,20,50,25,0.5,0.6848000000000001,0.6171191197359354,0.72,0.72,0.22333432588391275,0.6395883461384371
prelor_vs_lor_task2,confounds_motion_propofol,21,50,25,0.5,0.5296,0.5655921351876444,0.52,0.52,0.2606111525124563,0.7381175279666445
prelor_vs_lor_task2,confounds_motion_propofol,22,50,25,0.5,0.6095999999999999,0.615199369908047,0.6200000000000001,0.62,0.24471191541187914,0.6858472732082121
prelor_vs_lor_task2,confounds_motion_propofol,23,50,25,0.5,0.13119999999999998,0.3383653041283694,0.24,0.24,0.2928598499796185,0.7814083022574527
prelor_vs_lor_task2,confounds_motion_propofol,24,50,25,0.5,0.32480000000000003,0.4512106841053033,0.42,0.42,0.2807322841776404,0.7672315023950981
prelor_vs_lor_task2,confounds_motion_propofol,25,50,25,0.5,0.5024,0.5056330940513365,0.54,0.54,0.2649138914545115,0.726419490809901
prelor_vs_lor_task2,confounds_motion_propofol,26,50,25,0.5,0.448,0.489681391150294,0.48,0.48,0.27988098088776686,0.7692552757680022
prelor_vs_lor_task2,confounds_motion_propofol,27,50,25,0.5,0.36960000000000004,0.421425760629296,0.44,0.44,0.2778605488981322,0.7510206932347069
prelor_vs_lor_task2,confounds_motion_propofol,28,50,25,0.5,0.2864,0.38763949789552077,0.36,0.36,0.2869750893952378,0.7690188811595671
prelor_vs_lor_task2,confounds_motion_propofol,29,50,25,0.5,0.5264,0.5104082750468844,0.52,0.52,0.2703278313729237,0.7449183605350573
prelor_vs_lor_task2,confounds_motion_propofol,30,50,25,0.5,0.6976,0.6580018880915215,0.7,0.7,0.23569255759524257,0.6947397702565198
prelor_vs_lor_task2,confounds_motion_propofol,31,50,25,0.5,0.27040000000000003,0.3826537132527911,0.34,0.34,0.28849450442831764,0.7776075275606942
prelor_vs_lor_task2,confounds_motion_propofol,32,50,25,0.5,0.37439999999999996,0.41797766690545957,0.48,0.48,0.2830827981380511,0.7647776683162845
prelor_vs_lor_task2,confounds_motion_propofol,33,50,25,0.5,0.4064,0.4592528972810377,0.48,0.48,0.28097804562123224,0.7595471746480632
prelor_vs_lor_task2,confounds_motion_propofol,34,50,25,0.5,0.5296,0.6535086974419836,0.54,0.54,0.25051810864866514,0.6917160780743964
prelor_vs_lor_task2,confounds_motion_propofol,35,50,25,0.5,0.6688000000000001,0.6688310634813341,0.64,0.64,0.23809655167320326,0.6722000513197284
prelor_vs_lor_task2,confounds_motion_propofol,36,50,25,0.5,0.42719999999999997,0.5152911300492927,0.46,0.46,0.27112341619724417,0.7394302021500632
prelor_vs_lor_task2,confounds_motion_propofol,37,50,25,0.5,0.3488,0.4202216320037422,0.4,0.4,0.28793782574558086,0.7750535679448247
prelor_vs_lor_task2,confounds_motion_propofol,38,50,25,0.5,0.43520000000000003,0.45940948642110063,0.54,0.54,0.2802361591827847,0.7657823629657696
prelor_vs_lor_task2,confounds_motion_propofol,39,50,25,0.5,0.5424,0.5348846787275261,0.52,0.52,0.24912013681881348,0.6848986301161211
prelor_vs_lor_task2,confounds_motion_propofol,40,50,25,0.5,0.4352,0.45143456893085127,0.52,0.52,0.28551861203726886,0.7748480775793842
prelor_vs_lor_task2,confounds_motion_propofol,41,50,25,0.5,0.3968,0.4423058933147994,0.42,0.42,0.27817501497312375,0.753636226495758
prelor_vs_lor_task2,confounds_motion_propofol,42,50,25,0.5,0.48160000000000003,0.4673591211291813,0.56,0.56,0.268051552701023,0.7341639842773092
prelor_vs_lor_task2,confounds_motion_propofol,43,50,25,0.5,0.5168,0.5615835558393584,0.56,0.56,0.2627528593129204,0.730259388958112
prelor_vs_lor_task2,confounds_motion_propofol,44,50,25,0.5,0.5168,0.4799322519767252,0.66,0.66,0.25201158619148234,0.6982329374868407
prelor_vs_lor_task2,confounds_motion_propofol,45,50,25,0.5,0.5072,0.5095784358337414,0.54,0.54,0.2718387123382263,0.7472572228363431
prelor_vs_lor_task2,confounds_motion_propofol,46,50,25,0.5,0.14400000000000002,0.3465072414785841,0.18,0.18,0.29056433594286474,0.7762536933032365
prelor_vs_lor_task2,confounds_motion_propofol,47,50,25,0.5,0.5264,0.5770181273791273,0.46,0.46,0.267072968868521,0.7368880824182866
prelor_vs_lor_task2,confounds_motion_propofol,48,50,25,0.5,0.48160000000000003,0.5235452902345337,0.54,0.54,0.272903131216531,0.7439699153386273
prelor_vs_lor_task2,confounds_motion_propofol,49,50,25,0.5,0.38880000000000003,0.45553099545657627,0.45999999999999996,0.46,0.2849946313746081,0.7753231292003839
prelor_vs_lor_task2,confounds_motion_propofol,50,50,25,0.5,0.35840000000000005,0.43615539146750987,0.48,0.48,0.2838885924420558,0.7637620785464493
prelor_vs_lor_task2,confounds_motion_propofol,51,50,25,0.5,0.23359999999999997,0.3704340263399445,0.36,0.36,0.28808389198739165,0.7766627453748756
prelor_vs_lor_task2,confounds_motion_propofol,52,50,25,0.5,0.7552,0.7571314299735352,0.72,0.72,0.2053120331736201,0.6420559842307374
prelor_vs_lor_task2,confounds_motion_propofol,53,50,25,0.5,0.6016,0.595667990262229,0.6000000000000001,0.6,0.25088278201900344,0.7110828564008078
prelor_vs_lor_task2,confounds_motion_propofol,54,50,25,0.5,0.48960000000000004,0.5147885160725633,0.48,0.48,0.260033726465388,0.71261922702625
prelor_vs_lor_task2,confounds_motion_propofol,55,50,25,0.5,0.5616,0.5106283724160143,0.6,0.6,0.269719026693495,0.7507694902453567
prelor_vs_lor_task2,confounds_motion_propofol,56,50,25,0.5,0.4544,0.48052562909483576,0.48,0.48,0.27212295088877675,0.7421299861508384
prelor_vs_lor_task2,confounds_motion_propofol,57,50,25,0.5,0.1968,0.35668571918085024,0.30000000000000004,0.3,0.29015286038271326,0.7758767482770415
prelor_vs_lor_task2,confounds_motion_propofol,58,50,25,0.5,0.6255999999999999,0.607124661978546,0.66,0.66,0.24336383611847542,0.6851735500855703
prelor_vs_lor_task2,confounds_motion_propofol,59,50,25,0.5,0.5536000000000001,0.5847108359521679,0.6,0.6,0.257143413266419,0.7183095663383352
prelor_vs_lor_task2,confounds_motion_propofol,60,50,25,0.5,0.4,0.4611721228800389,0.54,0.54,0.28794370580820744,0.7764543574906675
prelor_vs_lor_task2,confounds_motion_propofol,61,50,25,0.5,0.47200000000000003,0.4737991445048337,0.54,0.54,0.2761863464577944,0.7552265056406751
prelor_vs_lor_task2,confounds_motion_propofol,62,50,25,0.5,0.6032,0.5849676874659111,0.62,0.62,0.2530211633569208,0.7096013070532681
prelor_vs_lor_task2,confounds_motion_propofol,63,50,25,0.5,0.5296,0.530623657245734,0.5800000000000001,0.58,0.26351811709033157,0.725716340016061
prelor_vs_lor_task2,confounds_motion_propofol,64,50,25,0.5,0.3888,0.42649997253116956,0.44,0.44,0.28030370267088495,0.7752798434476239
prelor_vs_lor_task2,confounds_motion_propofol,65,50,25,0.5,0.28,0.3812569086404445,0.34,0.34,0.2824730792272771,0.7595912617174924
prelor_vs_lor_task2,confounds_motion_propofol,66,50,25,0.5,0.4768,0.48297502915734847,0.5,0.5,0.271156037086259,0.7400582596079335
prelor_vs_lor_task2,confounds_motion_propofol,67,50,25,0.5,0.5792,0.5411353081231265,0.6000000000000001,0.6,0.25762109373497166,0.7268936796380242
prelor_vs_lor_task2,confounds_motion_propofol,68,50,25,0.5,0.12160000000000001,0.3363263017792175,0.26,0.26,0.29321963376883325,0.7839470445200982
prelor_vs_lor_task2,confounds_motion_propofol,69,50,25,0.5,0.5264,0.5855361494989433,0.5800000000000001,0.58,0.2536609670212251,0.7068044733115698
prelor_vs_lor_task2,confounds_motion_propofol,70,50,25,0.5,0.5840000000000001,0.6170581527660615,0.56,0.56,0.2510967404346586,0.6999684635137677
prelor_vs_lor_task2,confounds_motion_propofol,71,50,25,0.5,0.52,0.5073648252290991,0.46,0.46,0.2683650012830189,0.7383735624815573
prelor_vs_lor_task2,confounds_motion_propofol,72,50,25,0.5,0.6112,0.6598540269692618,0.72,0.72,0.2511084100249986,0.7330373464464164
prelor_vs_lor_task2,confounds_motion_propofol,73,50,25,0.5,0.4832,0.4843691054801327,0.4,0.4,0.2628334252932425,0.7189945896227696
prelor_vs_lor_task2,confounds_motion_propofol,74,50,25,0.5,0.49439999999999995,0.4916006462333341,0.56,0.56,0.26753345742420076,0.7380854927020825
prelor_vs_lor_task2,confounds_motion_propofol,75,50,25,0.5,0.392,0.4690717231161529,0.38,0.38,0.2779010986014389,0.7560021309653198
prelor_vs_lor_task2,confounds_motion_propofol,76,50,25,0.5,0.6144000000000001,0.6015596797114063,0.62,0.62,0.25461868651867214,0.7207892042754521
prelor_vs_lor_task2,confounds_motion_propofol,77,50,25,0.5,0.8368,0.8291816897196058,0.78,0.78,0.15785901617818066,0.480855249678941
prelor_vs_lor_task2,confounds_motion_propofol,78,50,25,0.5,0.3024,0.38726307392571985,0.36,0.36,0.2876838679125091,0.7732609113483971
prelor_vs_lor_task2,confounds_motion_propofol,79,50,25,0.5,0.7424,0.714019361260405,0.72,0.72,0.20567168520011778,0.6130359123325944
prelor_vs_lor_task2,confounds_motion_propofol,80,50,25,0.5,0.4944,0.48384279425160637,0.48,0.48,0.2679031569354719,0.7354636310863029
prelor_vs_lor_task2,confounds_motion_propofol,81,50,25,0.5,0.5456000000000001,0.5594544654079675,0.62,0.62,0.2698585113254871,0.7470239134714977
prelor_vs_lor_task2,confounds_motion_propofol,82,50,25,0.5,0.7504000000000001,0.7281185158551136,0.74,0.74,0.19849837608657409,0.5868074996089813
prelor_vs_lor_task2,confounds_motion_propofol,83,50,25,0.5,0.5744,0.5479364987794608,0.62,0.62,0.25959640344432594,0.7217824690122399
prelor_vs_lor_task2,confounds_motion_propofol,84,50,25,0.5,0.3168,0.4063356248975333,0.33999999999999997,0.34,0.2879338774203562,0.776697096972644
prelor_vs_lor_task2,confounds_motion_propofol,85,50,25,0.5,0.2304,0.36733679013383813,0.33999999999999997,0.34,0.2861263862165348,0.7677831395345338
prelor_vs_lor_task2,confounds_motion_propofol,86,50,25,0.5,0.4368,0.4707728540428056,0.45999999999999996,0.46,0.27874703770724685,0.7589710261070911
prelor_vs_lor_task2,confounds_motion_propofol,87,50,25,0.5,0.4384000000000001,0.45846191885393034,0.52,0.52,0.2822701787776104,0.7641331806400561
prelor_vs_lor_task2,confounds_motion_propofol,88,50,25,0.5,0.34400000000000003,0.40420924263351954,0.4,0.4,0.2781403753178025,0.7558538079811571
prelor_vs_lor_task2,confounds_motion_propofol,89,50,25,0.5,0.6032000000000001,0.6978040880973884,0.54,0.54,0.2532650835443897,0.7120776247297386
prelor_vs_lor_task2,confounds_motion_propofol,90,50,25,0.5,0.5680000000000001,0.5430717692036793,0.68,0.68,0.25764616479179425,0.7287711845756835
prelor_vs_lor_task2,confounds_motion_propofol,91,50,25,0.5,0.3392,0.4077874305444192,0.36,0.36,0.281901073973568,0.7605768650598399
prelor_vs_lor_task2,confounds_motion_propofol,92,50,25,0.5,0.3488,0.4449887442590562,0.4,0.4,0.28310627186881354,0.7663239281809802
prelor_vs_lor_task2,confounds_motion_propofol,93,50,25,0.5,0.5327999999999999,0.6211181780278403,0.54,0.54,0.2491904788048371,0.6886813209465916
prelor_vs_lor_task2,confounds_motion_propofol,94,50,25,0.5,0.4512,0.5150364783507184,0.48,0.48,0.26852340851061257,0.7388981194322232
prelor_vs_lor_task2,confounds_motion_propofol,95,50,25,0.5,0.5631999999999999,0.5996031399266464,0.5800000000000001,0.58,0.25930944621561536,0.7204172311529662
prelor_vs_lor_task2,confounds_motion_propofol,96,50,25,0.5,0.6352000000000001,0.5926817059891455,0.5800000000000001,0.58,0.24128459316032422,0.6799465163071099
prelor_vs_lor_task2,confounds_motion_propofol,97,50,25,0.5,0.4416,0.49720370725190005,0.5,0.5,0.27524727124427895,0.7475572490346092
prelor_vs_lor_task2,confounds_motion_propofol,98,50,25,0.5,0.488,0.5418210719295216,0.52,0.52,0.26527574119690056,0.7297431834056092
prelor_vs_lor_task2,confounds_motion_propofol,99,50,25,0.5,0.6095999999999999,0.61412276785818,0.5800000000000001,0.58,0.24493837885617784,0.6806796489254445
prelor_vs_lor_task2,confounds_motion_propofol,100,50,25,0.5,0.3888,0.4387448948930795,0.38,0.38,0.2795918872075296,0.7596133483650691
prelor_vs_lor_task2,standard_fc_plus_confounds,1,50,25,0.5,0.784,0.7991684457696596,0.76,0.76,0.18277772654808572,0.5518273019378703
prelor_vs_lor_task2,standard_fc_plus_confounds,2,50,25,0.5,0.6448,0.6039056698496457,0.7,0.7,0.2308317674090488,0.684468359912112
prelor_vs_lor_task2,standard_fc_plus_confounds,3,50,25,0.5,0.3888,0.4516274307091629,0.38,0.38,0.2903128587165113,0.7890703038636588
prelor_vs_lor_task2,standard_fc_plus_confounds,4,50,25,0.5,0.40800000000000003,0.45848215552123345,0.4,0.4,0.2849096850796625,0.7712804120479555
prelor_vs_lor_task2,standard_fc_plus_confounds,5,50,25,0.5,0.5584,0.5919719928475166,0.62,0.62,0.2711213769365526,0.7536821425273679
prelor_vs_lor_task2,standard_fc_plus_confounds,6,50,25,0.5,0.3104,0.39458737439352315,0.38,0.38,0.3065727899771875,0.8309121425438952
prelor_vs_lor_task2,standard_fc_plus_confounds,7,50,25,0.5,0.6704000000000001,0.622212764362283,0.7,0.7,0.23835365161816344,0.6969937042778094
prelor_vs_lor_task2,standard_fc_plus_confounds,8,50,25,0.5,0.34720000000000006,0.44094079463148045,0.38,0.38,0.2942835614742855,0.7870227292953887
prelor_vs_lor_task2,standard_fc_plus_confounds,9,50,25,0.5,0.5760000000000001,0.5868585362699492,0.5800000000000001,0.58,0.260606090444895,0.7511099951212202
prelor_vs_lor_task2,standard_fc_plus_confounds,10,50,25,0.5,0.46080000000000004,0.46733576905793756,0.54,0.54,0.27819951690486233,0.7648266517987946
prelor_vs_lor_task2,standard_fc_plus_confounds,11,50,25,0.5,0.6144000000000001,0.5875670058238998,0.6200000000000001,0.62,0.25526947571811726,0.7233638719399939
prelor_vs_lor_task2,standard_fc_plus_confounds,12,50,25,0.5,0.5376,0.5898803416550442,0.56,0.56,0.26472390972349674,0.7418267675381103
prelor_vs_lor_task2,standard_fc_plus_confounds,13,50,25,0.5,0.4016,0.506903374900605,0.42000000000000004,0.42,0.2900665668257374,0.7799134081513452
prelor_vs_lor_task2,standard_fc_plus_confounds,14,50,25,0.5,0.56,0.5488445450206885,0.5800000000000001,0.58,0.2596657545526332,0.7495748481294998
prelor_vs_lor_task2,standard_fc_plus_confounds,15,50,25,0.5,0.5488,0.5881489169383276,0.5800000000000001,0.58,0.26608620784453946,0.7416523686905346
prelor_vs_lor_task2,standard_fc_plus_confounds,16,50,25,0.5,0.4544,0.4552490848003352,0.48000000000000004,0.48,0.2774839721835984,0.7590430131015247
prelor_vs_lor_task2,standard_fc_plus_confounds,17,50,25,0.5,0.5024000000000001,0.5249870538832777,0.5,0.5,0.271889711423956,0.7569519704671968
prelor_vs_lor_task2,standard_fc_plus_confounds,18,50,25,0.5,0.5696,0.5645552991069654,0.66,0.66,0.26141884035781365,0.7428645533680569
prelor_vs_lor_task2,standard_fc_plus_confounds,19,50,25,0.5,0.39679999999999993,0.5345820192520994,0.44000000000000006,0.44,0.277622929373952,0.7516816836249631
prelor_vs_lor_task2,standard_fc_plus_confounds,20,50,25,0.5,0.3088000000000001,0.4316572192460623,0.32,0.32,0.29462523305052407,0.7880649003998387
prelor_vs_lor_task2,standard_fc_plus_confounds,21,50,25,0.5,0.5776,0.5842126672973776,0.64,0.64,0.2617167546662446,0.7319143443771349
prelor_vs_lor_task2,standard_fc_plus_confounds,22,50,25,0.5,0.49279999999999996,0.574213321502446,0.54,0.54,0.27580955179346117,0.7507805431308948
prelor_vs_lor_task2,standard_fc_plus_confounds,23,50,25,0.5,0.64,0.6911106712154427,0.64,0.64,0.24151981691024565,0.691604740075681
prelor_vs_lor_task2,standard_fc_plus_confounds,24,50,25,0.5,0.5504,0.535000831935722,0.54,0.54,0.27244001272738116,0.7650776156619233
prelor_vs_lor_task2,standard_fc_plus_confounds,25,50,25,0.5,0.5568,0.5676998565146903,0.5,0.5,0.27119974460616725,0.7571886382299958
prelor_vs_lor_task2,standard_fc_plus_confounds,26,50,25,0.5,0.6416,0.583687431741104,0.68,0.68,0.25049426995558655,0.7377352520195494
prelor_vs_lor_task2,standard_fc_plus_confounds,27,50,25,0.5,0.48160000000000003,0.5163131834460549,0.5,0.5,0.2898098562404128,0.8116025143143354
prelor_vs_lor_task2,standard_fc_plus_confounds,28,50,25,0.5,0.6256,0.6039988270521923,0.64,0.64,0.2462132365782892,0.6943850769060819
prelor_vs_lor_task2,standard_fc_plus_confounds,29,50,25,0.5,0.46879999999999994,0.4774689733667479,0.52,0.52,0.28793948855051477,0.7891216815354192
prelor_vs_lor_task2,standard_fc_plus_confounds,30,50,25,0.5,0.544,0.533020044212525,0.62,0.62,0.27764260039466554,0.7786522924171203
prelor_vs_lor_task2,standard_fc_plus_confounds,31,50,25,0.5,0.5087999999999999,0.536588091308519,0.48,0.48,0.27489062110261825,0.7552768228388373
prelor_vs_lor_task2,standard_fc_plus_confounds,32,50,25,0.5,0.4304,0.4462669944900136,0.52,0.52,0.2874338353368608,0.7772922996689724
prelor_vs_lor_task2,standard_fc_plus_confounds,33,50,25,0.5,0.5408000000000001,0.5657494700061902,0.56,0.56,0.2687304297055318,0.7432920853933018
prelor_vs_lor_task2,standard_fc_plus_confounds,34,50,25,0.5,0.3824,0.4958411030865693,0.4,0.4,0.28932089082478163,0.7840303275564101
prelor_vs_lor_task2,standard_fc_plus_confounds,35,50,25,0.5,0.5216000000000001,0.5245174178003063,0.5,0.5,0.2769142525012304,0.7686790516114668
prelor_vs_lor_task2,standard_fc_plus_confounds,36,50,25,0.5,0.5824,0.6463826257238175,0.54,0.54,0.2537001342836315,0.7125188829576288
prelor_vs_lor_task2,standard_fc_plus_confounds,37,50,25,0.5,0.5056,0.4934151575334381,0.46,0.46,0.2690530979187808,0.7303799570083546
prelor_vs_lor_task2,standard_fc_plus_confounds,38,50,25,0.5,0.47679999999999995,0.49957755204645954,0.56,0.56,0.27996943500609933,0.7614239560874758
prelor_vs_lor_task2,standard_fc_plus_confounds,39,50,25,0.5,0.5184,0.5343765056456339,0.52,0.52,0.2668294311007621,0.742663775637773
prelor_vs_lor_task2,standard_fc_plus_confounds,40,50,25,0.5,0.3152,0.4278791588012322,0.36,0.36,0.30027596558884845,0.8015636335337922
prelor_vs_lor_task2,standard_fc_plus_confounds,41,50,25,0.5,0.4192,0.4837628990077426,0.44,0.44,0.28678414809935654,0.785952146734941
prelor_vs_lor_task2,standard_fc_plus_confounds,42,50,25,0.5,0.5392,0.550182237753643,0.48000000000000004,0.48,0.2618193192476505,0.7184374087414211
prelor_vs_lor_task2,standard_fc_plus_confounds,43,50,25,0.5,0.41600000000000004,0.4766336530096955,0.45999999999999996,0.46,0.29287395830840146,0.7948345316502626
prelor_vs_lor_task2,standard_fc_plus_confounds,44,50,25,0.5,0.4528,0.4682473920065404,0.52,0.52,0.2892339875995572,0.7925400495067639
prelor_vs_lor_task2,standard_fc_plus_confounds,45,50,25,0.5,0.45599999999999996,0.4785620833981974,0.56,0.56,0.2837498518314785,0.771779230607741
prelor_vs_lor_task2,standard_fc_plus_confounds,46,50,25,0.5,0.32480000000000003,0.40475348857058174,0.36,0.36,0.2971100186439126,0.7951969077658337
prelor_vs_lor_task2,standard_fc_plus_confounds,47,50,25,0.5,0.488,0.5245716788198722,0.5,0.5,0.27314701258326707,0.7489071766244432
prelor_vs_lor_task2,standard_fc_plus_confounds,48,50,25,0.5,0.1568,0.34548961256697647,0.30000000000000004,0.3,0.31391256606766443,0.8349251500929411
prelor_vs_lor_task2,standard_fc_plus_confounds,49,50,25,0.5,0.5504,0.5784676786577673,0.56,0.56,0.27415929319108845,0.76354407338616
prelor_vs_lor_task2,standard_fc_plus_confounds,50,50,25,0.5,0.6224000000000001,0.6095656999332699,0.5800000000000001,0.58,0.25183564782671714,0.7190712696440774
prelor_vs_lor_task2,standard_fc_plus_confounds,51,50,25,0.5,0.3712,0.4262898979933095,0.42000000000000004,0.42,0.2938458780480207,0.7939320061163773
prelor_vs_lor_task2,standard_fc_plus_confounds,52,50,25,0.5,0.688,0.7496059619830735,0.6799999999999999,0.68,0.23105201899285535,0.6871342393222318
prelor_vs_lor_task2,standard_fc_plus_confounds,53,50,25,0.5,0.584,0.5816528702185211,0.56,0.56,0.2602351079084952,0.7329385788498883
prelor_vs_lor_task2,standard_fc_plus_confounds,54,50,25,0.5,0.6864,0.7271808826944394,0.72,0.72,0.22139297318873097,0.6542750900538072
prelor_vs_lor_task2,standard_fc_plus_confounds,55,50,25,0.5,0.3648,0.44172025581639285,0.38,0.38,0.2923492009486372,0.8232729847935663
prelor_vs_lor_task2,standard_fc_plus_confounds,56,50,25,0.5,0.5648,0.5546962008976342,0.5800000000000001,0.58,0.2518338214595059,0.6921760060947387
prelor_vs_lor_task2,standard_fc_plus_confounds,57,50,25,0.5,0.3984,0.4589409739732898,0.38,0.38,0.28471511664314875,0.7825698684993996
prelor_vs_lor_task2,standard_fc_plus_confounds,58,50,25,0.5,0.5472,0.5635471050860642,0.56,0.56,0.26603338930293774,0.7382805249284232
prelor_vs_lor_task2,standard_fc_plus_confounds,59,50,25,0.5,0.46719999999999995,0.5006714458995827,0.46,0.46,0.28268975337753743,0.7655809218833889
prelor_vs_lor_task2,standard_fc_plus_confounds,60,50,25,0.5,0.5776,0.6424477450079192,0.48,0.48,0.2577622823972229,0.7085517277679501
prelor_vs_lor_task2,standard_fc_plus_confounds,61,50,25,0.5,0.48,0.4843868138222407,0.56,0.56,0.28334209562733903,0.7752303697562689
prelor_vs_lor_task2,standard_fc_plus_confounds,62,50,25,0.5,0.44480000000000003,0.49726724255073684,0.48,0.48,0.29716946109863634,0.8097753302565733
prelor_vs_lor_task2,standard_fc_plus_confounds,63,50,25,0.5,0.5104,0.5382718859011436,0.44,0.44,0.26969035047893336,0.7366020792824589
prelor_vs_lor_task2,standard_fc_plus_confounds,64,50,25,0.5,0.376,0.4819340215508147,0.46,0.46,0.2869862810512708,0.7736307493653571
prelor_vs_lor_task2,standard_fc_plus_confounds,65,50,25,0.5,0.6016,0.6050382360698423,0.54,0.54,0.2507268016354558,0.707114818377734
prelor_vs_lor_task2,standard_fc_plus_confounds,66,50,25,0.5,0.48000000000000004,0.4877588482897696,0.5,0.5,0.28163446610534093,0.7868832884530756
prelor_vs_lor_task2,standard_fc_plus_confounds,67,50,25,0.5,0.2384,0.4014621283196271,0.32,0.32,0.30760820831868435,0.8139143877830094
prelor_vs_lor_task2,standard_fc_plus_confounds,68,50,25,0.5,0.4368,0.45200639503502416,0.44,0.44,0.27694519142511054,0.7481033828186594
prelor_vs_lor_task2,standard_fc_plus_confounds,69,50,25,0.5,0.6224,0.5707532167412259,0.5800000000000001,0.58,0.24484848151969182,0.6865822108604663
prelor_vs_lor_task2,standard_fc_plus_confounds,70,50,25,0.5,0.3728,0.427873152990476,0.38,0.38,0.2910940780089144,0.7834712716157939
prelor_vs_lor_task2,standard_fc_plus_confounds,71,50,25,0.5,0.4752,0.4835644300782358,0.44,0.44,0.27977031795868945,0.7708629775874701
prelor_vs_lor_task2,standard_fc_plus_confounds,72,50,25,0.5,0.2448,0.37306514515278855,0.33999999999999997,0.34,0.30182399855535097,0.8018498036577606
prelor_vs_lor_task2,standard_fc_plus_confounds,73,50,25,0.5,0.6304000000000001,0.608210372376303,0.54,0.54,0.2479531754503088,0.6947348526645858
prelor_vs_lor_task2,standard_fc_plus_confounds,74,50,25,0.5,0.496,0.5021064959016119,0.45999999999999996,0.46,0.2720731181426683,0.7425380485540733
prelor_vs_lor_task2,standard_fc_plus_confounds,75,50,25,0.5,0.7104,0.7068831842846901,0.7,0.7,0.213973695711529,0.625774502026418
prelor_vs_lor_task2,standard_fc_plus_confounds,76,50,25,0.5,0.19679999999999997,0.37019320812112894,0.28,0.28,0.3085066155480492,0.8306442881590013
prelor_vs_lor_task2,standard_fc_plus_confounds,77,50,25,0.5,0.5664,0.601381244123042,0.54,0.54,0.2653826750024964,0.7397966603973642
prelor_vs_lor_task2,standard_fc_plus_confounds,78,50,25,0.5,0.43840000000000007,0.5280979334217375,0.4,0.4,0.2823157553968937,0.7660704091263097
prelor_vs_lor_task2,standard_fc_plus_confounds,79,50,25,0.5,0.42879999999999996,0.4632358264746769,0.5,0.5,0.2929185652809146,0.8074713971244268
prelor_vs_lor_task2,standard_fc_plus_confounds,80,50,25,0.5,0.624,0.6091011211577366,0.62,0.62,0.2529990872460209,0.7110166250914645
prelor_vs_lor_task2,standard_fc_plus_confounds,81,50,25,0.5,0.44800000000000006,0.49819391495174764,0.44,0.44,0.28663517622035956,0.7784640496682107
prelor_vs_lor_task2,standard_fc_plus_confounds,82,50,25,0.5,0.5408,0.5134138521802971,0.56,0.56,0.27089643465770225,0.7558813404212573
prelor_vs_lor_task2,standard_fc_plus_confounds,83,50,25,0.5,0.592,0.530662750024361,0.56,0.56,0.26191085564907707,0.7448473902662657
prelor_vs_lor_task2,standard_fc_plus_confounds,84,50,25,0.5,0.4464,0.48171514165890517,0.44,0.44,0.27630043398806836,0.7523147848509661
prelor_vs_lor_task2,standard_fc_plus_confounds,85,50,25,0.5,0.5904,0.5609513078318192,0.6,0.6,0.25751157214354636,0.7171436183652825
prelor_vs_lor_task2,standard_fc_plus_confounds,86,50,25,0.5,0.36,0.4115962012610458,0.42000000000000004,0.42,0.2818015133266392,0.754659631801932
prelor_vs_lor_task2,standard_fc_plus_confounds,87,50,25,0.5,0.5983999999999999,0.5885537720259314,0.56,0.56,0.2512532264656951,0.6989349834707723
prelor_vs_lor_task2,standard_fc_plus_confounds,88,50,25,0.5,0.6448,0.6549150913276112,0.62,0.62,0.24153317189282741,0.6819176369633325
prelor_vs_lor_task2,standard_fc_plus_confounds,89,50,25,0.5,0.4464,0.4599185570982318,0.48,0.48,0.2798836218446256,0.7577258936690106
prelor_vs_lor_task2,standard_fc_plus_confounds,90,50,25,0.5,0.52,0.6023194821486939,0.5,0.5,0.2685858844615099,0.7423161064135965
prelor_vs_lor_task2,standard_fc_plus_confounds,91,50,25,0.5,0.5424,0.5450592650010911,0.52,0.52,0.2605731456739763,0.7237674769399114
prelor_vs_lor_task2,standard_fc_plus_confounds,92,50,25,0.5,0.5728,0.6564357895408612,0.5800000000000001,0.58,0.2551885655387771,0.7057207099442705
prelor_vs_lor_task2,standard_fc_plus_confounds,93,50,25,0.5,0.6144,0.6509588670176907,0.6,0.6,0.2533247034081693,0.7086926321122837
prelor_vs_lor_task2,standard_fc_plus_confounds,94,50,25,0.5,0.5983999999999999,0.5740147672637852,0.6799999999999999,0.68,0.25795001525678396,0.7368387765342093
prelor_vs_lor_task2,standard_fc_plus_confounds,95,50,25,0.5,0.656,0.5973479166883655,0.6799999999999999,0.68,0.23109487965585856,0.6630161654888305
prelor_vs_lor_task2,standard_fc_plus_confounds,96,50,25,0.5,0.6256,0.6778419565425509,0.56,0.56,0.24751574327989778,0.6908398807654936
prelor_vs_lor_task2,standard_fc_plus_confounds,97,50,25,0.5,0.5456,0.5459634706445717,0.5800000000000001,0.58,0.2646009798834295,0.7465078753843702
prelor_vs_lor_task2,standard_fc_plus_confounds,98,50,25,0.5,0.5712000000000002,0.6248026086440446,0.5,0.5,0.26456856920699967,0.7554752906431331
prelor_vs_lor_task2,standard_fc_plus_confounds,99,50,25,0.5,0.4496,0.46608914752251585,0.52,0.52,0.29138795735751866,0.7958155640566215
prelor_vs_lor_task2,standard_fc_plus_confounds,100,50,25,0.5,0.34720000000000006,0.40802114589219773,0.36,0.36,0.2953598285548144,0.7909020979046721
prelor_vs_lor_task2,gcc_core_plus_confounds,1,50,25,0.5,0.5456,0.6161394418407852,0.54,0.54,0.2568611303557118,0.7077364524096218
prelor_vs_lor_task2,gcc_core_plus_confounds,2,50,25,0.5,0.3248,0.39687160765255797,0.4,0.4,0.3042062082856857,0.8162218413967623
prelor_vs_lor_task2,gcc_core_plus_confounds,3,50,25,0.5,0.6175999999999999,0.5739646501376079,0.72,0.72,0.2515609858911861,0.7437745388133247
prelor_vs_lor_task2,gcc_core_plus_confounds,4,50,25,0.5,0.52,0.527449806266535,0.56,0.56,0.2718661707005562,0.7556870717035692
prelor_vs_lor_task2,gcc_core_plus_confounds,5,50,25,0.5,0.48800000000000004,0.4687677749730328,0.5800000000000001,0.58,0.2754679114620073,0.7509857214155236
prelor_vs_lor_task2,gcc_core_plus_confounds,6,50,25,0.5,0.2656,0.37662856070359085,0.36,0.36,0.30864573744364815,0.8217816692474872
prelor_vs_lor_task2,gcc_core_plus_confounds,7,50,25,0.5,0.5648,0.5583767028084581,0.52,0.52,0.26966921671020005,0.7505638485534576
prelor_vs_lor_task2,gcc_core_plus_confounds,8,50,25,0.5,0.4464,0.487342869092517,0.48,0.48,0.2850639301646743,0.7768290702625944
prelor_vs_lor_task2,gcc_core_plus_confounds,9,50,25,0.5,0.4224,0.43693077540907016,0.48,0.48,0.2926784814649752,0.7929176312788974
prelor_vs_lor_task2,gcc_core_plus_confounds,10,50,25,0.5,0.512,0.5099143590173293,0.52,0.52,0.2759848381198173,0.7573023263212687
prelor_vs_lor_task2,gcc_core_plus_confounds,11,50,25,0.5,0.3615999999999999,0.41053095818371677,0.42000000000000004,0.42,0.29083692534385563,0.8111441017471054
prelor_vs_lor_task2,gcc_core_plus_confounds,12,50,25,0.5,0.5920000000000001,0.6005345829197212,0.64,0.64,0.26261114196625845,0.7635696598756632
prelor_vs_lor_task2,gcc_core_plus_confounds,13,50,25,0.5,0.45599999999999996,0.46269106554238965,0.52,0.52,0.28961894092622664,0.7892480736780207
prelor_vs_lor_task2,gcc_core_plus_confounds,14,50,25,0.5,0.48319999999999996,0.4943003302611581,0.54,0.54,0.2846924178984152,0.7846883784395341
prelor_vs_lor_task2,gcc_core_plus_confounds,15,50,25,0.5,0.3856,0.42695652609646867,0.46,0.46,0.30157180100360303,0.8086781986970046
prelor_vs_lor_task2,gcc_core_plus_confounds,16,50,25,0.5,0.3712,0.4472513295753999,0.44,0.44,0.2958453770186301,0.7913748580801352
prelor_vs_lor_task2,gcc_core_plus_confounds,17,50,25,0.5,0.5536,0.5770545721267343,0.56,0.56,0.26756003796462724,0.7369441584702581
prelor_vs_lor_task2,gcc_core_plus_confounds,18,50,25,0.5,0.5087999999999999,0.517795233831824,0.52,0.52,0.27357961530567754,0.7520046378732586
prelor_vs_lor_task2,gcc_core_plus_confounds,19,50,25,0.5,0.496,0.46731819920092255,0.62,0.62,0.27198099786582863,0.7474747605663549
prelor_vs_lor_task2,gcc_core_plus_confounds,20,50,25,0.5,0.3664,0.4298841810396891,0.54,0.54,0.29860662337664207,0.8032838646954364
prelor_vs_lor_task2,gcc_core_plus_confounds,21,50,25,0.5,0.368,0.4360580535681662,0.48,0.48,0.2970441880180683,0.7995677198202251
prelor_vs_lor_task2,gcc_core_plus_confounds,22,50,25,0.5,0.47680000000000006,0.5136098479763295,0.52,0.52,0.2799815693690777,0.7654605180681807
prelor_vs_lor_task2,gcc_core_plus_confounds,23,50,25,0.5,0.648,0.6594075480489159,0.6599999999999999,0.66,0.24176956403203995,0.705028497240455
prelor_vs_lor_task2,gcc_core_plus_confounds,24,50,25,0.5,0.4464,0.4795867315605056,0.45999999999999996,0.46,0.2932010450095897,0.7967924768774433
prelor_vs_lor_task2,gcc_core_plus_confounds,25,50,25,0.5,0.544,0.5306510911165576,0.6,0.6,0.27183104334450175,0.7549189896964557
prelor_vs_lor_task2,gcc_core_plus_confounds,26,50,25,0.5,0.47200000000000003,0.4835194234422982,0.5,0.5,0.28797652141250696,0.8101185272516714
prelor_vs_lor_task2,gcc_core_plus_confounds,27,50,25,0.5,0.384,0.4793105137418075,0.45999999999999996,0.46,0.29289678877233777,0.785190859022306
prelor_vs_lor_task2,gcc_core_plus_confounds,28,50,25,0.5,0.38239999999999996,0.42512309368615997,0.44,0.44,0.2998437246063025,0.8035834414634145
prelor_vs_lor_task2,gcc_core_plus_confounds,29,50,25,0.5,0.31679999999999997,0.4001796590631732,0.42,0.42,0.2972818833989302,0.7957405556445518
prelor_vs_lor_task2,gcc_core_plus_confounds,30,50,25,0.5,0.6304000000000001,0.6366808563085818,0.56,0.56,0.23334631269591252,0.6572412562806009
prelor_vs_lor_task2,gcc_core_plus_confounds,31,50,25,0.5,0.4416,0.5004122363540975,0.42,0.42,0.2836560544411469,0.7689336949722992
prelor_vs_lor_task2,gcc_core_plus_confounds,32,50,25,0.5,0.488,0.530093029199036,0.52,0.52,0.27437704679445707,0.7515170417058344
prelor_vs_lor_task2,gcc_core_plus_confounds,33,50,25,0.5,0.3184,0.3988355939674693,0.38,0.38,0.29605817514809574,0.805316055398941
prelor_vs_lor_task2,gcc_core_plus_confounds,34,50,25,0.5,0.5279999999999999,0.5841988364623761,0.52,0.52,0.27411508427895886,0.76630384209817
prelor_vs_lor_task2,gcc_core_plus_confounds,35,50,25,0.5,0.47039999999999993,0.4804462006257503,0.52,0.52,0.27871027617476696,0.7632951301210104
prelor_vs_lor_task2,gcc_core_plus_confounds,36,50,25,0.5,0.3568,0.4156017317431807,0.42,0.42,0.29754252604386855,0.7968209359399202
prelor_vs_lor_task2,gcc_core_plus_confounds,37,50,25,0.5,0.44159999999999994,0.5128493885107135,0.5,0.5,0.28438307044139194,0.7945277079012171
prelor_vs_lor_task2,gcc_core_plus_confounds,38,50,25,0.5,0.4032,0.4474201189436865,0.45999999999999996,0.46,0.2985695649670698,0.8167250395464353
prelor_vs_lor_task2,gcc_core_plus_confounds,39,50,25,0.5,0.56,0.568118343509008,0.56,0.56,0.2640229343601388,0.7335992784928419
prelor_vs_lor_task2,gcc_core_plus_confounds,40,50,25,0.5,0.43520000000000003,0.4570776360591001,0.48000000000000004,0.48,0.28970007542271603,0.799350873654292
prelor_vs_lor_task2,gcc_core_plus_confounds,41,50,25,0.5,0.5104000000000001,0.5367584283738616,0.54,0.54,0.2796985774334274,0.7796194013121104
prelor_vs_lor_task2,gcc_core_plus_confounds,42,50,25,0.5,0.5184,0.5379158930559743,0.6,0.6,0.27695431600895376,0.7696699204036872
prelor_vs_lor_task2,gcc_core_plus_confounds,43,50,25,0.5,0.5216000000000001,0.5727536999229276,0.54,0.54,0.27024876163275424,0.7445053948534907
prelor_vs_lor_task2,gcc_core_plus_confounds,44,50,25,0.5,0.416,0.44051382473789935,0.45999999999999996,0.46,0.28870055405576417,0.7811198096070575
prelor_vs_lor_task2,gcc_core_plus_confounds,45,50,25,0.5,0.4384,0.4550380465294972,0.45999999999999996,0.46,0.2949958845003042,0.7961623636976549
prelor_vs_lor_task2,gcc_core_plus_confounds,46,50,25,0.5,0.5968,0.5779019272693833,0.64,0.64,0.2554458286634229,0.7232861924265843
prelor_vs_lor_task2,gcc_core_plus_confounds,47,50,25,0.5,0.33280000000000004,0.40538032067645025,0.4,0.4,0.300494297351771,0.8141766428839955
prelor_vs_lor_task2,gcc_core_plus_confounds,48,50,25,0.5,0.41600000000000004,0.4530276194926113,0.44,0.44,0.2954387609570454,0.816150372283402
prelor_vs_lor_task2,gcc_core_plus_confounds,49,50,25,0.5,0.4176,0.49958309813740354,0.42000000000000004,0.42,0.2819401240075418,0.762057172289195
prelor_vs_lor_task2,gcc_core_plus_confounds,50,50,25,0.5,0.6064,0.6573061938957754,0.64,0.64,0.24561771691477458,0.6868478264010501
prelor_vs_lor_task2,gcc_core_plus_confounds,51,50,25,0.5,0.4304,0.5054150324991126,0.44,0.44,0.2851039982004161,0.7747573274200894
prelor_vs_lor_task2,gcc_core_plus_confounds,52,50,25,0.5,0.568,0.6140686024815487,0.5,0.5,0.25908811355452704,0.7228016384668824
prelor_vs_lor_task2,gcc_core_plus_confounds,53,50,25,0.5,0.5104,0.5142190390171775,0.48,0.48,0.27264530230398665,0.7509995226606009
prelor_vs_lor_task2,gcc_core_plus_confounds,54,50,25,0.5,0.2752,0.4016474167913456,0.36,0.36,0.30005932429446847,0.8014117114845607
prelor_vs_lor_task2,gcc_core_plus_confounds,55,50,25,0.5,0.5056,0.5463728959709961,0.5800000000000001,0.58,0.27465901627345213,0.7516090545380958
prelor_vs_lor_task2,gcc_core_plus_confounds,56,50,25,0.5,0.23360000000000003,0.37055393019779354,0.42,0.42,0.30777452277406997,0.8151888649115407
prelor_vs_lor_task2,gcc_core_plus_confounds,57,50,25,0.5,0.5904,0.6252975626699088,0.5800000000000001,0.58,0.2554663169616023,0.758218161423575
prelor_vs_lor_task2,gcc_core_plus_confounds,58,50,25,0.5,0.3984,0.4393327757329665,0.45999999999999996,0.46,0.3022939338569363,0.8329464561934649
prelor_vs_lor_task2,gcc_core_plus_confounds,59,50,25,0.5,0.5327999999999999,0.545448026063102,0.64,0.64,0.2732569016465235,0.7626863543606714
prelor_vs_lor_task2,gcc_core_plus_confounds,60,50,25,0.5,0.6559999999999999,0.6879468663268113,0.6000000000000001,0.6,0.2372559760055874,0.6705426125066929
prelor_vs_lor_task2,gcc_core_plus_confounds,61,50,25,0.5,0.296,0.38911169387176964,0.36,0.36,0.30636889476695056,0.8220995238751521
prelor_vs_lor_task2,gcc_core_plus_confounds,62,50,25,0.5,0.6095999999999999,0.630691719471041,0.6,0.6,0.25504837914117545,0.7192154698857604
prelor_vs_lor_task2,gcc_core_plus_confounds,63,50,25,0.5,0.4416,0.4988435978663209,0.5,0.5,0.2855959481570474,0.7967694561319576
prelor_vs_lor_task2,gcc_core_plus_confounds,64,50,25,0.5,0.6096,0.6042445317192564,0.64,0.64,0.2525335192404384,0.7524757090430694
prelor_vs_lor_task2,gcc_core_plus_confounds,65,50,25,0.5,0.4272,0.48876110279419405,0.44,0.44,0.28534761886407106,0.7814779979911042
prelor_vs_lor_task2,gcc_core_plus_confounds,66,50,25,0.5,0.2992,0.3988907284679524,0.32,0.32,0.30972149109398434,0.8287328645424382
prelor_vs_lor_task2,gcc_core_plus_confounds,67,50,25,0.5,0.4864,0.5131820595706698,0.45999999999999996,0.46,0.27677081939591514,0.7515293876353542
prelor_vs_lor_task2,gcc_core_plus_confounds,68,50,25,0.5,0.4352,0.4558826104094925,0.46,0.46,0.2888136971857331,0.7926654189737434
prelor_vs_lor_task2,gcc_core_plus_confounds,69,50,25,0.5,0.09439999999999998,0.3323071778950967,0.18,0.18,0.3175048902272618,0.8357637885309515
prelor_vs_lor_task2,gcc_core_plus_confounds,70,50,25,0.5,0.5184,0.540117501691046,0.48,0.48,0.2703668053105629,0.7546181517827165
prelor_vs_lor_task2,gcc_core_plus_confounds,71,50,25,0.5,0.31679999999999997,0.4050523949827901,0.42000000000000004,0.42,0.2961068261425111,0.793470832987541
prelor_vs_lor_task2,gcc_core_plus_confounds,72,50,25,0.5,0.6336,0.6509226672128698,0.6799999999999999,0.68,0.2409130653104927,0.6800088353071791
prelor_vs_lor_task2,gcc_core_plus_confounds,73,50,25,0.5,0.4048,0.4471492664116209,0.45999999999999996,0.46,0.29253156872481,0.7912884188334841
prelor_vs_lor_task2,gcc_core_plus_confounds,74,50,25,0.5,0.6,0.564912961284235,0.62,0.62,0.264954297013126,0.761028247900158
prelor_vs_lor_task2,gcc_core_plus_confounds,75,50,25,0.5,0.5904,0.663509663765082,0.56,0.56,0.25028715675584634,0.6918479180701043
prelor_vs_lor_task2,gcc_core_plus_confounds,76,50,25,0.5,0.5552,0.5928219531547971,0.56,0.56,0.25418430942299447,0.7108688902243319
prelor_vs_lor_task2,gcc_core_plus_confounds,77,50,25,0.5,0.5328,0.6264223580119437,0.52,0.52,0.26519271689454516,0.7299961287917427
prelor_vs_lor_task2,gcc_core_plus_confounds,78,50,25,0.5,0.31360000000000005,0.4351626962992093,0.3,0.3,0.2929507817237233,0.784484855468142
prelor_vs_lor_task2,gcc_core_plus_confounds,79,50,25,0.5,0.6864,0.7039783170181316,0.64,0.64,0.23160756039402866,0.6763637616718176
prelor_vs_lor_task2,gcc_core_plus_confounds,80,50,25,0.5,0.36,0.4399384292925685,0.4,0.4,0.2922346953804877,0.7907791161113907
prelor_vs_lor_task2,gcc_core_plus_confounds,81,50,25,0.5,0.46719999999999995,0.5639035323410048,0.46,0.46,0.2693946467494509,0.743024626032865
prelor_vs_lor_task2,gcc_core_plus_confounds,82,50,25,0.5,0.488,0.5221568018298623,0.52,0.52,0.27355458507406916,0.7516017125888734
prelor_vs_lor_task2,gcc_core_plus_confounds,83,50,25,0.5,0.6144000000000001,0.6141386773089539,0.62,0.62,0.25336673386852004,0.719503914157555
prelor_vs_lor_task2,gcc_core_plus_confounds,84,50,25,0.5,0.49119999999999997,0.4861559627680112,0.52,0.52,0.2821752317110771,0.7698119736351626
prelor_vs_lor_task2,gcc_core_plus_confounds,85,50,25,0.5,0.6576,0.660344049014348,0.6,0.6,0.2378515583678224,0.6748158156301244
prelor_vs_lor_task2,gcc_core_plus_confounds,86,50,25,0.5,0.3056,0.39686904682624585,0.36,0.36,0.2979876465042264,0.7967907445179004
prelor_vs_lor_task2,gcc_core_plus_confounds,87,50,25,0.5,0.3808,0.5010185097380759,0.42000000000000004,0.42,0.290361358235308,0.7782682326457406
prelor_vs_lor_task2,gcc_core_plus_confounds,88,50,25,0.5,0.5840000000000001,0.6244757369548157,0.5800000000000001,0.58,0.2579668220247476,0.7164112893700874
prelor_vs_lor_task2,gcc_core_plus_confounds,89,50,25,0.5,0.47840000000000005,0.47100606118503724,0.5,0.5,0.2867100479412697,0.7862407669482329
prelor_vs_lor_task2,gcc_core_plus_confounds,90,50,25,0.5,0.2896,0.3926386996234046,0.32,0.32,0.30470367316680086,0.8110340597088852
prelor_vs_lor_task2,gcc_core_plus_confounds,91,50,25,0.5,0.21600000000000003,0.3608451477090766,0.24,0.24,0.30638457284992443,0.8129504028117635
prelor_vs_lor_task2,gcc_core_plus_confounds,92,50,25,0.5,0.44000000000000006,0.449137538593706,0.48,0.48,0.29177895720787955,0.7963537475588873
prelor_vs_lor_task2,gcc_core_plus_confounds,93,50,25,0.5,0.672,0.7227723461282629,0.68,0.68,0.22765690009119197,0.6533464683428583
prelor_vs_lor_task2,gcc_core_plus_confounds,94,50,25,0.5,0.49600000000000005,0.49004467658662465,0.5,0.5,0.2774050344867064,0.763110519811523
prelor_vs_lor_task2,gcc_core_plus_confounds,95,50,25,0.5,0.32639999999999997,0.40856251457115755,0.42000000000000004,0.42,0.29499916962966927,0.7920778115481741
prelor_vs_lor_task2,gcc_core_plus_confounds,96,50,25,0.5,0.4192,0.48755155778820664,0.48,0.48,0.2974116614249224,0.8008990894400233
prelor_vs_lor_task2,gcc_core_plus_confounds,97,50,25,0.5,0.36,0.4153795940230582,0.48,0.48,0.3106425629470026,0.8350436895685135
prelor_vs_lor_task2,gcc_core_plus_confounds,98,50,25,0.5,0.5456,0.5336721691650044,0.52,0.52,0.2647596228259241,0.7415311845718879
prelor_vs_lor_task2,gcc_core_plus_confounds,99,50,25,0.5,0.6336,0.5940158630180039,0.62,0.62,0.24110518670272843,0.6804830177453824
prelor_vs_lor_task2,gcc_core_plus_confounds,100,50,25,0.5,0.4592,0.5084421785658271,0.44,0.44,0.28201248963431974,0.7668936620586067
prelor_vs_lor_task2,gcc_regime_plus_confounds,1,50,25,0.5,0.4992,0.5522316059613488,0.56,0.56,0.2804081622457659,0.7708467585490142
prelor_vs_lor_task2,gcc_regime_plus_confounds,2,50,25,0.5,0.4704,0.4663552544189805,0.54,0.54,0.2960980668790827,0.8117892460590537
prelor_vs_lor_task2,gcc_regime_plus_confounds,3,50,25,0.5,0.42879999999999996,0.5695982484340715,0.44,0.44,0.28202422934962457,0.7649554659981578
prelor_vs_lor_task2,gcc_regime_plus_confounds,4,50,25,0.5,0.5264,0.6331700961626343,0.52,0.52,0.27241692209483637,0.7511483694439679
prelor_vs_lor_task2,gcc_regime_plus_confounds,5,50,25,0.5,0.6944,0.6405999741598181,0.7,0.7,0.2321954671091938,0.6997037646814307
prelor_vs_lor_task2,gcc_regime_plus_confounds,6,50,25,0.5,0.46240000000000003,0.4593867548764078,0.5,0.5,0.2783524523213604,0.75808894416433
prelor_vs_lor_task2,gcc_regime_plus_confounds,7,50,25,0.5,0.5680000000000001,0.5553533672506935,0.6,0.6,0.27207718530887426,0.7778006118408475
prelor_vs_lor_task2,gcc_regime_plus_confounds,8,50,25,0.5,0.39840000000000003,0.5182887215010099,0.38,0.38,0.2972787910657356,0.8021005382471015
prelor_vs_lor_task2,gcc_regime_plus_confounds,9,50,25,0.5,0.6719999999999999,0.6724124699590106,0.62,0.62,0.22985726895366326,0.6615408413531165
prelor_vs_lor_task2,gcc_regime_plus_confounds,10,50,25,0.5,0.6896,0.6657050337385382,0.6599999999999999,0.66,0.23445342360021937,0.6774188887793388
prelor_vs_lor_task2,gcc_regime_plus_confounds,11,50,25,0.5,0.5824,0.5945958626924538,0.64,0.64,0.26134012496117326,0.7302370540554218
prelor_vs_lor_task2,gcc_regime_plus_confounds,12,50,25,0.5,0.30720000000000003,0.3963931927211487,0.42000000000000004,0.42,0.3044844052534906,0.8097196038353899
prelor_vs_lor_task2,gcc_regime_plus_confounds,13,50,25,0.5,0.3456,0.4181264988797614,0.36,0.36,0.31214277647507993,0.8343759406229276
prelor_vs_lor_task2,gcc_regime_plus_confounds,14,50,25,0.5,0.5488,0.5790499829607934,0.48000000000000004,0.48,0.2683086076663646,0.7393190871055114
prelor_vs_lor_task2,gcc_regime_plus_confounds,15,50,25,0.5,0.41600000000000004,0.44125616824919073,0.5,0.5,0.2988236619989137,0.8031908519609493
prelor_vs_lor_task2,gcc_regime_plus_confounds,16,50,25,0.5,0.2304,0.36543014291431775,0.24000000000000002,0.24,0.31854957921478055,0.8541403499433907
prelor_vs_lor_task2,gcc_regime_plus_confounds,17,50,25,0.5,0.43679999999999997,0.507162651395563,0.5,0.5,0.2933812929161349,0.7958478575575059
prelor_vs_lor_task2,gcc_regime_plus_confounds,18,50,25,0.5,0.3968,0.4442130314895267,0.45999999999999996,0.46,0.2969445357523092,0.8045158373596809
prelor_vs_lor_task2,gcc_regime_plus_confounds,19,50,25,0.5,0.5167999999999999,0.4975643834745817,0.5,0.5,0.27408354653642897,0.752148020500752
prelor_vs_lor_task2,gcc_regime_plus_confounds,20,50,25,0.5,0.616,0.66721543833633,0.5800000000000001,0.58,0.2480476300371586,0.69801114332877
prelor_vs_lor_task2,gcc_regime_plus_confounds,21,50,25,0.5,0.6064,0.6178681369562524,0.54,0.54,0.2531306748013421,0.7038496538578211
prelor_vs_lor_task2,gcc_regime_plus_confounds,22,50,25,0.5,0.7264,0.7473247630031855,0.66,0.66,0.21936447089610464,0.6475891013676744
prelor_vs_lor_task2,gcc_regime_plus_confounds,23,50,25,0.5,0.496,0.49709876715739376,0.48,0.48,0.27754604094383784,0.7675260182290419
prelor_vs_lor_task2,gcc_regime_plus_confounds,24,50,25,0.5,0.6799999999999999,0.7343260786095689,0.7,0.7,0.22495321452650985,0.6496774598548473
prelor_vs_lor_task2,gcc_regime_plus_confounds,25,50,25,0.5,0.5376000000000001,0.5826230951400516,0.56,0.56,0.27216497400682693,0.748697794785119
prelor_vs_lor_task2,gcc_regime_plus_confounds,26,50,25,0.5,0.4336,0.46842527991312016,0.52,0.52,0.2856852237530734,0.7702680629678419
prelor_vs_lor_task2,gcc_regime_plus_confounds,27,50,25,0.5,0.32,0.4269526826156945,0.44,0.44,0.3007957256379852,0.8071333285537531
prelor_vs_lor_task2,gcc_regime_plus_confounds,28,50,25,0.5,0.512,0.5534305044563214,0.42,0.42,0.2706646084407114,0.7393166614480293
prelor_vs_lor_task2,gcc_regime_plus_confounds,29,50,25,0.5,0.4448000000000001,0.4855752393861029,0.45999999999999996,0.46,0.29125633821280855,0.7894705988136742
prelor_vs_lor_task2,gcc_regime_plus_confounds,30,50,25,0.5,0.5808,0.5428733022906568,0.6000000000000001,0.6,0.26407704023146095,0.8050963433642613
prelor_vs_lor_task2,gcc_regime_plus_confounds,31,50,25,0.5,0.5408,0.5466491502039643,0.54,0.54,0.2769481492180633,0.7603968194097694
prelor_vs_lor_task2,gcc_regime_plus_confounds,32,50,25,0.5,0.3808,0.48482645257485624,0.36,0.36,0.29701725619003416,0.7915950467300739
prelor_vs_lor_task2,gcc_regime_plus_confounds,33,50,25,0.5,0.5744,0.5535430567241804,0.62,0.62,0.2683926460086114,0.7694725700930934
prelor_vs_lor_task2,gcc_regime_plus_confounds,34,50,25,0.5,0.46880000000000005,0.4929252757179304,0.48,0.48,0.2833991926664033,0.8087913100602089
prelor_vs_lor_task2,gcc_regime_plus_confounds,35,50,25,0.5,0.49760000000000004,0.5054592383054908,0.56,0.56,0.27500063706749533,0.7648787942218904
prelor_vs_lor_task2,gcc_regime_plus_confounds,36,50,25,0.5,0.4704,0.5243472295135558,0.5,0.5,0.278932862032168,0.7702009789375333
prelor_vs_lor_task2,gcc_regime_plus_confounds,37,50,25,0.5,0.4864,0.5855114647427063,0.54,0.54,0.2855574213663597,0.7757093177946399
prelor_vs_lor_task2,gcc_regime_plus_confounds,38,50,25,0.5,0.6015999999999999,0.5874297054528299,0.6000000000000001,0.6,0.2600617020051146,0.7369954305098548
prelor_vs_lor_task2,gcc_regime_plus_confounds,39,50,25,0.5,0.5616,0.5252399097748374,0.5800000000000001,0.58,0.26695855587690454,0.7411573791589047
prelor_vs_lor_task2,gcc_regime_plus_confounds,40,50,25,0.5,0.3888,0.4515268217020226,0.5,0.5,0.2928204313750847,0.788652838931148
prelor_vs_lor_task2,gcc_regime_plus_confounds,41,50,25,0.5,0.4656,0.542720438860453,0.44,0.44,0.28850555830234526,0.7799630802436903
prelor_vs_lor_task2,gcc_regime_plus_confounds,42,50,25,0.5,0.22879999999999998,0.37104278899900434,0.32,0.32,0.30839006202689573,0.8193201645786339
prelor_vs_lor_task2,gcc_regime_plus_confounds,43,50,25,0.5,0.5984,0.6371122898474406,0.48,0.48,0.2572760708925966,0.7119146271150233
prelor_vs_lor_task2,gcc_regime_plus_confounds,44,50,25,0.5,0.4304,0.4445947278443537,0.44,0.44,0.29679320630386224,0.7981224917171823
prelor_vs_lor_task2,gcc_regime_plus_confounds,45,50,25,0.5,0.3712,0.4303617801749532,0.4,0.4,0.2974187521668295,0.797626689247886
prelor_vs_lor_task2,gcc_regime_plus_confounds,46,50,25,0.5,0.42560000000000003,0.4593473749238819,0.44,0.44,0.29318645108018143,0.8133506727071977
prelor_vs_lor_task2,gcc_regime_plus_confounds,47,50,25,0.5,0.42880000000000007,0.5046153158503812,0.42000000000000004,0.42,0.2958051874884255,0.8056830788426325
prelor_vs_lor_task2,gcc_regime_plus_confounds,48,50,25,0.5,0.352,0.43114454406347213,0.44,0.44,0.3103861250777777,0.8373433509789128
prelor_vs_lor_task2,gcc_regime_plus_confounds,49,50,25,0.5,0.6943999999999999,0.6499860265510594,0.7,0.7,0.22211063635119385,0.6614241224811757
prelor_vs_lor_task2,gcc_regime_plus_confounds,50,50,25,0.5,0.7375999999999999,0.8062671461183657,0.64,0.64,0.2021987578071081,0.5807140658109771
prelor_vs_lor_task2,gcc_regime_plus_confounds,51,50,25,0.5,0.6656,0.6622992183113823,0.6599999999999999,0.66,0.2390954754209224,0.7574603865977033
prelor_vs_lor_task2,gcc_regime_plus_confounds,52,50,25,0.5,0.4336,0.5230005039624271,0.38,0.38,0.2854541473895407,0.7683980856355461
prelor_vs_lor_task2,gcc_regime_plus_confounds,53,50,25,0.5,0.20639999999999997,0.3915033261525868,0.18,0.18,0.306887424508014,0.8100810165346803
prelor_vs_lor_task2,gcc_regime_plus_confounds,54,50,25,0.5,0.6912,0.6580049806367763,0.66,0.66,0.2262384244501718,0.647584485324357
prelor_vs_lor_task2,gcc_regime_plus_confounds,55,50,25,0.5,0.49279999999999996,0.5915881902111413,0.5,0.5,0.2741730615830456,0.7446052533202969
prelor_vs_lor_task2,gcc_regime_plus_confounds,56,50,25,0.5,0.4224,0.4429644088166919,0.42,0.42,0.2845075826377194,0.7740142961367913
prelor_vs_lor_task2,gcc_regime_plus_confounds,57,50,25,0.5,0.4768,0.48992597126110116,0.54,0.54,0.2864700793982014,0.778136183730594
prelor_vs_lor_task2,gcc_regime_plus_confounds,58,50,25,0.5,0.6080000000000001,0.587073843266423,0.6000000000000001,0.6,0.2564756126179363,0.7358041421864062
prelor_vs_lor_task2,gcc_regime_plus_confounds,59,50,25,0.5,0.4448,0.49462335910890803,0.5,0.5,0.2928316734667095,0.7908719258948763
prelor_vs_lor_task2,gcc_regime_plus_confounds,60,50,25,0.5,0.6784,0.7028378126335892,0.6,0.6,0.236276348735948,0.6705524812996607
prelor_vs_lor_task2,gcc_regime_plus_confounds,61,50,25,0.5,0.4848,0.5241801570667348,0.52,0.52,0.2802026071330064,0.7688125396302949
prelor_vs_lor_task2,gcc_regime_plus_confounds,62,50,25,0.5,0.5471999999999999,0.535524522965009,0.5800000000000001,0.58,0.27491964617224846,0.7757844875112283
prelor_vs_lor_task2,gcc_regime_plus_confounds,63,50,25,0.5,0.47840000000000005,0.5127796574580175,0.54,0.54,0.2948686075218963,0.8229591789421451
prelor_vs_lor_task2,gcc_regime_plus_confounds,64,50,25,0.5,0.6896,0.7091420706079818,0.64,0.64,0.22429477814768847,0.6409949005389474
prelor_vs_lor_task2,gcc_regime_plus_confounds,65,50,25,0.5,0.5104,0.48662566909253163,0.52,0.52,0.27769076921673563,0.7653488993860645
prelor_vs_lor_task2,gcc_regime_plus_confounds,66,50,25,0.5,0.3392,0.4524542370853991,0.44,0.44,0.29503348218624814,0.7896967188818078
prelor_vs_lor_task2,gcc_regime_plus_confounds,67,50,25,0.5,0.4608,0.5264526085528012,0.48,0.48,0.27908393286975847,0.7703210775458441
prelor_vs_lor_task2,gcc_regime_plus_confounds,68,50,25,0.5,0.52,0.5384321724585995,0.52,0.52,0.2753918658902371,0.7653276173239363
prelor_vs_lor_task2,gcc_regime_plus_confounds,69,50,25,0.5,0.6639999999999999,0.6228170701796127,0.66,0.66,0.23807739238996584,0.6831278388830497
prelor_vs_lor_task2,gcc_regime_plus_confounds,70,50,25,0.5,0.4448,0.45310316136610684,0.44,0.44,0.2841049966460271,0.7650596055457379
prelor_vs_lor_task2,gcc_regime_plus_confounds,71,50,25,0.5,0.5616000000000001,0.5959530181090869,0.54,0.54,0.2654863203639177,0.7276285816229446
prelor_vs_lor_task2,gcc_regime_plus_confounds,72,50,25,0.5,0.76,0.8076729588467887,0.72,0.72,0.20139303653211293,0.6055686996836451
prelor_vs_lor_task2,gcc_regime_plus_confounds,73,50,25,0.5,0.48960000000000004,0.5898992361613433,0.5,0.5,0.28045264746406096,0.7637773607156612
prelor_vs_lor_task2,gcc_regime_plus_confounds,74,50,25,0.5,0.4128,0.4461384984443304,0.44,0.44,0.2996404280299232,0.8370417218760637
prelor_vs_lor_task2,gcc_regime_plus_confounds,75,50,25,0.5,0.5344,0.53234898186942,0.54,0.54,0.27324516999049825,0.771381240098556
prelor_vs_lor_task2,gcc_regime_plus_confounds,76,50,25,0.5,0.48640000000000005,0.5126330392143676,0.52,0.52,0.28173568196650567,0.781529436163565
prelor_vs_lor_task2,gcc_regime_plus_confounds,77,50,25,0.5,0.5584000000000001,0.57461820679337,0.56,0.56,0.26989350102830295,0.7495383051372201
prelor_vs_lor_task2,gcc_regime_plus_confounds,78,50,25,0.5,0.4144,0.4518822296405209,0.5,0.5,0.29957449749329434,0.8133347556788124
prelor_vs_lor_task2,gcc_regime_plus_confounds,79,50,25,0.5,0.384,0.4320324363731892,0.42000000000000004,0.42,0.2936417056316617,0.7917715029758879
prelor_vs_lor_task2,gcc_regime_plus_confounds,80,50,25,0.5,0.5167999999999999,0.5490342319460115,0.5,0.5,0.2785399291545419,0.7616701123363565
prelor_vs_lor_task2,gcc_regime_plus_confounds,81,50,25,0.5,0.3328,0.41722197247421633,0.4,0.4,0.30652585311503694,0.8182252488186968
prelor_vs_lor_task2,gcc_regime_plus_confounds,82,50,25,0.5,0.47520000000000007,0.49381566845302516,0.48,0.48,0.27961407829868806,0.7636036313044494
prelor_vs_lor_task2,gcc_regime_plus_confounds,83,50,25,0.5,0.4864,0.4711073184019856,0.52,0.52,0.2838844966776523,0.8374054003348179
prelor_vs_lor_task2,gcc_regime_plus_confounds,84,50,25,0.5,0.41120000000000007,0.4471506088770464,0.45999999999999996,0.46,0.2944919302445072,0.800555487289492
prelor_vs_lor_task2,gcc_regime_plus_confounds,85,50,25,0.5,0.4608,0.5169994226973199,0.48,0.48,0.2938388539243509,0.8038344956169933
prelor_vs_lor_task2,gcc_regime_plus_confounds,86,50,25,0.5,0.5472,0.5069347862105898,0.62,0.62,0.26955986078413213,0.7784099033122129
prelor_vs_lor_task2,gcc_regime_plus_confounds,87,50,25,0.5,0.4288,0.46578380536777214,0.45999999999999996,0.46,0.2894945852450209,0.7819448039024279
prelor_vs_lor_task2,gcc_regime_plus_confounds,88,50,25,0.5,0.5056,0.6089255450425696,0.46,0.46,0.27108863318433996,0.7440816644155077
prelor_vs_lor_task2,gcc_regime_plus_confounds,89,50,25,0.5,0.41280000000000006,0.4650082835270187,0.44,0.44,0.29421233459486956,0.8150861661650488
prelor_vs_lor_task2,gcc_regime_plus_confounds,90,50,25,0.5,0.6367999999999999,0.602745123821855,0.62,0.62,0.25261146704206755,0.729596725684491
prelor_vs_lor_task2,gcc_regime_plus_confounds,91,50,25,0.5,0.4096,0.4681913647329055,0.44,0.44,0.28925757019243536,0.7962559293767526
prelor_vs_lor_task2,gcc_regime_plus_confounds,92,50,25,0.5,0.48960000000000004,0.4675253503060319,0.54,0.54,0.2855344224297941,0.7795022727585432
prelor_vs_lor_task2,gcc_regime_plus_confounds,93,50,25,0.5,0.32639999999999997,0.4329637713176649,0.32,0.32,0.3030647347769912,0.804459222415246
prelor_vs_lor_task2,gcc_regime_plus_confounds,94,50,25,0.5,0.39680000000000004,0.44496086788938266,0.45999999999999996,0.46,0.30763167147892223,0.83751725347437
prelor_vs_lor_task2,gcc_regime_plus_confounds,95,50,25,0.5,0.38559999999999994,0.44225897505795697,0.38,0.38,0.3011486350124198,0.814865681964307
prelor_vs_lor_task2,gcc_regime_plus_confounds,96,50,25,0.5,0.504,0.559221352779237,0.48000000000000004,0.48,0.272431768407756,0.7465538085015043
prelor_vs_lor_task2,gcc_regime_plus_confounds,97,50,25,0.5,0.41600000000000004,0.4498611222781642,0.4,0.4,0.2929354977482433,0.7988360105425437
prelor_vs_lor_task2,gcc_regime_plus_confounds,98,50,25,0.5,0.5488,0.4967666416936679,0.6200000000000001,0.62,0.26694522944111954,0.7394330707276974
prelor_vs_lor_task2,gcc_regime_plus_confounds,99,50,25,0.5,0.48640000000000005,0.5062741004457362,0.5,0.5,0.2814368158391479,0.76979875772965
prelor_vs_lor_task2,gcc_regime_plus_confounds,100,50,25,0.5,0.6432,0.6969710447406705,0.56,0.56,0.24146065555078094,0.6695481541630863
prelor_vs_lor_task2,full_standard_plus_gcc,1,50,25,0.5,0.41280000000000006,0.4595130103520488,0.45999999999999996,0.46,0.2922123137051159,0.7870481640738599
prelor_vs_lor_task2,full_standard_plus_gcc,2,50,25,0.5,0.5024000000000001,0.5908829983836391,0.52,0.52,0.28032356630870997,0.776775121097527
prelor_vs_lor_task2,full_standard_plus_gcc,3,50,25,0.5,0.5008,0.48148090108076963,0.54,0.54,0.2785410277667018,0.7652903416534922
prelor_vs_lor_task2,full_standard_plus_gcc,4,50,25,0.5,0.3296,0.40421515296998545,0.42,0.42,0.3075775945327873,0.8203765034002
prelor_vs_lor_task2,full_standard_plus_gcc,5,50,25,0.5,0.42079999999999995,0.45253127087624034,0.5,0.5,0.2901839976762542,0.7836887990030061
prelor_vs_lor_task2,full_standard_plus_gcc,6,50,25,0.5,0.6256,0.5833710549761939,0.62,0.62,0.2497934883284418,0.7058334633409643
prelor_vs_lor_task2,full_standard_plus_gcc,7,50,25,0.5,0.46399999999999997,0.468857512193502,0.44,0.44,0.2943984000021543,0.847895812634659
prelor_vs_lor_task2,full_standard_plus_gcc,8,50,25,0.5,0.5024,0.5368974939087704,0.48,0.48,0.2827329664520956,0.7731753869923668
prelor_vs_lor_task2,full_standard_plus_gcc,9,50,25,0.5,0.36,0.4138238256455872,0.44,0.44,0.2979757252131456,0.8009782444140935
prelor_vs_lor_task2,full_standard_plus_gcc,10,50,25,0.5,0.416,0.4460806948440373,0.48,0.48,0.3068204595838359,0.8341685242933786
prelor_vs_lor_task2,full_standard_plus_gcc,11,50,25,0.5,0.47200000000000003,0.5284551239089692,0.48,0.48,0.2859608916162986,0.8035635641912374
prelor_vs_lor_task2,full_standard_plus_gcc,12,50,25,0.5,0.20639999999999997,0.3601487052135991,0.34,0.34,0.32103195609200375,0.8486139659725543
prelor_vs_lor_task2,full_standard_plus_gcc,13,50,25,0.5,0.27359999999999995,0.39828502975722124,0.38,0.38,0.32129470205397664,0.8589455603151684
prelor_vs_lor_task2,full_standard_plus_gcc,14,50,25,0.5,0.3344,0.4137440693406043,0.33999999999999997,0.34,0.3107940066330801,0.8481197963642078
prelor_vs_lor_task2,full_standard_plus_gcc,15,50,25,0.5,0.4544,0.46172206294806617,0.52,0.52,0.28218819950414115,0.7650819224501677
prelor_vs_lor_task2,full_standard_plus_gcc,16,50,25,0.5,0.3632,0.43609663614026317,0.38,0.38,0.2995661852041535,0.8115852766739328
prelor_vs_lor_task2,full_standard_plus_gcc,17,50,25,0.5,0.44,0.47577317788575557,0.44,0.44,0.29145693573704673,0.8009464788302019
prelor_vs_lor_task2,full_standard_plus_gcc,18,50,25,0.5,0.496,0.5193051302114057,0.52,0.52,0.2793744730496858,0.7631798838699693
prelor_vs_lor_task2,full_standard_plus_gcc,19,50,25,0.5,0.6176,0.5975601570339244,0.62,0.62,0.2543761552950457,0.7175074993171674
prelor_vs_lor_task2,full_standard_plus_gcc,20,50,25,0.5,0.45119999999999993,0.48327447511727956,0.44,0.44,0.2915032657260235,0.7866255419155571
prelor_vs_lor_task2,full_standard_plus_gcc,21,50,25,0.5,0.49119999999999997,0.4815120032431637,0.52,0.52,0.2727084691023677,0.7464594303312444
prelor_vs_lor_task2,full_standard_plus_gcc,22,50,25,0.5,0.46719999999999995,0.4828271370187164,0.48000000000000004,0.48,0.2905156443825499,0.7936481251400077
prelor_vs_lor_task2,full_standard_plus_gcc,23,50,25,0.5,0.2944,0.3940746140732815,0.32,0.32,0.3071734699534527,0.8202347570251654
prelor_vs_lor_task2,full_standard_plus_gcc,24,50,25,0.5,0.512,0.5301466636932306,0.45999999999999996,0.46,0.27560757070030184,0.7648783119516406
prelor_vs_lor_task2,full_standard_plus_gcc,25,50,25,0.5,0.3024,0.39963935929025607,0.36,0.36,0.3126990393559383,0.8354633016812677
prelor_vs_lor_task2,full_standard_plus_gcc,26,50,25,0.5,0.6304000000000001,0.6308791730419853,0.64,0.64,0.24764586770528038,0.7765314651280373
prelor_vs_lor_task2,full_standard_plus_gcc,27,50,25,0.5,0.6304000000000001,0.6550546070529222,0.64,0.64,0.2482939851772681,0.7045646750044401
prelor_vs_lor_task2,full_standard_plus_gcc,28,50,25,0.5,0.6095999999999999,0.5561315193430477,0.5800000000000001,0.58,0.25246862616541127,0.7202972022215246
prelor_vs_lor_task2,full_standard_plus_gcc,29,50,25,0.5,0.4656,0.48675128623354535,0.52,0.52,0.2858975096157166,0.7838207863307212
prelor_vs_lor_task2,full_standard_plus_gcc,30,50,25,0.5,0.48160000000000003,0.5578370530172593,0.48,0.48,0.28212504678645545,0.8157798145171025
prelor_vs_lor_task2,full_standard_plus_gcc,31,50,25,0.5,0.38400000000000006,0.43606891339187104,0.42000000000000004,0.42,0.3081003470475746,0.8247593001480193
prelor_vs_lor_task2,full_standard_plus_gcc,32,50,25,0.5,0.608,0.5966068000978303,0.54,0.54,0.2559386814855038,0.7189878674245933
prelor_vs_lor_task2,full_standard_plus_gcc,33,50,25,0.5,0.45759999999999995,0.5152583774792667,0.44,0.44,0.27481742743921883,0.7399198626469028
prelor_vs_lor_task2,full_standard_plus_gcc,34,50,25,0.5,0.2192,0.363854065562314,0.30000000000000004,0.3,0.31285966631162276,0.8249446182212183
prelor_vs_lor_task2,full_standard_plus_gcc,35,50,25,0.5,0.26080000000000003,0.3769791779924738,0.32,0.32,0.32008899395786067,0.855071100365263
prelor_vs_lor_task2,full_standard_plus_gcc,36,50,25,0.5,0.2944,0.43931792048190765,0.38,0.38,0.29384304823808677,0.7991322126586607
prelor_vs_lor_task2,full_standard_plus_gcc,37,50,25,0.5,0.6479999999999999,0.6164088260601072,0.64,0.64,0.24815844483669175,0.7320914038293701
prelor_vs_lor_task2,full_standard_plus_gcc,38,50,25,0.5,0.4464,0.45383490643364355,0.48,0.48,0.28734287821828536,0.7780145764263413
prelor_vs_lor_task2,full_standard_plus_gcc,39,50,25,0.5,0.4864,0.5239044604346302,0.56,0.56,0.2904356699811456,0.7897600713109333
prelor_vs_lor_task2,full_standard_plus_gcc,40,50,25,0.5,0.5247999999999999,0.5705002987498484,0.5,0.5,0.2734504314240104,0.7513495222566656
prelor_vs_lor_task2,full_standard_plus_gcc,41,50,25,0.5,0.4416,0.47020958272125446,0.45999999999999996,0.46,0.2921865238697995,0.789584882415878
prelor_vs_lor_task2,full_standard_plus_gcc,42,50,25,0.5,0.48960000000000004,0.4967697037760196,0.5800000000000001,0.58,0.2743980346555643,0.7503599731334574
prelor_vs_lor_task2,full_standard_plus_gcc,43,50,25,0.5,0.37920000000000004,0.4290087938264366,0.4,0.4,0.30469607024561673,0.828306170925607
prelor_vs_lor_task2,full_standard_plus_gcc,44,50,25,0.5,0.7696,0.7398227928840306,0.76,0.76,0.19765164767978785,0.612033510472874
prelor_vs_lor_task2,full_standard_plus_gcc,45,50,25,0.5,0.6816,0.6411083907817609,0.66,0.66,0.23682041529944162,0.7046714100638147
prelor_vs_lor_task2,full_standard_plus_gcc,46,50,25,0.5,0.5488,0.5355403052336182,0.5800000000000001,0.58,0.2819867954809542,0.8078100800756393
prelor_vs_lor_task2,full_standard_plus_gcc,47,50,25,0.5,0.2288,0.36440534325088536,0.30000000000000004,0.3,0.30835448742879035,0.8142618478599235
prelor_vs_lor_task2,full_standard_plus_gcc,48,50,25,0.5,0.49119999999999997,0.4965170885411822,0.5,0.5,0.2740848920226532,0.755252485034803
prelor_vs_lor_task2,full_standard_plus_gcc,49,50,25,0.5,0.45280000000000004,0.45673388344563765,0.45999999999999996,0.46,0.2825500435364295,0.7637123037142415
prelor_vs_lor_task2,full_standard_plus_gcc,50,50,25,0.5,0.5984,0.5692068556450849,0.56,0.56,0.2623698576200353,0.7481488949566457
prelor_vs_lor_task2,full_standard_plus_gcc,51,50,25,0.5,0.5728,0.5390109190099492,0.5800000000000001,0.58,0.26563825303989247,0.7450710594543705
prelor_vs_lor_task2,full_standard_plus_gcc,52,50,25,0.5,0.6064,0.6532965478596057,0.5,0.5,0.24666773259183408,0.6781607126791411
prelor_vs_lor_task2,full_standard_plus_gcc,53,50,25,0.5,0.49600000000000005,0.5054246043846423,0.52,0.52,0.29254901821493623,0.810820301993956
prelor_vs_lor_task2,full_standard_plus_gcc,54,50,25,0.5,0.5104,0.5156505182065951,0.52,0.52,0.27564817780504636,0.7521874484584055
prelor_vs_lor_task2,full_standard_plus_gcc,55,50,25,0.5,0.5984,0.6058129717276783,0.6,0.6,0.26914375416695163,0.7745453945738434
prelor_vs_lor_task2,full_standard_plus_gcc,56,50,25,0.5,0.3792,0.435309491070082,0.48,0.48,0.30378136544070344,0.8333761213516169
prelor_vs_lor_task2,full_standard_plus_gcc,57,50,25,0.5,0.29279999999999995,0.3946806583577968,0.3,0.3,0.30435339477315904,0.811520683820425
prelor_vs_lor_task2,full_standard_plus_gcc,58,50,25,0.5,0.3392,0.4200389337805779,0.36,0.36,0.3158789670983841,0.86658580628378
prelor_vs_lor_task2,full_standard_plus_gcc,59,50,25,0.5,0.2816,0.3811540968987642,0.38,0.38,0.3113020535470595,0.8282249976649494
prelor_vs_lor_task2,full_standard_plus_gcc,60,50,25,0.5,0.48,0.4868128595362735,0.48,0.48,0.28822368710643675,0.810609967682092
prelor_vs_lor_task2,full_standard_plus_gcc,61,50,25,0.5,0.5264,0.648879923979679,0.5800000000000001,0.58,0.26756853753537174,0.7362566390360306
prelor_vs_lor_task2,full_standard_plus_gcc,62,50,25,0.5,0.45919999999999994,0.47607316136819244,0.48,0.48,0.29761855723847336,0.8210685628461559
prelor_vs_lor_task2,full_standard_plus_gcc,63,50,25,0.5,0.38560000000000005,0.4471179451631907,0.4,0.4,0.29974212409497925,0.8132098275662138
prelor_vs_lor_task2,full_standard_plus_gcc,64,50,25,0.5,0.5184,0.5049533219494473,0.56,0.56,0.2753508483369247,0.7589474292451988
prelor_vs_lor_task2,full_standard_plus_gcc,65,50,25,0.5,0.6272,0.669204448747311,0.5800000000000001,0.58,0.25328739327382443,0.7221870365710523
prelor_vs_lor_task2,full_standard_plus_gcc,66,50,25,0.5,0.49599999999999994,0.5063092688089503,0.5,0.5,0.285724518625223,0.7887151995107107
prelor_vs_lor_task2,full_standard_plus_gcc,67,50,25,0.5,0.6208,0.6324245059443419,0.62,0.62,0.2558689649259927,0.7337363596318434
prelor_vs_lor_task2,full_standard_plus_gcc,68,50,25,0.5,0.35519999999999996,0.42598546858791153,0.38,0.38,0.3047053448794698,0.8126618352114572
prelor_vs_lor_task2,full_standard_plus_gcc,69,50,25,0.5,0.4768,0.47814160268614286,0.4,0.4,0.2905622582926901,0.795366714334328
prelor_vs_lor_task2,full_standard_plus_gcc,70,50,25,0.5,0.45919999999999994,0.4859278395289104,0.5,0.5,0.30179664582865656,0.841828040794237
prelor_vs_lor_task2,full_standard_plus_gcc,71,50,25,0.5,0.38880000000000003,0.4890407749664066,0.42000000000000004,0.42,0.2887023775930366,0.7781112593481206
prelor_vs_lor_task2,full_standard_plus_gcc,72,50,25,0.5,0.488,0.5144921973122962,0.42000000000000004,0.42,0.29539514084901847,0.8056970243737084
prelor_vs_lor_task2,full_standard_plus_gcc,73,50,25,0.5,0.7168,0.7358596920919845,0.68,0.68,0.21382969769326532,0.6086799291359527
prelor_vs_lor_task2,full_standard_plus_gcc,74,50,25,0.5,0.5904,0.5967271708534485,0.5800000000000001,0.58,0.25902318712751576,0.7252123691669007
prelor_vs_lor_task2,full_standard_plus_gcc,75,50,25,0.5,0.4528,0.49739357534683937,0.44,0.44,0.28925035355059425,0.7863397532549012
prelor_vs_lor_task2,full_standard_plus_gcc,76,50,25,0.5,0.5311999999999999,0.5185951526117475,0.45999999999999996,0.46,0.27675982368402424,0.7615401171861754
prelor_vs_lor_task2,full_standard_plus_gcc,77,50,25,0.5,0.21600000000000003,0.36163475232903,0.30000000000000004,0.3,0.3198891983599921,0.8435827176008138
prelor_vs_lor_task2,full_standard_plus_gcc,78,50,25,0.5,0.5968,0.5507408568811503,0.62,0.62,0.25942633393105763,0.7265210606521173
prelor_vs_lor_task2,full_standard_plus_gcc,79,50,25,0.5,0.6256,0.5979205025844299,0.6000000000000001,0.6,0.2603014653552034,0.7514671350622816
prelor_vs_lor_task2,full_standard_plus_gcc,80,50,25,0.5,0.5760000000000001,0.5860077530944446,0.5800000000000001,0.58,0.2631492325203678,0.7316870145089373
prelor_vs_lor_task2,full_standard_plus_gcc,81,50,25,0.5,0.4896,0.5133514281934398,0.46,0.46,0.2795781058549371,0.7629922307139393
prelor_vs_lor_task2,full_standard_plus_gcc,82,50,25,0.5,0.2608,0.383768305147702,0.36,0.36,0.3114911165289634,0.8376698039200161
prelor_vs_lor_task2,full_standard_plus_gcc,83,50,25,0.5,0.37120000000000003,0.4208545102463722,0.42,0.42,0.3053015203573673,0.8174594288522262
prelor_vs_lor_task2,full_standard_plus_gcc,84,50,25,0.5,0.27199999999999996,0.3826301272411733,0.36,0.36,0.31439004769965195,0.8435054785209742
prelor_vs_lor_task2,full_standard_plus_gcc,85,50,25,0.5,0.6192000000000001,0.6019068676705621,0.68,0.68,0.259700705939599,0.7587670197855292
prelor_vs_lor_task2,full_standard_plus_gcc,86,50,25,0.5,0.6479999999999999,0.6029109416702517,0.64,0.64,0.24440595357277645,0.7178331185291756
prelor_vs_lor_task2,full_standard_plus_gcc,87,50,25,0.5,0.5568000000000001,0.5651181680703306,0.5800000000000001,0.58,0.2714846376580065,0.7695093530692528
prelor_vs_lor_task2,full_standard_plus_gcc,88,50,25,0.5,0.4656,0.503776381507053,0.44,0.44,0.28680488514410146,0.818465380007302
prelor_vs_lor_task2,full_standard_plus_gcc,89,50,25,0.5,0.752,0.7371376208519167,0.68,0.68,0.20223341791640925,0.5978266042116293
prelor_vs_lor_task2,full_standard_plus_gcc,90,50,25,0.5,0.6496000000000001,0.6473022061679118,0.66,0.66,0.24590176724874874,0.6999915939342862
prelor_vs_lor_task2,full_standard_plus_gcc,91,50,25,0.5,0.4848,0.5603386955240397,0.5,0.5,0.28781625251914533,0.8016846929449826
prelor_vs_lor_task2,full_standard_plus_gcc,92,50,25,0.5,0.4768,0.48308835358753877,0.48,0.48,0.29167207362361725,0.8326775230659397
prelor_vs_lor_task2,full_standard_plus_gcc,93,50,25,0.5,0.624,0.6092930283433995,0.64,0.64,0.2512945196514815,0.7419434526472567
prelor_vs_lor_task2,full_standard_plus_gcc,94,50,25,0.5,0.40320000000000006,0.46539522729349514,0.5,0.5,0.29291786559344773,0.7929536069795156
prelor_vs_lor_task2,full_standard_plus_gcc,95,50,25,0.5,0.4288,0.45760482007818415,0.45999999999999996,0.46,0.2875353586502547,0.7887291718259426
prelor_vs_lor_task2,full_standard_plus_gcc,96,50,25,0.5,0.6479999999999999,0.6429350966558994,0.64,0.64,0.24855196749423208,0.7183077252569174
prelor_vs_lor_task2,full_standard_plus_gcc,97,50,25,0.5,0.47359999999999997,0.5730946658617678,0.52,0.52,0.28569518056384446,0.776190951830782
prelor_vs_lor_task2,full_standard_plus_gcc,98,50,25,0.5,0.3312,0.40486630815689273,0.33999999999999997,0.34,0.30260939878788284,0.8070350560191234
prelor_vs_lor_task2,full_standard_plus_gcc,99,50,25,0.5,0.3792,0.4446327500478711,0.38,0.38,0.29859070705465035,0.8006458921990643
prelor_vs_lor_task2,full_standard_plus_gcc,100,50,25,0.5,0.7615999999999999,0.7917739732518796,0.78,0.78,0.20305676345749415,0.6101930356067969
lor_vs_ror_task3,confounds_motion_propofol,1,38,19,0.5,0.42382271468144045,0.47235976647071665,0.4473684210526315,0.4473684210526316,0.2965093702862673,0.8045258953483819
lor_vs_ror_task3,confounds_motion_propofol,2,38,19,0.5,0.5096952908587258,0.5530553350749831,0.5,0.5,0.27122156983340334,0.7503153116581696
lor_vs_ror_task3,confounds_motion_propofol,3,38,19,0.5,0.5844875346260388,0.5744867455939657,0.5789473684210527,0.5789473684210527,0.26630260025432984,0.7493556701575743
lor_vs_ror_task3,confounds_motion_propofol,4,38,19,0.5,0.4709141274238227,0.47112724233019165,0.5263157894736842,0.5263157894736842,0.2966859229416733,0.8178418077216089
lor_vs_ror_task3,confounds_motion_propofol,5,38,19,0.5,0.29085872576177285,0.3957355326086208,0.3421052631578947,0.34210526315789475,0.3101809603344756,0.8219098431396485
lor_vs_ror_task3,confounds_motion_propofol,6,38,19,0.5,0.3905817174515236,0.4427734933658023,0.5,0.5,0.30528505346310797,0.8328444202816897
lor_vs_ror_task3,confounds_motion_propofol,7,38,19,0.5,0.26592797783933514,0.3926844513309695,0.3157894736842105,0.3157894736842105,0.30511876250058395,0.8081394428851795
lor_vs_ror_task3,confounds_motion_propofol,8,38,19,0.5,0.6011080332409973,0.5586737030598055,0.5789473684210527,0.5789473684210527,0.2498794171671449,0.6991151519310532
lor_vs_ror_task3,confounds_motion_propofol,9,38,19,0.5,0.48199445983379496,0.5667993674609285,0.5526315789473684,0.5526315789473685,0.2784755811016724,0.7660505139321192
lor_vs_ror_task3,confounds_motion_propofol,10,38,19,0.5,0.6204986149584487,0.6962991249949453,0.5263157894736842,0.5263157894736842,0.25826151164636046,0.7186661451214601
lor_vs_ror_task3,confounds_motion_propofol,11,38,19,0.5,0.5401662049861495,0.5349500162727399,0.5526315789473684,0.5526315789473685,0.2677421639966643,0.7497060664914721
lor_vs_ror_task3,confounds_motion_propofol,12,38,19,0.5,0.3684210526315789,0.4458555086930373,0.3684210526315789,0.3684210526315789,0.2974240788411251,0.7953358392655572
lor_vs_ror_task3,confounds_motion_propofol,13,38,19,0.5,0.36288088642659283,0.42441873707168487,0.5263157894736842,0.5263157894736842,0.29959921430022723,0.8053970246479101
lor_vs_ror_task3,confounds_motion_propofol,14,38,19,0.5,0.368421052631579,0.4776223275184299,0.39473684210526316,0.39473684210526316,0.28569911923563646,0.7802042862194212
lor_vs_ror_task3,confounds_motion_propofol,15,38,19,0.5,0.7506925207756233,0.7921862902691086,0.6842105263157894,0.6842105263157895,0.1956384226343606,0.5630193839312896
lor_vs_ror_task3,confounds_motion_propofol,16,38,19,0.5,0.4487534626038781,0.4710401353042738,0.5,0.5,0.2908217318293205,0.7896380652924105
lor_vs_ror_task3,confounds_motion_propofol,17,38,19,0.5,0.4515235457063712,0.4499878324507567,0.5526315789473684,0.5526315789473685,0.28408434094842017,0.7867788837999278
lor_vs_ror_task3,confounds_motion_propofol,18,38,19,0.5,0.6094182825484764,0.5682725352076791,0.631578947368421,0.631578947368421,0.25484175965005346,0.7449067703674743
lor_vs_ror_task3,confounds_motion_propofol,19,38,19,0.5,0.5484764542936288,0.6248969714072687,0.5789473684210527,0.5789473684210527,0.25750341498340307,0.7121270931135325
lor_vs_ror_task3,confounds_motion_propofol,20,38,19,0.5,0.5706371191135734,0.5907144064916592,0.5789473684210527,0.5789473684210527,0.2587365979815866,0.7252235061642839
lor_vs_ror_task3,confounds_motion_propofol,21,38,19,0.5,0.20775623268698062,0.36317509830757266,0.39473684210526316,0.39473684210526316,0.30966131531908986,0.8230322222376
lor_vs_ror_task3,confounds_motion_propofol,22,38,19,0.5,0.12742382271468145,0.3421164648833477,0.2631578947368421,0.2631578947368421,0.3161142293158342,0.8345779171089157
lor_vs_ror_task3,confounds_motion_propofol,23,38,19,0.5,0.6177285318559557,0.5881844548495156,0.6052631578947368,0.6052631578947368,0.24115437132041392,0.7045267982037702
lor_vs_ror_task3,confounds_motion_propofol,24,38,19,0.5,0.44321329639889195,0.4555393896706309,0.47368421052631576,0.47368421052631576,0.2774194472850514,0.7552352580406589
lor_vs_ror_task3,confounds_motion_propofol,25,38,19,0.5,0.4238227146814404,0.49821085309590896,0.5,0.5,0.2876968877252035,0.8008218973216432
lor_vs_ror_task3,confounds_motion_propofol,26,38,19,0.5,0.4986149584487535,0.48469074079015134,0.5526315789473684,0.5526315789473685,0.273440606166188,0.7621474666202214
lor_vs_ror_task3,confounds_motion_propofol,27,38,19,0.5,0.7146814404432132,0.7518925862139156,0.6842105263157895,0.6842105263157895,0.22368593329255174,0.6587521455114014
lor_vs_ror_task3,confounds_motion_propofol,28,38,19,0.5,0.21329639889196678,0.3659986122101605,0.3421052631578947,0.34210526315789475,0.3118415435807151,0.824634289697801
lor_vs_ror_task3,confounds_motion_propofol,29,38,19,0.5,0.6260387811634349,0.5674586155569757,0.631578947368421,0.631578947368421,0.23073268709831432,0.6502942965787302
lor_vs_ror_task3,confounds_motion_propofol,30,38,19,0.5,0.024930747922437695,0.3237808071971314,0.05263157894736842,0.05263157894736842,0.31836140474803093,0.8328722989192093
lor_vs_ror_task3,confounds_motion_propofol,31,38,19,0.5,0.3601108033240997,0.4276950164953261,0.42105263157894735,0.42105263157894735,0.305834637192404,0.8217029007993044
lor_vs_ror_task3,confounds_motion_propofol,32,38,19,0.5,0.23268698060941825,0.3827224143875644,0.39473684210526316,0.39473684210526316,0.31178590192469435,0.8280182258391635
lor_vs_ror_task3,confounds_motion_propofol,33,38,19,0.5,0.4681440443213296,0.4940802981782317,0.5,0.5,0.28840874915792847,0.7963850622366462
lor_vs_ror_task3,confounds_motion_propofol,34,38,19,0.5,0.35180055401662047,0.41472949236965256,0.39473684210526316,0.39473684210526316,0.3040553900004057,0.8121440924734061
lor_vs_ror_task3,confounds_motion_propofol,35,38,19,0.5,0.5013850415512465,0.5372668577337507,0.5263157894736842,0.5263157894736842,0.27836039926910544,0.7711720741312846
lor_vs_ror_task3,confounds_motion_propofol,36,38,19,0.5,0.556786703601108,0.6870646984279369,0.5526315789473684,0.5526315789473685,0.2578322510986701,0.7103847580846597
lor_vs_ror_task3,confounds_motion_propofol,37,38,19,0.5,0.14681440443213295,0.34705410354762883,0.3157894736842105,0.3157894736842105,0.31991626251260563,0.8414229796355879
lor_vs_ror_task3,confounds_motion_propofol,38,38,19,0.5,0.2797783933518005,0.398744408547914,0.3157894736842105,0.3157894736842105,0.3112692784997419,0.8259342333252361
lor_vs_ror_task3,confounds_motion_propofol,39,38,19,0.5,0.4598337950138504,0.4667149101528944,0.42105263157894735,0.42105263157894735,0.29014274026932196,0.7819775709448605
lor_vs_ror_task3,confounds_motion_propofol,40,38,19,0.5,0.40997229916897504,0.47694422527133296,0.39473684210526316,0.39473684210526316,0.28448479201699106,0.7998839102569361
lor_vs_ror_task3,confounds_motion_propofol,41,38,19,0.5,0.4930747922437674,0.5126293453874885,0.5789473684210527,0.5789473684210527,0.28590615985492135,0.788474837226119
lor_vs_ror_task3,confounds_motion_propofol,42,38,19,0.5,0.19667590027700832,0.36135149255398685,0.2894736842105263,0.2894736842105263,0.312630500376472,0.8301467409941184
lor_vs_ror_task3,confounds_motion_propofol,43,38,19,0.5,0.368421052631579,0.530575224855161,0.42105263157894735,0.42105263157894735,0.28507374107539674,0.7658463025101463
lor_vs_ror_task3,confounds_motion_propofol,44,38,19,0.5,0.6675900277008311,0.580465376737578,0.736842105263158,0.7368421052631579,0.20690397646762657,0.591097203831864
lor_vs_ror_task3,confounds_motion_propofol,45,38,19,0.5,0.5346260387811634,0.638339844852253,0.47368421052631576,0.47368421052631576,0.26814018187466226,0.7437509885377345
lor_vs_ror_task3,confounds_motion_propofol,46,38,19,0.5,0.45429362880886426,0.46430005192029306,0.5,0.5,0.2876464697546477,0.7808800181632609
lor_vs_ror_task3,confounds_motion_propofol,47,38,19,0.5,0.31855955678670356,0.423760626295456,0.4473684210526315,0.4473684210526316,0.3074835747822845,0.8284231433189844
lor_vs_ror_task3,confounds_motion_propofol,48,38,19,0.5,0.13850415512465375,0.3471712568142461,0.2631578947368421,0.2631578947368421,0.3131040568251238,0.8242627425487838
lor_vs_ror_task3,confounds_motion_propofol,49,38,19,0.5,0.46260387811634346,0.5831705733960388,0.5789473684210527,0.5789473684210527,0.27581095347041784,0.7631938223462106
lor_vs_ror_task3,confounds_motion_propofol,50,38,19,0.5,0.48753462603878117,0.47666646714800265,0.5,0.5,0.28432985863343474,0.7881989348972431
lor_vs_ror_task3,confounds_motion_propofol,51,38,19,0.5,0.43490304709141275,0.45155254054739175,0.4736842105263158,0.47368421052631576,0.2916382052216151,0.7969089910736384
lor_vs_ror_task3,confounds_motion_propofol,52,38,19,0.5,0.46537396121883656,0.4681186000392742,0.5263157894736842,0.5263157894736842,0.2911989687004712,0.7932674405411084
lor_vs_ror_task3,confounds_motion_propofol,53,38,19,0.5,0.7285318559556786,0.7314842676665116,0.7368421052631579,0.7368421052631579,0.2148272626941059,0.6339840052100387
lor_vs_ror_task3,confounds_motion_propofol,54,38,19,0.5,0.26038781163434904,0.38442764992602174,0.3421052631578947,0.34210526315789475,0.313649167628113,0.8358885090327736
lor_vs_ror_task3,confounds_motion_propofol,55,38,19,0.5,0.5180055401662049,0.47831286828221253,0.631578947368421,0.631578947368421,0.2668856711318698,0.7391229300518529
lor_vs_ror_task3,confounds_motion_propofol,56,38,19,0.5,0.5263157894736843,0.48541432732706613,0.6052631578947368,0.6052631578947368,0.2543430360699623,0.7067688851735496
lor_vs_ror_task3,confounds_motion_propofol,57,38,19,0.5,0.42382271468144045,0.4961800210486458,0.47368421052631576,0.47368421052631576,0.2912326607362913,0.789247208474688
lor_vs_ror_task3,confounds_motion_propofol,58,38,19,0.5,0.5484764542936289,0.6666823921309346,0.5526315789473684,0.5526315789473685,0.2520748358353351,0.6990198513281728
lor_vs_ror_task3,confounds_motion_propofol,59,38,19,0.5,0.31301939058171746,0.4240169446922891,0.42105263157894735,0.42105263157894735,0.3055045485043218,0.8115774967543907
lor_vs_ror_task3,confounds_motion_propofol,60,38,19,0.5,0.6343490304709141,0.602959750393087,0.6578947368421053,0.6578947368421053,0.2431584451819256,0.6809984758177356
lor_vs_ror_task3,confounds_motion_propofol,61,38,19,0.5,0.6260387811634349,0.6330620498240636,0.6578947368421053,0.6578947368421053,0.24990281108014836,0.7393334434157954
lor_vs_ror_task3,confounds_motion_propofol,62,38,19,0.5,0.34349030470914127,0.42562846898131435,0.39473684210526316,0.39473684210526316,0.2967260462820209,0.794571072641107
lor_vs_ror_task3,confounds_motion_propofol,63,38,19,0.5,0.45983379501385035,0.5291482320466352,0.5526315789473684,0.5526315789473685,0.2885751879425245,0.8167587140396326
lor_vs_ror_task3,confounds_motion_propofol,64,38,19,0.5,0.39335180055401664,0.44012207932079206,0.4473684210526315,0.4473684210526316,0.30538014661208274,0.8220641145111287
lor_vs_ror_task3,confounds_motion_propofol,65,38,19,0.5,0.3795013850415513,0.4338775016938296,0.4736842105263158,0.47368421052631576,0.3046964330445165,0.8201345945247385
lor_vs_ror_task3,confounds_motion_propofol,66,38,19,0.5,0.4044321329639889,0.4722965661841735,0.4473684210526315,0.4473684210526316,0.2884406277396121,0.7841956193741043
lor_vs_ror_task3,confounds_motion_propofol,67,38,19,0.5,0.42105263157894735,0.4484694865431954,0.4473684210526315,0.4473684210526316,0.29467146592490917,0.7971866303809169
lor_vs_ror_task3,confounds_motion_propofol,68,38,19,0.5,0.4376731301939058,0.4610917435102245,0.5526315789473684,0.5526315789473685,0.2968372676111349,0.8052208990903427
lor_vs_ror_task3,confounds_motion_propofol,69,38,19,0.5,0.4210526315789474,0.44087931757722437,0.4736842105263158,0.47368421052631576,0.2901304061193891,0.7999502754833551
lor_vs_ror_task3,confounds_motion_propofol,70,38,19,0.5,0.44321329639889195,0.477243835930261,0.42105263157894735,0.42105263157894735,0.28207184547710745,0.762040165757675
lor_vs_ror_task3,confounds_motion_propofol,71,38,19,0.5,0.5346260387811634,0.5279479200077327,0.5263157894736842,0.5263157894736842,0.2630571393498463,0.7255150857121911
lor_vs_ror_task3,confounds_motion_propofol,72,38,19,0.5,0.4958448753462603,0.5322550801538357,0.5789473684210527,0.5789473684210527,0.28353090117128504,0.7804532344873719
lor_vs_ror_task3,confounds_motion_propofol,73,38,19,0.5,0.38227146814404434,0.5016765381751676,0.47368421052631576,0.47368421052631576,0.2907852647360241,0.8125397933750698
lor_vs_ror_task3,confounds_motion_propofol,74,38,19,0.5,0.3656509695290859,0.42880466019345415,0.5263157894736842,0.5263157894736842,0.29297765178717877,0.7980761772237993
lor_vs_ror_task3,confounds_motion_propofol,75,38,19,0.5,0.6260387811634349,0.582570106314017,0.631578947368421,0.631578947368421,0.2569425826563611,0.7361887853898141
lor_vs_ror_task3,confounds_motion_propofol,76,38,19,0.5,0.38227146814404434,0.4233684925325792,0.4473684210526315,0.4473684210526316,0.2969123415375459,0.8016060779552981
lor_vs_ror_task3,confounds_motion_propofol,77,38,19,0.5,0.41274238227146814,0.459287010621344,0.4473684210526315,0.4473684210526316,0.29891865563753717,0.8067906083401287
lor_vs_ror_task3,confounds_motion_propofol,78,38,19,0.5,0.6371191135734072,0.670030963920442,0.5526315789473684,0.5526315789473685,0.25006280555243277,0.7020131596832879
lor_vs_ror_task3,confounds_motion_propofol,79,38,19,0.5,0.2770083102493075,0.38565936306834353,0.39473684210526316,0.39473684210526316,0.3082245266052551,0.8204206931762745
lor_vs_ror_task3,confounds_motion_propofol,80,38,19,0.5,0.7146814404432132,0.6732750118225723,0.7105263157894737,0.7105263157894737,0.21608522352354798,0.6750762186042814
lor_vs_ror_task3,confounds_motion_propofol,81,38,19,0.5,0.5263157894736841,0.6025946013446013,0.6052631578947368,0.6052631578947368,0.2753557497484937,0.7591298515035474
lor_vs_ror_task3,confounds_motion_propofol,82,38,19,0.5,0.7174515235457063,0.7679504000738118,0.6578947368421053,0.6578947368421053,0.2137461695384258,0.6116934147195089
lor_vs_ror_task3,confounds_motion_propofol,83,38,19,0.5,0.16897506925207756,0.35309198741768444,0.2894736842105263,0.2894736842105263,0.310218876955736,0.8296431134684877
lor_vs_ror_task3,confounds_motion_propofol,84,38,19,0.5,0.5678670360110804,0.5433344155433266,0.5526315789473684,0.5526315789473685,0.2711838914795433,0.7657691857695014
lor_vs_ror_task3,confounds_motion_propofol,85,38,19,0.5,0.4570637119113573,0.4699498631118999,0.5263157894736842,0.5263157894736842,0.2935503890667149,0.796226084266516
lor_vs_ror_task3,confounds_motion_propofol,86,38,19,0.5,0.6786703601108033,0.6494288199658718,0.6578947368421053,0.6578947368421053,0.2316240711183522,0.6614746367853291
lor_vs_ror_task3,confounds_motion_propofol,87,38,19,0.5,0.47091412742382266,0.5057830809344854,0.5,0.5,0.2883813916685434,0.7898075486554644
lor_vs_ror_task3,confounds_motion_propofol,88,38,19,0.5,0.5706371191135734,0.5720357198920066,0.5789473684210527,0.5789473684210527,0.26988724033917916,0.7723233383938277
lor_vs_ror_task3,confounds_motion_propofol,89,38,19,0.5,0.6038781163434903,0.6925256409381122,0.6052631578947368,0.6052631578947368,0.24597091246474193,0.6882894872100064
lor_vs_ror_task3,confounds_motion_propofol,90,38,19,0.5,0.6454293628808865,0.5665076076440945,0.6842105263157895,0.6842105263157895,0.23856082190531652,0.682170308937675
lor_vs_ror_task3,confounds_motion_propofol,91,38,19,0.5,0.2770083102493075,0.3884362940516191,0.3684210526315789,0.3684210526315789,0.3113887016452698,0.8320751552890809
lor_vs_ror_task3,confounds_motion_propofol,92,38,19,0.5,0.5706371191135734,0.667414841367783,0.6052631578947368,0.6052631578947368,0.24812445825458307,0.686266671315337
lor_vs_ror_task3,confounds_motion_propofol,93,38,19,0.5,0.445983379501385,0.4662342803741023,0.5526315789473684,0.5526315789473685,0.2955266366779662,0.8011965500090727
lor_vs_ror_task3,confounds_motion_propofol,94,38,19,0.5,0.46537396121883656,0.5256408858951342,0.39473684210526316,0.39473684210526316,0.28462365422726144,0.7659508475846352
lor_vs_ror_task3,confounds_motion_propofol,95,38,19,0.5,0.3739612188365651,0.4368481610101144,0.42105263157894735,0.42105263157894735,0.29875018244149665,0.8125255772460754
lor_vs_ror_task3,confounds_motion_propofol,96,38,19,0.5,0.4792243767313019,0.5101243465753813,0.5789473684210527,0.5789473684210527,0.29380019315374417,0.8235700902312257
lor_vs_ror_task3,confounds_motion_propofol,97,38,19,0.5,0.21329639889196675,0.37159725242310276,0.2631578947368421,0.2631578947368421,0.30512497753146584,0.8107614571610157
lor_vs_ror_task3,confounds_motion_propofol,98,38,19,0.5,0.3850415512465374,0.4548292931141368,0.42105263157894735,0.42105263157894735,0.3041440451498221,0.8154452037277032
lor_vs_ror_task3,confounds_motion_propofol,99,38,19,0.5,0.5263157894736842,0.5168376216186348,0.5,0.5,0.2734070875505853,0.7547257751703951
lor_vs_ror_task3,confounds_motion_propofol,100,38,19,0.5,0.46814404432132967,0.4913291050925742,0.5263157894736842,0.5263157894736842,0.29114769465355134,0.8131418915553205
lor_vs_ror_task3,standard_fc_plus_confounds,1,38,19,0.5,0.4265927977839335,0.48913068872691595,0.39473684210526316,0.39473684210526316,0.29678276499916423,0.8155161746581077
lor_vs_ror_task3,standard_fc_plus_confounds,2,38,19,0.5,0.5290858725761773,0.6109538311143854,0.5789473684210527,0.5789473684210527,0.28478190118684715,0.7870822791611819
lor_vs_ror_task3,standard_fc_plus_confounds,3,38,19,0.5,0.5983379501385041,0.5539071446016965,0.5789473684210527,0.5789473684210527,0.27239523877462557,0.7869088080784123
lor_vs_ror_task3,standard_fc_plus_confounds,4,38,19,0.5,0.37119113573407203,0.42922774245529666,0.5,0.5,0.3106071490099778,0.8285695370331424
lor_vs_ror_task3,standard_fc_plus_confounds,5,38,19,0.5,0.4238227146814404,0.47616491763143215,0.5,0.5,0.3052375786928271,0.8249053738421378
lor_vs_ror_task3,standard_fc_plus_confounds,6,38,19,0.5,0.6952908587257618,0.6296038617138922,0.7105263157894737,0.7105263157894737,0.22892133665345185,0.6649815409086842
lor_vs_ror_task3,standard_fc_plus_confounds,7,38,19,0.5,0.5789473684210527,0.6100614339759829,0.5789473684210527,0.5789473684210527,0.27229016071387246,0.7803380841961752
lor_vs_ror_task3,standard_fc_plus_confounds,8,38,19,0.5,0.47922437673130186,0.5055781552618274,0.5,0.5,0.28848475049410066,0.7936778935061075
lor_vs_ror_task3,standard_fc_plus_confounds,9,38,19,0.5,0.4709141274238227,0.5026120675526448,0.5263157894736842,0.5263157894736842,0.2952382486337099,0.807575616289128
lor_vs_ror_task3,standard_fc_plus_confounds,10,38,19,0.5,0.3822714681440443,0.44934932709700515,0.42105263157894735,0.42105263157894735,0.3183364676177141,0.8497857577976656
lor_vs_ror_task3,standard_fc_plus_confounds,11,38,19,0.5,0.18836565096952912,0.35727306299591144,0.3421052631578947,0.34210526315789475,0.3267484383210372,0.8551540793031368
lor_vs_ror_task3,standard_fc_plus_confounds,12,38,19,0.5,0.775623268698061,0.6830736157203066,0.763157894736842,0.7631578947368421,0.18675089369495984,0.5831492295505364
lor_vs_ror_task3,standard_fc_plus_confounds,13,38,19,0.5,0.4598337950138504,0.48197919655038984,0.5526315789473684,0.5526315789473685,0.29263267210439486,0.8084176491118088
lor_vs_ror_task3,standard_fc_plus_confounds,14,38,19,0.5,0.5983379501385042,0.596772359574784,0.5789473684210527,0.5789473684210527,0.2576021874435644,0.7176383324781705
lor_vs_ror_task3,standard_fc_plus_confounds,15,38,19,0.5,0.5706371191135734,0.662152161574161,0.5526315789473684,0.5526315789473685,0.2872118884237266,0.8419589423414671
lor_vs_ror_task3,standard_fc_plus_confounds,16,38,19,0.5,0.5235457063711911,0.5169348208417985,0.5,0.5,0.28124837964810456,0.783009842049302
lor_vs_ror_task3,standard_fc_plus_confounds,17,38,19,0.5,0.3490304709141274,0.4490551164075762,0.3684210526315789,0.3684210526315789,0.30338653889999906,0.8068581845749547
lor_vs_ror_task3,standard_fc_plus_confounds,18,38,19,0.5,0.5401662049861495,0.5604428130743919,0.5526315789473684,0.5526315789473685,0.27545479065639666,0.7776552138509164
lor_vs_ror_task3,standard_fc_plus_confounds,19,38,19,0.5,0.631578947368421,0.5848532858855259,0.631578947368421,0.631578947368421,0.2529157046381207,0.7581772347998994
lor_vs_ror_task3,standard_fc_plus_confounds,20,38,19,0.5,0.7340720221606648,0.7228392781545201,0.736842105263158,0.7368421052631579,0.2135630174535141,0.6507913015273821
lor_vs_ror_task3,standard_fc_plus_confounds,21,38,19,0.5,0.4265927977839335,0.4427978865874837,0.47368421052631576,0.47368421052631576,0.30220851144535715,0.8189341572595289
lor_vs_ror_task3,standard_fc_plus_confounds,22,38,19,0.5,0.554016620498615,0.5299896390547877,0.47368421052631576,0.47368421052631576,0.2534908671916695,0.6959937909546484
lor_vs_ror_task3,standard_fc_plus_confounds,23,38,19,0.5,0.29639889196675895,0.406627442774522,0.2631578947368421,0.2631578947368421,0.3155943520559757,0.838280777271833
lor_vs_ror_task3,standard_fc_plus_confounds,24,38,19,0.5,0.6509695290858725,0.688061956396444,0.6842105263157895,0.6842105263157895,0.24183928931104673,0.7498450489984538
lor_vs_ror_task3,standard_fc_plus_confounds,25,38,19,0.5,0.6066481994459834,0.5830890873436108,0.631578947368421,0.631578947368421,0.25858331843251736,0.7325483040870793
lor_vs_ror_task3,standard_fc_plus_confounds,26,38,19,0.5,0.42382271468144045,0.49210639998851735,0.42105263157894735,0.42105263157894735,0.3075503946620537,0.8240684538424101
lor_vs_ror_task3,standard_fc_plus_confounds,27,38,19,0.5,0.3379501385041551,0.4186527409562464,0.39473684210526316,0.39473684210526316,0.3179100721241217,0.8458210561390237
lor_vs_ror_task3,standard_fc_plus_confounds,28,38,19,0.5,0.5401662049861495,0.5052464631950887,0.5789473684210527,0.5789473684210527,0.27247294842544373,0.7659421372808618
lor_vs_ror_task3,standard_fc_plus_confounds,29,38,19,0.5,0.5318559556786704,0.5841880056545202,0.6052631578947368,0.6052631578947368,0.27030242251298864,0.7556320780964811
lor_vs_ror_task3,standard_fc_plus_confounds,30,38,19,0.5,0.5180055401662049,0.4980374651115649,0.5,0.5,0.27964950122926174,0.7734859341660584
lor_vs_ror_task3,standard_fc_plus_confounds,31,38,19,0.5,0.5290858725761772,0.553598597149006,0.5263157894736842,0.5263157894736842,0.2762223951858505,0.7673283054225073
lor_vs_ror_task3,standard_fc_plus_confounds,32,38,19,0.5,0.25207756232686984,0.3797152002894406,0.42105263157894735,0.42105263157894735,0.3302525983659459,0.868166843645506
lor_vs_ror_task3,standard_fc_plus_confounds,33,38,19,0.5,0.5429362880886426,0.5540661653133049,0.5263157894736842,0.5263157894736842,0.2761303910123959,0.7706506397999717
lor_vs_ror_task3,standard_fc_plus_confounds,34,38,19,0.5,0.6260387811634349,0.6265204446724505,0.6052631578947368,0.6052631578947368,0.23774537191152664,0.6816631338059534
lor_vs_ror_task3,standard_fc_plus_confounds,35,38,19,0.5,0.6260387811634349,0.6260607941516984,0.5526315789473684,0.5526315789473685,0.2558691973712498,0.7428753771071214
lor_vs_ror_task3,standard_fc_plus_confounds,36,38,19,0.5,0.5429362880886426,0.5442375580933431,0.5789473684210527,0.5789473684210527,0.27755884157927463,0.7657222522703984
lor_vs_ror_task3,standard_fc_plus_confounds,37,38,19,0.5,0.2548476454293629,0.39689758739595926,0.3421052631578947,0.34210526315789475,0.32902204413340835,0.8708891640344092
lor_vs_ror_task3,standard_fc_plus_confounds,38,38,19,0.5,0.5041551246537397,0.474127415708964,0.5526315789473684,0.5526315789473685,0.2749526366154324,0.7528411672762519
lor_vs_ror_task3,standard_fc_plus_confounds,39,38,19,0.5,0.5595567867036011,0.5594362212661056,0.5,0.5,0.27305746636247014,0.7847252604356145
lor_vs_ror_task3,standard_fc_plus_confounds,40,38,19,0.5,0.4487534626038781,0.47547533175298884,0.47368421052631576,0.47368421052631576,0.29249965016839774,0.7922823139755333
lor_vs_ror_task3,standard_fc_plus_confounds,41,38,19,0.5,0.5734072022160666,0.5600748107685256,0.631578947368421,0.631578947368421,0.27150549810964203,0.7877377723439912
lor_vs_ror_task3,standard_fc_plus_confounds,42,38,19,0.5,0.5041551246537396,0.4912938557830199,0.5526315789473684,0.5526315789473685,0.28757859517553663,0.7906392230349882
lor_vs_ror_task3,standard_fc_plus_confounds,43,38,19,0.5,0.6426592797783933,0.6409113898019518,0.6842105263157895,0.6842105263157895,0.24356275558506826,0.7044473308725194
lor_vs_ror_task3,standard_fc_plus_confounds,44,38,19,0.5,0.8116343490304709,0.7506914350547936,0.7105263157894737,0.7105263157894737,0.18824420540940756,0.6982108256001714
lor_vs_ror_task3,standard_fc_plus_confounds,45,38,19,0.5,0.4681440443213296,0.49444416682181497,0.4736842105263158,0.47368421052631576,0.2969414463379074,0.8212963133498951
lor_vs_ror_task3,standard_fc_plus_confounds,46,38,19,0.5,0.698060941828255,0.7295183072843165,0.631578947368421,0.631578947368421,0.22812333442991953,0.6535338420439716
lor_vs_ror_task3,standard_fc_plus_confounds,47,38,19,0.5,0.6343490304709141,0.6830028412646141,0.5789473684210527,0.5789473684210527,0.24538571062592532,0.6833080021037632
lor_vs_ror_task3,standard_fc_plus_confounds,48,38,19,0.5,0.4736842105263158,0.49641756238867496,0.5263157894736842,0.5263157894736842,0.2960917080323586,0.8096975415608109
lor_vs_ror_task3,standard_fc_plus_confounds,49,38,19,0.5,0.41274238227146814,0.49766522760906245,0.42105263157894735,0.42105263157894735,0.30159944371057346,0.8168432617002009
lor_vs_ror_task3,standard_fc_plus_confounds,50,38,19,0.5,0.40997229916897504,0.4725277099862852,0.4473684210526315,0.4473684210526316,0.3073206447356292,0.826306451513171
lor_vs_ror_task3,standard_fc_plus_confounds,51,38,19,0.5,0.31855955678670356,0.4564034994182053,0.39473684210526316,0.39473684210526316,0.31954728297123575,0.8451815672416408
lor_vs_ror_task3,standard_fc_plus_confounds,52,38,19,0.5,0.44321329639889195,0.5115857602800373,0.5,0.5,0.2944884493914987,0.7958274126421826
lor_vs_ror_task3,standard_fc_plus_confounds,53,38,19,0.5,0.8199445983379502,0.8610389255327149,0.763157894736842,0.7631578947368421,0.17304380448827986,0.5400668432891088
lor_vs_ror_task3,standard_fc_plus_confounds,54,38,19,0.5,0.5955678670360111,0.5440114831939012,0.6052631578947368,0.6052631578947368,0.27592454658940363,0.8313846655599072
lor_vs_ror_task3,standard_fc_plus_confounds,55,38,19,0.5,0.628808864265928,0.5740281082956658,0.5789473684210527,0.5789473684210527,0.2614659983760498,0.7522709277380962
lor_vs_ror_task3,standard_fc_plus_confounds,56,38,19,0.5,0.6343490304709142,0.6626102109937804,0.5526315789473684,0.5526315789473685,0.24248694078036317,0.6785533802229436
lor_vs_ror_task3,standard_fc_plus_confounds,57,38,19,0.5,0.5096952908587258,0.5689905674850142,0.5263157894736842,0.5263157894736842,0.28757186794029943,0.7918182928045269
lor_vs_ror_task3,standard_fc_plus_confounds,58,38,19,0.5,0.4404432132963989,0.4610275891260611,0.4473684210526315,0.4473684210526316,0.3032499870718222,0.81726610047226
lor_vs_ror_task3,standard_fc_plus_confounds,59,38,19,0.5,0.4238227146814404,0.45252232827781164,0.4473684210526315,0.4473684210526316,0.29828624581972407,0.8298345488270309
lor_vs_ror_task3,standard_fc_plus_confounds,60,38,19,0.5,0.30193905817174516,0.3996887665084933,0.42105263157894735,0.42105263157894735,0.32455333691785254,0.8587954310714206
lor_vs_ror_task3,standard_fc_plus_confounds,61,38,19,0.5,0.33518005540166207,0.4164672675343886,0.3684210526315789,0.3684210526315789,0.3076675339077521,0.8184822255778981
lor_vs_ror_task3,standard_fc_plus_confounds,62,38,19,0.5,0.3656509695290859,0.4957053881714323,0.3684210526315789,0.3684210526315789,0.29862334182047184,0.8284476502416389
lor_vs_ror_task3,standard_fc_plus_confounds,63,38,19,0.5,0.5872576177285318,0.5371186657227847,0.5789473684210527,0.5789473684210527,0.26313055239729655,0.7510106005951828
lor_vs_ror_task3,standard_fc_plus_confounds,64,38,19,0.5,0.45152354570637115,0.47807814096093776,0.47368421052631576,0.47368421052631576,0.29707789905759213,0.8024908342095035
lor_vs_ror_task3,standard_fc_plus_confounds,65,38,19,0.5,0.5872576177285318,0.5502153441191244,0.5526315789473684,0.5526315789473685,0.2721981890872836,0.7692709214391477
lor_vs_ror_task3,standard_fc_plus_confounds,66,38,19,0.5,0.6759002770083102,0.6325315878090737,0.631578947368421,0.631578947368421,0.2377210993754666,0.6980800464276216
lor_vs_ror_task3,standard_fc_plus_confounds,67,38,19,0.5,0.4515235457063712,0.46349322443326324,0.5526315789473684,0.5526315789473685,0.30410113575665804,0.8489663185253723
lor_vs_ror_task3,standard_fc_plus_confounds,68,38,19,0.5,0.3878116343490305,0.4408674915448134,0.42105263157894735,0.42105263157894735,0.306980435827897,0.8182952761553646
lor_vs_ror_task3,standard_fc_plus_confounds,69,38,19,0.5,0.5013850415512466,0.5625459059066965,0.5789473684210527,0.5789473684210527,0.28339938750059185,0.7942183359623184
lor_vs_ror_task3,standard_fc_plus_confounds,70,38,19,0.5,0.23822714681440446,0.3892810265057688,0.2631578947368421,0.2631578947368421,0.3198231549107377,0.8418011528006917
lor_vs_ror_task3,standard_fc_plus_confounds,71,38,19,0.5,0.3434903047091413,0.408075355098824,0.39473684210526316,0.39473684210526316,0.31124317005088636,0.8284236179300284
lor_vs_ror_task3,standard_fc_plus_confounds,72,38,19,0.5,0.4376731301939058,0.4467673755514454,0.4736842105263158,0.47368421052631576,0.29588542704494786,0.8070351220857774
lor_vs_ror_task3,standard_fc_plus_confounds,73,38,19,0.5,0.34349030470914127,0.42116312332167744,0.3684210526315789,0.3684210526315789,0.31399851224845665,0.8402825349759285
lor_vs_ror_task3,standard_fc_plus_confounds,74,38,19,0.5,0.48199445983379496,0.5004755435018593,0.5789473684210527,0.5789473684210527,0.2962177977846327,0.8164344168869457
lor_vs_ror_task3,standard_fc_plus_confounds,75,38,19,0.5,0.3961218836565097,0.4740900311451884,0.39473684210526316,0.39473684210526316,0.3108188870190816,0.8291827720526624
lor_vs_ror_task3,standard_fc_plus_confounds,76,38,19,0.5,0.4265927977839335,0.46097233354448974,0.4473684210526315,0.4473684210526316,0.2969373320836799,0.8109074083819122
lor_vs_ror_task3,standard_fc_plus_confounds,77,38,19,0.5,0.6620498614958449,0.7292462945083613,0.6052631578947368,0.6052631578947368,0.23616405943989993,0.6711626173674087
lor_vs_ror_task3,standard_fc_plus_confounds,78,38,19,0.5,0.3850415512465374,0.4579982858499193,0.3684210526315789,0.3684210526315789,0.3110714147557722,0.8394013312290841
lor_vs_ror_task3,standard_fc_plus_confounds,79,38,19,0.5,0.4293628808864266,0.4927400803549394,0.42105263157894735,0.42105263157894735,0.2957840658325905,0.807756104357195
lor_vs_ror_task3,standard_fc_plus_confounds,80,38,19,0.5,0.481994459833795,0.4947155970712511,0.5263157894736842,0.5263157894736842,0.2867901682250249,0.7844115995678032
lor_vs_ror_task3,standard_fc_plus_confounds,81,38,19,0.5,0.12742382271468145,0.34644417961568164,0.21052631578947367,0.21052631578947367,0.3345943358502101,0.8782536661074081
lor_vs_ror_task3,standard_fc_plus_confounds,82,38,19,0.5,0.44598337950138506,0.4916660928694495,0.47368421052631576,0.47368421052631576,0.2962917187284892,0.8066723080968529
lor_vs_ror_task3,standard_fc_plus_confounds,83,38,19,0.5,0.42659279778393355,0.4758173693653709,0.42105263157894735,0.42105263157894735,0.30528269729202523,0.8322214577316952
lor_vs_ror_task3,standard_fc_plus_confounds,84,38,19,0.5,0.4986149584487534,0.6387263850063003,0.42105263157894735,0.42105263157894735,0.27298424401667687,0.7408649197847159
lor_vs_ror_task3,standard_fc_plus_confounds,85,38,19,0.5,0.8254847645429363,0.8383627701772807,0.763157894736842,0.7631578947368421,0.17769646287730523,0.5865682031070282
lor_vs_ror_task3,standard_fc_plus_confounds,86,38,19,0.5,0.4792243767313019,0.5079776645792979,0.5,0.5,0.28676006995115433,0.7900778609513116
lor_vs_ror_task3,standard_fc_plus_confounds,87,38,19,0.5,0.48753462603878117,0.5224758573696773,0.5263157894736842,0.5263157894736842,0.2834140077988941,0.7767100932735035
lor_vs_ror_task3,standard_fc_plus_confounds,88,38,19,0.5,0.26869806094182824,0.38224999916202224,0.3421052631578947,0.34210526315789475,0.33098237115227674,0.8713275598820637
lor_vs_ror_task3,standard_fc_plus_confounds,89,38,19,0.5,0.24653739612188366,0.37465718286230915,0.2631578947368421,0.2631578947368421,0.3297290476868208,0.8687311721091334
lor_vs_ror_task3,standard_fc_plus_confounds,90,38,19,0.5,0.5650969529085872,0.6156062610791595,0.5789473684210527,0.5789473684210527,0.26771210703085097,0.7471327375847091
lor_vs_ror_task3,standard_fc_plus_confounds,91,38,19,0.5,0.6094182825484764,0.714910155157833,0.7105263157894737,0.7105263157894737,0.24838821957686977,0.717929210403403
lor_vs_ror_task3,standard_fc_plus_confounds,92,38,19,0.5,0.6011080332409973,0.5456436458499972,0.6578947368421053,0.6578947368421053,0.26263523104994496,0.7676962111090591
lor_vs_ror_task3,standard_fc_plus_confounds,93,38,19,0.5,0.40166204986149584,0.4309237310995003,0.47368421052631576,0.47368421052631576,0.3005424272240537,0.8133266744319256
lor_vs_ror_task3,standard_fc_plus_confounds,94,38,19,0.5,0.47368421052631576,0.552318906225998,0.42105263157894735,0.42105263157894735,0.2918118973661694,0.7879532262268295
lor_vs_ror_task3,standard_fc_plus_confounds,95,38,19,0.5,0.6398891966759003,0.5842865121193312,0.6842105263157894,0.6842105263157895,0.2537831727280294,0.7272881869089379
lor_vs_ror_task3,standard_fc_plus_confounds,96,38,19,0.5,0.3545706371191135,0.4603760432245988,0.3684210526315789,0.3684210526315789,0.30391933635750384,0.8158631158600588
lor_vs_ror_task3,standard_fc_plus_confounds,97,38,19,0.5,0.43767313019390586,0.45854697883493345,0.4473684210526315,0.4473684210526316,0.30771646143401304,0.8412835743993506
lor_vs_ror_task3,standard_fc_plus_confounds,98,38,19,0.5,0.5013850415512465,0.578618551946158,0.5526315789473684,0.5526315789473685,0.2856110946932703,0.7810215200809519
lor_vs_ror_task3,standard_fc_plus_confounds,99,38,19,0.5,0.4376731301939058,0.4900235651396642,0.5,0.5,0.30175311724391796,0.8355867919423371
lor_vs_ror_task3,standard_fc_plus_confounds,100,38,19,0.5,0.7313019390581718,0.6803953034781218,0.6578947368421053,0.6578947368421053,0.2137395267648645,0.6550844823908357
lor_vs_ror_task3,gcc_core_plus_confounds,1,38,19,0.5,0.3462603878116344,0.4427015478997902,0.42105263157894735,0.42105263157894735,0.30925222969455207,0.8362635262835447
lor_vs_ror_task3,gcc_core_plus_confounds,2,38,19,0.5,0.35180055401662047,0.4210670465887323,0.42105263157894735,0.42105263157894735,0.32428784159891916,0.8793880364534417
lor_vs_ror_task3,gcc_core_plus_confounds,3,38,19,0.5,0.3739612188365651,0.4529387094209076,0.5,0.5,0.31371395063745205,0.8690076738490986
lor_vs_ror_task3,gcc_core_plus_confounds,4,38,19,0.5,0.6177285318559557,0.602118722306925,0.631578947368421,0.631578947368421,0.25955743061526215,0.7437496332454294
lor_vs_ror_task3,gcc_core_plus_confounds,5,38,19,0.5,0.5013850415512466,0.5230060685836843,0.5526315789473684,0.5526315789473685,0.2818791701272938,0.7765291789145369
lor_vs_ror_task3,gcc_core_plus_confounds,6,38,19,0.5,0.27146814404432135,0.3957983756072543,0.3421052631578947,0.34210526315789475,0.32857464339566833,0.8659908947514557
lor_vs_ror_task3,gcc_core_plus_confounds,7,38,19,0.5,0.5512465373961218,0.6009968783652994,0.6052631578947368,0.6052631578947368,0.2634291567042033,0.7452983350917184
lor_vs_ror_task3,gcc_core_plus_confounds,8,38,19,0.5,0.48753462603878117,0.536329462100743,0.4473684210526315,0.4473684210526316,0.3001230714774983,0.8295363560600039
lor_vs_ror_task3,gcc_core_plus_confounds,9,38,19,0.5,0.5623268698060941,0.5558846403212487,0.5526315789473684,0.5526315789473685,0.2644406546000448,0.7277734047393164
lor_vs_ror_task3,gcc_core_plus_confounds,10,38,19,0.5,0.3684210526315789,0.4344356239455902,0.39473684210526316,0.39473684210526316,0.31820184751359076,0.8499564583762038
lor_vs_ror_task3,gcc_core_plus_confounds,11,38,19,0.5,0.47091412742382266,0.6106881018619614,0.5526315789473684,0.5526315789473685,0.2805728389367674,0.764929991889398
lor_vs_ror_task3,gcc_core_plus_confounds,12,38,19,0.5,0.5263157894736842,0.5276339557415408,0.5,0.5,0.2735580593177867,0.7566986217422333
lor_vs_ror_task3,gcc_core_plus_confounds,13,38,19,0.5,0.37950138504155123,0.4425064701502507,0.42105263157894735,0.42105263157894735,0.31748509184915435,0.8510482829634772
lor_vs_ror_task3,gcc_core_plus_confounds,14,38,19,0.5,0.4210526315789473,0.4845570660712335,0.39473684210526316,0.39473684210526316,0.29490750588306164,0.7945605330687951
lor_vs_ror_task3,gcc_core_plus_confounds,15,38,19,0.5,0.23545706371191139,0.37098409128749954,0.2894736842105263,0.2894736842105263,0.32978753625682383,0.8703537872840982
lor_vs_ror_task3,gcc_core_plus_confounds,16,38,19,0.5,0.4155124653739612,0.4493847614058948,0.5,0.5,0.30657417389391217,0.8355212136177655
lor_vs_ror_task3,gcc_core_plus_confounds,17,38,19,0.5,0.5706371191135734,0.6094337929933691,0.5263157894736842,0.5263157894736842,0.25963067531844447,0.7112711260001187
lor_vs_ror_task3,gcc_core_plus_confounds,18,38,19,0.5,0.551246537396122,0.5749373795585773,0.5263157894736842,0.5263157894736842,0.2787506856151328,0.7725193701519693
lor_vs_ror_task3,gcc_core_plus_confounds,19,38,19,0.5,0.5041551246537396,0.5682477312273577,0.5789473684210527,0.5789473684210527,0.2894901436313282,0.8078684394938063
lor_vs_ror_task3,gcc_core_plus_confounds,20,38,19,0.5,0.22991689750692523,0.37235155854975605,0.3421052631578947,0.34210526315789475,0.32893944841332245,0.8696751341891543
lor_vs_ror_task3,gcc_core_plus_confounds,21,38,19,0.5,0.5346260387811634,0.5396321579920972,0.5526315789473684,0.5526315789473685,0.27836154243265815,0.7635133941452338
lor_vs_ror_task3,gcc_core_plus_confounds,22,38,19,0.5,0.3268698060941828,0.4306543128493298,0.42105263157894735,0.42105263157894735,0.3210348243353661,0.8582035283191625
lor_vs_ror_task3,gcc_core_plus_confounds,23,38,19,0.5,0.5346260387811634,0.5210988687449742,0.5526315789473684,0.5526315789473685,0.28412131275212255,0.7872201722825606
lor_vs_ror_task3,gcc_core_plus_confounds,24,38,19,0.5,0.6232686980609418,0.6749725468285217,0.6052631578947368,0.6052631578947368,0.25095318728646704,0.7021688108763925
lor_vs_ror_task3,gcc_core_plus_confounds,25,38,19,0.5,0.5235457063711911,0.5298402451855118,0.5263157894736842,0.5263157894736842,0.2852510156087198,0.8000706856732753
lor_vs_ror_task3,gcc_core_plus_confounds,26,38,19,0.5,0.5484764542936288,0.6910364785684477,0.5526315789473684,0.5526315789473685,0.25379314824149557,0.7058589871722177
lor_vs_ror_task3,gcc_core_plus_confounds,27,38,19,0.5,0.6343490304709141,0.6225749005254182,0.6578947368421053,0.6578947368421053,0.25576501488158726,0.7280191449618773
lor_vs_ror_task3,gcc_core_plus_confounds,28,38,19,0.5,0.27146814404432135,0.41915690152128204,0.3421052631578947,0.34210526315789475,0.32661270753207083,0.8592046401952059
lor_vs_ror_task3,gcc_core_plus_confounds,29,38,19,0.5,0.5401662049861496,0.5305707046041865,0.5789473684210527,0.5789473684210527,0.2772520353860813,0.7786516839783645
lor_vs_ror_task3,gcc_core_plus_confounds,30,38,19,0.5,0.4570637119113573,0.4779477545958276,0.4473684210526315,0.4473684210526316,0.30076789265664855,0.8175263726852599
lor_vs_ror_task3,gcc_core_plus_confounds,31,38,19,0.5,0.4182825484764543,0.4775781371544595,0.5263157894736842,0.5263157894736842,0.29927339393852265,0.8098217615693601
lor_vs_ror_task3,gcc_core_plus_confounds,32,38,19,0.5,0.5373961218836565,0.5689008531423392,0.5263157894736842,0.5263157894736842,0.28145261104160835,0.7828784296932718
lor_vs_ror_task3,gcc_core_plus_confounds,33,38,19,0.5,0.6592797783933518,0.6169244713035611,0.631578947368421,0.631578947368421,0.246188988096316,0.7214223200721277
lor_vs_ror_task3,gcc_core_plus_confounds,34,38,19,0.5,0.631578947368421,0.6294493867434371,0.6052631578947368,0.6052631578947368,0.2536032196740351,0.7575862716789291
lor_vs_ror_task3,gcc_core_plus_confounds,35,38,19,0.5,0.7036011080332409,0.669309687501211,0.6842105263157894,0.6842105263157895,0.23026977282117864,0.7061970181652963
lor_vs_ror_task3,gcc_core_plus_confounds,36,38,19,0.5,0.6011080332409973,0.5923283599535722,0.6052631578947368,0.6052631578947368,0.2717250916101589,0.7705698536166432
lor_vs_ror_task3,gcc_core_plus_confounds,37,38,19,0.5,0.554016620498615,0.5699020000093407,0.631578947368421,0.631578947368421,0.27270300578986884,0.765980996586731
lor_vs_ror_task3,gcc_core_plus_confounds,38,38,19,0.5,0.7534626038781163,0.6741151878556146,0.763157894736842,0.7631578947368421,0.20274660265461622,0.6555454603469247
lor_vs_ror_task3,gcc_core_plus_confounds,39,38,19,0.5,0.5761772853185595,0.5615900719348539,0.6052631578947368,0.6052631578947368,0.271912701936961,0.7922227839722197
lor_vs_ror_task3,gcc_core_plus_confounds,40,38,19,0.5,0.7091412742382271,0.7150752506981461,0.5789473684210527,0.5789473684210527,0.1992630398685917,0.5631313569789175
lor_vs_ror_task3,gcc_core_plus_confounds,41,38,19,0.5,0.6537396121883656,0.6094845599876559,0.6578947368421053,0.6578947368421053,0.24387499995629602,0.6932830193535928
lor_vs_ror_task3,gcc_core_plus_confounds,42,38,19,0.5,0.23268698060941828,0.3767059612967519,0.2894736842105263,0.2894736842105263,0.3327502845291252,0.8737821538394644
lor_vs_ror_task3,gcc_core_plus_confounds,43,38,19,0.5,0.2714681440443213,0.38403263146282296,0.39473684210526316,0.39473684210526316,0.3318195149483582,0.8756309195385422
lor_vs_ror_task3,gcc_core_plus_confounds,44,38,19,0.5,0.4653739612188365,0.5421531346163979,0.42105263157894735,0.42105263157894735,0.29439700834866606,0.8031408926856706
lor_vs_ror_task3,gcc_core_plus_confounds,45,38,19,0.5,0.5401662049861495,0.6013643082064133,0.5,0.5,0.27108211664450654,0.7447027744998119
lor_vs_ror_task3,gcc_core_plus_confounds,46,38,19,0.5,0.6315789473684211,0.5619066035235776,0.6842105263157894,0.6842105263157895,0.2433031399982659,0.7111924211235884
lor_vs_ror_task3,gcc_core_plus_confounds,47,38,19,0.5,0.5429362880886426,0.536486669560187,0.5789473684210527,0.5789473684210527,0.2787812494841607,0.8063673262365101
lor_vs_ror_task3,gcc_core_plus_confounds,48,38,19,0.5,0.5180055401662049,0.4937987331194696,0.5,0.5,0.28044747277037474,0.7758693015695375
lor_vs_ror_task3,gcc_core_plus_confounds,49,38,19,0.5,0.5761772853185596,0.6389280901977681,0.5263157894736842,0.5263157894736842,0.27741587499290227,0.8008650803609371
lor_vs_ror_task3,gcc_core_plus_confounds,50,38,19,0.5,0.6537396121883656,0.6085919018559363,0.5789473684210527,0.5789473684210527,0.24329151164972443,0.6988623049919638
lor_vs_ror_task3,gcc_core_plus_confounds,51,38,19,0.5,0.37396121883656513,0.43091576280968413,0.39473684210526316,0.39473684210526316,0.3146761118792937,0.8384986130206705
lor_vs_ror_task3,gcc_core_plus_confounds,52,38,19,0.5,0.6121883656509695,0.5764191812749739,0.6052631578947368,0.6052631578947368,0.26883015716307107,0.7635136209218721
lor_vs_ror_task3,gcc_core_plus_confounds,53,38,19,0.5,0.5955678670360111,0.5678387524899706,0.6052631578947368,0.6052631578947368,0.27244490129796634,0.7723645458011563
lor_vs_ror_task3,gcc_core_plus_confounds,54,38,19,0.5,0.31024930747922436,0.4023008143668111,0.39473684210526316,0.39473684210526316,0.32299546086188746,0.8567020840411612
lor_vs_ror_task3,gcc_core_plus_confounds,55,38,19,0.5,0.37950138504155123,0.4438804688998187,0.4473684210526315,0.4473684210526316,0.32144188330504003,0.8702254929240119
lor_vs_ror_task3,gcc_core_plus_confounds,56,38,19,0.5,0.5734072022160666,0.5737240863711452,0.5789473684210527,0.5789473684210527,0.2579840026574289,0.7102511918874052
lor_vs_ror_task3,gcc_core_plus_confounds,57,38,19,0.5,0.7202216066481995,0.6875190563940583,0.7368421052631579,0.7368421052631579,0.21763374063027066,0.6481052822352531
lor_vs_ror_task3,gcc_core_plus_confounds,58,38,19,0.5,0.6177285318559557,0.5555251077700989,0.631578947368421,0.631578947368421,0.25248008351718626,0.7188582275831685
lor_vs_ror_task3,gcc_core_plus_confounds,59,38,19,0.5,0.5623268698060943,0.5701475122906338,0.5789473684210527,0.5789473684210527,0.2702781284356136,0.7579916337159396
lor_vs_ror_task3,gcc_core_plus_confounds,60,38,19,0.5,0.45429362880886426,0.5172170405879872,0.47368421052631576,0.47368421052631576,0.2952060902241787,0.8041834286382237
lor_vs_ror_task3,gcc_core_plus_confounds,61,38,19,0.5,0.43490304709141275,0.4438560301565434,0.5263157894736842,0.5263157894736842,0.29943830467629834,0.8267473461390683
lor_vs_ror_task3,gcc_core_plus_confounds,62,38,19,0.5,0.6343490304709141,0.6269733720961927,0.6052631578947368,0.6052631578947368,0.24104466161486288,0.6820258668434481
lor_vs_ror_task3,gcc_core_plus_confounds,63,38,19,0.5,0.4155124653739612,0.4671407693967117,0.5,0.5,0.3063528823047762,0.8254183230417712
lor_vs_ror_task3,gcc_core_plus_confounds,64,38,19,0.5,0.5124653739612188,0.5237086302463476,0.5,0.5,0.2799286243309715,0.7836617397579937
lor_vs_ror_task3,gcc_core_plus_confounds,65,38,19,0.5,0.5235457063711911,0.5474121809957723,0.5526315789473684,0.5526315789473685,0.2911420927663578,0.8195382670909591
lor_vs_ror_task3,gcc_core_plus_confounds,66,38,19,0.5,0.4792243767313019,0.4834541584009884,0.5,0.5,0.29627040476137934,0.8231138033944765
lor_vs_ror_task3,gcc_core_plus_confounds,67,38,19,0.5,0.7008310249307479,0.7356519453657433,0.6842105263157894,0.6842105263157895,0.2292200844956238,0.6634278060708936
lor_vs_ror_task3,gcc_core_plus_confounds,68,38,19,0.5,0.4626038781163435,0.5112582594579864,0.5,0.5,0.2937337509536504,0.7997639134240815
lor_vs_ror_task3,gcc_core_plus_confounds,69,38,19,0.5,0.5180055401662049,0.4977434756670139,0.5789473684210527,0.5789473684210527,0.2923320235727208,0.81272690017951
lor_vs_ror_task3,gcc_core_plus_confounds,70,38,19,0.5,0.4903047091412742,0.4938727548416989,0.5,0.5,0.29790790763331076,0.8289390328587881
lor_vs_ror_task3,gcc_core_plus_confounds,71,38,19,0.5,0.4127423822714681,0.46721266279287177,0.4473684210526315,0.4473684210526316,0.3052797909758256,0.8352125629850147
lor_vs_ror_task3,gcc_core_plus_confounds,72,38,19,0.5,0.3656509695290859,0.49801015204241006,0.42105263157894735,0.42105263157894735,0.30249935106915554,0.8092494912065413
lor_vs_ror_task3,gcc_core_plus_confounds,73,38,19,0.5,0.4293628808864266,0.46173324904224733,0.4473684210526315,0.4473684210526316,0.2986295406993941,0.8161120311019486
lor_vs_ror_task3,gcc_core_plus_confounds,74,38,19,0.5,0.5013850415512465,0.538155162290672,0.47368421052631576,0.47368421052631576,0.29825194555305845,0.827195022237552
lor_vs_ror_task3,gcc_core_plus_confounds,75,38,19,0.5,0.6952908587257618,0.6319093205671688,0.6842105263157895,0.6842105263157895,0.22954566009956381,0.7119963052010793
lor_vs_ror_task3,gcc_core_plus_confounds,76,38,19,0.5,0.6232686980609419,0.6712219762012006,0.631578947368421,0.631578947368421,0.2657349034553157,0.787148505370852
lor_vs_ror_task3,gcc_core_plus_confounds,77,38,19,0.5,0.1772853185595568,0.3563371208744304,0.15789473684210525,0.15789473684210525,0.3323780338450342,0.868043500926191
lor_vs_ror_task3,gcc_core_plus_confounds,78,38,19,0.5,0.6814404432132964,0.6288877074111503,0.6578947368421053,0.6578947368421053,0.23473808329960677,0.6933788936544153
lor_vs_ror_task3,gcc_core_plus_confounds,79,38,19,0.5,0.43767313019390586,0.46259295247183857,0.5789473684210527,0.5789473684210527,0.3099003217828608,0.8580430950434061
lor_vs_ror_task3,gcc_core_plus_confounds,80,38,19,0.5,0.7340720221606648,0.7266803203560799,0.6842105263157894,0.6842105263157895,0.21305359319463213,0.6132823955989397
lor_vs_ror_task3,gcc_core_plus_confounds,81,38,19,0.5,0.23545706371191133,0.3875082422586917,0.2894736842105263,0.2894736842105263,0.33373305065298203,0.8796855772812255
lor_vs_ror_task3,gcc_core_plus_confounds,82,38,19,0.5,0.4709141274238227,0.5024280037868967,0.42105263157894735,0.42105263157894735,0.2970500400549236,0.8150695234995475
lor_vs_ror_task3,gcc_core_plus_confounds,83,38,19,0.5,0.5124653739612188,0.4940960799517978,0.5789473684210527,0.5789473684210527,0.29163836079542443,0.8282030846480797
lor_vs_ror_task3,gcc_core_plus_confounds,84,38,19,0.5,0.5346260387811634,0.5238969458009706,0.631578947368421,0.631578947368421,0.2922306206659553,0.8256538805101078
lor_vs_ror_task3,gcc_core_plus_confounds,85,38,19,0.5,0.484764542936288,0.5647907923474687,0.5,0.5,0.2848419089495464,0.778990680662683
lor_vs_ror_task3,gcc_core_plus_confounds,86,38,19,0.5,0.19944598337950137,0.36110305219810834,0.23684210526315788,0.23684210526315788,0.33317737754471094,0.8726124390925701
lor_vs_ror_task3,gcc_core_plus_confounds,87,38,19,0.5,0.3573407202216066,0.41667928084065464,0.4473684210526315,0.4473684210526316,0.3254506140581734,0.872034923824296
lor_vs_ror_task3,gcc_core_plus_confounds,88,38,19,0.5,0.46260387811634346,0.5174926929023778,0.42105263157894735,0.42105263157894735,0.29407512013856635,0.7975990826642163
lor_vs_ror_task3,gcc_core_plus_confounds,89,38,19,0.5,0.42382271468144045,0.49479993327410987,0.4473684210526315,0.4473684210526316,0.3039847712306377,0.8239264501917599
lor_vs_ror_task3,gcc_core_plus_confounds,90,38,19,0.5,0.5346260387811634,0.5599575162075161,0.6052631578947368,0.6052631578947368,0.2875087156567867,0.8173003133614007
lor_vs_ror_task3,gcc_core_plus_confounds,91,38,19,0.5,0.7091412742382271,0.6659825912534889,0.7368421052631579,0.7368421052631579,0.22590780768315832,0.6722327745797646
lor_vs_ror_task3,gcc_core_plus_confounds,92,38,19,0.5,0.5263157894736842,0.5823078091754609,0.5,0.5,0.2786236668778843,0.7844446461958432
lor_vs_ror_task3,gcc_core_plus_confounds,93,38,19,0.5,0.6398891966759003,0.6786128327426726,0.631578947368421,0.631578947368421,0.24921567146817972,0.7223898613368985
lor_vs_ror_task3,gcc_core_plus_confounds,94,38,19,0.5,0.3268698060941828,0.44234577748396,0.39473684210526316,0.39473684210526316,0.3280273184172498,0.8732202897680588
lor_vs_ror_task3,gcc_core_plus_confounds,95,38,19,0.5,0.6343490304709142,0.6214160323740696,0.631578947368421,0.631578947368421,0.2484162785406987,0.7052817197890038
lor_vs_ror_task3,gcc_core_plus_confounds,96,38,19,0.5,0.4709141274238227,0.5067598532355949,0.5263157894736842,0.5263157894736842,0.2937765079812551,0.8077035048512702
lor_vs_ror_task3,gcc_core_plus_confounds,97,38,19,0.5,0.5235457063711911,0.5344533474277522,0.5789473684210527,0.5789473684210527,0.28432121462106874,0.7861057210281052
lor_vs_ror_task3,gcc_core_plus_confounds,98,38,19,0.5,0.4293628808864266,0.5370783290742236,0.4473684210526315,0.4473684210526316,0.3050843074109045,0.8410227770664216
lor_vs_ror_task3,gcc_core_plus_confounds,99,38,19,0.5,0.4570637119113573,0.5286615498648605,0.42105263157894735,0.42105263157894735,0.28018545900275665,0.7614042776988915
lor_vs_ror_task3,gcc_core_plus_confounds,100,38,19,0.5,0.6980609418282548,0.7612466974889573,0.6578947368421053,0.6578947368421053,0.22022765352790694,0.6460849139025834
lor_vs_ror_task3,gcc_regime_plus_confounds,1,38,19,0.5,0.2770083102493075,0.4054086371151229,0.39473684210526316,0.39473684210526316,0.32818771748867764,0.8727155345975002
lor_vs_ror_task3,gcc_regime_plus_confounds,2,38,19,0.5,0.4930747922437673,0.5651654883784581,0.5526315789473684,0.5526315789473685,0.2874969094975311,0.7937729357607437
lor_vs_ror_task3,gcc_regime_plus_confounds,3,38,19,0.5,0.5013850415512466,0.4934181580735271,0.5263157894736842,0.5263157894736842,0.2877608722025931,0.7962251516385227
lor_vs_ror_task3,gcc_regime_plus_confounds,4,38,19,0.5,0.6066481994459835,0.5784299206125831,0.5789473684210527,0.5789473684210527,0.2608122535354609,0.7453417373873527
lor_vs_ror_task3,gcc_regime_plus_confounds,5,38,19,0.5,0.4958448753462604,0.5104102337469886,0.4473684210526315,0.4473684210526316,0.2916165366062537,0.8084700379276927
lor_vs_ror_task3,gcc_regime_plus_confounds,6,38,19,0.5,0.5346260387811634,0.5005627110301359,0.5263157894736842,0.5263157894736842,0.2863606351109461,0.7932670258235566
lor_vs_ror_task3,gcc_regime_plus_confounds,7,38,19,0.5,0.335180055401662,0.4150196040057494,0.39473684210526316,0.39473684210526316,0.3234330121151563,0.8680211440446148
lor_vs_ror_task3,gcc_regime_plus_confounds,8,38,19,0.5,0.7285318559556788,0.7550956722585249,0.7105263157894737,0.7105263157894737,0.22155161416225932,0.6738661129846333
lor_vs_ror_task3,gcc_regime_plus_confounds,9,38,19,0.5,0.44321329639889195,0.47882611078782145,0.47368421052631576,0.47368421052631576,0.30523640772036853,0.8542489216664092
lor_vs_ror_task3,gcc_regime_plus_confounds,10,38,19,0.5,0.5706371191135733,0.5832882043980442,0.5789473684210527,0.5789473684210527,0.2720720443659706,0.7711441002562623
lor_vs_ror_task3,gcc_regime_plus_confounds,11,38,19,0.5,0.3628808864265928,0.45308459308479676,0.4473684210526315,0.4473684210526316,0.3168717019922247,0.8519740694338881
lor_vs_ror_task3,gcc_regime_plus_confounds,12,38,19,0.5,0.31024930747922436,0.40988036344817097,0.3684210526315789,0.3684210526315789,0.33816176337476755,0.9075480896125562
lor_vs_ror_task3,gcc_regime_plus_confounds,13,38,19,0.5,0.4709141274238227,0.4955744908758951,0.5,0.5,0.29834781853358533,0.813210525165849
lor_vs_ror_task3,gcc_regime_plus_confounds,14,38,19,0.5,0.3296398891966759,0.45928798893274375,0.3421052631578947,0.34210526315789475,0.3261849027264324,0.8644839307685356
lor_vs_ror_task3,gcc_regime_plus_confounds,15,38,19,0.5,0.5124653739612188,0.5000556152613034,0.5263157894736842,0.5263157894736842,0.29099589850179386,0.847758921816712
lor_vs_ror_task3,gcc_regime_plus_confounds,16,38,19,0.5,0.23822714681440446,0.3727049225780875,0.3421052631578947,0.34210526315789475,0.34241175028474186,0.9082523897259558
lor_vs_ror_task3,gcc_regime_plus_confounds,17,38,19,0.5,0.4349030470914127,0.509175328148243,0.4473684210526315,0.4473684210526316,0.30665958529468507,0.8337391731859782
lor_vs_ror_task3,gcc_regime_plus_confounds,18,38,19,0.5,0.4986149584487535,0.4805880785599564,0.5789473684210527,0.5789473684210527,0.29681361144603663,0.8488161857603337
lor_vs_ror_task3,gcc_regime_plus_confounds,19,38,19,0.5,0.6648199445983379,0.6490882615790958,0.6578947368421053,0.6578947368421053,0.23873119501825557,0.697621913075844
lor_vs_ror_task3,gcc_regime_plus_confounds,20,38,19,0.5,0.5872576177285319,0.5720950187820772,0.6052631578947368,0.6052631578947368,0.2690718390935916,0.7764965541335657
lor_vs_ror_task3,gcc_regime_plus_confounds,21,38,19,0.5,0.3573407202216066,0.447899894978077,0.39473684210526316,0.39473684210526316,0.31399191700390205,0.8744571476965817
lor_vs_ror_task3,gcc_regime_plus_confounds,22,38,19,0.5,0.6786703601108033,0.6724539514583511,0.6052631578947368,0.6052631578947368,0.23496659765636796,0.7015821719623277
lor_vs_ror_task3,gcc_regime_plus_confounds,23,38,19,0.5,0.5235457063711911,0.5654550907182485,0.5526315789473684,0.5526315789473685,0.2803848329190112,0.7728890576054838
lor_vs_ror_task3,gcc_regime_plus_confounds,24,38,19,0.5,0.5013850415512466,0.5569949849860726,0.42105263157894735,0.42105263157894735,0.2804645074310463,0.7867926377120926
lor_vs_ror_task3,gcc_regime_plus_confounds,25,38,19,0.5,0.2714681440443213,0.4021925415713506,0.3157894736842105,0.3157894736842105,0.33229853409037363,0.8714452558060015
lor_vs_ror_task3,gcc_regime_plus_confounds,26,38,19,0.5,0.3462603878116344,0.40838570164065313,0.39473684210526316,0.39473684210526316,0.3315516235375754,0.8775886497534081
lor_vs_ror_task3,gcc_regime_plus_confounds,27,38,19,0.5,0.5650969529085872,0.5491905542452902,0.5526315789473684,0.5526315789473685,0.2612679314722178,0.7423823963028848
lor_vs_ror_task3,gcc_regime_plus_confounds,28,38,19,0.5,0.5069252077562327,0.5086753149859755,0.5526315789473684,0.5526315789473685,0.3052000398169663,0.8546778555842937
lor_vs_ror_task3,gcc_regime_plus_confounds,29,38,19,0.5,0.518005540166205,0.49861681843485256,0.631578947368421,0.631578947368421,0.29105684856259895,0.8330355720295839
lor_vs_ror_task3,gcc_regime_plus_confounds,30,38,19,0.5,0.4404432132963989,0.4711914160535844,0.4473684210526315,0.4473684210526316,0.30195152990652385,0.8127322320122948
lor_vs_ror_task3,gcc_regime_plus_confounds,31,38,19,0.5,0.3047091412742382,0.3960771752903376,0.3157894736842105,0.3157894736842105,0.32074553721884563,0.8562111176345489
lor_vs_ror_task3,gcc_regime_plus_confounds,32,38,19,0.5,0.3545706371191136,0.4188181663544484,0.42105263157894735,0.42105263157894735,0.3166484947714724,0.8455143115126266
lor_vs_ror_task3,gcc_regime_plus_confounds,33,38,19,0.5,0.4182825484764543,0.44503387908734693,0.42105263157894735,0.42105263157894735,0.29337103786871044,0.7984301877483859
lor_vs_ror_task3,gcc_regime_plus_confounds,34,38,19,0.5,0.6204986149584486,0.5684945815675866,0.6842105263157895,0.6842105263157895,0.2568890755027332,0.7390626952715159
lor_vs_ror_task3,gcc_regime_plus_confounds,35,38,19,0.5,0.2853185595567867,0.3861824583026694,0.3421052631578947,0.34210526315789475,0.32512954589499926,0.8759273802262258
lor_vs_ror_task3,gcc_regime_plus_confounds,36,38,19,0.5,0.3795013850415513,0.45052230900320384,0.42105263157894735,0.42105263157894735,0.3154413976341131,0.845146289621463
lor_vs_ror_task3,gcc_regime_plus_confounds,37,38,19,0.5,0.29085872576177285,0.3893775374026754,0.3421052631578947,0.34210526315789475,0.32059028746239837,0.8514121249259146
lor_vs_ror_task3,gcc_regime_plus_confounds,38,38,19,0.5,0.5096952908587258,0.6521572170638039,0.5526315789473684,0.5526315789473685,0.265146315204873,0.7216609931662098
lor_vs_ror_task3,gcc_regime_plus_confounds,39,38,19,0.5,0.3213296398891967,0.40333630200402293,0.3684210526315789,0.3684210526315789,0.326692395449619,0.8667909142062998
lor_vs_ror_task3,gcc_regime_plus_confounds,40,38,19,0.5,0.48753462603878117,0.4772207574341975,0.4473684210526315,0.4473684210526316,0.29099348521474633,0.8022461933569778
lor_vs_ror_task3,gcc_regime_plus_confounds,41,38,19,0.5,0.5844875346260388,0.650263381135364,0.5789473684210527,0.5789473684210527,0.2652610405871719,0.7394811598390848
lor_vs_ror_task3,gcc_regime_plus_confounds,42,38,19,0.5,0.6565096952908587,0.6014393649712209,0.6578947368421053,0.6578947368421053,0.2333029794118787,0.685161534134188
lor_vs_ror_task3,gcc_regime_plus_confounds,43,38,19,0.5,0.42105263157894735,0.44261069109332085,0.39473684210526316,0.39473684210526316,0.30163559762828135,0.8285535081299413
lor_vs_ror_task3,gcc_regime_plus_confounds,44,38,19,0.5,0.5844875346260388,0.6311045275597849,0.5789473684210527,0.5789473684210527,0.27233275943972535,0.7662403802634338
lor_vs_ror_task3,gcc_regime_plus_confounds,45,38,19,0.5,0.7313019390581718,0.7567076524221708,0.6052631578947368,0.6052631578947368,0.2243908324435916,0.6689504182215288
lor_vs_ror_task3,gcc_regime_plus_confounds,46,38,19,0.5,0.5595567867036011,0.6381478644216179,0.5263157894736842,0.5263157894736842,0.27988981427816767,0.7620378548346124
lor_vs_ror_task3,gcc_regime_plus_confounds,47,38,19,0.5,0.6398891966759003,0.6942820094512694,0.631578947368421,0.631578947368421,0.24289895333683656,0.7120612840200639
lor_vs_ror_task3,gcc_regime_plus_confounds,48,38,19,0.5,0.41551246537396125,0.45983531550184553,0.42105263157894735,0.42105263157894735,0.3094529654057133,0.8342906142537917
lor_vs_ror_task3,gcc_regime_plus_confounds,49,38,19,0.5,0.2770083102493075,0.3842174270316633,0.39473684210526316,0.39473684210526316,0.32934594631149655,0.8661419691951494
lor_vs_ror_task3,gcc_regime_plus_confounds,50,38,19,0.5,0.5373961218836565,0.6313997801531388,0.5,0.5,0.2867058949077409,0.7938471481593173
lor_vs_ror_task3,gcc_regime_plus_confounds,51,38,19,0.5,0.47645429362880887,0.48938988256536786,0.42105263157894735,0.42105263157894735,0.2927587659747837,0.7961691387139793
lor_vs_ror_task3,gcc_regime_plus_confounds,52,38,19,0.5,0.49584487534626037,0.5142091220223858,0.5263157894736842,0.5263157894736842,0.29085949582726306,0.8010530480195527
lor_vs_ror_task3,gcc_regime_plus_confounds,53,38,19,0.5,0.2520775623268698,0.41487580952648273,0.23684210526315788,0.23684210526315788,0.3389099420383138,0.8967449890279962
lor_vs_ror_task3,gcc_regime_plus_confounds,54,38,19,0.5,0.45983379501385047,0.45972917500865224,0.5,0.5,0.2947718769434265,0.8005182589158253
lor_vs_ror_task3,gcc_regime_plus_confounds,55,38,19,0.5,0.407202216066482,0.44981810767403063,0.47368421052631576,0.47368421052631576,0.3163838974385009,0.8590138082535294
lor_vs_ror_task3,gcc_regime_plus_confounds,56,38,19,0.5,0.6869806094182825,0.648746877723131,0.6578947368421053,0.6578947368421053,0.24290570823773092,0.7033289369234249
lor_vs_ror_task3,gcc_regime_plus_confounds,57,38,19,0.5,0.5457063711911357,0.6090117965371953,0.5263157894736842,0.5263157894736842,0.2876247835865039,0.7910636631955201
lor_vs_ror_task3,gcc_regime_plus_confounds,58,38,19,0.5,0.5096952908587258,0.5403065090181394,0.5,0.5,0.27956141800784495,0.7813225774965858
lor_vs_ror_task3,gcc_regime_plus_confounds,59,38,19,0.5,0.42382271468144045,0.44809672399509065,0.47368421052631576,0.47368421052631576,0.30449895006113037,0.8214041072513542
lor_vs_ror_task3,gcc_regime_plus_confounds,60,38,19,0.5,0.26869806094182824,0.3826318777825569,0.3157894736842105,0.3157894736842105,0.33734020995163033,0.8865872404501561
lor_vs_ror_task3,gcc_regime_plus_confounds,61,38,19,0.5,0.5678670360110804,0.566239806841115,0.5,0.5,0.270076739182212,0.7540284233182594
lor_vs_ror_task3,gcc_regime_plus_confounds,62,38,19,0.5,0.5235457063711911,0.5412530207993931,0.5,0.5,0.2833867444605859,0.807956706364865
lor_vs_ror_task3,gcc_regime_plus_confounds,63,38,19,0.5,0.3379501385041551,0.4115370144931144,0.4473684210526315,0.4473684210526316,0.3262235831529735,0.8729716136939711
lor_vs_ror_task3,gcc_regime_plus_confounds,64,38,19,0.5,0.3628808864265928,0.4529131782715632,0.39473684210526316,0.39473684210526316,0.32268680489077256,0.8657527407605173
lor_vs_ror_task3,gcc_regime_plus_confounds,65,38,19,0.5,0.31301939058171746,0.39782511140836435,0.2894736842105263,0.2894736842105263,0.32500872875387404,0.8566200996918432
lor_vs_ror_task3,gcc_regime_plus_confounds,66,38,19,0.5,0.3296398891966759,0.41418258642621475,0.4473684210526315,0.4473684210526316,0.32079181239651683,0.8534872756488512
lor_vs_ror_task3,gcc_regime_plus_confounds,67,38,19,0.5,0.5678670360110804,0.5671744136927375,0.5789473684210527,0.5789473684210527,0.2717863131805742,0.7591210883034583
lor_vs_ror_task3,gcc_regime_plus_confounds,68,38,19,0.5,0.518005540166205,0.6531846653054083,0.5526315789473684,0.5526315789473685,0.276678095897778,0.7603022032675607
lor_vs_ror_task3,gcc_regime_plus_confounds,69,38,19,0.5,0.3545706371191136,0.4226641724100135,0.42105263157894735,0.42105263157894735,0.3238420067973884,0.8589153307898799
lor_vs_ror_task3,gcc_regime_plus_confounds,70,38,19,0.5,0.670360110803324,0.7773201427201224,0.6052631578947368,0.6052631578947368,0.231521365416613,0.6652675356976306
lor_vs_ror_task3,gcc_regime_plus_confounds,71,38,19,0.5,0.5595567867036012,0.606545438816803,0.5263157894736842,0.5263157894736842,0.27226858090885725,0.7508830308771717
lor_vs_ror_task3,gcc_regime_plus_confounds,72,38,19,0.5,0.4044321329639889,0.43430493463037567,0.42105263157894735,0.42105263157894735,0.327984475393784,0.897912858108671
lor_vs_ror_task3,gcc_regime_plus_confounds,73,38,19,0.5,0.7451523545706371,0.6847760194637149,0.6842105263157894,0.6842105263157895,0.2085952964618361,0.6703800126019793
lor_vs_ror_task3,gcc_regime_plus_confounds,74,38,19,0.5,0.29085872576177285,0.39770843890694524,0.39473684210526316,0.39473684210526316,0.33118684351133715,0.8716411071199712
lor_vs_ror_task3,gcc_regime_plus_confounds,75,38,19,0.5,0.5983379501385041,0.6595627936111359,0.6052631578947368,0.6052631578947368,0.26342634074775995,0.7422413951858774
lor_vs_ror_task3,gcc_regime_plus_confounds,76,38,19,0.5,0.518005540166205,0.49636135441552215,0.5789473684210527,0.5789473684210527,0.29123632435919705,0.8116076839162236
lor_vs_ror_task3,gcc_regime_plus_confounds,77,38,19,0.5,0.43767313019390586,0.4478181820260516,0.5263157894736842,0.5263157894736842,0.3084859942425564,0.8352552791226056
lor_vs_ror_task3,gcc_regime_plus_confounds,78,38,19,0.5,0.6814404432132964,0.6660098153546145,0.6578947368421053,0.6578947368421053,0.22767098421706097,0.6828270967043588
lor_vs_ror_task3,gcc_regime_plus_confounds,79,38,19,0.5,0.5069252077562326,0.6071619537169437,0.5263157894736842,0.5263157894736842,0.2793581776867582,0.7741035971393745
lor_vs_ror_task3,gcc_regime_plus_confounds,80,38,19,0.5,0.5872576177285318,0.5477408395806762,0.6052631578947368,0.6052631578947368,0.26656469654181164,0.7578101216019437
lor_vs_ror_task3,gcc_regime_plus_confounds,81,38,19,0.5,0.5124653739612188,0.4944912136989256,0.5,0.5,0.29296901479165355,0.8008446326678984
lor_vs_ror_task3,gcc_regime_plus_confounds,82,38,19,0.5,0.5789473684210527,0.584782843276584,0.5263157894736842,0.5263157894736842,0.25819562946959157,0.745124192170596
lor_vs_ror_task3,gcc_regime_plus_confounds,83,38,19,0.5,0.15789473684210528,0.34971549093913,0.2631578947368421,0.2631578947368421,0.3442051168802294,0.900870803990101
lor_vs_ror_task3,gcc_regime_plus_confounds,84,38,19,0.5,0.5872576177285319,0.5973173467376136,0.6052631578947368,0.6052631578947368,0.26698836041289303,0.7588712542985201
lor_vs_ror_task3,gcc_regime_plus_confounds,85,38,19,0.5,0.5013850415512464,0.5347405007737824,0.5526315789473684,0.5526315789473685,0.2802681120813798,0.7700490816860054
lor_vs_ror_task3,gcc_regime_plus_confounds,86,38,19,0.5,0.4349030470914128,0.4896632503087292,0.4736842105263158,0.47368421052631576,0.30880356950119076,0.8564864755710243
lor_vs_ror_task3,gcc_regime_plus_confounds,87,38,19,0.5,0.24376731301939059,0.3866023351836809,0.2894736842105263,0.2894736842105263,0.3297348008423803,0.8664049556253296
lor_vs_ror_task3,gcc_regime_plus_confounds,88,38,19,0.5,0.39058171745152354,0.4778858658169387,0.42105263157894735,0.42105263157894735,0.30214444213782093,0.8272461472447955
lor_vs_ror_task3,gcc_regime_plus_confounds,89,38,19,0.5,0.520775623268698,0.48436339882486207,0.6052631578947368,0.6052631578947368,0.2824585557493017,0.7893855113097705
lor_vs_ror_task3,gcc_regime_plus_confounds,90,38,19,0.5,0.5955678670360111,0.5553372725939982,0.631578947368421,0.631578947368421,0.2683304777636075,0.7655883352955538
lor_vs_ror_task3,gcc_regime_plus_confounds,91,38,19,0.5,0.3961218836565097,0.4447278015912409,0.42105263157894735,0.42105263157894735,0.31239948963717595,0.8426084768745159
lor_vs_ror_task3,gcc_regime_plus_confounds,92,38,19,0.5,0.5069252077562327,0.6171340803523513,0.5,0.5,0.2929731780744309,0.8060080720781415
lor_vs_ror_task3,gcc_regime_plus_confounds,93,38,19,0.5,0.3878116343490305,0.4265569303316025,0.39473684210526316,0.39473684210526316,0.31662705467234925,0.8573808803440057
lor_vs_ror_task3,gcc_regime_plus_confounds,94,38,19,0.5,0.6204986149584488,0.589065491709408,0.6052631578947368,0.6052631578947368,0.2524656655961876,0.7017821920646717
lor_vs_ror_task3,gcc_regime_plus_confounds,95,38,19,0.5,0.2520775623268698,0.3843810609817353,0.3157894736842105,0.3157894736842105,0.33619815582747953,0.8822010911986858
lor_vs_ror_task3,gcc_regime_plus_confounds,96,38,19,0.5,0.706371191135734,0.7537005236939613,0.6578947368421053,0.6578947368421053,0.23054705321008626,0.6787339870618843
lor_vs_ror_task3,gcc_regime_plus_confounds,97,38,19,0.5,0.5290858725761773,0.5336490899739152,0.5526315789473684,0.5526315789473685,0.28114693652521633,0.791559642834692
lor_vs_ror_task3,gcc_regime_plus_confounds,98,38,19,0.5,0.34072022160664817,0.41811019982681874,0.47368421052631576,0.47368421052631576,0.31768901433678237,0.8511356748830449
lor_vs_ror_task3,gcc_regime_plus_confounds,99,38,19,0.5,0.3573407202216067,0.5227854380237748,0.3157894736842105,0.3157894736842105,0.31563125651616236,0.8333440808482337
lor_vs_ror_task3,gcc_regime_plus_confounds,100,38,19,0.5,0.5512465373961218,0.5478424417089391,0.5526315789473684,0.5526315789473685,0.2772493518994484,0.7710573955169739
lor_vs_ror_task3,full_standard_plus_gcc,1,38,19,0.5,0.6232686980609419,0.550880608410367,0.5789473684210527,0.5789473684210527,0.251232996693098,0.7099576554838528
lor_vs_ror_task3,full_standard_plus_gcc,2,38,19,0.5,0.2714681440443213,0.38915531772817297,0.3684210526315789,0.3684210526315789,0.32597194824810466,0.8654278472571605
lor_vs_ror_task3,full_standard_plus_gcc,3,38,19,0.5,0.5152354570637119,0.49643712947134466,0.631578947368421,0.631578947368421,0.2985707442797129,0.8651430531694935
lor_vs_ror_task3,full_standard_plus_gcc,4,38,19,0.5,0.5761772853185595,0.5726248427225822,0.5526315789473684,0.5526315789473685,0.26933736243665957,0.7497779567282974
lor_vs_ror_task3,full_standard_plus_gcc,5,38,19,0.5,0.41551246537396125,0.448914585775235,0.4473684210526315,0.4473684210526316,0.30352174280317823,0.8304741920312317
lor_vs_ror_task3,full_standard_plus_gcc,6,38,19,0.5,0.5401662049861495,0.642483682639015,0.5,0.5,0.2753645275857616,0.7712355163323477
lor_vs_ror_task3,full_standard_plus_gcc,7,38,19,0.5,0.5152354570637119,0.5153215588257878,0.5263157894736842,0.5263157894736842,0.2846016055580863,0.7910878020190765
lor_vs_ror_task3,full_standard_plus_gcc,8,38,19,0.5,0.4903047091412742,0.4883173055469415,0.5263157894736842,0.5263157894736842,0.2989161165437055,0.8258883517595076
lor_vs_ror_task3,full_standard_plus_gcc,9,38,19,0.5,0.5041551246537396,0.5183980631468453,0.5263157894736842,0.5263157894736842,0.2957710663425221,0.8128840238756793
lor_vs_ror_task3,full_standard_plus_gcc,10,38,19,0.5,0.3268698060941828,0.4027863859125587,0.42105263157894735,0.42105263157894735,0.3199406685464041,0.8610843471657326
lor_vs_ror_task3,full_standard_plus_gcc,11,38,19,0.5,0.5096952908587258,0.5474964948556887,0.5,0.5,0.2831501436403897,0.7722671239146925
lor_vs_ror_task3,full_standard_plus_gcc,12,38,19,0.5,0.3545706371191136,0.41746162376140844,0.42105263157894735,0.42105263157894735,0.31161138527571824,0.8319770807567352
lor_vs_ror_task3,full_standard_plus_gcc,13,38,19,0.5,0.46814404432132967,0.46607685889940603,0.5263157894736842,0.5263157894736842,0.302390242151184,0.8309075859052899
lor_vs_ror_task3,full_standard_plus_gcc,14,38,19,0.5,0.6481994459833795,0.647871761202786,0.631578947368421,0.631578947368421,0.24994239867562895,0.726252044465416
lor_vs_ror_task3,full_standard_plus_gcc,15,38,19,0.5,0.703601108033241,0.6805595333019157,0.6842105263157894,0.6842105263157895,0.22599585050804358,0.6799030917003002
lor_vs_ror_task3,full_standard_plus_gcc,16,38,19,0.5,0.5955678670360111,0.5422101695079564,0.5263157894736842,0.5263157894736842,0.2610484315376502,0.7428466107405801
lor_vs_ror_task3,full_standard_plus_gcc,17,38,19,0.5,0.32409972299168976,0.4715488681819951,0.42105263157894735,0.42105263157894735,0.333471535811978,0.8807004716614221
lor_vs_ror_task3,full_standard_plus_gcc,18,38,19,0.5,0.5457063711911357,0.6032586534092186,0.5,0.5,0.26959834899215207,0.7472190900297614
lor_vs_ror_task3,full_standard_plus_gcc,19,38,19,0.5,0.8033240997229918,0.7571420602027009,0.7105263157894737,0.7105263157894737,0.17725569151028098,0.6270833789275686
lor_vs_ror_task3,full_standard_plus_gcc,20,38,19,0.5,0.4958448753462604,0.4854579148706537,0.6052631578947368,0.6052631578947368,0.2986396657921611,0.8258923440374121
lor_vs_ror_task3,full_standard_plus_gcc,21,38,19,0.5,0.43767313019390586,0.45268313103254,0.5789473684210527,0.5789473684210527,0.31510539109138014,0.8660078070745587
lor_vs_ror_task3,full_standard_plus_gcc,22,38,19,0.5,0.6537396121883657,0.6599696356275304,0.631578947368421,0.631578947368421,0.2512813897104463,0.7361709964258782
lor_vs_ror_task3,full_standard_plus_gcc,23,38,19,0.5,0.554016620498615,0.5598001994871866,0.5263157894736842,0.5263157894736842,0.2726334660415927,0.7544189796641326
lor_vs_ror_task3,full_standard_plus_gcc,24,38,19,0.5,0.22160664819944598,0.3663012455334988,0.3157894736842105,0.3157894736842105,0.33456723455638426,0.8810958990700443
lor_vs_ror_task3,full_standard_plus_gcc,25,38,19,0.5,0.31855955678670356,0.3991479787151533,0.4473684210526315,0.4473684210526316,0.3245802478506393,0.8624001042098725
lor_vs_ror_task3,full_standard_plus_gcc,26,38,19,0.5,0.5290858725761773,0.5794153282502178,0.5,0.5,0.2840170022426629,0.7986736237093669
lor_vs_ror_task3,full_standard_plus_gcc,27,38,19,0.5,0.3518005540166205,0.4167126271949756,0.39473684210526316,0.39473684210526316,0.3180177257672012,0.8459974594496457
lor_vs_ror_task3,full_standard_plus_gcc,28,38,19,0.5,0.38227146814404434,0.45196465649501694,0.4473684210526315,0.4473684210526316,0.31035334658614644,0.8380899097451853
lor_vs_ror_task3,full_standard_plus_gcc,29,38,19,0.5,0.21052631578947367,0.38916877504445135,0.23684210526315788,0.23684210526315788,0.33665940791758425,0.8815403599713839
lor_vs_ror_task3,full_standard_plus_gcc,30,38,19,0.5,0.48753462603878117,0.4803544790515127,0.4473684210526315,0.4473684210526316,0.299170617818268,0.8181797475480779
lor_vs_ror_task3,full_standard_plus_gcc,31,38,19,0.5,0.4986149584487535,0.5183459829065098,0.5263157894736842,0.5263157894736842,0.2894684140551086,0.7885042813812705
lor_vs_ror_task3,full_standard_plus_gcc,32,38,19,0.5,0.5650969529085872,0.5767715012869139,0.631578947368421,0.631578947368421,0.28576173695323226,0.8449616314649798
lor_vs_ror_task3,full_standard_plus_gcc,33,38,19,0.5,0.21883656509695287,0.4029311429447503,0.2894736842105263,0.2894736842105263,0.3370079926732279,0.8893947608394024
lor_vs_ror_task3,full_standard_plus_gcc,34,38,19,0.5,0.5484764542936288,0.5707221340141044,0.6052631578947368,0.6052631578947368,0.2841502483038308,0.8044935811325469
lor_vs_ror_task3,full_standard_plus_gcc,35,38,19,0.5,0.43213296398891965,0.4482398572998185,0.4473684210526315,0.4473684210526316,0.3073292767969697,0.8259971958553374
lor_vs_ror_task3,full_standard_plus_gcc,36,38,19,0.5,0.335180055401662,0.4507562997615472,0.39473684210526316,0.39473684210526316,0.31989282050421003,0.8674679696493462
lor_vs_ror_task3,full_standard_plus_gcc,37,38,19,0.5,0.5623268698060941,0.6775042325948186,0.5789473684210527,0.5789473684210527,0.24317489598252076,0.6693052721084592
lor_vs_ror_task3,full_standard_plus_gcc,38,38,19,0.5,0.6260387811634349,0.6570521066626129,0.5526315789473684,0.5526315789473685,0.2602401937068266,0.7971387362378541
lor_vs_ror_task3,full_standard_plus_gcc,39,38,19,0.5,0.6648199445983379,0.6408526544179056,0.6578947368421053,0.6578947368421053,0.24524978541862216,0.72670495989113
lor_vs_ror_task3,full_standard_plus_gcc,40,38,19,0.5,0.2853185595567867,0.3922931368264889,0.42105263157894735,0.42105263157894735,0.3371469787990926,0.8963156490684606
lor_vs_ror_task3,full_standard_plus_gcc,41,38,19,0.5,0.6869806094182825,0.7434694962753994,0.6578947368421053,0.6578947368421053,0.2407267176281177,0.7201440754413063
lor_vs_ror_task3,full_standard_plus_gcc,42,38,19,0.5,0.22714681440443213,0.3693934094727786,0.3421052631578947,0.34210526315789475,0.3384816061488296,0.9041040438792832
lor_vs_ror_task3,full_standard_plus_gcc,43,38,19,0.5,0.42936288088642655,0.48922230833616265,0.39473684210526316,0.39473684210526316,0.3160183477414213,0.882967413788592
lor_vs_ror_task3,full_standard_plus_gcc,44,38,19,0.5,0.6204986149584487,0.6564079383392123,0.6052631578947368,0.6052631578947368,0.2646233142753321,0.7424834646157953
lor_vs_ror_task3,full_standard_plus_gcc,45,38,19,0.5,0.7257617728531855,0.7740511490925424,0.6842105263157894,0.6842105263157895,0.20852020657895085,0.6275736346061775
lor_vs_ror_task3,full_standard_plus_gcc,46,38,19,0.5,0.628808864265928,0.5702747904293574,0.7368421052631579,0.7368421052631579,0.25758412234308853,0.7990071144038252
lor_vs_ror_task3,full_standard_plus_gcc,47,38,19,0.5,0.520775623268698,0.5273244441078888,0.5526315789473684,0.5526315789473685,0.30289575464070434,0.8582309483374002
lor_vs_ror_task3,full_standard_plus_gcc,48,38,19,0.5,0.43767313019390575,0.48000585993095735,0.5,0.5,0.307036844917975,0.8380146321820018
lor_vs_ror_task3,full_standard_plus_gcc,49,38,19,0.5,0.32963988919667586,0.4132581438005311,0.3684210526315789,0.3684210526315789,0.323967938346083,0.8655962167729846
lor_vs_ror_task3,full_standard_plus_gcc,50,38,19,0.5,0.6481994459833795,0.6183332523209217,0.6842105263157894,0.6842105263157895,0.2609467080694882,0.8366747406933484
lor_vs_ror_task3,full_standard_plus_gcc,51,38,19,0.5,0.5152354570637119,0.5350719136507376,0.5526315789473684,0.5526315789473685,0.27990501335103113,0.7934509205924212
lor_vs_ror_task3,full_standard_plus_gcc,52,38,19,0.5,0.47091412742382277,0.4666120144201492,0.5,0.5,0.2919419504608262,0.7971931089799158
lor_vs_ror_task3,full_standard_plus_gcc,53,38,19,0.5,0.41828254847645424,0.4704562265108443,0.39473684210526316,0.39473684210526316,0.3074348542934029,0.8357455906435571
lor_vs_ror_task3,full_standard_plus_gcc,54,38,19,0.5,0.7008310249307479,0.7426176370921047,0.6842105263157895,0.6842105263157895,0.233376901198628,0.6642930542596758
lor_vs_ror_task3,full_standard_plus_gcc,55,38,19,0.5,0.6260387811634349,0.6342780230010925,0.6052631578947368,0.6052631578947368,0.2592844296389651,0.747092226546939
lor_vs_ror_task3,full_standard_plus_gcc,56,38,19,0.5,0.23545706371191139,0.37474155753658,0.3157894736842105,0.3157894736842105,0.33360690329110926,0.8870200335745594
lor_vs_ror_task3,full_standard_plus_gcc,57,38,19,0.5,0.4764542936288088,0.5347838654763861,0.5,0.5,0.3031848264585512,0.8408356959392027
lor_vs_ror_task3,full_standard_plus_gcc,58,38,19,0.5,0.626038781163435,0.6779791424527364,0.5526315789473684,0.5526315789473685,0.25460514462451106,0.7313476191289229
lor_vs_ror_task3,full_standard_plus_gcc,59,38,19,0.5,0.6565096952908587,0.6382278121157052,0.6842105263157895,0.6842105263157895,0.23987777317097697,0.696840944230819
lor_vs_ror_task3,full_standard_plus_gcc,60,38,19,0.5,0.29085872576177285,0.3965377443830455,0.3421052631578947,0.34210526315789475,0.3331889886277943,0.8806700224283097
lor_vs_ror_task3,full_standard_plus_gcc,61,38,19,0.5,0.5373961218836565,0.6055655807000201,0.5526315789473684,0.5526315789473685,0.29134720141722176,0.8151173142758773
lor_vs_ror_task3,full_standard_plus_gcc,62,38,19,0.5,0.44044321329639885,0.4814885545494963,0.5263157894736842,0.5263157894736842,0.3088710610932732,0.842556859991253
lor_vs_ror_task3,full_standard_plus_gcc,63,38,19,0.5,0.45983379501385035,0.4667903567082815,0.5,0.5,0.2896635630436392,0.7855278265158818
lor_vs_ror_task3,full_standard_plus_gcc,64,38,19,0.5,0.590027700831025,0.5574573259557779,0.6052631578947368,0.6052631578947368,0.28046252834616336,0.8494202988111481
lor_vs_ror_task3,full_standard_plus_gcc,65,38,19,0.5,0.5180055401662049,0.5845032547792357,0.47368421052631576,0.47368421052631576,0.28701627084812137,0.7812009130402698
lor_vs_ror_task3,full_standard_plus_gcc,66,38,19,0.5,0.6842105263157895,0.6290431471959708,0.6578947368421053,0.6578947368421053,0.24279454468514516,0.739389001571613
lor_vs_ror_task3,full_standard_plus_gcc,67,38,19,0.5,0.39058171745152354,0.4315736841277037,0.5,0.5,0.32267379347425224,0.874499898197995
lor_vs_ror_task3,full_standard_plus_gcc,68,38,19,0.5,0.28531855955678675,0.4002193872986515,0.3421052631578947,0.34210526315789475,0.3279295077819819,0.8634218994036208
lor_vs_ror_task3,full_standard_plus_gcc,69,38,19,0.5,0.33795013850415506,0.4384186934860453,0.42105263157894735,0.42105263157894735,0.322454944001891,0.8699460276618454
lor_vs_ror_task3,full_standard_plus_gcc,70,38,19,0.5,0.44321329639889195,0.4899837523076407,0.39473684210526316,0.39473684210526316,0.2837418266674577,0.8032441847193802
lor_vs_ror_task3,full_standard_plus_gcc,71,38,19,0.5,0.4376731301939058,0.47936948609644564,0.47368421052631576,0.47368421052631576,0.310983963111183,0.8503069971473366
lor_vs_ror_task3,full_standard_plus_gcc,72,38,19,0.5,0.1329639889196676,0.34293703682051757,0.21052631578947367,0.21052631578947367,0.3399995033780434,0.8817591544961146
lor_vs_ror_task3,full_standard_plus_gcc,73,38,19,0.5,0.556786703601108,0.6303788061383644,0.5526315789473684,0.5526315789473685,0.2800638590605069,0.7815162496713667
lor_vs_ror_task3,full_standard_plus_gcc,74,38,19,0.5,0.5734072022160666,0.5623223472130694,0.5526315789473684,0.5526315789473685,0.27667429118533665,0.8183605444053234
lor_vs_ror_task3,full_standard_plus_gcc,75,38,19,0.5,0.628808864265928,0.6628374929254839,0.631578947368421,0.631578947368421,0.251916998362549,0.7338778717563551
lor_vs_ror_task3,full_standard_plus_gcc,76,38,19,0.5,0.6204986149584488,0.5634876293083667,0.6052631578947368,0.6052631578947368,0.26365260963218756,0.7916021856314007
lor_vs_ror_task3,full_standard_plus_gcc,77,38,19,0.5,0.5678670360110804,0.5595894195125538,0.5789473684210527,0.5789473684210527,0.27546456704707273,0.7832929094287732
lor_vs_ror_task3,full_standard_plus_gcc,78,38,19,0.5,0.43767313019390586,0.47767174976128335,0.5526315789473684,0.5526315789473685,0.3129558039839169,0.8683298659429614
lor_vs_ror_task3,full_standard_plus_gcc,79,38,19,0.5,0.4570637119113573,0.4812257219386936,0.42105263157894735,0.42105263157894735,0.29562728579408476,0.8032529467041849
lor_vs_ror_task3,full_standard_plus_gcc,80,38,19,0.5,0.42105263157894735,0.4602154590157686,0.5526315789473684,0.5526315789473685,0.3105082980598248,0.843662430637308
lor_vs_ror_task3,full_standard_plus_gcc,81,38,19,0.5,0.6454293628808864,0.6547721778203945,0.6052631578947368,0.6052631578947368,0.24834703047352244,0.7051507526145827
lor_vs_ror_task3,full_standard_plus_gcc,82,38,19,0.5,0.5152354570637119,0.5039922767611749,0.42105263157894735,0.42105263157894735,0.2875960098152876,0.7939951663278885
lor_vs_ror_task3,full_standard_plus_gcc,83,38,19,0.5,0.592797783933518,0.5442847937187332,0.5263157894736842,0.5263157894736842,0.25876466012870764,0.7143354628932846
lor_vs_ror_task3,full_standard_plus_gcc,84,38,19,0.5,0.34072022160664817,0.4055848768724057,0.42105263157894735,0.42105263157894735,0.3188026455710862,0.8487022497995285
lor_vs_ror_task3,full_standard_plus_gcc,85,38,19,0.5,0.5595567867036011,0.6132628262516118,0.5526315789473684,0.5526315789473685,0.2749183526955652,0.754388365122226
lor_vs_ror_task3,full_standard_plus_gcc,86,38,19,0.5,0.5623268698060941,0.5475280703792191,0.631578947368421,0.631578947368421,0.2779239240940569,0.7861024459844426
lor_vs_ror_task3,full_standard_plus_gcc,87,38,19,0.5,0.46537396121883656,0.49304019491780937,0.47368421052631576,0.47368421052631576,0.30290339075067196,0.8329463251410028
lor_vs_ror_task3,full_standard_plus_gcc,88,38,19,0.5,0.556786703601108,0.5457516014594445,0.5789473684210527,0.5789473684210527,0.2822444008246072,0.8235733857697499
lor_vs_ror_task3,full_standard_plus_gcc,89,38,19,0.5,0.5457063711911357,0.623223964648647,0.5263157894736842,0.5263157894736842,0.27856639718990395,0.7576356543770446
lor_vs_ror_task3,full_standard_plus_gcc,90,38,19,0.5,0.38781163434903043,0.4343069696702148,0.3684210526315789,0.3684210526315789,0.31871737961750374,0.8641543825407084
lor_vs_ror_task3,full_standard_plus_gcc,91,38,19,0.5,0.6204986149584488,0.6955490212150544,0.5526315789473684,0.5526315789473685,0.2528591987282082,0.7097179256041489
lor_vs_ror_task3,full_standard_plus_gcc,92,38,19,0.5,0.3628808864265928,0.4309450101451292,0.39473684210526316,0.39473684210526316,0.3292361615948749,0.889773289167721
lor_vs_ror_task3,full_standard_plus_gcc,93,38,19,0.5,0.4986149584487534,0.5408100193004817,0.6052631578947368,0.6052631578947368,0.2838367757693824,0.7906817854949093
lor_vs_ror_task3,full_standard_plus_gcc,94,38,19,0.5,0.6759002770083102,0.7030616529490623,0.631578947368421,0.631578947368421,0.23875488628772198,0.6748935180411035
lor_vs_ror_task3,full_standard_plus_gcc,95,38,19,0.5,0.40166204986149584,0.4455082628456781,0.47368421052631576,0.47368421052631576,0.3178514961058654,0.8530009358887053
lor_vs_ror_task3,full_standard_plus_gcc,96,38,19,0.5,0.36288088642659283,0.4371951512313932,0.42105263157894735,0.42105263157894735,0.32250785322346925,0.8712784697499552
lor_vs_ror_task3,full_standard_plus_gcc,97,38,19,0.5,0.3379501385041551,0.44786084410628096,0.3684210526315789,0.3684210526315789,0.31951370927512013,0.8468901687712982
lor_vs_ror_task3,full_standard_plus_gcc,98,38,19,0.5,0.5318559556786704,0.518941603849508,0.5526315789473684,0.5526315789473685,0.28355883231910345,0.7791501043923361
lor_vs_ror_task3,full_standard_plus_gcc,99,38,19,0.5,0.5734072022160666,0.6260156861937047,0.5263157894736842,0.5263157894736842,0.26623567178978663,0.7475683434965614
lor_vs_ror_task3,full_standard_plus_gcc,100,38,19,0.5,0.39335180055401664,0.4536736331030361,0.42105263157894735,0.42105263157894735,0.31623340015118223,0.8591779745148036
