subject,run,phase,target,task_name,probability,prediction,model
sub-02,1,Base1,0,awake_base1_vs_lor,0.018550962993206913,0,confounds_motion_propofol
sub-02,2,LOR_task2,1,awake_base1_vs_lor,0.9836628718386835,1,confounds_motion_propofol
sub-02,3,LOR_task3,1,awake_base1_vs_lor,0.9373047278214846,1,confounds_motion_propofol
sub-03,1,Base1,0,awake_base1_vs_lor,0.023311287033467746,0,confounds_motion_propofol
sub-03,2,LOR_task2,1,awake_base1_vs_lor,0.9898099652051877,1,confounds_motion_propofol
sub-03,3,LOR_task3,1,awake_base1_vs_lor,0.9411350169999947,1,confounds_motion_propofol
sub-04,1,Base1,0,awake_base1_vs_lor,0.0162707430856926,0,confounds_motion_propofol
sub-04,2,LOR_task2,1,awake_base1_vs_lor,0.9894042849941567,1,confounds_motion_propofol
sub-04,3,LOR_task3,1,awake_base1_vs_lor,0.9262182483050082,1,confounds_motion_propofol
sub-05,1,Base1,0,awake_base1_vs_lor,0.019232166615384218,0,confounds_motion_propofol
sub-05,2,LOR_task2,1,awake_base1_vs_lor,0.9888269876866638,1,confounds_motion_propofol
sub-05,3,LOR_task3,1,awake_base1_vs_lor,0.9736571334284363,1,confounds_motion_propofol
sub-06,1,Base1,0,awake_base1_vs_lor,0.022676296033714318,0,confounds_motion_propofol
sub-06,2,LOR_task2,1,awake_base1_vs_lor,0.9908633342160644,1,confounds_motion_propofol
sub-06,3,LOR_task3,1,awake_base1_vs_lor,0.912359400955575,1,confounds_motion_propofol
sub-07,1,Base1,0,awake_base1_vs_lor,0.02002847751596934,0,confounds_motion_propofol
sub-07,2,LOR_task2,1,awake_base1_vs_lor,0.9852306271333221,1,confounds_motion_propofol
sub-07,3,LOR_task3,1,awake_base1_vs_lor,0.9217091557905975,1,confounds_motion_propofol
sub-11,1,Base1,0,awake_base1_vs_lor,0.02133076320313659,0,confounds_motion_propofol
sub-11,2,LOR_task2,1,awake_base1_vs_lor,0.8873413383242617,1,confounds_motion_propofol
sub-11,3,LOR_task3,1,awake_base1_vs_lor,0.7541308916677387,1,confounds_motion_propofol
sub-12,1,Base1,0,awake_base1_vs_lor,0.017495372229248646,0,confounds_motion_propofol
sub-12,2,LOR_task2,1,awake_base1_vs_lor,0.9639592564169486,1,confounds_motion_propofol
sub-12,3,LOR_task3,1,awake_base1_vs_lor,0.9727888241699574,1,confounds_motion_propofol
sub-13,1,Base1,0,awake_base1_vs_lor,0.018971115943648337,0,confounds_motion_propofol
sub-13,2,LOR_task2,1,awake_base1_vs_lor,0.9774648642613557,1,confounds_motion_propofol
sub-13,3,LOR_task3,1,awake_base1_vs_lor,0.9829238907714289,1,confounds_motion_propofol
sub-14,1,Base1,0,awake_base1_vs_lor,0.017292565017644364,0,confounds_motion_propofol
sub-14,2,LOR_task2,1,awake_base1_vs_lor,0.8340422651219153,1,confounds_motion_propofol
sub-14,3,LOR_task3,1,awake_base1_vs_lor,0.8397584054690708,1,confounds_motion_propofol
sub-15,1,Base1,0,awake_base1_vs_lor,0.012413152160142164,0,confounds_motion_propofol
sub-15,2,LOR_task2,1,awake_base1_vs_lor,0.6154272088273367,1,confounds_motion_propofol
sub-15,3,LOR_task3,1,awake_base1_vs_lor,0.4029494438635102,0,confounds_motion_propofol
sub-16,1,Base1,0,awake_base1_vs_lor,0.01769562148940935,0,confounds_motion_propofol
sub-16,3,LOR_task3,1,awake_base1_vs_lor,0.9991494004607012,1,confounds_motion_propofol
sub-17,1,Base1,0,awake_base1_vs_lor,0.022178294085145607,0,confounds_motion_propofol
sub-17,2,LOR_task2,1,awake_base1_vs_lor,0.8716033616538715,1,confounds_motion_propofol
sub-17,3,LOR_task3,1,awake_base1_vs_lor,0.8327739742195569,1,confounds_motion_propofol
sub-18,1,Base1,0,awake_base1_vs_lor,0.01814248741953443,0,confounds_motion_propofol
sub-18,2,LOR_task2,1,awake_base1_vs_lor,0.9976440929411633,1,confounds_motion_propofol
sub-18,3,LOR_task3,1,awake_base1_vs_lor,0.9961863295786545,1,confounds_motion_propofol
sub-19,1,Base1,0,awake_base1_vs_lor,0.01770411230888171,0,confounds_motion_propofol
sub-19,2,LOR_task2,1,awake_base1_vs_lor,0.9821888272937234,1,confounds_motion_propofol
sub-19,3,LOR_task3,1,awake_base1_vs_lor,0.48551540917282143,0,confounds_motion_propofol
sub-20,1,Base1,0,awake_base1_vs_lor,0.016527089866076233,0,confounds_motion_propofol
sub-20,2,LOR_task2,1,awake_base1_vs_lor,0.999711815756171,1,confounds_motion_propofol
sub-20,3,LOR_task3,1,awake_base1_vs_lor,0.9994474067710017,1,confounds_motion_propofol
sub-21,1,Base1,0,awake_base1_vs_lor,0.018631820556828223,0,confounds_motion_propofol
sub-21,2,LOR_task2,1,awake_base1_vs_lor,0.9951319933990898,1,confounds_motion_propofol
sub-21,3,LOR_task3,1,awake_base1_vs_lor,0.9913649639671329,1,confounds_motion_propofol
sub-22,1,Base1,0,awake_base1_vs_lor,0.017339073057325852,0,confounds_motion_propofol
sub-22,2,LOR_task2,1,awake_base1_vs_lor,0.9987339122554116,1,confounds_motion_propofol
sub-22,3,LOR_task3,1,awake_base1_vs_lor,0.99447924553845,1,confounds_motion_propofol
sub-23,1,Base1,0,awake_base1_vs_lor,0.018754588231003486,0,confounds_motion_propofol
sub-23,2,LOR_task2,1,awake_base1_vs_lor,0.995662023474133,1,confounds_motion_propofol
sub-23,3,LOR_task3,1,awake_base1_vs_lor,0.9966467129435642,1,confounds_motion_propofol
sub-24,1,Base1,0,awake_base1_vs_lor,0.021481217365207042,0,confounds_motion_propofol
sub-24,2,LOR_task2,1,awake_base1_vs_lor,0.9660969348278071,1,confounds_motion_propofol
sub-24,3,LOR_task3,1,awake_base1_vs_lor,0.8937663948172441,1,confounds_motion_propofol
sub-25,1,Base1,0,awake_base1_vs_lor,0.020176822629417706,0,confounds_motion_propofol
sub-25,2,LOR_task2,1,awake_base1_vs_lor,0.9990570860541408,1,confounds_motion_propofol
sub-25,3,LOR_task3,1,awake_base1_vs_lor,0.9934395929805747,1,confounds_motion_propofol
sub-26,1,Base1,0,awake_base1_vs_lor,0.0255152431836037,0,confounds_motion_propofol
sub-26,2,LOR_task2,1,awake_base1_vs_lor,0.9808810025291437,1,confounds_motion_propofol
sub-26,3,LOR_task3,1,awake_base1_vs_lor,0.9766281865593122,1,confounds_motion_propofol
sub-27,1,Base1,0,awake_base1_vs_lor,0.018394894413933147,0,confounds_motion_propofol
sub-27,2,LOR_task2,1,awake_base1_vs_lor,0.9404419771454777,1,confounds_motion_propofol
sub-27,3,LOR_task3,1,awake_base1_vs_lor,0.9662046433568964,1,confounds_motion_propofol
sub-28,1,Base1,0,awake_base1_vs_lor,0.022418692856670776,0,confounds_motion_propofol
sub-28,2,LOR_task2,1,awake_base1_vs_lor,0.996515405300743,1,confounds_motion_propofol
sub-28,3,LOR_task3,1,awake_base1_vs_lor,0.9907742103031941,1,confounds_motion_propofol
sub-29,1,Base1,0,awake_base1_vs_lor,0.02377683524382546,0,confounds_motion_propofol
sub-29,2,LOR_task2,1,awake_base1_vs_lor,0.9999966168273254,1,confounds_motion_propofol
sub-29,3,LOR_task3,1,awake_base1_vs_lor,0.9999986847387483,1,confounds_motion_propofol
sub-30,1,Base1,0,awake_base1_vs_lor,0.017715345453800473,0,confounds_motion_propofol
sub-30,2,LOR_task2,1,awake_base1_vs_lor,0.9780711488975525,1,confounds_motion_propofol
sub-30,3,LOR_task3,1,awake_base1_vs_lor,0.9965366698958809,1,confounds_motion_propofol
sub-02,1,Base1,0,awake_base1_vs_lor,0.015986755242850603,0,standard_fc_plus_confounds
sub-02,2,LOR_task2,1,awake_base1_vs_lor,0.9824513407832226,1,standard_fc_plus_confounds
sub-02,3,LOR_task3,1,awake_base1_vs_lor,0.9577188133575854,1,standard_fc_plus_confounds
sub-03,1,Base1,0,awake_base1_vs_lor,0.011599158996098643,0,standard_fc_plus_confounds
sub-03,2,LOR_task2,1,awake_base1_vs_lor,0.9865803373695715,1,standard_fc_plus_confounds
sub-03,3,LOR_task3,1,awake_base1_vs_lor,0.9364616452854417,1,standard_fc_plus_confounds
sub-04,1,Base1,0,awake_base1_vs_lor,0.01246326045574351,0,standard_fc_plus_confounds
sub-04,2,LOR_task2,1,awake_base1_vs_lor,0.9861200140634566,1,standard_fc_plus_confounds
sub-04,3,LOR_task3,1,awake_base1_vs_lor,0.9093179925990049,1,standard_fc_plus_confounds
sub-05,1,Base1,0,awake_base1_vs_lor,0.022153211933942922,0,standard_fc_plus_confounds
sub-05,2,LOR_task2,1,awake_base1_vs_lor,0.9904897162946967,1,standard_fc_plus_confounds
sub-05,3,LOR_task3,1,awake_base1_vs_lor,0.9649834924396613,1,standard_fc_plus_confounds
sub-06,1,Base1,0,awake_base1_vs_lor,0.015499363462360102,0,standard_fc_plus_confounds
sub-06,2,LOR_task2,1,awake_base1_vs_lor,0.9885594841326213,1,standard_fc_plus_confounds
sub-06,3,LOR_task3,1,awake_base1_vs_lor,0.8713189974428447,1,standard_fc_plus_confounds
sub-07,1,Base1,0,awake_base1_vs_lor,0.0154382315434475,0,standard_fc_plus_confounds
sub-07,2,LOR_task2,1,awake_base1_vs_lor,0.9870983936174805,1,standard_fc_plus_confounds
sub-07,3,LOR_task3,1,awake_base1_vs_lor,0.9380346952403955,1,standard_fc_plus_confounds
sub-11,1,Base1,0,awake_base1_vs_lor,0.031227058469607136,0,standard_fc_plus_confounds
sub-11,2,LOR_task2,1,awake_base1_vs_lor,0.8860878215450307,1,standard_fc_plus_confounds
sub-11,3,LOR_task3,1,awake_base1_vs_lor,0.8791960325090099,1,standard_fc_plus_confounds
sub-12,1,Base1,0,awake_base1_vs_lor,0.01666161726841263,0,standard_fc_plus_confounds
sub-12,2,LOR_task2,1,awake_base1_vs_lor,0.968270497536566,1,standard_fc_plus_confounds
sub-12,3,LOR_task3,1,awake_base1_vs_lor,0.96496162800779,1,standard_fc_plus_confounds
sub-13,1,Base1,0,awake_base1_vs_lor,0.010438738397998831,0,standard_fc_plus_confounds
sub-13,2,LOR_task2,1,awake_base1_vs_lor,0.9732006444230179,1,standard_fc_plus_confounds
sub-13,3,LOR_task3,1,awake_base1_vs_lor,0.9819421540687859,1,standard_fc_plus_confounds
sub-14,1,Base1,0,awake_base1_vs_lor,0.014457941126546352,0,standard_fc_plus_confounds
sub-14,2,LOR_task2,1,awake_base1_vs_lor,0.8268900416723157,1,standard_fc_plus_confounds
sub-14,3,LOR_task3,1,awake_base1_vs_lor,0.8277032092463864,1,standard_fc_plus_confounds
sub-15,1,Base1,0,awake_base1_vs_lor,0.014189503674274838,0,standard_fc_plus_confounds
sub-15,2,LOR_task2,1,awake_base1_vs_lor,0.6728179000840694,1,standard_fc_plus_confounds
sub-15,3,LOR_task3,1,awake_base1_vs_lor,0.5215571155252138,1,standard_fc_plus_confounds
sub-16,1,Base1,0,awake_base1_vs_lor,0.013008119300079701,0,standard_fc_plus_confounds
sub-16,3,LOR_task3,1,awake_base1_vs_lor,0.9996265047797066,1,standard_fc_plus_confounds
sub-17,1,Base1,0,awake_base1_vs_lor,0.014037102230500323,0,standard_fc_plus_confounds
sub-17,2,LOR_task2,1,awake_base1_vs_lor,0.8428187735783952,1,standard_fc_plus_confounds
sub-17,3,LOR_task3,1,awake_base1_vs_lor,0.8040831160948206,1,standard_fc_plus_confounds
sub-18,1,Base1,0,awake_base1_vs_lor,0.012471966408976305,0,standard_fc_plus_confounds
sub-18,2,LOR_task2,1,awake_base1_vs_lor,0.9976494775825183,1,standard_fc_plus_confounds
sub-18,3,LOR_task3,1,awake_base1_vs_lor,0.9940762586650537,1,standard_fc_plus_confounds
sub-19,1,Base1,0,awake_base1_vs_lor,0.016711987779799358,0,standard_fc_plus_confounds
sub-19,2,LOR_task2,1,awake_base1_vs_lor,0.9800928454427278,1,standard_fc_plus_confounds
sub-19,3,LOR_task3,1,awake_base1_vs_lor,0.459896716734484,0,standard_fc_plus_confounds
sub-20,1,Base1,0,awake_base1_vs_lor,0.026247340061713594,0,standard_fc_plus_confounds
sub-20,2,LOR_task2,1,awake_base1_vs_lor,0.9991165855670138,1,standard_fc_plus_confounds
sub-20,3,LOR_task3,1,awake_base1_vs_lor,0.9993021424582138,1,standard_fc_plus_confounds
sub-21,1,Base1,0,awake_base1_vs_lor,0.02446219863434811,0,standard_fc_plus_confounds
sub-21,2,LOR_task2,1,awake_base1_vs_lor,0.9952544768989062,1,standard_fc_plus_confounds
sub-21,3,LOR_task3,1,awake_base1_vs_lor,0.9895601416776657,1,standard_fc_plus_confounds
sub-22,1,Base1,0,awake_base1_vs_lor,0.013903416904477774,0,standard_fc_plus_confounds
sub-22,2,LOR_task2,1,awake_base1_vs_lor,0.9969615531638425,1,standard_fc_plus_confounds
sub-22,3,LOR_task3,1,awake_base1_vs_lor,0.9940338348302461,1,standard_fc_plus_confounds
sub-23,1,Base1,0,awake_base1_vs_lor,0.009011162027318704,0,standard_fc_plus_confounds
sub-23,2,LOR_task2,1,awake_base1_vs_lor,0.9943608249047966,1,standard_fc_plus_confounds
sub-23,3,LOR_task3,1,awake_base1_vs_lor,0.997327810720715,1,standard_fc_plus_confounds
sub-24,1,Base1,0,awake_base1_vs_lor,0.015166327185815924,0,standard_fc_plus_confounds
sub-24,2,LOR_task2,1,awake_base1_vs_lor,0.9744259717964603,1,standard_fc_plus_confounds
sub-24,3,LOR_task3,1,awake_base1_vs_lor,0.8258548981299308,1,standard_fc_plus_confounds
sub-25,1,Base1,0,awake_base1_vs_lor,0.02636090571655444,0,standard_fc_plus_confounds
sub-25,2,LOR_task2,1,awake_base1_vs_lor,0.9984363911310392,1,standard_fc_plus_confounds
sub-25,3,LOR_task3,1,awake_base1_vs_lor,0.994097343775533,1,standard_fc_plus_confounds
sub-26,1,Base1,0,awake_base1_vs_lor,0.021391475389358486,0,standard_fc_plus_confounds
sub-26,2,LOR_task2,1,awake_base1_vs_lor,0.9776500972412161,1,standard_fc_plus_confounds
sub-26,3,LOR_task3,1,awake_base1_vs_lor,0.9752997642844284,1,standard_fc_plus_confounds
sub-27,1,Base1,0,awake_base1_vs_lor,0.010756527464656827,0,standard_fc_plus_confounds
sub-27,2,LOR_task2,1,awake_base1_vs_lor,0.944842651766037,1,standard_fc_plus_confounds
sub-27,3,LOR_task3,1,awake_base1_vs_lor,0.9722485687783088,1,standard_fc_plus_confounds
sub-28,1,Base1,0,awake_base1_vs_lor,0.015317118413115631,0,standard_fc_plus_confounds
sub-28,2,LOR_task2,1,awake_base1_vs_lor,0.9974312477054444,1,standard_fc_plus_confounds
sub-28,3,LOR_task3,1,awake_base1_vs_lor,0.9903192324317238,1,standard_fc_plus_confounds
sub-29,1,Base1,0,awake_base1_vs_lor,0.014424364226858798,0,standard_fc_plus_confounds
sub-29,2,LOR_task2,1,awake_base1_vs_lor,0.9999931472914378,1,standard_fc_plus_confounds
sub-29,3,LOR_task3,1,awake_base1_vs_lor,0.9999980991397963,1,standard_fc_plus_confounds
sub-30,1,Base1,0,awake_base1_vs_lor,0.017752286397356917,0,standard_fc_plus_confounds
sub-30,2,LOR_task2,1,awake_base1_vs_lor,0.9826191696572134,1,standard_fc_plus_confounds
sub-30,3,LOR_task3,1,awake_base1_vs_lor,0.9949725305587738,1,standard_fc_plus_confounds
sub-02,1,Base1,0,awake_base1_vs_lor,0.01091695389822981,0,gcc_core_plus_confounds
sub-02,2,LOR_task2,1,awake_base1_vs_lor,0.9841225517061277,1,gcc_core_plus_confounds
sub-02,3,LOR_task3,1,awake_base1_vs_lor,0.968152873119544,1,gcc_core_plus_confounds
sub-03,1,Base1,0,awake_base1_vs_lor,0.0066845186703068556,0,gcc_core_plus_confounds
sub-03,2,LOR_task2,1,awake_base1_vs_lor,0.9845074934829471,1,gcc_core_plus_confounds
sub-03,3,LOR_task3,1,awake_base1_vs_lor,0.9315951591674966,1,gcc_core_plus_confounds
sub-04,1,Base1,0,awake_base1_vs_lor,0.01199832666342131,0,gcc_core_plus_confounds
sub-04,2,LOR_task2,1,awake_base1_vs_lor,0.9853162649657963,1,gcc_core_plus_confounds
sub-04,3,LOR_task3,1,awake_base1_vs_lor,0.9083916954704571,1,gcc_core_plus_confounds
sub-05,1,Base1,0,awake_base1_vs_lor,0.02013360652546164,0,gcc_core_plus_confounds
sub-05,2,LOR_task2,1,awake_base1_vs_lor,0.9873943198467154,1,gcc_core_plus_confounds
sub-05,3,LOR_task3,1,awake_base1_vs_lor,0.9634493101981692,1,gcc_core_plus_confounds
sub-06,1,Base1,0,awake_base1_vs_lor,0.011093574740911518,0,gcc_core_plus_confounds
sub-06,2,LOR_task2,1,awake_base1_vs_lor,0.9879369164486844,1,gcc_core_plus_confounds
sub-06,3,LOR_task3,1,awake_base1_vs_lor,0.8497412059129785,1,gcc_core_plus_confounds
sub-07,1,Base1,0,awake_base1_vs_lor,0.01697371465518948,0,gcc_core_plus_confounds
sub-07,2,LOR_task2,1,awake_base1_vs_lor,0.98762742443419,1,gcc_core_plus_confounds
sub-07,3,LOR_task3,1,awake_base1_vs_lor,0.9549651792768514,1,gcc_core_plus_confounds
sub-11,1,Base1,0,awake_base1_vs_lor,0.02666256456950668,0,gcc_core_plus_confounds
sub-11,2,LOR_task2,1,awake_base1_vs_lor,0.8995460961827223,1,gcc_core_plus_confounds
sub-11,3,LOR_task3,1,awake_base1_vs_lor,0.8963190364091774,1,gcc_core_plus_confounds
sub-12,1,Base1,0,awake_base1_vs_lor,0.02083388994122993,0,gcc_core_plus_confounds
sub-12,2,LOR_task2,1,awake_base1_vs_lor,0.9748724120046557,1,gcc_core_plus_confounds
sub-12,3,LOR_task3,1,awake_base1_vs_lor,0.9698623966936829,1,gcc_core_plus_confounds
sub-13,1,Base1,0,awake_base1_vs_lor,0.009222109964802275,0,gcc_core_plus_confounds
sub-13,2,LOR_task2,1,awake_base1_vs_lor,0.9798738632728035,1,gcc_core_plus_confounds
sub-13,3,LOR_task3,1,awake_base1_vs_lor,0.9816518792953387,1,gcc_core_plus_confounds
sub-14,1,Base1,0,awake_base1_vs_lor,0.009987391670590269,0,gcc_core_plus_confounds
sub-14,2,LOR_task2,1,awake_base1_vs_lor,0.8289288533950098,1,gcc_core_plus_confounds
sub-14,3,LOR_task3,1,awake_base1_vs_lor,0.7947262855515018,1,gcc_core_plus_confounds
sub-15,1,Base1,0,awake_base1_vs_lor,0.017098308899702815,0,gcc_core_plus_confounds
sub-15,2,LOR_task2,1,awake_base1_vs_lor,0.7551018367044712,1,gcc_core_plus_confounds
sub-15,3,LOR_task3,1,awake_base1_vs_lor,0.5912464648055182,1,gcc_core_plus_confounds
sub-16,1,Base1,0,awake_base1_vs_lor,0.012528535090075768,0,gcc_core_plus_confounds
sub-16,3,LOR_task3,1,awake_base1_vs_lor,0.9994262153179607,1,gcc_core_plus_confounds
sub-17,1,Base1,0,awake_base1_vs_lor,0.011156678652781379,0,gcc_core_plus_confounds
sub-17,2,LOR_task2,1,awake_base1_vs_lor,0.8738583493919712,1,gcc_core_plus_confounds
sub-17,3,LOR_task3,1,awake_base1_vs_lor,0.7577515162138957,1,gcc_core_plus_confounds
sub-18,1,Base1,0,awake_base1_vs_lor,0.008753759846858227,0,gcc_core_plus_confounds
sub-18,2,LOR_task2,1,awake_base1_vs_lor,0.993837454554771,1,gcc_core_plus_confounds
sub-18,3,LOR_task3,1,awake_base1_vs_lor,0.992634641796522,1,gcc_core_plus_confounds
sub-19,1,Base1,0,awake_base1_vs_lor,0.020712118783268185,0,gcc_core_plus_confounds
sub-19,2,LOR_task2,1,awake_base1_vs_lor,0.9762535393918423,1,gcc_core_plus_confounds
sub-19,3,LOR_task3,1,awake_base1_vs_lor,0.4347870822342236,0,gcc_core_plus_confounds
sub-20,1,Base1,0,awake_base1_vs_lor,0.02799558003446158,0,gcc_core_plus_confounds
sub-20,2,LOR_task2,1,awake_base1_vs_lor,0.9975825602769666,1,gcc_core_plus_confounds
sub-20,3,LOR_task3,1,awake_base1_vs_lor,0.9991816796495594,1,gcc_core_plus_confounds
sub-21,1,Base1,0,awake_base1_vs_lor,0.02646037991021482,0,gcc_core_plus_confounds
sub-21,2,LOR_task2,1,awake_base1_vs_lor,0.995555477044545,1,gcc_core_plus_confounds
sub-21,3,LOR_task3,1,awake_base1_vs_lor,0.9914069993835042,1,gcc_core_plus_confounds
sub-22,1,Base1,0,awake_base1_vs_lor,0.010478288070540628,0,gcc_core_plus_confounds
sub-22,2,LOR_task2,1,awake_base1_vs_lor,0.9934469971418162,1,gcc_core_plus_confounds
sub-22,3,LOR_task3,1,awake_base1_vs_lor,0.9945667796682803,1,gcc_core_plus_confounds
sub-23,1,Base1,0,awake_base1_vs_lor,0.005068637039358289,0,gcc_core_plus_confounds
sub-23,2,LOR_task2,1,awake_base1_vs_lor,0.9942738151375754,1,gcc_core_plus_confounds
sub-23,3,LOR_task3,1,awake_base1_vs_lor,0.9979229244067528,1,gcc_core_plus_confounds
sub-24,1,Base1,0,awake_base1_vs_lor,0.012419675780634217,0,gcc_core_plus_confounds
sub-24,2,LOR_task2,1,awake_base1_vs_lor,0.9798172994890688,1,gcc_core_plus_confounds
sub-24,3,LOR_task3,1,awake_base1_vs_lor,0.8223797736576066,1,gcc_core_plus_confounds
sub-25,1,Base1,0,awake_base1_vs_lor,0.0404459126895801,0,gcc_core_plus_confounds
sub-25,2,LOR_task2,1,awake_base1_vs_lor,0.9982035309578567,1,gcc_core_plus_confounds
sub-25,3,LOR_task3,1,awake_base1_vs_lor,0.9947256495667492,1,gcc_core_plus_confounds
sub-26,1,Base1,0,awake_base1_vs_lor,0.019549494604742913,0,gcc_core_plus_confounds
sub-26,2,LOR_task2,1,awake_base1_vs_lor,0.9768742858560575,1,gcc_core_plus_confounds
sub-26,3,LOR_task3,1,awake_base1_vs_lor,0.9727552974329104,1,gcc_core_plus_confounds
sub-27,1,Base1,0,awake_base1_vs_lor,0.00862084838058408,0,gcc_core_plus_confounds
sub-27,2,LOR_task2,1,awake_base1_vs_lor,0.9453489946446234,1,gcc_core_plus_confounds
sub-27,3,LOR_task3,1,awake_base1_vs_lor,0.970306981579711,1,gcc_core_plus_confounds
sub-28,1,Base1,0,awake_base1_vs_lor,0.011225041991765347,0,gcc_core_plus_confounds
sub-28,2,LOR_task2,1,awake_base1_vs_lor,0.9977811647823526,1,gcc_core_plus_confounds
sub-28,3,LOR_task3,1,awake_base1_vs_lor,0.9914307588588861,1,gcc_core_plus_confounds
sub-29,1,Base1,0,awake_base1_vs_lor,0.011790829875779027,0,gcc_core_plus_confounds
sub-29,2,LOR_task2,1,awake_base1_vs_lor,0.9999877551191374,1,gcc_core_plus_confounds
sub-29,3,LOR_task3,1,awake_base1_vs_lor,0.9999962729096604,1,gcc_core_plus_confounds
sub-30,1,Base1,0,awake_base1_vs_lor,0.01912437332779725,0,gcc_core_plus_confounds
sub-30,2,LOR_task2,1,awake_base1_vs_lor,0.9872275033577826,1,gcc_core_plus_confounds
sub-30,3,LOR_task3,1,awake_base1_vs_lor,0.9917484293921045,1,gcc_core_plus_confounds
sub-02,1,Base1,0,awake_base1_vs_lor,0.010033680841479061,0,gcc_regime_plus_confounds
sub-02,2,LOR_task2,1,awake_base1_vs_lor,0.979965326329015,1,gcc_regime_plus_confounds
sub-02,3,LOR_task3,1,awake_base1_vs_lor,0.9870806419925645,1,gcc_regime_plus_confounds
sub-03,1,Base1,0,awake_base1_vs_lor,0.004700608592661729,0,gcc_regime_plus_confounds
sub-03,2,LOR_task2,1,awake_base1_vs_lor,0.9867924489815492,1,gcc_regime_plus_confounds
sub-03,3,LOR_task3,1,awake_base1_vs_lor,0.9809729359568982,1,gcc_regime_plus_confounds
sub-04,1,Base1,0,awake_base1_vs_lor,0.01102770421084675,0,gcc_regime_plus_confounds
sub-04,2,LOR_task2,1,awake_base1_vs_lor,0.9891571192805045,1,gcc_regime_plus_confounds
sub-04,3,LOR_task3,1,awake_base1_vs_lor,0.9270669000782393,1,gcc_regime_plus_confounds
sub-05,1,Base1,0,awake_base1_vs_lor,0.01677193247502256,0,gcc_regime_plus_confounds
sub-05,2,LOR_task2,1,awake_base1_vs_lor,0.993074479413272,1,gcc_regime_plus_confounds
sub-05,3,LOR_task3,1,awake_base1_vs_lor,0.9318276419153527,1,gcc_regime_plus_confounds
sub-06,1,Base1,0,awake_base1_vs_lor,0.012984581480721099,0,gcc_regime_plus_confounds
sub-06,2,LOR_task2,1,awake_base1_vs_lor,0.9896331368749072,1,gcc_regime_plus_confounds
sub-06,3,LOR_task3,1,awake_base1_vs_lor,0.930367119491946,1,gcc_regime_plus_confounds
sub-07,1,Base1,0,awake_base1_vs_lor,0.015804101947282323,0,gcc_regime_plus_confounds
sub-07,2,LOR_task2,1,awake_base1_vs_lor,0.9817414033238563,1,gcc_regime_plus_confounds
sub-07,3,LOR_task3,1,awake_base1_vs_lor,0.9735483157956432,1,gcc_regime_plus_confounds
sub-11,1,Base1,0,awake_base1_vs_lor,0.028823043161763654,0,gcc_regime_plus_confounds
sub-11,2,LOR_task2,1,awake_base1_vs_lor,0.8664070610239745,1,gcc_regime_plus_confounds
sub-11,3,LOR_task3,1,awake_base1_vs_lor,0.9432226765148374,1,gcc_regime_plus_confounds
sub-12,1,Base1,0,awake_base1_vs_lor,0.01765806582054163,0,gcc_regime_plus_confounds
sub-12,2,LOR_task2,1,awake_base1_vs_lor,0.9632929752456443,1,gcc_regime_plus_confounds
sub-12,3,LOR_task3,1,awake_base1_vs_lor,0.9722087444528681,1,gcc_regime_plus_confounds
sub-13,1,Base1,0,awake_base1_vs_lor,0.007946532282638167,0,gcc_regime_plus_confounds
sub-13,2,LOR_task2,1,awake_base1_vs_lor,0.9600415377238349,1,gcc_regime_plus_confounds
sub-13,3,LOR_task3,1,awake_base1_vs_lor,0.9827502260983118,1,gcc_regime_plus_confounds
sub-14,1,Base1,0,awake_base1_vs_lor,0.009528933618236245,0,gcc_regime_plus_confounds
sub-14,2,LOR_task2,1,awake_base1_vs_lor,0.8327373879343358,1,gcc_regime_plus_confounds
sub-14,3,LOR_task3,1,awake_base1_vs_lor,0.8866500744266683,1,gcc_regime_plus_confounds
sub-15,1,Base1,0,awake_base1_vs_lor,0.011271009379512023,0,gcc_regime_plus_confounds
sub-15,2,LOR_task2,1,awake_base1_vs_lor,0.7274586002223319,1,gcc_regime_plus_confounds
sub-15,3,LOR_task3,1,awake_base1_vs_lor,0.45746666812182585,0,gcc_regime_plus_confounds
sub-16,1,Base1,0,awake_base1_vs_lor,0.009398561258439079,0,gcc_regime_plus_confounds
sub-16,3,LOR_task3,1,awake_base1_vs_lor,0.9996592614865206,1,gcc_regime_plus_confounds
sub-17,1,Base1,0,awake_base1_vs_lor,0.008277704208834329,0,gcc_regime_plus_confounds
sub-17,2,LOR_task2,1,awake_base1_vs_lor,0.8989642760633634,1,gcc_regime_plus_confounds
sub-17,3,LOR_task3,1,awake_base1_vs_lor,0.727507324164576,1,gcc_regime_plus_confounds
sub-18,1,Base1,0,awake_base1_vs_lor,0.008111856619792648,0,gcc_regime_plus_confounds
sub-18,2,LOR_task2,1,awake_base1_vs_lor,0.9914706601514257,1,gcc_regime_plus_confounds
sub-18,3,LOR_task3,1,awake_base1_vs_lor,0.9890194454995952,1,gcc_regime_plus_confounds
sub-19,1,Base1,0,awake_base1_vs_lor,0.017875718143876496,0,gcc_regime_plus_confounds
sub-19,2,LOR_task2,1,awake_base1_vs_lor,0.9660019753252603,1,gcc_regime_plus_confounds
sub-19,3,LOR_task3,1,awake_base1_vs_lor,0.4556589374740356,0,gcc_regime_plus_confounds
sub-20,1,Base1,0,awake_base1_vs_lor,0.02521127647993589,0,gcc_regime_plus_confounds
sub-20,2,LOR_task2,1,awake_base1_vs_lor,0.9981395990328077,1,gcc_regime_plus_confounds
sub-20,3,LOR_task3,1,awake_base1_vs_lor,0.9982482236639363,1,gcc_regime_plus_confounds
sub-21,1,Base1,0,awake_base1_vs_lor,0.026767833638123517,0,gcc_regime_plus_confounds
sub-21,2,LOR_task2,1,awake_base1_vs_lor,0.9950439906992076,1,gcc_regime_plus_confounds
sub-21,3,LOR_task3,1,awake_base1_vs_lor,0.9791949834488592,1,gcc_regime_plus_confounds
sub-22,1,Base1,0,awake_base1_vs_lor,0.00820909446656012,0,gcc_regime_plus_confounds
sub-22,2,LOR_task2,1,awake_base1_vs_lor,0.9899167560181981,1,gcc_regime_plus_confounds
sub-22,3,LOR_task3,1,awake_base1_vs_lor,0.996861302721568,1,gcc_regime_plus_confounds
sub-23,1,Base1,0,awake_base1_vs_lor,0.0042423052209962925,0,gcc_regime_plus_confounds
sub-23,2,LOR_task2,1,awake_base1_vs_lor,0.9925762170946667,1,gcc_regime_plus_confounds
sub-23,3,LOR_task3,1,awake_base1_vs_lor,0.9989143350156636,1,gcc_regime_plus_confounds
sub-24,1,Base1,0,awake_base1_vs_lor,0.01096807643375616,0,gcc_regime_plus_confounds
sub-24,2,LOR_task2,1,awake_base1_vs_lor,0.9710055543976098,1,gcc_regime_plus_confounds
sub-24,3,LOR_task3,1,awake_base1_vs_lor,0.9372605757407316,1,gcc_regime_plus_confounds
sub-25,1,Base1,0,awake_base1_vs_lor,0.03098130895474963,0,gcc_regime_plus_confounds
sub-25,2,LOR_task2,1,awake_base1_vs_lor,0.9958320315593759,1,gcc_regime_plus_confounds
sub-25,3,LOR_task3,1,awake_base1_vs_lor,0.9937286753943233,1,gcc_regime_plus_confounds
sub-26,1,Base1,0,awake_base1_vs_lor,0.019302905114145858,0,gcc_regime_plus_confounds
sub-26,2,LOR_task2,1,awake_base1_vs_lor,0.9817665165456353,1,gcc_regime_plus_confounds
sub-26,3,LOR_task3,1,awake_base1_vs_lor,0.9769562259394536,1,gcc_regime_plus_confounds
sub-27,1,Base1,0,awake_base1_vs_lor,0.007567836520287386,0,gcc_regime_plus_confounds
sub-27,2,LOR_task2,1,awake_base1_vs_lor,0.9139855068541095,1,gcc_regime_plus_confounds
sub-27,3,LOR_task3,1,awake_base1_vs_lor,0.9581825786621746,1,gcc_regime_plus_confounds
sub-28,1,Base1,0,awake_base1_vs_lor,0.008396225753110961,0,gcc_regime_plus_confounds
sub-28,2,LOR_task2,1,awake_base1_vs_lor,0.9979932188807558,1,gcc_regime_plus_confounds
sub-28,3,LOR_task3,1,awake_base1_vs_lor,0.9866835964508361,1,gcc_regime_plus_confounds
sub-29,1,Base1,0,awake_base1_vs_lor,0.008421020601383528,0,gcc_regime_plus_confounds
sub-29,2,LOR_task2,1,awake_base1_vs_lor,0.999966096537846,1,gcc_regime_plus_confounds
sub-29,3,LOR_task3,1,awake_base1_vs_lor,0.9999965845053999,1,gcc_regime_plus_confounds
sub-30,1,Base1,0,awake_base1_vs_lor,0.015080249249181185,0,gcc_regime_plus_confounds
sub-30,2,LOR_task2,1,awake_base1_vs_lor,0.9866406888394608,1,gcc_regime_plus_confounds
sub-30,3,LOR_task3,1,awake_base1_vs_lor,0.9968124879344238,1,gcc_regime_plus_confounds
sub-02,1,Base1,0,awake_base1_vs_lor,0.009403041932205057,0,full_standard_plus_gcc
sub-02,2,LOR_task2,1,awake_base1_vs_lor,0.9793985924210871,1,full_standard_plus_gcc
sub-02,3,LOR_task3,1,awake_base1_vs_lor,0.9892943861798812,1,full_standard_plus_gcc
sub-03,1,Base1,0,awake_base1_vs_lor,0.0034208561883256193,0,full_standard_plus_gcc
sub-03,2,LOR_task2,1,awake_base1_vs_lor,0.9854330592210525,1,full_standard_plus_gcc
sub-03,3,LOR_task3,1,awake_base1_vs_lor,0.9811351019908653,1,full_standard_plus_gcc
sub-04,1,Base1,0,awake_base1_vs_lor,0.009127158029635048,0,full_standard_plus_gcc
sub-04,2,LOR_task2,1,awake_base1_vs_lor,0.9884379649949909,1,full_standard_plus_gcc
sub-04,3,LOR_task3,1,awake_base1_vs_lor,0.9211388235729868,1,full_standard_plus_gcc
sub-05,1,Base1,0,awake_base1_vs_lor,0.016522446652802718,0,full_standard_plus_gcc
sub-05,2,LOR_task2,1,awake_base1_vs_lor,0.9942528081931363,1,full_standard_plus_gcc
sub-05,3,LOR_task3,1,awake_base1_vs_lor,0.9198792163669108,1,full_standard_plus_gcc
sub-06,1,Base1,0,awake_base1_vs_lor,0.010940897393112254,0,full_standard_plus_gcc
sub-06,2,LOR_task2,1,awake_base1_vs_lor,0.9897189823983401,1,full_standard_plus_gcc
sub-06,3,LOR_task3,1,awake_base1_vs_lor,0.9202301905586762,1,full_standard_plus_gcc
sub-07,1,Base1,0,awake_base1_vs_lor,0.01288265548713923,0,full_standard_plus_gcc
sub-07,2,LOR_task2,1,awake_base1_vs_lor,0.9833160715155845,1,full_standard_plus_gcc
sub-07,3,LOR_task3,1,awake_base1_vs_lor,0.9760401515417401,1,full_standard_plus_gcc
sub-11,1,Base1,0,awake_base1_vs_lor,0.034259577576534785,0,full_standard_plus_gcc
sub-11,2,LOR_task2,1,awake_base1_vs_lor,0.8654025219176849,1,full_standard_plus_gcc
sub-11,3,LOR_task3,1,awake_base1_vs_lor,0.9619852963491319,1,full_standard_plus_gcc
sub-12,1,Base1,0,awake_base1_vs_lor,0.015702074124465126,0,full_standard_plus_gcc
sub-12,2,LOR_task2,1,awake_base1_vs_lor,0.9639301539264353,1,full_standard_plus_gcc
sub-12,3,LOR_task3,1,awake_base1_vs_lor,0.9689697493946565,1,full_standard_plus_gcc
sub-13,1,Base1,0,awake_base1_vs_lor,0.005669958498365534,0,full_standard_plus_gcc
sub-13,2,LOR_task2,1,awake_base1_vs_lor,0.9553837488121241,1,full_standard_plus_gcc
sub-13,3,LOR_task3,1,awake_base1_vs_lor,0.9832403180673285,1,full_standard_plus_gcc
sub-14,1,Base1,0,awake_base1_vs_lor,0.009334060127560618,0,full_standard_plus_gcc
sub-14,2,LOR_task2,1,awake_base1_vs_lor,0.833173549182671,1,full_standard_plus_gcc
sub-14,3,LOR_task3,1,awake_base1_vs_lor,0.8882090981087628,1,full_standard_plus_gcc
sub-15,1,Base1,0,awake_base1_vs_lor,0.011793421411532203,0,full_standard_plus_gcc
sub-15,2,LOR_task2,1,awake_base1_vs_lor,0.7539965903290236,1,full_standard_plus_gcc
sub-15,3,LOR_task3,1,awake_base1_vs_lor,0.5135243752810947,1,full_standard_plus_gcc
sub-16,1,Base1,0,awake_base1_vs_lor,0.007619974934653266,0,full_standard_plus_gcc
sub-16,3,LOR_task3,1,awake_base1_vs_lor,0.999795411255213,1,full_standard_plus_gcc
sub-17,1,Base1,0,awake_base1_vs_lor,0.006453788482671699,0,full_standard_plus_gcc
sub-17,2,LOR_task2,1,awake_base1_vs_lor,0.8900161406144739,1,full_standard_plus_gcc
sub-17,3,LOR_task3,1,awake_base1_vs_lor,0.7211814197897815,1,full_standard_plus_gcc
sub-18,1,Base1,0,awake_base1_vs_lor,0.006674634330669664,0,full_standard_plus_gcc
sub-18,2,LOR_task2,1,awake_base1_vs_lor,0.9935728455473868,1,full_standard_plus_gcc
sub-18,3,LOR_task3,1,awake_base1_vs_lor,0.9872605631260113,1,full_standard_plus_gcc
sub-19,1,Base1,0,awake_base1_vs_lor,0.018579512746159682,0,full_standard_plus_gcc
sub-19,2,LOR_task2,1,awake_base1_vs_lor,0.967941871463653,1,full_standard_plus_gcc
sub-19,3,LOR_task3,1,awake_base1_vs_lor,0.4978981255992035,0,full_standard_plus_gcc
sub-20,1,Base1,0,awake_base1_vs_lor,0.029467400508492614,0,full_standard_plus_gcc
sub-20,2,LOR_task2,1,awake_base1_vs_lor,0.9972738908871165,1,full_standard_plus_gcc
sub-20,3,LOR_task3,1,awake_base1_vs_lor,0.9981138614184838,1,full_standard_plus_gcc
sub-21,1,Base1,0,awake_base1_vs_lor,0.02781010487228197,0,full_standard_plus_gcc
sub-21,2,LOR_task2,1,awake_base1_vs_lor,0.9952217236706619,1,full_standard_plus_gcc
sub-21,3,LOR_task3,1,awake_base1_vs_lor,0.9769531152578975,1,full_standard_plus_gcc
sub-22,1,Base1,0,awake_base1_vs_lor,0.007183162964479196,0,full_standard_plus_gcc
sub-22,2,LOR_task2,1,awake_base1_vs_lor,0.9868150084037283,1,full_standard_plus_gcc
sub-22,3,LOR_task3,1,awake_base1_vs_lor,0.9969780533618302,1,full_standard_plus_gcc
sub-23,1,Base1,0,awake_base1_vs_lor,0.0030233719088181062,0,full_standard_plus_gcc
sub-23,2,LOR_task2,1,awake_base1_vs_lor,0.9919382240831416,1,full_standard_plus_gcc
sub-23,3,LOR_task3,1,awake_base1_vs_lor,0.9990684398140594,1,full_standard_plus_gcc
sub-24,1,Base1,0,awake_base1_vs_lor,0.00906327730459751,0,full_standard_plus_gcc
sub-24,2,LOR_task2,1,awake_base1_vs_lor,0.9761267097748525,1,full_standard_plus_gcc
sub-24,3,LOR_task3,1,awake_base1_vs_lor,0.9265626766643789,1,full_standard_plus_gcc
sub-25,1,Base1,0,awake_base1_vs_lor,0.032260417435562405,0,full_standard_plus_gcc
sub-25,2,LOR_task2,1,awake_base1_vs_lor,0.9951644893390298,1,full_standard_plus_gcc
sub-25,3,LOR_task3,1,awake_base1_vs_lor,0.994280158795107,1,full_standard_plus_gcc
sub-26,1,Base1,0,awake_base1_vs_lor,0.016697462115075824,0,full_standard_plus_gcc
sub-26,2,LOR_task2,1,awake_base1_vs_lor,0.9813936434544559,1,full_standard_plus_gcc
sub-26,3,LOR_task3,1,awake_base1_vs_lor,0.9770988735702824,1,full_standard_plus_gcc
sub-27,1,Base1,0,awake_base1_vs_lor,0.005785859404465968,0,full_standard_plus_gcc
sub-27,2,LOR_task2,1,awake_base1_vs_lor,0.915722062178211,1,full_standard_plus_gcc
sub-27,3,LOR_task3,1,awake_base1_vs_lor,0.9643374006752732,1,full_standard_plus_gcc
sub-28,1,Base1,0,awake_base1_vs_lor,0.00690035953169805,0,full_standard_plus_gcc
sub-28,2,LOR_task2,1,awake_base1_vs_lor,0.9984277563922844,1,full_standard_plus_gcc
sub-28,3,LOR_task3,1,awake_base1_vs_lor,0.9866744768802912,1,full_standard_plus_gcc
sub-29,1,Base1,0,awake_base1_vs_lor,0.006414180668365046,0,full_standard_plus_gcc
sub-29,2,LOR_task2,1,awake_base1_vs_lor,0.9999595252636686,1,full_standard_plus_gcc
sub-29,3,LOR_task3,1,awake_base1_vs_lor,0.9999968976859638,1,full_standard_plus_gcc
sub-30,1,Base1,0,awake_base1_vs_lor,0.013687749608558727,0,full_standard_plus_gcc
sub-30,2,LOR_task2,1,awake_base1_vs_lor,0.9878147212392058,1,full_standard_plus_gcc
sub-30,3,LOR_task3,1,awake_base1_vs_lor,0.9964731381594939,1,full_standard_plus_gcc
sub-02,1,Base1,0,responsive_vs_lor_all_phases,0.005384631117467687,0,confounds_motion_propofol
sub-02,4,Base2,0,responsive_vs_lor_all_phases,0.01809600561146878,0,confounds_motion_propofol
sub-02,2,LOR_task2,1,responsive_vs_lor_all_phases,0.9347417163974546,1,confounds_motion_propofol
sub-02,3,LOR_task3,1,responsive_vs_lor_all_phases,0.697851174593059,1,confounds_motion_propofol
sub-02,2,PreLOR,0,responsive_vs_lor_all_phases,0.058861130817687436,0,confounds_motion_propofol
sub-02,3,ROR,0,responsive_vs_lor_all_phases,0.05046197657261362,0,confounds_motion_propofol
sub-03,1,Base1,0,responsive_vs_lor_all_phases,0.006899390641257992,0,confounds_motion_propofol
sub-03,4,Base2,0,responsive_vs_lor_all_phases,0.01691043406447035,0,confounds_motion_propofol
sub-03,2,LOR_task2,1,responsive_vs_lor_all_phases,0.9713134021474639,1,confounds_motion_propofol
sub-03,3,LOR_task3,1,responsive_vs_lor_all_phases,0.7999158060146654,1,confounds_motion_propofol
sub-03,2,PreLOR,0,responsive_vs_lor_all_phases,0.14945122899270621,0,confounds_motion_propofol
sub-03,3,ROR,0,responsive_vs_lor_all_phases,0.12164876285588187,0,confounds_motion_propofol
sub-04,1,Base1,0,responsive_vs_lor_all_phases,0.0047105146440567175,0,confounds_motion_propofol
sub-04,4,Base2,0,responsive_vs_lor_all_phases,0.01617096624087986,0,confounds_motion_propofol
sub-04,2,LOR_task2,1,responsive_vs_lor_all_phases,0.9785935278676673,1,confounds_motion_propofol
sub-04,3,LOR_task3,1,responsive_vs_lor_all_phases,0.46938821738668896,0,confounds_motion_propofol
sub-04,2,PreLOR,0,responsive_vs_lor_all_phases,0.11430491769491519,0,confounds_motion_propofol
sub-04,3,ROR,0,responsive_vs_lor_all_phases,0.032056750588274854,0,confounds_motion_propofol
sub-05,1,Base1,0,responsive_vs_lor_all_phases,0.006247349644058514,0,confounds_motion_propofol
sub-05,4,Base2,0,responsive_vs_lor_all_phases,0.02130158218213481,0,confounds_motion_propofol
sub-05,2,LOR_task2,1,responsive_vs_lor_all_phases,0.9301456456973491,1,confounds_motion_propofol
sub-05,3,LOR_task3,1,responsive_vs_lor_all_phases,0.7904451864081193,1,confounds_motion_propofol
sub-05,2,PreLOR,0,responsive_vs_lor_all_phases,0.07036597903916082,0,confounds_motion_propofol
sub-05,3,ROR,0,responsive_vs_lor_all_phases,0.06481755377438773,0,confounds_motion_propofol
sub-06,1,Base1,0,responsive_vs_lor_all_phases,0.007086575014959922,0,confounds_motion_propofol
sub-06,4,Base2,0,responsive_vs_lor_all_phases,0.04063325827799875,0,confounds_motion_propofol
sub-06,2,LOR_task2,1,responsive_vs_lor_all_phases,0.9470017062468504,1,confounds_motion_propofol
sub-06,3,LOR_task3,1,responsive_vs_lor_all_phases,0.4086289094222193,0,confounds_motion_propofol
sub-06,2,PreLOR,0,responsive_vs_lor_all_phases,0.11890270002559854,0,confounds_motion_propofol
sub-06,3,ROR,0,responsive_vs_lor_all_phases,0.24077922801243612,0,confounds_motion_propofol
sub-07,1,Base1,0,responsive_vs_lor_all_phases,0.006140727557398864,0,confounds_motion_propofol
sub-07,4,Base2,0,responsive_vs_lor_all_phases,0.023537065244354075,0,confounds_motion_propofol
sub-07,2,LOR_task2,1,responsive_vs_lor_all_phases,0.9592860515295244,1,confounds_motion_propofol
sub-07,3,LOR_task3,1,responsive_vs_lor_all_phases,0.38616380032239694,0,confounds_motion_propofol
sub-07,2,PreLOR,0,responsive_vs_lor_all_phases,0.1712824257168178,0,confounds_motion_propofol
sub-07,3,ROR,0,responsive_vs_lor_all_phases,0.04677971802645186,0,confounds_motion_propofol
sub-11,1,Base1,0,responsive_vs_lor_all_phases,0.005713301024878815,0,confounds_motion_propofol
sub-11,4,Base2,0,responsive_vs_lor_all_phases,0.009658086093030588,0,confounds_motion_propofol
sub-11,2,LOR_task2,1,responsive_vs_lor_all_phases,0.774560574164411,1,confounds_motion_propofol
sub-11,3,LOR_task3,1,responsive_vs_lor_all_phases,0.5129831403623916,1,confounds_motion_propofol
sub-11,2,PreLOR,0,responsive_vs_lor_all_phases,0.07868848152729388,0,confounds_motion_propofol
sub-11,3,ROR,0,responsive_vs_lor_all_phases,0.05651972116204889,0,confounds_motion_propofol
sub-12,1,Base1,0,responsive_vs_lor_all_phases,0.005216258959900229,0,confounds_motion_propofol
sub-12,4,Base2,0,responsive_vs_lor_all_phases,0.0429319248932223,0,confounds_motion_propofol
sub-12,2,LOR_task2,1,responsive_vs_lor_all_phases,0.9714019849041841,1,confounds_motion_propofol
sub-12,3,LOR_task3,1,responsive_vs_lor_all_phases,0.981720981693856,1,confounds_motion_propofol
sub-12,2,PreLOR,0,responsive_vs_lor_all_phases,0.1605504763710572,0,confounds_motion_propofol
sub-12,3,ROR,0,responsive_vs_lor_all_phases,0.11067384738841846,0,confounds_motion_propofol
sub-13,1,Base1,0,responsive_vs_lor_all_phases,0.0058058415254840755,0,confounds_motion_propofol
sub-13,4,Base2,0,responsive_vs_lor_all_phases,0.03993219370730137,0,confounds_motion_propofol
sub-13,2,LOR_task2,1,responsive_vs_lor_all_phases,0.969323969282214,1,confounds_motion_propofol
sub-13,3,LOR_task3,1,responsive_vs_lor_all_phases,0.9828548333728775,1,confounds_motion_propofol
sub-13,2,PreLOR,0,responsive_vs_lor_all_phases,0.15560593524788296,0,confounds_motion_propofol
sub-13,3,ROR,0,responsive_vs_lor_all_phases,0.17063385225759226,0,confounds_motion_propofol
sub-14,1,Base1,0,responsive_vs_lor_all_phases,0.004730825212825005,0,confounds_motion_propofol
sub-14,4,Base2,0,responsive_vs_lor_all_phases,0.021692673316336855,0,confounds_motion_propofol
sub-14,2,LOR_task2,1,responsive_vs_lor_all_phases,0.6417559935195588,1,confounds_motion_propofol
sub-14,3,LOR_task3,1,responsive_vs_lor_all_phases,0.7149580061872535,1,confounds_motion_propofol
sub-14,2,PreLOR,0,responsive_vs_lor_all_phases,0.04560111381431063,0,confounds_motion_propofol
sub-15,1,Base1,0,responsive_vs_lor_all_phases,0.002422751526673328,0,confounds_motion_propofol
sub-15,4,Base2,0,responsive_vs_lor_all_phases,0.00933392112552377,0,confounds_motion_propofol
sub-15,2,LOR_task2,1,responsive_vs_lor_all_phases,0.4347254771258587,0,confounds_motion_propofol
sub-15,3,LOR_task3,1,responsive_vs_lor_all_phases,0.11657124548591906,0,confounds_motion_propofol
sub-15,2,PreLOR,0,responsive_vs_lor_all_phases,0.009489632004465533,0,confounds_motion_propofol
sub-15,3,ROR,0,responsive_vs_lor_all_phases,0.16069098848484453,0,confounds_motion_propofol
sub-16,1,Base1,0,responsive_vs_lor_all_phases,0.004458575037043211,0,confounds_motion_propofol
sub-16,4,Base2,0,responsive_vs_lor_all_phases,0.07691447823716747,0,confounds_motion_propofol
sub-16,3,LOR_task3,1,responsive_vs_lor_all_phases,0.9997638193118596,1,confounds_motion_propofol
sub-16,2,PreLOR,0,responsive_vs_lor_all_phases,0.6475381540363115,1,confounds_motion_propofol
sub-16,3,ROR,0,responsive_vs_lor_all_phases,0.7190644756559809,1,confounds_motion_propofol
sub-17,1,Base1,0,responsive_vs_lor_all_phases,0.007409754736282804,0,confounds_motion_propofol
sub-17,4,Base2,0,responsive_vs_lor_all_phases,0.05360290834085442,0,confounds_motion_propofol
sub-17,2,LOR_task2,1,responsive_vs_lor_all_phases,0.7148563509165092,1,confounds_motion_propofol
sub-17,3,LOR_task3,1,responsive_vs_lor_all_phases,0.658025053092648,1,confounds_motion_propofol
sub-17,2,PreLOR,0,responsive_vs_lor_all_phases,0.3687785871350332,0,confounds_motion_propofol
sub-17,3,ROR,0,responsive_vs_lor_all_phases,0.14802332344211927,0,confounds_motion_propofol
sub-18,1,Base1,0,responsive_vs_lor_all_phases,0.005483664977683326,0,confounds_motion_propofol
sub-18,4,Base2,0,responsive_vs_lor_all_phases,0.10240134843031294,0,confounds_motion_propofol
sub-18,2,LOR_task2,1,responsive_vs_lor_all_phases,0.990585994020136,1,confounds_motion_propofol
sub-18,3,LOR_task3,1,responsive_vs_lor_all_phases,0.9977757803112443,1,confounds_motion_propofol
sub-18,2,PreLOR,0,responsive_vs_lor_all_phases,0.3181857686924524,0,confounds_motion_propofol
sub-19,1,Base1,0,responsive_vs_lor_all_phases,0.005452073206855471,0,confounds_motion_propofol
sub-19,4,Base2,0,responsive_vs_lor_all_phases,0.03962821440315301,0,confounds_motion_propofol
sub-19,2,LOR_task2,1,responsive_vs_lor_all_phases,0.965486548853646,1,confounds_motion_propofol
sub-19,3,LOR_task3,1,responsive_vs_lor_all_phases,0.37460260574684184,0,confounds_motion_propofol
sub-19,2,PreLOR,0,responsive_vs_lor_all_phases,0.3410157679448038,0,confounds_motion_propofol
sub-19,3,ROR,0,responsive_vs_lor_all_phases,0.10935400585130699,0,confounds_motion_propofol
sub-20,1,Base1,0,responsive_vs_lor_all_phases,0.0048102604567390956,0,confounds_motion_propofol
sub-20,4,Base2,0,responsive_vs_lor_all_phases,0.3482469098813565,0,confounds_motion_propofol
sub-20,2,LOR_task2,1,responsive_vs_lor_all_phases,0.9998878090261629,1,confounds_motion_propofol
sub-20,3,LOR_task3,1,responsive_vs_lor_all_phases,0.9990152185973684,1,confounds_motion_propofol
sub-20,2,PreLOR,0,responsive_vs_lor_all_phases,0.8660483176818761,1,confounds_motion_propofol
sub-20,3,ROR,0,responsive_vs_lor_all_phases,0.47478988353880597,0,confounds_motion_propofol
sub-21,1,Base1,0,responsive_vs_lor_all_phases,0.005524654103310009,0,confounds_motion_propofol
sub-21,4,Base2,0,responsive_vs_lor_all_phases,0.06169084926820234,0,confounds_motion_propofol
sub-21,2,LOR_task2,1,responsive_vs_lor_all_phases,0.9920088010673227,1,confounds_motion_propofol
sub-21,3,LOR_task3,1,responsive_vs_lor_all_phases,0.9883857675219343,1,confounds_motion_propofol
sub-21,2,PreLOR,0,responsive_vs_lor_all_phases,0.5910761653844491,1,confounds_motion_propofol
sub-21,3,ROR,0,responsive_vs_lor_all_phases,0.20896719970649774,0,confounds_motion_propofol
sub-22,1,Base1,0,responsive_vs_lor_all_phases,0.004804917539968915,0,confounds_motion_propofol
sub-22,4,Base2,0,responsive_vs_lor_all_phases,0.15986272797774229,0,confounds_motion_propofol
sub-22,2,LOR_task2,1,responsive_vs_lor_all_phases,0.9986035398790477,1,confounds_motion_propofol
sub-22,3,LOR_task3,1,responsive_vs_lor_all_phases,0.9828010989184107,1,confounds_motion_propofol
sub-22,2,PreLOR,0,responsive_vs_lor_all_phases,0.7456339955770376,1,confounds_motion_propofol
sub-23,1,Base1,0,responsive_vs_lor_all_phases,0.0056901266009566675,0,confounds_motion_propofol
sub-23,4,Base2,0,responsive_vs_lor_all_phases,0.06468878015752166,0,confounds_motion_propofol
sub-23,2,LOR_task2,1,responsive_vs_lor_all_phases,0.9931076039177007,1,confounds_motion_propofol
sub-23,3,LOR_task3,1,responsive_vs_lor_all_phases,0.9949069385475533,1,confounds_motion_propofol
sub-23,2,PreLOR,0,responsive_vs_lor_all_phases,0.5741068332102873,1,confounds_motion_propofol
sub-23,3,ROR,0,responsive_vs_lor_all_phases,0.18421116773186164,0,confounds_motion_propofol
sub-24,1,Base1,0,responsive_vs_lor_all_phases,0.006515727778215634,0,confounds_motion_propofol
sub-24,4,Base2,0,responsive_vs_lor_all_phases,0.056289185455879465,0,confounds_motion_propofol
sub-24,2,LOR_task2,1,responsive_vs_lor_all_phases,0.9360049797873149,1,confounds_motion_propofol
sub-24,3,LOR_task3,1,responsive_vs_lor_all_phases,0.5290502360085945,1,confounds_motion_propofol
sub-24,2,PreLOR,0,responsive_vs_lor_all_phases,0.2598246310495747,0,confounds_motion_propofol
sub-25,1,Base1,0,responsive_vs_lor_all_phases,0.005814338647372005,0,confounds_motion_propofol
sub-25,4,Base2,0,responsive_vs_lor_all_phases,0.177909641842652,0,confounds_motion_propofol
sub-25,2,LOR_task2,1,responsive_vs_lor_all_phases,0.9986826771602312,1,confounds_motion_propofol
sub-25,3,LOR_task3,1,responsive_vs_lor_all_phases,0.9512559412205162,1,confounds_motion_propofol
sub-25,2,PreLOR,0,responsive_vs_lor_all_phases,0.8387010949902024,1,confounds_motion_propofol
sub-26,1,Base1,0,responsive_vs_lor_all_phases,0.008519756510990554,0,confounds_motion_propofol
sub-26,4,Base2,0,responsive_vs_lor_all_phases,0.04270087464586251,0,confounds_motion_propofol
sub-26,2,LOR_task2,1,responsive_vs_lor_all_phases,0.9645557118627969,1,confounds_motion_propofol
sub-26,3,LOR_task3,1,responsive_vs_lor_all_phases,0.9593061915315668,1,confounds_motion_propofol
sub-26,2,PreLOR,0,responsive_vs_lor_all_phases,0.4546816245317808,0,confounds_motion_propofol
sub-26,3,ROR,0,responsive_vs_lor_all_phases,0.16317515161448987,0,confounds_motion_propofol
sub-27,1,Base1,0,responsive_vs_lor_all_phases,0.006202650229049811,0,confounds_motion_propofol
sub-27,4,Base2,0,responsive_vs_lor_all_phases,0.03882084276124999,0,confounds_motion_propofol
sub-27,2,LOR_task2,1,responsive_vs_lor_all_phases,0.878323047109557,1,confounds_motion_propofol
sub-27,3,LOR_task3,1,responsive_vs_lor_all_phases,0.9195739967980002,1,confounds_motion_propofol
sub-27,2,PreLOR,0,responsive_vs_lor_all_phases,0.12222581594708672,0,confounds_motion_propofol
sub-27,3,ROR,0,responsive_vs_lor_all_phases,0.13497822426109957,0,confounds_motion_propofol
sub-28,1,Base1,0,responsive_vs_lor_all_phases,0.00659009995965531,0,confounds_motion_propofol
sub-28,4,Base2,0,responsive_vs_lor_all_phases,0.05119350637346959,0,confounds_motion_propofol
sub-28,2,LOR_task2,1,responsive_vs_lor_all_phases,0.9950073583984407,1,confounds_motion_propofol
sub-28,3,LOR_task3,1,responsive_vs_lor_all_phases,0.9541669383473357,1,confounds_motion_propofol
sub-28,2,PreLOR,0,responsive_vs_lor_all_phases,0.8238613921405076,1,confounds_motion_propofol
sub-29,1,Base1,0,responsive_vs_lor_all_phases,0.006904082630165059,0,confounds_motion_propofol
sub-29,2,LOR_task2,1,responsive_vs_lor_all_phases,0.9999958772163423,1,confounds_motion_propofol
sub-29,3,LOR_task3,1,responsive_vs_lor_all_phases,0.9999998431820596,1,confounds_motion_propofol
sub-29,2,PreLOR,0,responsive_vs_lor_all_phases,0.9221999379228744,1,confounds_motion_propofol
sub-30,1,Base1,0,responsive_vs_lor_all_phases,0.005235272593115235,0,confounds_motion_propofol
sub-30,4,Base2,0,responsive_vs_lor_all_phases,0.05220006338179186,0,confounds_motion_propofol
sub-30,2,LOR_task2,1,responsive_vs_lor_all_phases,0.9582979816489146,1,confounds_motion_propofol
sub-30,3,LOR_task3,1,responsive_vs_lor_all_phases,0.9975875192135703,1,confounds_motion_propofol
sub-30,2,PreLOR,0,responsive_vs_lor_all_phases,0.5597890052863246,1,confounds_motion_propofol
sub-30,3,ROR,0,responsive_vs_lor_all_phases,0.3356210491228177,0,confounds_motion_propofol
sub-02,1,Base1,0,responsive_vs_lor_all_phases,0.0030321378859101476,0,standard_fc_plus_confounds
sub-02,4,Base2,0,responsive_vs_lor_all_phases,0.013361693060637437,0,standard_fc_plus_confounds
sub-02,2,LOR_task2,1,responsive_vs_lor_all_phases,0.9466598501807992,1,standard_fc_plus_confounds
sub-02,3,LOR_task3,1,responsive_vs_lor_all_phases,0.8765951580790723,1,standard_fc_plus_confounds
sub-02,2,PreLOR,0,responsive_vs_lor_all_phases,0.031510551693100054,0,standard_fc_plus_confounds
sub-02,3,ROR,0,responsive_vs_lor_all_phases,0.0360603729149508,0,standard_fc_plus_confounds
sub-03,1,Base1,0,responsive_vs_lor_all_phases,0.003848618530230694,0,standard_fc_plus_confounds
sub-03,4,Base2,0,responsive_vs_lor_all_phases,0.013252414941753223,0,standard_fc_plus_confounds
sub-03,2,LOR_task2,1,responsive_vs_lor_all_phases,0.9675617107549536,1,standard_fc_plus_confounds
sub-03,3,LOR_task3,1,responsive_vs_lor_all_phases,0.7718130391699958,1,standard_fc_plus_confounds
sub-03,2,PreLOR,0,responsive_vs_lor_all_phases,0.10043533271884934,0,standard_fc_plus_confounds
sub-03,3,ROR,0,responsive_vs_lor_all_phases,0.06420017063045118,0,standard_fc_plus_confounds
sub-04,1,Base1,0,responsive_vs_lor_all_phases,0.004571296304053985,0,standard_fc_plus_confounds
sub-04,4,Base2,0,responsive_vs_lor_all_phases,0.012579442105456196,0,standard_fc_plus_confounds
sub-04,2,LOR_task2,1,responsive_vs_lor_all_phases,0.9756496137075343,1,standard_fc_plus_confounds
sub-04,3,LOR_task3,1,responsive_vs_lor_all_phases,0.5380132443547148,1,standard_fc_plus_confounds
sub-04,2,PreLOR,0,responsive_vs_lor_all_phases,0.23767312109185573,0,standard_fc_plus_confounds
sub-04,3,ROR,0,responsive_vs_lor_all_phases,0.022528375394060725,0,standard_fc_plus_confounds
sub-05,1,Base1,0,responsive_vs_lor_all_phases,0.01575863469020608,0,standard_fc_plus_confounds
sub-05,4,Base2,0,responsive_vs_lor_all_phases,0.03603881799530476,0,standard_fc_plus_confounds
sub-05,2,LOR_task2,1,responsive_vs_lor_all_phases,0.9414250540630468,1,standard_fc_plus_confounds
sub-05,3,LOR_task3,1,responsive_vs_lor_all_phases,0.8253823808179617,1,standard_fc_plus_confounds
sub-05,2,PreLOR,0,responsive_vs_lor_all_phases,0.08185311031882254,0,standard_fc_plus_confounds
sub-05,3,ROR,0,responsive_vs_lor_all_phases,0.08302464469464713,0,standard_fc_plus_confounds
sub-06,1,Base1,0,responsive_vs_lor_all_phases,0.0016823704662228239,0,standard_fc_plus_confounds
sub-06,4,Base2,0,responsive_vs_lor_all_phases,0.020778888927761207,0,standard_fc_plus_confounds
sub-06,2,LOR_task2,1,responsive_vs_lor_all_phases,0.8712078008906182,1,standard_fc_plus_confounds
sub-06,3,LOR_task3,1,responsive_vs_lor_all_phases,0.24339167853384364,0,standard_fc_plus_confounds
sub-06,2,PreLOR,0,responsive_vs_lor_all_phases,0.06829310605304974,0,standard_fc_plus_confounds
sub-06,3,ROR,0,responsive_vs_lor_all_phases,0.41854358218025095,0,standard_fc_plus_confounds
sub-07,1,Base1,0,responsive_vs_lor_all_phases,0.005620440089288192,0,standard_fc_plus_confounds
sub-07,4,Base2,0,responsive_vs_lor_all_phases,0.009380258934920676,0,standard_fc_plus_confounds
sub-07,2,LOR_task2,1,responsive_vs_lor_all_phases,0.9729591352811731,1,standard_fc_plus_confounds
sub-07,3,LOR_task3,1,responsive_vs_lor_all_phases,0.6235549818945618,1,standard_fc_plus_confounds
sub-07,2,PreLOR,0,responsive_vs_lor_all_phases,0.10839266381008147,0,standard_fc_plus_confounds
sub-07,3,ROR,0,responsive_vs_lor_all_phases,0.03395994897224133,0,standard_fc_plus_confounds
sub-11,1,Base1,0,responsive_vs_lor_all_phases,0.011076715710574845,0,standard_fc_plus_confounds
sub-11,4,Base2,0,responsive_vs_lor_all_phases,0.009062401379977457,0,standard_fc_plus_confounds
sub-11,2,LOR_task2,1,responsive_vs_lor_all_phases,0.7509560005953934,1,standard_fc_plus_confounds
sub-11,3,LOR_task3,1,responsive_vs_lor_all_phases,0.853641191590482,1,standard_fc_plus_confounds
sub-11,2,PreLOR,0,responsive_vs_lor_all_phases,0.1387249216055078,0,standard_fc_plus_confounds
sub-11,3,ROR,0,responsive_vs_lor_all_phases,0.04483085152898848,0,standard_fc_plus_confounds
sub-12,1,Base1,0,responsive_vs_lor_all_phases,0.008321847253280635,0,standard_fc_plus_confounds
sub-12,4,Base2,0,responsive_vs_lor_all_phases,0.05796744414585411,0,standard_fc_plus_confounds
sub-12,2,LOR_task2,1,responsive_vs_lor_all_phases,0.9823075467608523,1,standard_fc_plus_confounds
sub-12,3,LOR_task3,1,responsive_vs_lor_all_phases,0.9522382693345947,1,standard_fc_plus_confounds
sub-12,2,PreLOR,0,responsive_vs_lor_all_phases,0.18113710212811848,0,standard_fc_plus_confounds
sub-12,3,ROR,0,responsive_vs_lor_all_phases,0.06487095380867669,0,standard_fc_plus_confounds
sub-13,1,Base1,0,responsive_vs_lor_all_phases,0.0018773195336912205,0,standard_fc_plus_confounds
sub-13,4,Base2,0,responsive_vs_lor_all_phases,0.007487637979441615,0,standard_fc_plus_confounds
sub-13,2,LOR_task2,1,responsive_vs_lor_all_phases,0.96326519830851,1,standard_fc_plus_confounds
sub-13,3,LOR_task3,1,responsive_vs_lor_all_phases,0.9731312535682113,1,standard_fc_plus_confounds
sub-13,2,PreLOR,0,responsive_vs_lor_all_phases,0.13503876019299124,0,standard_fc_plus_confounds
sub-13,3,ROR,0,responsive_vs_lor_all_phases,0.05345348254002936,0,standard_fc_plus_confounds
sub-14,1,Base1,0,responsive_vs_lor_all_phases,0.0016846369899609981,0,standard_fc_plus_confounds
sub-14,4,Base2,0,responsive_vs_lor_all_phases,0.00433297159970029,0,standard_fc_plus_confounds
sub-14,2,LOR_task2,1,responsive_vs_lor_all_phases,0.6192788389446894,1,standard_fc_plus_confounds
sub-14,3,LOR_task3,1,responsive_vs_lor_all_phases,0.6952964275540988,1,standard_fc_plus_confounds
sub-14,2,PreLOR,0,responsive_vs_lor_all_phases,0.018190446285434272,0,standard_fc_plus_confounds
sub-15,1,Base1,0,responsive_vs_lor_all_phases,0.005362282364344296,0,standard_fc_plus_confounds
sub-15,4,Base2,0,responsive_vs_lor_all_phases,0.01630424959400723,0,standard_fc_plus_confounds
sub-15,2,LOR_task2,1,responsive_vs_lor_all_phases,0.6680518747247325,1,standard_fc_plus_confounds
sub-15,3,LOR_task3,1,responsive_vs_lor_all_phases,0.33816403636387327,0,standard_fc_plus_confounds
sub-15,2,PreLOR,0,responsive_vs_lor_all_phases,0.047636279719840295,0,standard_fc_plus_confounds
sub-15,3,ROR,0,responsive_vs_lor_all_phases,0.1451486902513582,0,standard_fc_plus_confounds
sub-16,1,Base1,0,responsive_vs_lor_all_phases,0.005900606426029628,0,standard_fc_plus_confounds
sub-16,4,Base2,0,responsive_vs_lor_all_phases,0.039542556537203635,0,standard_fc_plus_confounds
sub-16,3,LOR_task3,1,responsive_vs_lor_all_phases,0.9999106452667265,1,standard_fc_plus_confounds
sub-16,2,PreLOR,0,responsive_vs_lor_all_phases,0.44607155077914107,0,standard_fc_plus_confounds
sub-16,3,ROR,0,responsive_vs_lor_all_phases,0.8742721395551944,1,standard_fc_plus_confounds
sub-17,1,Base1,0,responsive_vs_lor_all_phases,0.004760775961253455,0,standard_fc_plus_confounds
sub-17,4,Base2,0,responsive_vs_lor_all_phases,0.03783679262530561,0,standard_fc_plus_confounds
sub-17,2,LOR_task2,1,responsive_vs_lor_all_phases,0.7892404196406045,1,standard_fc_plus_confounds
sub-17,3,LOR_task3,1,responsive_vs_lor_all_phases,0.6318444891703507,1,standard_fc_plus_confounds
sub-17,2,PreLOR,0,responsive_vs_lor_all_phases,0.206688062452897,0,standard_fc_plus_confounds
sub-17,3,ROR,0,responsive_vs_lor_all_phases,0.19558999950243094,0,standard_fc_plus_confounds
sub-18,1,Base1,0,responsive_vs_lor_all_phases,0.0018311051394604217,0,standard_fc_plus_confounds
sub-18,4,Base2,0,responsive_vs_lor_all_phases,0.02476653434570875,0,standard_fc_plus_confounds
sub-18,2,LOR_task2,1,responsive_vs_lor_all_phases,0.9770679547358352,1,standard_fc_plus_confounds
sub-18,3,LOR_task3,1,responsive_vs_lor_all_phases,0.9950448194032041,1,standard_fc_plus_confounds
sub-18,2,PreLOR,0,responsive_vs_lor_all_phases,0.06583493617375923,0,standard_fc_plus_confounds
sub-19,1,Base1,0,responsive_vs_lor_all_phases,0.004514069549496995,0,standard_fc_plus_confounds
sub-19,4,Base2,0,responsive_vs_lor_all_phases,0.009640348037392662,0,standard_fc_plus_confounds
sub-19,2,LOR_task2,1,responsive_vs_lor_all_phases,0.9591683590662928,1,standard_fc_plus_confounds
sub-19,3,LOR_task3,1,responsive_vs_lor_all_phases,0.24076467355431966,0,standard_fc_plus_confounds
sub-19,2,PreLOR,0,responsive_vs_lor_all_phases,0.21244301821391298,0,standard_fc_plus_confounds
sub-19,3,ROR,0,responsive_vs_lor_all_phases,0.06786099827915665,0,standard_fc_plus_confounds
sub-20,1,Base1,0,responsive_vs_lor_all_phases,0.01459693842735434,0,standard_fc_plus_confounds
sub-20,4,Base2,0,responsive_vs_lor_all_phases,0.1555124491832551,0,standard_fc_plus_confounds
sub-20,2,LOR_task2,1,responsive_vs_lor_all_phases,0.9992519942532537,1,standard_fc_plus_confounds
sub-20,3,LOR_task3,1,responsive_vs_lor_all_phases,0.998238397841948,1,standard_fc_plus_confounds
sub-20,2,PreLOR,0,responsive_vs_lor_all_phases,0.8609382210874029,1,standard_fc_plus_confounds
sub-20,3,ROR,0,responsive_vs_lor_all_phases,0.3263465850382737,0,standard_fc_plus_confounds
sub-21,1,Base1,0,responsive_vs_lor_all_phases,0.01137336121515281,0,standard_fc_plus_confounds
sub-21,4,Base2,0,responsive_vs_lor_all_phases,0.02570626797930022,0,standard_fc_plus_confounds
sub-21,2,LOR_task2,1,responsive_vs_lor_all_phases,0.9949214591675025,1,standard_fc_plus_confounds
sub-21,3,LOR_task3,1,responsive_vs_lor_all_phases,0.9895080580655384,1,standard_fc_plus_confounds
sub-21,2,PreLOR,0,responsive_vs_lor_all_phases,0.5530254200658941,1,standard_fc_plus_confounds
sub-21,3,ROR,0,responsive_vs_lor_all_phases,0.2828133464735109,0,standard_fc_plus_confounds
sub-22,1,Base1,0,responsive_vs_lor_all_phases,0.004401967040294881,0,standard_fc_plus_confounds
sub-22,4,Base2,0,responsive_vs_lor_all_phases,0.12970028855645158,0,standard_fc_plus_confounds
sub-22,2,LOR_task2,1,responsive_vs_lor_all_phases,0.9963399706241237,1,standard_fc_plus_confounds
sub-22,3,LOR_task3,1,responsive_vs_lor_all_phases,0.9926723327934456,1,standard_fc_plus_confounds
sub-22,2,PreLOR,0,responsive_vs_lor_all_phases,0.8044186074029666,1,standard_fc_plus_confounds
sub-23,1,Base1,0,responsive_vs_lor_all_phases,0.002473238263380389,0,standard_fc_plus_confounds
sub-23,4,Base2,0,responsive_vs_lor_all_phases,0.0271737664169023,0,standard_fc_plus_confounds
sub-23,2,LOR_task2,1,responsive_vs_lor_all_phases,0.9931101135645787,1,standard_fc_plus_confounds
sub-23,3,LOR_task3,1,responsive_vs_lor_all_phases,0.9966501054407381,1,standard_fc_plus_confounds
sub-23,2,PreLOR,0,responsive_vs_lor_all_phases,0.2675995608624533,0,standard_fc_plus_confounds
sub-23,3,ROR,0,responsive_vs_lor_all_phases,0.16402929973485614,0,standard_fc_plus_confounds
sub-24,1,Base1,0,responsive_vs_lor_all_phases,0.002862275076912133,0,standard_fc_plus_confounds
sub-24,4,Base2,0,responsive_vs_lor_all_phases,0.032596934045858277,0,standard_fc_plus_confounds
sub-24,2,LOR_task2,1,responsive_vs_lor_all_phases,0.8883789345408675,1,standard_fc_plus_confounds
sub-24,3,LOR_task3,1,responsive_vs_lor_all_phases,0.5751529166877628,1,standard_fc_plus_confounds
sub-24,2,PreLOR,0,responsive_vs_lor_all_phases,0.08280478521744002,0,standard_fc_plus_confounds
sub-25,1,Base1,0,responsive_vs_lor_all_phases,0.017969792308972946,0,standard_fc_plus_confounds
sub-25,4,Base2,0,responsive_vs_lor_all_phases,0.15037391394345,0,standard_fc_plus_confounds
sub-25,2,LOR_task2,1,responsive_vs_lor_all_phases,0.998267664078548,1,standard_fc_plus_confounds
sub-25,3,LOR_task3,1,responsive_vs_lor_all_phases,0.9761314969805894,1,standard_fc_plus_confounds
sub-25,2,PreLOR,0,responsive_vs_lor_all_phases,0.8441006585445429,1,standard_fc_plus_confounds
sub-26,1,Base1,0,responsive_vs_lor_all_phases,0.004534993648582382,0,standard_fc_plus_confounds
sub-26,4,Base2,0,responsive_vs_lor_all_phases,0.029652671720038878,0,standard_fc_plus_confounds
sub-26,2,LOR_task2,1,responsive_vs_lor_all_phases,0.96138568650408,1,standard_fc_plus_confounds
sub-26,3,LOR_task3,1,responsive_vs_lor_all_phases,0.9608355218660628,1,standard_fc_plus_confounds
sub-26,2,PreLOR,0,responsive_vs_lor_all_phases,0.34531345778192557,0,standard_fc_plus_confounds
sub-26,3,ROR,0,responsive_vs_lor_all_phases,0.1374432158178188,0,standard_fc_plus_confounds
sub-27,1,Base1,0,responsive_vs_lor_all_phases,0.001941246818607461,0,standard_fc_plus_confounds
sub-27,4,Base2,0,responsive_vs_lor_all_phases,0.029793000433417552,0,standard_fc_plus_confounds
sub-27,2,LOR_task2,1,responsive_vs_lor_all_phases,0.9334046135389948,1,standard_fc_plus_confounds
sub-27,3,LOR_task3,1,responsive_vs_lor_all_phases,0.861448660039811,1,standard_fc_plus_confounds
sub-27,2,PreLOR,0,responsive_vs_lor_all_phases,0.0585782284813303,0,standard_fc_plus_confounds
sub-27,3,ROR,0,responsive_vs_lor_all_phases,0.09915979141805858,0,standard_fc_plus_confounds
sub-28,1,Base1,0,responsive_vs_lor_all_phases,0.006556099825710716,0,standard_fc_plus_confounds
sub-28,4,Base2,0,responsive_vs_lor_all_phases,0.07600590609444265,0,standard_fc_plus_confounds
sub-28,2,LOR_task2,1,responsive_vs_lor_all_phases,0.9961142826259332,1,standard_fc_plus_confounds
sub-28,3,LOR_task3,1,responsive_vs_lor_all_phases,0.971296411480067,1,standard_fc_plus_confounds
sub-28,2,PreLOR,0,responsive_vs_lor_all_phases,0.7048427172092414,1,standard_fc_plus_confounds
sub-29,1,Base1,0,responsive_vs_lor_all_phases,0.004795947549011862,0,standard_fc_plus_confounds
sub-29,2,LOR_task2,1,responsive_vs_lor_all_phases,0.9999816534153846,1,standard_fc_plus_confounds
sub-29,3,LOR_task3,1,responsive_vs_lor_all_phases,0.9999990607851216,1,standard_fc_plus_confounds
sub-29,2,PreLOR,0,responsive_vs_lor_all_phases,0.8766078233906969,1,standard_fc_plus_confounds
sub-30,1,Base1,0,responsive_vs_lor_all_phases,0.00948538903930929,0,standard_fc_plus_confounds
sub-30,4,Base2,0,responsive_vs_lor_all_phases,0.03437602757440035,0,standard_fc_plus_confounds
sub-30,2,LOR_task2,1,responsive_vs_lor_all_phases,0.9851057620082683,1,standard_fc_plus_confounds
sub-30,3,LOR_task3,1,responsive_vs_lor_all_phases,0.993752650493047,1,standard_fc_plus_confounds
sub-30,2,PreLOR,0,responsive_vs_lor_all_phases,0.7884958390645892,1,standard_fc_plus_confounds
sub-30,3,ROR,0,responsive_vs_lor_all_phases,0.36347947636824995,0,standard_fc_plus_confounds
sub-02,1,Base1,0,responsive_vs_lor_all_phases,0.0014654927804184834,0,gcc_core_plus_confounds
sub-02,4,Base2,0,responsive_vs_lor_all_phases,0.008733901538372425,0,gcc_core_plus_confounds
sub-02,2,LOR_task2,1,responsive_vs_lor_all_phases,0.9565725081494062,1,gcc_core_plus_confounds
sub-02,3,LOR_task3,1,responsive_vs_lor_all_phases,0.9164782151963651,1,gcc_core_plus_confounds
sub-02,2,PreLOR,0,responsive_vs_lor_all_phases,0.01290956886726438,0,gcc_core_plus_confounds
sub-02,3,ROR,0,responsive_vs_lor_all_phases,0.023601199640790726,0,gcc_core_plus_confounds
sub-03,1,Base1,0,responsive_vs_lor_all_phases,0.0019013876440492905,0,gcc_core_plus_confounds
sub-03,4,Base2,0,responsive_vs_lor_all_phases,0.014724707979529374,0,gcc_core_plus_confounds
sub-03,2,LOR_task2,1,responsive_vs_lor_all_phases,0.9610244137269052,1,gcc_core_plus_confounds
sub-03,3,LOR_task3,1,responsive_vs_lor_all_phases,0.7411392058437547,1,gcc_core_plus_confounds
sub-03,2,PreLOR,0,responsive_vs_lor_all_phases,0.0789842930973876,0,gcc_core_plus_confounds
sub-03,3,ROR,0,responsive_vs_lor_all_phases,0.05101042444211719,0,gcc_core_plus_confounds
sub-04,1,Base1,0,responsive_vs_lor_all_phases,0.004368957481967048,0,gcc_core_plus_confounds
sub-04,4,Base2,0,responsive_vs_lor_all_phases,0.011957679215020611,0,gcc_core_plus_confounds
sub-04,2,LOR_task2,1,responsive_vs_lor_all_phases,0.976910022678283,1,gcc_core_plus_confounds
sub-04,3,LOR_task3,1,responsive_vs_lor_all_phases,0.5767837908353937,1,gcc_core_plus_confounds
sub-04,2,PreLOR,0,responsive_vs_lor_all_phases,0.34421571531801554,0,gcc_core_plus_confounds
sub-04,3,ROR,0,responsive_vs_lor_all_phases,0.013411656501215735,0,gcc_core_plus_confounds
sub-05,1,Base1,0,responsive_vs_lor_all_phases,0.011533608232608007,0,gcc_core_plus_confounds
sub-05,4,Base2,0,responsive_vs_lor_all_phases,0.04114551030098144,0,gcc_core_plus_confounds
sub-05,2,LOR_task2,1,responsive_vs_lor_all_phases,0.8998202959884485,1,gcc_core_plus_confounds
sub-05,3,LOR_task3,1,responsive_vs_lor_all_phases,0.8340415166715895,1,gcc_core_plus_confounds
sub-05,2,PreLOR,0,responsive_vs_lor_all_phases,0.05135980080681071,0,gcc_core_plus_confounds
sub-05,3,ROR,0,responsive_vs_lor_all_phases,0.09161720300022205,0,gcc_core_plus_confounds
sub-06,1,Base1,0,responsive_vs_lor_all_phases,0.0010242788625023757,0,gcc_core_plus_confounds
sub-06,4,Base2,0,responsive_vs_lor_all_phases,0.009336698710558327,0,gcc_core_plus_confounds
sub-06,2,LOR_task2,1,responsive_vs_lor_all_phases,0.902134748073811,1,gcc_core_plus_confounds
sub-06,3,LOR_task3,1,responsive_vs_lor_all_phases,0.21977518380517194,0,gcc_core_plus_confounds
sub-06,2,PreLOR,0,responsive_vs_lor_all_phases,0.05645322458807275,0,gcc_core_plus_confounds
sub-06,3,ROR,0,responsive_vs_lor_all_phases,0.36730667498920466,0,gcc_core_plus_confounds
sub-07,1,Base1,0,responsive_vs_lor_all_phases,0.006890974685323738,0,gcc_core_plus_confounds
sub-07,4,Base2,0,responsive_vs_lor_all_phases,0.005813031690379539,0,gcc_core_plus_confounds
sub-07,2,LOR_task2,1,responsive_vs_lor_all_phases,0.9735936076640725,1,gcc_core_plus_confounds
sub-07,3,LOR_task3,1,responsive_vs_lor_all_phases,0.7651371505856527,1,gcc_core_plus_confounds
sub-07,2,PreLOR,0,responsive_vs_lor_all_phases,0.0667674400279375,0,gcc_core_plus_confounds
sub-07,3,ROR,0,responsive_vs_lor_all_phases,0.025581845658412417,0,gcc_core_plus_confounds
sub-11,1,Base1,0,responsive_vs_lor_all_phases,0.0073294684862377935,0,gcc_core_plus_confounds
sub-11,4,Base2,0,responsive_vs_lor_all_phases,0.0072008390593492014,0,gcc_core_plus_confounds
sub-11,2,LOR_task2,1,responsive_vs_lor_all_phases,0.8189778630875464,1,gcc_core_plus_confounds
sub-11,3,LOR_task3,1,responsive_vs_lor_all_phases,0.8537205450369182,1,gcc_core_plus_confounds
sub-11,2,PreLOR,0,responsive_vs_lor_all_phases,0.14418801512378268,0,gcc_core_plus_confounds
sub-11,3,ROR,0,responsive_vs_lor_all_phases,0.03741078884871956,0,gcc_core_plus_confounds
sub-12,1,Base1,0,responsive_vs_lor_all_phases,0.012609938539423835,0,gcc_core_plus_confounds
sub-12,4,Base2,0,responsive_vs_lor_all_phases,0.06351383244144537,0,gcc_core_plus_confounds
sub-12,2,LOR_task2,1,responsive_vs_lor_all_phases,0.9874434798034354,1,gcc_core_plus_confounds
sub-12,3,LOR_task3,1,responsive_vs_lor_all_phases,0.967594725481815,1,gcc_core_plus_confounds
sub-12,2,PreLOR,0,responsive_vs_lor_all_phases,0.23024639632585348,0,gcc_core_plus_confounds
sub-12,3,ROR,0,responsive_vs_lor_all_phases,0.04137161765073052,0,gcc_core_plus_confounds
sub-13,1,Base1,0,responsive_vs_lor_all_phases,0.0016009856815454868,0,gcc_core_plus_confounds
sub-13,4,Base2,0,responsive_vs_lor_all_phases,0.0033642838576494966,0,gcc_core_plus_confounds
sub-13,2,LOR_task2,1,responsive_vs_lor_all_phases,0.9807314152607468,1,gcc_core_plus_confounds
sub-13,3,LOR_task3,1,responsive_vs_lor_all_phases,0.9760446288524458,1,gcc_core_plus_confounds
sub-13,2,PreLOR,0,responsive_vs_lor_all_phases,0.1633603325188839,0,gcc_core_plus_confounds
sub-13,3,ROR,0,responsive_vs_lor_all_phases,0.04161229775610135,0,gcc_core_plus_confounds
sub-14,1,Base1,0,responsive_vs_lor_all_phases,0.0010026475907391867,0,gcc_core_plus_confounds
sub-14,4,Base2,0,responsive_vs_lor_all_phases,0.003171091651483219,0,gcc_core_plus_confounds
sub-14,2,LOR_task2,1,responsive_vs_lor_all_phases,0.6449518945532465,1,gcc_core_plus_confounds
sub-14,3,LOR_task3,1,responsive_vs_lor_all_phases,0.6060678788109128,1,gcc_core_plus_confounds
sub-14,2,PreLOR,0,responsive_vs_lor_all_phases,0.009364030761648075,0,gcc_core_plus_confounds
sub-15,1,Base1,0,responsive_vs_lor_all_phases,0.008218911432047359,0,gcc_core_plus_confounds
sub-15,4,Base2,0,responsive_vs_lor_all_phases,0.01597618890631612,0,gcc_core_plus_confounds
sub-15,2,LOR_task2,1,responsive_vs_lor_all_phases,0.8240913890229954,1,gcc_core_plus_confounds
sub-15,3,LOR_task3,1,responsive_vs_lor_all_phases,0.4521290273757067,0,gcc_core_plus_confounds
sub-15,2,PreLOR,0,responsive_vs_lor_all_phases,0.12166123891177791,0,gcc_core_plus_confounds
sub-15,3,ROR,0,responsive_vs_lor_all_phases,0.12640684221410575,0,gcc_core_plus_confounds
sub-16,1,Base1,0,responsive_vs_lor_all_phases,0.006108510223890748,0,gcc_core_plus_confounds
sub-16,4,Base2,0,responsive_vs_lor_all_phases,0.0211847308008038,0,gcc_core_plus_confounds
sub-16,3,LOR_task3,1,responsive_vs_lor_all_phases,0.9997770764824536,1,gcc_core_plus_confounds
sub-16,2,PreLOR,0,responsive_vs_lor_all_phases,0.33376386752757997,0,gcc_core_plus_confounds
sub-16,3,ROR,0,responsive_vs_lor_all_phases,0.8976038527431087,1,gcc_core_plus_confounds
sub-17,1,Base1,0,responsive_vs_lor_all_phases,0.003334488331067025,0,gcc_core_plus_confounds
sub-17,4,Base2,0,responsive_vs_lor_all_phases,0.028528248086075396,0,gcc_core_plus_confounds
sub-17,2,LOR_task2,1,responsive_vs_lor_all_phases,0.8769826035929862,1,gcc_core_plus_confounds
sub-17,3,LOR_task3,1,responsive_vs_lor_all_phases,0.5498778781934628,1,gcc_core_plus_confounds
sub-17,2,PreLOR,0,responsive_vs_lor_all_phases,0.19002087341940194,0,gcc_core_plus_confounds
sub-17,3,ROR,0,responsive_vs_lor_all_phases,0.15573746681115816,0,gcc_core_plus_confounds
sub-18,1,Base1,0,responsive_vs_lor_all_phases,0.0009075060230041955,0,gcc_core_plus_confounds
sub-18,4,Base2,0,responsive_vs_lor_all_phases,0.03064744853370995,0,gcc_core_plus_confounds
sub-18,2,LOR_task2,1,responsive_vs_lor_all_phases,0.9018374357855026,1,gcc_core_plus_confounds
sub-18,3,LOR_task3,1,responsive_vs_lor_all_phases,0.9929221237740586,1,gcc_core_plus_confounds
sub-18,2,PreLOR,0,responsive_vs_lor_all_phases,0.027691855143702794,0,gcc_core_plus_confounds
sub-19,1,Base1,0,responsive_vs_lor_all_phases,0.0066105084233737095,0,gcc_core_plus_confounds
sub-19,4,Base2,0,responsive_vs_lor_all_phases,0.0060202653587734,0,gcc_core_plus_confounds
sub-19,2,LOR_task2,1,responsive_vs_lor_all_phases,0.9429757927144272,1,gcc_core_plus_confounds
sub-19,3,LOR_task3,1,responsive_vs_lor_all_phases,0.21330996726885612,0,gcc_core_plus_confounds
sub-19,2,PreLOR,0,responsive_vs_lor_all_phases,0.14045791558225068,0,gcc_core_plus_confounds
sub-19,3,ROR,0,responsive_vs_lor_all_phases,0.03701354938970985,0,gcc_core_plus_confounds
sub-20,1,Base1,0,responsive_vs_lor_all_phases,0.0139615657071135,0,gcc_core_plus_confounds
sub-20,4,Base2,0,responsive_vs_lor_all_phases,0.09639339200528055,0,gcc_core_plus_confounds
sub-20,2,LOR_task2,1,responsive_vs_lor_all_phases,0.9958530993688905,1,gcc_core_plus_confounds
sub-20,3,LOR_task3,1,responsive_vs_lor_all_phases,0.9977677795470955,1,gcc_core_plus_confounds
sub-20,2,PreLOR,0,responsive_vs_lor_all_phases,0.8369064444995024,1,gcc_core_plus_confounds
sub-20,3,ROR,0,responsive_vs_lor_all_phases,0.36205187158704966,0,gcc_core_plus_confounds
sub-21,1,Base1,0,responsive_vs_lor_all_phases,0.010792796866325848,0,gcc_core_plus_confounds
sub-21,4,Base2,0,responsive_vs_lor_all_phases,0.01437994686968232,0,gcc_core_plus_confounds
sub-21,2,LOR_task2,1,responsive_vs_lor_all_phases,0.9952700455759774,1,gcc_core_plus_confounds
sub-21,3,LOR_task3,1,responsive_vs_lor_all_phases,0.9930002775343406,1,gcc_core_plus_confounds
sub-21,2,PreLOR,0,responsive_vs_lor_all_phases,0.5558715125739758,1,gcc_core_plus_confounds
sub-21,3,ROR,0,responsive_vs_lor_all_phases,0.314177796405102,0,gcc_core_plus_confounds
sub-22,1,Base1,0,responsive_vs_lor_all_phases,0.0026091187619291132,0,gcc_core_plus_confounds
sub-22,4,Base2,0,responsive_vs_lor_all_phases,0.0895937633586879,0,gcc_core_plus_confounds
sub-22,2,LOR_task2,1,responsive_vs_lor_all_phases,0.9908607569848515,1,gcc_core_plus_confounds
sub-22,3,LOR_task3,1,responsive_vs_lor_all_phases,0.9960960400059901,1,gcc_core_plus_confounds
sub-22,2,PreLOR,0,responsive_vs_lor_all_phases,0.7910726308274729,1,gcc_core_plus_confounds
sub-23,1,Base1,0,responsive_vs_lor_all_phases,0.00101198033787558,0,gcc_core_plus_confounds
sub-23,4,Base2,0,responsive_vs_lor_all_phases,0.013936078107802088,0,gcc_core_plus_confounds
sub-23,2,LOR_task2,1,responsive_vs_lor_all_phases,0.9939318578864511,1,gcc_core_plus_confounds
sub-23,3,LOR_task3,1,responsive_vs_lor_all_phases,0.9981113224860085,1,gcc_core_plus_confounds
sub-23,2,PreLOR,0,responsive_vs_lor_all_phases,0.27548840909990024,0,gcc_core_plus_confounds
sub-23,3,ROR,0,responsive_vs_lor_all_phases,0.08385937974076162,0,gcc_core_plus_confounds
sub-24,1,Base1,0,responsive_vs_lor_all_phases,0.002094781432357878,0,gcc_core_plus_confounds
sub-24,4,Base2,0,responsive_vs_lor_all_phases,0.01979131011821987,0,gcc_core_plus_confounds
sub-24,2,LOR_task2,1,responsive_vs_lor_all_phases,0.9543874721298196,1,gcc_core_plus_confounds
sub-24,3,LOR_task3,1,responsive_vs_lor_all_phases,0.6369206839872238,1,gcc_core_plus_confounds
sub-24,2,PreLOR,0,responsive_vs_lor_all_phases,0.033423617991117024,0,gcc_core_plus_confounds
sub-25,1,Base1,0,responsive_vs_lor_all_phases,0.03629401657132157,0,gcc_core_plus_confounds
sub-25,4,Base2,0,responsive_vs_lor_all_phases,0.07671779533251553,0,gcc_core_plus_confounds
sub-25,2,LOR_task2,1,responsive_vs_lor_all_phases,0.9984101770837122,1,gcc_core_plus_confounds
sub-25,3,LOR_task3,1,responsive_vs_lor_all_phases,0.9827931268310481,1,gcc_core_plus_confounds
sub-25,2,PreLOR,0,responsive_vs_lor_all_phases,0.7997311365414784,1,gcc_core_plus_confounds
sub-26,1,Base1,0,responsive_vs_lor_all_phases,0.0035107132114089675,0,gcc_core_plus_confounds
sub-26,4,Base2,0,responsive_vs_lor_all_phases,0.009865487657799743,0,gcc_core_plus_confounds
sub-26,2,LOR_task2,1,responsive_vs_lor_all_phases,0.9632820730138505,1,gcc_core_plus_confounds
sub-26,3,LOR_task3,1,responsive_vs_lor_all_phases,0.9532582208452159,1,gcc_core_plus_confounds
sub-26,2,PreLOR,0,responsive_vs_lor_all_phases,0.313672365781243,0,gcc_core_plus_confounds
sub-26,3,ROR,0,responsive_vs_lor_all_phases,0.06781710662888156,0,gcc_core_plus_confounds
sub-27,1,Base1,0,responsive_vs_lor_all_phases,0.001683136688731598,0,gcc_core_plus_confounds
sub-27,4,Base2,0,responsive_vs_lor_all_phases,0.0376972028334746,0,gcc_core_plus_confounds
sub-27,2,LOR_task2,1,responsive_vs_lor_all_phases,0.924116683466525,1,gcc_core_plus_confounds
sub-27,3,LOR_task3,1,responsive_vs_lor_all_phases,0.8744690466700227,1,gcc_core_plus_confounds
sub-27,2,PreLOR,0,responsive_vs_lor_all_phases,0.09082660427450663,0,gcc_core_plus_confounds
sub-27,3,ROR,0,responsive_vs_lor_all_phases,0.32373735110618274,0,gcc_core_plus_confounds
sub-28,1,Base1,0,responsive_vs_lor_all_phases,0.004410840740450072,0,gcc_core_plus_confounds
sub-28,4,Base2,0,responsive_vs_lor_all_phases,0.04287028074454369,0,gcc_core_plus_confounds
sub-28,2,LOR_task2,1,responsive_vs_lor_all_phases,0.9976039227616632,1,gcc_core_plus_confounds
sub-28,3,LOR_task3,1,responsive_vs_lor_all_phases,0.9811053677907485,1,gcc_core_plus_confounds
sub-28,2,PreLOR,0,responsive_vs_lor_all_phases,0.6539546380290646,1,gcc_core_plus_confounds
sub-29,1,Base1,0,responsive_vs_lor_all_phases,0.004153957551783267,0,gcc_core_plus_confounds
sub-29,2,LOR_task2,1,responsive_vs_lor_all_phases,0.9999596015996388,1,gcc_core_plus_confounds
sub-29,3,LOR_task3,1,responsive_vs_lor_all_phases,0.9999974058394141,1,gcc_core_plus_confounds
sub-29,2,PreLOR,0,responsive_vs_lor_all_phases,0.7978663864532803,1,gcc_core_plus_confounds
sub-30,1,Base1,0,responsive_vs_lor_all_phases,0.009857897494747848,0,gcc_core_plus_confounds
sub-30,4,Base2,0,responsive_vs_lor_all_phases,0.030866722785217245,0,gcc_core_plus_confounds
sub-30,2,LOR_task2,1,responsive_vs_lor_all_phases,0.9915085269307632,1,gcc_core_plus_confounds
sub-30,3,LOR_task3,1,responsive_vs_lor_all_phases,0.9829442212434618,1,gcc_core_plus_confounds
sub-30,2,PreLOR,0,responsive_vs_lor_all_phases,0.8551584870978193,1,gcc_core_plus_confounds
sub-30,3,ROR,0,responsive_vs_lor_all_phases,0.29065438825902085,0,gcc_core_plus_confounds
sub-02,1,Base1,0,responsive_vs_lor_all_phases,0.0007878978540230532,0,gcc_regime_plus_confounds
sub-02,4,Base2,0,responsive_vs_lor_all_phases,0.004136601390955549,0,gcc_regime_plus_confounds
sub-02,2,LOR_task2,1,responsive_vs_lor_all_phases,0.952306406222962,1,gcc_regime_plus_confounds
sub-02,3,LOR_task3,1,responsive_vs_lor_all_phases,0.950039809805009,1,gcc_regime_plus_confounds
sub-02,2,PreLOR,0,responsive_vs_lor_all_phases,0.010425591563701125,0,gcc_regime_plus_confounds
sub-02,3,ROR,0,responsive_vs_lor_all_phases,0.013021168197643807,0,gcc_regime_plus_confounds
sub-03,1,Base1,0,responsive_vs_lor_all_phases,0.001065513879564671,0,gcc_regime_plus_confounds
sub-03,4,Base2,0,responsive_vs_lor_all_phases,0.029198203380976295,0,gcc_regime_plus_confounds
sub-03,2,LOR_task2,1,responsive_vs_lor_all_phases,0.9689571201670486,1,gcc_regime_plus_confounds
sub-03,3,LOR_task3,1,responsive_vs_lor_all_phases,0.858416608299377,1,gcc_regime_plus_confounds
sub-03,2,PreLOR,0,responsive_vs_lor_all_phases,0.1697220877575497,0,gcc_regime_plus_confounds
sub-03,3,ROR,0,responsive_vs_lor_all_phases,0.06651037918532933,0,gcc_regime_plus_confounds
sub-04,1,Base1,0,responsive_vs_lor_all_phases,0.002576463615104717,0,gcc_regime_plus_confounds
sub-04,4,Base2,0,responsive_vs_lor_all_phases,0.020053783711197978,0,gcc_regime_plus_confounds
sub-04,2,LOR_task2,1,responsive_vs_lor_all_phases,0.9831488996131151,1,gcc_regime_plus_confounds
sub-04,3,LOR_task3,1,responsive_vs_lor_all_phases,0.6141830787441213,1,gcc_regime_plus_confounds
sub-04,2,PreLOR,0,responsive_vs_lor_all_phases,0.3885764731023224,0,gcc_regime_plus_confounds
sub-04,3,ROR,0,responsive_vs_lor_all_phases,0.02122986893160792,0,gcc_regime_plus_confounds
sub-05,1,Base1,0,responsive_vs_lor_all_phases,0.006700190495115487,0,gcc_regime_plus_confounds
sub-05,4,Base2,0,responsive_vs_lor_all_phases,0.05134421224403847,0,gcc_regime_plus_confounds
sub-05,2,LOR_task2,1,responsive_vs_lor_all_phases,0.9359690599469773,1,gcc_regime_plus_confounds
sub-05,3,LOR_task3,1,responsive_vs_lor_all_phases,0.7827344921992015,1,gcc_regime_plus_confounds
sub-05,2,PreLOR,0,responsive_vs_lor_all_phases,0.07090348526738484,0,gcc_regime_plus_confounds
sub-05,3,ROR,0,responsive_vs_lor_all_phases,0.07506426102413961,0,gcc_regime_plus_confounds
sub-06,1,Base1,0,responsive_vs_lor_all_phases,0.000737814154602486,0,gcc_regime_plus_confounds
sub-06,4,Base2,0,responsive_vs_lor_all_phases,0.009541602595088416,0,gcc_regime_plus_confounds
sub-06,2,LOR_task2,1,responsive_vs_lor_all_phases,0.9094147884457059,1,gcc_regime_plus_confounds
sub-06,3,LOR_task3,1,responsive_vs_lor_all_phases,0.2844564952309568,0,gcc_regime_plus_confounds
sub-06,2,PreLOR,0,responsive_vs_lor_all_phases,0.05617609588325841,0,gcc_regime_plus_confounds
sub-06,3,ROR,0,responsive_vs_lor_all_phases,0.4282836972304261,0,gcc_regime_plus_confounds
sub-07,1,Base1,0,responsive_vs_lor_all_phases,0.0040786902172888165,0,gcc_regime_plus_confounds
sub-07,4,Base2,0,responsive_vs_lor_all_phases,0.006252142685099623,0,gcc_regime_plus_confounds
sub-07,2,LOR_task2,1,responsive_vs_lor_all_phases,0.9675004494732788,1,gcc_regime_plus_confounds
sub-07,3,LOR_task3,1,responsive_vs_lor_all_phases,0.8260585787297546,1,gcc_regime_plus_confounds
sub-07,2,PreLOR,0,responsive_vs_lor_all_phases,0.09348450150346949,0,gcc_regime_plus_confounds
sub-07,3,ROR,0,responsive_vs_lor_all_phases,0.029672772783759432,0,gcc_regime_plus_confounds
sub-11,1,Base1,0,responsive_vs_lor_all_phases,0.004329658118633678,0,gcc_regime_plus_confounds
sub-11,4,Base2,0,responsive_vs_lor_all_phases,0.004679217276273216,0,gcc_regime_plus_confounds
sub-11,2,LOR_task2,1,responsive_vs_lor_all_phases,0.7601852776173331,1,gcc_regime_plus_confounds
sub-11,3,LOR_task3,1,responsive_vs_lor_all_phases,0.8817787377661959,1,gcc_regime_plus_confounds
sub-11,2,PreLOR,0,responsive_vs_lor_all_phases,0.07020403535850067,0,gcc_regime_plus_confounds
sub-11,3,ROR,0,responsive_vs_lor_all_phases,0.039828618442297584,0,gcc_regime_plus_confounds
sub-12,1,Base1,0,responsive_vs_lor_all_phases,0.006919124037890967,0,gcc_regime_plus_confounds
sub-12,4,Base2,0,responsive_vs_lor_all_phases,0.04601666166761065,0,gcc_regime_plus_confounds
sub-12,2,LOR_task2,1,responsive_vs_lor_all_phases,0.9867154725604403,1,gcc_regime_plus_confounds
sub-12,3,LOR_task3,1,responsive_vs_lor_all_phases,0.9723452665929146,1,gcc_regime_plus_confounds
sub-12,2,PreLOR,0,responsive_vs_lor_all_phases,0.18336762462511072,0,gcc_regime_plus_confounds
sub-12,3,ROR,0,responsive_vs_lor_all_phases,0.045799016903346965,0,gcc_regime_plus_confounds
sub-13,1,Base1,0,responsive_vs_lor_all_phases,0.0008576684248003236,0,gcc_regime_plus_confounds
sub-13,4,Base2,0,responsive_vs_lor_all_phases,0.006434736274908614,0,gcc_regime_plus_confounds
sub-13,2,LOR_task2,1,responsive_vs_lor_all_phases,0.9709055138035916,1,gcc_regime_plus_confounds
sub-13,3,LOR_task3,1,responsive_vs_lor_all_phases,0.9783639053678131,1,gcc_regime_plus_confounds
sub-13,2,PreLOR,0,responsive_vs_lor_all_phases,0.1304782988869102,0,gcc_regime_plus_confounds
sub-13,3,ROR,0,responsive_vs_lor_all_phases,0.04371141085017483,0,gcc_regime_plus_confounds
sub-14,1,Base1,0,responsive_vs_lor_all_phases,0.0005423994944143513,0,gcc_regime_plus_confounds
sub-14,4,Base2,0,responsive_vs_lor_all_phases,0.0018850575749520258,0,gcc_regime_plus_confounds
sub-14,2,LOR_task2,1,responsive_vs_lor_all_phases,0.6146975035888173,1,gcc_regime_plus_confounds
sub-14,3,LOR_task3,1,responsive_vs_lor_all_phases,0.7011021407603653,1,gcc_regime_plus_confounds
sub-14,2,PreLOR,0,responsive_vs_lor_all_phases,0.006334561311165044,0,gcc_regime_plus_confounds
sub-15,1,Base1,0,responsive_vs_lor_all_phases,0.0024178347148020047,0,gcc_regime_plus_confounds
sub-15,4,Base2,0,responsive_vs_lor_all_phases,0.008834776869226858,0,gcc_regime_plus_confounds
sub-15,2,LOR_task2,1,responsive_vs_lor_all_phases,0.777808195480256,1,gcc_regime_plus_confounds
sub-15,3,LOR_task3,1,responsive_vs_lor_all_phases,0.2529600302103583,0,gcc_regime_plus_confounds
sub-15,2,PreLOR,0,responsive_vs_lor_all_phases,0.18565901343886923,0,gcc_regime_plus_confounds
sub-15,3,ROR,0,responsive_vs_lor_all_phases,0.17180581276124318,0,gcc_regime_plus_confounds
sub-16,1,Base1,0,responsive_vs_lor_all_phases,0.0036661201664393377,0,gcc_regime_plus_confounds
sub-16,4,Base2,0,responsive_vs_lor_all_phases,0.01605607006996529,0,gcc_regime_plus_confounds
sub-16,3,LOR_task3,1,responsive_vs_lor_all_phases,0.9998741848890338,1,gcc_regime_plus_confounds
sub-16,2,PreLOR,0,responsive_vs_lor_all_phases,0.2849465299292234,0,gcc_regime_plus_confounds
sub-16,3,ROR,0,responsive_vs_lor_all_phases,0.8663309825418808,1,gcc_regime_plus_confounds
sub-17,1,Base1,0,responsive_vs_lor_all_phases,0.0016179257264212126,0,gcc_regime_plus_confounds
sub-17,4,Base2,0,responsive_vs_lor_all_phases,0.02155397154821172,0,gcc_regime_plus_confounds
sub-17,2,LOR_task2,1,responsive_vs_lor_all_phases,0.8941371386596818,1,gcc_regime_plus_confounds
sub-17,3,LOR_task3,1,responsive_vs_lor_all_phases,0.4950067353504174,0,gcc_regime_plus_confounds
sub-17,2,PreLOR,0,responsive_vs_lor_all_phases,0.11756495349100236,0,gcc_regime_plus_confounds
sub-17,3,ROR,0,responsive_vs_lor_all_phases,0.10561081548301214,0,gcc_regime_plus_confounds
sub-18,1,Base1,0,responsive_vs_lor_all_phases,0.0004892072602385311,0,gcc_regime_plus_confounds
sub-18,4,Base2,0,responsive_vs_lor_all_phases,0.022926463546565624,0,gcc_regime_plus_confounds
sub-18,2,LOR_task2,1,responsive_vs_lor_all_phases,0.8942683709766562,1,gcc_regime_plus_confounds
sub-18,3,LOR_task3,1,responsive_vs_lor_all_phases,0.9924235186886741,1,gcc_regime_plus_confounds
sub-18,2,PreLOR,0,responsive_vs_lor_all_phases,0.015584114255428218,0,gcc_regime_plus_confounds
sub-19,1,Base1,0,responsive_vs_lor_all_phases,0.0026416089416231815,0,gcc_regime_plus_confounds
sub-19,4,Base2,0,responsive_vs_lor_all_phases,0.010506033290766825,0,gcc_regime_plus_confounds
sub-19,2,LOR_task2,1,responsive_vs_lor_all_phases,0.924852290717906,1,gcc_regime_plus_confounds
sub-19,3,LOR_task3,1,responsive_vs_lor_all_phases,0.15895671268858355,0,gcc_regime_plus_confounds
sub-19,2,PreLOR,0,responsive_vs_lor_all_phases,0.1237363874516342,0,gcc_regime_plus_confounds
sub-19,3,ROR,0,responsive_vs_lor_all_phases,0.07069748106459411,0,gcc_regime_plus_confounds
sub-20,1,Base1,0,responsive_vs_lor_all_phases,0.008453387175991835,0,gcc_regime_plus_confounds
sub-20,4,Base2,0,responsive_vs_lor_all_phases,0.10095952131018146,0,gcc_regime_plus_confounds
sub-20,2,LOR_task2,1,responsive_vs_lor_all_phases,0.9978089547840696,1,gcc_regime_plus_confounds
sub-20,3,LOR_task3,1,responsive_vs_lor_all_phases,0.997433335732126,1,gcc_regime_plus_confounds
sub-20,2,PreLOR,0,responsive_vs_lor_all_phases,0.7467824914901195,1,gcc_regime_plus_confounds
sub-20,3,ROR,0,responsive_vs_lor_all_phases,0.4925731086787224,0,gcc_regime_plus_confounds
sub-21,1,Base1,0,responsive_vs_lor_all_phases,0.006492835563413887,0,gcc_regime_plus_confounds
sub-21,4,Base2,0,responsive_vs_lor_all_phases,0.028121122000423878,0,gcc_regime_plus_confounds
sub-21,2,LOR_task2,1,responsive_vs_lor_all_phases,0.9957475878575746,1,gcc_regime_plus_confounds
sub-21,3,LOR_task3,1,responsive_vs_lor_all_phases,0.9891195399247695,1,gcc_regime_plus_confounds
sub-21,2,PreLOR,0,responsive_vs_lor_all_phases,0.5239500162236446,1,gcc_regime_plus_confounds
sub-21,3,ROR,0,responsive_vs_lor_all_phases,0.31351002784444265,0,gcc_regime_plus_confounds
sub-22,1,Base1,0,responsive_vs_lor_all_phases,0.0015913427689381893,0,gcc_regime_plus_confounds
sub-22,4,Base2,0,responsive_vs_lor_all_phases,0.08398747739461256,0,gcc_regime_plus_confounds
sub-22,2,LOR_task2,1,responsive_vs_lor_all_phases,0.9916554883418819,1,gcc_regime_plus_confounds
sub-22,3,LOR_task3,1,responsive_vs_lor_all_phases,0.9975350140282383,1,gcc_regime_plus_confounds
sub-22,2,PreLOR,0,responsive_vs_lor_all_phases,0.7102292985912607,1,gcc_regime_plus_confounds
sub-23,1,Base1,0,responsive_vs_lor_all_phases,0.0005725267138996496,0,gcc_regime_plus_confounds
sub-23,4,Base2,0,responsive_vs_lor_all_phases,0.011388106458804767,0,gcc_regime_plus_confounds
sub-23,2,LOR_task2,1,responsive_vs_lor_all_phases,0.9941158501228563,1,gcc_regime_plus_confounds
sub-23,3,LOR_task3,1,responsive_vs_lor_all_phases,0.9990375985543755,1,gcc_regime_plus_confounds
sub-23,2,PreLOR,0,responsive_vs_lor_all_phases,0.28021294925204393,0,gcc_regime_plus_confounds
sub-23,3,ROR,0,responsive_vs_lor_all_phases,0.06532026369398676,0,gcc_regime_plus_confounds
sub-24,1,Base1,0,responsive_vs_lor_all_phases,0.0012320294289808692,0,gcc_regime_plus_confounds
sub-24,4,Base2,0,responsive_vs_lor_all_phases,0.020265637103259168,0,gcc_regime_plus_confounds
sub-24,2,LOR_task2,1,responsive_vs_lor_all_phases,0.9381661775463535,1,gcc_regime_plus_confounds
sub-24,3,LOR_task3,1,responsive_vs_lor_all_phases,0.7848641475868924,1,gcc_regime_plus_confounds
sub-24,2,PreLOR,0,responsive_vs_lor_all_phases,0.0482935274516184,0,gcc_regime_plus_confounds
sub-25,1,Base1,0,responsive_vs_lor_all_phases,0.018890694257019048,0,gcc_regime_plus_confounds
sub-25,4,Base2,0,responsive_vs_lor_all_phases,0.09280211994854667,0,gcc_regime_plus_confounds
sub-25,2,LOR_task2,1,responsive_vs_lor_all_phases,0.9979842329963134,1,gcc_regime_plus_confounds
sub-25,3,LOR_task3,1,responsive_vs_lor_all_phases,0.9835408398297937,1,gcc_regime_plus_confounds
sub-25,2,PreLOR,0,responsive_vs_lor_all_phases,0.8151636919469485,1,gcc_regime_plus_confounds
sub-26,1,Base1,0,responsive_vs_lor_all_phases,0.002078668017971746,0,gcc_regime_plus_confounds
sub-26,4,Base2,0,responsive_vs_lor_all_phases,0.00940821236289093,0,gcc_regime_plus_confounds
sub-26,2,LOR_task2,1,responsive_vs_lor_all_phases,0.9696198351836696,1,gcc_regime_plus_confounds
sub-26,3,LOR_task3,1,responsive_vs_lor_all_phases,0.9592985249021329,1,gcc_regime_plus_confounds
sub-26,2,PreLOR,0,responsive_vs_lor_all_phases,0.22386398483281306,0,gcc_regime_plus_confounds
sub-26,3,ROR,0,responsive_vs_lor_all_phases,0.07028183109532228,0,gcc_regime_plus_confounds
sub-27,1,Base1,0,responsive_vs_lor_all_phases,0.0008278748443435185,0,gcc_regime_plus_confounds
sub-27,4,Base2,0,responsive_vs_lor_all_phases,0.07446863229601322,0,gcc_regime_plus_confounds
sub-27,2,LOR_task2,1,responsive_vs_lor_all_phases,0.8924260659689632,1,gcc_regime_plus_confounds
sub-27,3,LOR_task3,1,responsive_vs_lor_all_phases,0.8381563150932199,1,gcc_regime_plus_confounds
sub-27,2,PreLOR,0,responsive_vs_lor_all_phases,0.1832156785269683,0,gcc_regime_plus_confounds
sub-27,3,ROR,0,responsive_vs_lor_all_phases,0.5283711499690283,1,gcc_regime_plus_confounds
sub-28,1,Base1,0,responsive_vs_lor_all_phases,0.0025528290756345095,0,gcc_regime_plus_confounds
sub-28,4,Base2,0,responsive_vs_lor_all_phases,0.028719922413643132,0,gcc_regime_plus_confounds
sub-28,2,LOR_task2,1,responsive_vs_lor_all_phases,0.9979130604489391,1,gcc_regime_plus_confounds
sub-28,3,LOR_task3,1,responsive_vs_lor_all_phases,0.9788211792263803,1,gcc_regime_plus_confounds
sub-28,2,PreLOR,0,responsive_vs_lor_all_phases,0.5689458524559003,1,gcc_regime_plus_confounds
sub-29,1,Base1,0,responsive_vs_lor_all_phases,0.0020127294087216277,0,gcc_regime_plus_confounds
sub-29,2,LOR_task2,1,responsive_vs_lor_all_phases,0.9999639949817473,1,gcc_regime_plus_confounds
sub-29,3,LOR_task3,1,responsive_vs_lor_all_phases,0.9999989735946561,1,gcc_regime_plus_confounds
sub-29,2,PreLOR,0,responsive_vs_lor_all_phases,0.8270816139569906,1,gcc_regime_plus_confounds
sub-30,1,Base1,0,responsive_vs_lor_all_phases,0.005277280549836373,0,gcc_regime_plus_confounds
sub-30,4,Base2,0,responsive_vs_lor_all_phases,0.026540362269359692,0,gcc_regime_plus_confounds
sub-30,2,LOR_task2,1,responsive_vs_lor_all_phases,0.9918848182733508,1,gcc_regime_plus_confounds
sub-30,3,LOR_task3,1,responsive_vs_lor_all_phases,0.992797579949292,1,gcc_regime_plus_confounds
sub-30,2,PreLOR,0,responsive_vs_lor_all_phases,0.8558434307520644,1,gcc_regime_plus_confounds
sub-30,3,ROR,0,responsive_vs_lor_all_phases,0.2727654213705898,0,gcc_regime_plus_confounds
sub-02,1,Base1,0,responsive_vs_lor_all_phases,0.0007255014143005375,0,full_standard_plus_gcc
sub-02,4,Base2,0,responsive_vs_lor_all_phases,0.0038794925975338406,0,full_standard_plus_gcc
sub-02,2,LOR_task2,1,responsive_vs_lor_all_phases,0.9521889456137245,1,full_standard_plus_gcc
sub-02,3,LOR_task3,1,responsive_vs_lor_all_phases,0.9550186728422513,1,full_standard_plus_gcc
sub-02,2,PreLOR,0,responsive_vs_lor_all_phases,0.010174564172677213,0,full_standard_plus_gcc
sub-02,3,ROR,0,responsive_vs_lor_all_phases,0.01253655554679993,0,full_standard_plus_gcc
sub-03,1,Base1,0,responsive_vs_lor_all_phases,0.0009450525045205519,0,full_standard_plus_gcc
sub-03,4,Base2,0,responsive_vs_lor_all_phases,0.02819424268402817,0,full_standard_plus_gcc
sub-03,2,LOR_task2,1,responsive_vs_lor_all_phases,0.9696758330357675,1,full_standard_plus_gcc
sub-03,3,LOR_task3,1,responsive_vs_lor_all_phases,0.866374273754995,1,full_standard_plus_gcc
sub-03,2,PreLOR,0,responsive_vs_lor_all_phases,0.17668498676698352,0,full_standard_plus_gcc
sub-03,3,ROR,0,responsive_vs_lor_all_phases,0.05969839475915699,0,full_standard_plus_gcc
sub-04,1,Base1,0,responsive_vs_lor_all_phases,0.002362517436088847,0,full_standard_plus_gcc
sub-04,4,Base2,0,responsive_vs_lor_all_phases,0.017785037033083033,0,full_standard_plus_gcc
sub-04,2,LOR_task2,1,responsive_vs_lor_all_phases,0.9825871901307359,1,full_standard_plus_gcc
sub-04,3,LOR_task3,1,responsive_vs_lor_all_phases,0.6142060412354461,1,full_standard_plus_gcc
sub-04,2,PreLOR,0,responsive_vs_lor_all_phases,0.4016122052546005,0,full_standard_plus_gcc
sub-04,3,ROR,0,responsive_vs_lor_all_phases,0.020131921979132675,0,full_standard_plus_gcc
sub-05,1,Base1,0,responsive_vs_lor_all_phases,0.007045755542617283,0,full_standard_plus_gcc
sub-05,4,Base2,0,responsive_vs_lor_all_phases,0.052183788418700985,0,full_standard_plus_gcc
sub-05,2,LOR_task2,1,responsive_vs_lor_all_phases,0.9440608174872606,1,full_standard_plus_gcc
sub-05,3,LOR_task3,1,responsive_vs_lor_all_phases,0.7814817398762599,1,full_standard_plus_gcc
sub-05,2,PreLOR,0,responsive_vs_lor_all_phases,0.07712742067234439,0,full_standard_plus_gcc
sub-05,3,ROR,0,responsive_vs_lor_all_phases,0.07292244539890243,0,full_standard_plus_gcc
sub-06,1,Base1,0,responsive_vs_lor_all_phases,0.0005859288764748839,0,full_standard_plus_gcc
sub-06,4,Base2,0,responsive_vs_lor_all_phases,0.009030858500350767,0,full_standard_plus_gcc
sub-06,2,LOR_task2,1,responsive_vs_lor_all_phases,0.8997297551212208,1,full_standard_plus_gcc
sub-06,3,LOR_task3,1,responsive_vs_lor_all_phases,0.26780431458597614,0,full_standard_plus_gcc
sub-06,2,PreLOR,0,responsive_vs_lor_all_phases,0.05128215831399639,0,full_standard_plus_gcc
sub-06,3,ROR,0,responsive_vs_lor_all_phases,0.48720033980278504,0,full_standard_plus_gcc
sub-07,1,Base1,0,responsive_vs_lor_all_phases,0.0036831570593481317,0,full_standard_plus_gcc
sub-07,4,Base2,0,responsive_vs_lor_all_phases,0.00559100690910179,0,full_standard_plus_gcc
sub-07,2,LOR_task2,1,responsive_vs_lor_all_phases,0.9696137285030737,1,full_standard_plus_gcc
sub-07,3,LOR_task3,1,responsive_vs_lor_all_phases,0.831149407082505,1,full_standard_plus_gcc
sub-07,2,PreLOR,0,responsive_vs_lor_all_phases,0.09252022523429317,0,full_standard_plus_gcc
sub-07,3,ROR,0,responsive_vs_lor_all_phases,0.028305897014800064,0,full_standard_plus_gcc
sub-11,1,Base1,0,responsive_vs_lor_all_phases,0.004848362709297229,0,full_standard_plus_gcc
sub-11,4,Base2,0,responsive_vs_lor_all_phases,0.004385873033860459,0,full_standard_plus_gcc
sub-11,2,LOR_task2,1,responsive_vs_lor_all_phases,0.7496064719455532,1,full_standard_plus_gcc
sub-11,3,LOR_task3,1,responsive_vs_lor_all_phases,0.9064919060178185,1,full_standard_plus_gcc
sub-11,2,PreLOR,0,responsive_vs_lor_all_phases,0.07789487021799402,0,full_standard_plus_gcc
sub-11,3,ROR,0,responsive_vs_lor_all_phases,0.03623114350733354,0,full_standard_plus_gcc
sub-12,1,Base1,0,responsive_vs_lor_all_phases,0.0063773321623308565,0,full_standard_plus_gcc
sub-12,4,Base2,0,responsive_vs_lor_all_phases,0.0437815331700214,0,full_standard_plus_gcc
sub-12,2,LOR_task2,1,responsive_vs_lor_all_phases,0.9867398589078191,1,full_standard_plus_gcc
sub-12,3,LOR_task3,1,responsive_vs_lor_all_phases,0.9697756340207048,1,full_standard_plus_gcc
sub-12,2,PreLOR,0,responsive_vs_lor_all_phases,0.17568020582204902,0,full_standard_plus_gcc
sub-12,3,ROR,0,responsive_vs_lor_all_phases,0.042324399469395944,0,full_standard_plus_gcc
sub-13,1,Base1,0,responsive_vs_lor_all_phases,0.0006636949228432122,0,full_standard_plus_gcc
sub-13,4,Base2,0,responsive_vs_lor_all_phases,0.005366653851908471,0,full_standard_plus_gcc
sub-13,2,LOR_task2,1,responsive_vs_lor_all_phases,0.9682431363656142,1,full_standard_plus_gcc
sub-13,3,LOR_task3,1,responsive_vs_lor_all_phases,0.9777348517193157,1,full_standard_plus_gcc
sub-13,2,PreLOR,0,responsive_vs_lor_all_phases,0.12460389995229129,0,full_standard_plus_gcc
sub-13,3,ROR,0,responsive_vs_lor_all_phases,0.03463727183088416,0,full_standard_plus_gcc
sub-14,1,Base1,0,responsive_vs_lor_all_phases,0.0004650018281082828,0,full_standard_plus_gcc
sub-14,4,Base2,0,responsive_vs_lor_all_phases,0.0014199107481186538,0,full_standard_plus_gcc
sub-14,2,LOR_task2,1,responsive_vs_lor_all_phases,0.6050520105688958,1,full_standard_plus_gcc
sub-14,3,LOR_task3,1,responsive_vs_lor_all_phases,0.7098099745451973,1,full_standard_plus_gcc
sub-14,2,PreLOR,0,responsive_vs_lor_all_phases,0.005608244973609686,0,full_standard_plus_gcc
sub-15,1,Base1,0,responsive_vs_lor_all_phases,0.002580673651287439,0,full_standard_plus_gcc
sub-15,4,Base2,0,responsive_vs_lor_all_phases,0.009946965441610021,0,full_standard_plus_gcc
sub-15,2,LOR_task2,1,responsive_vs_lor_all_phases,0.7826901916970945,1,full_standard_plus_gcc
sub-15,3,LOR_task3,1,responsive_vs_lor_all_phases,0.2846775266250678,0,full_standard_plus_gcc
sub-15,2,PreLOR,0,responsive_vs_lor_all_phases,0.20671562388755463,0,full_standard_plus_gcc
sub-15,3,ROR,0,responsive_vs_lor_all_phases,0.15591185774204344,0,full_standard_plus_gcc
sub-16,1,Base1,0,responsive_vs_lor_all_phases,0.003356141430039383,0,full_standard_plus_gcc
sub-16,4,Base2,0,responsive_vs_lor_all_phases,0.01408231207827352,0,full_standard_plus_gcc
sub-16,3,LOR_task3,1,responsive_vs_lor_all_phases,0.9999240705848644,1,full_standard_plus_gcc
sub-16,2,PreLOR,0,responsive_vs_lor_all_phases,0.2637648266092564,0,full_standard_plus_gcc
sub-16,3,ROR,0,responsive_vs_lor_all_phases,0.873567232284005,1,full_standard_plus_gcc
sub-17,1,Base1,0,responsive_vs_lor_all_phases,0.001444219772488095,0,full_standard_plus_gcc
sub-17,4,Base2,0,responsive_vs_lor_all_phases,0.01964080886742998,0,full_standard_plus_gcc
sub-17,2,LOR_task2,1,responsive_vs_lor_all_phases,0.8852819697916355,1,full_standard_plus_gcc
sub-17,3,LOR_task3,1,responsive_vs_lor_all_phases,0.5026561557741424,1,full_standard_plus_gcc
sub-17,2,PreLOR,0,responsive_vs_lor_all_phases,0.10553751237913414,0,full_standard_plus_gcc
sub-17,3,ROR,0,responsive_vs_lor_all_phases,0.11455266812280325,0,full_standard_plus_gcc
sub-18,1,Base1,0,responsive_vs_lor_all_phases,0.00040622972413329725,0,full_standard_plus_gcc
sub-18,4,Base2,0,responsive_vs_lor_all_phases,0.018107898948458375,0,full_standard_plus_gcc
sub-18,2,LOR_task2,1,responsive_vs_lor_all_phases,0.8960094070741678,1,full_standard_plus_gcc
sub-18,3,LOR_task3,1,responsive_vs_lor_all_phases,0.9922363685508394,1,full_standard_plus_gcc
sub-18,2,PreLOR,0,responsive_vs_lor_all_phases,0.012502587322183864,0,full_standard_plus_gcc
sub-19,1,Base1,0,responsive_vs_lor_all_phases,0.002498907428371836,0,full_standard_plus_gcc
sub-19,4,Base2,0,responsive_vs_lor_all_phases,0.008321712937351556,0,full_standard_plus_gcc
sub-19,2,LOR_task2,1,responsive_vs_lor_all_phases,0.928237319570687,1,full_standard_plus_gcc
sub-19,3,LOR_task3,1,responsive_vs_lor_all_phases,0.16871414947096341,0,full_standard_plus_gcc
sub-19,2,PreLOR,0,responsive_vs_lor_all_phases,0.11337445169168928,0,full_standard_plus_gcc
sub-19,3,ROR,0,responsive_vs_lor_all_phases,0.06358888686258342,0,full_standard_plus_gcc
sub-20,1,Base1,0,responsive_vs_lor_all_phases,0.00942468768229682,0,full_standard_plus_gcc
sub-20,4,Base2,0,responsive_vs_lor_all_phases,0.09522694147380724,0,full_standard_plus_gcc
sub-20,2,LOR_task2,1,responsive_vs_lor_all_phases,0.9978341532099761,1,full_standard_plus_gcc
sub-20,3,LOR_task3,1,responsive_vs_lor_all_phases,0.9975892526221578,1,full_standard_plus_gcc
sub-20,2,PreLOR,0,responsive_vs_lor_all_phases,0.753600026780183,1,full_standard_plus_gcc
sub-20,3,ROR,0,responsive_vs_lor_all_phases,0.4826925214203636,0,full_standard_plus_gcc
sub-21,1,Base1,0,responsive_vs_lor_all_phases,0.00700694455925671,0,full_standard_plus_gcc
sub-21,4,Base2,0,responsive_vs_lor_all_phases,0.025763366329975473,0,full_standard_plus_gcc
sub-21,2,LOR_task2,1,responsive_vs_lor_all_phases,0.9959596126739149,1,full_standard_plus_gcc
sub-21,3,LOR_task3,1,responsive_vs_lor_all_phases,0.9884557031229766,1,full_standard_plus_gcc
sub-21,2,PreLOR,0,responsive_vs_lor_all_phases,0.5312071646728159,1,full_standard_plus_gcc
sub-21,3,ROR,0,responsive_vs_lor_all_phases,0.3184738974869861,0,full_standard_plus_gcc
sub-22,1,Base1,0,responsive_vs_lor_all_phases,0.0015091748183454195,0,full_standard_plus_gcc
sub-22,4,Base2,0,responsive_vs_lor_all_phases,0.08591587478138148,0,full_standard_plus_gcc
sub-22,2,LOR_task2,1,responsive_vs_lor_all_phases,0.9914920815172038,1,full_standard_plus_gcc
sub-22,3,LOR_task3,1,responsive_vs_lor_all_phases,0.9975531839480537,1,full_standard_plus_gcc
sub-22,2,PreLOR,0,responsive_vs_lor_all_phases,0.7160921444289702,1,full_standard_plus_gcc
sub-23,1,Base1,0,responsive_vs_lor_all_phases,0.0005002609312598716,0,full_standard_plus_gcc
sub-23,4,Base2,0,responsive_vs_lor_all_phases,0.009842123181473485,0,full_standard_plus_gcc
sub-23,2,LOR_task2,1,responsive_vs_lor_all_phases,0.9940160490653416,1,full_standard_plus_gcc
sub-23,3,LOR_task3,1,responsive_vs_lor_all_phases,0.999097940594747,1,full_standard_plus_gcc
sub-23,2,PreLOR,0,responsive_vs_lor_all_phases,0.2454475263577334,0,full_standard_plus_gcc
sub-23,3,ROR,0,responsive_vs_lor_all_phases,0.05979005620605984,0,full_standard_plus_gcc
sub-24,1,Base1,0,responsive_vs_lor_all_phases,0.001066489974757226,0,full_standard_plus_gcc
sub-24,4,Base2,0,responsive_vs_lor_all_phases,0.01928427205733731,0,full_standard_plus_gcc
sub-24,2,LOR_task2,1,responsive_vs_lor_all_phases,0.9274923321069298,1,full_standard_plus_gcc
sub-24,3,LOR_task3,1,responsive_vs_lor_all_phases,0.772409931581208,1,full_standard_plus_gcc
sub-24,2,PreLOR,0,responsive_vs_lor_all_phases,0.04330863700198928,0,full_standard_plus_gcc
sub-25,1,Base1,0,responsive_vs_lor_all_phases,0.017640758899420215,0,full_standard_plus_gcc
sub-25,4,Base2,0,responsive_vs_lor_all_phases,0.09518100673277292,0,full_standard_plus_gcc
sub-25,2,LOR_task2,1,responsive_vs_lor_all_phases,0.9978685459342996,1,full_standard_plus_gcc
sub-25,3,LOR_task3,1,responsive_vs_lor_all_phases,0.984608401074935,1,full_standard_plus_gcc
sub-25,2,PreLOR,0,responsive_vs_lor_all_phases,0.8260585600929081,1,full_standard_plus_gcc
sub-26,1,Base1,0,responsive_vs_lor_all_phases,0.001840854513444459,0,full_standard_plus_gcc
sub-26,4,Base2,0,responsive_vs_lor_all_phases,0.009513671435347369,0,full_standard_plus_gcc
sub-26,2,LOR_task2,1,responsive_vs_lor_all_phases,0.9690851638079869,1,full_standard_plus_gcc
sub-26,3,LOR_task3,1,responsive_vs_lor_all_phases,0.9616270200085754,1,full_standard_plus_gcc
sub-26,2,PreLOR,0,responsive_vs_lor_all_phases,0.21398852383809158,0,full_standard_plus_gcc
sub-26,3,ROR,0,responsive_vs_lor_all_phases,0.07441655086394101,0,full_standard_plus_gcc
sub-27,1,Base1,0,responsive_vs_lor_all_phases,0.0006752321328803604,0,full_standard_plus_gcc
sub-27,4,Base2,0,responsive_vs_lor_all_phases,0.07860968096755307,0,full_standard_plus_gcc
sub-27,2,LOR_task2,1,responsive_vs_lor_all_phases,0.8965766198894078,1,full_standard_plus_gcc
sub-27,3,LOR_task3,1,responsive_vs_lor_all_phases,0.844780583743732,1,full_standard_plus_gcc
sub-27,2,PreLOR,0,responsive_vs_lor_all_phases,0.21214231916537596,0,full_standard_plus_gcc
sub-27,3,ROR,0,responsive_vs_lor_all_phases,0.5529390277786513,1,full_standard_plus_gcc
sub-28,1,Base1,0,responsive_vs_lor_all_phases,0.0024144899102364527,0,full_standard_plus_gcc
sub-28,4,Base2,0,responsive_vs_lor_all_phases,0.02980973148346599,0,full_standard_plus_gcc
sub-28,2,LOR_task2,1,responsive_vs_lor_all_phases,0.9980822661386101,1,full_standard_plus_gcc
sub-28,3,LOR_task3,1,responsive_vs_lor_all_phases,0.9784014110736176,1,full_standard_plus_gcc
sub-28,2,PreLOR,0,responsive_vs_lor_all_phases,0.5443476913308435,1,full_standard_plus_gcc
sub-29,1,Base1,0,responsive_vs_lor_all_phases,0.0017316609520408861,0,full_standard_plus_gcc
sub-29,2,LOR_task2,1,responsive_vs_lor_all_phases,0.9999628072761741,1,full_standard_plus_gcc
sub-29,3,LOR_task3,1,responsive_vs_lor_all_phases,0.9999990078080881,1,full_standard_plus_gcc
sub-29,2,PreLOR,0,responsive_vs_lor_all_phases,0.8323201492052258,1,full_standard_plus_gcc
sub-30,1,Base1,0,responsive_vs_lor_all_phases,0.0050516895707682875,0,full_standard_plus_gcc
sub-30,4,Base2,0,responsive_vs_lor_all_phases,0.023506236160459236,0,full_standard_plus_gcc
sub-30,2,LOR_task2,1,responsive_vs_lor_all_phases,0.9923263070932333,1,full_standard_plus_gcc
sub-30,3,LOR_task3,1,responsive_vs_lor_all_phases,0.9931414671571466,1,full_standard_plus_gcc
sub-30,2,PreLOR,0,responsive_vs_lor_all_phases,0.8764968541746118,1,full_standard_plus_gcc
sub-30,3,ROR,0,responsive_vs_lor_all_phases,0.26260509623167155,0,full_standard_plus_gcc
sub-02,2,LOR_task2,1,prelor_vs_lor_task2,0.7525205776815093,1,confounds_motion_propofol
sub-02,2,PreLOR,0,prelor_vs_lor_task2,0.03365485251460769,0,confounds_motion_propofol
sub-03,2,LOR_task2,1,prelor_vs_lor_task2,0.9057804374344662,1,confounds_motion_propofol
sub-03,2,PreLOR,0,prelor_vs_lor_task2,0.06563561765606192,0,confounds_motion_propofol
sub-04,2,LOR_task2,1,prelor_vs_lor_task2,0.9313692634014882,1,confounds_motion_propofol
sub-04,2,PreLOR,0,prelor_vs_lor_task2,0.029119945346993557,0,confounds_motion_propofol
sub-05,2,LOR_task2,1,prelor_vs_lor_task2,0.6717735002875717,1,confounds_motion_propofol
sub-05,2,PreLOR,0,prelor_vs_lor_task2,0.045526554527808134,0,confounds_motion_propofol
sub-06,2,LOR_task2,1,prelor_vs_lor_task2,0.7584938488560579,1,confounds_motion_propofol
sub-06,2,PreLOR,0,prelor_vs_lor_task2,0.07648547144891717,0,confounds_motion_propofol
sub-07,2,LOR_task2,1,prelor_vs_lor_task2,0.8163616649052664,1,confounds_motion_propofol
sub-07,2,PreLOR,0,prelor_vs_lor_task2,0.07058980973053126,0,confounds_motion_propofol
sub-11,2,LOR_task2,1,prelor_vs_lor_task2,0.7063657332680834,1,confounds_motion_propofol
sub-11,2,PreLOR,0,prelor_vs_lor_task2,0.05609624956487051,0,confounds_motion_propofol
sub-12,2,LOR_task2,1,prelor_vs_lor_task2,0.8385066466830556,1,confounds_motion_propofol
sub-12,2,PreLOR,0,prelor_vs_lor_task2,0.05572199242245225,0,confounds_motion_propofol
sub-13,2,LOR_task2,1,prelor_vs_lor_task2,0.9258869351833845,1,confounds_motion_propofol
sub-13,2,PreLOR,0,prelor_vs_lor_task2,0.03460494063672344,0,confounds_motion_propofol
sub-14,2,LOR_task2,1,prelor_vs_lor_task2,0.525461474797867,1,confounds_motion_propofol
sub-14,2,PreLOR,0,prelor_vs_lor_task2,0.022540493904861028,0,confounds_motion_propofol
sub-15,2,LOR_task2,1,prelor_vs_lor_task2,0.10727620162998305,0,confounds_motion_propofol
sub-15,2,PreLOR,0,prelor_vs_lor_task2,0.008545259018770105,0,confounds_motion_propofol
sub-17,2,LOR_task2,1,prelor_vs_lor_task2,0.6466928148171885,1,confounds_motion_propofol
sub-17,2,PreLOR,0,prelor_vs_lor_task2,0.11006294555141707,0,confounds_motion_propofol
sub-18,2,LOR_task2,1,prelor_vs_lor_task2,0.9134058737552668,1,confounds_motion_propofol
sub-18,2,PreLOR,0,prelor_vs_lor_task2,0.056344381329428095,0,confounds_motion_propofol
sub-19,2,LOR_task2,1,prelor_vs_lor_task2,0.9284219327843426,1,confounds_motion_propofol
sub-19,2,PreLOR,0,prelor_vs_lor_task2,0.1415517359923837,0,confounds_motion_propofol
sub-20,2,LOR_task2,1,prelor_vs_lor_task2,0.9991838479819833,1,confounds_motion_propofol
sub-20,2,PreLOR,0,prelor_vs_lor_task2,0.25217012202544803,0,confounds_motion_propofol
sub-21,2,LOR_task2,1,prelor_vs_lor_task2,0.9708446295091626,1,confounds_motion_propofol
sub-21,2,PreLOR,0,prelor_vs_lor_task2,0.21330437016397957,0,confounds_motion_propofol
sub-22,2,LOR_task2,1,prelor_vs_lor_task2,0.9938448122449024,1,confounds_motion_propofol
sub-22,2,PreLOR,0,prelor_vs_lor_task2,0.2994986319890577,0,confounds_motion_propofol
sub-23,2,LOR_task2,1,prelor_vs_lor_task2,0.9758562844964829,1,confounds_motion_propofol
sub-23,2,PreLOR,0,prelor_vs_lor_task2,0.20432043224081542,0,confounds_motion_propofol
sub-24,2,LOR_task2,1,prelor_vs_lor_task2,0.9089899469017804,1,confounds_motion_propofol
sub-24,2,PreLOR,0,prelor_vs_lor_task2,0.22077818616561123,0,confounds_motion_propofol
sub-25,2,LOR_task2,1,prelor_vs_lor_task2,0.9932192085695841,1,confounds_motion_propofol
sub-25,2,PreLOR,0,prelor_vs_lor_task2,0.30830069482413985,0,confounds_motion_propofol
sub-26,2,LOR_task2,1,prelor_vs_lor_task2,0.9196731254747986,1,confounds_motion_propofol
sub-26,2,PreLOR,0,prelor_vs_lor_task2,0.2136585435961215,0,confounds_motion_propofol
sub-27,2,LOR_task2,1,prelor_vs_lor_task2,0.8110349793673489,1,confounds_motion_propofol
sub-27,2,PreLOR,0,prelor_vs_lor_task2,0.08459883769911533,0,confounds_motion_propofol
sub-28,2,LOR_task2,1,prelor_vs_lor_task2,0.9825925852524602,1,confounds_motion_propofol
sub-28,2,PreLOR,0,prelor_vs_lor_task2,0.36780371495300956,0,confounds_motion_propofol
sub-29,2,LOR_task2,1,prelor_vs_lor_task2,0.9999364827243131,1,confounds_motion_propofol
sub-29,2,PreLOR,0,prelor_vs_lor_task2,0.442537469406922,0,confounds_motion_propofol
sub-30,2,LOR_task2,1,prelor_vs_lor_task2,0.9028068962608192,1,confounds_motion_propofol
sub-30,2,PreLOR,0,prelor_vs_lor_task2,0.24756502778450606,0,confounds_motion_propofol
sub-02,2,LOR_task2,1,prelor_vs_lor_task2,0.7911109270753586,1,standard_fc_plus_confounds
sub-02,2,PreLOR,0,prelor_vs_lor_task2,0.02315516345781564,0,standard_fc_plus_confounds
sub-03,2,LOR_task2,1,prelor_vs_lor_task2,0.9198082756585608,1,standard_fc_plus_confounds
sub-03,2,PreLOR,0,prelor_vs_lor_task2,0.044436889535206005,0,standard_fc_plus_confounds
sub-04,2,LOR_task2,1,prelor_vs_lor_task2,0.9397145618422724,1,standard_fc_plus_confounds
sub-04,2,PreLOR,0,prelor_vs_lor_task2,0.05255890963769086,0,standard_fc_plus_confounds
sub-05,2,LOR_task2,1,prelor_vs_lor_task2,0.6817161445141457,1,standard_fc_plus_confounds
sub-05,2,PreLOR,0,prelor_vs_lor_task2,0.055883012196361305,0,standard_fc_plus_confounds
sub-06,2,LOR_task2,1,prelor_vs_lor_task2,0.6694769554111275,1,standard_fc_plus_confounds
sub-06,2,PreLOR,0,prelor_vs_lor_task2,0.06157064517128951,0,standard_fc_plus_confounds
sub-07,2,LOR_task2,1,prelor_vs_lor_task2,0.8505182112885586,1,standard_fc_plus_confounds
sub-07,2,PreLOR,0,prelor_vs_lor_task2,0.058673534310622194,0,standard_fc_plus_confounds
sub-11,2,LOR_task2,1,prelor_vs_lor_task2,0.6837329117134474,1,standard_fc_plus_confounds
sub-11,2,PreLOR,0,prelor_vs_lor_task2,0.06632825648732753,0,standard_fc_plus_confounds
sub-12,2,LOR_task2,1,prelor_vs_lor_task2,0.8703374609700548,1,standard_fc_plus_confounds
sub-12,2,PreLOR,0,prelor_vs_lor_task2,0.08364120029435373,0,standard_fc_plus_confounds
sub-13,2,LOR_task2,1,prelor_vs_lor_task2,0.9259896254741575,1,standard_fc_plus_confounds
sub-13,2,PreLOR,0,prelor_vs_lor_task2,0.037752019401621505,0,standard_fc_plus_confounds
sub-14,2,LOR_task2,1,prelor_vs_lor_task2,0.5068041259485991,1,standard_fc_plus_confounds
sub-14,2,PreLOR,0,prelor_vs_lor_task2,0.012805952997661501,0,standard_fc_plus_confounds
sub-15,2,LOR_task2,1,prelor_vs_lor_task2,0.15487014476243985,0,standard_fc_plus_confounds
sub-15,2,PreLOR,0,prelor_vs_lor_task2,0.020506194669016074,0,standard_fc_plus_confounds
sub-17,2,LOR_task2,1,prelor_vs_lor_task2,0.7414721376799589,1,standard_fc_plus_confounds
sub-17,2,PreLOR,0,prelor_vs_lor_task2,0.0805511601336829,0,standard_fc_plus_confounds
sub-18,2,LOR_task2,1,prelor_vs_lor_task2,0.8197916865975667,1,standard_fc_plus_confounds
sub-18,2,PreLOR,0,prelor_vs_lor_task2,0.018192384916005864,0,standard_fc_plus_confounds
sub-19,2,LOR_task2,1,prelor_vs_lor_task2,0.925858116668195,1,standard_fc_plus_confounds
sub-19,2,PreLOR,0,prelor_vs_lor_task2,0.13013588138634932,0,standard_fc_plus_confounds
sub-20,2,LOR_task2,1,prelor_vs_lor_task2,0.9985639788976188,1,standard_fc_plus_confounds
sub-20,2,PreLOR,0,prelor_vs_lor_task2,0.28323631116891296,0,standard_fc_plus_confounds
sub-21,2,LOR_task2,1,prelor_vs_lor_task2,0.9793861689790611,1,standard_fc_plus_confounds
sub-21,2,PreLOR,0,prelor_vs_lor_task2,0.19383669030629214,0,standard_fc_plus_confounds
sub-22,2,LOR_task2,1,prelor_vs_lor_task2,0.9954090208934047,1,standard_fc_plus_confounds
sub-22,2,PreLOR,0,prelor_vs_lor_task2,0.42245365073128427,0,standard_fc_plus_confounds
sub-23,2,LOR_task2,1,prelor_vs_lor_task2,0.9820093247486181,1,standard_fc_plus_confounds
sub-23,2,PreLOR,0,prelor_vs_lor_task2,0.13280168218695249,0,standard_fc_plus_confounds
sub-24,2,LOR_task2,1,prelor_vs_lor_task2,0.810349087464933,1,standard_fc_plus_confounds
sub-24,2,PreLOR,0,prelor_vs_lor_task2,0.07846142380323026,0,standard_fc_plus_confounds
sub-25,2,LOR_task2,1,prelor_vs_lor_task2,0.9950165627708606,1,standard_fc_plus_confounds
sub-25,2,PreLOR,0,prelor_vs_lor_task2,0.37370543896790037,0,standard_fc_plus_confounds
sub-26,2,LOR_task2,1,prelor_vs_lor_task2,0.9251722698004797,1,standard_fc_plus_confounds
sub-26,2,PreLOR,0,prelor_vs_lor_task2,0.16890389444673248,0,standard_fc_plus_confounds
sub-27,2,LOR_task2,1,prelor_vs_lor_task2,0.8736886372366249,1,standard_fc_plus_confounds
sub-27,2,PreLOR,0,prelor_vs_lor_task2,0.03389922099116133,0,standard_fc_plus_confounds
sub-28,2,LOR_task2,1,prelor_vs_lor_task2,0.9816894199647125,1,standard_fc_plus_confounds
sub-28,2,PreLOR,0,prelor_vs_lor_task2,0.396535779626642,0,standard_fc_plus_confounds
sub-29,2,LOR_task2,1,prelor_vs_lor_task2,0.999903229005077,1,standard_fc_plus_confounds
sub-29,2,PreLOR,0,prelor_vs_lor_task2,0.37417998041792716,0,standard_fc_plus_confounds
sub-30,2,LOR_task2,1,prelor_vs_lor_task2,0.9464457913053117,1,standard_fc_plus_confounds
sub-30,2,PreLOR,0,prelor_vs_lor_task2,0.34651812118179204,0,standard_fc_plus_confounds
sub-02,2,LOR_task2,1,prelor_vs_lor_task2,0.8272119678469925,1,gcc_core_plus_confounds
sub-02,2,PreLOR,0,prelor_vs_lor_task2,0.011468441351320153,0,gcc_core_plus_confounds
sub-03,2,LOR_task2,1,prelor_vs_lor_task2,0.9109382009411369,1,gcc_core_plus_confounds
sub-03,2,PreLOR,0,prelor_vs_lor_task2,0.03921694893486366,0,gcc_core_plus_confounds
sub-04,2,LOR_task2,1,prelor_vs_lor_task2,0.9425937741934596,1,gcc_core_plus_confounds
sub-04,2,PreLOR,0,prelor_vs_lor_task2,0.07795202273735152,0,gcc_core_plus_confounds
sub-05,2,LOR_task2,1,prelor_vs_lor_task2,0.670857395198001,1,gcc_core_plus_confounds
sub-05,2,PreLOR,0,prelor_vs_lor_task2,0.03317554543113233,0,gcc_core_plus_confounds
sub-06,2,LOR_task2,1,prelor_vs_lor_task2,0.7115268694559785,1,gcc_core_plus_confounds
sub-06,2,PreLOR,0,prelor_vs_lor_task2,0.04656815365441637,0,gcc_core_plus_confounds
sub-07,2,LOR_task2,1,prelor_vs_lor_task2,0.8794135413383313,1,gcc_core_plus_confounds
sub-07,2,PreLOR,0,prelor_vs_lor_task2,0.036002866395317704,0,gcc_core_plus_confounds
sub-11,2,LOR_task2,1,prelor_vs_lor_task2,0.6884960722269814,1,gcc_core_plus_confounds
sub-11,2,PreLOR,0,prelor_vs_lor_task2,0.06416115067984966,0,gcc_core_plus_confounds
sub-12,2,LOR_task2,1,prelor_vs_lor_task2,0.887971519838406,1,gcc_core_plus_confounds
sub-12,2,PreLOR,0,prelor_vs_lor_task2,0.0843826332392543,0,gcc_core_plus_confounds
sub-13,2,LOR_task2,1,prelor_vs_lor_task2,0.9397937432471933,1,gcc_core_plus_confounds
sub-13,2,PreLOR,0,prelor_vs_lor_task2,0.03836418013519258,0,gcc_core_plus_confounds
sub-14,2,LOR_task2,1,prelor_vs_lor_task2,0.47553473273286045,0,gcc_core_plus_confounds
sub-14,2,PreLOR,0,prelor_vs_lor_task2,0.005943482741830657,0,gcc_core_plus_confounds
sub-15,2,LOR_task2,1,prelor_vs_lor_task2,0.23849799754470802,0,gcc_core_plus_confounds
sub-15,2,PreLOR,0,prelor_vs_lor_task2,0.03880041965167751,0,gcc_core_plus_confounds
sub-17,2,LOR_task2,1,prelor_vs_lor_task2,0.7797833629512536,1,gcc_core_plus_confounds
sub-17,2,PreLOR,0,prelor_vs_lor_task2,0.04894545133407264,0,gcc_core_plus_confounds
sub-18,2,LOR_task2,1,prelor_vs_lor_task2,0.6997846783799909,1,gcc_core_plus_confounds
sub-18,2,PreLOR,0,prelor_vs_lor_task2,0.007746168535890232,0,gcc_core_plus_confounds
sub-19,2,LOR_task2,1,prelor_vs_lor_task2,0.9187045393245641,1,gcc_core_plus_confounds
sub-19,2,PreLOR,0,prelor_vs_lor_task2,0.08035038004955833,0,gcc_core_plus_confounds
sub-20,2,LOR_task2,1,prelor_vs_lor_task2,0.9942804528001173,1,gcc_core_plus_confounds
sub-20,2,PreLOR,0,prelor_vs_lor_task2,0.3300613020218021,0,gcc_core_plus_confounds
sub-21,2,LOR_task2,1,prelor_vs_lor_task2,0.9843513805368388,1,gcc_core_plus_confounds
sub-21,2,PreLOR,0,prelor_vs_lor_task2,0.21242530571626894,0,gcc_core_plus_confounds
sub-22,2,LOR_task2,1,prelor_vs_lor_task2,0.9905195046686937,1,gcc_core_plus_confounds
sub-22,2,PreLOR,0,prelor_vs_lor_task2,0.43568307762624886,0,gcc_core_plus_confounds
sub-23,2,LOR_task2,1,prelor_vs_lor_task2,0.9840749394865094,1,gcc_core_plus_confounds
sub-23,2,PreLOR,0,prelor_vs_lor_task2,0.10911027747922986,0,gcc_core_plus_confounds
sub-24,2,LOR_task2,1,prelor_vs_lor_task2,0.8641393448512616,1,gcc_core_plus_confounds
sub-24,2,PreLOR,0,prelor_vs_lor_task2,0.03722934148923581,0,gcc_core_plus_confounds
sub-25,2,LOR_task2,1,prelor_vs_lor_task2,0.9953824018270931,1,gcc_core_plus_confounds
sub-25,2,PreLOR,0,prelor_vs_lor_task2,0.3695235708200277,0,gcc_core_plus_confounds
sub-26,2,LOR_task2,1,prelor_vs_lor_task2,0.9260346891033099,1,gcc_core_plus_confounds
sub-26,2,PreLOR,0,prelor_vs_lor_task2,0.14386132972595145,0,gcc_core_plus_confounds
sub-27,2,LOR_task2,1,prelor_vs_lor_task2,0.8725171946097136,1,gcc_core_plus_confounds
sub-27,2,PreLOR,0,prelor_vs_lor_task2,0.037096556680874644,0,gcc_core_plus_confounds
sub-28,2,LOR_task2,1,prelor_vs_lor_task2,0.9889760966079955,1,gcc_core_plus_confounds
sub-28,2,PreLOR,0,prelor_vs_lor_task2,0.315062486806171,0,gcc_core_plus_confounds
sub-29,2,LOR_task2,1,prelor_vs_lor_task2,0.9998883958044137,1,gcc_core_plus_confounds
sub-29,2,PreLOR,0,prelor_vs_lor_task2,0.3403218489982574,0,gcc_core_plus_confounds
sub-30,2,LOR_task2,1,prelor_vs_lor_task2,0.9697075924313816,1,gcc_core_plus_confounds
sub-30,2,PreLOR,0,prelor_vs_lor_task2,0.4720605305335056,0,gcc_core_plus_confounds
sub-02,2,LOR_task2,1,prelor_vs_lor_task2,0.8271831115299656,1,gcc_regime_plus_confounds
sub-02,2,PreLOR,0,prelor_vs_lor_task2,0.010463451840857037,0,gcc_regime_plus_confounds
sub-03,2,LOR_task2,1,prelor_vs_lor_task2,0.9210684773695523,1,gcc_regime_plus_confounds
sub-03,2,PreLOR,0,prelor_vs_lor_task2,0.05672856525946285,0,gcc_regime_plus_confounds
sub-04,2,LOR_task2,1,prelor_vs_lor_task2,0.9523564194528413,1,gcc_regime_plus_confounds
sub-04,2,PreLOR,0,prelor_vs_lor_task2,0.08985238614728679,0,gcc_regime_plus_confounds
sub-05,2,LOR_task2,1,prelor_vs_lor_task2,0.688263998007125,1,gcc_regime_plus_confounds
sub-05,2,PreLOR,0,prelor_vs_lor_task2,0.03512308152910188,0,gcc_regime_plus_confounds
sub-06,2,LOR_task2,1,prelor_vs_lor_task2,0.7210979418312451,1,gcc_regime_plus_confounds
sub-06,2,PreLOR,0,prelor_vs_lor_task2,0.04424994109283478,0,gcc_regime_plus_confounds
sub-07,2,LOR_task2,1,prelor_vs_lor_task2,0.8728415387722328,1,gcc_regime_plus_confounds
sub-07,2,PreLOR,0,prelor_vs_lor_task2,0.04372240340352911,0,gcc_regime_plus_confounds
sub-11,2,LOR_task2,1,prelor_vs_lor_task2,0.6476101060803601,1,gcc_regime_plus_confounds
sub-11,2,PreLOR,0,prelor_vs_lor_task2,0.04147188551329749,0,gcc_regime_plus_confounds
sub-12,2,LOR_task2,1,prelor_vs_lor_task2,0.8888517731490326,1,gcc_regime_plus_confounds
sub-12,2,PreLOR,0,prelor_vs_lor_task2,0.079250083203553,0,gcc_regime_plus_confounds
sub-13,2,LOR_task2,1,prelor_vs_lor_task2,0.9309124841768861,1,gcc_regime_plus_confounds
sub-13,2,PreLOR,0,prelor_vs_lor_task2,0.03644318233781445,0,gcc_regime_plus_confounds
sub-14,2,LOR_task2,1,prelor_vs_lor_task2,0.46431564657609603,0,gcc_regime_plus_confounds
sub-14,2,PreLOR,0,prelor_vs_lor_task2,0.00488075625822471,0,gcc_regime_plus_confounds
sub-15,2,LOR_task2,1,prelor_vs_lor_task2,0.2506713503672511,0,gcc_regime_plus_confounds
sub-15,2,PreLOR,0,prelor_vs_lor_task2,0.05225069416416301,0,gcc_regime_plus_confounds
sub-17,2,LOR_task2,1,prelor_vs_lor_task2,0.7940895733382806,1,gcc_regime_plus_confounds
sub-17,2,PreLOR,0,prelor_vs_lor_task2,0.044498798925625166,0,gcc_regime_plus_confounds
sub-18,2,LOR_task2,1,prelor_vs_lor_task2,0.6953020037032498,1,gcc_regime_plus_confounds
sub-18,2,PreLOR,0,prelor_vs_lor_task2,0.006200819215341295,0,gcc_regime_plus_confounds
sub-19,2,LOR_task2,1,prelor_vs_lor_task2,0.909706474369098,1,gcc_regime_plus_confounds
sub-19,2,PreLOR,0,prelor_vs_lor_task2,0.07906514757062211,0,gcc_regime_plus_confounds
sub-20,2,LOR_task2,1,prelor_vs_lor_task2,0.9949921849170009,1,gcc_regime_plus_confounds
sub-20,2,PreLOR,0,prelor_vs_lor_task2,0.3110461652465473,0,gcc_regime_plus_confounds
sub-21,2,LOR_task2,1,prelor_vs_lor_task2,0.9853826666535932,1,gcc_regime_plus_confounds
sub-21,2,PreLOR,0,prelor_vs_lor_task2,0.2084523390720732,0,gcc_regime_plus_confounds
sub-22,2,LOR_task2,1,prelor_vs_lor_task2,0.9905813108379381,1,gcc_regime_plus_confounds
sub-22,2,PreLOR,0,prelor_vs_lor_task2,0.4306099933314014,0,gcc_regime_plus_confounds
sub-23,2,LOR_task2,1,prelor_vs_lor_task2,0.9851001692691088,1,gcc_regime_plus_confounds
sub-23,2,PreLOR,0,prelor_vs_lor_task2,0.1172833366224616,0,gcc_regime_plus_confounds
sub-24,2,LOR_task2,1,prelor_vs_lor_task2,0.8312138147382306,1,gcc_regime_plus_confounds
sub-24,2,PreLOR,0,prelor_vs_lor_task2,0.047485496344895115,0,gcc_regime_plus_confounds
sub-25,2,LOR_task2,1,prelor_vs_lor_task2,0.9953024130160608,1,gcc_regime_plus_confounds
sub-25,2,PreLOR,0,prelor_vs_lor_task2,0.3987624054264703,0,gcc_regime_plus_confounds
sub-26,2,LOR_task2,1,prelor_vs_lor_task2,0.9307620182124302,1,gcc_regime_plus_confounds
sub-26,2,PreLOR,0,prelor_vs_lor_task2,0.1306354662884621,0,gcc_regime_plus_confounds
sub-27,2,LOR_task2,1,prelor_vs_lor_task2,0.851609380485888,1,gcc_regime_plus_confounds
sub-27,2,PreLOR,0,prelor_vs_lor_task2,0.05013859313899103,0,gcc_regime_plus_confounds
sub-28,2,LOR_task2,1,prelor_vs_lor_task2,0.9896595113247899,1,gcc_regime_plus_confounds
sub-28,2,PreLOR,0,prelor_vs_lor_task2,0.30035149342630213,0,gcc_regime_plus_confounds
sub-29,2,LOR_task2,1,prelor_vs_lor_task2,0.999892911067138,1,gcc_regime_plus_confounds
sub-29,2,PreLOR,0,prelor_vs_lor_task2,0.3789857652502627,0,gcc_regime_plus_confounds
sub-30,2,LOR_task2,1,prelor_vs_lor_task2,0.9714208835260421,1,gcc_regime_plus_confounds
sub-30,2,PreLOR,0,prelor_vs_lor_task2,0.48570327477949987,0,gcc_regime_plus_confounds
sub-02,2,LOR_task2,1,prelor_vs_lor_task2,0.8255369226605384,1,full_standard_plus_gcc
sub-02,2,PreLOR,0,prelor_vs_lor_task2,0.01006979698029043,0,full_standard_plus_gcc
sub-03,2,LOR_task2,1,prelor_vs_lor_task2,0.9170406294078158,1,full_standard_plus_gcc
sub-03,2,PreLOR,0,prelor_vs_lor_task2,0.058184374411688326,0,full_standard_plus_gcc
sub-04,2,LOR_task2,1,prelor_vs_lor_task2,0.9502040966947319,1,full_standard_plus_gcc
sub-04,2,PreLOR,0,prelor_vs_lor_task2,0.09136696942767064,0,full_standard_plus_gcc
sub-05,2,LOR_task2,1,prelor_vs_lor_task2,0.6988020525559401,1,full_standard_plus_gcc
sub-05,2,PreLOR,0,prelor_vs_lor_task2,0.03402535701211653,0,full_standard_plus_gcc
sub-06,2,LOR_task2,1,prelor_vs_lor_task2,0.7123637756923851,1,full_standard_plus_gcc
sub-06,2,PreLOR,0,prelor_vs_lor_task2,0.04186687204095464,0,full_standard_plus_gcc
sub-07,2,LOR_task2,1,prelor_vs_lor_task2,0.8780379184200434,1,full_standard_plus_gcc
sub-07,2,PreLOR,0,prelor_vs_lor_task2,0.04108382147857853,0,full_standard_plus_gcc
sub-11,2,LOR_task2,1,prelor_vs_lor_task2,0.6452080404867115,1,full_standard_plus_gcc
sub-11,2,PreLOR,0,prelor_vs_lor_task2,0.0465920011744123,0,full_standard_plus_gcc
sub-12,2,LOR_task2,1,prelor_vs_lor_task2,0.8893687308729787,1,full_standard_plus_gcc
sub-12,2,PreLOR,0,prelor_vs_lor_task2,0.07618909306717213,0,full_standard_plus_gcc
sub-13,2,LOR_task2,1,prelor_vs_lor_task2,0.9283381259858341,1,full_standard_plus_gcc
sub-13,2,PreLOR,0,prelor_vs_lor_task2,0.03472898041777266,0,full_standard_plus_gcc
sub-14,2,LOR_task2,1,prelor_vs_lor_task2,0.45910910559052964,0,full_standard_plus_gcc
sub-14,2,PreLOR,0,prelor_vs_lor_task2,0.0046307339661166525,0,full_standard_plus_gcc
sub-15,2,LOR_task2,1,prelor_vs_lor_task2,0.26074436682372265,0,full_standard_plus_gcc
sub-15,2,PreLOR,0,prelor_vs_lor_task2,0.05783493333579368,0,full_standard_plus_gcc
sub-17,2,LOR_task2,1,prelor_vs_lor_task2,0.7867518027644089,1,full_standard_plus_gcc
sub-17,2,PreLOR,0,prelor_vs_lor_task2,0.03997044131329997,0,full_standard_plus_gcc
sub-18,2,LOR_task2,1,prelor_vs_lor_task2,0.7011491586169872,1,full_standard_plus_gcc
sub-18,2,PreLOR,0,prelor_vs_lor_task2,0.005686061016550783,0,full_standard_plus_gcc
sub-19,2,LOR_task2,1,prelor_vs_lor_task2,0.9119001980560891,1,full_standard_plus_gcc
sub-19,2,PreLOR,0,prelor_vs_lor_task2,0.0724292053974511,0,full_standard_plus_gcc
sub-20,2,LOR_task2,1,prelor_vs_lor_task2,0.9940586461237247,1,full_standard_plus_gcc
sub-20,2,PreLOR,0,prelor_vs_lor_task2,0.3171089551619878,0,full_standard_plus_gcc
sub-21,2,LOR_task2,1,prelor_vs_lor_task2,0.9857725739915604,1,full_standard_plus_gcc
sub-21,2,PreLOR,0,prelor_vs_lor_task2,0.20852403376870143,0,full_standard_plus_gcc
sub-22,2,LOR_task2,1,prelor_vs_lor_task2,0.9898493425816445,1,full_standard_plus_gcc
sub-22,2,PreLOR,0,prelor_vs_lor_task2,0.43996736972388273,0,full_standard_plus_gcc
sub-23,2,LOR_task2,1,prelor_vs_lor_task2,0.9847902340526294,1,full_standard_plus_gcc
sub-23,2,PreLOR,0,prelor_vs_lor_task2,0.10680650860912749,0,full_standard_plus_gcc
sub-24,2,LOR_task2,1,prelor_vs_lor_task2,0.8349965427888859,1,full_standard_plus_gcc
sub-24,2,PreLOR,0,prelor_vs_lor_task2,0.044807864306775545,0,full_standard_plus_gcc
sub-25,2,LOR_task2,1,prelor_vs_lor_task2,0.9951599555544134,1,full_standard_plus_gcc
sub-25,2,PreLOR,0,prelor_vs_lor_task2,0.4002415857885083,0,full_standard_plus_gcc
sub-26,2,LOR_task2,1,prelor_vs_lor_task2,0.9291271045669781,1,full_standard_plus_gcc
sub-26,2,PreLOR,0,prelor_vs_lor_task2,0.12877899182217348,0,full_standard_plus_gcc
sub-27,2,LOR_task2,1,prelor_vs_lor_task2,0.8554355277388694,1,full_standard_plus_gcc
sub-27,2,PreLOR,0,prelor_vs_lor_task2,0.058102160283089996,0,full_standard_plus_gcc
sub-28,2,LOR_task2,1,prelor_vs_lor_task2,0.9902855969471477,1,full_standard_plus_gcc
sub-28,2,PreLOR,0,prelor_vs_lor_task2,0.28432670985131747,0,full_standard_plus_gcc
sub-29,2,LOR_task2,1,prelor_vs_lor_task2,0.9998887814272767,1,full_standard_plus_gcc
sub-29,2,PreLOR,0,prelor_vs_lor_task2,0.3790241626854371,0,full_standard_plus_gcc
sub-30,2,LOR_task2,1,prelor_vs_lor_task2,0.9734739567548386,1,full_standard_plus_gcc
sub-30,2,PreLOR,0,prelor_vs_lor_task2,0.5188981353112402,1,full_standard_plus_gcc
sub-02,3,LOR_task3,1,lor_vs_ror_task3,0.9460942267945133,1,confounds_motion_propofol
sub-02,3,ROR,0,lor_vs_ror_task3,0.04375568809877146,0,confounds_motion_propofol
sub-03,3,LOR_task3,1,lor_vs_ror_task3,0.9607171180198206,1,confounds_motion_propofol
sub-03,3,ROR,0,lor_vs_ror_task3,0.09150916242869243,0,confounds_motion_propofol
sub-04,3,LOR_task3,1,lor_vs_ror_task3,0.8778033136834767,1,confounds_motion_propofol
sub-04,3,ROR,0,lor_vs_ror_task3,0.028324118023070333,0,confounds_motion_propofol
sub-05,3,LOR_task3,1,lor_vs_ror_task3,0.9077610626815816,1,confounds_motion_propofol
sub-05,3,ROR,0,lor_vs_ror_task3,0.04747687029011058,0,confounds_motion_propofol
sub-06,3,LOR_task3,1,lor_vs_ror_task3,0.8817701229300449,1,confounds_motion_propofol
sub-06,3,ROR,0,lor_vs_ror_task3,0.03302274473801315,0,confounds_motion_propofol
sub-07,3,LOR_task3,1,lor_vs_ror_task3,0.8637853988701214,1,confounds_motion_propofol
sub-07,3,ROR,0,lor_vs_ror_task3,0.01950907192231328,0,confounds_motion_propofol
sub-11,3,LOR_task3,1,lor_vs_ror_task3,0.6465690694907843,1,confounds_motion_propofol
sub-11,3,ROR,0,lor_vs_ror_task3,0.03633915537807975,0,confounds_motion_propofol
sub-12,3,LOR_task3,1,lor_vs_ror_task3,0.9233321605584566,1,confounds_motion_propofol
sub-12,3,ROR,0,lor_vs_ror_task3,0.08556946448001451,0,confounds_motion_propofol
sub-13,3,LOR_task3,1,lor_vs_ror_task3,0.9779768541225823,1,confounds_motion_propofol
sub-13,3,ROR,0,lor_vs_ror_task3,0.2597788424697176,0,confounds_motion_propofol
sub-15,3,LOR_task3,1,lor_vs_ror_task3,0.16912073525753518,0,confounds_motion_propofol
sub-15,3,ROR,0,lor_vs_ror_task3,0.008377593122528575,0,confounds_motion_propofol
sub-16,3,LOR_task3,1,lor_vs_ror_task3,0.9995756029929362,1,confounds_motion_propofol
sub-16,3,ROR,0,lor_vs_ror_task3,0.6969910052441973,1,confounds_motion_propofol
sub-17,3,LOR_task3,1,lor_vs_ror_task3,0.7377931511267547,1,confounds_motion_propofol
sub-17,3,ROR,0,lor_vs_ror_task3,0.037728838959994196,0,confounds_motion_propofol
sub-19,3,LOR_task3,1,lor_vs_ror_task3,0.060934737369015106,0,confounds_motion_propofol
sub-19,3,ROR,0,lor_vs_ror_task3,0.06232355615360831,0,confounds_motion_propofol
sub-20,3,LOR_task3,1,lor_vs_ror_task3,0.9993158171574382,1,confounds_motion_propofol
sub-20,3,ROR,0,lor_vs_ror_task3,0.49702018865819464,0,confounds_motion_propofol
sub-21,3,LOR_task3,1,lor_vs_ror_task3,0.9973422251877887,1,confounds_motion_propofol
sub-21,3,ROR,0,lor_vs_ror_task3,0.2504182798237768,0,confounds_motion_propofol
sub-23,3,LOR_task3,1,lor_vs_ror_task3,0.9974658192742504,1,confounds_motion_propofol
sub-23,3,ROR,0,lor_vs_ror_task3,0.09149380697756794,0,confounds_motion_propofol
sub-26,3,LOR_task3,1,lor_vs_ror_task3,0.9815051429127438,1,confounds_motion_propofol
sub-26,3,ROR,0,lor_vs_ror_task3,0.08148109902574031,0,confounds_motion_propofol
sub-27,3,LOR_task3,1,lor_vs_ror_task3,0.925275048874424,1,confounds_motion_propofol
sub-27,3,ROR,0,lor_vs_ror_task3,0.03458119615960417,0,confounds_motion_propofol
sub-30,3,LOR_task3,1,lor_vs_ror_task3,0.9929831269646184,1,confounds_motion_propofol
sub-30,3,ROR,0,lor_vs_ror_task3,0.48309454002476687,0,confounds_motion_propofol
sub-02,3,LOR_task3,1,lor_vs_ror_task3,0.9692843620404247,1,standard_fc_plus_confounds
sub-02,3,ROR,0,lor_vs_ror_task3,0.04743092214221931,0,standard_fc_plus_confounds
sub-03,3,LOR_task3,1,lor_vs_ror_task3,0.9776401701388917,1,standard_fc_plus_confounds
sub-03,3,ROR,0,lor_vs_ror_task3,0.0379744014977171,0,standard_fc_plus_confounds
sub-04,3,LOR_task3,1,lor_vs_ror_task3,0.843511274961739,1,standard_fc_plus_confounds
sub-04,3,ROR,0,lor_vs_ror_task3,0.005374094178408587,0,standard_fc_plus_confounds
sub-05,3,LOR_task3,1,lor_vs_ror_task3,0.8556418415656887,1,standard_fc_plus_confounds
sub-05,3,ROR,0,lor_vs_ror_task3,0.027677773312634716,0,standard_fc_plus_confounds
sub-06,3,LOR_task3,1,lor_vs_ror_task3,0.8847003229791569,1,standard_fc_plus_confounds
sub-06,3,ROR,0,lor_vs_ror_task3,0.06434411906191673,0,standard_fc_plus_confounds
sub-07,3,LOR_task3,1,lor_vs_ror_task3,0.8834738914832369,1,standard_fc_plus_confounds
sub-07,3,ROR,0,lor_vs_ror_task3,0.007754037914147809,0,standard_fc_plus_confounds
sub-11,3,LOR_task3,1,lor_vs_ror_task3,0.8470634460242981,1,standard_fc_plus_confounds
sub-11,3,ROR,0,lor_vs_ror_task3,0.010291366178118945,0,standard_fc_plus_confounds
sub-12,3,LOR_task3,1,lor_vs_ror_task3,0.8890117488828508,1,standard_fc_plus_confounds
sub-12,3,ROR,0,lor_vs_ror_task3,0.06175765951287962,0,standard_fc_plus_confounds
sub-13,3,LOR_task3,1,lor_vs_ror_task3,0.9860257163852637,1,standard_fc_plus_confounds
sub-13,3,ROR,0,lor_vs_ror_task3,0.2258835173994645,0,standard_fc_plus_confounds
sub-15,3,LOR_task3,1,lor_vs_ror_task3,0.19409340598244187,0,standard_fc_plus_confounds
sub-15,3,ROR,0,lor_vs_ror_task3,0.006933744264477779,0,standard_fc_plus_confounds
sub-16,3,LOR_task3,1,lor_vs_ror_task3,0.9998229584845686,1,standard_fc_plus_confounds
sub-16,3,ROR,0,lor_vs_ror_task3,0.6096607210852832,1,standard_fc_plus_confounds
sub-17,3,LOR_task3,1,lor_vs_ror_task3,0.7037570264128142,1,standard_fc_plus_confounds
sub-17,3,ROR,0,lor_vs_ror_task3,0.05767397140307486,0,standard_fc_plus_confounds
sub-19,3,LOR_task3,1,lor_vs_ror_task3,0.08324402638136294,0,standard_fc_plus_confounds
sub-19,3,ROR,0,lor_vs_ror_task3,0.03644327338565214,0,standard_fc_plus_confounds
sub-20,3,LOR_task3,1,lor_vs_ror_task3,0.9994146856464732,1,standard_fc_plus_confounds
sub-20,3,ROR,0,lor_vs_ror_task3,0.4629637640437441,0,standard_fc_plus_confounds
sub-21,3,LOR_task3,1,lor_vs_ror_task3,0.9968057335429671,1,standard_fc_plus_confounds
sub-21,3,ROR,0,lor_vs_ror_task3,0.18653704321289008,0,standard_fc_plus_confounds
sub-23,3,LOR_task3,1,lor_vs_ror_task3,0.9978521918506057,1,standard_fc_plus_confounds
sub-23,3,ROR,0,lor_vs_ror_task3,0.014908827854389177,0,standard_fc_plus_confounds
sub-26,3,LOR_task3,1,lor_vs_ror_task3,0.9840858644788771,1,standard_fc_plus_confounds
sub-26,3,ROR,0,lor_vs_ror_task3,0.07210274650888249,0,standard_fc_plus_confounds
sub-27,3,LOR_task3,1,lor_vs_ror_task3,0.9846859104546328,1,standard_fc_plus_confounds
sub-27,3,ROR,0,lor_vs_ror_task3,0.6218512974706017,1,standard_fc_plus_confounds
sub-30,3,LOR_task3,1,lor_vs_ror_task3,0.9914775676897463,1,standard_fc_plus_confounds
sub-30,3,ROR,0,lor_vs_ror_task3,0.3032079774669667,0,standard_fc_plus_confounds
sub-02,3,LOR_task3,1,lor_vs_ror_task3,0.9755419469650719,1,gcc_core_plus_confounds
sub-02,3,ROR,0,lor_vs_ror_task3,0.04383683768334483,0,gcc_core_plus_confounds
sub-03,3,LOR_task3,1,lor_vs_ror_task3,0.9804585156280792,1,gcc_core_plus_confounds
sub-03,3,ROR,0,lor_vs_ror_task3,0.03302927250352099,0,gcc_core_plus_confounds
sub-04,3,LOR_task3,1,lor_vs_ror_task3,0.8329107420993771,1,gcc_core_plus_confounds
sub-04,3,ROR,0,lor_vs_ror_task3,0.002660360989382433,0,gcc_core_plus_confounds
sub-05,3,LOR_task3,1,lor_vs_ror_task3,0.8443656350684947,1,gcc_core_plus_confounds
sub-05,3,ROR,0,lor_vs_ror_task3,0.02693428949533584,0,gcc_core_plus_confounds
sub-06,3,LOR_task3,1,lor_vs_ror_task3,0.8814349528429761,1,gcc_core_plus_confounds
sub-06,3,ROR,0,lor_vs_ror_task3,0.06122822311297461,0,gcc_core_plus_confounds
sub-07,3,LOR_task3,1,lor_vs_ror_task3,0.905504579648517,1,gcc_core_plus_confounds
sub-07,3,ROR,0,lor_vs_ror_task3,0.007134553311347029,0,gcc_core_plus_confounds
sub-11,3,LOR_task3,1,lor_vs_ror_task3,0.8595252357790942,1,gcc_core_plus_confounds
sub-11,3,ROR,0,lor_vs_ror_task3,0.007877567041305563,0,gcc_core_plus_confounds
sub-12,3,LOR_task3,1,lor_vs_ror_task3,0.9182348139456638,1,gcc_core_plus_confounds
sub-12,3,ROR,0,lor_vs_ror_task3,0.05802143911559953,0,gcc_core_plus_confounds
sub-13,3,LOR_task3,1,lor_vs_ror_task3,0.9862736638230847,1,gcc_core_plus_confounds
sub-13,3,ROR,0,lor_vs_ror_task3,0.21758120215691362,0,gcc_core_plus_confounds
sub-15,3,LOR_task3,1,lor_vs_ror_task3,0.2050982549631541,0,gcc_core_plus_confounds
sub-15,3,ROR,0,lor_vs_ror_task3,0.00816360287030009,0,gcc_core_plus_confounds
sub-16,3,LOR_task3,1,lor_vs_ror_task3,0.9997245561005632,1,gcc_core_plus_confounds
sub-16,3,ROR,0,lor_vs_ror_task3,0.6492502595546653,1,gcc_core_plus_confounds
sub-17,3,LOR_task3,1,lor_vs_ror_task3,0.6361842611826208,1,gcc_core_plus_confounds
sub-17,3,ROR,0,lor_vs_ror_task3,0.05928399472480483,0,gcc_core_plus_confounds
sub-19,3,LOR_task3,1,lor_vs_ror_task3,0.06587822425709262,0,gcc_core_plus_confounds
sub-19,3,ROR,0,lor_vs_ror_task3,0.02768803684314229,0,gcc_core_plus_confounds
sub-20,3,LOR_task3,1,lor_vs_ror_task3,0.9994289741871476,1,gcc_core_plus_confounds
sub-20,3,ROR,0,lor_vs_ror_task3,0.5128062402911522,1,gcc_core_plus_confounds
sub-21,3,LOR_task3,1,lor_vs_ror_task3,0.9974102623413776,1,gcc_core_plus_confounds
sub-21,3,ROR,0,lor_vs_ror_task3,0.209975248430316,0,gcc_core_plus_confounds
sub-23,3,LOR_task3,1,lor_vs_ror_task3,0.9981645898627425,1,gcc_core_plus_confounds
sub-23,3,ROR,0,lor_vs_ror_task3,0.005734643741707797,0,gcc_core_plus_confounds
sub-26,3,LOR_task3,1,lor_vs_ror_task3,0.9838431089109805,1,gcc_core_plus_confounds
sub-26,3,ROR,0,lor_vs_ror_task3,0.053309325092005214,0,gcc_core_plus_confounds
sub-27,3,LOR_task3,1,lor_vs_ror_task3,0.9820467736123917,1,gcc_core_plus_confounds
sub-27,3,ROR,0,lor_vs_ror_task3,0.47855217441788916,0,gcc_core_plus_confounds
sub-30,3,LOR_task3,1,lor_vs_ror_task3,0.9887651652783508,1,gcc_core_plus_confounds
sub-30,3,ROR,0,lor_vs_ror_task3,0.2569380571352295,0,gcc_core_plus_confounds
sub-02,3,LOR_task3,1,lor_vs_ror_task3,0.9532117039130077,1,gcc_regime_plus_confounds
sub-02,3,ROR,0,lor_vs_ror_task3,0.10739122395435968,0,gcc_regime_plus_confounds
sub-03,3,LOR_task3,1,lor_vs_ror_task3,0.9666962829239165,1,gcc_regime_plus_confounds
sub-03,3,ROR,0,lor_vs_ror_task3,0.021680106104477084,0,gcc_regime_plus_confounds
sub-04,3,LOR_task3,1,lor_vs_ror_task3,0.8073315994245112,1,gcc_regime_plus_confounds
sub-04,3,ROR,0,lor_vs_ror_task3,0.001267310899438104,0,gcc_regime_plus_confounds
sub-05,3,LOR_task3,1,lor_vs_ror_task3,0.8825649583332447,1,gcc_regime_plus_confounds
sub-05,3,ROR,0,lor_vs_ror_task3,0.029158008065100757,0,gcc_regime_plus_confounds
sub-06,3,LOR_task3,1,lor_vs_ror_task3,0.8437811542830749,1,gcc_regime_plus_confounds
sub-06,3,ROR,0,lor_vs_ror_task3,0.03706897566405549,0,gcc_regime_plus_confounds
sub-07,3,LOR_task3,1,lor_vs_ror_task3,0.8554297635546487,1,gcc_regime_plus_confounds
sub-07,3,ROR,0,lor_vs_ror_task3,0.005194051865390073,0,gcc_regime_plus_confounds
sub-11,3,LOR_task3,1,lor_vs_ror_task3,0.818928100860732,1,gcc_regime_plus_confounds
sub-11,3,ROR,0,lor_vs_ror_task3,0.006261927691110861,0,gcc_regime_plus_confounds
sub-12,3,LOR_task3,1,lor_vs_ror_task3,0.9286760100953566,1,gcc_regime_plus_confounds
sub-12,3,ROR,0,lor_vs_ror_task3,0.05200286164392856,0,gcc_regime_plus_confounds
sub-13,3,LOR_task3,1,lor_vs_ror_task3,0.9883331692142072,1,gcc_regime_plus_confounds
sub-13,3,ROR,0,lor_vs_ror_task3,0.23389096497755396,0,gcc_regime_plus_confounds
sub-15,3,LOR_task3,1,lor_vs_ror_task3,0.2591785805130208,0,gcc_regime_plus_confounds
sub-15,3,ROR,0,lor_vs_ror_task3,0.006583979927973806,0,gcc_regime_plus_confounds
sub-16,3,LOR_task3,1,lor_vs_ror_task3,0.9995319463651129,1,gcc_regime_plus_confounds
sub-16,3,ROR,0,lor_vs_ror_task3,0.7519307838057215,1,gcc_regime_plus_confounds
sub-17,3,LOR_task3,1,lor_vs_ror_task3,0.7126404511377249,1,gcc_regime_plus_confounds
sub-17,3,ROR,0,lor_vs_ror_task3,0.08681676669830204,0,gcc_regime_plus_confounds
sub-19,3,LOR_task3,1,lor_vs_ror_task3,0.08280762526456137,0,gcc_regime_plus_confounds
sub-19,3,ROR,0,lor_vs_ror_task3,0.02301816190839677,0,gcc_regime_plus_confounds
sub-20,3,LOR_task3,1,lor_vs_ror_task3,0.9995826286036278,1,gcc_regime_plus_confounds
sub-20,3,ROR,0,lor_vs_ror_task3,0.4125320835272818,0,gcc_regime_plus_confounds
sub-21,3,LOR_task3,1,lor_vs_ror_task3,0.9987635379125529,1,gcc_regime_plus_confounds
sub-21,3,ROR,0,lor_vs_ror_task3,0.19964460270683226,0,gcc_regime_plus_confounds
sub-23,3,LOR_task3,1,lor_vs_ror_task3,0.996816973790156,1,gcc_regime_plus_confounds
sub-23,3,ROR,0,lor_vs_ror_task3,0.0062072320653813505,0,gcc_regime_plus_confounds
sub-26,3,LOR_task3,1,lor_vs_ror_task3,0.9846322910640476,1,gcc_regime_plus_confounds
sub-26,3,ROR,0,lor_vs_ror_task3,0.05240610006118893,0,gcc_regime_plus_confounds
sub-27,3,LOR_task3,1,lor_vs_ror_task3,0.987844824986667,1,gcc_regime_plus_confounds
sub-27,3,ROR,0,lor_vs_ror_task3,0.34677573562036373,0,gcc_regime_plus_confounds
sub-30,3,LOR_task3,1,lor_vs_ror_task3,0.9753628154271907,1,gcc_regime_plus_confounds
sub-30,3,ROR,0,lor_vs_ror_task3,0.256461460386071,0,gcc_regime_plus_confounds
sub-02,3,LOR_task3,1,lor_vs_ror_task3,0.9631410866844882,1,full_standard_plus_gcc
sub-02,3,ROR,0,lor_vs_ror_task3,0.0964130482771041,0,full_standard_plus_gcc
sub-03,3,LOR_task3,1,lor_vs_ror_task3,0.9687858156339503,1,full_standard_plus_gcc
sub-03,3,ROR,0,lor_vs_ror_task3,0.015810052132573946,0,full_standard_plus_gcc
sub-04,3,LOR_task3,1,lor_vs_ror_task3,0.8027261573538303,1,full_standard_plus_gcc
sub-04,3,ROR,0,lor_vs_ror_task3,0.0009805867901797756,0,full_standard_plus_gcc
sub-05,3,LOR_task3,1,lor_vs_ror_task3,0.8716305514707328,1,full_standard_plus_gcc
sub-05,3,ROR,0,lor_vs_ror_task3,0.02512949702460979,0,full_standard_plus_gcc
sub-06,3,LOR_task3,1,lor_vs_ror_task3,0.8264516500832022,1,full_standard_plus_gcc
sub-06,3,ROR,0,lor_vs_ror_task3,0.04331810204970331,0,full_standard_plus_gcc
sub-07,3,LOR_task3,1,lor_vs_ror_task3,0.8721673138644342,1,full_standard_plus_gcc
sub-07,3,ROR,0,lor_vs_ror_task3,0.003891703377996313,0,full_standard_plus_gcc
sub-11,3,LOR_task3,1,lor_vs_ror_task3,0.8750966674709091,1,full_standard_plus_gcc
sub-11,3,ROR,0,lor_vs_ror_task3,0.004723758905458505,0,full_standard_plus_gcc
sub-12,3,LOR_task3,1,lor_vs_ror_task3,0.9148820156794445,1,full_standard_plus_gcc
sub-12,3,ROR,0,lor_vs_ror_task3,0.04323856387200797,0,full_standard_plus_gcc
sub-13,3,LOR_task3,1,lor_vs_ror_task3,0.9891777253117634,1,full_standard_plus_gcc
sub-13,3,ROR,0,lor_vs_ror_task3,0.19288888224847997,0,full_standard_plus_gcc
sub-15,3,LOR_task3,1,lor_vs_ror_task3,0.3059123608406376,0,full_standard_plus_gcc
sub-15,3,ROR,0,lor_vs_ror_task3,0.00543757562913661,0,full_standard_plus_gcc
sub-16,3,LOR_task3,1,lor_vs_ror_task3,0.9997363159783037,1,full_standard_plus_gcc
sub-16,3,ROR,0,lor_vs_ror_task3,0.7417589969148036,1,full_standard_plus_gcc
sub-17,3,LOR_task3,1,lor_vs_ror_task3,0.7125561375473197,1,full_standard_plus_gcc
sub-17,3,ROR,0,lor_vs_ror_task3,0.09184738041012465,0,full_standard_plus_gcc
sub-19,3,LOR_task3,1,lor_vs_ror_task3,0.09767100222175763,0,full_standard_plus_gcc
sub-19,3,ROR,0,lor_vs_ror_task3,0.01838470557725363,0,full_standard_plus_gcc
sub-20,3,LOR_task3,1,lor_vs_ror_task3,0.999603818123246,1,full_standard_plus_gcc
sub-20,3,ROR,0,lor_vs_ror_task3,0.36549236237715216,0,full_standard_plus_gcc
sub-21,3,LOR_task3,1,lor_vs_ror_task3,0.9987458973875917,1,full_standard_plus_gcc
sub-21,3,ROR,0,lor_vs_ror_task3,0.18374072062076824,0,full_standard_plus_gcc
sub-23,3,LOR_task3,1,lor_vs_ror_task3,0.9974204455037115,1,full_standard_plus_gcc
sub-23,3,ROR,0,lor_vs_ror_task3,0.005128788764148117,0,full_standard_plus_gcc
sub-26,3,LOR_task3,1,lor_vs_ror_task3,0.9859003317309376,1,full_standard_plus_gcc
sub-26,3,ROR,0,lor_vs_ror_task3,0.05149924807042705,0,full_standard_plus_gcc
sub-27,3,LOR_task3,1,lor_vs_ror_task3,0.9914920018578233,1,full_standard_plus_gcc
sub-27,3,ROR,0,lor_vs_ror_task3,0.6648467865004585,1,full_standard_plus_gcc
sub-30,3,LOR_task3,1,lor_vs_ror_task3,0.9755015921934423,1,full_standard_plus_gcc
sub-30,3,ROR,0,lor_vs_ror_task3,0.23185668845811092,0,full_standard_plus_gcc
sub-02,1,Base1,0,base1_vs_base2_control,0.04424555589910827,0,confounds_motion_propofol
sub-02,4,Base2,1,base1_vs_base2_control,0.8817996387883689,1,confounds_motion_propofol
sub-03,1,Base1,0,base1_vs_base2_control,0.05117982645933166,0,confounds_motion_propofol
sub-03,4,Base2,1,base1_vs_base2_control,0.5406734863148194,1,confounds_motion_propofol
sub-04,1,Base1,0,base1_vs_base2_control,0.030260884555938283,0,confounds_motion_propofol
sub-04,4,Base2,1,base1_vs_base2_control,0.8402499747892802,1,confounds_motion_propofol
sub-05,1,Base1,0,base1_vs_base2_control,0.042896234123701936,0,confounds_motion_propofol
sub-05,4,Base2,1,base1_vs_base2_control,0.897204298809608,1,confounds_motion_propofol
sub-06,1,Base1,0,base1_vs_base2_control,0.05433324498805737,0,confounds_motion_propofol
sub-06,4,Base2,1,base1_vs_base2_control,0.9634161281915232,1,confounds_motion_propofol
sub-07,1,Base1,0,base1_vs_base2_control,0.04130350357085288,0,confounds_motion_propofol
sub-07,4,Base2,1,base1_vs_base2_control,0.8970779310563438,1,confounds_motion_propofol
sub-11,1,Base1,0,base1_vs_base2_control,0.054456306297378264,0,confounds_motion_propofol
sub-11,4,Base2,1,base1_vs_base2_control,0.3991945627718372,0,confounds_motion_propofol
sub-12,1,Base1,0,base1_vs_base2_control,0.03816256537183932,0,confounds_motion_propofol
sub-12,4,Base2,1,base1_vs_base2_control,0.9925504786723038,1,confounds_motion_propofol
sub-13,1,Base1,0,base1_vs_base2_control,0.04197799135235297,0,confounds_motion_propofol
sub-13,4,Base2,1,base1_vs_base2_control,0.9954943917737801,1,confounds_motion_propofol
sub-14,1,Base1,0,base1_vs_base2_control,0.035152068692032565,0,confounds_motion_propofol
sub-14,4,Base2,1,base1_vs_base2_control,0.8648228522224424,1,confounds_motion_propofol
sub-15,1,Base1,0,base1_vs_base2_control,0.03444556940815665,0,confounds_motion_propofol
sub-15,4,Base2,1,base1_vs_base2_control,0.7552291100175428,1,confounds_motion_propofol
sub-16,1,Base1,0,base1_vs_base2_control,0.040329602904348325,0,confounds_motion_propofol
sub-16,4,Base2,1,base1_vs_base2_control,0.9999156862553019,1,confounds_motion_propofol
sub-17,1,Base1,0,base1_vs_base2_control,0.03713664717031773,0,confounds_motion_propofol
sub-17,4,Base2,1,base1_vs_base2_control,0.9820254933619239,1,confounds_motion_propofol
sub-18,1,Base1,0,base1_vs_base2_control,0.03576606131126037,0,confounds_motion_propofol
sub-18,4,Base2,1,base1_vs_base2_control,0.9997791179380978,1,confounds_motion_propofol
sub-19,1,Base1,0,base1_vs_base2_control,0.04791667986947561,0,confounds_motion_propofol
sub-19,4,Base2,1,base1_vs_base2_control,0.9934216347011187,1,confounds_motion_propofol
sub-20,1,Base1,0,base1_vs_base2_control,0.03727066703627647,0,confounds_motion_propofol
sub-20,4,Base2,1,base1_vs_base2_control,0.9999674952575761,1,confounds_motion_propofol
sub-21,1,Base1,0,base1_vs_base2_control,0.04625589588015914,0,confounds_motion_propofol
sub-21,4,Base2,1,base1_vs_base2_control,0.9987476064465679,1,confounds_motion_propofol
sub-22,1,Base1,0,base1_vs_base2_control,0.0361226422700213,0,confounds_motion_propofol
sub-22,4,Base2,1,base1_vs_base2_control,0.9998751541875064,1,confounds_motion_propofol
sub-23,1,Base1,0,base1_vs_base2_control,0.04694880607941748,0,confounds_motion_propofol
sub-23,4,Base2,1,base1_vs_base2_control,0.9994174600956889,1,confounds_motion_propofol
sub-24,1,Base1,0,base1_vs_base2_control,0.05608990555437931,0,confounds_motion_propofol
sub-24,4,Base2,1,base1_vs_base2_control,0.9817810771776706,1,confounds_motion_propofol
sub-25,1,Base1,0,base1_vs_base2_control,0.030915076251227434,0,confounds_motion_propofol
sub-25,4,Base2,1,base1_vs_base2_control,0.9993933227421644,1,confounds_motion_propofol
sub-26,1,Base1,0,base1_vs_base2_control,0.055116364276367465,0,confounds_motion_propofol
sub-26,4,Base2,1,base1_vs_base2_control,0.9911127658453069,1,confounds_motion_propofol
sub-27,1,Base1,0,base1_vs_base2_control,0.021881512378488743,0,confounds_motion_propofol
sub-27,4,Base2,1,base1_vs_base2_control,0.9607150439220944,1,confounds_motion_propofol
sub-28,1,Base1,0,base1_vs_base2_control,0.039955864284867595,0,confounds_motion_propofol
sub-28,4,Base2,1,base1_vs_base2_control,0.9970260378353154,1,confounds_motion_propofol
sub-30,1,Base1,0,base1_vs_base2_control,0.039994177576237834,0,confounds_motion_propofol
sub-30,4,Base2,1,base1_vs_base2_control,0.9918842512884211,1,confounds_motion_propofol
sub-02,1,Base1,0,base1_vs_base2_control,0.04770345610229683,0,standard_fc_plus_confounds
sub-02,4,Base2,1,base1_vs_base2_control,0.8852523855423895,1,standard_fc_plus_confounds
sub-03,1,Base1,0,base1_vs_base2_control,0.06301327652898756,0,standard_fc_plus_confounds
sub-03,4,Base2,1,base1_vs_base2_control,0.510993542311984,1,standard_fc_plus_confounds
sub-04,1,Base1,0,base1_vs_base2_control,0.028363857055837646,0,standard_fc_plus_confounds
sub-04,4,Base2,1,base1_vs_base2_control,0.8032297349877676,1,standard_fc_plus_confounds
sub-05,1,Base1,0,base1_vs_base2_control,0.0409372378036853,0,standard_fc_plus_confounds
sub-05,4,Base2,1,base1_vs_base2_control,0.8956399925532493,1,standard_fc_plus_confounds
sub-06,1,Base1,0,base1_vs_base2_control,0.06333805602814478,0,standard_fc_plus_confounds
sub-06,4,Base2,1,base1_vs_base2_control,0.9618228040731558,1,standard_fc_plus_confounds
sub-07,1,Base1,0,base1_vs_base2_control,0.04044471678353197,0,standard_fc_plus_confounds
sub-07,4,Base2,1,base1_vs_base2_control,0.8963071985422211,1,standard_fc_plus_confounds
sub-11,1,Base1,0,base1_vs_base2_control,0.06327926853330627,0,standard_fc_plus_confounds
sub-11,4,Base2,1,base1_vs_base2_control,0.36796644606981405,0,standard_fc_plus_confounds
sub-12,1,Base1,0,base1_vs_base2_control,0.03750375649316809,0,standard_fc_plus_confounds
sub-12,4,Base2,1,base1_vs_base2_control,0.9922281700391834,1,standard_fc_plus_confounds
sub-13,1,Base1,0,base1_vs_base2_control,0.04372318929109111,0,standard_fc_plus_confounds
sub-13,4,Base2,1,base1_vs_base2_control,0.9965217548646688,1,standard_fc_plus_confounds
sub-14,1,Base1,0,base1_vs_base2_control,0.039292903275529145,0,standard_fc_plus_confounds
sub-14,4,Base2,1,base1_vs_base2_control,0.8665731134053113,1,standard_fc_plus_confounds
sub-15,1,Base1,0,base1_vs_base2_control,0.03317931433467905,0,standard_fc_plus_confounds
sub-15,4,Base2,1,base1_vs_base2_control,0.7450192426197646,1,standard_fc_plus_confounds
sub-16,1,Base1,0,base1_vs_base2_control,0.03923178608815566,0,standard_fc_plus_confounds
sub-16,4,Base2,1,base1_vs_base2_control,0.9999141410457236,1,standard_fc_plus_confounds
sub-17,1,Base1,0,base1_vs_base2_control,0.03626844931787643,0,standard_fc_plus_confounds
sub-17,4,Base2,1,base1_vs_base2_control,0.9817893715991158,1,standard_fc_plus_confounds
sub-18,1,Base1,0,base1_vs_base2_control,0.039877685300466474,0,standard_fc_plus_confounds
sub-18,4,Base2,1,base1_vs_base2_control,0.9997950160819647,1,standard_fc_plus_confounds
sub-19,1,Base1,0,base1_vs_base2_control,0.05320620836333998,0,standard_fc_plus_confounds
sub-19,4,Base2,1,base1_vs_base2_control,0.9934495001633997,1,standard_fc_plus_confounds
sub-20,1,Base1,0,base1_vs_base2_control,0.038314023909513925,0,standard_fc_plus_confounds
sub-20,4,Base2,1,base1_vs_base2_control,0.9999663599865233,1,standard_fc_plus_confounds
sub-21,1,Base1,0,base1_vs_base2_control,0.047233153900931364,0,standard_fc_plus_confounds
sub-21,4,Base2,1,base1_vs_base2_control,0.998665672199214,1,standard_fc_plus_confounds
sub-22,1,Base1,0,base1_vs_base2_control,0.03587268390641195,0,standard_fc_plus_confounds
sub-22,4,Base2,1,base1_vs_base2_control,0.9998769030963665,1,standard_fc_plus_confounds
sub-23,1,Base1,0,base1_vs_base2_control,0.04675195713304492,0,standard_fc_plus_confounds
sub-23,4,Base2,1,base1_vs_base2_control,0.999408001692429,1,standard_fc_plus_confounds
sub-24,1,Base1,0,base1_vs_base2_control,0.058895311277552924,0,standard_fc_plus_confounds
sub-24,4,Base2,1,base1_vs_base2_control,0.9797733618656113,1,standard_fc_plus_confounds
sub-25,1,Base1,0,base1_vs_base2_control,0.031182361578380738,0,standard_fc_plus_confounds
sub-25,4,Base2,1,base1_vs_base2_control,0.9993785870526594,1,standard_fc_plus_confounds
sub-26,1,Base1,0,base1_vs_base2_control,0.05790100229780102,0,standard_fc_plus_confounds
sub-26,4,Base2,1,base1_vs_base2_control,0.9910804005307653,1,standard_fc_plus_confounds
sub-27,1,Base1,0,base1_vs_base2_control,0.022482255357238544,0,standard_fc_plus_confounds
sub-27,4,Base2,1,base1_vs_base2_control,0.9640293170268656,1,standard_fc_plus_confounds
sub-28,1,Base1,0,base1_vs_base2_control,0.03877117905297257,0,standard_fc_plus_confounds
sub-28,4,Base2,1,base1_vs_base2_control,0.9969677313885178,1,standard_fc_plus_confounds
sub-30,1,Base1,0,base1_vs_base2_control,0.03925927247967176,0,standard_fc_plus_confounds
sub-30,4,Base2,1,base1_vs_base2_control,0.9915525744001458,1,standard_fc_plus_confounds
sub-02,1,Base1,0,base1_vs_base2_control,0.044177679397443353,0,gcc_core_plus_confounds
sub-02,4,Base2,1,base1_vs_base2_control,0.8817259745196383,1,gcc_core_plus_confounds
sub-03,1,Base1,0,base1_vs_base2_control,0.06513445056378663,0,gcc_core_plus_confounds
sub-03,4,Base2,1,base1_vs_base2_control,0.5212276565576963,1,gcc_core_plus_confounds
sub-04,1,Base1,0,base1_vs_base2_control,0.028588336065705915,0,gcc_core_plus_confounds
sub-04,4,Base2,1,base1_vs_base2_control,0.7862119845103154,1,gcc_core_plus_confounds
sub-05,1,Base1,0,base1_vs_base2_control,0.03737288485424076,0,gcc_core_plus_confounds
sub-05,4,Base2,1,base1_vs_base2_control,0.8949170296981785,1,gcc_core_plus_confounds
sub-06,1,Base1,0,base1_vs_base2_control,0.06348387779258412,0,gcc_core_plus_confounds
sub-06,4,Base2,1,base1_vs_base2_control,0.9590476109119986,1,gcc_core_plus_confounds
sub-07,1,Base1,0,base1_vs_base2_control,0.043914878323072656,0,gcc_core_plus_confounds
sub-07,4,Base2,1,base1_vs_base2_control,0.8939468035300887,1,gcc_core_plus_confounds
sub-11,1,Base1,0,base1_vs_base2_control,0.05945430767320065,0,gcc_core_plus_confounds
sub-11,4,Base2,1,base1_vs_base2_control,0.37845662929836593,0,gcc_core_plus_confounds
sub-12,1,Base1,0,base1_vs_base2_control,0.04029293007588037,0,gcc_core_plus_confounds
sub-12,4,Base2,1,base1_vs_base2_control,0.992331440649505,1,gcc_core_plus_confounds
sub-13,1,Base1,0,base1_vs_base2_control,0.04373975142615413,0,gcc_core_plus_confounds
sub-13,4,Base2,1,base1_vs_base2_control,0.9961927535917766,1,gcc_core_plus_confounds
sub-14,1,Base1,0,base1_vs_base2_control,0.038288864332481756,0,gcc_core_plus_confounds
sub-14,4,Base2,1,base1_vs_base2_control,0.8685492857504656,1,gcc_core_plus_confounds
sub-15,1,Base1,0,base1_vs_base2_control,0.0344075446737061,0,gcc_core_plus_confounds
sub-15,4,Base2,1,base1_vs_base2_control,0.7436067669481748,1,gcc_core_plus_confounds
sub-16,1,Base1,0,base1_vs_base2_control,0.04014169187199594,0,gcc_core_plus_confounds
sub-16,4,Base2,1,base1_vs_base2_control,0.9999097755723755,1,gcc_core_plus_confounds
sub-17,1,Base1,0,base1_vs_base2_control,0.03617027978971232,0,gcc_core_plus_confounds
sub-17,4,Base2,1,base1_vs_base2_control,0.9807352742387083,1,gcc_core_plus_confounds
sub-18,1,Base1,0,base1_vs_base2_control,0.03737161841840537,0,gcc_core_plus_confounds
sub-18,4,Base2,1,base1_vs_base2_control,0.9998174648356615,1,gcc_core_plus_confounds
sub-19,1,Base1,0,base1_vs_base2_control,0.059658666023052066,0,gcc_core_plus_confounds
sub-19,4,Base2,1,base1_vs_base2_control,0.9933109466491414,1,gcc_core_plus_confounds
sub-20,1,Base1,0,base1_vs_base2_control,0.03765727425701665,0,gcc_core_plus_confounds
sub-20,4,Base2,1,base1_vs_base2_control,0.9999660295133871,1,gcc_core_plus_confounds
sub-21,1,Base1,0,base1_vs_base2_control,0.04728807795689007,0,gcc_core_plus_confounds
sub-21,4,Base2,1,base1_vs_base2_control,0.9985929109303335,1,gcc_core_plus_confounds
sub-22,1,Base1,0,base1_vs_base2_control,0.03400898124061748,0,gcc_core_plus_confounds
sub-22,4,Base2,1,base1_vs_base2_control,0.9998751629557517,1,gcc_core_plus_confounds
sub-23,1,Base1,0,base1_vs_base2_control,0.04556742603870922,0,gcc_core_plus_confounds
sub-23,4,Base2,1,base1_vs_base2_control,0.9994110095359247,1,gcc_core_plus_confounds
sub-24,1,Base1,0,base1_vs_base2_control,0.06011792849424251,0,gcc_core_plus_confounds
sub-24,4,Base2,1,base1_vs_base2_control,0.979562574819553,1,gcc_core_plus_confounds
sub-25,1,Base1,0,base1_vs_base2_control,0.03538945304406376,0,gcc_core_plus_confounds
sub-25,4,Base2,1,base1_vs_base2_control,0.9994011923537192,1,gcc_core_plus_confounds
sub-26,1,Base1,0,base1_vs_base2_control,0.058241413654236025,0,gcc_core_plus_confounds
sub-26,4,Base2,1,base1_vs_base2_control,0.9897418040465678,1,gcc_core_plus_confounds
sub-27,1,Base1,0,base1_vs_base2_control,0.02334740685303613,0,gcc_core_plus_confounds
sub-27,4,Base2,1,base1_vs_base2_control,0.9661983094757636,1,gcc_core_plus_confounds
sub-28,1,Base1,0,base1_vs_base2_control,0.038456177942875466,0,gcc_core_plus_confounds
sub-28,4,Base2,1,base1_vs_base2_control,0.9966812880417821,1,gcc_core_plus_confounds
sub-30,1,Base1,0,base1_vs_base2_control,0.038918631896734446,0,gcc_core_plus_confounds
sub-30,4,Base2,1,base1_vs_base2_control,0.9917469840684956,1,gcc_core_plus_confounds
sub-02,1,Base1,0,base1_vs_base2_control,0.03763546205856578,0,gcc_regime_plus_confounds
sub-02,4,Base2,1,base1_vs_base2_control,0.6997215148014838,1,gcc_regime_plus_confounds
sub-03,1,Base1,0,base1_vs_base2_control,0.053682674900113796,0,gcc_regime_plus_confounds
sub-03,4,Base2,1,base1_vs_base2_control,0.8341751596217734,1,gcc_regime_plus_confounds
sub-04,1,Base1,0,base1_vs_base2_control,0.03342769936363366,0,gcc_regime_plus_confounds
sub-04,4,Base2,1,base1_vs_base2_control,0.9567664033193347,1,gcc_regime_plus_confounds
sub-05,1,Base1,0,base1_vs_base2_control,0.034335388104921344,0,gcc_regime_plus_confounds
sub-05,4,Base2,1,base1_vs_base2_control,0.9475591862014642,1,gcc_regime_plus_confounds
sub-06,1,Base1,0,base1_vs_base2_control,0.06451988287259679,0,gcc_regime_plus_confounds
sub-06,4,Base2,1,base1_vs_base2_control,0.9542935518052249,1,gcc_regime_plus_confounds
sub-07,1,Base1,0,base1_vs_base2_control,0.039280733361937735,0,gcc_regime_plus_confounds
sub-07,4,Base2,1,base1_vs_base2_control,0.9380285288606875,1,gcc_regime_plus_confounds
sub-11,1,Base1,0,base1_vs_base2_control,0.05133480879380509,0,gcc_regime_plus_confounds
sub-11,4,Base2,1,base1_vs_base2_control,0.3255637802744541,0,gcc_regime_plus_confounds
sub-12,1,Base1,0,base1_vs_base2_control,0.033562282071197644,0,gcc_regime_plus_confounds
sub-12,4,Base2,1,base1_vs_base2_control,0.9837680153204995,1,gcc_regime_plus_confounds
sub-13,1,Base1,0,base1_vs_base2_control,0.03846261778911707,0,gcc_regime_plus_confounds
sub-13,4,Base2,1,base1_vs_base2_control,0.9993327880634585,1,gcc_regime_plus_confounds
sub-14,1,Base1,0,base1_vs_base2_control,0.03239720529976429,0,gcc_regime_plus_confounds
sub-14,4,Base2,1,base1_vs_base2_control,0.7515227092718316,1,gcc_regime_plus_confounds
sub-15,1,Base1,0,base1_vs_base2_control,0.02645364050768295,0,gcc_regime_plus_confounds
sub-15,4,Base2,1,base1_vs_base2_control,0.7500450669318585,1,gcc_regime_plus_confounds
sub-16,1,Base1,0,base1_vs_base2_control,0.03180619499364883,0,gcc_regime_plus_confounds
sub-16,4,Base2,1,base1_vs_base2_control,0.9998312619436056,1,gcc_regime_plus_confounds
sub-17,1,Base1,0,base1_vs_base2_control,0.029068570979209032,0,gcc_regime_plus_confounds
sub-17,4,Base2,1,base1_vs_base2_control,0.9638821333820448,1,gcc_regime_plus_confounds
sub-18,1,Base1,0,base1_vs_base2_control,0.03841654346306755,0,gcc_regime_plus_confounds
sub-18,4,Base2,1,base1_vs_base2_control,0.9996032650264487,1,gcc_regime_plus_confounds
sub-19,1,Base1,0,base1_vs_base2_control,0.03823423659328625,0,gcc_regime_plus_confounds
sub-19,4,Base2,1,base1_vs_base2_control,0.99762857229497,1,gcc_regime_plus_confounds
sub-20,1,Base1,0,base1_vs_base2_control,0.03291823626455617,0,gcc_regime_plus_confounds
sub-20,4,Base2,1,base1_vs_base2_control,0.9999602064448511,1,gcc_regime_plus_confounds
sub-21,1,Base1,0,base1_vs_base2_control,0.04336689000883632,0,gcc_regime_plus_confounds
sub-21,4,Base2,1,base1_vs_base2_control,0.9995249684334853,1,gcc_regime_plus_confounds
sub-22,1,Base1,0,base1_vs_base2_control,0.02995199600268597,0,gcc_regime_plus_confounds
sub-22,4,Base2,1,base1_vs_base2_control,0.999761384341102,1,gcc_regime_plus_confounds
sub-23,1,Base1,0,base1_vs_base2_control,0.04378127195975339,0,gcc_regime_plus_confounds
sub-23,4,Base2,1,base1_vs_base2_control,0.9991713419882678,1,gcc_regime_plus_confounds
sub-24,1,Base1,0,base1_vs_base2_control,0.048320348531641515,0,gcc_regime_plus_confounds
sub-24,4,Base2,1,base1_vs_base2_control,0.9756040335349127,1,gcc_regime_plus_confounds
sub-25,1,Base1,0,base1_vs_base2_control,0.026614354894195016,0,gcc_regime_plus_confounds
sub-25,4,Base2,1,base1_vs_base2_control,0.9993369269761255,1,gcc_regime_plus_confounds
sub-26,1,Base1,0,base1_vs_base2_control,0.049720772890919314,0,gcc_regime_plus_confounds
sub-26,4,Base2,1,base1_vs_base2_control,0.9904975806798345,1,gcc_regime_plus_confounds
sub-27,1,Base1,0,base1_vs_base2_control,0.02722116341458335,0,gcc_regime_plus_confounds
sub-27,4,Base2,1,base1_vs_base2_control,0.9886195464523129,1,gcc_regime_plus_confounds
sub-28,1,Base1,0,base1_vs_base2_control,0.03089071776608971,0,gcc_regime_plus_confounds
sub-28,4,Base2,1,base1_vs_base2_control,0.9928041658027009,1,gcc_regime_plus_confounds
sub-30,1,Base1,0,base1_vs_base2_control,0.031465023512190056,0,gcc_regime_plus_confounds
sub-30,4,Base2,1,base1_vs_base2_control,0.9891351934357739,1,gcc_regime_plus_confounds
sub-02,1,Base1,0,base1_vs_base2_control,0.03724059643349755,0,full_standard_plus_gcc
sub-02,4,Base2,1,base1_vs_base2_control,0.6986686689009075,1,full_standard_plus_gcc
sub-03,1,Base1,0,base1_vs_base2_control,0.05714121236239994,0,full_standard_plus_gcc
sub-03,4,Base2,1,base1_vs_base2_control,0.8266441098696127,1,full_standard_plus_gcc
sub-04,1,Base1,0,base1_vs_base2_control,0.0338705257478601,0,full_standard_plus_gcc
sub-04,4,Base2,1,base1_vs_base2_control,0.9577498919057612,1,full_standard_plus_gcc
sub-05,1,Base1,0,base1_vs_base2_control,0.03434717298505443,0,full_standard_plus_gcc
sub-05,4,Base2,1,base1_vs_base2_control,0.9472722476432927,1,full_standard_plus_gcc
sub-06,1,Base1,0,base1_vs_base2_control,0.06507041762945602,0,full_standard_plus_gcc
sub-06,4,Base2,1,base1_vs_base2_control,0.9544053169792339,1,full_standard_plus_gcc
sub-07,1,Base1,0,base1_vs_base2_control,0.03971649766328758,0,full_standard_plus_gcc
sub-07,4,Base2,1,base1_vs_base2_control,0.9390915132580049,1,full_standard_plus_gcc
sub-11,1,Base1,0,base1_vs_base2_control,0.05380163334638578,0,full_standard_plus_gcc
sub-11,4,Base2,1,base1_vs_base2_control,0.3162877098811172,0,full_standard_plus_gcc
sub-12,1,Base1,0,base1_vs_base2_control,0.03365885348630907,0,full_standard_plus_gcc
sub-12,4,Base2,1,base1_vs_base2_control,0.9838774571453012,1,full_standard_plus_gcc
sub-13,1,Base1,0,base1_vs_base2_control,0.03969462379737399,0,full_standard_plus_gcc
sub-13,4,Base2,1,base1_vs_base2_control,0.9993176589817768,1,full_standard_plus_gcc
sub-14,1,Base1,0,base1_vs_base2_control,0.03086765169476934,0,full_standard_plus_gcc
sub-14,4,Base2,1,base1_vs_base2_control,0.7452193549655171,1,full_standard_plus_gcc
sub-15,1,Base1,0,base1_vs_base2_control,0.02539362372475458,0,full_standard_plus_gcc
sub-15,4,Base2,1,base1_vs_base2_control,0.7369196244708004,1,full_standard_plus_gcc
sub-16,1,Base1,0,base1_vs_base2_control,0.03241275075745895,0,full_standard_plus_gcc
sub-16,4,Base2,1,base1_vs_base2_control,0.9998364242253361,1,full_standard_plus_gcc
sub-17,1,Base1,0,base1_vs_base2_control,0.029553214765673668,0,full_standard_plus_gcc
sub-17,4,Base2,1,base1_vs_base2_control,0.9633775199246576,1,full_standard_plus_gcc
sub-18,1,Base1,0,base1_vs_base2_control,0.03867390026957999,0,full_standard_plus_gcc
sub-18,4,Base2,1,base1_vs_base2_control,0.9996074689212502,1,full_standard_plus_gcc
sub-19,1,Base1,0,base1_vs_base2_control,0.03751440873689927,0,full_standard_plus_gcc
sub-19,4,Base2,1,base1_vs_base2_control,0.9976892343042018,1,full_standard_plus_gcc
sub-20,1,Base1,0,base1_vs_base2_control,0.03246555012508967,0,full_standard_plus_gcc
sub-20,4,Base2,1,base1_vs_base2_control,0.9999604027641097,1,full_standard_plus_gcc
sub-21,1,Base1,0,base1_vs_base2_control,0.04297211689070263,0,full_standard_plus_gcc
sub-21,4,Base2,1,base1_vs_base2_control,0.9995398518052269,1,full_standard_plus_gcc
sub-22,1,Base1,0,base1_vs_base2_control,0.0300590357720554,0,full_standard_plus_gcc
sub-22,4,Base2,1,base1_vs_base2_control,0.9997559578663991,1,full_standard_plus_gcc
sub-23,1,Base1,0,base1_vs_base2_control,0.0457276334515313,0,full_standard_plus_gcc
sub-23,4,Base2,1,base1_vs_base2_control,0.999203285620399,1,full_standard_plus_gcc
sub-24,1,Base1,0,base1_vs_base2_control,0.04850614334653246,0,full_standard_plus_gcc
sub-24,4,Base2,1,base1_vs_base2_control,0.9758112429999839,1,full_standard_plus_gcc
sub-25,1,Base1,0,base1_vs_base2_control,0.026246367658151273,0,full_standard_plus_gcc
sub-25,4,Base2,1,base1_vs_base2_control,0.9993413956403224,1,full_standard_plus_gcc
sub-26,1,Base1,0,base1_vs_base2_control,0.04961821097461934,0,full_standard_plus_gcc
sub-26,4,Base2,1,base1_vs_base2_control,0.9904888288937663,1,full_standard_plus_gcc
sub-27,1,Base1,0,base1_vs_base2_control,0.027696057525700455,0,full_standard_plus_gcc
sub-27,4,Base2,1,base1_vs_base2_control,0.9878016707465886,1,full_standard_plus_gcc
sub-28,1,Base1,0,base1_vs_base2_control,0.03141151365515124,0,full_standard_plus_gcc
sub-28,4,Base2,1,base1_vs_base2_control,0.9927815894033329,1,full_standard_plus_gcc
sub-30,1,Base1,0,base1_vs_base2_control,0.031617738317843785,0,full_standard_plus_gcc
sub-30,4,Base2,1,base1_vs_base2_control,0.9893589956438281,1,full_standard_plus_gcc
