task_name,model,permutation,n_rows,n_subjects,positive_rate,roc_auc,average_precision,balanced_accuracy,accuracy,brier,log_loss
responsive_vs_lor_all_phases,confounds_motion_propofol,1,147,26,0.3469387755102041,0.39869281045751637,0.2962904782891298,0.44270833333333337,0.47619047619047616,0.25734070736688586,0.7080789628281289
responsive_vs_lor_all_phases,confounds_motion_propofol,2,147,26,0.3469387755102041,0.403390522875817,0.287765989427152,0.45925245098039214,0.4557823129251701,0.2606087954092725,0.7151095265678327
responsive_vs_lor_all_phases,confounds_motion_propofol,3,147,26,0.3469387755102041,0.451593137254902,0.30561390896595764,0.49724264705882354,0.46938775510204084,0.2587515709577783,0.7111770891118534
responsive_vs_lor_all_phases,confounds_motion_propofol,4,147,26,0.3469387755102041,0.494485294117647,0.35679690073771975,0.4310661764705882,0.4489795918367347,0.2559302966622329,0.706106620376439
responsive_vs_lor_all_phases,confounds_motion_propofol,5,147,26,0.3469387755102041,0.4185049019607843,0.31241974891969265,0.508578431372549,0.54421768707483,0.2600452723135241,0.7142394282965565
responsive_vs_lor_all_phases,confounds_motion_propofol,6,147,26,0.3469387755102041,0.6427696078431373,0.45403489789321183,0.6044730392156863,0.6394557823129252,0.24092605594570213,0.6878697717111263
responsive_vs_lor_all_phases,confounds_motion_propofol,7,147,26,0.3469387755102041,0.4452614379084967,0.3237387706540742,0.44669117647058826,0.46938775510204084,0.2594021292985523,0.7127462683667358
responsive_vs_lor_all_phases,confounds_motion_propofol,8,147,26,0.3469387755102041,0.585171568627451,0.45486813779169594,0.6170343137254902,0.6258503401360545,0.2445978351434092,0.6843839937724756
responsive_vs_lor_all_phases,confounds_motion_propofol,9,147,26,0.3469387755102041,0.47998366013071897,0.38657797573784025,0.53125,0.5918367346938775,0.2515310898075422,0.702045498821369
responsive_vs_lor_all_phases,confounds_motion_propofol,10,147,26,0.3469387755102041,0.6323529411764706,0.47089219151582146,0.5830269607843137,0.6054421768707483,0.23734727570937117,0.6698772767692384
responsive_vs_lor_all_phases,confounds_motion_propofol,11,147,26,0.3469387755102041,0.3917483660130719,0.29926163756832536,0.47334558823529416,0.5102040816326531,0.2593924645815817,0.7124166115332544
responsive_vs_lor_all_phases,confounds_motion_propofol,12,147,26,0.3469387755102041,0.5281862745098039,0.3817553363600191,0.5119485294117647,0.5306122448979592,0.25384020789831985,0.7032118402189665
responsive_vs_lor_all_phases,confounds_motion_propofol,13,147,26,0.3469387755102041,0.5216503267973857,0.3413509966175508,0.5520833333333333,0.5170068027210885,0.2546692923516659,0.7041500366936597
responsive_vs_lor_all_phases,confounds_motion_propofol,14,147,26,0.3469387755102041,0.5669934640522876,0.3874732410932812,0.5487132352941176,0.5306122448979592,0.2492223056451598,0.6929130445587884
responsive_vs_lor_all_phases,confounds_motion_propofol,15,147,26,0.3469387755102041,0.5774101307189543,0.3977644993290108,0.5245098039215687,0.5170068027210885,0.24340377249188186,0.6796647625096882
responsive_vs_lor_all_phases,confounds_motion_propofol,16,147,26,0.3469387755102041,0.5204248366013072,0.36575273044093903,0.5036764705882353,0.4897959183673469,0.25388636253534747,0.7026674451769368
responsive_vs_lor_all_phases,confounds_motion_propofol,17,147,26,0.3469387755102041,0.4354575163398693,0.3228742594682479,0.42769607843137253,0.46258503401360546,0.2606983176530058,0.7160849168981052
responsive_vs_lor_all_phases,confounds_motion_propofol,18,147,26,0.3469387755102041,0.5179738562091504,0.402681124836171,0.5664828431372548,0.6258503401360545,0.24985305210378006,0.6942046947049654
responsive_vs_lor_all_phases,confounds_motion_propofol,19,147,26,0.3469387755102041,0.46629901960784315,0.33687885088912706,0.5235906862745098,0.5578231292517006,0.256492047654806,0.7067556925531125
responsive_vs_lor_all_phases,confounds_motion_propofol,20,147,26,0.3469387755102041,0.5371732026143792,0.38899317679886025,0.5300245098039216,0.5782312925170068,0.252879260499128,0.7062528202942109
responsive_vs_lor_all_phases,confounds_motion_propofol,21,147,26,0.3469387755102041,0.48120915032679745,0.3376048750656315,0.5125612745098039,0.5374149659863946,0.25469972370653443,0.7033377095904548
responsive_vs_lor_all_phases,confounds_motion_propofol,22,147,26,0.3469387755102041,0.3991013071895425,0.28277884658240643,0.46262254901960786,0.4421768707482993,0.2612351408059494,0.7169916781958359
responsive_vs_lor_all_phases,confounds_motion_propofol,23,147,26,0.3469387755102041,0.46834150326797386,0.36835268086491363,0.47120098039215685,0.5374149659863946,0.25474630538051557,0.7064981920493846
responsive_vs_lor_all_phases,confounds_motion_propofol,24,147,26,0.3469387755102041,0.5469771241830066,0.39144204912726815,0.5689338235294117,0.5510204081632653,0.2541147137098071,0.703663228575501
responsive_vs_lor_all_phases,confounds_motion_propofol,25,147,26,0.3469387755102041,0.44709967320261434,0.30863561718047994,0.48621323529411764,0.4489795918367347,0.2612632328628891,0.7167877636576446
responsive_vs_lor_all_phases,confounds_motion_propofol,26,147,26,0.3469387755102041,0.4832516339869281,0.3448881309584131,0.5033700980392157,0.5374149659863946,0.2565597379986408,0.7071186507399339
responsive_vs_lor_all_phases,confounds_motion_propofol,27,147,26,0.3469387755102041,0.4438316993464052,0.32754968456879924,0.4923406862745098,0.5170068027210885,0.26397266134923886,0.7231321983936195
responsive_vs_lor_all_phases,confounds_motion_propofol,28,147,26,0.3469387755102041,0.46915849673202614,0.35693085906830735,0.492953431372549,0.5238095238095238,0.2606080483935942,0.7167269725378429
responsive_vs_lor_all_phases,confounds_motion_propofol,29,147,26,0.3469387755102041,0.4850898692810458,0.3215681909379679,0.5441176470588236,0.5306122448979592,0.2616293442174968,0.7190985192828511
responsive_vs_lor_all_phases,confounds_motion_propofol,30,147,26,0.3469387755102041,0.565359477124183,0.38095355547046367,0.5793504901960784,0.564625850340136,0.2503685009072118,0.6953816766463551
responsive_vs_lor_all_phases,confounds_motion_propofol,31,147,26,0.3469387755102041,0.40093954248366015,0.2995939726901782,0.4485294117647059,0.4897959183673469,0.2603911344460231,0.7150084084093378
responsive_vs_lor_all_phases,confounds_motion_propofol,32,147,26,0.3469387755102041,0.5328839869281046,0.3598399668727355,0.5269607843137255,0.54421768707483,0.2526089188495984,0.6992080508051368
responsive_vs_lor_all_phases,confounds_motion_propofol,33,147,26,0.3469387755102041,0.4446486928104575,0.32282074840756964,0.47824754901960786,0.46258503401360546,0.2622306037835358,0.7201608441916745
responsive_vs_lor_all_phases,confounds_motion_propofol,34,147,26,0.3469387755102041,0.5582107843137255,0.38889498588871485,0.5435049019607843,0.5238095238095238,0.25228323051690843,0.6996761714911482
responsive_vs_lor_all_phases,confounds_motion_propofol,35,147,26,0.3469387755102041,0.5042892156862745,0.349387516732412,0.5116421568627451,0.47619047619047616,0.25889240897191,0.7144555198440833
responsive_vs_lor_all_phases,confounds_motion_propofol,36,147,26,0.3469387755102041,0.542687908496732,0.3487525105715099,0.5603553921568627,0.5578231292517006,0.2528433937599163,0.6986701243510745
responsive_vs_lor_all_phases,confounds_motion_propofol,37,147,26,0.3469387755102041,0.41482843137254904,0.2953983893110069,0.43719362745098034,0.41496598639455784,0.2622288921432289,0.7182038503698709
responsive_vs_lor_all_phases,confounds_motion_propofol,38,147,26,0.3469387755102041,0.4699754901960784,0.36951072289982595,0.508578431372549,0.54421768707483,0.2578394764634501,0.7121670337430939
responsive_vs_lor_all_phases,confounds_motion_propofol,39,147,26,0.3469387755102041,0.4268790849673203,0.305908674858268,0.4785539215686274,0.5170068027210885,0.2609122224138622,0.7160629947642824
responsive_vs_lor_all_phases,confounds_motion_propofol,40,147,26,0.3469387755102041,0.42892156862745096,0.2970238673917273,0.4681372549019608,0.5034013605442177,0.26020169061158654,0.7143325784759501
responsive_vs_lor_all_phases,confounds_motion_propofol,41,147,26,0.3469387755102041,0.24448529411764705,0.2369517607204898,0.319546568627451,0.3333333333333333,0.2647560415683968,0.7229982998713776
responsive_vs_lor_all_phases,confounds_motion_propofol,42,147,26,0.3469387755102041,0.4705882352941177,0.35301254759937795,0.5343137254901961,0.5238095238095238,0.2596322670600342,0.7131352896922644
responsive_vs_lor_all_phases,confounds_motion_propofol,43,147,26,0.3469387755102041,0.3880718954248366,0.28055620626254396,0.37775735294117646,0.3673469387755102,0.2591415059428069,0.7120274194909149
responsive_vs_lor_all_phases,confounds_motion_propofol,44,147,26,0.3469387755102041,0.5169526143790849,0.34793450598550346,0.5012254901960784,0.46258503401360546,0.2533618361300616,0.7001545901652655
responsive_vs_lor_all_phases,confounds_motion_propofol,45,147,26,0.3469387755102041,0.47937091503267976,0.35159172299175123,0.48651960784313725,0.5034013605442177,0.25644587433312216,0.7101767491666396
responsive_vs_lor_all_phases,confounds_motion_propofol,46,147,26,0.3469387755102041,0.45629084967320266,0.3480869054716062,0.5196078431372548,0.564625850340136,0.25838266758591194,0.7122295380920094
responsive_vs_lor_all_phases,confounds_motion_propofol,47,147,26,0.3469387755102041,0.4622140522875817,0.3299660233289219,0.5039828431372548,0.54421768707483,0.2597438347340773,0.7147346297653144
responsive_vs_lor_all_phases,confounds_motion_propofol,48,147,26,0.3469387755102041,0.2961601307189543,0.25199005170757677,0.37683823529411764,0.40816326530612246,0.2654571392227673,0.7248892148243324
responsive_vs_lor_all_phases,confounds_motion_propofol,49,147,26,0.3469387755102041,0.5120506535947712,0.3941039347380949,0.5199142156862745,0.5170068027210885,0.25291926317885804,0.6992424641413499
responsive_vs_lor_all_phases,confounds_motion_propofol,50,147,26,0.3469387755102041,0.5351307189542485,0.41140273084228407,0.5309436274509804,0.5374149659863946,0.24721514019674817,0.6844035928990914
responsive_vs_lor_all_phases,confounds_motion_propofol,51,147,26,0.3469387755102041,0.4475081699346405,0.3058615048523263,0.5006127450980392,0.4557823129251701,0.2582709577833416,0.7106859276313587
responsive_vs_lor_all_phases,confounds_motion_propofol,52,147,26,0.3469387755102041,0.5755718954248367,0.4014812831298589,0.6124387254901961,0.6258503401360545,0.2467703894841767,0.6868372934048973
responsive_vs_lor_all_phases,confounds_motion_propofol,53,147,26,0.3469387755102041,0.4168709150326797,0.2934908917267355,0.44699754901960786,0.4217687074829932,0.26253359219158234,0.7185732194258787
responsive_vs_lor_all_phases,confounds_motion_propofol,54,147,26,0.3469387755102041,0.5437091503267973,0.3980643698973225,0.4963235294117647,0.5102040816326531,0.24786302025213042,0.6882383914410124
responsive_vs_lor_all_phases,confounds_motion_propofol,55,147,26,0.3469387755102041,0.6292892156862745,0.44450962853559617,0.6587009803921569,0.6802721088435374,0.24209690018852642,0.6848899026560548
responsive_vs_lor_all_phases,confounds_motion_propofol,56,147,26,0.3469387755102041,0.5706699346405228,0.3936484608502183,0.5376838235294118,0.5102040816326531,0.2507459867665957,0.6951338832017993
responsive_vs_lor_all_phases,confounds_motion_propofol,57,147,26,0.3469387755102041,0.43790849673202614,0.3215593568745775,0.4742647058823529,0.46938775510204084,0.2596251809849868,0.7133668922056685
responsive_vs_lor_all_phases,confounds_motion_propofol,58,147,26,0.3469387755102041,0.3564133986928105,0.28342058321303176,0.39368872549019607,0.4421768707482993,0.2627786874929115,0.7196653717546538
responsive_vs_lor_all_phases,confounds_motion_propofol,59,147,26,0.3469387755102041,0.5238970588235294,0.36791255909558507,0.5134803921568627,0.4965986394557823,0.2539602767507469,0.7021379867776626
responsive_vs_lor_all_phases,confounds_motion_propofol,60,147,26,0.3469387755102041,0.4618055555555556,0.3078028211638275,0.5116421568627451,0.47619047619047616,0.25894957869570195,0.7132236597124181
responsive_vs_lor_all_phases,confounds_motion_propofol,61,147,26,0.3469387755102041,0.358047385620915,0.28810654554384796,0.4068627450980392,0.43537414965986393,0.2625982363506623,0.7188717683950319
responsive_vs_lor_all_phases,confounds_motion_propofol,62,147,26,0.3469387755102041,0.4162581699346405,0.3003482497497845,0.4898897058823529,0.4897959183673469,0.267019792518837,0.7328601799841864
responsive_vs_lor_all_phases,confounds_motion_propofol,63,147,26,0.3469387755102041,0.5406454248366013,0.3658204189277934,0.5131740196078431,0.54421768707483,0.2535548628326819,0.7024178917689672
responsive_vs_lor_all_phases,confounds_motion_propofol,64,147,26,0.3469387755102041,0.5034722222222222,0.35389029083096185,0.48774509803921573,0.5170068027210885,0.2554467785228638,0.705236950624447
responsive_vs_lor_all_phases,confounds_motion_propofol,65,147,26,0.3469387755102041,0.46772875816993464,0.31221231687415996,0.5220588235294118,0.4897959183673469,0.25970358778369995,0.7160272290886635
responsive_vs_lor_all_phases,confounds_motion_propofol,66,147,26,0.3469387755102041,0.3511029411764706,0.2729858149629032,0.430453431372549,0.4421768707482993,0.2600356053896114,0.7134571303278842
responsive_vs_lor_all_phases,confounds_motion_propofol,67,147,26,0.3469387755102041,0.5578022875816995,0.4218314522843692,0.5536151960784313,0.5850340136054422,0.24825460556450496,0.6926123577163592
responsive_vs_lor_all_phases,confounds_motion_propofol,68,147,26,0.3469387755102041,0.5298202614379085,0.35514430809194664,0.5428921568627451,0.5170068027210885,0.2530308449558874,0.6995095771173399
responsive_vs_lor_all_phases,confounds_motion_propofol,69,147,26,0.3469387755102041,0.5065359477124183,0.3423036006283857,0.5091911764705883,0.5510204081632653,0.25544905427950065,0.7051666788072007
responsive_vs_lor_all_phases,confounds_motion_propofol,70,147,26,0.3469387755102041,0.48897058823529405,0.3637879595364631,0.514093137254902,0.5034013605442177,0.25740705529591096,0.7085067187129249
responsive_vs_lor_all_phases,confounds_motion_propofol,71,147,26,0.3469387755102041,0.48897058823529405,0.39051718374868916,0.5266544117647058,0.5918367346938775,0.2519718645693986,0.7033998014791198
responsive_vs_lor_all_phases,confounds_motion_propofol,72,147,26,0.3469387755102041,0.45629084967320266,0.33872262967676076,0.48774509803921573,0.5170068027210885,0.2599287931423316,0.7172470483009484
responsive_vs_lor_all_phases,confounds_motion_propofol,73,147,26,0.3469387755102041,0.4248366013071896,0.3173885180262874,0.4963235294117647,0.5102040816326531,0.2591835708363907,0.7121739114958102
responsive_vs_lor_all_phases,confounds_motion_propofol,74,147,26,0.3469387755102041,0.505718954248366,0.37384039830193305,0.5477941176470589,0.5714285714285714,0.25417926513258016,0.7027726040476192
responsive_vs_lor_all_phases,confounds_motion_propofol,75,147,26,0.3469387755102041,0.43933823529411764,0.2997754218987646,0.4568014705882353,0.42857142857142855,0.2568780656764584,0.707084596722543
responsive_vs_lor_all_phases,confounds_motion_propofol,76,147,26,0.3469387755102041,0.42156862745098045,0.2971602102096985,0.44577205882352944,0.40816326530612246,0.25950233993695165,0.7124488874559785
responsive_vs_lor_all_phases,confounds_motion_propofol,77,147,26,0.3469387755102041,0.36417483660130723,0.2962848596079911,0.45618872549019607,0.5238095238095238,0.26477976161945127,0.7253351757950179
responsive_vs_lor_all_phases,confounds_motion_propofol,78,147,26,0.3469387755102041,0.4140114379084967,0.3377836054183788,0.4485294117647059,0.4897959183673469,0.2594896225511256,0.7132135839287435
responsive_vs_lor_all_phases,confounds_motion_propofol,79,147,26,0.3469387755102041,0.4675245098039216,0.3510141024094744,0.5052083333333334,0.5578231292517006,0.2564906237615825,0.7085138012456982
responsive_vs_lor_all_phases,confounds_motion_propofol,80,147,26,0.3469387755102041,0.45996732026143794,0.3277051413163048,0.5113357843137255,0.5238095238095238,0.25763949730689467,0.7090817437154422
responsive_vs_lor_all_phases,confounds_motion_propofol,81,147,26,0.3469387755102041,0.48917483660130723,0.3509651292792285,0.5052083333333334,0.5578231292517006,0.25783752841051166,0.71209131632974
responsive_vs_lor_all_phases,confounds_motion_propofol,82,147,26,0.3469387755102041,0.5473856209150327,0.43055336407545863,0.5340073529411764,0.5714285714285714,0.24757752020754842,0.6894851168162035
responsive_vs_lor_all_phases,confounds_motion_propofol,83,147,26,0.3469387755102041,0.6047794117647058,0.43390074351094976,0.5481004901960784,0.5238095238095238,0.23883990032904995,0.672882846331923
responsive_vs_lor_all_phases,confounds_motion_propofol,84,147,26,0.3469387755102041,0.36437908496732024,0.27075233125720455,0.47763480392156865,0.4557823129251701,0.26532051764251197,0.7248532450997458
responsive_vs_lor_all_phases,confounds_motion_propofol,85,147,26,0.3469387755102041,0.5657679738562091,0.40456938803812614,0.5358455882352942,0.4897959183673469,0.24741954652917045,0.6855023485403587
responsive_vs_lor_all_phases,confounds_motion_propofol,86,147,26,0.3469387755102041,0.38500816993464054,0.2827262043421156,0.42861519607843135,0.4217687074829932,0.26334345496379963,0.7204036948624872
responsive_vs_lor_all_phases,confounds_motion_propofol,87,147,26,0.3469387755102041,0.5161356209150327,0.3461358466226947,0.4764093137254902,0.4421768707482993,0.24996782165227815,0.6892148650974783
responsive_vs_lor_all_phases,confounds_motion_propofol,88,147,26,0.3469387755102041,0.5012254901960784,0.342618270594783,0.5309436274509804,0.5374149659863946,0.2598283357666386,0.7152591029672452
responsive_vs_lor_all_phases,confounds_motion_propofol,89,147,26,0.3469387755102041,0.5412581699346406,0.3681562300691269,0.5784313725490196,0.6054421768707483,0.25210241732452326,0.6983908015524805
responsive_vs_lor_all_phases,confounds_motion_propofol,90,147,26,0.3469387755102041,0.5504493464052288,0.3594788091542208,0.5159313725490196,0.5238095238095238,0.2535167051378183,0.7019733734142466
responsive_vs_lor_all_phases,confounds_motion_propofol,91,147,26,0.3469387755102041,0.4709967320261438,0.3412985076331011,0.5315563725490196,0.54421768707483,0.25757417781722713,0.7089170916721049
responsive_vs_lor_all_phases,confounds_motion_propofol,92,147,26,0.3469387755102041,0.5449346405228758,0.42730470902877515,0.5505514705882353,0.5510204081632653,0.24846904778045256,0.6902684153159641
responsive_vs_lor_all_phases,confounds_motion_propofol,93,147,26,0.3469387755102041,0.5061274509803921,0.40885256474693904,0.5906862745098039,0.6394557823129252,0.2512420177384251,0.6979900087719609
responsive_vs_lor_all_phases,confounds_motion_propofol,94,147,26,0.3469387755102041,0.5218545751633987,0.34577972318225525,0.529718137254902,0.5238095238095238,0.25251580402078416,0.696127088853714
responsive_vs_lor_all_phases,confounds_motion_propofol,95,147,26,0.3469387755102041,0.5290032679738562,0.3851269754378181,0.5588235294117647,0.5918367346938775,0.252934990176616,0.7025107649323543
responsive_vs_lor_all_phases,confounds_motion_propofol,96,147,26,0.3469387755102041,0.5600490196078431,0.3937878718601314,0.5425857843137255,0.564625850340136,0.2521716759996344,0.7002178479614852
responsive_vs_lor_all_phases,confounds_motion_propofol,97,147,26,0.3469387755102041,0.5208333333333334,0.3647065000250955,0.5582107843137255,0.5850340136054422,0.2535329697217717,0.7037751969807438
responsive_vs_lor_all_phases,confounds_motion_propofol,98,147,26,0.3469387755102041,0.3466094771241831,0.28164482972273897,0.428921568627451,0.47619047619047616,0.26353230856379345,0.7208764350815792
responsive_vs_lor_all_phases,confounds_motion_propofol,99,147,26,0.3469387755102041,0.4742647058823529,0.3785972543976829,0.4629289215686274,0.4965986394557823,0.2548131231532177,0.7033780633940951
responsive_vs_lor_all_phases,confounds_motion_propofol,100,147,26,0.3469387755102041,0.443218954248366,0.316533935902493,0.4794730392156863,0.47619047619047616,0.2643188734063182,0.7326827212375142
responsive_vs_lor_all_phases,standard_fc_plus_confounds,1,147,26,0.3469387755102041,0.6060049019607844,0.42091121450138813,0.6020220588235294,0.6122448979591837,0.24632755759414282,0.6940867545209741
responsive_vs_lor_all_phases,standard_fc_plus_confounds,2,147,26,0.3469387755102041,0.5663807189542484,0.4138828348850363,0.5401348039215687,0.5374149659863946,0.25041603591070066,0.6945159320955057
responsive_vs_lor_all_phases,standard_fc_plus_confounds,3,147,26,0.3469387755102041,0.474468954248366,0.34270728107972054,0.4923406862745098,0.5170068027210885,0.26186910499554494,0.7195995458480993
responsive_vs_lor_all_phases,standard_fc_plus_confounds,4,147,26,0.3469387755102041,0.4569035947712418,0.3232787890102879,0.49969362745098034,0.4965986394557823,0.26346117971185234,0.7213333648945336
responsive_vs_lor_all_phases,standard_fc_plus_confounds,5,147,26,0.3469387755102041,0.4475081699346405,0.3833253090066073,0.4571078431372549,0.48299319727891155,0.2595499158972133,0.7131261653108384
responsive_vs_lor_all_phases,standard_fc_plus_confounds,6,147,26,0.3469387755102041,0.49468954248366015,0.35577813195171903,0.48651960784313725,0.5034013605442177,0.2588860647075565,0.7124851672397688
responsive_vs_lor_all_phases,standard_fc_plus_confounds,7,147,26,0.3469387755102041,0.5296160130718954,0.3944964371431943,0.5217524509803921,0.5374149659863946,0.2537837278929487,0.7021464426924947
responsive_vs_lor_all_phases,standard_fc_plus_confounds,8,147,26,0.3469387755102041,0.3741830065359477,0.27770331745360805,0.41237745098039214,0.3945578231292517,0.26554299823046257,0.7250295057153439
responsive_vs_lor_all_phases,standard_fc_plus_confounds,9,147,26,0.3469387755102041,0.4381127450980392,0.31611608449906464,0.4488357843137255,0.4421768707482993,0.26121606528703084,0.7168533801484038
responsive_vs_lor_all_phases,standard_fc_plus_confounds,10,147,26,0.3469387755102041,0.539828431372549,0.40378581804279345,0.5505514705882353,0.5510204081632653,0.2557996439868294,0.7136462236779326
responsive_vs_lor_all_phases,standard_fc_plus_confounds,11,147,26,0.3469387755102041,0.6740196078431372,0.5276621080453359,0.6084558823529411,0.6326530612244898,0.22711812874397105,0.6536696633706668
responsive_vs_lor_all_phases,standard_fc_plus_confounds,12,147,26,0.3469387755102041,0.47058823529411764,0.32244865893964686,0.4761029411764706,0.4897959183673469,0.26178308677020357,0.7183845512317708
responsive_vs_lor_all_phases,standard_fc_plus_confounds,13,147,26,0.3469387755102041,0.519812091503268,0.3754451787552826,0.5477941176470589,0.5714285714285714,0.2552918331749222,0.7048659139559891
responsive_vs_lor_all_phases,standard_fc_plus_confounds,14,147,26,0.3469387755102041,0.4113562091503268,0.28947286689322926,0.4142156862745098,0.41496598639455784,0.2615356523422947,0.7158128112236112
responsive_vs_lor_all_phases,standard_fc_plus_confounds,15,147,26,0.3469387755102041,0.53390522875817,0.3952999105209234,0.5373774509803921,0.5578231292517006,0.25394987072568037,0.7032385978528458
responsive_vs_lor_all_phases,standard_fc_plus_confounds,16,147,26,0.3469387755102041,0.6039624183006536,0.45688374708605606,0.5811887254901961,0.5850340136054422,0.24618801625331108,0.6888039317294261
responsive_vs_lor_all_phases,standard_fc_plus_confounds,17,147,26,0.3469387755102041,0.502859477124183,0.39805806977088315,0.5067401960784313,0.5238095238095238,0.25672710660771625,0.7095691143519421
responsive_vs_lor_all_phases,standard_fc_plus_confounds,18,147,26,0.3469387755102041,0.428921568627451,0.3098964709283881,0.4050245098039216,0.41496598639455784,0.2642562789963774,0.7221249861945127
responsive_vs_lor_all_phases,standard_fc_plus_confounds,19,147,26,0.3469387755102041,0.4652777777777778,0.31502321472181993,0.4852941176470588,0.4897959183673469,0.2630309489061202,0.7206671864029253
responsive_vs_lor_all_phases,standard_fc_plus_confounds,20,147,26,0.3469387755102041,0.4963235294117647,0.4016711983940636,0.5021446078431373,0.5238095238095238,0.25611402101689074,0.7067354649264955
responsive_vs_lor_all_phases,standard_fc_plus_confounds,21,147,26,0.3469387755102041,0.5770016339869282,0.40169472755466723,0.5199142156862745,0.5170068027210885,0.2501231266158238,0.6923415229128117
responsive_vs_lor_all_phases,standard_fc_plus_confounds,22,147,26,0.3469387755102041,0.5206290849673203,0.36367320843782014,0.5303308823529411,0.5306122448979592,0.2611079325129465,0.720711097087403
responsive_vs_lor_all_phases,standard_fc_plus_confounds,23,147,26,0.3469387755102041,0.44281045751633985,0.33155101363614936,0.4610906862745098,0.47619047619047616,0.2642321587038035,0.723301361202575
responsive_vs_lor_all_phases,standard_fc_plus_confounds,24,147,26,0.3469387755102041,0.542279411764706,0.3798086812200359,0.5263480392156863,0.5374149659863946,0.25304759475297206,0.7018800943292465
responsive_vs_lor_all_phases,standard_fc_plus_confounds,25,147,26,0.3469387755102041,0.47222222222222227,0.31764675164904294,0.5024509803921569,0.47619047619047616,0.2580781118494941,0.7099295828082329
responsive_vs_lor_all_phases,standard_fc_plus_confounds,26,147,26,0.3469387755102041,0.4295343137254902,0.3042357066711251,0.46047794117647056,0.46938775510204084,0.26533454966716086,0.725440028777233
responsive_vs_lor_all_phases,standard_fc_plus_confounds,27,147,26,0.3469387755102041,0.6341911764705882,0.5054443781169573,0.5940563725490196,0.6258503401360545,0.23742462541507955,0.6711403693703072
responsive_vs_lor_all_phases,standard_fc_plus_confounds,28,147,26,0.3469387755102041,0.4832516339869281,0.3671462393834799,0.44362745098039214,0.43537414965986393,0.2578426247781784,0.7086957002186862
responsive_vs_lor_all_phases,standard_fc_plus_confounds,29,147,26,0.3469387755102041,0.4238153594771242,0.317740456559546,0.42585784313725494,0.4421768707482993,0.2670733695116886,0.729956026021616
responsive_vs_lor_all_phases,standard_fc_plus_confounds,30,147,26,0.3469387755102041,0.6245915032679739,0.43355092216383984,0.6151960784313726,0.6054421768707483,0.24528680126267827,0.6906131718601993
responsive_vs_lor_all_phases,standard_fc_plus_confounds,31,147,26,0.3469387755102041,0.5277777777777777,0.36304703978591035,0.5493259803921569,0.5374149659863946,0.25606046840511326,0.7071016520806893
responsive_vs_lor_all_phases,standard_fc_plus_confounds,32,147,26,0.3469387755102041,0.4505718954248366,0.32773055364918613,0.44669117647058826,0.46938775510204084,0.2629642988249744,0.720436626424535
responsive_vs_lor_all_phases,standard_fc_plus_confounds,33,147,26,0.3469387755102041,0.42647058823529416,0.32117221089510406,0.46568627450980393,0.47619047619047616,0.2628350696725196,0.7202390588915095
responsive_vs_lor_all_phases,standard_fc_plus_confounds,34,147,26,0.3469387755102041,0.5506535947712418,0.3871290599813767,0.5713848039215687,0.5782312925170068,0.2541382349784718,0.7097401841424198
responsive_vs_lor_all_phases,standard_fc_plus_confounds,35,147,26,0.3469387755102041,0.4699754901960784,0.32349471274650926,0.5094975490196079,0.5034013605442177,0.26167555740898124,0.7185374041485993
responsive_vs_lor_all_phases,standard_fc_plus_confounds,36,147,26,0.3469387755102041,0.4497549019607844,0.3404153590052897,0.4767156862745098,0.4965986394557823,0.26154161063356424,0.7176229430439098
responsive_vs_lor_all_phases,standard_fc_plus_confounds,37,147,26,0.3469387755102041,0.5165441176470589,0.3495906993291299,0.5094975490196079,0.5034013605442177,0.2588898799478511,0.7125662690476326
responsive_vs_lor_all_phases,standard_fc_plus_confounds,38,147,26,0.3469387755102041,0.5759803921568627,0.4185311287023813,0.5165441176470589,0.5306122448979592,0.25046265659255657,0.6950604363994457
responsive_vs_lor_all_phases,standard_fc_plus_confounds,39,147,26,0.3469387755102041,0.42401960784313725,0.31620078349265396,0.45128676470588236,0.46938775510204084,0.26470246776841494,0.7236852004568105
responsive_vs_lor_all_phases,standard_fc_plus_confounds,40,147,26,0.3469387755102041,0.3678513071895425,0.27261627736602845,0.37683823529411764,0.40816326530612246,0.26605499283782597,0.7258388407201741
responsive_vs_lor_all_phases,standard_fc_plus_confounds,41,147,26,0.3469387755102041,0.32128267973856206,0.2591214356807322,0.3489583333333333,0.35374149659863946,0.26728375463821863,0.7283786094511262
responsive_vs_lor_all_phases,standard_fc_plus_confounds,42,147,26,0.3469387755102041,0.5151143790849673,0.3655017313641007,0.514093137254902,0.5034013605442177,0.2531349858741663,0.6969781882677794
responsive_vs_lor_all_phases,standard_fc_plus_confounds,43,147,26,0.3469387755102041,0.4950980392156863,0.35578768393737903,0.5033700980392157,0.5374149659863946,0.25787150518831603,0.7119996031399708
responsive_vs_lor_all_phases,standard_fc_plus_confounds,44,147,26,0.3469387755102041,0.38725490196078427,0.2840139587336881,0.3900122549019608,0.4013605442176871,0.26366580001436934,0.7201742719654876
responsive_vs_lor_all_phases,standard_fc_plus_confounds,45,147,26,0.3469387755102041,0.5582107843137255,0.36665906672139076,0.5431985294117647,0.5714285714285714,0.258088709005994,0.7166360732830483
responsive_vs_lor_all_phases,standard_fc_plus_confounds,46,147,26,0.3469387755102041,0.5036764705882353,0.3479821655848603,0.5153186274509804,0.5170068027210885,0.26150655753685076,0.7196907061005954
responsive_vs_lor_all_phases,standard_fc_plus_confounds,47,147,26,0.3469387755102041,0.4724264705882353,0.3784686411673037,0.5061274509803921,0.5170068027210885,0.2607198935758695,0.7169161490771658
responsive_vs_lor_all_phases,standard_fc_plus_confounds,48,147,26,0.3469387755102041,0.5314542483660132,0.3600335802053482,0.5401348039215687,0.5374149659863946,0.2547304074397682,0.7032501632297847
responsive_vs_lor_all_phases,standard_fc_plus_confounds,49,147,26,0.3469387755102041,0.491421568627451,0.34696641808494255,0.5113357843137255,0.5238095238095238,0.2624791588673585,0.7211447449857155
responsive_vs_lor_all_phases,standard_fc_plus_confounds,50,147,26,0.3469387755102041,0.4436274509803922,0.309921108766842,0.44025735294117646,0.4489795918367347,0.26357202304529254,0.7216499899087592
responsive_vs_lor_all_phases,standard_fc_plus_confounds,51,147,26,0.3469387755102041,0.5108251633986928,0.36377523661944494,0.5061274509803921,0.5170068027210885,0.25838906904667147,0.712705900833895
responsive_vs_lor_all_phases,standard_fc_plus_confounds,52,147,26,0.3469387755102041,0.42544934640522875,0.31122118978867797,0.4690563725490196,0.46258503401360546,0.26838914454016455,0.7329669610688789
responsive_vs_lor_all_phases,standard_fc_plus_confounds,53,147,26,0.3469387755102041,0.5085784313725491,0.33751545784126336,0.5186887254901961,0.5034013605442177,0.25944835854285225,0.7138788146716956
responsive_vs_lor_all_phases,standard_fc_plus_confounds,54,147,26,0.3469387755102041,0.5582107843137255,0.41435325906915277,0.5373774509803921,0.5578231292517006,0.2521917923870501,0.7028848100920589
responsive_vs_lor_all_phases,standard_fc_plus_confounds,55,147,26,0.3469387755102041,0.5837418300653595,0.4102675346025792,0.5830269607843137,0.6054421768707483,0.25022638383531287,0.6990390536103706
responsive_vs_lor_all_phases,standard_fc_plus_confounds,56,147,26,0.3469387755102041,0.5073529411764706,0.3690832385346494,0.5275735294117647,0.5510204081632653,0.2581674593134197,0.7147437370644483
responsive_vs_lor_all_phases,standard_fc_plus_confounds,57,147,26,0.3469387755102041,0.5183823529411764,0.36126675515852513,0.5655637254901961,0.564625850340136,0.2591733377435272,0.7199741802805589
responsive_vs_lor_all_phases,standard_fc_plus_confounds,58,147,26,0.3469387755102041,0.6629901960784313,0.45116994909564667,0.6308210784313726,0.6258503401360545,0.23085662445869723,0.6529151260478394
responsive_vs_lor_all_phases,standard_fc_plus_confounds,59,147,26,0.3469387755102041,0.4803921568627451,0.31735862936997233,0.49724264705882354,0.46938775510204084,0.2597532795126032,0.713236511615705
responsive_vs_lor_all_phases,standard_fc_plus_confounds,60,147,26,0.3469387755102041,0.5608660130718954,0.4181714726480183,0.545343137254902,0.54421768707483,0.2523822055679479,0.6992381318997545
responsive_vs_lor_all_phases,standard_fc_plus_confounds,61,147,26,0.3469387755102041,0.5104166666666666,0.38192873889509427,0.49754901960784315,0.5238095238095238,0.2580239176860895,0.712727396449256
responsive_vs_lor_all_phases,standard_fc_plus_confounds,62,147,26,0.3469387755102041,0.4699754901960784,0.32008428326035626,0.49050245098039214,0.4965986394557823,0.26458068570338045,0.724295659694984
responsive_vs_lor_all_phases,standard_fc_plus_confounds,63,147,26,0.3469387755102041,0.5402369281045752,0.4115868210821174,0.5275735294117647,0.5510204081632653,0.25481986235454956,0.7076813234371254
responsive_vs_lor_all_phases,standard_fc_plus_confounds,64,147,26,0.3469387755102041,0.5625,0.396726672532503,0.5465686274509804,0.5578231292517006,0.2492441807744758,0.6930764138428119
responsive_vs_lor_all_phases,standard_fc_plus_confounds,65,147,26,0.3469387755102041,0.5500408496732025,0.3745755003433767,0.5805759803921569,0.5782312925170068,0.25677476906226837,0.7138644127116347
responsive_vs_lor_all_phases,standard_fc_plus_confounds,66,147,26,0.3469387755102041,0.397671568627451,0.3083939014440685,0.4923406862745098,0.5170068027210885,0.2629313362606699,0.7204531760434405
responsive_vs_lor_all_phases,standard_fc_plus_confounds,67,147,26,0.3469387755102041,0.548202614379085,0.3665227165517749,0.5343137254901961,0.5238095238095238,0.256088064024652,0.7096373299651957
responsive_vs_lor_all_phases,standard_fc_plus_confounds,68,147,26,0.3469387755102041,0.4906045751633986,0.33969217312378097,0.4880514705882353,0.46938775510204084,0.2603363129107045,0.7138501265471685
responsive_vs_lor_all_phases,standard_fc_plus_confounds,69,147,26,0.3469387755102041,0.542687908496732,0.42278270022696596,0.5686274509803921,0.5986394557823129,0.2514025641329484,0.6975031037825057
responsive_vs_lor_all_phases,standard_fc_plus_confounds,70,147,26,0.3469387755102041,0.5279820261437909,0.4239669037878715,0.5548406862745098,0.5986394557823129,0.2525627625888179,0.7016539147529471
responsive_vs_lor_all_phases,standard_fc_plus_confounds,71,147,26,0.3469387755102041,0.47671568627450983,0.37423439866454844,0.4518995098039216,0.47619047619047616,0.2607221810348504,0.7159376068901838
responsive_vs_lor_all_phases,standard_fc_plus_confounds,72,147,26,0.3469387755102041,0.4025735294117647,0.29534968582040816,0.4375,0.46938775510204084,0.26484699405741396,0.7240900270515939
responsive_vs_lor_all_phases,standard_fc_plus_confounds,73,147,26,0.3469387755102041,0.5130718954248367,0.36495230134309203,0.5205269607843137,0.5238095238095238,0.25910894050500216,0.7139141624950431
responsive_vs_lor_all_phases,standard_fc_plus_confounds,74,147,26,0.3469387755102041,0.5533088235294118,0.38928640932876996,0.5269607843137255,0.54421768707483,0.25455893730748813,0.708905852200051
responsive_vs_lor_all_phases,standard_fc_plus_confounds,75,147,26,0.3469387755102041,0.5729166666666667,0.41504618249948216,0.545343137254902,0.54421768707483,0.24672745846357627,0.693119251454039
responsive_vs_lor_all_phases,standard_fc_plus_confounds,76,147,26,0.3469387755102041,0.41156045751633985,0.32837400268968164,0.4610906862745098,0.47619047619047616,0.26363055742405894,0.7212190763572344
responsive_vs_lor_all_phases,standard_fc_plus_confounds,77,147,26,0.3469387755102041,0.4430147058823529,0.34870422429075576,0.4675245098039216,0.4965986394557823,0.26279651758807043,0.7196214810018161
responsive_vs_lor_all_phases,standard_fc_plus_confounds,78,147,26,0.3469387755102041,0.5957924836601307,0.4096739506592217,0.6176470588235294,0.6326530612244898,0.24867200372294918,0.6968176448263561
responsive_vs_lor_all_phases,standard_fc_plus_confounds,79,147,26,0.3469387755102041,0.45424836601307184,0.3263314542440654,0.49387254901960786,0.48299319727891155,0.2690007524541508,0.7357025656227248
responsive_vs_lor_all_phases,standard_fc_plus_confounds,80,147,26,0.3469387755102041,0.5285947712418301,0.38201901752584344,0.5189950980392157,0.5578231292517006,0.25508715841758856,0.7089060586232554
responsive_vs_lor_all_phases,standard_fc_plus_confounds,81,147,26,0.3469387755102041,0.44260620915032683,0.305377543530855,0.4788602941176471,0.46938775510204084,0.2636903046376306,0.7219278613010169
responsive_vs_lor_all_phases,standard_fc_plus_confounds,82,147,26,0.3469387755102041,0.5861928104575164,0.4118304902043942,0.5493259803921569,0.5374149659863946,0.25049775445885875,0.7014383481469173
responsive_vs_lor_all_phases,standard_fc_plus_confounds,83,147,26,0.3469387755102041,0.5249183006535948,0.41446092993019185,0.5107230392156863,0.5170068027210885,0.25447644342901576,0.7027908412948785
responsive_vs_lor_all_phases,standard_fc_plus_confounds,84,147,26,0.3469387755102041,0.5016339869281046,0.3589163955995896,0.5211397058823529,0.5306122448979592,0.26106147822910436,0.717552001253643
responsive_vs_lor_all_phases,standard_fc_plus_confounds,85,147,26,0.3469387755102041,0.5032679738562091,0.3493564581102752,0.5055147058823529,0.5102040816326531,0.26042718059778747,0.717998894720064
responsive_vs_lor_all_phases,standard_fc_plus_confounds,86,147,26,0.3469387755102041,0.43137254901960786,0.31472005155837524,0.4571078431372549,0.48299319727891155,0.26470483790482474,0.7241708943003801
responsive_vs_lor_all_phases,standard_fc_plus_confounds,87,147,26,0.3469387755102041,0.46262254901960786,0.3414399525049312,0.42922794117647056,0.42857142857142855,0.25799732883821924,0.7104204049571005
responsive_vs_lor_all_phases,standard_fc_plus_confounds,88,147,26,0.3469387755102041,0.43116830065359474,0.3086430777496009,0.46231617647058826,0.4897959183673469,0.2650668169277959,0.7244583586970845
responsive_vs_lor_all_phases,standard_fc_plus_confounds,89,147,26,0.3469387755102041,0.43321078431372545,0.30379544532009384,0.4696691176470588,0.46938775510204084,0.2682357459212981,0.7348957092469154
responsive_vs_lor_all_phases,standard_fc_plus_confounds,90,147,26,0.3469387755102041,0.3935866013071896,0.2999194369750833,0.4387254901960784,0.48299319727891155,0.2650172482309997,0.7245601230319191
responsive_vs_lor_all_phases,standard_fc_plus_confounds,91,147,26,0.3469387755102041,0.2563316993464052,0.24464753473962042,0.3005514705882353,0.32653061224489793,0.2700987946210605,0.7340358832859998
responsive_vs_lor_all_phases,standard_fc_plus_confounds,92,147,26,0.3469387755102041,0.47324346405228757,0.32725401787659913,0.4800857843137255,0.48299319727891155,0.2623916618804577,0.7195099861633505
responsive_vs_lor_all_phases,standard_fc_plus_confounds,93,147,26,0.3469387755102041,0.377859477124183,0.2894045307444707,0.42585784313725494,0.4421768707482993,0.2666687731612505,0.7275394037164978
responsive_vs_lor_all_phases,standard_fc_plus_confounds,94,147,26,0.3469387755102041,0.48120915032679734,0.3345615837857179,0.5361519607843137,0.54421768707483,0.26218100602969074,0.7197581846990896
responsive_vs_lor_all_phases,standard_fc_plus_confounds,95,147,26,0.3469387755102041,0.5706699346405228,0.416764902754046,0.5637254901960784,0.54421768707483,0.24684524903536345,0.690080900975074
responsive_vs_lor_all_phases,standard_fc_plus_confounds,96,147,26,0.3469387755102041,0.5173611111111112,0.3695114456686367,0.5223651960784313,0.54421768707483,0.25453875716539914,0.7038836327551078
responsive_vs_lor_all_phases,standard_fc_plus_confounds,97,147,26,0.3469387755102041,0.42871732026143794,0.31594004859921987,0.4494485294117647,0.4489795918367347,0.2666995047733781,0.7286282416727449
responsive_vs_lor_all_phases,standard_fc_plus_confounds,98,147,26,0.3469387755102041,0.5087826797385622,0.3960185858923728,0.524203431372549,0.564625850340136,0.25246580147956643,0.7016862119548346
responsive_vs_lor_all_phases,standard_fc_plus_confounds,99,147,26,0.3469387755102041,0.553921568627451,0.3595510953294847,0.5649509803921569,0.5578231292517006,0.25144650584485156,0.6964503557502277
responsive_vs_lor_all_phases,standard_fc_plus_confounds,100,147,26,0.3469387755102041,0.5130718954248366,0.36770681612426204,0.4923406862745098,0.5170068027210885,0.2561554290897741,0.7071637055661498
responsive_vs_lor_all_phases,gcc_core_plus_confounds,1,147,26,0.3469387755102041,0.4636437908496732,0.3135597640797678,0.48713235294117646,0.5102040816326531,0.2651346124027459,0.7259663390632255
responsive_vs_lor_all_phases,gcc_core_plus_confounds,2,147,26,0.3469387755102041,0.4930555555555555,0.4214324910797179,0.4923406862745098,0.5170068027210885,0.25234056339746425,0.6967858842467091
responsive_vs_lor_all_phases,gcc_core_plus_confounds,3,147,26,0.3469387755102041,0.5271650326797386,0.37444907517295023,0.5407475490196079,0.54421768707483,0.2547392160632724,0.7039183574693935
responsive_vs_lor_all_phases,gcc_core_plus_confounds,4,147,26,0.3469387755102041,0.5927287581699346,0.45246569353000476,0.5655637254901961,0.564625850340136,0.24604718558510033,0.6870311570360498
responsive_vs_lor_all_phases,gcc_core_plus_confounds,5,147,26,0.3469387755102041,0.5484068627450981,0.4419169520331304,0.5407475490196079,0.54421768707483,0.2539068263969581,0.7029456058520446
responsive_vs_lor_all_phases,gcc_core_plus_confounds,6,147,26,0.3469387755102041,0.4189133986928104,0.3025770012640385,0.47212009803921573,0.4965986394557823,0.2686658967666615,0.7327837188300503
responsive_vs_lor_all_phases,gcc_core_plus_confounds,7,147,26,0.3469387755102041,0.5614787581699346,0.3931006176612173,0.5245098039215687,0.5170068027210885,0.25330245956702657,0.712187423164063
responsive_vs_lor_all_phases,gcc_core_plus_confounds,8,147,26,0.3469387755102041,0.4168709150326797,0.29714218060176384,0.4571078431372549,0.48299319727891155,0.26618207600521926,0.727095190010104
responsive_vs_lor_all_phases,gcc_core_plus_confounds,9,147,26,0.3469387755102041,0.4752859477124183,0.32629181639240445,0.49969362745098034,0.4965986394557823,0.2593949931124227,0.7122471747660605
responsive_vs_lor_all_phases,gcc_core_plus_confounds,10,147,26,0.3469387755102041,0.46160130718954245,0.3125186373588996,0.4898897058823529,0.4897959183673469,0.26382447571857937,0.7224276143745678
responsive_vs_lor_all_phases,gcc_core_plus_confounds,11,147,26,0.3469387755102041,0.38235294117647056,0.28328822356093664,0.4212622549019608,0.4421768707482993,0.2714650841637478,0.7400065727429036
responsive_vs_lor_all_phases,gcc_core_plus_confounds,12,147,26,0.3469387755102041,0.6926062091503268,0.5619128767858474,0.6182598039215687,0.6394557823129252,0.21955161453794056,0.630595240040346
responsive_vs_lor_all_phases,gcc_core_plus_confounds,13,147,26,0.3469387755102041,0.5373774509803921,0.37504346852194126,0.5223651960784313,0.54421768707483,0.25370462378226377,0.7033048449548042
responsive_vs_lor_all_phases,gcc_core_plus_confounds,14,147,26,0.3469387755102041,0.4756944444444444,0.3320967848209194,0.4788602941176471,0.46938775510204084,0.26281050556138996,0.72067137906278
responsive_vs_lor_all_phases,gcc_core_plus_confounds,15,147,26,0.3469387755102041,0.4550653594771242,0.32399613217482304,0.45067401960784315,0.46258503401360546,0.2646811667408718,0.7242777318182069
responsive_vs_lor_all_phases,gcc_core_plus_confounds,16,147,26,0.3469387755102041,0.5784313725490196,0.37912414415022144,0.576593137254902,0.5850340136054422,0.25074338935120255,0.6973705368135608
responsive_vs_lor_all_phases,gcc_core_plus_confounds,17,147,26,0.3469387755102041,0.5708741830065359,0.4013732711446171,0.5499387254901961,0.54421768707483,0.24915495749948824,0.6923578578814003
responsive_vs_lor_all_phases,gcc_core_plus_confounds,18,147,26,0.3469387755102041,0.5629084967320261,0.3889630094145532,0.529718137254902,0.5238095238095238,0.2490459551172465,0.6924730949820962
responsive_vs_lor_all_phases,gcc_core_plus_confounds,19,147,26,0.3469387755102041,0.4548611111111111,0.33502905412857803,0.48651960784313725,0.5034013605442177,0.2625537103685693,0.7204107585164978
responsive_vs_lor_all_phases,gcc_core_plus_confounds,20,147,26,0.3469387755102041,0.514501633986928,0.38236060229573565,0.5073529411764706,0.5306122448979592,0.2526483849339494,0.7005944143594377
responsive_vs_lor_all_phases,gcc_core_plus_confounds,21,147,26,0.3469387755102041,0.28717320261437906,0.24894278784430568,0.37959558823529416,0.3877551020408163,0.27502917802334226,0.7479407523265527
responsive_vs_lor_all_phases,gcc_core_plus_confounds,22,147,26,0.3469387755102041,0.5420751633986928,0.39629547467125864,0.5180759803921569,0.4965986394557823,0.25169111474090683,0.6942625136998697
responsive_vs_lor_all_phases,gcc_core_plus_confounds,23,147,26,0.3469387755102041,0.369281045751634,0.2733012947632213,0.4013480392156863,0.3741496598639456,0.26663228742939626,0.7261541948090905
responsive_vs_lor_all_phases,gcc_core_plus_confounds,24,147,26,0.3469387755102041,0.511233660130719,0.37116148065489174,0.4917279411764706,0.5102040816326531,0.2577526214058051,0.7133791569671996
responsive_vs_lor_all_phases,gcc_core_plus_confounds,25,147,26,0.3469387755102041,0.5492238562091503,0.40377314435511247,0.529718137254902,0.5238095238095238,0.25228405776834983,0.7003809311172786
responsive_vs_lor_all_phases,gcc_core_plus_confounds,26,147,26,0.3469387755102041,0.6262254901960784,0.4784568953630488,0.6053921568627452,0.5986394557823129,0.23971507624099084,0.6736259263110185
responsive_vs_lor_all_phases,gcc_core_plus_confounds,27,147,26,0.3469387755102041,0.6160130718954248,0.46407467363343374,0.5799632352941176,0.5714285714285714,0.24246280768827597,0.6839463114374492
responsive_vs_lor_all_phases,gcc_core_plus_confounds,28,147,26,0.3469387755102041,0.4991830065359477,0.36071525766028867,0.48651960784313725,0.5034013605442177,0.25941479714439436,0.7140390749824655
responsive_vs_lor_all_phases,gcc_core_plus_confounds,29,147,26,0.3469387755102041,0.3178104575163399,0.26066655939478844,0.36917892156862747,0.3741496598639456,0.27064890358682586,0.7351744364495542
responsive_vs_lor_all_phases,gcc_core_plus_confounds,30,147,26,0.3469387755102041,0.49816176470588236,0.3366489402637135,0.5337009803921569,0.5170068027210885,0.2592654761746543,0.7126917385813583
responsive_vs_lor_all_phases,gcc_core_plus_confounds,31,147,26,0.3469387755102041,0.48978758169934644,0.35896928816975093,0.47794117647058826,0.5102040816326531,0.2579104373789218,0.7102745986822632
responsive_vs_lor_all_phases,gcc_core_plus_confounds,32,147,26,0.3469387755102041,0.5549428104575164,0.39859622386899285,0.525735294117647,0.5306122448979592,0.2519012625646483,0.6987958713224751
responsive_vs_lor_all_phases,gcc_core_plus_confounds,33,147,26,0.3469387755102041,0.514297385620915,0.3842493258424387,0.5321691176470589,0.5510204081632653,0.25669631225378287,0.7094024846148698
responsive_vs_lor_all_phases,gcc_core_plus_confounds,34,147,26,0.3469387755102041,0.44117647058823534,0.31880297149129344,0.5027573529411764,0.5306122448979592,0.26822520447545967,0.733730477093508
responsive_vs_lor_all_phases,gcc_core_plus_confounds,35,147,26,0.3469387755102041,0.5418709150326797,0.40296171845391254,0.5349264705882353,0.5306122448979592,0.2539236625717801,0.7023932584852665
responsive_vs_lor_all_phases,gcc_core_plus_confounds,36,147,26,0.3469387755102041,0.5122549019607843,0.3478833708289837,0.5067401960784313,0.5238095238095238,0.2603392102566332,0.7225931024361976
responsive_vs_lor_all_phases,gcc_core_plus_confounds,37,147,26,0.3469387755102041,0.269812091503268,0.25122927355927344,0.3514093137254902,0.38095238095238093,0.27214709321395947,0.7381298635427685
responsive_vs_lor_all_phases,gcc_core_plus_confounds,38,147,26,0.3469387755102041,0.5447303921568627,0.37694521253817814,0.545343137254902,0.54421768707483,0.2567501227937457,0.7082216466580126
responsive_vs_lor_all_phases,gcc_core_plus_confounds,39,147,26,0.3469387755102041,0.5473856209150327,0.37964059597018046,0.5407475490196079,0.54421768707483,0.25667328719141214,0.7090970074208518
responsive_vs_lor_all_phases,gcc_core_plus_confounds,40,147,26,0.3469387755102041,0.5014297385620915,0.36558766258409586,0.5125612745098039,0.5374149659863946,0.2570893863654458,0.7089123901104448
responsive_vs_lor_all_phases,gcc_core_plus_confounds,41,147,26,0.3469387755102041,0.5,0.36216703878758516,0.4886642156862745,0.47619047619047616,0.2618602260710499,0.7186336081721695
responsive_vs_lor_all_phases,gcc_core_plus_confounds,42,147,26,0.3469387755102041,0.6656454248366013,0.4665719028905013,0.6366421568627452,0.6394557823129252,0.23218677893003467,0.6606275580193496
responsive_vs_lor_all_phases,gcc_core_plus_confounds,43,147,26,0.3469387755102041,0.37683823529411764,0.2758358943232708,0.42463235294117646,0.42857142857142855,0.26636767959252694,0.727631583624635
responsive_vs_lor_all_phases,gcc_core_plus_confounds,44,147,26,0.3469387755102041,0.6051879084967321,0.44172192364724344,0.5447303921568627,0.5374149659863946,0.23765223241503486,0.6652011158867633
responsive_vs_lor_all_phases,gcc_core_plus_confounds,45,147,26,0.3469387755102041,0.5285947712418301,0.36158210925221645,0.5395220588235294,0.5306122448979592,0.2534006461078225,0.7001002558239677
responsive_vs_lor_all_phases,gcc_core_plus_confounds,46,147,26,0.3469387755102041,0.3423202614379085,0.2728894736628484,0.4525122549019608,0.48299319727891155,0.2701272007321641,0.7348734142326468
responsive_vs_lor_all_phases,gcc_core_plus_confounds,47,147,26,0.3469387755102041,0.5155228758169934,0.375381372592287,0.5107230392156863,0.5170068027210885,0.2562554099471709,0.7091970233012713
responsive_vs_lor_all_phases,gcc_core_plus_confounds,48,147,26,0.3469387755102041,0.4899918300653595,0.34824962456118624,0.49969362745098034,0.4965986394557823,0.26014408734995137,0.7216215337064693
responsive_vs_lor_all_phases,gcc_core_plus_confounds,49,147,26,0.3469387755102041,0.5165441176470588,0.3814406135299962,0.5386029411764706,0.5714285714285714,0.2603399566776458,0.7206472404441179
responsive_vs_lor_all_phases,gcc_core_plus_confounds,50,147,26,0.3469387755102041,0.40298202614379086,0.30858877613155766,0.45588235294117646,0.46938775510204084,0.26667724984072677,0.7276158283919281
responsive_vs_lor_all_phases,gcc_core_plus_confounds,51,147,26,0.3469387755102041,0.47140522875817,0.3220309649753156,0.49264705882352944,0.46938775510204084,0.26333381930546307,0.7242502365259395
responsive_vs_lor_all_phases,gcc_core_plus_confounds,52,147,26,0.3469387755102041,0.6350081699346405,0.45238550508181186,0.6348039215686274,0.6190476190476191,0.24012732098879647,0.6769607548266398
responsive_vs_lor_all_phases,gcc_core_plus_confounds,53,147,26,0.3469387755102041,0.4679330065359477,0.3233035986555376,0.5199142156862745,0.5170068027210885,0.2611524447487243,0.7174548218182527
responsive_vs_lor_all_phases,gcc_core_plus_confounds,54,147,26,0.3469387755102041,0.4916258169934641,0.3503848422624132,0.5303308823529411,0.5306122448979592,0.26203215594996515,0.7189039533606191
responsive_vs_lor_all_phases,gcc_core_plus_confounds,55,147,26,0.3469387755102041,0.3562091503267974,0.2885650855134044,0.43995098039215685,0.4965986394557823,0.2688107534374136,0.7329013057136994
responsive_vs_lor_all_phases,gcc_core_plus_confounds,56,147,26,0.3469387755102041,0.5674019607843137,0.39378689966958386,0.5759803921568627,0.5782312925170068,0.25575715014577094,0.7117657206738073
responsive_vs_lor_all_phases,gcc_core_plus_confounds,57,147,26,0.3469387755102041,0.5171568627450981,0.3586850865425455,0.5107230392156863,0.5170068027210885,0.2611796151937903,0.723226351144662
responsive_vs_lor_all_phases,gcc_core_plus_confounds,58,147,26,0.3469387755102041,0.4156454248366013,0.29835807909637174,0.4408700980392157,0.4557823129251701,0.2679010117452965,0.7306352532886697
responsive_vs_lor_all_phases,gcc_core_plus_confounds,59,147,26,0.3469387755102041,0.5241013071895425,0.39208654618397165,0.5171568627450981,0.5374149659863946,0.25522886547700546,0.705556587462853
responsive_vs_lor_all_phases,gcc_core_plus_confounds,60,147,26,0.3469387755102041,0.6190767973856209,0.41177215746034174,0.5603553921568627,0.5578231292517006,0.24333498886769772,0.6888252163928789
responsive_vs_lor_all_phases,gcc_core_plus_confounds,61,147,26,0.3469387755102041,0.5004084967320261,0.3441375263859968,0.5205269607843137,0.5238095238095238,0.26118764965762536,0.7187305228752018
responsive_vs_lor_all_phases,gcc_core_plus_confounds,62,147,26,0.3469387755102041,0.5555555555555556,0.3951085015786917,0.556985294117647,0.5714285714285714,0.25154992702427803,0.6995748692438061
responsive_vs_lor_all_phases,gcc_core_plus_confounds,63,147,26,0.3469387755102041,0.5772058823529411,0.4550283539805825,0.5674019607843137,0.5850340136054422,0.24545013586859898,0.6886639264877413
responsive_vs_lor_all_phases,gcc_core_plus_confounds,64,147,26,0.3469387755102041,0.5196078431372548,0.3544058189503333,0.5355392156862745,0.5374149659863946,0.25903012402784564,0.718245134964722
responsive_vs_lor_all_phases,gcc_core_plus_confounds,65,147,26,0.3469387755102041,0.4961192810457516,0.3454369910779545,0.5061274509803921,0.5170068027210885,0.26268059083902945,0.7213256689416017
responsive_vs_lor_all_phases,gcc_core_plus_confounds,66,147,26,0.3469387755102041,0.559640522875817,0.4072310939596301,0.5575980392156863,0.5782312925170068,0.25068341090947344,0.6987482584696757
responsive_vs_lor_all_phases,gcc_core_plus_confounds,67,147,26,0.3469387755102041,0.5120506535947713,0.3684574872463997,0.49693627450980393,0.5170068027210885,0.256265124440824,0.7121503532392716
responsive_vs_lor_all_phases,gcc_core_plus_confounds,68,147,26,0.3469387755102041,0.4258578431372549,0.31890779408216896,0.38817401960784315,0.38095238095238093,0.2664026471178919,0.7267847940830483
responsive_vs_lor_all_phases,gcc_core_plus_confounds,69,147,26,0.3469387755102041,0.6237745098039216,0.47798022900871684,0.5517769607843137,0.564625850340136,0.23855048016767325,0.6697623582218444
responsive_vs_lor_all_phases,gcc_core_plus_confounds,70,147,26,0.3469387755102041,0.460171568627451,0.31246143821402805,0.514093137254902,0.5034013605442177,0.268325227323222,0.7328651861254032
responsive_vs_lor_all_phases,gcc_core_plus_confounds,71,147,26,0.3469387755102041,0.5406454248366014,0.400917052767754,0.5171568627450981,0.5374149659863946,0.25280596657902094,0.7005166219295977
responsive_vs_lor_all_phases,gcc_core_plus_confounds,72,147,26,0.3469387755102041,0.4620098039215686,0.3343296708659069,0.4859068627450981,0.4965986394557823,0.2645718243320085,0.7240534579118495
responsive_vs_lor_all_phases,gcc_core_plus_confounds,73,147,26,0.3469387755102041,0.3968545751633987,0.2934926979386567,0.4525122549019608,0.48299319727891155,0.2699069332691879,0.7350721247265906
responsive_vs_lor_all_phases,gcc_core_plus_confounds,74,147,26,0.3469387755102041,0.44628267973856217,0.34239616083752866,0.5107230392156863,0.5170068027210885,0.2655111043914874,0.7261948421002166
responsive_vs_lor_all_phases,gcc_core_plus_confounds,75,147,26,0.3469387755102041,0.46200980392156865,0.322100258721382,0.49754901960784315,0.5238095238095238,0.2642665118441996,0.7258642831424214
responsive_vs_lor_all_phases,gcc_core_plus_confounds,76,147,26,0.3469387755102041,0.5008169934640523,0.3484738940305743,0.5223651960784313,0.54421768707483,0.25877919703676394,0.7137322335036339
responsive_vs_lor_all_phases,gcc_core_plus_confounds,77,147,26,0.3469387755102041,0.4089052287581699,0.3062776019185815,0.45128676470588236,0.46938775510204084,0.26409664163422836,0.7221036816267399
responsive_vs_lor_all_phases,gcc_core_plus_confounds,78,147,26,0.3469387755102041,0.40992647058823534,0.2904191396224072,0.4822303921568627,0.4557823129251701,0.2685749283600628,0.7331335764359559
responsive_vs_lor_all_phases,gcc_core_plus_confounds,79,147,26,0.3469387755102041,0.5010212418300654,0.3568324142186885,0.545343137254902,0.54421768707483,0.2602931744076973,0.7164167316328739
responsive_vs_lor_all_phases,gcc_core_plus_confounds,80,147,26,0.3469387755102041,0.5610702614379085,0.4250382235962927,0.5928308823529411,0.6122448979591837,0.25095319935581284,0.6996132429443869
responsive_vs_lor_all_phases,gcc_core_plus_confounds,81,147,26,0.3469387755102041,0.5063316993464052,0.36636174817323763,0.5199142156862745,0.5170068027210885,0.2613158483622241,0.7189463214781507
responsive_vs_lor_all_phases,gcc_core_plus_confounds,82,147,26,0.3469387755102041,0.5959967320261437,0.45408712406422086,0.5701593137254902,0.564625850340136,0.24368723895623312,0.6811357005415039
responsive_vs_lor_all_phases,gcc_core_plus_confounds,83,147,26,0.3469387755102041,0.48590686274509803,0.32133364383568563,0.507046568627451,0.47619047619047616,0.25863500020903685,0.7087479302576142
responsive_vs_lor_all_phases,gcc_core_plus_confounds,84,147,26,0.3469387755102041,0.6198937908496732,0.4839145554283806,0.5530024509803921,0.5782312925170068,0.23879521541923943,0.6716352446856885
responsive_vs_lor_all_phases,gcc_core_plus_confounds,85,147,26,0.3469387755102041,0.42790032679738566,0.3197470318432438,0.4494485294117647,0.4489795918367347,0.26472599864110075,0.7240655105638687
responsive_vs_lor_all_phases,gcc_core_plus_confounds,86,147,26,0.3469387755102041,0.514093137254902,0.350105862215232,0.5428921568627451,0.5170068027210885,0.2551582995843106,0.7032096669629141
responsive_vs_lor_all_phases,gcc_core_plus_confounds,87,147,26,0.3469387755102041,0.5038807189542484,0.342919006777392,0.5545343137254902,0.54421768707483,0.2617581118795728,0.7230812148914162
responsive_vs_lor_all_phases,gcc_core_plus_confounds,88,147,26,0.3469387755102041,0.5357434640522876,0.41852657735853405,0.5361519607843137,0.54421768707483,0.25536030402733445,0.7071141982789377
responsive_vs_lor_all_phases,gcc_core_plus_confounds,89,147,26,0.3469387755102041,0.4366830065359477,0.30676601676401205,0.467218137254902,0.4421768707482993,0.26462216532974575,0.7241701392334096
responsive_vs_lor_all_phases,gcc_core_plus_confounds,90,147,26,0.3469387755102041,0.4266748366013072,0.30670735828285156,0.477328431372549,0.5034013605442177,0.268116866594533,0.7321580799854337
responsive_vs_lor_all_phases,gcc_core_plus_confounds,91,147,26,0.3469387755102041,0.5741421568627452,0.4104946863761682,0.5548406862745098,0.5986394557823129,0.2505660666384022,0.7082019161936571
responsive_vs_lor_all_phases,gcc_core_plus_confounds,92,147,26,0.3469387755102041,0.42585784313725494,0.29665194019190155,0.48651960784313725,0.5034013605442177,0.26550246573211017,0.7266553309395217
responsive_vs_lor_all_phases,gcc_core_plus_confounds,93,147,26,0.3469387755102041,0.505718954248366,0.36815377243219477,0.5113357843137255,0.5238095238095238,0.261030264261539,0.7168221423548073
responsive_vs_lor_all_phases,gcc_core_plus_confounds,94,147,26,0.3469387755102041,0.5923202614379085,0.46596192450884366,0.5674019607843137,0.5850340136054422,0.24262351097046617,0.6822669365824501
responsive_vs_lor_all_phases,gcc_core_plus_confounds,95,147,26,0.3469387755102041,0.5241013071895425,0.35854671114627484,0.5027573529411764,0.5306122448979592,0.2557785505579963,0.7080972845532618
responsive_vs_lor_all_phases,gcc_core_plus_confounds,96,147,26,0.3469387755102041,0.35784313725490197,0.27175406116617673,0.40042892156862747,0.41496598639455784,0.26836955561060216,0.731648944512788
responsive_vs_lor_all_phases,gcc_core_plus_confounds,97,147,26,0.3469387755102041,0.5459558823529412,0.426504902493101,0.5171568627450981,0.5374149659863946,0.24975968720933955,0.6943962207596229
responsive_vs_lor_all_phases,gcc_core_plus_confounds,98,147,26,0.3469387755102041,0.5912990196078431,0.4744332872419541,0.5269607843137255,0.54421768707483,0.2449526205318205,0.6884418496023068
responsive_vs_lor_all_phases,gcc_core_plus_confounds,99,147,26,0.3469387755102041,0.49325980392156865,0.36397607531877607,0.5159313725490196,0.5238095238095238,0.26146418011003386,0.7183712752298498
responsive_vs_lor_all_phases,gcc_core_plus_confounds,100,147,26,0.3469387755102041,0.47385620915032683,0.35115519052201283,0.4831495098039216,0.5170068027210885,0.26289860834311535,0.7233566710000088
responsive_vs_lor_all_phases,gcc_regime_plus_confounds,1,147,26,0.3469387755102041,0.5149101307189542,0.36160737799272186,0.48253676470588236,0.5102040816326531,0.25945459744171323,0.7156585605282193
responsive_vs_lor_all_phases,gcc_regime_plus_confounds,2,147,26,0.3469387755102041,0.5314542483660131,0.4091082072546265,0.5355392156862745,0.5374149659863946,0.25595107240586185,0.7070600622047177
responsive_vs_lor_all_phases,gcc_regime_plus_confounds,3,147,26,0.3469387755102041,0.5433006535947712,0.3786891625143811,0.5563725490196079,0.564625850340136,0.2532799077997196,0.7003505370121296
responsive_vs_lor_all_phases,gcc_regime_plus_confounds,4,147,26,0.3469387755102041,0.5249183006535948,0.3718965336644071,0.5217524509803921,0.5374149659863946,0.2580286100013087,0.7153137610425783
responsive_vs_lor_all_phases,gcc_regime_plus_confounds,5,147,26,0.3469387755102041,0.5866013071895424,0.39539923471790583,0.545343137254902,0.54421768707483,0.2491089783910075,0.6947651054912607
responsive_vs_lor_all_phases,gcc_regime_plus_confounds,6,147,26,0.3469387755102041,0.5588235294117647,0.3957621168850596,0.5701593137254902,0.564625850340136,0.25533934925876756,0.7119030648767439
responsive_vs_lor_all_phases,gcc_regime_plus_confounds,7,147,26,0.3469387755102041,0.48733660130718953,0.384925637720717,0.5171568627450981,0.5374149659863946,0.260766777993072,0.7163239270855185
responsive_vs_lor_all_phases,gcc_regime_plus_confounds,8,147,26,0.3469387755102041,0.46425653594771243,0.324559419559019,0.49050245098039214,0.4965986394557823,0.2646295550653082,0.7270237312701546
responsive_vs_lor_all_phases,gcc_regime_plus_confounds,9,147,26,0.3469387755102041,0.5392156862745099,0.43656645239524317,0.5431985294117647,0.5714285714285714,0.2510482729360598,0.6967814779776131
responsive_vs_lor_all_phases,gcc_regime_plus_confounds,10,147,26,0.3469387755102041,0.4950980392156863,0.35260721880832874,0.49356617647058826,0.5306122448979592,0.2633404039947214,0.727083415039185
responsive_vs_lor_all_phases,gcc_regime_plus_confounds,11,147,26,0.3469387755102041,0.4963235294117647,0.3331026175656152,0.5205269607843137,0.5238095238095238,0.26325973008388814,0.723822221192866
responsive_vs_lor_all_phases,gcc_regime_plus_confounds,12,147,26,0.3469387755102041,0.48488562091503273,0.32505284680628854,0.510110294117647,0.5102040816326531,0.266786723555438,0.7304265025568232
responsive_vs_lor_all_phases,gcc_regime_plus_confounds,13,147,26,0.3469387755102041,0.391952614379085,0.28135364785285016,0.5128676470588236,0.4897959183673469,0.2742620211096309,0.7441895167900258
responsive_vs_lor_all_phases,gcc_regime_plus_confounds,14,147,26,0.3469387755102041,0.5306372549019608,0.368534405624978,0.5707720588235294,0.5714285714285714,0.257492930527369,0.7104291447866065
responsive_vs_lor_all_phases,gcc_regime_plus_confounds,15,147,26,0.3469387755102041,0.5106209150326797,0.35724203917361125,0.5021446078431373,0.5238095238095238,0.2589411290605372,0.7136497887314815
responsive_vs_lor_all_phases,gcc_regime_plus_confounds,16,147,26,0.3469387755102041,0.5414624183006537,0.40694878540579854,0.5315563725490196,0.54421768707483,0.2553529602299921,0.7081046788027607
responsive_vs_lor_all_phases,gcc_regime_plus_confounds,17,147,26,0.3469387755102041,0.44628267973856206,0.3091177863200417,0.43443627450980393,0.43537414965986393,0.2663399876231912,0.7287459926989301
responsive_vs_lor_all_phases,gcc_regime_plus_confounds,18,147,26,0.3469387755102041,0.5316584967320261,0.37531902536174083,0.5459558823529411,0.5510204081632653,0.2611648167874976,0.7239424683050674
responsive_vs_lor_all_phases,gcc_regime_plus_confounds,19,147,26,0.3469387755102041,0.43852124183006536,0.31343493075058115,0.4917279411764706,0.5102040816326531,0.2716953537549437,0.7419960039382352
responsive_vs_lor_all_phases,gcc_regime_plus_confounds,20,147,26,0.3469387755102041,0.5218545751633987,0.35363541511345187,0.49387254901960786,0.48299319727891155,0.2532938628355196,0.6927478685454638
responsive_vs_lor_all_phases,gcc_regime_plus_confounds,21,147,26,0.3469387755102041,0.6774918300653594,0.5098644584611071,0.6412377450980392,0.6394557823129252,0.22736886464622252,0.6473731190129026
responsive_vs_lor_all_phases,gcc_regime_plus_confounds,22,147,26,0.3469387755102041,0.5812908496732027,0.3989055470263855,0.5909926470588236,0.5918367346938775,0.24983698941129664,0.6976867690027337
responsive_vs_lor_all_phases,gcc_regime_plus_confounds,23,147,26,0.3469387755102041,0.47896241830065356,0.32666286039626535,0.4638480392156863,0.4557823129251701,0.2614503040320859,0.7178343223043813
responsive_vs_lor_all_phases,gcc_regime_plus_confounds,24,147,26,0.3469387755102041,0.5365604575163399,0.3887831244699855,0.5251225490196079,0.5238095238095238,0.25384947054104523,0.7010346830814668
responsive_vs_lor_all_phases,gcc_regime_plus_confounds,25,147,26,0.3469387755102041,0.6049836601307189,0.4558438374452861,0.6026348039215687,0.6190476190476191,0.24662090137146653,0.6923706761224577
responsive_vs_lor_all_phases,gcc_regime_plus_confounds,26,147,26,0.3469387755102041,0.5081699346405228,0.34969321596238967,0.5487132352941176,0.5306122448979592,0.2624789578661185,0.7231443156066851
responsive_vs_lor_all_phases,gcc_regime_plus_confounds,27,147,26,0.3469387755102041,0.5765931372549019,0.42617634730819565,0.5897671568627452,0.5782312925170068,0.24921210212492706,0.6888694787062156
responsive_vs_lor_all_phases,gcc_regime_plus_confounds,28,147,26,0.3469387755102041,0.46425653594771243,0.33875596754436493,0.5291053921568627,0.5170068027210885,0.2618702307083358,0.7186177373347616
responsive_vs_lor_all_phases,gcc_regime_plus_confounds,29,147,26,0.3469387755102041,0.5627042483660131,0.41151647254761925,0.5603553921568627,0.5578231292517006,0.2545005685134191,0.7064297661133239
responsive_vs_lor_all_phases,gcc_regime_plus_confounds,30,147,26,0.3469387755102041,0.5022467320261438,0.3591222812578767,0.48774509803921573,0.5170068027210885,0.2601250951042398,0.7187161980501107
responsive_vs_lor_all_phases,gcc_regime_plus_confounds,31,147,26,0.3469387755102041,0.4838643790849673,0.3229359718477431,0.4806985294117647,0.4897959183673469,0.26613062278885424,0.727936507563255
responsive_vs_lor_all_phases,gcc_regime_plus_confounds,32,147,26,0.3469387755102041,0.5984477124183006,0.4683639960159186,0.5667892156862745,0.5782312925170068,0.24474043758534764,0.6816111975061009
responsive_vs_lor_all_phases,gcc_regime_plus_confounds,33,147,26,0.3469387755102041,0.619281045751634,0.4743891695841963,0.6182598039215687,0.6394557823129252,0.23829478055310566,0.6696284851457376
responsive_vs_lor_all_phases,gcc_regime_plus_confounds,34,147,26,0.3469387755102041,0.41646241830065356,0.2898382262727359,0.43137254901960786,0.4013605442176871,0.26512229235780066,0.7197790709707627
responsive_vs_lor_all_phases,gcc_regime_plus_confounds,35,147,26,0.3469387755102041,0.4515931372549019,0.30449467351410014,0.4794730392156863,0.47619047619047616,0.2690515797685336,0.7368963061934278
responsive_vs_lor_all_phases,gcc_regime_plus_confounds,36,147,26,0.3469387755102041,0.5022467320261438,0.3677896648707033,0.5067401960784313,0.5238095238095238,0.26107986375615383,0.7198351559437369
responsive_vs_lor_all_phases,gcc_regime_plus_confounds,37,147,26,0.3469387755102041,0.5228758169934641,0.3911834956941561,0.47089460784313725,0.48299319727891155,0.25802387638415664,0.710437692914872
responsive_vs_lor_all_phases,gcc_regime_plus_confounds,38,147,26,0.3469387755102041,0.45445261437908496,0.3260909684460951,0.5269607843137255,0.54421768707483,0.26698458095428634,0.7309950722098697
responsive_vs_lor_all_phases,gcc_regime_plus_confounds,39,147,26,0.3469387755102041,0.41482843137254904,0.2972081213221943,0.45649509803921573,0.47619047619047616,0.2670237354295694,0.7286274206718127
responsive_vs_lor_all_phases,gcc_regime_plus_confounds,40,147,26,0.3469387755102041,0.497140522875817,0.34037337650695754,0.5799632352941176,0.5714285714285714,0.26397601603706633,0.7244115236610402
responsive_vs_lor_all_phases,gcc_regime_plus_confounds,41,147,26,0.3469387755102041,0.5520833333333334,0.3912135637130489,0.5628063725490196,0.5850340136054422,0.2558626762431021,0.7117245266154588
responsive_vs_lor_all_phases,gcc_regime_plus_confounds,42,147,26,0.3469387755102041,0.3555964052287582,0.27074836652899037,0.4142156862745098,0.41496598639455784,0.2714494849738862,0.7371774410740063
responsive_vs_lor_all_phases,gcc_regime_plus_confounds,43,147,26,0.3469387755102041,0.5645424836601307,0.44494528451739185,0.5615808823529411,0.5714285714285714,0.2524030322426756,0.6997832764692792
responsive_vs_lor_all_phases,gcc_regime_plus_confounds,44,147,26,0.3469387755102041,0.625,0.44175669867473333,0.6268382352941176,0.6326530612244898,0.24172704230914385,0.6817111766794764
responsive_vs_lor_all_phases,gcc_regime_plus_confounds,45,147,26,0.3469387755102041,0.3666258169934641,0.28202021772896335,0.3606004901960784,0.38095238095238093,0.27003308309362645,0.7342892686530731
responsive_vs_lor_all_phases,gcc_regime_plus_confounds,46,147,26,0.3469387755102041,0.5892565359477124,0.3960218085196123,0.6204044117647058,0.6122448979591837,0.25327722853927326,0.7076738905696085
responsive_vs_lor_all_phases,gcc_regime_plus_confounds,47,147,26,0.3469387755102041,0.5071486928104576,0.3435382779991899,0.5615808823529411,0.5714285714285714,0.2624437002156597,0.7219010054052295
responsive_vs_lor_all_phases,gcc_regime_plus_confounds,48,147,26,0.3469387755102041,0.465890522875817,0.3190326018232068,0.4898897058823529,0.4897959183673469,0.2638736729047196,0.7229596890342792
responsive_vs_lor_all_phases,gcc_regime_plus_confounds,49,147,26,0.3469387755102041,0.46977124183006536,0.31893548858196974,0.5205269607843137,0.5238095238095238,0.262986202564245,0.7203762470831795
responsive_vs_lor_all_phases,gcc_regime_plus_confounds,50,147,26,0.3469387755102041,0.4944852941176471,0.3652996490162609,0.4650735294117647,0.46938775510204084,0.2562666930786432,0.7054405197389313
responsive_vs_lor_all_phases,gcc_regime_plus_confounds,51,147,26,0.3469387755102041,0.4554738562091503,0.31594398428068926,0.45067401960784315,0.46258503401360546,0.2679137268182569,0.7327023954712434
responsive_vs_lor_all_phases,gcc_regime_plus_confounds,52,147,26,0.3469387755102041,0.5351307189542484,0.35795587432857423,0.5082720588235294,0.4897959183673469,0.25636048641224185,0.7062011492099947
responsive_vs_lor_all_phases,gcc_regime_plus_confounds,53,147,26,0.3469387755102041,0.4756944444444445,0.33493868794002396,0.5015318627450981,0.5170068027210885,0.2637022584615632,0.7221253126984122
responsive_vs_lor_all_phases,gcc_regime_plus_confounds,54,147,26,0.3469387755102041,0.5292075163398693,0.37956502366820755,0.5321691176470589,0.5510204081632653,0.2574123123309717,0.7183907261033647
responsive_vs_lor_all_phases,gcc_regime_plus_confounds,55,147,26,0.3469387755102041,0.4050245098039216,0.3013258338769651,0.40042892156862747,0.41496598639455784,0.26868202784542394,0.7332506191924493
responsive_vs_lor_all_phases,gcc_regime_plus_confounds,56,147,26,0.3469387755102041,0.4552696078431373,0.3163198318494481,0.5003063725490196,0.5034013605442177,0.26995572422549136,0.7377954153057089
responsive_vs_lor_all_phases,gcc_regime_plus_confounds,57,147,26,0.3469387755102041,0.49959150326797386,0.34897848388114394,0.5003063725490196,0.5034013605442177,0.260038260862523,0.7169568488268381
responsive_vs_lor_all_phases,gcc_regime_plus_confounds,58,147,26,0.3469387755102041,0.5222630718954249,0.37777904335762197,0.4923406862745098,0.5170068027210885,0.26103699291162774,0.7211701118459273
responsive_vs_lor_all_phases,gcc_regime_plus_confounds,59,147,26,0.3469387755102041,0.47814542483660133,0.35282062741139814,0.5107230392156863,0.5170068027210885,0.2635137112953412,0.7229287796446041
responsive_vs_lor_all_phases,gcc_regime_plus_confounds,60,147,26,0.3469387755102041,0.5224673202614378,0.39942205770075523,0.48774509803921573,0.5170068027210885,0.25630267011275004,0.7081918433739866
responsive_vs_lor_all_phases,gcc_regime_plus_confounds,61,147,26,0.3469387755102041,0.4616013071895425,0.3475768860866653,0.47028186274509803,0.47619047619047616,0.2649216646448261,0.7242414726404737
responsive_vs_lor_all_phases,gcc_regime_plus_confounds,62,147,26,0.3469387755102041,0.4528186274509804,0.3168651016580599,0.5315563725490196,0.54421768707483,0.2658544001433861,0.7267208141089132
responsive_vs_lor_all_phases,gcc_regime_plus_confounds,63,147,26,0.3469387755102041,0.5055147058823529,0.3658871798890706,0.5401348039215687,0.5374149659863946,0.2587993702694674,0.711643122560941
responsive_vs_lor_all_phases,gcc_regime_plus_confounds,64,147,26,0.3469387755102041,0.3641748366013072,0.26940800195905,0.43443627450980393,0.43537414965986393,0.2682720249573278,0.7293623098890518
responsive_vs_lor_all_phases,gcc_regime_plus_confounds,65,147,26,0.3469387755102041,0.3308823529411765,0.2610560778751507,0.40104166666666663,0.4217687074829932,0.2723702804522915,0.7404256882510925
responsive_vs_lor_all_phases,gcc_regime_plus_confounds,66,147,26,0.3469387755102041,0.48958333333333337,0.33595912610996215,0.5395220588235294,0.5306122448979592,0.26462126499979216,0.72533512116773
responsive_vs_lor_all_phases,gcc_regime_plus_confounds,67,147,26,0.3469387755102041,0.41666666666666663,0.29675363822986794,0.4724264705882353,0.4489795918367347,0.2713839074368739,0.7397346109964464
responsive_vs_lor_all_phases,gcc_regime_plus_confounds,68,147,26,0.3469387755102041,0.5782271241830065,0.4568028305571849,0.5661764705882353,0.5714285714285714,0.24618781782761018,0.6861780686033914
responsive_vs_lor_all_phases,gcc_regime_plus_confounds,69,147,26,0.3469387755102041,0.5594362745098039,0.43618905564371846,0.5361519607843137,0.54421768707483,0.25302665392491597,0.7007111672693361
responsive_vs_lor_all_phases,gcc_regime_plus_confounds,70,147,26,0.3469387755102041,0.5494281045751634,0.39596182469514746,0.5713848039215687,0.5782312925170068,0.2550244586155291,0.7062669200571771
responsive_vs_lor_all_phases,gcc_regime_plus_confounds,71,147,26,0.3469387755102041,0.4334150326797386,0.30686730611907576,0.47150735294117646,0.4897959183673469,0.27335617878722784,0.7435447274336596
responsive_vs_lor_all_phases,gcc_regime_plus_confounds,72,147,26,0.3469387755102041,0.5083741830065359,0.3696231944164392,0.4950980392156863,0.4965986394557823,0.2631632014699255,0.7256182113701121
responsive_vs_lor_all_phases,gcc_regime_plus_confounds,73,147,26,0.3469387755102041,0.46405228758169936,0.33034047354925467,0.5159313725490196,0.5238095238095238,0.26491231434948326,0.7254834299150853
responsive_vs_lor_all_phases,gcc_regime_plus_confounds,74,147,26,0.3469387755102041,0.47467320261437906,0.31966664169110126,0.5223651960784313,0.54421768707483,0.2668320274026429,0.7314943761753234
responsive_vs_lor_all_phases,gcc_regime_plus_confounds,75,147,26,0.3469387755102041,0.3946078431372549,0.28847335333803154,0.4083946078431373,0.4013605442176871,0.2702127881333203,0.7347278714703201
responsive_vs_lor_all_phases,gcc_regime_plus_confounds,76,147,26,0.3469387755102041,0.4564950980392157,0.3209310074076815,0.4944852941176471,0.4897959183673469,0.2682656899156325,0.7329648789295866
responsive_vs_lor_all_phases,gcc_regime_plus_confounds,77,147,26,0.3469387755102041,0.4840686274509804,0.3915640836670251,0.5131740196078431,0.54421768707483,0.2587424472362262,0.7122749371271712
responsive_vs_lor_all_phases,gcc_regime_plus_confounds,78,147,26,0.3469387755102041,0.5535130718954249,0.3786850470931954,0.5707720588235294,0.5714285714285714,0.25720745196131073,0.7144014835454202
responsive_vs_lor_all_phases,gcc_regime_plus_confounds,79,147,26,0.3469387755102041,0.5580065359477124,0.42485112417238485,0.5379901960784313,0.564625850340136,0.24861567728863906,0.6915964918002497
responsive_vs_lor_all_phases,gcc_regime_plus_confounds,80,147,26,0.3469387755102041,0.5296160130718954,0.36900581888540673,0.5419730392156863,0.5578231292517006,0.25872070409005876,0.7142036018327138
responsive_vs_lor_all_phases,gcc_regime_plus_confounds,81,147,26,0.3469387755102041,0.5359477124183006,0.36581208661446774,0.545343137254902,0.54421768707483,0.25555059160109594,0.7056387507152183
responsive_vs_lor_all_phases,gcc_regime_plus_confounds,82,147,26,0.3469387755102041,0.5118464052287581,0.3621293882406099,0.49050245098039214,0.4965986394557823,0.2589881861108321,0.7116314486072901
responsive_vs_lor_all_phases,gcc_regime_plus_confounds,83,147,26,0.3469387755102041,0.40727124183006536,0.3354534037651906,0.4310661764705882,0.4489795918367347,0.27110263020716635,0.7408503026416324
responsive_vs_lor_all_phases,gcc_regime_plus_confounds,84,147,26,0.3469387755102041,0.5339052287581699,0.4273962134408468,0.49111519607843135,0.5034013605442177,0.25353642672339427,0.7007816212275403
responsive_vs_lor_all_phases,gcc_regime_plus_confounds,85,147,26,0.3469387755102041,0.3741830065359477,0.2807186988352713,0.45986519607843135,0.46258503401360546,0.2723732002899853,0.740109618352571
responsive_vs_lor_all_phases,gcc_regime_plus_confounds,86,147,26,0.3469387755102041,0.5569852941176471,0.3648998898334317,0.5741421568627452,0.5578231292517006,0.25597490063742284,0.715196682212506
responsive_vs_lor_all_phases,gcc_regime_plus_confounds,87,147,26,0.3469387755102041,0.46568627450980393,0.33256719904713355,0.4571078431372549,0.48299319727891155,0.2607527674375061,0.7159217220830253
responsive_vs_lor_all_phases,gcc_regime_plus_confounds,88,147,26,0.3469387755102041,0.45792483660130723,0.36957303145617426,0.45128676470588236,0.46938775510204084,0.2617075292201726,0.7168047197606405
responsive_vs_lor_all_phases,gcc_regime_plus_confounds,89,147,26,0.3469387755102041,0.47814542483660133,0.32732046442588536,0.5330882352941176,0.5102040816326531,0.26204927772815323,0.7206409763566285
responsive_vs_lor_all_phases,gcc_regime_plus_confounds,90,147,26,0.3469387755102041,0.35866013071895425,0.2719923559491726,0.3964460784313726,0.4217687074829932,0.2689311788094218,0.732227632490619
responsive_vs_lor_all_phases,gcc_regime_plus_confounds,91,147,26,0.3469387755102041,0.4470996732026144,0.35634502300981175,0.4610906862745098,0.47619047619047616,0.26567845816526814,0.7264901984999544
responsive_vs_lor_all_phases,gcc_regime_plus_confounds,92,147,26,0.3469387755102041,0.5792483660130718,0.42570972616796854,0.5287990196078431,0.564625850340136,0.24847845013094635,0.6905077726678694
responsive_vs_lor_all_phases,gcc_regime_plus_confounds,93,147,26,0.3469387755102041,0.33496732026143794,0.26231491930852735,0.4050245098039216,0.41496598639455784,0.27367523494264745,0.7430605231093712
responsive_vs_lor_all_phases,gcc_regime_plus_confounds,94,147,26,0.3469387755102041,0.5300245098039216,0.3889966682821636,0.5153186274509804,0.5170068027210885,0.25824088420540453,0.7137614110420996
responsive_vs_lor_all_phases,gcc_regime_plus_confounds,95,147,26,0.3469387755102041,0.5516748366013072,0.36840743747369376,0.578125,0.5510204081632653,0.25469908496202015,0.7068344680821509
responsive_vs_lor_all_phases,gcc_regime_plus_confounds,96,147,26,0.3469387755102041,0.5504493464052288,0.38767156609922165,0.5269607843137255,0.54421768707483,0.25481989828575025,0.7081666898635229
responsive_vs_lor_all_phases,gcc_regime_plus_confounds,97,147,26,0.3469387755102041,0.3944035947712418,0.3098272313853234,0.44485294117647056,0.4489795918367347,0.2684952033225177,0.7319062895013951
responsive_vs_lor_all_phases,gcc_regime_plus_confounds,98,147,26,0.3469387755102041,0.517361111111111,0.39115283511279675,0.5049019607843137,0.5034013605442177,0.26083833429091247,0.7184383439574641
responsive_vs_lor_all_phases,gcc_regime_plus_confounds,99,147,26,0.3469387755102041,0.5118464052287581,0.3428884036958141,0.5049019607843137,0.5034013605442177,0.2587837933306652,0.7128984755829463
responsive_vs_lor_all_phases,gcc_regime_plus_confounds,100,147,26,0.3469387755102041,0.5204248366013071,0.35398918588042283,0.5337009803921569,0.5170068027210885,0.2560332663326937,0.7045219241892507
responsive_vs_lor_all_phases,full_standard_plus_gcc,1,147,26,0.3469387755102041,0.5220588235294118,0.3394664517999415,0.5395220588235294,0.5306122448979592,0.25920960940618953,0.7162724603001818
responsive_vs_lor_all_phases,full_standard_plus_gcc,2,147,26,0.3469387755102041,0.5220588235294118,0.3541589781127805,0.5055147058823529,0.5102040816326531,0.25913925081537553,0.7126296918811533
responsive_vs_lor_all_phases,full_standard_plus_gcc,3,147,26,0.3469387755102041,0.5114379084967321,0.3497484569261365,0.5303308823529411,0.5306122448979592,0.26032841821170255,0.7184260490488175
responsive_vs_lor_all_phases,full_standard_plus_gcc,4,147,26,0.3469387755102041,0.5149101307189542,0.41186407219807564,0.4917279411764706,0.5102040816326531,0.2550725235759935,0.7059162860579238
responsive_vs_lor_all_phases,full_standard_plus_gcc,5,147,26,0.3469387755102041,0.3533496732026144,0.29413204814616317,0.4114583333333333,0.43537414965986393,0.2740555335516116,0.7432414482984909
responsive_vs_lor_all_phases,full_standard_plus_gcc,6,147,26,0.3469387755102041,0.45241013071895425,0.3177463904381124,0.4761029411764706,0.4897959183673469,0.265262634412034,0.7265187079614537
responsive_vs_lor_all_phases,full_standard_plus_gcc,7,147,26,0.3469387755102041,0.5255310457516339,0.3487978831106986,0.5245098039215687,0.5170068027210885,0.26350318152762586,0.7248855922366918
responsive_vs_lor_all_phases,full_standard_plus_gcc,8,147,26,0.3469387755102041,0.5737336601307189,0.4585968044918201,0.5361519607843137,0.54421768707483,0.2472739670458818,0.688305602148369
responsive_vs_lor_all_phases,full_standard_plus_gcc,9,147,26,0.3469387755102041,0.5629084967320261,0.41084208214716467,0.5199142156862745,0.5170068027210885,0.24906714535046526,0.6913100514221232
responsive_vs_lor_all_phases,full_standard_plus_gcc,10,147,26,0.3469387755102041,0.42116013071895425,0.31355788768852555,0.4362745098039216,0.4557823129251701,0.26718940445028594,0.7293144264879409
responsive_vs_lor_all_phases,full_standard_plus_gcc,11,147,26,0.3469387755102041,0.5365604575163399,0.3948531238276905,0.5818014705882353,0.5918367346938775,0.2559780440671468,0.709138810654213
responsive_vs_lor_all_phases,full_standard_plus_gcc,12,147,26,0.3469387755102041,0.5919117647058824,0.43448386118820853,0.5772058823529411,0.5918367346938775,0.2476629246037399,0.6946548726015834
responsive_vs_lor_all_phases,full_standard_plus_gcc,13,147,26,0.3469387755102041,0.443218954248366,0.3283776890214466,0.4923406862745098,0.5170068027210885,0.26512180612852254,0.7275059623712434
responsive_vs_lor_all_phases,full_standard_plus_gcc,14,147,26,0.3469387755102041,0.4705882352941177,0.31833028451195455,0.46047794117647056,0.46938775510204084,0.26832906722045197,0.7332886014186291
responsive_vs_lor_all_phases,full_standard_plus_gcc,15,147,26,0.3469387755102041,0.5663807189542484,0.40761586437851555,0.5701593137254902,0.564625850340136,0.2524890164195765,0.6999900635819846
responsive_vs_lor_all_phases,full_standard_plus_gcc,16,147,26,0.3469387755102041,0.6025326797385621,0.43535876971405374,0.545343137254902,0.54421768707483,0.24597851649382296,0.6891041799025875
responsive_vs_lor_all_phases,full_standard_plus_gcc,17,147,26,0.3469387755102041,0.5518790849673203,0.390688173562628,0.5563725490196079,0.564625850340136,0.25548823812290816,0.7059566770716688
responsive_vs_lor_all_phases,full_standard_plus_gcc,18,147,26,0.3469387755102041,0.5506535947712419,0.38237476363162287,0.5799632352941176,0.5714285714285714,0.2581443340368254,0.7141409626875916
responsive_vs_lor_all_phases,full_standard_plus_gcc,19,147,26,0.3469387755102041,0.6113153594771241,0.4637299985806434,0.6124387254901961,0.6258503401360545,0.24120780625041785,0.6848049564729575
responsive_vs_lor_all_phases,full_standard_plus_gcc,20,147,26,0.3469387755102041,0.5367647058823529,0.3737770561043168,0.553921568627451,0.5374149659863946,0.2576427254797426,0.7125992271178473
responsive_vs_lor_all_phases,full_standard_plus_gcc,21,147,26,0.3469387755102041,0.5075571895424837,0.32776020311864534,0.5003063725490196,0.5034013605442177,0.26088291745509695,0.7148795093934817
responsive_vs_lor_all_phases,full_standard_plus_gcc,22,147,26,0.3469387755102041,0.4779411764705882,0.3349085119355448,0.5153186274509804,0.5170068027210885,0.26711370873366075,0.730242592032247
responsive_vs_lor_all_phases,full_standard_plus_gcc,23,147,26,0.3469387755102041,0.576388888888889,0.4454858766434276,0.6106004901960784,0.6054421768707483,0.2520005903110327,0.7009834276181848
responsive_vs_lor_all_phases,full_standard_plus_gcc,24,147,26,0.3469387755102041,0.4799836601307189,0.36374409248459993,0.461703431372549,0.48299319727891155,0.2621890971903224,0.7198975832502078
responsive_vs_lor_all_phases,full_standard_plus_gcc,25,147,26,0.3469387755102041,0.4375,0.3147808711664365,0.42585784313725494,0.4421768707482993,0.26838066744840455,0.7341593442379807
responsive_vs_lor_all_phases,full_standard_plus_gcc,26,147,26,0.3469387755102041,0.45363562091503273,0.31298098234993416,0.48131127450980393,0.4965986394557823,0.2658244834705861,0.7274150529219783
responsive_vs_lor_all_phases,full_standard_plus_gcc,27,147,26,0.3469387755102041,0.34048202614379086,0.26671876564495023,0.3716299019607843,0.4013605442176871,0.27463444334667164,0.7444655656249027
responsive_vs_lor_all_phases,full_standard_plus_gcc,28,147,26,0.3469387755102041,0.4291258169934641,0.31033381628179263,0.4650735294117647,0.46938775510204084,0.2770943794673956,0.751742618549272
responsive_vs_lor_all_phases,full_standard_plus_gcc,29,147,26,0.3469387755102041,0.5970179738562091,0.43964140600914264,0.5753676470588236,0.5714285714285714,0.2470739926001369,0.6899160784002812
responsive_vs_lor_all_phases,full_standard_plus_gcc,30,147,26,0.3469387755102041,0.5845588235294118,0.4210688070255455,0.592218137254902,0.6054421768707483,0.24912131482936517,0.6996733414473625
responsive_vs_lor_all_phases,full_standard_plus_gcc,31,147,26,0.3469387755102041,0.4013480392156863,0.29748521811765893,0.40042892156862747,0.41496598639455784,0.2716958031684239,0.7386955599916731
responsive_vs_lor_all_phases,full_standard_plus_gcc,32,147,26,0.3469387755102041,0.46834150326797386,0.35247343892157634,0.461703431372549,0.48299319727891155,0.2644270610059084,0.7258484543515077
responsive_vs_lor_all_phases,full_standard_plus_gcc,33,147,26,0.3469387755102041,0.5261437908496732,0.3717221354374785,0.5009191176470589,0.5102040816326531,0.25818921097585873,0.7107063822119911
responsive_vs_lor_all_phases,full_standard_plus_gcc,34,147,26,0.3469387755102041,0.588031045751634,0.39629213501834626,0.616421568627451,0.6190476190476191,0.2523277412910965,0.7029783339509494
responsive_vs_lor_all_phases,full_standard_plus_gcc,35,147,26,0.3469387755102041,0.4532271241830066,0.31059974106645594,0.5082720588235294,0.4897959183673469,0.2673102832026796,0.729531539865574
responsive_vs_lor_all_phases,full_standard_plus_gcc,36,147,26,0.3469387755102041,0.5314542483660131,0.3858908673483017,0.5367647058823529,0.5510204081632653,0.2606955602806644,0.7211527311159821
responsive_vs_lor_all_phases,full_standard_plus_gcc,37,147,26,0.3469387755102041,0.4242238562091503,0.3016329773755427,0.4852941176470588,0.4897959183673469,0.2650294535379045,0.7237355778479544
responsive_vs_lor_all_phases,full_standard_plus_gcc,38,147,26,0.3469387755102041,0.5016339869281046,0.3284485127867999,0.5441176470588236,0.5306122448979592,0.25654389789987553,0.7061040240912871
responsive_vs_lor_all_phases,full_standard_plus_gcc,39,147,26,0.3469387755102041,0.4605800653594771,0.32114753257287343,0.5082720588235294,0.4897959183673469,0.2651388366766172,0.7293912749871803
responsive_vs_lor_all_phases,full_standard_plus_gcc,40,147,26,0.3469387755102041,0.4424019607843137,0.32151244807139845,0.48253676470588236,0.5102040816326531,0.27187573352999694,0.7447329879832542
responsive_vs_lor_all_phases,full_standard_plus_gcc,41,147,26,0.3469387755102041,0.4613970588235294,0.3677133797218501,0.5079656862745098,0.5374149659863946,0.25912484514808126,0.7122573915715745
responsive_vs_lor_all_phases,full_standard_plus_gcc,42,147,26,0.3469387755102041,0.48549836601307195,0.3815866922188811,0.5021446078431373,0.5238095238095238,0.2632867643659431,0.7254795839623307
responsive_vs_lor_all_phases,full_standard_plus_gcc,43,147,26,0.3469387755102041,0.39522058823529405,0.29032985813745305,0.40441176470588236,0.40816326530612246,0.2746048375067321,0.7459089478050724
responsive_vs_lor_all_phases,full_standard_plus_gcc,44,147,26,0.3469387755102041,0.5051062091503268,0.3652433058738197,0.5113357843137255,0.5238095238095238,0.26206718377620286,0.7204944070414422
responsive_vs_lor_all_phases,full_standard_plus_gcc,45,147,26,0.3469387755102041,0.39726307189542487,0.2880179841995302,0.43229166666666663,0.46258503401360546,0.27395497544709974,0.7442065726718609
responsive_vs_lor_all_phases,full_standard_plus_gcc,46,147,26,0.3469387755102041,0.48059640522875813,0.32711343850998015,0.4923406862745098,0.5170068027210885,0.26297313128130484,0.7221520676176247
responsive_vs_lor_all_phases,full_standard_plus_gcc,47,147,26,0.3469387755102041,0.5618872549019608,0.40327707782628264,0.5732230392156863,0.5986394557823129,0.2541330924736777,0.7086807918234302
responsive_vs_lor_all_phases,full_standard_plus_gcc,48,147,26,0.3469387755102041,0.49550653594771243,0.34909046259389276,0.5067401960784313,0.5238095238095238,0.2632991156759207,0.7259839064005111
responsive_vs_lor_all_phases,full_standard_plus_gcc,49,147,26,0.3469387755102041,0.5449346405228758,0.3718630301274506,0.5193014705882353,0.5102040816326531,0.2571602557332124,0.7135524651557287
responsive_vs_lor_all_phases,full_standard_plus_gcc,50,147,26,0.3469387755102041,0.6521650326797385,0.4667459241220476,0.625,0.6122448979591837,0.23604358052687696,0.6675241650608315
responsive_vs_lor_all_phases,full_standard_plus_gcc,51,147,26,0.3469387755102041,0.5279820261437909,0.37825003263435614,0.5223651960784313,0.54421768707483,0.2576742233863891,0.7108964277473514
responsive_vs_lor_all_phases,full_standard_plus_gcc,52,147,26,0.3469387755102041,0.4959150326797386,0.3371381281287361,0.5343137254901961,0.5238095238095238,0.2635240852704277,0.7227261572014156
responsive_vs_lor_all_phases,full_standard_plus_gcc,53,147,26,0.3469387755102041,0.43913398692810457,0.31453903260802485,0.45128676470588236,0.46938775510204084,0.2682764459734295,0.7317392054426234
responsive_vs_lor_all_phases,full_standard_plus_gcc,54,147,26,0.3469387755102041,0.6217320261437909,0.4818238232459206,0.5603553921568627,0.5578231292517006,0.24064764147528875,0.676397706924509
responsive_vs_lor_all_phases,full_standard_plus_gcc,55,147,26,0.3469387755102041,0.48202614379084974,0.3384673925972389,0.4742647058823529,0.46938775510204084,0.26076381933013676,0.7180775031476853
responsive_vs_lor_all_phases,full_standard_plus_gcc,56,147,26,0.3469387755102041,0.40461601307189543,0.31211863216491315,0.4298406862745098,0.43537414965986393,0.2712542508527589,0.7374926606687369
responsive_vs_lor_all_phases,full_standard_plus_gcc,57,147,26,0.3469387755102041,0.4789624183006536,0.32501526324274843,0.5199142156862745,0.5170068027210885,0.2696458870085026,0.7386884269507057
responsive_vs_lor_all_phases,full_standard_plus_gcc,58,147,26,0.3469387755102041,0.4930555555555556,0.39712993438827127,0.44669117647058826,0.46938775510204084,0.25981771099027196,0.7148539529791731
responsive_vs_lor_all_phases,full_standard_plus_gcc,59,147,26,0.3469387755102041,0.573937908496732,0.40369765329201457,0.5793504901960784,0.564625850340136,0.2506306918932797,0.6901713827530198
responsive_vs_lor_all_phases,full_standard_plus_gcc,60,147,26,0.3469387755102041,0.5408496732026143,0.3782747597572802,0.529718137254902,0.5238095238095238,0.25691617106518666,0.7178970241770383
responsive_vs_lor_all_phases,full_standard_plus_gcc,61,147,26,0.3469387755102041,0.4074754901960784,0.2920740103930937,0.4696691176470588,0.46938775510204084,0.27352522686681213,0.744147657593729
responsive_vs_lor_all_phases,full_standard_plus_gcc,62,147,26,0.3469387755102041,0.5122549019607844,0.3441768318991588,0.5088848039215687,0.4965986394557823,0.25722851637935285,0.7119257629740179
responsive_vs_lor_all_phases,full_standard_plus_gcc,63,147,26,0.3469387755102041,0.4973447712418301,0.35826095087698373,0.5119485294117647,0.5306122448979592,0.25790401834138027,0.7097507862275528
responsive_vs_lor_all_phases,full_standard_plus_gcc,64,147,26,0.3469387755102041,0.6084558823529411,0.4333681347179817,0.6151960784313726,0.6054421768707483,0.24203740310564356,0.6783026813740288
responsive_vs_lor_all_phases,full_standard_plus_gcc,65,147,26,0.3469387755102041,0.6174428104575164,0.4737394074970348,0.572610294117647,0.5918367346938775,0.2417324770340354,0.6819115718586575
responsive_vs_lor_all_phases,full_standard_plus_gcc,66,147,26,0.3469387755102041,0.45261437908496727,0.34165561182582027,0.45588235294117646,0.46938775510204084,0.268188874633393,0.7321180967741692
responsive_vs_lor_all_phases,full_standard_plus_gcc,67,147,26,0.3469387755102041,0.483047385620915,0.36092918967379206,0.5327818627450981,0.5578231292517006,0.26057500279216833,0.7163012211827562
responsive_vs_lor_all_phases,full_standard_plus_gcc,68,147,26,0.3469387755102041,0.5706699346405228,0.422788498306722,0.5401348039215687,0.5374149659863946,0.24948364468240095,0.6935365209710841
responsive_vs_lor_all_phases,full_standard_plus_gcc,69,147,26,0.3469387755102041,0.3872549019607843,0.28117663463523873,0.4476102941176471,0.42857142857142855,0.27011071423251937,0.7343024200596068
responsive_vs_lor_all_phases,full_standard_plus_gcc,70,147,26,0.3469387755102041,0.6119281045751634,0.42284747991948707,0.5447303921568627,0.5374149659863946,0.2470822539645038,0.6859250996463934
responsive_vs_lor_all_phases,full_standard_plus_gcc,71,147,26,0.3469387755102041,0.5014297385620915,0.3601368059682034,0.5107230392156863,0.5170068027210885,0.2627735648375346,0.7233307017933702
responsive_vs_lor_all_phases,full_standard_plus_gcc,72,147,26,0.3469387755102041,0.4470996732026144,0.3486469008107633,0.48253676470588236,0.5102040816326531,0.26488347806830886,0.7245733449455433
responsive_vs_lor_all_phases,full_standard_plus_gcc,73,147,26,0.3469387755102041,0.4509803921568628,0.33732790866803364,0.477328431372549,0.5034013605442177,0.26560620011851704,0.7277064719832079
responsive_vs_lor_all_phases,full_standard_plus_gcc,74,147,26,0.3469387755102041,0.4520016339869281,0.3486449751322913,0.4454656862745098,0.4557823129251701,0.26661254077154295,0.7284442041080248
responsive_vs_lor_all_phases,full_standard_plus_gcc,75,147,26,0.3469387755102041,0.397671568627451,0.2999234085438327,0.4362745098039216,0.4557823129251701,0.27070010442392706,0.7392369164369931
responsive_vs_lor_all_phases,full_standard_plus_gcc,76,147,26,0.3469387755102041,0.5241013071895425,0.3743058745261355,0.5245098039215687,0.5170068027210885,0.25761996039362095,0.7110178003997324
responsive_vs_lor_all_phases,full_standard_plus_gcc,77,147,26,0.3469387755102041,0.5422794117647058,0.42071004953235547,0.5986519607843137,0.6258503401360545,0.25046189050278195,0.6990943745847802
responsive_vs_lor_all_phases,full_standard_plus_gcc,78,147,26,0.3469387755102041,0.4707924836601307,0.3467499721569224,0.5211397058823529,0.5306122448979592,0.2620249539033577,0.7189100643959432
responsive_vs_lor_all_phases,full_standard_plus_gcc,79,147,26,0.3469387755102041,0.4660947712418301,0.33340383641537463,0.49325980392156865,0.47619047619047616,0.26219182001523494,0.7184842150714887
responsive_vs_lor_all_phases,full_standard_plus_gcc,80,147,26,0.3469387755102041,0.38235294117647056,0.29497175437199774,0.4056372549019608,0.4217687074829932,0.26933235248228926,0.7336120848802625
responsive_vs_lor_all_phases,full_standard_plus_gcc,81,147,26,0.3469387755102041,0.6484885620915033,0.5307283298584696,0.6253063725490196,0.6666666666666666,0.22862475804366236,0.6589883392273586
responsive_vs_lor_all_phases,full_standard_plus_gcc,82,147,26,0.3469387755102041,0.5923202614379085,0.3814326881361634,0.6308210784313726,0.6258503401360545,0.24705902552966386,0.6922187427180027
responsive_vs_lor_all_phases,full_standard_plus_gcc,83,147,26,0.3469387755102041,0.35559640522875824,0.28588046973453884,0.4387254901960784,0.48299319727891155,0.2732047974205989,0.7428693338634365
responsive_vs_lor_all_phases,full_standard_plus_gcc,84,147,26,0.3469387755102041,0.3253676470588235,0.2650654536849402,0.4050245098039216,0.41496598639455784,0.2751969934509102,0.7451802001993189
responsive_vs_lor_all_phases,full_standard_plus_gcc,85,147,26,0.3469387755102041,0.514501633986928,0.38115387996029676,0.5165441176470589,0.5306122448979592,0.26365675691833973,0.7266823422539197
responsive_vs_lor_all_phases,full_standard_plus_gcc,86,147,26,0.3469387755102041,0.4775326797385621,0.3451555777829075,0.5021446078431373,0.5238095238095238,0.2659286174514069,0.7308744592572711
responsive_vs_lor_all_phases,full_standard_plus_gcc,87,147,26,0.3469387755102041,0.4397467320261438,0.31021610640550024,0.45649509803921573,0.47619047619047616,0.2697416990373531,0.7360366265287307
responsive_vs_lor_all_phases,full_standard_plus_gcc,88,147,26,0.3469387755102041,0.4758986928104575,0.36873414878157407,0.48651960784313725,0.5034013605442177,0.2630969607355176,0.7213368699027379
responsive_vs_lor_all_phases,full_standard_plus_gcc,89,147,26,0.3469387755102041,0.5796568627450981,0.4221110196109191,0.5315563725490196,0.54421768707483,0.251670946988222,0.7045631061609784
responsive_vs_lor_all_phases,full_standard_plus_gcc,90,147,26,0.3469387755102041,0.5982434640522876,0.4300775843148619,0.5974264705882353,0.6122448979591837,0.24669577884998958,0.694851937686191
responsive_vs_lor_all_phases,full_standard_plus_gcc,91,147,26,0.3469387755102041,0.39542483660130723,0.2891210431854671,0.43443627450980393,0.43537414965986393,0.27041215374911365,0.7358605073440336
responsive_vs_lor_all_phases,full_standard_plus_gcc,92,147,26,0.3469387755102041,0.5680147058823529,0.4415430480626703,0.5165441176470589,0.5306122448979592,0.24848982924017432,0.6912158650126099
responsive_vs_lor_all_phases,full_standard_plus_gcc,93,147,26,0.3469387755102041,0.5886437908496732,0.40459647977073515,0.5759803921568627,0.5782312925170068,0.25042327944650705,0.6976472223974635
responsive_vs_lor_all_phases,full_standard_plus_gcc,94,147,26,0.3469387755102041,0.5018382352941175,0.37969315608487253,0.49693627450980393,0.5170068027210885,0.2587117304857805,0.7126260508401102
responsive_vs_lor_all_phases,full_standard_plus_gcc,95,147,26,0.3469387755102041,0.5810866013071896,0.453597602738411,0.5876225490196079,0.6054421768707483,0.24744531919038923,0.6928560688311393
responsive_vs_lor_all_phases,full_standard_plus_gcc,96,147,26,0.3469387755102041,0.33843954248366015,0.26550236850022185,0.3866421568627451,0.41496598639455784,0.27184340522161793,0.7386537187383536
responsive_vs_lor_all_phases,full_standard_plus_gcc,97,147,26,0.3469387755102041,0.4930555555555556,0.34149151215202467,0.5003063725490196,0.5034013605442177,0.2640716609710219,0.7255233667361497
responsive_vs_lor_all_phases,full_standard_plus_gcc,98,147,26,0.3469387755102041,0.4497549019607843,0.312130116987582,0.4540441176470588,0.4489795918367347,0.27202724377859944,0.7422928035818882
responsive_vs_lor_all_phases,full_standard_plus_gcc,99,147,26,0.3469387755102041,0.3651960784313726,0.2781471604263207,0.3802083333333333,0.3945578231292517,0.2674317527557895,0.7293716753504728
responsive_vs_lor_all_phases,full_standard_plus_gcc,100,147,26,0.3469387755102041,0.5531045751633987,0.40466626553911333,0.5517769607843137,0.564625850340136,0.25650374723229696,0.7105351368562622
prelor_vs_lor_task2,confounds_motion_propofol,1,50,25,0.5,0.3168,0.40302172495712546,0.42000000000000004,0.42,0.28594518401815383,0.7676479295669644
prelor_vs_lor_task2,confounds_motion_propofol,2,50,25,0.5,0.7183999999999999,0.7824520899919641,0.68,0.68,0.20539378151723145,0.6039645289336913
prelor_vs_lor_task2,confounds_motion_propofol,3,50,25,0.5,0.46399999999999997,0.44903801387412523,0.56,0.56,0.25642675166295226,0.7024238952816074
prelor_vs_lor_task2,confounds_motion_propofol,4,50,25,0.5,0.5584,0.5501151334037557,0.5800000000000001,0.58,0.2575499984129604,0.7139786292535035
prelor_vs_lor_task2,confounds_motion_propofol,5,50,25,0.5,0.09920000000000001,0.3334841393350457,0.2,0.2,0.29505630083500983,0.788274595861341
prelor_vs_lor_task2,confounds_motion_propofol,6,50,25,0.5,0.3216,0.4124272283763624,0.44,0.44,0.2832753990339736,0.7620444339019352
prelor_vs_lor_task2,confounds_motion_propofol,7,50,25,0.5,0.6752,0.6820386725605467,0.62,0.62,0.22974074979353534,0.6584748644117308
prelor_vs_lor_task2,confounds_motion_propofol,8,50,25,0.5,0.46399999999999997,0.4922609785066404,0.5,0.5,0.2714553627822163,0.7394440899612228
prelor_vs_lor_task2,confounds_motion_propofol,9,50,25,0.5,0.7328,0.7473459944592649,0.72,0.72,0.20447162673351849,0.5989040993280237
prelor_vs_lor_task2,confounds_motion_propofol,10,50,25,0.5,0.41600000000000004,0.44889498531382044,0.46,0.46,0.28595305246733194,0.7906236385693601
prelor_vs_lor_task2,confounds_motion_propofol,11,50,25,0.5,0.552,0.580163380339985,0.56,0.56,0.27212961006651226,0.765066205520077
prelor_vs_lor_task2,confounds_motion_propofol,12,50,25,0.5,0.4288,0.45830598675052936,0.48,0.48,0.28209997456306085,0.7724022419116281
prelor_vs_lor_task2,confounds_motion_propofol,13,50,25,0.5,0.6384,0.659062953080897,0.56,0.56,0.22651905674336759,0.6327812549122922
prelor_vs_lor_task2,confounds_motion_propofol,14,50,25,0.5,0.5024000000000001,0.5795820497775698,0.54,0.54,0.26404811333642114,0.7228867183912504
prelor_vs_lor_task2,confounds_motion_propofol,15,50,25,0.5,0.5056,0.49700257720909313,0.45999999999999996,0.46,0.25819649283464624,0.7088461986356401
prelor_vs_lor_task2,confounds_motion_propofol,16,50,25,0.5,0.42719999999999997,0.5307587544820123,0.38,0.38,0.26897364415883307,0.7313323070056663
prelor_vs_lor_task2,confounds_motion_propofol,17,50,25,0.5,0.2928,0.3915780713219121,0.33999999999999997,0.34,0.28223594029988314,0.7611616353308616
prelor_vs_lor_task2,confounds_motion_propofol,18,50,25,0.5,0.47840000000000005,0.49777408238112214,0.54,0.54,0.27870721492972,0.7617501817837576
prelor_vs_lor_task2,confounds_motion_propofol,19,50,25,0.5,0.5232,0.5004132221339068,0.5800000000000001,0.58,0.2700298074909763,0.7420632265854098
prelor_vs_lor_task2,confounds_motion_propofol,20,50,25,0.5,0.6848000000000001,0.6171191197359354,0.72,0.72,0.22333432588391275,0.6395883461384371
prelor_vs_lor_task2,confounds_motion_propofol,21,50,25,0.5,0.5296,0.5655921351876444,0.52,0.52,0.2606111525124563,0.7381175279666445
prelor_vs_lor_task2,confounds_motion_propofol,22,50,25,0.5,0.6095999999999999,0.615199369908047,0.6200000000000001,0.62,0.24471191541187914,0.6858472732082121
prelor_vs_lor_task2,confounds_motion_propofol,23,50,25,0.5,0.13119999999999998,0.3383653041283694,0.24,0.24,0.2928598499796185,0.7814083022574527
prelor_vs_lor_task2,confounds_motion_propofol,24,50,25,0.5,0.32480000000000003,0.4512106841053033,0.42,0.42,0.2807322841776404,0.7672315023950981
prelor_vs_lor_task2,confounds_motion_propofol,25,50,25,0.5,0.5024,0.5056330940513365,0.54,0.54,0.2649138914545115,0.726419490809901
prelor_vs_lor_task2,confounds_motion_propofol,26,50,25,0.5,0.448,0.489681391150294,0.48,0.48,0.27988098088776686,0.7692552757680022
prelor_vs_lor_task2,confounds_motion_propofol,27,50,25,0.5,0.36960000000000004,0.421425760629296,0.44,0.44,0.2778605488981322,0.7510206932347069
prelor_vs_lor_task2,confounds_motion_propofol,28,50,25,0.5,0.2864,0.38763949789552077,0.36,0.36,0.2869750893952378,0.7690188811595671
prelor_vs_lor_task2,confounds_motion_propofol,29,50,25,0.5,0.5264,0.5104082750468844,0.52,0.52,0.2703278313729237,0.7449183605350573
prelor_vs_lor_task2,confounds_motion_propofol,30,50,25,0.5,0.6976,0.6580018880915215,0.7,0.7,0.23569255759524257,0.6947397702565198
prelor_vs_lor_task2,confounds_motion_propofol,31,50,25,0.5,0.27040000000000003,0.3826537132527911,0.34,0.34,0.28849450442831764,0.7776075275606942
prelor_vs_lor_task2,confounds_motion_propofol,32,50,25,0.5,0.37439999999999996,0.41797766690545957,0.48,0.48,0.2830827981380511,0.7647776683162845
prelor_vs_lor_task2,confounds_motion_propofol,33,50,25,0.5,0.4064,0.4592528972810377,0.48,0.48,0.28097804562123224,0.7595471746480632
prelor_vs_lor_task2,confounds_motion_propofol,34,50,25,0.5,0.5296,0.6535086974419836,0.54,0.54,0.25051810864866514,0.6917160780743964
prelor_vs_lor_task2,confounds_motion_propofol,35,50,25,0.5,0.6688000000000001,0.6688310634813341,0.64,0.64,0.23809655167320326,0.6722000513197284
prelor_vs_lor_task2,confounds_motion_propofol,36,50,25,0.5,0.42719999999999997,0.5152911300492927,0.46,0.46,0.27112341619724417,0.7394302021500632
prelor_vs_lor_task2,confounds_motion_propofol,37,50,25,0.5,0.3488,0.4202216320037422,0.4,0.4,0.28793782574558086,0.7750535679448247
prelor_vs_lor_task2,confounds_motion_propofol,38,50,25,0.5,0.43520000000000003,0.45940948642110063,0.54,0.54,0.2802361591827847,0.7657823629657696
prelor_vs_lor_task2,confounds_motion_propofol,39,50,25,0.5,0.5424,0.5348846787275261,0.52,0.52,0.24912013681881348,0.6848986301161211
prelor_vs_lor_task2,confounds_motion_propofol,40,50,25,0.5,0.4352,0.45143456893085127,0.52,0.52,0.28551861203726886,0.7748480775793842
prelor_vs_lor_task2,confounds_motion_propofol,41,50,25,0.5,0.3968,0.4423058933147994,0.42,0.42,0.27817501497312375,0.753636226495758
prelor_vs_lor_task2,confounds_motion_propofol,42,50,25,0.5,0.48160000000000003,0.4673591211291813,0.56,0.56,0.268051552701023,0.7341639842773092
prelor_vs_lor_task2,confounds_motion_propofol,43,50,25,0.5,0.5168,0.5615835558393584,0.56,0.56,0.2627528593129204,0.730259388958112
prelor_vs_lor_task2,confounds_motion_propofol,44,50,25,0.5,0.5168,0.4799322519767252,0.66,0.66,0.25201158619148234,0.6982329374868407
prelor_vs_lor_task2,confounds_motion_propofol,45,50,25,0.5,0.5072,0.5095784358337414,0.54,0.54,0.2718387123382263,0.7472572228363431
prelor_vs_lor_task2,confounds_motion_propofol,46,50,25,0.5,0.14400000000000002,0.3465072414785841,0.18,0.18,0.29056433594286474,0.7762536933032365
prelor_vs_lor_task2,confounds_motion_propofol,47,50,25,0.5,0.5264,0.5770181273791273,0.46,0.46,0.267072968868521,0.7368880824182866
prelor_vs_lor_task2,confounds_motion_propofol,48,50,25,0.5,0.48160000000000003,0.5235452902345337,0.54,0.54,0.272903131216531,0.7439699153386273
prelor_vs_lor_task2,confounds_motion_propofol,49,50,25,0.5,0.38880000000000003,0.45553099545657627,0.45999999999999996,0.46,0.2849946313746081,0.7753231292003839
prelor_vs_lor_task2,confounds_motion_propofol,50,50,25,0.5,0.35840000000000005,0.43615539146750987,0.48,0.48,0.2838885924420558,0.7637620785464493
prelor_vs_lor_task2,confounds_motion_propofol,51,50,25,0.5,0.23359999999999997,0.3704340263399445,0.36,0.36,0.28808389198739165,0.7766627453748756
prelor_vs_lor_task2,confounds_motion_propofol,52,50,25,0.5,0.7552,0.7571314299735352,0.72,0.72,0.2053120331736201,0.6420559842307374
prelor_vs_lor_task2,confounds_motion_propofol,53,50,25,0.5,0.6016,0.595667990262229,0.6000000000000001,0.6,0.25088278201900344,0.7110828564008078
prelor_vs_lor_task2,confounds_motion_propofol,54,50,25,0.5,0.48960000000000004,0.5147885160725633,0.48,0.48,0.260033726465388,0.71261922702625
prelor_vs_lor_task2,confounds_motion_propofol,55,50,25,0.5,0.5616,0.5106283724160143,0.6,0.6,0.269719026693495,0.7507694902453567
prelor_vs_lor_task2,confounds_motion_propofol,56,50,25,0.5,0.4544,0.48052562909483576,0.48,0.48,0.27212295088877675,0.7421299861508384
prelor_vs_lor_task2,confounds_motion_propofol,57,50,25,0.5,0.1968,0.35668571918085024,0.30000000000000004,0.3,0.29015286038271326,0.7758767482770415
prelor_vs_lor_task2,confounds_motion_propofol,58,50,25,0.5,0.6255999999999999,0.607124661978546,0.66,0.66,0.24336383611847542,0.6851735500855703
prelor_vs_lor_task2,confounds_motion_propofol,59,50,25,0.5,0.5536000000000001,0.5847108359521679,0.6,0.6,0.257143413266419,0.7183095663383352
prelor_vs_lor_task2,confounds_motion_propofol,60,50,25,0.5,0.4,0.4611721228800389,0.54,0.54,0.28794370580820744,0.7764543574906675
prelor_vs_lor_task2,confounds_motion_propofol,61,50,25,0.5,0.47200000000000003,0.4737991445048337,0.54,0.54,0.2761863464577944,0.7552265056406751
prelor_vs_lor_task2,confounds_motion_propofol,62,50,25,0.5,0.6032,0.5849676874659111,0.62,0.62,0.2530211633569208,0.7096013070532681
prelor_vs_lor_task2,confounds_motion_propofol,63,50,25,0.5,0.5296,0.530623657245734,0.5800000000000001,0.58,0.26351811709033157,0.725716340016061
prelor_vs_lor_task2,confounds_motion_propofol,64,50,25,0.5,0.3888,0.42649997253116956,0.44,0.44,0.28030370267088495,0.7752798434476239
prelor_vs_lor_task2,confounds_motion_propofol,65,50,25,0.5,0.28,0.3812569086404445,0.34,0.34,0.2824730792272771,0.7595912617174924
prelor_vs_lor_task2,confounds_motion_propofol,66,50,25,0.5,0.4768,0.48297502915734847,0.5,0.5,0.271156037086259,0.7400582596079335
prelor_vs_lor_task2,confounds_motion_propofol,67,50,25,0.5,0.5792,0.5411353081231265,0.6000000000000001,0.6,0.25762109373497166,0.7268936796380242
prelor_vs_lor_task2,confounds_motion_propofol,68,50,25,0.5,0.12160000000000001,0.3363263017792175,0.26,0.26,0.29321963376883325,0.7839470445200982
prelor_vs_lor_task2,confounds_motion_propofol,69,50,25,0.5,0.5264,0.5855361494989433,0.5800000000000001,0.58,0.2536609670212251,0.7068044733115698
prelor_vs_lor_task2,confounds_motion_propofol,70,50,25,0.5,0.5840000000000001,0.6170581527660615,0.56,0.56,0.2510967404346586,0.6999684635137677
prelor_vs_lor_task2,confounds_motion_propofol,71,50,25,0.5,0.52,0.5073648252290991,0.46,0.46,0.2683650012830189,0.7383735624815573
prelor_vs_lor_task2,confounds_motion_propofol,72,50,25,0.5,0.6112,0.6598540269692618,0.72,0.72,0.2511084100249986,0.7330373464464164
prelor_vs_lor_task2,confounds_motion_propofol,73,50,25,0.5,0.4832,0.4843691054801327,0.4,0.4,0.2628334252932425,0.7189945896227696
prelor_vs_lor_task2,confounds_motion_propofol,74,50,25,0.5,0.49439999999999995,0.4916006462333341,0.56,0.56,0.26753345742420076,0.7380854927020825
prelor_vs_lor_task2,confounds_motion_propofol,75,50,25,0.5,0.392,0.4690717231161529,0.38,0.38,0.2779010986014389,0.7560021309653198
prelor_vs_lor_task2,confounds_motion_propofol,76,50,25,0.5,0.6144000000000001,0.6015596797114063,0.62,0.62,0.25461868651867214,0.7207892042754521
prelor_vs_lor_task2,confounds_motion_propofol,77,50,25,0.5,0.8368,0.8291816897196058,0.78,0.78,0.15785901617818066,0.480855249678941
prelor_vs_lor_task2,confounds_motion_propofol,78,50,25,0.5,0.3024,0.38726307392571985,0.36,0.36,0.2876838679125091,0.7732609113483971
prelor_vs_lor_task2,confounds_motion_propofol,79,50,25,0.5,0.7424,0.714019361260405,0.72,0.72,0.20567168520011778,0.6130359123325944
prelor_vs_lor_task2,confounds_motion_propofol,80,50,25,0.5,0.4944,0.48384279425160637,0.48,0.48,0.2679031569354719,0.7354636310863029
prelor_vs_lor_task2,confounds_motion_propofol,81,50,25,0.5,0.5456000000000001,0.5594544654079675,0.62,0.62,0.2698585113254871,0.7470239134714977
prelor_vs_lor_task2,confounds_motion_propofol,82,50,25,0.5,0.7504000000000001,0.7281185158551136,0.74,0.74,0.19849837608657409,0.5868074996089813
prelor_vs_lor_task2,confounds_motion_propofol,83,50,25,0.5,0.5744,0.5479364987794608,0.62,0.62,0.25959640344432594,0.7217824690122399
prelor_vs_lor_task2,confounds_motion_propofol,84,50,25,0.5,0.3168,0.4063356248975333,0.33999999999999997,0.34,0.2879338774203562,0.776697096972644
prelor_vs_lor_task2,confounds_motion_propofol,85,50,25,0.5,0.2304,0.36733679013383813,0.33999999999999997,0.34,0.2861263862165348,0.7677831395345338
prelor_vs_lor_task2,confounds_motion_propofol,86,50,25,0.5,0.4368,0.4707728540428056,0.45999999999999996,0.46,0.27874703770724685,0.7589710261070911
prelor_vs_lor_task2,confounds_motion_propofol,87,50,25,0.5,0.4384000000000001,0.45846191885393034,0.52,0.52,0.2822701787776104,0.7641331806400561
prelor_vs_lor_task2,confounds_motion_propofol,88,50,25,0.5,0.34400000000000003,0.40420924263351954,0.4,0.4,0.2781403753178025,0.7558538079811571
prelor_vs_lor_task2,confounds_motion_propofol,89,50,25,0.5,0.6032000000000001,0.6978040880973884,0.54,0.54,0.2532650835443897,0.7120776247297386
prelor_vs_lor_task2,confounds_motion_propofol,90,50,25,0.5,0.5680000000000001,0.5430717692036793,0.68,0.68,0.25764616479179425,0.7287711845756835
prelor_vs_lor_task2,confounds_motion_propofol,91,50,25,0.5,0.3392,0.4077874305444192,0.36,0.36,0.281901073973568,0.7605768650598399
prelor_vs_lor_task2,confounds_motion_propofol,92,50,25,0.5,0.3488,0.4449887442590562,0.4,0.4,0.28310627186881354,0.7663239281809802
prelor_vs_lor_task2,confounds_motion_propofol,93,50,25,0.5,0.5327999999999999,0.6211181780278403,0.54,0.54,0.2491904788048371,0.6886813209465916
prelor_vs_lor_task2,confounds_motion_propofol,94,50,25,0.5,0.4512,0.5150364783507184,0.48,0.48,0.26852340851061257,0.7388981194322232
prelor_vs_lor_task2,confounds_motion_propofol,95,50,25,0.5,0.5631999999999999,0.5996031399266464,0.5800000000000001,0.58,0.25930944621561536,0.7204172311529662
prelor_vs_lor_task2,confounds_motion_propofol,96,50,25,0.5,0.6352000000000001,0.5926817059891455,0.5800000000000001,0.58,0.24128459316032422,0.6799465163071099
prelor_vs_lor_task2,confounds_motion_propofol,97,50,25,0.5,0.4416,0.49720370725190005,0.5,0.5,0.27524727124427895,0.7475572490346092
prelor_vs_lor_task2,confounds_motion_propofol,98,50,25,0.5,0.488,0.5418210719295216,0.52,0.52,0.26527574119690056,0.7297431834056092
prelor_vs_lor_task2,confounds_motion_propofol,99,50,25,0.5,0.6095999999999999,0.61412276785818,0.5800000000000001,0.58,0.24493837885617784,0.6806796489254445
prelor_vs_lor_task2,confounds_motion_propofol,100,50,25,0.5,0.3888,0.4387448948930795,0.38,0.38,0.2795918872075296,0.7596133483650691
prelor_vs_lor_task2,standard_fc_plus_confounds,1,50,25,0.5,0.7824,0.7810789308255475,0.78,0.78,0.18198850938914776,0.5523432169950078
prelor_vs_lor_task2,standard_fc_plus_confounds,2,50,25,0.5,0.6496,0.6082994233896528,0.66,0.66,0.23347895599157412,0.6913244811303675
prelor_vs_lor_task2,standard_fc_plus_confounds,3,50,25,0.5,0.3696,0.43944931116723396,0.36,0.36,0.28934034360784566,0.7857045248262442
prelor_vs_lor_task2,standard_fc_plus_confounds,4,50,25,0.5,0.4,0.45910296600125294,0.42,0.42,0.2850119021690994,0.7714164270810606
prelor_vs_lor_task2,standard_fc_plus_confounds,5,50,25,0.5,0.5711999999999999,0.6038390209919193,0.62,0.62,0.2682302026927,0.7491846997958337
prelor_vs_lor_task2,standard_fc_plus_confounds,6,50,25,0.5,0.28959999999999997,0.3875400830364645,0.36,0.36,0.3077788992625033,0.8329238343133748
prelor_vs_lor_task2,standard_fc_plus_confounds,7,50,25,0.5,0.6719999999999999,0.6295844175243939,0.64,0.64,0.2396614351141925,0.7030410906849138
prelor_vs_lor_task2,standard_fc_plus_confounds,8,50,25,0.5,0.35840000000000005,0.43073504776459587,0.38,0.38,0.29360248317560933,0.7852518014656772
prelor_vs_lor_task2,standard_fc_plus_confounds,9,50,25,0.5,0.5488,0.5589750659022404,0.5,0.5,0.2676973592557875,0.7670287621886335
prelor_vs_lor_task2,standard_fc_plus_confounds,10,50,25,0.5,0.4576,0.4642071235553889,0.56,0.56,0.2778797011674199,0.7631124002820691
prelor_vs_lor_task2,standard_fc_plus_confounds,11,50,25,0.5,0.6192000000000001,0.5925898540276677,0.66,0.66,0.25264348270125475,0.7149605377170535
prelor_vs_lor_task2,standard_fc_plus_confounds,12,50,25,0.5,0.5376,0.575835648252208,0.52,0.52,0.26789442936702146,0.7496033278282045
prelor_vs_lor_task2,standard_fc_plus_confounds,13,50,25,0.5,0.3568,0.4816014826815551,0.44,0.44,0.2956289859182035,0.7910795206008799
prelor_vs_lor_task2,standard_fc_plus_confounds,14,50,25,0.5,0.584,0.5735986927109264,0.5800000000000001,0.58,0.25875590894187006,0.7533314644309705
prelor_vs_lor_task2,standard_fc_plus_confounds,15,50,25,0.5,0.5503999999999999,0.5803038460319603,0.5800000000000001,0.58,0.2664623211374132,0.7440481353985549
prelor_vs_lor_task2,standard_fc_plus_confounds,16,50,25,0.5,0.4544,0.45665712861631513,0.46,0.46,0.2769369467144882,0.757625952829829
prelor_vs_lor_task2,standard_fc_plus_confounds,17,50,25,0.5,0.5232,0.520563624198892,0.54,0.54,0.27151471686374284,0.7569016580467535
prelor_vs_lor_task2,standard_fc_plus_confounds,18,50,25,0.5,0.5616,0.5504388747863437,0.66,0.66,0.26371333847877737,0.7496453601610922
prelor_vs_lor_task2,standard_fc_plus_confounds,19,50,25,0.5,0.392,0.5279523376848433,0.42000000000000004,0.42,0.2782156207666941,0.7523481730143692
prelor_vs_lor_task2,standard_fc_plus_confounds,20,50,25,0.5,0.3056,0.4326105806687162,0.36,0.36,0.2945103615963563,0.7879739681509262
prelor_vs_lor_task2,standard_fc_plus_confounds,21,50,25,0.5,0.5744,0.5885204414603679,0.64,0.64,0.26425819627450947,0.7370051866408512
prelor_vs_lor_task2,standard_fc_plus_confounds,22,50,25,0.5,0.4864,0.5502445834557697,0.5,0.5,0.2771419855589806,0.7545547995791206
prelor_vs_lor_task2,standard_fc_plus_confounds,23,50,25,0.5,0.6464,0.6793167205077382,0.64,0.64,0.24110450271929995,0.6909628882115011
prelor_vs_lor_task2,standard_fc_plus_confounds,24,50,25,0.5,0.5616,0.5486871543560333,0.56,0.56,0.2691140273352886,0.765350770288066
prelor_vs_lor_task2,standard_fc_plus_confounds,25,50,25,0.5,0.5391999999999999,0.5239634104218828,0.54,0.54,0.2727198450481435,0.7623172255073676
prelor_vs_lor_task2,standard_fc_plus_confounds,26,50,25,0.5,0.6479999999999999,0.5818601443461768,0.72,0.72,0.24728875889548063,0.73879297559474
prelor_vs_lor_task2,standard_fc_plus_confounds,27,50,25,0.5,0.5232,0.5437937006394928,0.5800000000000001,0.58,0.2835142154353509,0.8083171597293086
prelor_vs_lor_task2,standard_fc_plus_confounds,28,50,25,0.5,0.6367999999999999,0.6115538852832227,0.62,0.62,0.2450052459755936,0.6940241037585869
prelor_vs_lor_task2,standard_fc_plus_confounds,29,50,25,0.5,0.4864,0.4834306336124534,0.5,0.5,0.2871001148574646,0.7882156032739682
prelor_vs_lor_task2,standard_fc_plus_confounds,30,50,25,0.5,0.5488,0.524028810476794,0.6,0.6,0.2752946732095254,0.7728832066082751
prelor_vs_lor_task2,standard_fc_plus_confounds,31,50,25,0.5,0.5376,0.5386338817090207,0.48,0.48,0.270042419367847,0.7467223961935037
prelor_vs_lor_task2,standard_fc_plus_confounds,32,50,25,0.5,0.432,0.4489833946590454,0.52,0.52,0.2872608600161162,0.776089963739894
prelor_vs_lor_task2,standard_fc_plus_confounds,33,50,25,0.5,0.5568,0.5591435276206567,0.56,0.56,0.26729771269306224,0.7464991181966403
prelor_vs_lor_task2,standard_fc_plus_confounds,34,50,25,0.5,0.3424,0.45714127265537,0.38,0.38,0.29053939976969195,0.7838608253501187
prelor_vs_lor_task2,standard_fc_plus_confounds,35,50,25,0.5,0.5344,0.5470176088857166,0.48,0.48,0.275032137728445,0.7664128274088398
prelor_vs_lor_task2,standard_fc_plus_confounds,36,50,25,0.5,0.5584,0.6056461750223455,0.5800000000000001,0.58,0.2618514072938566,0.727555539438528
prelor_vs_lor_task2,standard_fc_plus_confounds,37,50,25,0.5,0.4976,0.48933012202756354,0.48000000000000004,0.48,0.2700081329724573,0.7332721891902153
prelor_vs_lor_task2,standard_fc_plus_confounds,38,50,25,0.5,0.46240000000000003,0.46260215752255973,0.5,0.5,0.2828370624083262,0.7682043204625694
prelor_vs_lor_task2,standard_fc_plus_confounds,39,50,25,0.5,0.5216000000000001,0.5304556764895215,0.52,0.52,0.2687589778034182,0.7480501417704416
prelor_vs_lor_task2,standard_fc_plus_confounds,40,50,25,0.5,0.3088,0.43443634957892,0.30000000000000004,0.3,0.30096608011728915,0.8050658478047669
prelor_vs_lor_task2,standard_fc_plus_confounds,41,50,25,0.5,0.39359999999999995,0.4668152270922055,0.4,0.4,0.2873326095893521,0.7855779813034123
prelor_vs_lor_task2,standard_fc_plus_confounds,42,50,25,0.5,0.5152,0.5398291229467641,0.5,0.5,0.266469982603072,0.7297349107531411
prelor_vs_lor_task2,standard_fc_plus_confounds,43,50,25,0.5,0.38880000000000003,0.4601406645024655,0.48,0.48,0.29305388625454426,0.7939605558952875
prelor_vs_lor_task2,standard_fc_plus_confounds,44,50,25,0.5,0.44,0.4572399599018776,0.52,0.52,0.2898575747622064,0.7924972251232312
prelor_vs_lor_task2,standard_fc_plus_confounds,45,50,25,0.5,0.45599999999999996,0.47025235188892356,0.52,0.52,0.28530632931663225,0.77459922682668
prelor_vs_lor_task2,standard_fc_plus_confounds,46,50,25,0.5,0.33440000000000003,0.42212953162630307,0.4,0.4,0.2981985789252715,0.8021685205650196
prelor_vs_lor_task2,standard_fc_plus_confounds,47,50,25,0.5,0.49759999999999993,0.5307004641817243,0.52,0.52,0.27254477412053496,0.7493007712838565
prelor_vs_lor_task2,standard_fc_plus_confounds,48,50,25,0.5,0.192,0.3555920520241579,0.32,0.32,0.3132099158498368,0.8326287054025648
prelor_vs_lor_task2,standard_fc_plus_confounds,49,50,25,0.5,0.5568,0.5877269146378244,0.56,0.56,0.2738045809182882,0.7582142798488728
prelor_vs_lor_task2,standard_fc_plus_confounds,50,50,25,0.5,0.6144000000000001,0.5936793845539319,0.62,0.62,0.25454449015568487,0.7254307698185326
prelor_vs_lor_task2,standard_fc_plus_confounds,51,50,25,0.5,0.38239999999999996,0.4351277808374732,0.42000000000000004,0.42,0.29384513396169626,0.7949312807507447
prelor_vs_lor_task2,standard_fc_plus_confounds,52,50,25,0.5,0.6768,0.7212380214272798,0.64,0.64,0.23181233869957713,0.6899024266224645
prelor_vs_lor_task2,standard_fc_plus_confounds,53,50,25,0.5,0.5952000000000001,0.5706987637427974,0.56,0.56,0.2581842553792807,0.7295795135695987
prelor_vs_lor_task2,standard_fc_plus_confounds,54,50,25,0.5,0.6784,0.6953184185523456,0.74,0.74,0.22203191021715907,0.6511664923966822
prelor_vs_lor_task2,standard_fc_plus_confounds,55,50,25,0.5,0.36960000000000004,0.44374511377463877,0.38,0.38,0.2925779797435249,0.8228170324458784
prelor_vs_lor_task2,standard_fc_plus_confounds,56,50,25,0.5,0.5584,0.5446236315508425,0.5800000000000001,0.58,0.2525577512240722,0.694103570464095
prelor_vs_lor_task2,standard_fc_plus_confounds,57,50,25,0.5,0.3952,0.45452283189764886,0.38,0.38,0.2850260900395696,0.7831192502297758
prelor_vs_lor_task2,standard_fc_plus_confounds,58,50,25,0.5,0.5376,0.5568833497585199,0.52,0.52,0.2701829581486354,0.747155843587906
prelor_vs_lor_task2,standard_fc_plus_confounds,59,50,25,0.5,0.46399999999999997,0.47370591335825074,0.46,0.46,0.28508070358483234,0.772014253639506
prelor_vs_lor_task2,standard_fc_plus_confounds,60,50,25,0.5,0.5871999999999999,0.638968897700881,0.56,0.56,0.2559738246057327,0.7039219533289489
prelor_vs_lor_task2,standard_fc_plus_confounds,61,50,25,0.5,0.4752,0.47997066025336377,0.54,0.54,0.28186202664887333,0.7713473421449968
prelor_vs_lor_task2,standard_fc_plus_confounds,62,50,25,0.5,0.4064,0.4650694719563692,0.5,0.5,0.3006912763667497,0.8153477810651962
prelor_vs_lor_task2,standard_fc_plus_confounds,63,50,25,0.5,0.488,0.5323182845658286,0.48,0.48,0.272521510328969,0.742480430727855
prelor_vs_lor_task2,standard_fc_plus_confounds,64,50,25,0.5,0.376,0.4801557541716346,0.44,0.44,0.2879935454093747,0.7751961431536836
prelor_vs_lor_task2,standard_fc_plus_confounds,65,50,25,0.5,0.6015999999999999,0.6067026102086823,0.56,0.56,0.2518935032298441,0.7074467787400118
prelor_vs_lor_task2,standard_fc_plus_confounds,66,50,25,0.5,0.46399999999999997,0.48300642126690857,0.45999999999999996,0.46,0.284247467136444,0.7924650542172671
prelor_vs_lor_task2,standard_fc_plus_confounds,67,50,25,0.5,0.2224,0.39675039109169946,0.34,0.34,0.3094469404927514,0.8179966949705915
prelor_vs_lor_task2,standard_fc_plus_confounds,68,50,25,0.5,0.44160000000000005,0.45626986908710454,0.44,0.44,0.276969554174693,0.7483534241256757
prelor_vs_lor_task2,standard_fc_plus_confounds,69,50,25,0.5,0.5935999999999999,0.5371648434343279,0.6000000000000001,0.6,0.2522891391657375,0.7034950577143592
prelor_vs_lor_task2,standard_fc_plus_confounds,70,50,25,0.5,0.4032,0.44391566467111787,0.44,0.44,0.2908864396373592,0.7840926585145305
prelor_vs_lor_task2,standard_fc_plus_confounds,71,50,25,0.5,0.4592,0.4944802940926001,0.44,0.44,0.281060782877943,0.7701495368717772
prelor_vs_lor_task2,standard_fc_plus_confounds,72,50,25,0.5,0.24319999999999997,0.37014174442480524,0.32,0.32,0.30495135164849335,0.8087091556681771
prelor_vs_lor_task2,standard_fc_plus_confounds,73,50,25,0.5,0.6480000000000001,0.6223785947515401,0.5800000000000001,0.58,0.24696527673045504,0.6975697073341729
prelor_vs_lor_task2,standard_fc_plus_confounds,74,50,25,0.5,0.5264,0.5256634046295192,0.42000000000000004,0.42,0.2665470150437106,0.7273904131102451
prelor_vs_lor_task2,standard_fc_plus_confounds,75,50,25,0.5,0.6975999999999999,0.707497657764679,0.7,0.7,0.22133885452447186,0.644884941018838
prelor_vs_lor_task2,standard_fc_plus_confounds,76,50,25,0.5,0.1824,0.3645695335647651,0.24,0.24,0.30997173988320986,0.8336492904390573
prelor_vs_lor_task2,standard_fc_plus_confounds,77,50,25,0.5,0.504,0.5401102731362211,0.48,0.48,0.2744695748172776,0.7512988092662384
prelor_vs_lor_task2,standard_fc_plus_confounds,78,50,25,0.5,0.46720000000000006,0.5461830384658551,0.42,0.42,0.27982486483312635,0.7621126429236692
prelor_vs_lor_task2,standard_fc_plus_confounds,79,50,25,0.5,0.43520000000000003,0.45990080281205625,0.48000000000000004,0.48,0.29449554582994775,0.8131721870413527
prelor_vs_lor_task2,standard_fc_plus_confounds,80,50,25,0.5,0.632,0.6343227418979627,0.62,0.62,0.2481546934650716,0.6953174401601845
prelor_vs_lor_task2,standard_fc_plus_confounds,81,50,25,0.5,0.4528,0.5096240874540535,0.46,0.46,0.28486246292489165,0.774982782131962
prelor_vs_lor_task2,standard_fc_plus_confounds,82,50,25,0.5,0.5184,0.5019383774581925,0.56,0.56,0.2781543502940151,0.7699032167200103
prelor_vs_lor_task2,standard_fc_plus_confounds,83,50,25,0.5,0.6159999999999999,0.5468881212282661,0.6200000000000001,0.62,0.25378352372957685,0.7337529585586257
prelor_vs_lor_task2,standard_fc_plus_confounds,84,50,25,0.5,0.424,0.4435986039774802,0.46,0.46,0.28064399945827734,0.760264386895266
prelor_vs_lor_task2,standard_fc_plus_confounds,85,50,25,0.5,0.584,0.5566463973010469,0.5800000000000001,0.58,0.259661063018505,0.723553794045648
prelor_vs_lor_task2,standard_fc_plus_confounds,86,50,25,0.5,0.3904,0.4246166735584479,0.44000000000000006,0.44,0.2806476470502343,0.7534876888990546
prelor_vs_lor_task2,standard_fc_plus_confounds,87,50,25,0.5,0.5888,0.5641558213531214,0.56,0.56,0.2546503026827226,0.7041069711847165
prelor_vs_lor_task2,standard_fc_plus_confounds,88,50,25,0.5,0.6416,0.649444449028581,0.62,0.62,0.24242670241755776,0.6857770422538151
prelor_vs_lor_task2,standard_fc_plus_confounds,89,50,25,0.5,0.4688,0.4744747538476055,0.54,0.54,0.2782259590482284,0.754710246039462
prelor_vs_lor_task2,standard_fc_plus_confounds,90,50,25,0.5,0.5247999999999999,0.5990775722575028,0.54,0.54,0.2684215757003944,0.7443406395801866
prelor_vs_lor_task2,standard_fc_plus_confounds,91,50,25,0.5,0.5247999999999999,0.5003650541059583,0.5,0.5,0.26268395067969835,0.7267981934317119
prelor_vs_lor_task2,standard_fc_plus_confounds,92,50,25,0.5,0.5584,0.6464392182520708,0.56,0.56,0.25793498146971744,0.7116013906538191
prelor_vs_lor_task2,standard_fc_plus_confounds,93,50,25,0.5,0.6288,0.6606153734442547,0.62,0.62,0.253599189674288,0.7086891863501471
prelor_vs_lor_task2,standard_fc_plus_confounds,94,50,25,0.5,0.6112,0.5639484842344522,0.6799999999999999,0.68,0.2610326047186966,0.7485603291513526
prelor_vs_lor_task2,standard_fc_plus_confounds,95,50,25,0.5,0.6576,0.5964923554119534,0.6799999999999999,0.68,0.23102215619016825,0.6646879563949151
prelor_vs_lor_task2,standard_fc_plus_confounds,96,50,25,0.5,0.6016,0.6504039408431852,0.54,0.54,0.25268633337594915,0.7003391894961045
prelor_vs_lor_task2,standard_fc_plus_confounds,97,50,25,0.5,0.5824,0.5653394799742288,0.6000000000000001,0.6,0.2606009753852194,0.7478754882159129
prelor_vs_lor_task2,standard_fc_plus_confounds,98,50,25,0.5,0.5808000000000001,0.6273935745009331,0.52,0.52,0.267608627213049,0.7657919351864778
prelor_vs_lor_task2,standard_fc_plus_confounds,99,50,25,0.5,0.4576,0.4718964253690505,0.48,0.48,0.2910663930933485,0.7987733321141435
prelor_vs_lor_task2,standard_fc_plus_confounds,100,50,25,0.5,0.37439999999999996,0.42672310512170264,0.4,0.4,0.2899541137094731,0.7801392587244439
prelor_vs_lor_task2,gcc_core_plus_confounds,1,50,25,0.5,0.544,0.6351024842326779,0.45999999999999996,0.46,0.25524444402239743,0.7027891662310666
prelor_vs_lor_task2,gcc_core_plus_confounds,2,50,25,0.5,0.29760000000000003,0.38800880702299395,0.44,0.44,0.3050939189259779,0.819774746856273
prelor_vs_lor_task2,gcc_core_plus_confounds,3,50,25,0.5,0.6399999999999999,0.6072503081655527,0.72,0.72,0.24801856236452405,0.7430695546924863
prelor_vs_lor_task2,gcc_core_plus_confounds,4,50,25,0.5,0.488,0.5060818568225252,0.54,0.54,0.2767479646337529,0.7627795890385631
prelor_vs_lor_task2,gcc_core_plus_confounds,5,50,25,0.5,0.4832,0.4662571867689663,0.5800000000000001,0.58,0.27468099187949707,0.7496600443352566
prelor_vs_lor_task2,gcc_core_plus_confounds,6,50,25,0.5,0.18719999999999998,0.35262588547735096,0.32,0.32,0.3123448431651062,0.8276285482186527
prelor_vs_lor_task2,gcc_core_plus_confounds,7,50,25,0.5,0.5856,0.5682559779629002,0.54,0.54,0.26658465476342336,0.744251140990026
prelor_vs_lor_task2,gcc_core_plus_confounds,8,50,25,0.5,0.4368,0.49479450300262895,0.45999999999999996,0.46,0.28837818318890296,0.782341322579981
prelor_vs_lor_task2,gcc_core_plus_confounds,9,50,25,0.5,0.41279999999999994,0.4378016574631518,0.4,0.4,0.29327303506725755,0.7940453779187707
prelor_vs_lor_task2,gcc_core_plus_confounds,10,50,25,0.5,0.5456,0.5066911809763214,0.5800000000000001,0.58,0.2685195375081368,0.7425770157267383
prelor_vs_lor_task2,gcc_core_plus_confounds,11,50,25,0.5,0.37439999999999996,0.4151160886783589,0.38,0.38,0.2925893392325637,0.8111241659139766
prelor_vs_lor_task2,gcc_core_plus_confounds,12,50,25,0.5,0.5856,0.5996891240875174,0.6,0.6,0.2660724948165319,0.7697669467173283
prelor_vs_lor_task2,gcc_core_plus_confounds,13,50,25,0.5,0.4752,0.48068839684135134,0.48,0.48,0.28650205921386607,0.7835065436080209
prelor_vs_lor_task2,gcc_core_plus_confounds,14,50,25,0.5,0.47839999999999994,0.49171100244968313,0.48000000000000004,0.48,0.28869092047935757,0.7968828040272108
prelor_vs_lor_task2,gcc_core_plus_confounds,15,50,25,0.5,0.38399999999999995,0.42653456937317946,0.5,0.5,0.30375052717738166,0.8141071536481871
prelor_vs_lor_task2,gcc_core_plus_confounds,16,50,25,0.5,0.37759999999999994,0.4710086109534975,0.44,0.44,0.29244555496314556,0.783604633023655
prelor_vs_lor_task2,gcc_core_plus_confounds,17,50,25,0.5,0.552,0.58302555972241,0.5,0.5,0.2673995658195813,0.7353033831231508
prelor_vs_lor_task2,gcc_core_plus_confounds,18,50,25,0.5,0.4688,0.488303175447021,0.54,0.54,0.279364339882059,0.7616106685821432
prelor_vs_lor_task2,gcc_core_plus_confounds,19,50,25,0.5,0.5088,0.4741741236476937,0.62,0.62,0.27160873816748543,0.7465953713272139
prelor_vs_lor_task2,gcc_core_plus_confounds,20,50,25,0.5,0.368,0.43265854888505084,0.52,0.52,0.2970652413574442,0.8008825203191722
prelor_vs_lor_task2,gcc_core_plus_confounds,21,50,25,0.5,0.3664,0.4328880744317419,0.46,0.46,0.29895693408946,0.8039127818466933
prelor_vs_lor_task2,gcc_core_plus_confounds,22,50,25,0.5,0.4912,0.5023436646741145,0.56,0.56,0.2776127741403618,0.7609141659851647
prelor_vs_lor_task2,gcc_core_plus_confounds,23,50,25,0.5,0.6624,0.625159973625475,0.6799999999999999,0.68,0.2391821004827458,0.7050776749567893
prelor_vs_lor_task2,gcc_core_plus_confounds,24,50,25,0.5,0.4592,0.49493304229527435,0.48,0.48,0.29241030238394033,0.7950705843841613
prelor_vs_lor_task2,gcc_core_plus_confounds,25,50,25,0.5,0.5519999999999999,0.5377746212182342,0.6,0.6,0.2667301535189185,0.7457540569816353
prelor_vs_lor_task2,gcc_core_plus_confounds,26,50,25,0.5,0.47519999999999996,0.4791548838081573,0.48,0.48,0.28692648527466075,0.8117449610074412
prelor_vs_lor_task2,gcc_core_plus_confounds,27,50,25,0.5,0.368,0.4611066698480188,0.45999999999999996,0.46,0.2912302350478195,0.7798734032665792
prelor_vs_lor_task2,gcc_core_plus_confounds,28,50,25,0.5,0.36000000000000004,0.41783051600137605,0.44,0.44,0.30140362203664756,0.8061344093555387
prelor_vs_lor_task2,gcc_core_plus_confounds,29,50,25,0.5,0.29599999999999993,0.39286179944878696,0.36,0.36,0.30040717129300004,0.8016181479046672
prelor_vs_lor_task2,gcc_core_plus_confounds,30,50,25,0.5,0.6224000000000001,0.6464930065684578,0.56,0.56,0.23588996062702342,0.6602919846367139
prelor_vs_lor_task2,gcc_core_plus_confounds,31,50,25,0.5,0.4512,0.508554935017102,0.42000000000000004,0.42,0.284100844684939,0.7714737583846086
prelor_vs_lor_task2,gcc_core_plus_confounds,32,50,25,0.5,0.488,0.5428242627207789,0.5,0.5,0.2763454156815774,0.755403423549943
prelor_vs_lor_task2,gcc_core_plus_confounds,33,50,25,0.5,0.31999999999999995,0.4021190346058914,0.42000000000000004,0.42,0.2989509268809469,0.811030876013862
prelor_vs_lor_task2,gcc_core_plus_confounds,34,50,25,0.5,0.5184,0.5863402915683621,0.5,0.5,0.27380644147247196,0.7684106078085209
prelor_vs_lor_task2,gcc_core_plus_confounds,35,50,25,0.5,0.48799999999999993,0.4895534055513934,0.52,0.52,0.27593666171319975,0.7583033290619454
prelor_vs_lor_task2,gcc_core_plus_confounds,36,50,25,0.5,0.3568,0.4133139466314041,0.38,0.38,0.29886739572757304,0.8004732472891871
prelor_vs_lor_task2,gcc_core_plus_confounds,37,50,25,0.5,0.3808,0.4757565169204879,0.4,0.4,0.28959866943328866,0.7992599351212891
prelor_vs_lor_task2,gcc_core_plus_confounds,38,50,25,0.5,0.4752,0.48740878223686823,0.52,0.52,0.29251441227693487,0.8112662789860441
prelor_vs_lor_task2,gcc_core_plus_confounds,39,50,25,0.5,0.5488,0.5454635450966501,0.5800000000000001,0.58,0.267105473941028,0.7429514451017295
prelor_vs_lor_task2,gcc_core_plus_confounds,40,50,25,0.5,0.4592,0.47101553680578073,0.5,0.5,0.28778899012904874,0.8034496274938079
prelor_vs_lor_task2,gcc_core_plus_confounds,41,50,25,0.5,0.5616,0.571020392121151,0.5,0.5,0.2716737634372103,0.7746109990082363
prelor_vs_lor_task2,gcc_core_plus_confounds,42,50,25,0.5,0.5504,0.5606664535213686,0.6,0.6,0.2728775182227486,0.7632035342873494
prelor_vs_lor_task2,gcc_core_plus_confounds,43,50,25,0.5,0.5056,0.5623908833411229,0.56,0.56,0.2741588894126632,0.7550037237827147
prelor_vs_lor_task2,gcc_core_plus_confounds,44,50,25,0.5,0.41279999999999994,0.4366206647413761,0.48,0.48,0.2893629351616898,0.7809717627500539
prelor_vs_lor_task2,gcc_core_plus_confounds,45,50,25,0.5,0.432,0.4508804194037063,0.52,0.52,0.2958184448692246,0.7964708492912276
prelor_vs_lor_task2,gcc_core_plus_confounds,46,50,25,0.5,0.5856,0.5709297395732736,0.6599999999999999,0.66,0.2551274779745218,0.7231988809868024
prelor_vs_lor_task2,gcc_core_plus_confounds,47,50,25,0.5,0.368,0.41903579843254163,0.46,0.46,0.30018371908586944,0.8183929031810568
prelor_vs_lor_task2,gcc_core_plus_confounds,48,50,25,0.5,0.43839999999999996,0.4644428514147769,0.52,0.52,0.29486699090111035,0.8200495992919212
prelor_vs_lor_task2,gcc_core_plus_confounds,49,50,25,0.5,0.4256,0.5076146203701442,0.4,0.4,0.27683365800547544,0.7518174370151999
prelor_vs_lor_task2,gcc_core_plus_confounds,50,50,25,0.5,0.6064,0.6574708751951792,0.64,0.64,0.24826704555676155,0.6913408486858562
prelor_vs_lor_task2,gcc_core_plus_confounds,51,50,25,0.5,0.40640000000000004,0.4960048815322826,0.46,0.46,0.28746393308677226,0.7798075490685504
prelor_vs_lor_task2,gcc_core_plus_confounds,52,50,25,0.5,0.5968,0.6048337906248337,0.5800000000000001,0.58,0.2550274326930338,0.718905111196018
prelor_vs_lor_task2,gcc_core_plus_confounds,53,50,25,0.5,0.5344,0.5235158323728546,0.56,0.56,0.27212853089443034,0.7514923861919864
prelor_vs_lor_task2,gcc_core_plus_confounds,54,50,25,0.5,0.29760000000000003,0.4128671525969111,0.33999999999999997,0.34,0.29790831698110715,0.7965374817677777
prelor_vs_lor_task2,gcc_core_plus_confounds,55,50,25,0.5,0.4608,0.4985729623981623,0.52,0.52,0.28231121912855967,0.7658404051425411
prelor_vs_lor_task2,gcc_core_plus_confounds,56,50,25,0.5,0.2432,0.37864909165828003,0.42,0.42,0.3067643051367785,0.8141914720596902
prelor_vs_lor_task2,gcc_core_plus_confounds,57,50,25,0.5,0.5936,0.6224943371506938,0.56,0.56,0.2556461746115258,0.7559163431213319
prelor_vs_lor_task2,gcc_core_plus_confounds,58,50,25,0.5,0.4144,0.45700273194475377,0.44,0.44,0.3019287698007868,0.836810111443945
prelor_vs_lor_task2,gcc_core_plus_confounds,59,50,25,0.5,0.5247999999999999,0.5359206066164447,0.6599999999999999,0.66,0.27590852169591,0.7703441665213043
prelor_vs_lor_task2,gcc_core_plus_confounds,60,50,25,0.5,0.6496000000000001,0.6864692823526612,0.6200000000000001,0.62,0.24018222491095867,0.6769678772223018
prelor_vs_lor_task2,gcc_core_plus_confounds,61,50,25,0.5,0.2496,0.37257770840428983,0.28,0.28,0.307782583886029,0.8232165330060763
prelor_vs_lor_task2,gcc_core_plus_confounds,62,50,25,0.5,0.608,0.6248185258827823,0.6,0.6,0.25578415784586317,0.723333609614931
prelor_vs_lor_task2,gcc_core_plus_confounds,63,50,25,0.5,0.45599999999999996,0.506079214093732,0.46,0.46,0.28538987314087283,0.7956763016616519
prelor_vs_lor_task2,gcc_core_plus_confounds,64,50,25,0.5,0.6335999999999999,0.6270405259802517,0.66,0.66,0.24834249842522976,0.7395231372731108
prelor_vs_lor_task2,gcc_core_plus_confounds,65,50,25,0.5,0.4608,0.4979534261675013,0.46,0.46,0.2842549420579597,0.778671517984465
prelor_vs_lor_task2,gcc_core_plus_confounds,66,50,25,0.5,0.2752,0.38121605729081065,0.38,0.38,0.31096690286651696,0.8292103842720399
prelor_vs_lor_task2,gcc_core_plus_confounds,67,50,25,0.5,0.5232,0.5294127834594389,0.56,0.56,0.2714959336075402,0.7433301852739076
prelor_vs_lor_task2,gcc_core_plus_confounds,68,50,25,0.5,0.4656,0.47937113227622224,0.44000000000000006,0.44,0.28794030205466103,0.7910709029012354
prelor_vs_lor_task2,gcc_core_plus_confounds,69,50,25,0.5,0.088,0.3303793008884962,0.18,0.18,0.31720404395116625,0.8361067588692112
prelor_vs_lor_task2,gcc_core_plus_confounds,70,50,25,0.5,0.5008,0.5261453887551493,0.5,0.5,0.27068203084448383,0.7548558182351741
prelor_vs_lor_task2,gcc_core_plus_confounds,71,50,25,0.5,0.2848,0.4026056803639664,0.38,0.38,0.3012075539038457,0.8035173058559707
prelor_vs_lor_task2,gcc_core_plus_confounds,72,50,25,0.5,0.6496000000000001,0.6794959320088415,0.66,0.66,0.24185738558949574,0.681942952327296
prelor_vs_lor_task2,gcc_core_plus_confounds,73,50,25,0.5,0.36800000000000005,0.4225211230065593,0.48,0.48,0.29574244594139526,0.7968959811405337
prelor_vs_lor_task2,gcc_core_plus_confounds,74,50,25,0.5,0.5856000000000001,0.5577282890536339,0.6599999999999999,0.66,0.2688521691440115,0.760981659360288
prelor_vs_lor_task2,gcc_core_plus_confounds,75,50,25,0.5,0.5696,0.6449004943991443,0.54,0.54,0.2560502396446203,0.7031617896575549
prelor_vs_lor_task2,gcc_core_plus_confounds,76,50,25,0.5,0.5696,0.6253912533435972,0.54,0.54,0.24720673658548592,0.6943857086864721
prelor_vs_lor_task2,gcc_core_plus_confounds,77,50,25,0.5,0.5232,0.6017172377221148,0.5,0.5,0.2687622159552776,0.735371162384344
prelor_vs_lor_task2,gcc_core_plus_confounds,78,50,25,0.5,0.30079999999999996,0.4270592176733102,0.32,0.32,0.295863696963475,0.7895764031780292
prelor_vs_lor_task2,gcc_core_plus_confounds,79,50,25,0.5,0.6816,0.7026157070059627,0.62,0.62,0.2298132454075299,0.6682921708838329
prelor_vs_lor_task2,gcc_core_plus_confounds,80,50,25,0.5,0.3248,0.4270232156437168,0.36,0.36,0.29557689325504993,0.7966402348383583
prelor_vs_lor_task2,gcc_core_plus_confounds,81,50,25,0.5,0.48,0.577048899871219,0.45999999999999996,0.46,0.2704535728851055,0.7455821867350076
prelor_vs_lor_task2,gcc_core_plus_confounds,82,50,25,0.5,0.5247999999999999,0.5541217508654945,0.54,0.54,0.26936909854702745,0.7406595247263981
prelor_vs_lor_task2,gcc_core_plus_confounds,83,50,25,0.5,0.6144,0.6078538851000685,0.62,0.62,0.25399901180664597,0.7203086355692075
prelor_vs_lor_task2,gcc_core_plus_confounds,84,50,25,0.5,0.48160000000000003,0.4840399396165978,0.54,0.54,0.2858343864763754,0.788373888159986
prelor_vs_lor_task2,gcc_core_plus_confounds,85,50,25,0.5,0.6528,0.6371697085865058,0.64,0.64,0.2402336115962873,0.6826781969578755
prelor_vs_lor_task2,gcc_core_plus_confounds,86,50,25,0.5,0.37120000000000003,0.421270470575431,0.38,0.38,0.29279987813833913,0.7879401882771527
prelor_vs_lor_task2,gcc_core_plus_confounds,87,50,25,0.5,0.39680000000000004,0.4996865334855086,0.42000000000000004,0.42,0.2918667237090922,0.7830585104637328
prelor_vs_lor_task2,gcc_core_plus_confounds,88,50,25,0.5,0.5711999999999999,0.6102554009458034,0.56,0.56,0.2581865374502,0.714901913022058
prelor_vs_lor_task2,gcc_core_plus_confounds,89,50,25,0.5,0.4848,0.47604467237207915,0.52,0.52,0.28911696056097463,0.7936487299827523
prelor_vs_lor_task2,gcc_core_plus_confounds,90,50,25,0.5,0.2752,0.38862058602234056,0.3,0.3,0.3041499128468264,0.809375205023616
prelor_vs_lor_task2,gcc_core_plus_confounds,91,50,25,0.5,0.2224,0.36246690776253543,0.26,0.26,0.3088186409127642,0.8181599500063713
prelor_vs_lor_task2,gcc_core_plus_confounds,92,50,25,0.5,0.41919999999999996,0.44851699301224807,0.45999999999999996,0.46,0.29782511498278874,0.8100375227883199
prelor_vs_lor_task2,gcc_core_plus_confounds,93,50,25,0.5,0.6784,0.7352300472194646,0.7,0.7,0.22724535799591056,0.653053575248207
prelor_vs_lor_task2,gcc_core_plus_confounds,94,50,25,0.5,0.49279999999999996,0.48988012006413295,0.5,0.5,0.2794452518439258,0.766684476280917
prelor_vs_lor_task2,gcc_core_plus_confounds,95,50,25,0.5,0.2688,0.385095829894657,0.3,0.3,0.2995682204747226,0.799957897026978
prelor_vs_lor_task2,gcc_core_plus_confounds,96,50,25,0.5,0.4064,0.4738040933285132,0.44,0.44,0.29825759066308033,0.8026087011428245
prelor_vs_lor_task2,gcc_core_plus_confounds,97,50,25,0.5,0.37120000000000003,0.4194293385765273,0.52,0.52,0.3121833170856453,0.8377881020916129
prelor_vs_lor_task2,gcc_core_plus_confounds,98,50,25,0.5,0.5776,0.5414639740505063,0.56,0.56,0.26460582017661755,0.7381493841412287
prelor_vs_lor_task2,gcc_core_plus_confounds,99,50,25,0.5,0.6272,0.6240674017673578,0.5800000000000001,0.58,0.24475211538573194,0.686626659189641
prelor_vs_lor_task2,gcc_core_plus_confounds,100,50,25,0.5,0.5167999999999999,0.5917201578010955,0.52,0.52,0.2684670116784626,0.7402513146615773
prelor_vs_lor_task2,gcc_regime_plus_confounds,1,50,25,0.5,0.4768,0.5361517696636287,0.5,0.5,0.28276324862059615,0.7763699139366811
prelor_vs_lor_task2,gcc_regime_plus_confounds,2,50,25,0.5,0.49760000000000004,0.489813371416284,0.56,0.56,0.2894333619103584,0.8009232192282992
prelor_vs_lor_task2,gcc_regime_plus_confounds,3,50,25,0.5,0.4416,0.5819357601310192,0.5,0.5,0.28240810040647496,0.7652975206373829
prelor_vs_lor_task2,gcc_regime_plus_confounds,4,50,25,0.5,0.49759999999999993,0.5698116241879998,0.6,0.6,0.2814601950305591,0.7746771702491033
prelor_vs_lor_task2,gcc_regime_plus_confounds,5,50,25,0.5,0.6896,0.6383087731897008,0.7,0.7,0.2356334588345253,0.711348582111623
prelor_vs_lor_task2,gcc_regime_plus_confounds,6,50,25,0.5,0.46080000000000004,0.45669007194830447,0.54,0.54,0.28238747213913673,0.767400793043675
prelor_vs_lor_task2,gcc_regime_plus_confounds,7,50,25,0.5,0.5664,0.5478684685040667,0.5800000000000001,0.58,0.27320478493983985,0.7744112154674317
prelor_vs_lor_task2,gcc_regime_plus_confounds,8,50,25,0.5,0.3888,0.5400851088415377,0.38,0.38,0.3015627923082984,0.8118639233087437
prelor_vs_lor_task2,gcc_regime_plus_confounds,9,50,25,0.5,0.6608,0.6544744608347388,0.64,0.64,0.24204306892574498,0.7016069619127636
prelor_vs_lor_task2,gcc_regime_plus_confounds,10,50,25,0.5,0.6848,0.669115590325675,0.64,0.64,0.23325330648911938,0.6741688181208374
prelor_vs_lor_task2,gcc_regime_plus_confounds,11,50,25,0.5,0.6144000000000001,0.6422195559466577,0.6000000000000001,0.6,0.2601332381067588,0.7314267189172975
prelor_vs_lor_task2,gcc_regime_plus_confounds,12,50,25,0.5,0.3232,0.4083024837630218,0.38,0.38,0.30552892706132384,0.8121870270071448
prelor_vs_lor_task2,gcc_regime_plus_confounds,13,50,25,0.5,0.33759999999999996,0.44206843610585517,0.4,0.4,0.310022398718395,0.8284843522152989
prelor_vs_lor_task2,gcc_regime_plus_confounds,14,50,25,0.5,0.5327999999999999,0.58176645610253,0.48000000000000004,0.48,0.2698333997821056,0.7371614801067349
prelor_vs_lor_task2,gcc_regime_plus_confounds,15,50,25,0.5,0.4256,0.4434572112792723,0.44,0.44,0.2960501111008546,0.7999449948627104
prelor_vs_lor_task2,gcc_regime_plus_confounds,16,50,25,0.5,0.32,0.39901964424195624,0.46,0.46,0.31537068641029664,0.8483844660808006
prelor_vs_lor_task2,gcc_regime_plus_confounds,17,50,25,0.5,0.4608,0.5241704235249244,0.45999999999999996,0.46,0.2923521550775726,0.7943752698210439
prelor_vs_lor_task2,gcc_regime_plus_confounds,18,50,25,0.5,0.31360000000000005,0.41659595466829813,0.33999999999999997,0.34,0.3088371861904414,0.8267957464097594
prelor_vs_lor_task2,gcc_regime_plus_confounds,19,50,25,0.5,0.5312,0.5169195091934523,0.52,0.52,0.27266726789253626,0.7474858172801848
prelor_vs_lor_task2,gcc_regime_plus_confounds,20,50,25,0.5,0.6448,0.6847783336338394,0.62,0.62,0.2454085161357131,0.7033276488490461
prelor_vs_lor_task2,gcc_regime_plus_confounds,21,50,25,0.5,0.6288,0.6398882215064896,0.62,0.62,0.2490984217618279,0.6978166825503743
prelor_vs_lor_task2,gcc_regime_plus_confounds,22,50,25,0.5,0.7232000000000001,0.745136073489217,0.66,0.66,0.21897512035950142,0.6459040270406087
prelor_vs_lor_task2,gcc_regime_plus_confounds,23,50,25,0.5,0.4784,0.4678127832588618,0.54,0.54,0.2817206967252553,0.7761001779587109
prelor_vs_lor_task2,gcc_regime_plus_confounds,24,50,25,0.5,0.6816,0.7239063269537802,0.6599999999999999,0.66,0.22461773051925393,0.6477838441191629
prelor_vs_lor_task2,gcc_regime_plus_confounds,25,50,25,0.5,0.5456,0.586084373202296,0.5800000000000001,0.58,0.27362940237278155,0.7533857209356186
prelor_vs_lor_task2,gcc_regime_plus_confounds,26,50,25,0.5,0.4304,0.4574536042787723,0.45999999999999996,0.46,0.28659880034468177,0.7735067277062249
prelor_vs_lor_task2,gcc_regime_plus_confounds,27,50,25,0.5,0.3984,0.4744930011730754,0.48,0.48,0.29567381353556493,0.7959109211737208
prelor_vs_lor_task2,gcc_regime_plus_confounds,28,50,25,0.5,0.5088,0.5548636589824537,0.44,0.44,0.26969328270497156,0.7361523981004803
prelor_vs_lor_task2,gcc_regime_plus_confounds,29,50,25,0.5,0.4608,0.46513661520273875,0.48,0.48,0.2857614813456317,0.7798133758145053
prelor_vs_lor_task2,gcc_regime_plus_confounds,30,50,25,0.5,0.5584,0.5266145020404512,0.5800000000000001,0.58,0.27269073018732237,0.8185706656510701
prelor_vs_lor_task2,gcc_regime_plus_confounds,31,50,25,0.5,0.5743999999999999,0.5681356652613659,0.56,0.56,0.2684701923709209,0.742210441884487
prelor_vs_lor_task2,gcc_regime_plus_confounds,32,50,25,0.5,0.4048,0.5402710016826646,0.34,0.34,0.29517612065468773,0.7872554861798611
prelor_vs_lor_task2,gcc_regime_plus_confounds,33,50,25,0.5,0.6096,0.5962424554819571,0.64,0.64,0.26245648123967535,0.7586418722232651
prelor_vs_lor_task2,gcc_regime_plus_confounds,34,50,25,0.5,0.4544,0.49014368394595165,0.42000000000000004,0.42,0.28423910499656146,0.8095889257064813
prelor_vs_lor_task2,gcc_regime_plus_confounds,35,50,25,0.5,0.496,0.5203248498138003,0.5,0.5,0.27464105938737937,0.7623740536254213
prelor_vs_lor_task2,gcc_regime_plus_confounds,36,50,25,0.5,0.4848,0.5205972581332277,0.52,0.52,0.27961749713244627,0.7734031750780548
prelor_vs_lor_task2,gcc_regime_plus_confounds,37,50,25,0.5,0.4976,0.571157531222233,0.52,0.52,0.2848069725476452,0.7771797817872814
prelor_vs_lor_task2,gcc_regime_plus_confounds,38,50,25,0.5,0.5904,0.584508959267146,0.6000000000000001,0.6,0.2611082116286539,0.7389264244979604
prelor_vs_lor_task2,gcc_regime_plus_confounds,39,50,25,0.5,0.5743999999999999,0.5310674800455593,0.54,0.54,0.26695945260132076,0.7414366005852113
prelor_vs_lor_task2,gcc_regime_plus_confounds,40,50,25,0.5,0.3952,0.43372029361165665,0.45999999999999996,0.46,0.29093788048494823,0.7835538312887756
prelor_vs_lor_task2,gcc_regime_plus_confounds,41,50,25,0.5,0.4592,0.5103890938589537,0.42,0.42,0.2904213019620336,0.7844014836486715
prelor_vs_lor_task2,gcc_regime_plus_confounds,42,50,25,0.5,0.28959999999999997,0.39884747163432427,0.38,0.38,0.3048029860714934,0.8144448697824387
prelor_vs_lor_task2,gcc_regime_plus_confounds,43,50,25,0.5,0.616,0.6319958323509764,0.45999999999999996,0.46,0.24918582535177725,0.6955518025020812
prelor_vs_lor_task2,gcc_regime_plus_confounds,44,50,25,0.5,0.4384,0.44880840991474336,0.45999999999999996,0.46,0.2963799505227781,0.8005078176485266
prelor_vs_lor_task2,gcc_regime_plus_confounds,45,50,25,0.5,0.4032,0.4483349830653146,0.46,0.46,0.2921552084722111,0.7849381241242522
prelor_vs_lor_task2,gcc_regime_plus_confounds,46,50,25,0.5,0.4256,0.46078860274036404,0.45999999999999996,0.46,0.29266519221473586,0.8137849487545751
prelor_vs_lor_task2,gcc_regime_plus_confounds,47,50,25,0.5,0.39359999999999995,0.44375996193751666,0.42000000000000004,0.42,0.30439015853731194,0.8224402670679
prelor_vs_lor_task2,gcc_regime_plus_confounds,48,50,25,0.5,0.3472,0.43425678305081217,0.4,0.4,0.3113002059142235,0.8407570054984042
prelor_vs_lor_task2,gcc_regime_plus_confounds,49,50,25,0.5,0.7071999999999999,0.6610644201247113,0.7,0.7,0.22090731326574076,0.656885588050859
prelor_vs_lor_task2,gcc_regime_plus_confounds,50,50,25,0.5,0.7488,0.7982932063423963,0.64,0.64,0.19669500537852141,0.5600995344121906
prelor_vs_lor_task2,gcc_regime_plus_confounds,51,50,25,0.5,0.7056,0.7061121599557162,0.6799999999999999,0.68,0.2271539478132995,0.7365521369354932
prelor_vs_lor_task2,gcc_regime_plus_confounds,52,50,25,0.5,0.4192,0.49796398468176506,0.45999999999999996,0.46,0.2929036161038663,0.7894194651402848
prelor_vs_lor_task2,gcc_regime_plus_confounds,53,50,25,0.5,0.26080000000000003,0.42265303818117217,0.30000000000000004,0.3,0.3016300298389568,0.7995435141463179
prelor_vs_lor_task2,gcc_regime_plus_confounds,54,50,25,0.5,0.7008,0.6861760432237386,0.68,0.68,0.22625113013256978,0.646402405426616
prelor_vs_lor_task2,gcc_regime_plus_confounds,55,50,25,0.5,0.4976,0.5930701222738339,0.52,0.52,0.27444468469761585,0.7481283758594143
prelor_vs_lor_task2,gcc_regime_plus_confounds,56,50,25,0.5,0.42719999999999997,0.4419105421267868,0.4,0.4,0.288427769186581,0.7831678084673244
prelor_vs_lor_task2,gcc_regime_plus_confounds,57,50,25,0.5,0.4352,0.46413957610402684,0.52,0.52,0.2916462523602352,0.7887503289167251
prelor_vs_lor_task2,gcc_regime_plus_confounds,58,50,25,0.5,0.6304000000000001,0.6452397087651458,0.5800000000000001,0.58,0.25269184127022165,0.727163249462727
prelor_vs_lor_task2,gcc_regime_plus_confounds,59,50,25,0.5,0.416,0.4959444746078922,0.44,0.44,0.2955834344831099,0.7977151716939711
prelor_vs_lor_task2,gcc_regime_plus_confounds,60,50,25,0.5,0.6768000000000001,0.6882253441075166,0.62,0.62,0.22915777798825157,0.655075465036599
prelor_vs_lor_task2,gcc_regime_plus_confounds,61,50,25,0.5,0.52,0.5399941698101592,0.54,0.54,0.27846424334476017,0.7773631458305789
prelor_vs_lor_task2,gcc_regime_plus_confounds,62,50,25,0.5,0.5648000000000001,0.5425462525622752,0.54,0.54,0.26902476344734105,0.7604621277580612
prelor_vs_lor_task2,gcc_regime_plus_confounds,63,50,25,0.5,0.47839999999999994,0.5235267170717481,0.45999999999999996,0.46,0.2978137332298499,0.8274011265151638
prelor_vs_lor_task2,gcc_regime_plus_confounds,64,50,25,0.5,0.6911999999999999,0.717929136987648,0.6799999999999999,0.68,0.22562137883087685,0.6428890506814369
prelor_vs_lor_task2,gcc_regime_plus_confounds,65,50,25,0.5,0.5472,0.5209025682701358,0.52,0.52,0.2693406993817897,0.7421206749184212
prelor_vs_lor_task2,gcc_regime_plus_confounds,66,50,25,0.5,0.376,0.4632552404847678,0.46,0.46,0.2923722484085252,0.7850041704042126
prelor_vs_lor_task2,gcc_regime_plus_confounds,67,50,25,0.5,0.4496,0.5159908952255855,0.44,0.44,0.28540005326727724,0.7858126211324236
prelor_vs_lor_task2,gcc_regime_plus_confounds,68,50,25,0.5,0.5264,0.5651322941568422,0.5,0.5,0.27460526696482096,0.760872600549864
prelor_vs_lor_task2,gcc_regime_plus_confounds,69,50,25,0.5,0.6624,0.6339391325860043,0.66,0.66,0.23814218841311574,0.6754090970689985
prelor_vs_lor_task2,gcc_regime_plus_confounds,70,50,25,0.5,0.4368,0.45668843498889466,0.48,0.48,0.2852697919258687,0.7656546462118388
prelor_vs_lor_task2,gcc_regime_plus_confounds,71,50,25,0.5,0.5776,0.5957842475791176,0.5,0.5,0.260656857195919,0.7177438759378636
prelor_vs_lor_task2,gcc_regime_plus_confounds,72,50,25,0.5,0.7472,0.7920384014916408,0.7,0.7,0.20697914725502758,0.5996791140043942
prelor_vs_lor_task2,gcc_regime_plus_confounds,73,50,25,0.5,0.5376,0.5934817793110627,0.5,0.5,0.26984986384064885,0.7413956153588417
prelor_vs_lor_task2,gcc_regime_plus_confounds,74,50,25,0.5,0.3584,0.41583666294548227,0.4,0.4,0.3051016808038265,0.8409829509301141
prelor_vs_lor_task2,gcc_regime_plus_confounds,75,50,25,0.5,0.5408000000000001,0.5393836731363378,0.56,0.56,0.2744788670720715,0.773761487569182
prelor_vs_lor_task2,gcc_regime_plus_confounds,76,50,25,0.5,0.528,0.5351518094528633,0.56,0.56,0.28167043931131786,0.784452253646333
prelor_vs_lor_task2,gcc_regime_plus_confounds,77,50,25,0.5,0.5711999999999999,0.5683337381061203,0.56,0.56,0.2679705984686526,0.7535014840485745
prelor_vs_lor_task2,gcc_regime_plus_confounds,78,50,25,0.5,0.4272,0.4729533409953883,0.5,0.5,0.2962137576353724,0.8017685938772106
prelor_vs_lor_task2,gcc_regime_plus_confounds,79,50,25,0.5,0.4272,0.45653230661450983,0.46,0.46,0.2899975917760987,0.7864872925229959
prelor_vs_lor_task2,gcc_regime_plus_confounds,80,50,25,0.5,0.4864,0.5193577869059912,0.48000000000000004,0.48,0.2876724231289396,0.7847381235323322
prelor_vs_lor_task2,gcc_regime_plus_confounds,81,50,25,0.5,0.3344,0.40668605452561774,0.38,0.38,0.3048945510848257,0.8129956025967213
prelor_vs_lor_task2,gcc_regime_plus_confounds,82,50,25,0.5,0.4576,0.48490227837376343,0.45999999999999996,0.46,0.2836827398528139,0.77227066233201
prelor_vs_lor_task2,gcc_regime_plus_confounds,83,50,25,0.5,0.46719999999999995,0.46615609234475036,0.48,0.48,0.2888899257165549,0.8482814369830092
prelor_vs_lor_task2,gcc_regime_plus_confounds,84,50,25,0.5,0.488,0.4687817348850335,0.48,0.48,0.2824256788126858,0.7765628437123949
prelor_vs_lor_task2,gcc_regime_plus_confounds,85,50,25,0.5,0.49279999999999996,0.5243116231713277,0.48,0.48,0.2863967228199946,0.7922802964042837
prelor_vs_lor_task2,gcc_regime_plus_confounds,86,50,25,0.5,0.5808,0.5159854994191829,0.62,0.62,0.2645899690451336,0.772905050931262
prelor_vs_lor_task2,gcc_regime_plus_confounds,87,50,25,0.5,0.4304,0.4574791031714921,0.42000000000000004,0.42,0.29177543892815805,0.7884052572383208
prelor_vs_lor_task2,gcc_regime_plus_confounds,88,50,25,0.5,0.4688,0.5972991025036496,0.48000000000000004,0.48,0.2773032586200039,0.7577010696218927
prelor_vs_lor_task2,gcc_regime_plus_confounds,89,50,25,0.5,0.28959999999999997,0.3842092424442086,0.34,0.34,0.30665893218604523,0.8347284411921482
prelor_vs_lor_task2,gcc_regime_plus_confounds,90,50,25,0.5,0.6528,0.670709957002306,0.56,0.56,0.24543468086698117,0.7007056907455035
prelor_vs_lor_task2,gcc_regime_plus_confounds,91,50,25,0.5,0.39359999999999995,0.45604706906808334,0.4,0.4,0.29122999523682647,0.7971744203893499
prelor_vs_lor_task2,gcc_regime_plus_confounds,92,50,25,0.5,0.4912,0.47140372475901615,0.5,0.5,0.2844142189965615,0.7794312861409035
prelor_vs_lor_task2,gcc_regime_plus_confounds,93,50,25,0.5,0.37120000000000003,0.4510546569389588,0.32,0.32,0.29754418055424803,0.7952051333659198
prelor_vs_lor_task2,gcc_regime_plus_confounds,94,50,25,0.5,0.4656,0.4752231435382564,0.45999999999999996,0.46,0.29728380620422024,0.8175806493341011
prelor_vs_lor_task2,gcc_regime_plus_confounds,95,50,25,0.5,0.312,0.4015399425111635,0.36,0.36,0.3095278587746239,0.8331624914015195
prelor_vs_lor_task2,gcc_regime_plus_confounds,96,50,25,0.5,0.5136000000000001,0.5622091211128428,0.5,0.5,0.27523768316619873,0.7566091339936688
prelor_vs_lor_task2,gcc_regime_plus_confounds,97,50,25,0.5,0.3728,0.43610319012797916,0.42000000000000004,0.42,0.29477028168591723,0.8036692079518859
prelor_vs_lor_task2,gcc_regime_plus_confounds,98,50,25,0.5,0.5760000000000001,0.5158268581885119,0.6200000000000001,0.62,0.2608858013843993,0.7295062602429607
prelor_vs_lor_task2,gcc_regime_plus_confounds,99,50,25,0.5,0.4624,0.5097732325104488,0.46,0.46,0.279069692571598,0.7608314392061447
prelor_vs_lor_task2,gcc_regime_plus_confounds,100,50,25,0.5,0.6447999999999999,0.6969516417763453,0.54,0.54,0.24160865552942254,0.6667678729602058
prelor_vs_lor_task2,full_standard_plus_gcc,1,50,25,0.5,0.376,0.4285288477308208,0.44,0.44,0.2964926230211333,0.7943464917761724
prelor_vs_lor_task2,full_standard_plus_gcc,2,50,25,0.5,0.496,0.5781062579841448,0.45999999999999996,0.46,0.28108096586893727,0.7834387565631276
prelor_vs_lor_task2,full_standard_plus_gcc,3,50,25,0.5,0.5488,0.5110500497529482,0.5800000000000001,0.58,0.2738556435024052,0.7625329902862141
prelor_vs_lor_task2,full_standard_plus_gcc,4,50,25,0.5,0.29440000000000005,0.38840124047714986,0.44,0.44,0.3118939528583094,0.8313477385951229
prelor_vs_lor_task2,full_standard_plus_gcc,5,50,25,0.5,0.43840000000000007,0.4783697427113359,0.5,0.5,0.2895311034325381,0.783044729027547
prelor_vs_lor_task2,full_standard_plus_gcc,6,50,25,0.5,0.6367999999999999,0.5813969038016509,0.62,0.62,0.250359085479446,0.7125053765137376
prelor_vs_lor_task2,full_standard_plus_gcc,7,50,25,0.5,0.464,0.46876796547235083,0.5,0.5,0.29590887851333864,0.8500046547210499
prelor_vs_lor_task2,full_standard_plus_gcc,8,50,25,0.5,0.512,0.5020354177649574,0.5800000000000001,0.58,0.2847088668752669,0.7896569900530018
prelor_vs_lor_task2,full_standard_plus_gcc,9,50,25,0.5,0.344,0.4008003581919073,0.4,0.4,0.2987995301979872,0.8012204110556344
prelor_vs_lor_task2,full_standard_plus_gcc,10,50,25,0.5,0.4288,0.4593602774219119,0.45999999999999996,0.46,0.30253051813397347,0.8244667094759065
prelor_vs_lor_task2,full_standard_plus_gcc,11,50,25,0.5,0.5055999999999999,0.5568591298659256,0.5,0.5,0.2778971401669869,0.7904635057285583
prelor_vs_lor_task2,full_standard_plus_gcc,12,50,25,0.5,0.2928,0.39913049959676905,0.36,0.36,0.3135633844531815,0.8341732469474327
prelor_vs_lor_task2,full_standard_plus_gcc,13,50,25,0.5,0.312,0.4010768497077289,0.36,0.36,0.31559842678339456,0.8469663020408614
prelor_vs_lor_task2,full_standard_plus_gcc,14,50,25,0.5,0.3216,0.40301184696458153,0.38,0.38,0.3120082757134845,0.8515173061750048
prelor_vs_lor_task2,full_standard_plus_gcc,15,50,25,0.5,0.45600000000000007,0.47486283447955346,0.42000000000000004,0.42,0.27611916193658137,0.7501220244859661
prelor_vs_lor_task2,full_standard_plus_gcc,16,50,25,0.5,0.3392,0.41954227121056764,0.4,0.4,0.3095690070301735,0.8330159491066991
prelor_vs_lor_task2,full_standard_plus_gcc,17,50,25,0.5,0.46240000000000003,0.5000535959211848,0.48,0.48,0.28849487294296805,0.796836218027808
prelor_vs_lor_task2,full_standard_plus_gcc,18,50,25,0.5,0.4368000000000001,0.46992924252531726,0.45999999999999996,0.46,0.2861962262782244,0.771737670516869
prelor_vs_lor_task2,full_standard_plus_gcc,19,50,25,0.5,0.6192,0.6072542879852333,0.56,0.56,0.250345324797554,0.7023334279051027
prelor_vs_lor_task2,full_standard_plus_gcc,20,50,25,0.5,0.49280000000000007,0.5194042280221309,0.48,0.48,0.28207068866728346,0.7723405335682914
prelor_vs_lor_task2,full_standard_plus_gcc,21,50,25,0.5,0.576,0.5335241861594323,0.56,0.56,0.26217070857386976,0.7305659421058432
prelor_vs_lor_task2,full_standard_plus_gcc,22,50,25,0.5,0.4848,0.4981045274871313,0.48,0.48,0.28855810343704513,0.7913158849011072
prelor_vs_lor_task2,full_standard_plus_gcc,23,50,25,0.5,0.2928,0.39198946962775255,0.38,0.38,0.30702949031376336,0.8237701973465561
prelor_vs_lor_task2,full_standard_plus_gcc,24,50,25,0.5,0.5536,0.5439020521058451,0.48000000000000004,0.48,0.27019703570798115,0.7643953795352936
prelor_vs_lor_task2,full_standard_plus_gcc,25,50,25,0.5,0.2944,0.3922120654668223,0.4,0.4,0.3136715906611561,0.8370311021765808
prelor_vs_lor_task2,full_standard_plus_gcc,26,50,25,0.5,0.592,0.5941123508855217,0.5800000000000001,0.58,0.2620870014621697,0.7971582095902592
prelor_vs_lor_task2,full_standard_plus_gcc,27,50,25,0.5,0.6432,0.6494785652353668,0.64,0.64,0.2509738862470629,0.7269436065572199
prelor_vs_lor_task2,full_standard_plus_gcc,28,50,25,0.5,0.6144000000000001,0.5891345918807606,0.6000000000000001,0.6,0.2516347397861603,0.7276708098915935
prelor_vs_lor_task2,full_standard_plus_gcc,29,50,25,0.5,0.5168,0.5259856214148851,0.52,0.52,0.27802498971934475,0.7647823550803021
prelor_vs_lor_task2,full_standard_plus_gcc,30,50,25,0.5,0.47520000000000007,0.5446815933089754,0.5,0.5,0.2851790716377795,0.8207389978563888
prelor_vs_lor_task2,full_standard_plus_gcc,31,50,25,0.5,0.344,0.41913926163527776,0.36,0.36,0.3126334149783967,0.8335456596835842
prelor_vs_lor_task2,full_standard_plus_gcc,32,50,25,0.5,0.5119999999999999,0.5237149251151405,0.54,0.54,0.2751520313809192,0.7573238837946742
prelor_vs_lor_task2,full_standard_plus_gcc,33,50,25,0.5,0.4736,0.5102041277847934,0.42000000000000004,0.42,0.2740440481787829,0.7398797067815406
prelor_vs_lor_task2,full_standard_plus_gcc,34,50,25,0.5,0.34240000000000004,0.41553980852884387,0.44,0.44,0.30268595218415845,0.8050048471987752
prelor_vs_lor_task2,full_standard_plus_gcc,35,50,25,0.5,0.296,0.38962884063604936,0.36,0.36,0.3179408886318771,0.8582924422748949
prelor_vs_lor_task2,full_standard_plus_gcc,36,50,25,0.5,0.37760000000000005,0.4812315311695485,0.4,0.4,0.2884141385538708,0.7912878375004059
prelor_vs_lor_task2,full_standard_plus_gcc,37,50,25,0.5,0.6432,0.5923525631498556,0.64,0.64,0.24959251559092546,0.7415299870690955
prelor_vs_lor_task2,full_standard_plus_gcc,38,50,25,0.5,0.4512,0.4644303101197988,0.48,0.48,0.2935625910970693,0.7976817883216663
prelor_vs_lor_task2,full_standard_plus_gcc,39,50,25,0.5,0.5424,0.5961874124178956,0.56,0.56,0.2694165845548712,0.7426291835433096
prelor_vs_lor_task2,full_standard_plus_gcc,40,50,25,0.5,0.5152,0.5623179709556598,0.52,0.52,0.2750992058797303,0.7563044953998919
prelor_vs_lor_task2,full_standard_plus_gcc,41,50,25,0.5,0.4464,0.481955937373602,0.45999999999999996,0.46,0.29163132473188286,0.7899415425516222
prelor_vs_lor_task2,full_standard_plus_gcc,42,50,25,0.5,0.48,0.5149656821466913,0.52,0.52,0.2762721481985377,0.7527752474252758
prelor_vs_lor_task2,full_standard_plus_gcc,43,50,25,0.5,0.38880000000000003,0.4546355836029142,0.4,0.4,0.3029910363577685,0.8286239773209192
prelor_vs_lor_task2,full_standard_plus_gcc,44,50,25,0.5,0.776,0.75047019510652,0.7,0.7,0.19583347983877455,0.5978469632650389
prelor_vs_lor_task2,full_standard_plus_gcc,45,50,25,0.5,0.6576,0.6010034880111408,0.72,0.72,0.23877051926717957,0.7095348322932077
prelor_vs_lor_task2,full_standard_plus_gcc,46,50,25,0.5,0.536,0.5238891412680439,0.54,0.54,0.2818614748787405,0.8067172083092237
prelor_vs_lor_task2,full_standard_plus_gcc,47,50,25,0.5,0.2848,0.3819172548663962,0.26,0.26,0.3038601044218361,0.8062166686163139
prelor_vs_lor_task2,full_standard_plus_gcc,48,50,25,0.5,0.45119999999999993,0.4679279010765197,0.44,0.44,0.28025815433747664,0.7631482548027345
prelor_vs_lor_task2,full_standard_plus_gcc,49,50,25,0.5,0.488,0.47920642101523325,0.5,0.5,0.27742038684456316,0.7555340004968358
prelor_vs_lor_task2,full_standard_plus_gcc,50,50,25,0.5,0.6352,0.6050346106684048,0.66,0.66,0.25486545854514514,0.7375933487422097
prelor_vs_lor_task2,full_standard_plus_gcc,51,50,25,0.5,0.5888,0.5411843669648754,0.5800000000000001,0.58,0.26026780601590965,0.7368155303267825
prelor_vs_lor_task2,full_standard_plus_gcc,52,50,25,0.5,0.5616000000000001,0.5710576536761547,0.5800000000000001,0.58,0.2553699741513146,0.6990696013650282
prelor_vs_lor_task2,full_standard_plus_gcc,53,50,25,0.5,0.504,0.512785458985459,0.54,0.54,0.29055370200042185,0.8108175639561737
prelor_vs_lor_task2,full_standard_plus_gcc,54,50,25,0.5,0.512,0.5283203646690694,0.52,0.52,0.2738650865359024,0.747681522628061
prelor_vs_lor_task2,full_standard_plus_gcc,55,50,25,0.5,0.6144000000000001,0.630521739878488,0.6000000000000001,0.6,0.26317178052999496,0.7639266358562088
prelor_vs_lor_task2,full_standard_plus_gcc,56,50,25,0.5,0.4064,0.4693078499650801,0.45999999999999996,0.46,0.3034848259308814,0.8470108698532742
prelor_vs_lor_task2,full_standard_plus_gcc,57,50,25,0.5,0.336,0.4050630311139368,0.44,0.44,0.29824299600761145,0.797941274466732
prelor_vs_lor_task2,full_standard_plus_gcc,58,50,25,0.5,0.392,0.4403683537810469,0.45999999999999996,0.46,0.3090626372252556,0.8568118472072253
prelor_vs_lor_task2,full_standard_plus_gcc,59,50,25,0.5,0.2576,0.37411244866387794,0.32,0.32,0.3149129639148815,0.8351324850540567
prelor_vs_lor_task2,full_standard_plus_gcc,60,50,25,0.5,0.44480000000000003,0.46100274881497183,0.46,0.46,0.2959935886071148,0.821793384160787
prelor_vs_lor_task2,full_standard_plus_gcc,61,50,25,0.5,0.5152,0.6507259078505909,0.52,0.52,0.27194949299954174,0.7437984080796615
prelor_vs_lor_task2,full_standard_plus_gcc,62,50,25,0.5,0.456,0.4676070091566167,0.48,0.48,0.29805785511132477,0.8198952781914249
prelor_vs_lor_task2,full_standard_plus_gcc,63,50,25,0.5,0.30400000000000005,0.40396728332033766,0.33999999999999997,0.34,0.30673272958165404,0.8195935941465174
prelor_vs_lor_task2,full_standard_plus_gcc,64,50,25,0.5,0.48960000000000004,0.49042061025885847,0.5800000000000001,0.58,0.28509645617722384,0.786432524095623
prelor_vs_lor_task2,full_standard_plus_gcc,65,50,25,0.5,0.64,0.6267820847355371,0.6000000000000001,0.6,0.25242068144676744,0.7194117892373607
prelor_vs_lor_task2,full_standard_plus_gcc,66,50,25,0.5,0.5056,0.5015172151685716,0.54,0.54,0.2872468462852393,0.7952674103591855
prelor_vs_lor_task2,full_standard_plus_gcc,67,50,25,0.5,0.6512000000000001,0.6466892901801241,0.7,0.7,0.24352294242537223,0.7070640841544499
prelor_vs_lor_task2,full_standard_plus_gcc,68,50,25,0.5,0.39519999999999994,0.4634841556138265,0.4,0.4,0.2969076810163072,0.7962474135276802
prelor_vs_lor_task2,full_standard_plus_gcc,69,50,25,0.5,0.4832,0.5048064146254477,0.46,0.46,0.28596106419636863,0.792853024397343
prelor_vs_lor_task2,full_standard_plus_gcc,70,50,25,0.5,0.4271999999999999,0.45560348925103505,0.5,0.5,0.30888441865277294,0.8637174861015966
prelor_vs_lor_task2,full_standard_plus_gcc,71,50,25,0.5,0.34720000000000006,0.4642097337930597,0.45999999999999996,0.46,0.29886551095038055,0.8005093502201612
prelor_vs_lor_task2,full_standard_plus_gcc,72,50,25,0.5,0.464,0.5036797201551011,0.46,0.46,0.2935036250560714,0.8001285867156792
prelor_vs_lor_task2,full_standard_plus_gcc,73,50,25,0.5,0.6752,0.701115868508383,0.62,0.62,0.23002669232552894,0.6534650780367555
prelor_vs_lor_task2,full_standard_plus_gcc,74,50,25,0.5,0.5871999999999999,0.5583170004051804,0.54,0.54,0.2576781870762424,0.7238315795597261
prelor_vs_lor_task2,full_standard_plus_gcc,75,50,25,0.5,0.4736,0.5149551414137458,0.48,0.48,0.2865529073657953,0.7760589874214997
prelor_vs_lor_task2,full_standard_plus_gcc,76,50,25,0.5,0.5808,0.5866676993148947,0.56,0.56,0.2694353584461424,0.7401065143401003
prelor_vs_lor_task2,full_standard_plus_gcc,77,50,25,0.5,0.2528,0.3750243010460594,0.33999999999999997,0.34,0.318565101731976,0.840507315538339
prelor_vs_lor_task2,full_standard_plus_gcc,78,50,25,0.5,0.5728,0.5465215557472195,0.6000000000000001,0.6,0.2692725262977736,0.7450450292592521
prelor_vs_lor_task2,full_standard_plus_gcc,79,50,25,0.5,0.5936,0.5883957777392771,0.62,0.62,0.269562365997644,0.7685895476707255
prelor_vs_lor_task2,full_standard_plus_gcc,80,50,25,0.5,0.576,0.6039921581166449,0.56,0.56,0.2637227486040876,0.7321922456058073
prelor_vs_lor_task2,full_standard_plus_gcc,81,50,25,0.5,0.5167999999999999,0.5183557941280981,0.48,0.48,0.2751449135378205,0.7569631997502797
prelor_vs_lor_task2,full_standard_plus_gcc,82,50,25,0.5,0.25759999999999994,0.38500026343165206,0.42,0.42,0.3104044873496564,0.8296663377473493
prelor_vs_lor_task2,full_standard_plus_gcc,83,50,25,0.5,0.4272,0.4548170435561025,0.42,0.42,0.29442706666559554,0.7943941276864741
prelor_vs_lor_task2,full_standard_plus_gcc,84,50,25,0.5,0.33759999999999996,0.4047220911421683,0.42000000000000004,0.42,0.3093940514427191,0.8361726897908223
prelor_vs_lor_task2,full_standard_plus_gcc,85,50,25,0.5,0.6080000000000001,0.58368294249956,0.66,0.66,0.2604163373951729,0.7499919043938658
prelor_vs_lor_task2,full_standard_plus_gcc,86,50,25,0.5,0.6304,0.6056168729176404,0.5800000000000001,0.58,0.25516445192518655,0.7405317967298359
prelor_vs_lor_task2,full_standard_plus_gcc,87,50,25,0.5,0.5519999999999999,0.5548770332402946,0.54,0.54,0.2734509185692253,0.7745995439927988
prelor_vs_lor_task2,full_standard_plus_gcc,88,50,25,0.5,0.5376,0.5505130956144625,0.54,0.54,0.28133052749467624,0.8088453158243495
prelor_vs_lor_task2,full_standard_plus_gcc,89,50,25,0.5,0.7535999999999999,0.7443861378602125,0.76,0.76,0.20479275728705568,0.6000855785043421
prelor_vs_lor_task2,full_standard_plus_gcc,90,50,25,0.5,0.6304000000000001,0.6525681680984852,0.5800000000000001,0.58,0.24600452914919566,0.6885385971251948
prelor_vs_lor_task2,full_standard_plus_gcc,91,50,25,0.5,0.4815999999999999,0.537095007894918,0.48,0.48,0.28749994185858,0.795631487445427
prelor_vs_lor_task2,full_standard_plus_gcc,92,50,25,0.5,0.48960000000000004,0.49043464606215564,0.52,0.52,0.28907094040552983,0.8285505400680547
prelor_vs_lor_task2,full_standard_plus_gcc,93,50,25,0.5,0.6144,0.5930627085433549,0.66,0.66,0.25214969641137913,0.7409838915029386
prelor_vs_lor_task2,full_standard_plus_gcc,94,50,25,0.5,0.42240000000000005,0.4890881529446526,0.38,0.38,0.2937502259360034,0.7919961614297946
prelor_vs_lor_task2,full_standard_plus_gcc,95,50,25,0.5,0.40320000000000006,0.44705447733069503,0.42000000000000004,0.42,0.2890097386233177,0.7900983909967069
prelor_vs_lor_task2,full_standard_plus_gcc,96,50,25,0.5,0.6368,0.6359272254761086,0.64,0.64,0.251674455831164,0.731612685761866
prelor_vs_lor_task2,full_standard_plus_gcc,97,50,25,0.5,0.46240000000000003,0.5623511419312683,0.5,0.5,0.28868750652712316,0.7820528220074242
prelor_vs_lor_task2,full_standard_plus_gcc,98,50,25,0.5,0.35359999999999997,0.4099272287203465,0.4,0.4,0.29367109747287523,0.7867057921460482
prelor_vs_lor_task2,full_standard_plus_gcc,99,50,25,0.5,0.4592,0.48140078281072113,0.48,0.48,0.28845228354717867,0.783745324435161
prelor_vs_lor_task2,full_standard_plus_gcc,100,50,25,0.5,0.7728,0.8132952499841584,0.78,0.78,0.19602260015750864,0.599861550314962
lor_vs_ror_task3,confounds_motion_propofol,1,38,19,0.5,0.42382271468144045,0.47235976647071665,0.4473684210526315,0.4473684210526316,0.2965093702862673,0.8045258953483819
lor_vs_ror_task3,confounds_motion_propofol,2,38,19,0.5,0.5096952908587258,0.5530553350749831,0.5,0.5,0.27122156983340334,0.7503153116581696
lor_vs_ror_task3,confounds_motion_propofol,3,38,19,0.5,0.5844875346260388,0.5744867455939657,0.5789473684210527,0.5789473684210527,0.26630260025432984,0.7493556701575743
lor_vs_ror_task3,confounds_motion_propofol,4,38,19,0.5,0.4709141274238227,0.47112724233019165,0.5263157894736842,0.5263157894736842,0.2966859229416733,0.8178418077216089
lor_vs_ror_task3,confounds_motion_propofol,5,38,19,0.5,0.29085872576177285,0.3957355326086208,0.3421052631578947,0.34210526315789475,0.3101809603344756,0.8219098431396485
lor_vs_ror_task3,confounds_motion_propofol,6,38,19,0.5,0.3905817174515236,0.4427734933658023,0.5,0.5,0.30528505346310797,0.8328444202816897
lor_vs_ror_task3,confounds_motion_propofol,7,38,19,0.5,0.26592797783933514,0.3926844513309695,0.3157894736842105,0.3157894736842105,0.30511876250058395,0.8081394428851795
lor_vs_ror_task3,confounds_motion_propofol,8,38,19,0.5,0.6011080332409973,0.5586737030598055,0.5789473684210527,0.5789473684210527,0.2498794171671449,0.6991151519310532
lor_vs_ror_task3,confounds_motion_propofol,9,38,19,0.5,0.48199445983379496,0.5667993674609285,0.5526315789473684,0.5526315789473685,0.2784755811016724,0.7660505139321192
lor_vs_ror_task3,confounds_motion_propofol,10,38,19,0.5,0.6204986149584487,0.6962991249949453,0.5263157894736842,0.5263157894736842,0.25826151164636046,0.7186661451214601
lor_vs_ror_task3,confounds_motion_propofol,11,38,19,0.5,0.5401662049861495,0.5349500162727399,0.5526315789473684,0.5526315789473685,0.2677421639966643,0.7497060664914721
lor_vs_ror_task3,confounds_motion_propofol,12,38,19,0.5,0.3684210526315789,0.4458555086930373,0.3684210526315789,0.3684210526315789,0.2974240788411251,0.7953358392655572
lor_vs_ror_task3,confounds_motion_propofol,13,38,19,0.5,0.36288088642659283,0.42441873707168487,0.5263157894736842,0.5263157894736842,0.29959921430022723,0.8053970246479101
lor_vs_ror_task3,confounds_motion_propofol,14,38,19,0.5,0.368421052631579,0.4776223275184299,0.39473684210526316,0.39473684210526316,0.28569911923563646,0.7802042862194212
lor_vs_ror_task3,confounds_motion_propofol,15,38,19,0.5,0.7506925207756233,0.7921862902691086,0.6842105263157894,0.6842105263157895,0.1956384226343606,0.5630193839312896
lor_vs_ror_task3,confounds_motion_propofol,16,38,19,0.5,0.4487534626038781,0.4710401353042738,0.5,0.5,0.2908217318293205,0.7896380652924105
lor_vs_ror_task3,confounds_motion_propofol,17,38,19,0.5,0.4515235457063712,0.4499878324507567,0.5526315789473684,0.5526315789473685,0.28408434094842017,0.7867788837999278
lor_vs_ror_task3,confounds_motion_propofol,18,38,19,0.5,0.6094182825484764,0.5682725352076791,0.631578947368421,0.631578947368421,0.25484175965005346,0.7449067703674743
lor_vs_ror_task3,confounds_motion_propofol,19,38,19,0.5,0.5484764542936288,0.6248969714072687,0.5789473684210527,0.5789473684210527,0.25750341498340307,0.7121270931135325
lor_vs_ror_task3,confounds_motion_propofol,20,38,19,0.5,0.5706371191135734,0.5907144064916592,0.5789473684210527,0.5789473684210527,0.2587365979815866,0.7252235061642839
lor_vs_ror_task3,confounds_motion_propofol,21,38,19,0.5,0.20775623268698062,0.36317509830757266,0.39473684210526316,0.39473684210526316,0.30966131531908986,0.8230322222376
lor_vs_ror_task3,confounds_motion_propofol,22,38,19,0.5,0.12742382271468145,0.3421164648833477,0.2631578947368421,0.2631578947368421,0.3161142293158342,0.8345779171089157
lor_vs_ror_task3,confounds_motion_propofol,23,38,19,0.5,0.6177285318559557,0.5881844548495156,0.6052631578947368,0.6052631578947368,0.24115437132041392,0.7045267982037702
lor_vs_ror_task3,confounds_motion_propofol,24,38,19,0.5,0.44321329639889195,0.4555393896706309,0.47368421052631576,0.47368421052631576,0.2774194472850514,0.7552352580406589
lor_vs_ror_task3,confounds_motion_propofol,25,38,19,0.5,0.4238227146814404,0.49821085309590896,0.5,0.5,0.2876968877252035,0.8008218973216432
lor_vs_ror_task3,confounds_motion_propofol,26,38,19,0.5,0.4986149584487535,0.48469074079015134,0.5526315789473684,0.5526315789473685,0.273440606166188,0.7621474666202214
lor_vs_ror_task3,confounds_motion_propofol,27,38,19,0.5,0.7146814404432132,0.7518925862139156,0.6842105263157895,0.6842105263157895,0.22368593329255174,0.6587521455114014
lor_vs_ror_task3,confounds_motion_propofol,28,38,19,0.5,0.21329639889196678,0.3659986122101605,0.3421052631578947,0.34210526315789475,0.3118415435807151,0.824634289697801
lor_vs_ror_task3,confounds_motion_propofol,29,38,19,0.5,0.6260387811634349,0.5674586155569757,0.631578947368421,0.631578947368421,0.23073268709831432,0.6502942965787302
lor_vs_ror_task3,confounds_motion_propofol,30,38,19,0.5,0.024930747922437695,0.3237808071971314,0.05263157894736842,0.05263157894736842,0.31836140474803093,0.8328722989192093
lor_vs_ror_task3,confounds_motion_propofol,31,38,19,0.5,0.3601108033240997,0.4276950164953261,0.42105263157894735,0.42105263157894735,0.305834637192404,0.8217029007993044
lor_vs_ror_task3,confounds_motion_propofol,32,38,19,0.5,0.23268698060941825,0.3827224143875644,0.39473684210526316,0.39473684210526316,0.31178590192469435,0.8280182258391635
lor_vs_ror_task3,confounds_motion_propofol,33,38,19,0.5,0.4681440443213296,0.4940802981782317,0.5,0.5,0.28840874915792847,0.7963850622366462
lor_vs_ror_task3,confounds_motion_propofol,34,38,19,0.5,0.35180055401662047,0.41472949236965256,0.39473684210526316,0.39473684210526316,0.3040553900004057,0.8121440924734061
lor_vs_ror_task3,confounds_motion_propofol,35,38,19,0.5,0.5013850415512465,0.5372668577337507,0.5263157894736842,0.5263157894736842,0.27836039926910544,0.7711720741312846
lor_vs_ror_task3,confounds_motion_propofol,36,38,19,0.5,0.556786703601108,0.6870646984279369,0.5526315789473684,0.5526315789473685,0.2578322510986701,0.7103847580846597
lor_vs_ror_task3,confounds_motion_propofol,37,38,19,0.5,0.14681440443213295,0.34705410354762883,0.3157894736842105,0.3157894736842105,0.31991626251260563,0.8414229796355879
lor_vs_ror_task3,confounds_motion_propofol,38,38,19,0.5,0.2797783933518005,0.398744408547914,0.3157894736842105,0.3157894736842105,0.3112692784997419,0.8259342333252361
lor_vs_ror_task3,confounds_motion_propofol,39,38,19,0.5,0.4598337950138504,0.4667149101528944,0.42105263157894735,0.42105263157894735,0.29014274026932196,0.7819775709448605
lor_vs_ror_task3,confounds_motion_propofol,40,38,19,0.5,0.40997229916897504,0.47694422527133296,0.39473684210526316,0.39473684210526316,0.28448479201699106,0.7998839102569361
lor_vs_ror_task3,confounds_motion_propofol,41,38,19,0.5,0.4930747922437674,0.5126293453874885,0.5789473684210527,0.5789473684210527,0.28590615985492135,0.788474837226119
lor_vs_ror_task3,confounds_motion_propofol,42,38,19,0.5,0.19667590027700832,0.36135149255398685,0.2894736842105263,0.2894736842105263,0.312630500376472,0.8301467409941184
lor_vs_ror_task3,confounds_motion_propofol,43,38,19,0.5,0.368421052631579,0.530575224855161,0.42105263157894735,0.42105263157894735,0.28507374107539674,0.7658463025101463
lor_vs_ror_task3,confounds_motion_propofol,44,38,19,0.5,0.6675900277008311,0.580465376737578,0.736842105263158,0.7368421052631579,0.20690397646762657,0.591097203831864
lor_vs_ror_task3,confounds_motion_propofol,45,38,19,0.5,0.5346260387811634,0.638339844852253,0.47368421052631576,0.47368421052631576,0.26814018187466226,0.7437509885377345
lor_vs_ror_task3,confounds_motion_propofol,46,38,19,0.5,0.45429362880886426,0.46430005192029306,0.5,0.5,0.2876464697546477,0.7808800181632609
lor_vs_ror_task3,confounds_motion_propofol,47,38,19,0.5,0.31855955678670356,0.423760626295456,0.4473684210526315,0.4473684210526316,0.3074835747822845,0.8284231433189844
lor_vs_ror_task3,confounds_motion_propofol,48,38,19,0.5,0.13850415512465375,0.3471712568142461,0.2631578947368421,0.2631578947368421,0.3131040568251238,0.8242627425487838
lor_vs_ror_task3,confounds_motion_propofol,49,38,19,0.5,0.46260387811634346,0.5831705733960388,0.5789473684210527,0.5789473684210527,0.27581095347041784,0.7631938223462106
lor_vs_ror_task3,confounds_motion_propofol,50,38,19,0.5,0.48753462603878117,0.47666646714800265,0.5,0.5,0.28432985863343474,0.7881989348972431
lor_vs_ror_task3,confounds_motion_propofol,51,38,19,0.5,0.43490304709141275,0.45155254054739175,0.4736842105263158,0.47368421052631576,0.2916382052216151,0.7969089910736384
lor_vs_ror_task3,confounds_motion_propofol,52,38,19,0.5,0.46537396121883656,0.4681186000392742,0.5263157894736842,0.5263157894736842,0.2911989687004712,0.7932674405411084
lor_vs_ror_task3,confounds_motion_propofol,53,38,19,0.5,0.7285318559556786,0.7314842676665116,0.7368421052631579,0.7368421052631579,0.2148272626941059,0.6339840052100387
lor_vs_ror_task3,confounds_motion_propofol,54,38,19,0.5,0.26038781163434904,0.38442764992602174,0.3421052631578947,0.34210526315789475,0.313649167628113,0.8358885090327736
lor_vs_ror_task3,confounds_motion_propofol,55,38,19,0.5,0.5180055401662049,0.47831286828221253,0.631578947368421,0.631578947368421,0.2668856711318698,0.7391229300518529
lor_vs_ror_task3,confounds_motion_propofol,56,38,19,0.5,0.5263157894736843,0.48541432732706613,0.6052631578947368,0.6052631578947368,0.2543430360699623,0.7067688851735496
lor_vs_ror_task3,confounds_motion_propofol,57,38,19,0.5,0.42382271468144045,0.4961800210486458,0.47368421052631576,0.47368421052631576,0.2912326607362913,0.789247208474688
lor_vs_ror_task3,confounds_motion_propofol,58,38,19,0.5,0.5484764542936289,0.6666823921309346,0.5526315789473684,0.5526315789473685,0.2520748358353351,0.6990198513281728
lor_vs_ror_task3,confounds_motion_propofol,59,38,19,0.5,0.31301939058171746,0.4240169446922891,0.42105263157894735,0.42105263157894735,0.3055045485043218,0.8115774967543907
lor_vs_ror_task3,confounds_motion_propofol,60,38,19,0.5,0.6343490304709141,0.602959750393087,0.6578947368421053,0.6578947368421053,0.2431584451819256,0.6809984758177356
lor_vs_ror_task3,confounds_motion_propofol,61,38,19,0.5,0.6260387811634349,0.6330620498240636,0.6578947368421053,0.6578947368421053,0.24990281108014836,0.7393334434157954
lor_vs_ror_task3,confounds_motion_propofol,62,38,19,0.5,0.34349030470914127,0.42562846898131435,0.39473684210526316,0.39473684210526316,0.2967260462820209,0.794571072641107
lor_vs_ror_task3,confounds_motion_propofol,63,38,19,0.5,0.45983379501385035,0.5291482320466352,0.5526315789473684,0.5526315789473685,0.2885751879425245,0.8167587140396326
lor_vs_ror_task3,confounds_motion_propofol,64,38,19,0.5,0.39335180055401664,0.44012207932079206,0.4473684210526315,0.4473684210526316,0.30538014661208274,0.8220641145111287
lor_vs_ror_task3,confounds_motion_propofol,65,38,19,0.5,0.3795013850415513,0.4338775016938296,0.4736842105263158,0.47368421052631576,0.3046964330445165,0.8201345945247385
lor_vs_ror_task3,confounds_motion_propofol,66,38,19,0.5,0.4044321329639889,0.4722965661841735,0.4473684210526315,0.4473684210526316,0.2884406277396121,0.7841956193741043
lor_vs_ror_task3,confounds_motion_propofol,67,38,19,0.5,0.42105263157894735,0.4484694865431954,0.4473684210526315,0.4473684210526316,0.29467146592490917,0.7971866303809169
lor_vs_ror_task3,confounds_motion_propofol,68,38,19,0.5,0.4376731301939058,0.4610917435102245,0.5526315789473684,0.5526315789473685,0.2968372676111349,0.8052208990903427
lor_vs_ror_task3,confounds_motion_propofol,69,38,19,0.5,0.4210526315789474,0.44087931757722437,0.4736842105263158,0.47368421052631576,0.2901304061193891,0.7999502754833551
lor_vs_ror_task3,confounds_motion_propofol,70,38,19,0.5,0.44321329639889195,0.477243835930261,0.42105263157894735,0.42105263157894735,0.28207184547710745,0.762040165757675
lor_vs_ror_task3,confounds_motion_propofol,71,38,19,0.5,0.5346260387811634,0.5279479200077327,0.5263157894736842,0.5263157894736842,0.2630571393498463,0.7255150857121911
lor_vs_ror_task3,confounds_motion_propofol,72,38,19,0.5,0.4958448753462603,0.5322550801538357,0.5789473684210527,0.5789473684210527,0.28353090117128504,0.7804532344873719
lor_vs_ror_task3,confounds_motion_propofol,73,38,19,0.5,0.38227146814404434,0.5016765381751676,0.47368421052631576,0.47368421052631576,0.2907852647360241,0.8125397933750698
lor_vs_ror_task3,confounds_motion_propofol,74,38,19,0.5,0.3656509695290859,0.42880466019345415,0.5263157894736842,0.5263157894736842,0.29297765178717877,0.7980761772237993
lor_vs_ror_task3,confounds_motion_propofol,75,38,19,0.5,0.6260387811634349,0.582570106314017,0.631578947368421,0.631578947368421,0.2569425826563611,0.7361887853898141
lor_vs_ror_task3,confounds_motion_propofol,76,38,19,0.5,0.38227146814404434,0.4233684925325792,0.4473684210526315,0.4473684210526316,0.2969123415375459,0.8016060779552981
lor_vs_ror_task3,confounds_motion_propofol,77,38,19,0.5,0.41274238227146814,0.459287010621344,0.4473684210526315,0.4473684210526316,0.29891865563753717,0.8067906083401287
lor_vs_ror_task3,confounds_motion_propofol,78,38,19,0.5,0.6371191135734072,0.670030963920442,0.5526315789473684,0.5526315789473685,0.25006280555243277,0.7020131596832879
lor_vs_ror_task3,confounds_motion_propofol,79,38,19,0.5,0.2770083102493075,0.38565936306834353,0.39473684210526316,0.39473684210526316,0.3082245266052551,0.8204206931762745
lor_vs_ror_task3,confounds_motion_propofol,80,38,19,0.5,0.7146814404432132,0.6732750118225723,0.7105263157894737,0.7105263157894737,0.21608522352354798,0.6750762186042814
lor_vs_ror_task3,confounds_motion_propofol,81,38,19,0.5,0.5263157894736841,0.6025946013446013,0.6052631578947368,0.6052631578947368,0.2753557497484937,0.7591298515035474
lor_vs_ror_task3,confounds_motion_propofol,82,38,19,0.5,0.7174515235457063,0.7679504000738118,0.6578947368421053,0.6578947368421053,0.2137461695384258,0.6116934147195089
lor_vs_ror_task3,confounds_motion_propofol,83,38,19,0.5,0.16897506925207756,0.35309198741768444,0.2894736842105263,0.2894736842105263,0.310218876955736,0.8296431134684877
lor_vs_ror_task3,confounds_motion_propofol,84,38,19,0.5,0.5678670360110804,0.5433344155433266,0.5526315789473684,0.5526315789473685,0.2711838914795433,0.7657691857695014
lor_vs_ror_task3,confounds_motion_propofol,85,38,19,0.5,0.4570637119113573,0.4699498631118999,0.5263157894736842,0.5263157894736842,0.2935503890667149,0.796226084266516
lor_vs_ror_task3,confounds_motion_propofol,86,38,19,0.5,0.6786703601108033,0.6494288199658718,0.6578947368421053,0.6578947368421053,0.2316240711183522,0.6614746367853291
lor_vs_ror_task3,confounds_motion_propofol,87,38,19,0.5,0.47091412742382266,0.5057830809344854,0.5,0.5,0.2883813916685434,0.7898075486554644
lor_vs_ror_task3,confounds_motion_propofol,88,38,19,0.5,0.5706371191135734,0.5720357198920066,0.5789473684210527,0.5789473684210527,0.26988724033917916,0.7723233383938277
lor_vs_ror_task3,confounds_motion_propofol,89,38,19,0.5,0.6038781163434903,0.6925256409381122,0.6052631578947368,0.6052631578947368,0.24597091246474193,0.6882894872100064
lor_vs_ror_task3,confounds_motion_propofol,90,38,19,0.5,0.6454293628808865,0.5665076076440945,0.6842105263157895,0.6842105263157895,0.23856082190531652,0.682170308937675
lor_vs_ror_task3,confounds_motion_propofol,91,38,19,0.5,0.2770083102493075,0.3884362940516191,0.3684210526315789,0.3684210526315789,0.3113887016452698,0.8320751552890809
lor_vs_ror_task3,confounds_motion_propofol,92,38,19,0.5,0.5706371191135734,0.667414841367783,0.6052631578947368,0.6052631578947368,0.24812445825458307,0.686266671315337
lor_vs_ror_task3,confounds_motion_propofol,93,38,19,0.5,0.445983379501385,0.4662342803741023,0.5526315789473684,0.5526315789473685,0.2955266366779662,0.8011965500090727
lor_vs_ror_task3,confounds_motion_propofol,94,38,19,0.5,0.46537396121883656,0.5256408858951342,0.39473684210526316,0.39473684210526316,0.28462365422726144,0.7659508475846352
lor_vs_ror_task3,confounds_motion_propofol,95,38,19,0.5,0.3739612188365651,0.4368481610101144,0.42105263157894735,0.42105263157894735,0.29875018244149665,0.8125255772460754
lor_vs_ror_task3,confounds_motion_propofol,96,38,19,0.5,0.4792243767313019,0.5101243465753813,0.5789473684210527,0.5789473684210527,0.29380019315374417,0.8235700902312257
lor_vs_ror_task3,confounds_motion_propofol,97,38,19,0.5,0.21329639889196675,0.37159725242310276,0.2631578947368421,0.2631578947368421,0.30512497753146584,0.8107614571610157
lor_vs_ror_task3,confounds_motion_propofol,98,38,19,0.5,0.3850415512465374,0.4548292931141368,0.42105263157894735,0.42105263157894735,0.3041440451498221,0.8154452037277032
lor_vs_ror_task3,confounds_motion_propofol,99,38,19,0.5,0.5263157894736842,0.5168376216186348,0.5,0.5,0.2734070875505853,0.7547257751703951
lor_vs_ror_task3,confounds_motion_propofol,100,38,19,0.5,0.46814404432132967,0.4913291050925742,0.5263157894736842,0.5263157894736842,0.29114769465355134,0.8131418915553205
lor_vs_ror_task3,standard_fc_plus_confounds,1,38,19,0.5,0.4792243767313019,0.4872628161164291,0.39473684210526316,0.39473684210526316,0.2916615185167675,0.8096155631648752
lor_vs_ror_task3,standard_fc_plus_confounds,2,38,19,0.5,0.5235457063711911,0.5606924736013152,0.6052631578947368,0.6052631578947368,0.28065560206521534,0.7816466987876707
lor_vs_ror_task3,standard_fc_plus_confounds,3,38,19,0.5,0.5817174515235457,0.5445547380484788,0.5526315789473684,0.5526315789473685,0.2759764525109752,0.8008481114317177
lor_vs_ror_task3,standard_fc_plus_confounds,4,38,19,0.5,0.31024930747922436,0.4038081041998124,0.39473684210526316,0.39473684210526316,0.3127929752728485,0.8314002237440528
lor_vs_ror_task3,standard_fc_plus_confounds,5,38,19,0.5,0.484764542936288,0.5431015338724177,0.5263157894736842,0.5263157894736842,0.29536345593434166,0.8123034688292146
lor_vs_ror_task3,standard_fc_plus_confounds,6,38,19,0.5,0.6537396121883656,0.5885040447172503,0.631578947368421,0.631578947368421,0.2394936539809155,0.6851826317124431
lor_vs_ror_task3,standard_fc_plus_confounds,7,38,19,0.5,0.5706371191135734,0.5915069625417226,0.5263157894736842,0.5263157894736842,0.274006987333625,0.7825795093553491
lor_vs_ror_task3,standard_fc_plus_confounds,8,38,19,0.5,0.47091412742382266,0.4953503095917956,0.47368421052631576,0.47368421052631576,0.293505560402754,0.8029418755031599
lor_vs_ror_task3,standard_fc_plus_confounds,9,38,19,0.5,0.45429362880886426,0.4978297187594066,0.5,0.5,0.29658026410982385,0.8085148280971245
lor_vs_ror_task3,standard_fc_plus_confounds,10,38,19,0.5,0.4210526315789474,0.4994893759239212,0.4473684210526315,0.4473684210526316,0.3165577102118552,0.8480117595771849
lor_vs_ror_task3,standard_fc_plus_confounds,11,38,19,0.5,0.0997229916897507,0.3355701685688107,0.15789473684210525,0.15789473684210525,0.3385622722345329,0.878777257996341
lor_vs_ror_task3,standard_fc_plus_confounds,12,38,19,0.5,0.7673130193905817,0.6742266261249478,0.736842105263158,0.7368421052631579,0.18977230348026583,0.5864544490957032
lor_vs_ror_task3,standard_fc_plus_confounds,13,38,19,0.5,0.4709141274238227,0.49512955277741744,0.5263157894736842,0.5263157894736842,0.29133067373957855,0.8004034715385131
lor_vs_ror_task3,standard_fc_plus_confounds,14,38,19,0.5,0.5761772853185596,0.5652763006276265,0.5526315789473684,0.5526315789473685,0.2603060577651824,0.7232875276723211
lor_vs_ror_task3,standard_fc_plus_confounds,15,38,19,0.5,0.551246537396122,0.6492967436457475,0.5263157894736842,0.5263157894736842,0.2856714745941281,0.8339817001894269
lor_vs_ror_task3,standard_fc_plus_confounds,16,38,19,0.5,0.5623268698060943,0.5568100405536738,0.5263157894736842,0.5263157894736842,0.2717445562842268,0.7674924183637162
lor_vs_ror_task3,standard_fc_plus_confounds,17,38,19,0.5,0.29916897506925205,0.41456926842882685,0.2894736842105263,0.2894736842105263,0.3103898177013544,0.8212192204510199
lor_vs_ror_task3,standard_fc_plus_confounds,18,38,19,0.5,0.5706371191135734,0.5835209728945698,0.5526315789473684,0.5526315789473685,0.2710543343434648,0.765682609925443
lor_vs_ror_task3,standard_fc_plus_confounds,19,38,19,0.5,0.6232686980609418,0.6138571525171248,0.631578947368421,0.631578947368421,0.258105346888798,0.768474820788789
lor_vs_ror_task3,standard_fc_plus_confounds,20,38,19,0.5,0.739612188365651,0.7284880153822046,0.736842105263158,0.7368421052631579,0.21327273720758466,0.6493338610699505
lor_vs_ror_task3,standard_fc_plus_confounds,21,38,19,0.5,0.4404432132963989,0.4465538017051186,0.5,0.5,0.2965641808647197,0.8113760912547925
lor_vs_ror_task3,standard_fc_plus_confounds,22,38,19,0.5,0.5678670360110804,0.5387435279247755,0.47368421052631576,0.47368421052631576,0.25208460137239497,0.6946720858074628
lor_vs_ror_task3,standard_fc_plus_confounds,23,38,19,0.5,0.3074792243767313,0.41589906783562075,0.2631578947368421,0.2631578947368421,0.3158735390824767,0.8382738413462667
lor_vs_ror_task3,standard_fc_plus_confounds,24,38,19,0.5,0.6592797783933517,0.6854873841542817,0.6842105263157895,0.6842105263157895,0.24113304745163408,0.7453018432376493
lor_vs_ror_task3,standard_fc_plus_confounds,25,38,19,0.5,0.6204986149584487,0.5955277109790715,0.6842105263157895,0.6842105263157895,0.2574240169776773,0.7323052162514254
lor_vs_ror_task3,standard_fc_plus_confounds,26,38,19,0.5,0.47368421052631576,0.5336731901948255,0.47368421052631576,0.47368421052631576,0.2923902058749745,0.7911862440695653
lor_vs_ror_task3,standard_fc_plus_confounds,27,38,19,0.5,0.36011080332409967,0.4269476081675998,0.4473684210526315,0.4473684210526316,0.3173756209167332,0.8481256303191523
lor_vs_ror_task3,standard_fc_plus_confounds,28,38,19,0.5,0.5373961218836565,0.5046536963426043,0.5789473684210527,0.5789473684210527,0.2738972230176934,0.7717249722923425
lor_vs_ror_task3,standard_fc_plus_confounds,29,38,19,0.5,0.5318559556786704,0.5955832866359182,0.5789473684210527,0.5789473684210527,0.26878235756001095,0.7506604115408146
lor_vs_ror_task3,standard_fc_plus_confounds,30,38,19,0.5,0.5318559556786704,0.5103374969019547,0.5263157894736842,0.5263157894736842,0.27978687792640905,0.773273745511931
lor_vs_ror_task3,standard_fc_plus_confounds,31,38,19,0.5,0.4792243767313019,0.5191175755686103,0.5263157894736842,0.5263157894736842,0.29027897457151725,0.791385587259257
lor_vs_ror_task3,standard_fc_plus_confounds,32,38,19,0.5,0.24653739612188366,0.3777216217452055,0.4473684210526315,0.4473684210526316,0.3308626731883432,0.8688056826428434
lor_vs_ror_task3,standard_fc_plus_confounds,33,38,19,0.5,0.5235457063711911,0.5461241801740747,0.5,0.5,0.2832800931223145,0.7883038128939327
lor_vs_ror_task3,standard_fc_plus_confounds,34,38,19,0.5,0.6094182825484765,0.6290267929464605,0.6578947368421053,0.6578947368421053,0.23976808707834218,0.689092481797612
lor_vs_ror_task3,standard_fc_plus_confounds,35,38,19,0.5,0.6204986149584487,0.621251165509348,0.5526315789473684,0.5526315789473685,0.260159004012976,0.7571500293722727
lor_vs_ror_task3,standard_fc_plus_confounds,36,38,19,0.5,0.551246537396122,0.5854939248166029,0.5789473684210527,0.5789473684210527,0.2792196087790218,0.7700456607903264
lor_vs_ror_task3,standard_fc_plus_confounds,37,38,19,0.5,0.23545706371191133,0.38357742802316824,0.3421052631578947,0.34210526315789475,0.3328160369993117,0.8771724779675131
lor_vs_ror_task3,standard_fc_plus_confounds,38,38,19,0.5,0.5650969529085873,0.5202046110305059,0.5263157894736842,0.5263157894736842,0.26153766953235497,0.7282470619185493
lor_vs_ror_task3,standard_fc_plus_confounds,39,38,19,0.5,0.5706371191135734,0.5585667556539089,0.5526315789473684,0.5526315789473685,0.26723021233305094,0.7713966575032948
lor_vs_ror_task3,standard_fc_plus_confounds,40,38,19,0.5,0.4570637119113573,0.4830025772202762,0.5,0.5,0.2910436074110232,0.7887619647459152
lor_vs_ror_task3,standard_fc_plus_confounds,41,38,19,0.5,0.5817174515235457,0.5874219832946332,0.6052631578947368,0.6052631578947368,0.2712910700462771,0.7870184983096113
lor_vs_ror_task3,standard_fc_plus_confounds,42,38,19,0.5,0.481994459833795,0.47989457467640406,0.5526315789473684,0.5526315789473685,0.29147608647612716,0.8006472460799591
lor_vs_ror_task3,standard_fc_plus_confounds,43,38,19,0.5,0.6481994459833795,0.6297599015478272,0.6578947368421053,0.6578947368421053,0.24602980236540425,0.7099242089040855
lor_vs_ror_task3,standard_fc_plus_confounds,44,38,19,0.5,0.7839335180055401,0.7304239019150527,0.6842105263157894,0.6842105263157895,0.19415678043065926,0.7244938563032581
lor_vs_ror_task3,standard_fc_plus_confounds,45,38,19,0.5,0.4736842105263157,0.5170434324948455,0.4736842105263158,0.47368421052631576,0.2992165647436039,0.8242199028695464
lor_vs_ror_task3,standard_fc_plus_confounds,46,38,19,0.5,0.6952908587257617,0.7234767308760883,0.631578947368421,0.631578947368421,0.23017668466575358,0.6591087646444862
lor_vs_ror_task3,standard_fc_plus_confounds,47,38,19,0.5,0.6232686980609418,0.6666725715409925,0.5263157894736842,0.5263157894736842,0.24801753061661752,0.6899336589635348
lor_vs_ror_task3,standard_fc_plus_confounds,48,38,19,0.5,0.4903047091412742,0.512951898562344,0.5263157894736842,0.5263157894736842,0.28893899774685045,0.7983661977552265
lor_vs_ror_task3,standard_fc_plus_confounds,49,38,19,0.5,0.407202216066482,0.48280693890382087,0.39473684210526316,0.39473684210526316,0.3024935629238942,0.8182897984669646
lor_vs_ror_task3,standard_fc_plus_confounds,50,38,19,0.5,0.44044321329639885,0.48957548811825685,0.4473684210526315,0.4473684210526316,0.30115841645390806,0.8137381913346646
lor_vs_ror_task3,standard_fc_plus_confounds,51,38,19,0.5,0.31301939058171746,0.4436223834038375,0.42105263157894735,0.42105263157894735,0.32305593748279565,0.8545588277212002
lor_vs_ror_task3,standard_fc_plus_confounds,52,38,19,0.5,0.43490304709141275,0.49980502132454596,0.4736842105263158,0.47368421052631576,0.2945914311247551,0.7942500856862331
lor_vs_ror_task3,standard_fc_plus_confounds,53,38,19,0.5,0.8088642659279779,0.8516852635273684,0.763157894736842,0.7631578947368421,0.17588238345422383,0.5475083560246797
lor_vs_ror_task3,standard_fc_plus_confounds,54,38,19,0.5,0.6066481994459834,0.546345603848705,0.6052631578947368,0.6052631578947368,0.2762470175552571,0.827565322013882
lor_vs_ror_task3,standard_fc_plus_confounds,55,38,19,0.5,0.6426592797783933,0.5888088890251838,0.631578947368421,0.631578947368421,0.2535920919690411,0.7303113325845313
lor_vs_ror_task3,standard_fc_plus_confounds,56,38,19,0.5,0.6177285318559557,0.6167120496128111,0.5526315789473684,0.5526315789473685,0.24443894676313824,0.6840170771990073
lor_vs_ror_task3,standard_fc_plus_confounds,57,38,19,0.5,0.5235457063711911,0.5787385043112596,0.5526315789473684,0.5526315789473685,0.284065923847429,0.7879793721405379
lor_vs_ror_task3,standard_fc_plus_confounds,58,38,19,0.5,0.42382271468144045,0.45315367755658065,0.42105263157894735,0.42105263157894735,0.3043701127345351,0.8200526926761814
lor_vs_ror_task3,standard_fc_plus_confounds,59,38,19,0.5,0.4210526315789473,0.45852299125162693,0.42105263157894735,0.42105263157894735,0.29823630729156664,0.829138550392088
lor_vs_ror_task3,standard_fc_plus_confounds,60,38,19,0.5,0.27977839335180055,0.38853771019554184,0.42105263157894735,0.42105263157894735,0.3306532256039787,0.8748573021481975
lor_vs_ror_task3,standard_fc_plus_confounds,61,38,19,0.5,0.26869806094182824,0.38702578287038747,0.3684210526315789,0.3684210526315789,0.31463037948295647,0.8304498791091738
lor_vs_ror_task3,standard_fc_plus_confounds,62,38,19,0.5,0.335180055401662,0.47903141906812285,0.3684210526315789,0.3684210526315789,0.30305665407982463,0.8361063948783622
lor_vs_ror_task3,standard_fc_plus_confounds,63,38,19,0.5,0.6011080332409973,0.5477364024118918,0.5526315789473684,0.5526315789473685,0.2611644526550707,0.7430595404542824
lor_vs_ror_task3,standard_fc_plus_confounds,64,38,19,0.5,0.4515235457063712,0.48060137733316055,0.5,0.5,0.2965984672634347,0.7995720196724394
lor_vs_ror_task3,standard_fc_plus_confounds,65,38,19,0.5,0.5318559556786704,0.522594253824904,0.5789473684210527,0.5789473684210527,0.28024056175250495,0.7839896465182181
lor_vs_ror_task3,standard_fc_plus_confounds,66,38,19,0.5,0.6565096952908588,0.6204881273456893,0.631578947368421,0.631578947368421,0.2461178869738406,0.7178264710759303
lor_vs_ror_task3,standard_fc_plus_confounds,67,38,19,0.5,0.4293628808864266,0.4550184468166092,0.47368421052631576,0.47368421052631576,0.3028204305579214,0.8403001433940007
lor_vs_ror_task3,standard_fc_plus_confounds,68,38,19,0.5,0.2936288088642659,0.3946523505479234,0.3684210526315789,0.3684210526315789,0.3218652910387464,0.8506969258218425
lor_vs_ror_task3,standard_fc_plus_confounds,69,38,19,0.5,0.5013850415512465,0.564444120844846,0.5,0.5,0.2858844115442082,0.7991344143009448
lor_vs_ror_task3,standard_fc_plus_confounds,70,38,19,0.5,0.24653739612188366,0.37974311245579023,0.3157894736842105,0.3157894736842105,0.3199520321522905,0.8426522490589623
lor_vs_ror_task3,standard_fc_plus_confounds,71,38,19,0.5,0.32963988919667586,0.40185740972162776,0.42105263157894735,0.42105263157894735,0.31625655518591245,0.8389680869417453
lor_vs_ror_task3,standard_fc_plus_confounds,72,38,19,0.5,0.43213296398891965,0.44374807180618886,0.4473684210526315,0.4473684210526316,0.2979904092834147,0.8096047347682229
lor_vs_ror_task3,standard_fc_plus_confounds,73,38,19,0.5,0.37119113573407203,0.4346857743810652,0.39473684210526316,0.39473684210526316,0.31016678445392004,0.8345482309657418
lor_vs_ror_task3,standard_fc_plus_confounds,74,38,19,0.5,0.4653739612188365,0.4838782659814184,0.5526315789473684,0.5526315789473685,0.2988655692165447,0.8185580625032415
lor_vs_ror_task3,standard_fc_plus_confounds,75,38,19,0.5,0.44044321329639885,0.49195357878645696,0.47368421052631576,0.47368421052631576,0.3039131704331919,0.8164886772134841
lor_vs_ror_task3,standard_fc_plus_confounds,76,38,19,0.5,0.39335180055401664,0.43697366185585945,0.4473684210526315,0.4473684210526316,0.30250955815015834,0.8216782738980651
lor_vs_ror_task3,standard_fc_plus_confounds,77,38,19,0.5,0.6814404432132963,0.7443967620101688,0.631578947368421,0.631578947368421,0.22752318153820822,0.6588033987199308
lor_vs_ror_task3,standard_fc_plus_confounds,78,38,19,0.5,0.42659279778393355,0.475727031915655,0.3684210526315789,0.3684210526315789,0.3050695233969643,0.8306305663915223
lor_vs_ror_task3,standard_fc_plus_confounds,79,38,19,0.5,0.43767313019390575,0.4869619879990937,0.47368421052631576,0.47368421052631576,0.30222423406104953,0.8227822229552909
lor_vs_ror_task3,standard_fc_plus_confounds,80,38,19,0.5,0.5263157894736843,0.5337056216835347,0.5789473684210527,0.5789473684210527,0.2817991249578715,0.7720442580100432
lor_vs_ror_task3,standard_fc_plus_confounds,81,38,19,0.5,0.14958448753462605,0.3532953640825181,0.23684210526315788,0.23684210526315788,0.3338912169681058,0.8782583739871977
lor_vs_ror_task3,standard_fc_plus_confounds,82,38,19,0.5,0.45983379501385035,0.502080187302396,0.39473684210526316,0.39473684210526316,0.2934517039940876,0.8042544467366297
lor_vs_ror_task3,standard_fc_plus_confounds,83,38,19,0.5,0.41274238227146814,0.46680292182785676,0.42105263157894735,0.42105263157894735,0.3074987739371912,0.8346757971185156
lor_vs_ror_task3,standard_fc_plus_confounds,84,38,19,0.5,0.5207756232686981,0.6498792569379102,0.47368421052631576,0.47368421052631576,0.27401268821433905,0.7442570951078938
lor_vs_ror_task3,standard_fc_plus_confounds,85,38,19,0.5,0.8060941828254847,0.816340341250458,0.8157894736842105,0.8157894736842105,0.18320725271873017,0.5922277465719417
lor_vs_ror_task3,standard_fc_plus_confounds,86,38,19,0.5,0.4736842105263158,0.4971080470281527,0.47368421052631576,0.47368421052631576,0.285231008489647,0.7845384621132792
lor_vs_ror_task3,standard_fc_plus_confounds,87,38,19,0.5,0.5263157894736842,0.5812529031104883,0.5263157894736842,0.5263157894736842,0.2796232191898034,0.7671349565406738
lor_vs_ror_task3,standard_fc_plus_confounds,88,38,19,0.5,0.25761772853185594,0.378715214726295,0.3421052631578947,0.34210526315789475,0.3331681820102614,0.8766175367850689
lor_vs_ror_task3,standard_fc_plus_confounds,89,38,19,0.5,0.2631578947368421,0.3803443737967708,0.3157894736842105,0.3157894736842105,0.32892424944478726,0.8682220988030727
lor_vs_ror_task3,standard_fc_plus_confounds,90,38,19,0.5,0.5734072022160664,0.6067080974975712,0.5526315789473684,0.5526315789473685,0.26750306919456673,0.7505135099433212
lor_vs_ror_task3,standard_fc_plus_confounds,91,38,19,0.5,0.6260387811634349,0.700673345560809,0.6578947368421053,0.6578947368421053,0.2515534924886135,0.7316954259520441
lor_vs_ror_task3,standard_fc_plus_confounds,92,38,19,0.5,0.5900277008310248,0.5400939688351872,0.6052631578947368,0.6052631578947368,0.2723663129411951,0.7918642236033554
lor_vs_ror_task3,standard_fc_plus_confounds,93,38,19,0.5,0.445983379501385,0.4577763404431372,0.5,0.5,0.2975557585704383,0.8109977819249776
lor_vs_ror_task3,standard_fc_plus_confounds,94,38,19,0.5,0.5290858725761773,0.5826968827031354,0.47368421052631576,0.47368421052631576,0.27745924038388203,0.754393884359797
lor_vs_ror_task3,standard_fc_plus_confounds,95,38,19,0.5,0.6177285318559557,0.5672422752685911,0.631578947368421,0.631578947368421,0.2580638181392385,0.7298754598987475
lor_vs_ror_task3,standard_fc_plus_confounds,96,38,19,0.5,0.3628808864265928,0.45476969202387363,0.3684210526315789,0.3684210526315789,0.30514709270947277,0.8196496449326277
lor_vs_ror_task3,standard_fc_plus_confounds,97,38,19,0.5,0.4598337950138504,0.46435927331881893,0.4473684210526315,0.4473684210526316,0.30568865422431407,0.8364393268076431
lor_vs_ror_task3,standard_fc_plus_confounds,98,38,19,0.5,0.5512465373961218,0.6144066062774567,0.5263157894736842,0.5263157894736842,0.27387943561060285,0.7583102901843439
lor_vs_ror_task3,standard_fc_plus_confounds,99,38,19,0.5,0.4265927977839335,0.4854693501406065,0.47368421052631576,0.47368421052631576,0.3043162370283542,0.8421558798380478
lor_vs_ror_task3,standard_fc_plus_confounds,100,38,19,0.5,0.7506925207756232,0.7056604186424733,0.631578947368421,0.631578947368421,0.20823635730773116,0.6362723785184796
lor_vs_ror_task3,gcc_core_plus_confounds,1,38,19,0.5,0.4238227146814404,0.4764215135453207,0.47368421052631576,0.47368421052631576,0.30013929506852893,0.8189468966821144
lor_vs_ror_task3,gcc_core_plus_confounds,2,38,19,0.5,0.37950138504155123,0.4399984121543463,0.39473684210526316,0.39473684210526316,0.3241375404895339,0.8799127892330193
lor_vs_ror_task3,gcc_core_plus_confounds,3,38,19,0.5,0.41274238227146814,0.48547762854104254,0.47368421052631576,0.47368421052631576,0.3108697690480946,0.8621496344004366
lor_vs_ror_task3,gcc_core_plus_confounds,4,38,19,0.5,0.5789473684210525,0.5775016367933551,0.631578947368421,0.631578947368421,0.2692853671329031,0.7578537608308514
lor_vs_ror_task3,gcc_core_plus_confounds,5,38,19,0.5,0.5346260387811634,0.5680560211417596,0.5,0.5,0.2817713156170316,0.7813902353985802
lor_vs_ror_task3,gcc_core_plus_confounds,6,38,19,0.5,0.24376731301939059,0.37727085923170633,0.2894736842105263,0.2894736842105263,0.33455038256479425,0.8797375426501732
lor_vs_ror_task3,gcc_core_plus_confounds,7,38,19,0.5,0.6011080332409973,0.6258273301700273,0.5789473684210527,0.5789473684210527,0.257979937086115,0.7348612324862674
lor_vs_ror_task3,gcc_core_plus_confounds,8,38,19,0.5,0.5041551246537397,0.528563913655216,0.4473684210526315,0.4473684210526316,0.3007970368887709,0.8369537868691405
lor_vs_ror_task3,gcc_core_plus_confounds,9,38,19,0.5,0.551246537396122,0.5192262532644586,0.5526315789473684,0.5526315789473685,0.2680734225491195,0.7409716066519788
lor_vs_ror_task3,gcc_core_plus_confounds,10,38,19,0.5,0.3213296398891967,0.4069927935621499,0.39473684210526316,0.39473684210526316,0.32236514650305137,0.8580418722536286
lor_vs_ror_task3,gcc_core_plus_confounds,11,38,19,0.5,0.4903047091412742,0.6164088130698355,0.5263157894736842,0.5263157894736842,0.2820786312677437,0.7701762562621193
lor_vs_ror_task3,gcc_core_plus_confounds,12,38,19,0.5,0.4875346260387811,0.4987395929338795,0.5,0.5,0.2784508167124223,0.7683010493811192
lor_vs_ror_task3,gcc_core_plus_confounds,13,38,19,0.5,0.35180055401662047,0.43931098016887327,0.39473684210526316,0.39473684210526316,0.324698332034131,0.8659090221229269
lor_vs_ror_task3,gcc_core_plus_confounds,14,38,19,0.5,0.4487534626038781,0.502318867957743,0.42105263157894735,0.42105263157894735,0.29462342003688186,0.7957871266827795
lor_vs_ror_task3,gcc_core_plus_confounds,15,38,19,0.5,0.13850415512465375,0.3460513096659943,0.21052631578947367,0.21052631578947367,0.34082933569907775,0.8901175991875007
lor_vs_ror_task3,gcc_core_plus_confounds,16,38,19,0.5,0.4681440443213296,0.5132161315247513,0.4736842105263158,0.47368421052631576,0.30416490759473347,0.8346851021885336
lor_vs_ror_task3,gcc_core_plus_confounds,17,38,19,0.5,0.5318559556786704,0.5883929689118748,0.5,0.5,0.27163120325565976,0.7372028415247651
lor_vs_ror_task3,gcc_core_plus_confounds,18,38,19,0.5,0.5650969529085872,0.5782563261896836,0.5526315789473684,0.5526315789473685,0.2756866825283312,0.7689881124113788
lor_vs_ror_task3,gcc_core_plus_confounds,19,38,19,0.5,0.5096952908587258,0.5702050737605657,0.5789473684210527,0.5789473684210527,0.29063585488676064,0.8143882349464121
lor_vs_ror_task3,gcc_core_plus_confounds,20,38,19,0.5,0.17728531855955676,0.36144381832542977,0.23684210526315788,0.23684210526315788,0.33375063482000417,0.8734862030909049
lor_vs_ror_task3,gcc_core_plus_confounds,21,38,19,0.5,0.518005540166205,0.5237024718101029,0.5526315789473684,0.5526315789473685,0.2794658576195888,0.7646691527952179
lor_vs_ror_task3,gcc_core_plus_confounds,22,38,19,0.5,0.3268698060941828,0.4336826540755183,0.42105263157894735,0.42105263157894735,0.32312152726112103,0.864421231980046
lor_vs_ror_task3,gcc_core_plus_confounds,23,38,19,0.5,0.5207756232686981,0.5077211882939437,0.5526315789473684,0.5526315789473685,0.28501705859829773,0.7947680618436866
lor_vs_ror_task3,gcc_core_plus_confounds,24,38,19,0.5,0.6204986149584487,0.6704466858854197,0.5789473684210527,0.5789473684210527,0.24755662218292382,0.6937952741263788
lor_vs_ror_task3,gcc_core_plus_confounds,25,38,19,0.5,0.5013850415512466,0.5184364865390567,0.5,0.5,0.28814045233367225,0.8063654006090947
lor_vs_ror_task3,gcc_core_plus_confounds,26,38,19,0.5,0.5761772853185595,0.7049083995611116,0.631578947368421,0.631578947368421,0.2501282378599674,0.7011384052518258
lor_vs_ror_task3,gcc_core_plus_confounds,27,38,19,0.5,0.6481994459833794,0.620571978670398,0.6842105263157895,0.6842105263157895,0.24243641563099969,0.7006540129286144
lor_vs_ror_task3,gcc_core_plus_confounds,28,38,19,0.5,0.2825484764542936,0.41354458296597996,0.3684210526315789,0.3684210526315789,0.32414822841854324,0.8547446371870238
lor_vs_ror_task3,gcc_core_plus_confounds,29,38,19,0.5,0.5540166204986149,0.5479283154668196,0.6052631578947368,0.6052631578947368,0.27044435709713516,0.7551270233478873
lor_vs_ror_task3,gcc_core_plus_confounds,30,38,19,0.5,0.39612188365650963,0.4526635467604463,0.42105263157894735,0.42105263157894735,0.31092719154641685,0.8356176205626521
lor_vs_ror_task3,gcc_core_plus_confounds,31,38,19,0.5,0.4293628808864266,0.4917231066786859,0.5263157894736842,0.5263157894736842,0.2971255860772111,0.8065908165264267
lor_vs_ror_task3,gcc_core_plus_confounds,32,38,19,0.5,0.4598337950138504,0.5235422939058213,0.5263157894736842,0.5263157894736842,0.2976234694389467,0.8146028760674667
lor_vs_ror_task3,gcc_core_plus_confounds,33,38,19,0.5,0.6759002770083102,0.6285772434766241,0.631578947368421,0.631578947368421,0.23826799990960998,0.7016915322426729
lor_vs_ror_task3,gcc_core_plus_confounds,34,38,19,0.5,0.6454293628808865,0.6291729843831405,0.631578947368421,0.631578947368421,0.25024802137422697,0.7569935745590166
lor_vs_ror_task3,gcc_core_plus_confounds,35,38,19,0.5,0.7146814404432132,0.7171603006375695,0.7105263157894737,0.7105263157894737,0.226282815682768,0.6813281480401597
lor_vs_ror_task3,gcc_core_plus_confounds,36,38,19,0.5,0.6121883656509696,0.6023124509625939,0.6052631578947368,0.6052631578947368,0.2686865376449363,0.7636359121576901
lor_vs_ror_task3,gcc_core_plus_confounds,37,38,19,0.5,0.5567867036011082,0.542780789136344,0.5789473684210527,0.5789473684210527,0.27226579659112454,0.7599825201779676
lor_vs_ror_task3,gcc_core_plus_confounds,38,38,19,0.5,0.7617728531855956,0.7030486644044996,0.763157894736842,0.7631578947368421,0.20301121319699855,0.6494323814025231
lor_vs_ror_task3,gcc_core_plus_confounds,39,38,19,0.5,0.5983379501385041,0.5726773217464869,0.5526315789473684,0.5526315789473685,0.2651637953558865,0.776839002898048
lor_vs_ror_task3,gcc_core_plus_confounds,40,38,19,0.5,0.6925207756232687,0.7128274417600018,0.5526315789473684,0.5526315789473685,0.20664047799407811,0.578882671354416
lor_vs_ror_task3,gcc_core_plus_confounds,41,38,19,0.5,0.6620498614958449,0.6249053462987848,0.6842105263157894,0.6842105263157895,0.23686600977048672,0.6718082673634411
lor_vs_ror_task3,gcc_core_plus_confounds,42,38,19,0.5,0.23822714681440446,0.3785868597150464,0.3157894736842105,0.3157894736842105,0.33407830475521305,0.8782198568790254
lor_vs_ror_task3,gcc_core_plus_confounds,43,38,19,0.5,0.2548476454293629,0.3782839203136438,0.3684210526315789,0.3684210526315789,0.3373969129214686,0.887538670064724
lor_vs_ror_task3,gcc_core_plus_confounds,44,38,19,0.5,0.47645429362880887,0.5436545313964325,0.5,0.5,0.29738310483492153,0.8123600285440487
lor_vs_ror_task3,gcc_core_plus_confounds,45,38,19,0.5,0.5124653739612188,0.5655416798144892,0.5,0.5,0.2768429858547243,0.755968269938911
lor_vs_ror_task3,gcc_core_plus_confounds,46,38,19,0.5,0.6343490304709142,0.5626767230482401,0.6842105263157895,0.6842105263157895,0.24769475639153465,0.7241077036865423
lor_vs_ror_task3,gcc_core_plus_confounds,47,38,19,0.5,0.5041551246537396,0.5195989863249926,0.5526315789473684,0.5526315789473685,0.2835481952961339,0.8073718890370302
lor_vs_ror_task3,gcc_core_plus_confounds,48,38,19,0.5,0.5152354570637119,0.4930854344144811,0.5,0.5,0.2811935917748474,0.7771860022576028
lor_vs_ror_task3,gcc_core_plus_confounds,49,38,19,0.5,0.554016620498615,0.6239372035449633,0.5263157894736842,0.5263157894736842,0.2802561888849115,0.8014168192315391
lor_vs_ror_task3,gcc_core_plus_confounds,50,38,19,0.5,0.6509695290858726,0.607416438223297,0.5789473684210527,0.5789473684210527,0.24572082956590838,0.7018837551766758
lor_vs_ror_task3,gcc_core_plus_confounds,51,38,19,0.5,0.37950138504155123,0.4305863535486165,0.4473684210526315,0.4473684210526316,0.3102185532840827,0.8269837975766441
lor_vs_ror_task3,gcc_core_plus_confounds,52,38,19,0.5,0.5844875346260388,0.5609171540937876,0.5526315789473684,0.5526315789473685,0.26824595353730923,0.758944049266357
lor_vs_ror_task3,gcc_core_plus_confounds,53,38,19,0.5,0.5373961218836565,0.5333066628833489,0.5263157894736842,0.5263157894736842,0.2817377398132754,0.7892066419288508
lor_vs_ror_task3,gcc_core_plus_confounds,54,38,19,0.5,0.31578947368421056,0.4020769912364479,0.3684210526315789,0.3684210526315789,0.3220101456654995,0.8554403893758753
lor_vs_ror_task3,gcc_core_plus_confounds,55,38,19,0.5,0.3601108033240997,0.4359559589643296,0.4473684210526315,0.4473684210526316,0.3278470201122888,0.8921701731726774
lor_vs_ror_task3,gcc_core_plus_confounds,56,38,19,0.5,0.5706371191135734,0.5602674348914563,0.5789473684210527,0.5789473684210527,0.2600163085937117,0.7205960962070368
lor_vs_ror_task3,gcc_core_plus_confounds,57,38,19,0.5,0.7146814404432134,0.6819684715067835,0.7105263157894737,0.7105263157894737,0.22375251883651587,0.6528182278127025
lor_vs_ror_task3,gcc_core_plus_confounds,58,38,19,0.5,0.6232686980609419,0.5587415684090551,0.631578947368421,0.631578947368421,0.2539238203216541,0.7261016295907754
lor_vs_ror_task3,gcc_core_plus_confounds,59,38,19,0.5,0.5817174515235457,0.6287488691309775,0.5789473684210527,0.5789473684210527,0.26698798814320257,0.7480669083750248
lor_vs_ror_task3,gcc_core_plus_confounds,60,38,19,0.5,0.45429362880886426,0.5185303617697294,0.47368421052631576,0.47368421052631576,0.29539725442167,0.8029438408053075
lor_vs_ror_task3,gcc_core_plus_confounds,61,38,19,0.5,0.43213296398891965,0.4439913485586495,0.5526315789473684,0.5526315789473685,0.3053735531250859,0.8402443626842102
lor_vs_ror_task3,gcc_core_plus_confounds,62,38,19,0.5,0.6620498614958449,0.6369527402422139,0.6578947368421053,0.6578947368421053,0.23012444817516772,0.6564600706789557
lor_vs_ror_task3,gcc_core_plus_confounds,63,38,19,0.5,0.38227146814404434,0.4634143953077614,0.4736842105263158,0.47368421052631576,0.30918258186532627,0.830691544937016
lor_vs_ror_task3,gcc_core_plus_confounds,64,38,19,0.5,0.5346260387811634,0.5289271723514839,0.5526315789473684,0.5526315789473685,0.27781104972340664,0.7813788803057535
lor_vs_ror_task3,gcc_core_plus_confounds,65,38,19,0.5,0.5235457063711911,0.5353708640395947,0.5526315789473684,0.5526315789473685,0.2915849816877938,0.8205592508647426
lor_vs_ror_task3,gcc_core_plus_confounds,66,38,19,0.5,0.5096952908587258,0.500723782878992,0.5263157894736842,0.5263157894736842,0.2946412924712368,0.8205490202359653
lor_vs_ror_task3,gcc_core_plus_confounds,67,38,19,0.5,0.6814404432132964,0.7134345705848477,0.6842105263157895,0.6842105263157895,0.22815236002089354,0.6610556630560168
lor_vs_ror_task3,gcc_core_plus_confounds,68,38,19,0.5,0.4709141274238227,0.5306751515021554,0.47368421052631576,0.47368421052631576,0.29550029989534776,0.8134588767689398
lor_vs_ror_task3,gcc_core_plus_confounds,69,38,19,0.5,0.5401662049861495,0.5171620179321418,0.6052631578947368,0.6052631578947368,0.2884337922586928,0.8134949155378698
lor_vs_ror_task3,gcc_core_plus_confounds,70,38,19,0.5,0.5096952908587258,0.5113039864423867,0.5526315789473684,0.5526315789473685,0.29412943006808356,0.8196858834258198
lor_vs_ror_task3,gcc_core_plus_confounds,71,38,19,0.5,0.44321329639889195,0.5028128034716516,0.47368421052631576,0.47368421052631576,0.3029487361916355,0.8296300612151061
lor_vs_ror_task3,gcc_core_plus_confounds,72,38,19,0.5,0.3933518005540166,0.5273237626612912,0.39473684210526316,0.39473684210526316,0.3048802130077597,0.8135085223119326
lor_vs_ror_task3,gcc_core_plus_confounds,73,38,19,0.5,0.4376731301939058,0.4662752550069483,0.47368421052631576,0.47368421052631576,0.2972716969466202,0.816854440813295
lor_vs_ror_task3,gcc_core_plus_confounds,74,38,19,0.5,0.4764542936288088,0.5001318136617592,0.47368421052631576,0.47368421052631576,0.3031960458132263,0.8386030669754861
lor_vs_ror_task3,gcc_core_plus_confounds,75,38,19,0.5,0.7340720221606648,0.6531153790781274,0.7105263157894737,0.7105263157894737,0.21856167281186709,0.6775439235231953
lor_vs_ror_task3,gcc_core_plus_confounds,76,38,19,0.5,0.6066481994459834,0.6478405202863406,0.6052631578947368,0.6052631578947368,0.26915580345397805,0.7935511982810057
lor_vs_ror_task3,gcc_core_plus_confounds,77,38,19,0.5,0.21883656509695293,0.38175658761137854,0.2631578947368421,0.2631578947368421,0.33245966067066846,0.8723509675983581
lor_vs_ror_task3,gcc_core_plus_confounds,78,38,19,0.5,0.7423822714681441,0.6792301393577685,0.7105263157894737,0.7105263157894737,0.20910648790946043,0.6319099398696669
lor_vs_ror_task3,gcc_core_plus_confounds,79,38,19,0.5,0.4349030470914128,0.45098393316188445,0.5263157894736842,0.5263157894736842,0.3240393247153399,0.886362674728501
lor_vs_ror_task3,gcc_core_plus_confounds,80,38,19,0.5,0.667590027700831,0.6683757455225598,0.6578947368421053,0.6578947368421053,0.2304626038048634,0.6587701510574588
lor_vs_ror_task3,gcc_core_plus_confounds,81,38,19,0.5,0.2825484764542936,0.41271056651562,0.3157894736842105,0.3157894736842105,0.32857399907051665,0.8718565157707472
lor_vs_ror_task3,gcc_core_plus_confounds,82,38,19,0.5,0.47645429362880887,0.503956790487053,0.4473684210526315,0.4473684210526316,0.29546871653054696,0.8103235178466328
lor_vs_ror_task3,gcc_core_plus_confounds,83,38,19,0.5,0.5124653739612188,0.4929953517839723,0.5789473684210527,0.5789473684210527,0.292081635584044,0.8229383698511722
lor_vs_ror_task3,gcc_core_plus_confounds,84,38,19,0.5,0.5429362880886426,0.5294242711475852,0.6842105263157894,0.6842105263157895,0.2947182739481643,0.8337810033392413
lor_vs_ror_task3,gcc_core_plus_confounds,85,38,19,0.5,0.5041551246537396,0.5966005275669186,0.4473684210526315,0.4473684210526316,0.28369861145180103,0.7757504059481319
lor_vs_ror_task3,gcc_core_plus_confounds,86,38,19,0.5,0.1745152354570637,0.3549182526676187,0.23684210526315788,0.23684210526315788,0.3349220174443027,0.8746509998370177
lor_vs_ror_task3,gcc_core_plus_confounds,87,38,19,0.5,0.3185595567867036,0.4002109121057993,0.4473684210526315,0.4473684210526316,0.33055502092272737,0.8859436198843064
lor_vs_ror_task3,gcc_core_plus_confounds,88,38,19,0.5,0.4376731301939058,0.505382468009417,0.42105263157894735,0.42105263157894735,0.30168249335715336,0.8148146272045675
lor_vs_ror_task3,gcc_core_plus_confounds,89,38,19,0.5,0.4321329639889197,0.4903635215505925,0.4473684210526315,0.4473684210526316,0.2990946075967391,0.8080272079958576
lor_vs_ror_task3,gcc_core_plus_confounds,90,38,19,0.5,0.5457063711911357,0.5750628151421774,0.5789473684210527,0.5789473684210527,0.29122363491854875,0.8330760505326659
lor_vs_ror_task3,gcc_core_plus_confounds,91,38,19,0.5,0.7119113573407202,0.6690187320703045,0.7368421052631579,0.7368421052631579,0.2216431739076707,0.6599780568471347
lor_vs_ror_task3,gcc_core_plus_confounds,92,38,19,0.5,0.5318559556786704,0.5779183467779894,0.5263157894736842,0.5263157894736842,0.2815329143721868,0.7935503814041992
lor_vs_ror_task3,gcc_core_plus_confounds,93,38,19,0.5,0.6759002770083101,0.6976755871214129,0.6052631578947368,0.6052631578947368,0.24372197368156134,0.7024898199645285
lor_vs_ror_task3,gcc_core_plus_confounds,94,38,19,0.5,0.37119113573407203,0.45824600403547777,0.39473684210526316,0.39473684210526316,0.32893624359494816,0.8812484715545494
lor_vs_ror_task3,gcc_core_plus_confounds,95,38,19,0.5,0.6371191135734071,0.6229374248602078,0.6052631578947368,0.6052631578947368,0.25058119621254504,0.7073094145755955
lor_vs_ror_task3,gcc_core_plus_confounds,96,38,19,0.5,0.44321329639889195,0.4990593386810913,0.4473684210526315,0.4473684210526316,0.3023831636870624,0.8177316747208137
lor_vs_ror_task3,gcc_core_plus_confounds,97,38,19,0.5,0.49307479224376727,0.5280135815344578,0.5789473684210527,0.5789473684210527,0.28334449276166707,0.7788241622739932
lor_vs_ror_task3,gcc_core_plus_confounds,98,38,19,0.5,0.4265927977839335,0.5307426798593173,0.4473684210526315,0.4473684210526316,0.30794659820749853,0.847590725858946
lor_vs_ror_task3,gcc_core_plus_confounds,99,38,19,0.5,0.4598337950138504,0.5574948297058411,0.4473684210526315,0.4473684210526316,0.28040957283382933,0.7616813500486194
lor_vs_ror_task3,gcc_core_plus_confounds,100,38,19,0.5,0.7036011080332409,0.7503371192621962,0.6578947368421053,0.6578947368421053,0.2239115842525696,0.6567873729402546
lor_vs_ror_task3,gcc_regime_plus_confounds,1,38,19,0.5,0.29639889196675906,0.41128815396301704,0.3421052631578947,0.34210526315789475,0.3272116898569437,0.8704075238302899
lor_vs_ror_task3,gcc_regime_plus_confounds,2,38,19,0.5,0.4903047091412742,0.5591879211300538,0.5263157894736842,0.5263157894736842,0.29058846201931743,0.8087364243074928
lor_vs_ror_task3,gcc_regime_plus_confounds,3,38,19,0.5,0.481994459833795,0.4839442858994261,0.5,0.5,0.2921072402308066,0.8049723323433708
lor_vs_ror_task3,gcc_regime_plus_confounds,4,38,19,0.5,0.6011080332409973,0.5793743373464735,0.6052631578947368,0.6052631578947368,0.2629098383941539,0.7485858198190952
lor_vs_ror_task3,gcc_regime_plus_confounds,5,38,19,0.5,0.5263157894736842,0.5465292020220858,0.5,0.5,0.27942936406799673,0.7818728011386106
lor_vs_ror_task3,gcc_regime_plus_confounds,6,38,19,0.5,0.554016620498615,0.5096843826126651,0.5789473684210527,0.5789473684210527,0.28062895390189546,0.7929597855653902
lor_vs_ror_task3,gcc_regime_plus_confounds,7,38,19,0.5,0.34349030470914127,0.4208711402328537,0.39473684210526316,0.39473684210526316,0.3238857771065651,0.8700560922149646
lor_vs_ror_task3,gcc_regime_plus_confounds,8,38,19,0.5,0.7285318559556786,0.7765286090085859,0.7105263157894737,0.7105263157894737,0.2201352659240671,0.671784036211702
lor_vs_ror_task3,gcc_regime_plus_confounds,9,38,19,0.5,0.4986149584487535,0.5253952414513793,0.47368421052631576,0.47368421052631576,0.29213389956530356,0.8146150771162257
lor_vs_ror_task3,gcc_regime_plus_confounds,10,38,19,0.5,0.5844875346260388,0.6684120205854558,0.5789473684210527,0.5789473684210527,0.27102231565018114,0.7608571257212839
lor_vs_ror_task3,gcc_regime_plus_confounds,11,38,19,0.5,0.32409972299168976,0.4350301071297612,0.39473684210526316,0.39473684210526316,0.3256193632250622,0.8650574945860569
lor_vs_ror_task3,gcc_regime_plus_confounds,12,38,19,0.5,0.30193905817174516,0.40552784959680543,0.39473684210526316,0.39473684210526316,0.33806708383469447,0.9118045515577042
lor_vs_ror_task3,gcc_regime_plus_confounds,13,38,19,0.5,0.44321329639889195,0.4750518452995233,0.47368421052631576,0.47368421052631576,0.300121054317914,0.8129129460417598
lor_vs_ror_task3,gcc_regime_plus_confounds,14,38,19,0.5,0.31301939058171746,0.45009585991946577,0.2894736842105263,0.2894736842105263,0.3310230415851633,0.8749968858295825
lor_vs_ror_task3,gcc_regime_plus_confounds,15,38,19,0.5,0.5124653739612188,0.5020218448095621,0.5,0.5,0.2927669011282246,0.8529424569676807
lor_vs_ror_task3,gcc_regime_plus_confounds,16,38,19,0.5,0.31024930747922436,0.4010046280932749,0.3157894736842105,0.3157894736842105,0.3371553368210736,0.9086297631802618
lor_vs_ror_task3,gcc_regime_plus_confounds,17,38,19,0.5,0.3767313019390582,0.4357366275237931,0.5,0.5,0.3185487204088571,0.8622744939089191
lor_vs_ror_task3,gcc_regime_plus_confounds,18,38,19,0.5,0.4792243767313019,0.47162471560357566,0.5789473684210527,0.5789473684210527,0.30732127485054184,0.8671502069797297
lor_vs_ror_task3,gcc_regime_plus_confounds,19,38,19,0.5,0.6481994459833795,0.6419866087974467,0.6578947368421053,0.6578947368421053,0.23752590349359723,0.688001626520462
lor_vs_ror_task3,gcc_regime_plus_confounds,20,38,19,0.5,0.5595567867036011,0.5454019644791082,0.631578947368421,0.631578947368421,0.28108135659958194,0.8124102512182565
lor_vs_ror_task3,gcc_regime_plus_confounds,21,38,19,0.5,0.3545706371191135,0.4470840354572209,0.42105263157894735,0.42105263157894735,0.31539979495506765,0.8766619196658668
lor_vs_ror_task3,gcc_regime_plus_confounds,22,38,19,0.5,0.6869806094182827,0.6817555235065103,0.6052631578947368,0.6052631578947368,0.23547071914031625,0.6962236507045434
lor_vs_ror_task3,gcc_regime_plus_confounds,23,38,19,0.5,0.5096952908587258,0.578453372701738,0.5526315789473684,0.5526315789473685,0.2838084226810378,0.7779822845482347
lor_vs_ror_task3,gcc_regime_plus_confounds,24,38,19,0.5,0.44321329639889195,0.5338442385616835,0.3684210526315789,0.3684210526315789,0.2933793378708911,0.819043445060888
lor_vs_ror_task3,gcc_regime_plus_confounds,25,38,19,0.5,0.2742382271468144,0.39284156427732275,0.3421052631578947,0.34210526315789475,0.3345687424935254,0.8775047131938427
lor_vs_ror_task3,gcc_regime_plus_confounds,26,38,19,0.5,0.33240997229916897,0.4040925831400388,0.4473684210526315,0.4473684210526316,0.3365548936917245,0.893116913920576
lor_vs_ror_task3,gcc_regime_plus_confounds,27,38,19,0.5,0.556786703601108,0.5662060423434252,0.5263157894736842,0.5263157894736842,0.26282115476455703,0.7364050789009505
lor_vs_ror_task3,gcc_regime_plus_confounds,28,38,19,0.5,0.5096952908587258,0.5422783356993883,0.6052631578947368,0.6052631578947368,0.30385326704181354,0.8601733660443345
lor_vs_ror_task3,gcc_regime_plus_confounds,29,38,19,0.5,0.5124653739612188,0.4941907916294389,0.631578947368421,0.631578947368421,0.29020640708984063,0.8306228613758682
lor_vs_ror_task3,gcc_regime_plus_confounds,30,38,19,0.5,0.4210526315789474,0.4835079918066926,0.4473684210526315,0.4473684210526316,0.30443843704920753,0.8197637175986281
lor_vs_ror_task3,gcc_regime_plus_confounds,31,38,19,0.5,0.2853185595567867,0.4035372324625244,0.3157894736842105,0.3157894736842105,0.3251021429777018,0.866892550001997
lor_vs_ror_task3,gcc_regime_plus_confounds,32,38,19,0.5,0.34072022160664817,0.4167358133391832,0.42105263157894735,0.42105263157894735,0.32218221180393863,0.856393611676216
lor_vs_ror_task3,gcc_regime_plus_confounds,33,38,19,0.5,0.45706371191135736,0.46342436890157795,0.42105263157894735,0.42105263157894735,0.28900674760520007,0.7849207995335706
lor_vs_ror_task3,gcc_regime_plus_confounds,34,38,19,0.5,0.6011080332409972,0.5694899901352565,0.631578947368421,0.631578947368421,0.26013902011700685,0.7426243361741642
lor_vs_ror_task3,gcc_regime_plus_confounds,35,38,19,0.5,0.24930747922437677,0.3754153081433539,0.3157894736842105,0.3157894736842105,0.3322064534150852,0.8919392072276047
lor_vs_ror_task3,gcc_regime_plus_confounds,36,38,19,0.5,0.3601108033240997,0.4309661492112022,0.4473684210526315,0.4473684210526316,0.31832444455525716,0.8538247941194189
lor_vs_ror_task3,gcc_regime_plus_confounds,37,38,19,0.5,0.26869806094182824,0.38034044116499255,0.3157894736842105,0.3157894736842105,0.3268826449726621,0.8611217263045696
lor_vs_ror_task3,gcc_regime_plus_confounds,38,38,19,0.5,0.5595567867036011,0.6734158276233233,0.6052631578947368,0.6052631578947368,0.25754687907925006,0.7144289921662064
lor_vs_ror_task3,gcc_regime_plus_confounds,39,38,19,0.5,0.26038781163434904,0.37995869693347195,0.3421052631578947,0.34210526315789475,0.33621881671032994,0.8832881263331132
lor_vs_ror_task3,gcc_regime_plus_confounds,40,38,19,0.5,0.5235457063711911,0.502568962450049,0.5,0.5,0.285117632630185,0.7901449123630656
lor_vs_ror_task3,gcc_regime_plus_confounds,41,38,19,0.5,0.5955678670360111,0.6819761134208517,0.5789473684210527,0.5789473684210527,0.26315316096672375,0.7325883983438948
lor_vs_ror_task3,gcc_regime_plus_confounds,42,38,19,0.5,0.6980609418282548,0.6468547293339536,0.6578947368421053,0.6578947368421053,0.22274659368317,0.6644489705076918
lor_vs_ror_task3,gcc_regime_plus_confounds,43,38,19,0.5,0.40443213296398894,0.4508739958762644,0.47368421052631576,0.47368421052631576,0.3068421039330435,0.837985341633495
lor_vs_ror_task3,gcc_regime_plus_confounds,44,38,19,0.5,0.5817174515235457,0.6289965311590024,0.5263157894736842,0.5263157894736842,0.2697753727566935,0.7619847709118045
lor_vs_ror_task3,gcc_regime_plus_confounds,45,38,19,0.5,0.7146814404432134,0.7426357852673642,0.6052631578947368,0.6052631578947368,0.22674001017448073,0.6812305504248213
lor_vs_ror_task3,gcc_regime_plus_confounds,46,38,19,0.5,0.6011080332409973,0.6198873996877627,0.5263157894736842,0.5263157894736842,0.2667266268982381,0.7314785139922515
lor_vs_ror_task3,gcc_regime_plus_confounds,47,38,19,0.5,0.670360110803324,0.7070082704830791,0.6578947368421053,0.6578947368421053,0.23751461830154214,0.6911091780549937
lor_vs_ror_task3,gcc_regime_plus_confounds,48,38,19,0.5,0.3518005540166205,0.4188493393842364,0.39473684210526316,0.39473684210526316,0.3261696592673529,0.8727401465075605
lor_vs_ror_task3,gcc_regime_plus_confounds,49,38,19,0.5,0.2991689750692521,0.39201794390959865,0.3684210526315789,0.3684210526315789,0.3283645227762142,0.865422437874691
lor_vs_ror_task3,gcc_regime_plus_confounds,50,38,19,0.5,0.5263157894736842,0.5989790317328727,0.5,0.5,0.2921834620348771,0.8125521988528973
lor_vs_ror_task3,gcc_regime_plus_confounds,51,38,19,0.5,0.43213296398891965,0.4712566199849771,0.42105263157894735,0.42105263157894735,0.3003680169251406,0.8094375898830447
lor_vs_ror_task3,gcc_regime_plus_confounds,52,38,19,0.5,0.47368421052631576,0.5339114518848014,0.4473684210526315,0.4473684210526316,0.29490891910698097,0.8072663518075778
lor_vs_ror_task3,gcc_regime_plus_confounds,53,38,19,0.5,0.24930747922437674,0.4060809076046458,0.2631578947368421,0.2631578947368421,0.3415271596062158,0.9013679337640562
lor_vs_ror_task3,gcc_regime_plus_confounds,54,38,19,0.5,0.45983379501385047,0.4601311829974568,0.5,0.5,0.29239460664594774,0.7926421388000566
lor_vs_ror_task3,gcc_regime_plus_confounds,55,38,19,0.5,0.407202216066482,0.4396502721822415,0.47368421052631576,0.47368421052631576,0.3174469079816773,0.863826059892193
lor_vs_ror_task3,gcc_regime_plus_confounds,56,38,19,0.5,0.6842105263157894,0.6283500726999179,0.6578947368421053,0.6578947368421053,0.24243486623311195,0.7038918965606665
lor_vs_ror_task3,gcc_regime_plus_confounds,57,38,19,0.5,0.5235457063711911,0.6119208365927287,0.5,0.5,0.2948265635598343,0.798282803536445
lor_vs_ror_task3,gcc_regime_plus_confounds,58,38,19,0.5,0.4986149584487535,0.5380494374529864,0.5263157894736842,0.5263157894736842,0.2837229327215355,0.7940468929105997
lor_vs_ror_task3,gcc_regime_plus_confounds,59,38,19,0.5,0.3240997229916897,0.4066983985062657,0.42105263157894735,0.42105263157894735,0.3231472468040894,0.8575209533206319
lor_vs_ror_task3,gcc_regime_plus_confounds,60,38,19,0.5,0.3573407202216066,0.4229954520089174,0.42105263157894735,0.42105263157894735,0.32149531044906793,0.8594469842613097
lor_vs_ror_task3,gcc_regime_plus_confounds,61,38,19,0.5,0.5595567867036011,0.5563714525682825,0.5,0.5,0.27863600587696336,0.7766593370775714
lor_vs_ror_task3,gcc_regime_plus_confounds,62,38,19,0.5,0.5484764542936288,0.5586395009398639,0.5263157894736842,0.5263157894736842,0.27638588826762794,0.7818557514789515
lor_vs_ror_task3,gcc_regime_plus_confounds,63,38,19,0.5,0.3379501385041551,0.411136993521904,0.47368421052631576,0.47368421052631576,0.33376866967322755,0.893983217489657
lor_vs_ror_task3,gcc_regime_plus_confounds,64,38,19,0.5,0.32963988919667586,0.4254738900758943,0.3684210526315789,0.3684210526315789,0.3271562619746363,0.872113150487506
lor_vs_ror_task3,gcc_regime_plus_confounds,65,38,19,0.5,0.32132963988919666,0.44336430211508726,0.2894736842105263,0.2894736842105263,0.32324283923765834,0.8497620999427976
lor_vs_ror_task3,gcc_regime_plus_confounds,66,38,19,0.5,0.39058171745152354,0.442868496611598,0.5,0.5,0.3093889449901234,0.8337102466607652
lor_vs_ror_task3,gcc_regime_plus_confounds,67,38,19,0.5,0.5429362880886427,0.5359521572769825,0.6052631578947368,0.6052631578947368,0.2761340701832379,0.7634057296459842
lor_vs_ror_task3,gcc_regime_plus_confounds,68,38,19,0.5,0.5235457063711911,0.6548119634302487,0.5789473684210527,0.5789473684210527,0.2750922621970771,0.7572806778788093
lor_vs_ror_task3,gcc_regime_plus_confounds,69,38,19,0.5,0.3462603878116344,0.4207831878564815,0.39473684210526316,0.39473684210526316,0.3264628595906861,0.8630421906814313
lor_vs_ror_task3,gcc_regime_plus_confounds,70,38,19,0.5,0.6537396121883656,0.7688708954815646,0.5526315789473684,0.5526315789473685,0.23709306772343308,0.6785153033128999
lor_vs_ror_task3,gcc_regime_plus_confounds,71,38,19,0.5,0.5180055401662049,0.5682517541224199,0.5526315789473684,0.5526315789473685,0.27906903884046774,0.7635410524879211
lor_vs_ror_task3,gcc_regime_plus_confounds,72,38,19,0.5,0.3656509695290859,0.4154851855287299,0.4473684210526315,0.4473684210526316,0.33091414291660964,0.9063094597103519
lor_vs_ror_task3,gcc_regime_plus_confounds,73,38,19,0.5,0.7285318559556787,0.6642574194173313,0.6578947368421053,0.6578947368421053,0.21719960331848057,0.6870923694149924
lor_vs_ror_task3,gcc_regime_plus_confounds,74,38,19,0.5,0.24099722991689754,0.3773103857140582,0.3157894736842105,0.3157894736842105,0.33592487739437216,0.8768475876771612
lor_vs_ror_task3,gcc_regime_plus_confounds,75,38,19,0.5,0.5817174515235457,0.6644252321449788,0.5263157894736842,0.5263157894736842,0.27058680692126547,0.7619227667012517
lor_vs_ror_task3,gcc_regime_plus_confounds,76,38,19,0.5,0.4681440443213296,0.4696479611545486,0.5,0.5,0.29764973462543903,0.8211088162274747
lor_vs_ror_task3,gcc_regime_plus_confounds,77,38,19,0.5,0.443213296398892,0.45884114669775117,0.4473684210526315,0.4473684210526316,0.3057438910353143,0.8330276164032756
lor_vs_ror_task3,gcc_regime_plus_confounds,78,38,19,0.5,0.7202216066481995,0.7125475740045334,0.6842105263157894,0.6842105263157895,0.21672094785166326,0.6533905488196422
lor_vs_ror_task3,gcc_regime_plus_confounds,79,38,19,0.5,0.5346260387811634,0.6335608741947076,0.5526315789473684,0.5526315789473685,0.27578535617308886,0.7675629604383392
lor_vs_ror_task3,gcc_regime_plus_confounds,80,38,19,0.5,0.5955678670360111,0.5592101267132279,0.6052631578947368,0.6052631578947368,0.26880951378925694,0.7682283944880796
lor_vs_ror_task3,gcc_regime_plus_confounds,81,38,19,0.5,0.4986149584487535,0.49194631494759566,0.47368421052631576,0.47368421052631576,0.29793189746143706,0.8066570500816471
lor_vs_ror_task3,gcc_regime_plus_confounds,82,38,19,0.5,0.5983379501385041,0.5781182086279537,0.5526315789473684,0.5526315789473685,0.2565989598520512,0.7404827051568939
lor_vs_ror_task3,gcc_regime_plus_confounds,83,38,19,0.5,0.1440443213296399,0.34552663218272817,0.21052631578947367,0.21052631578947367,0.34898845301893056,0.9098752712775291
lor_vs_ror_task3,gcc_regime_plus_confounds,84,38,19,0.5,0.5457063711911356,0.535375025430501,0.5789473684210527,0.5789473684210527,0.2806440600580304,0.7912970661263254
lor_vs_ror_task3,gcc_regime_plus_confounds,85,38,19,0.5,0.5096952908587258,0.5286222967119837,0.5263157894736842,0.5263157894736842,0.282298015681636,0.7759533730665937
lor_vs_ror_task3,gcc_regime_plus_confounds,86,38,19,0.5,0.4404432132963989,0.48846951289675744,0.47368421052631576,0.47368421052631576,0.31085577666500636,0.8563636590030846
lor_vs_ror_task3,gcc_regime_plus_confounds,87,38,19,0.5,0.15789473684210525,0.35630372679235023,0.23684210526315788,0.23684210526315788,0.34024448464470447,0.8896834806606106
lor_vs_ror_task3,gcc_regime_plus_confounds,88,38,19,0.5,0.40166204986149584,0.48560422591578634,0.42105263157894735,0.42105263157894735,0.3039776864498121,0.8306862326078055
lor_vs_ror_task3,gcc_regime_plus_confounds,89,38,19,0.5,0.5373961218836565,0.49347992787944844,0.6052631578947368,0.6052631578947368,0.28153050776889543,0.7884274571494618
lor_vs_ror_task3,gcc_regime_plus_confounds,90,38,19,0.5,0.6038781163434903,0.5664658362885777,0.6052631578947368,0.6052631578947368,0.2631095230597501,0.7527370333906607
lor_vs_ror_task3,gcc_regime_plus_confounds,91,38,19,0.5,0.38227146814404434,0.44021338404883087,0.3684210526315789,0.3684210526315789,0.31536625765317156,0.848142348348895
lor_vs_ror_task3,gcc_regime_plus_confounds,92,38,19,0.5,0.4903047091412742,0.5993619377520305,0.47368421052631576,0.47368421052631576,0.29868291771871164,0.8245620228559662
lor_vs_ror_task3,gcc_regime_plus_confounds,93,38,19,0.5,0.3462603878116344,0.4471006726753581,0.3684210526315789,0.3684210526315789,0.320858114331642,0.8730057174546278
lor_vs_ror_task3,gcc_regime_plus_confounds,94,38,19,0.5,0.631578947368421,0.5822856955830686,0.631578947368421,0.631578947368421,0.25184986843337975,0.7146310256625251
lor_vs_ror_task3,gcc_regime_plus_confounds,95,38,19,0.5,0.24930747922437674,0.38520491394879836,0.2894736842105263,0.2894736842105263,0.3382348753810575,0.8900595046020329
lor_vs_ror_task3,gcc_regime_plus_confounds,96,38,19,0.5,0.6759002770083102,0.7124290832959579,0.6842105263157895,0.6842105263157895,0.2415525123597174,0.6938320301443304
lor_vs_ror_task3,gcc_regime_plus_confounds,97,38,19,0.5,0.5069252077562327,0.5133756718241443,0.5526315789473684,0.5526315789473685,0.2847252407193352,0.8041451098965162
lor_vs_ror_task3,gcc_regime_plus_confounds,98,38,19,0.5,0.2991689750692521,0.3937952687200278,0.3684210526315789,0.3684210526315789,0.3280318279563553,0.8760262210195302
lor_vs_ror_task3,gcc_regime_plus_confounds,99,38,19,0.5,0.3296398891966759,0.5008903932328153,0.2631578947368421,0.2631578947368421,0.3234916793711197,0.8569031318763587
lor_vs_ror_task3,gcc_regime_plus_confounds,100,38,19,0.5,0.5457063711911356,0.550807363191264,0.5526315789473684,0.5526315789473685,0.278271780070472,0.7709029683125321
lor_vs_ror_task3,full_standard_plus_gcc,1,38,19,0.5,0.6260387811634349,0.5879296061062397,0.5526315789473684,0.5526315789473685,0.25181085833032507,0.7122965272563838
lor_vs_ror_task3,full_standard_plus_gcc,2,38,19,0.5,0.257617728531856,0.3834810957226817,0.3684210526315789,0.3684210526315789,0.32906867961894637,0.8711603937599779
lor_vs_ror_task3,full_standard_plus_gcc,3,38,19,0.5,0.4986149584487535,0.48893661075101513,0.5526315789473684,0.5526315789473685,0.30028606264486707,0.8752191013707344
lor_vs_ror_task3,full_standard_plus_gcc,4,38,19,0.5,0.6371191135734072,0.6121825910232017,0.631578947368421,0.631578947368421,0.25007711986900877,0.7111079735654078
lor_vs_ror_task3,full_standard_plus_gcc,5,38,19,0.5,0.45429362880886426,0.4670605956528244,0.47368421052631576,0.47368421052631576,0.2938066126140089,0.8041846103012682
lor_vs_ror_task3,full_standard_plus_gcc,6,38,19,0.5,0.551246537396122,0.647035858626746,0.5,0.5,0.27824001200856135,0.7759067067652632
lor_vs_ror_task3,full_standard_plus_gcc,7,38,19,0.5,0.5346260387811634,0.5135367380155882,0.5789473684210527,0.5789473684210527,0.28692163285509653,0.8064208863608119
lor_vs_ror_task3,full_standard_plus_gcc,8,38,19,0.5,0.5013850415512465,0.5287451020867924,0.47368421052631576,0.47368421052631576,0.29102442100455134,0.7975011642798838
lor_vs_ror_task3,full_standard_plus_gcc,9,38,19,0.5,0.5373961218836565,0.5482267874994831,0.47368421052631576,0.47368421052631576,0.28499253067345626,0.7807472485456565
lor_vs_ror_task3,full_standard_plus_gcc,10,38,19,0.5,0.31301939058171746,0.41078864653526814,0.2894736842105263,0.2894736842105263,0.32200442747227914,0.8666774438273755
lor_vs_ror_task3,full_standard_plus_gcc,11,38,19,0.5,0.5013850415512465,0.533790662277708,0.4473684210526315,0.4473684210526316,0.28419873359563713,0.7734919581337755
lor_vs_ror_task3,full_standard_plus_gcc,12,38,19,0.5,0.4238227146814404,0.46109828574828526,0.47368421052631576,0.47368421052631576,0.30337738859164987,0.8160110216075607
lor_vs_ror_task3,full_standard_plus_gcc,13,38,19,0.5,0.44321329639889195,0.47313267282923827,0.5,0.5,0.30852025040855036,0.8366077483444212
lor_vs_ror_task3,full_standard_plus_gcc,14,38,19,0.5,0.6398891966759003,0.6344234426277768,0.631578947368421,0.631578947368421,0.25372427977413664,0.7370025718113399
lor_vs_ror_task3,full_standard_plus_gcc,15,38,19,0.5,0.7451523545706372,0.7132235545955605,0.7368421052631579,0.7368421052631579,0.2095121864503402,0.64541853748922
lor_vs_ror_task3,full_standard_plus_gcc,16,38,19,0.5,0.5734072022160666,0.5277874678783048,0.5526315789473684,0.5526315789473685,0.2699063708585152,0.7656443364274715
lor_vs_ror_task3,full_standard_plus_gcc,17,38,19,0.5,0.3988919667590028,0.5018013474059579,0.4473684210526315,0.4473684210526316,0.3280613428947618,0.8766627978362117
lor_vs_ror_task3,full_standard_plus_gcc,18,38,19,0.5,0.5429362880886426,0.606360980915255,0.5263157894736842,0.5263157894736842,0.2714619119918833,0.7543369681720694
lor_vs_ror_task3,full_standard_plus_gcc,19,38,19,0.5,0.8393351800554016,0.7911627524990166,0.7894736842105263,0.7894736842105263,0.16248855734958104,0.5923563215221429
lor_vs_ror_task3,full_standard_plus_gcc,20,38,19,0.5,0.47922437673130197,0.524784747583857,0.5263157894736842,0.5263157894736842,0.2987111327968084,0.8248473392961596
lor_vs_ror_task3,full_standard_plus_gcc,21,38,19,0.5,0.5318559556786704,0.49426113885535894,0.5789473684210527,0.5789473684210527,0.294428553035049,0.8334907570111934
lor_vs_ror_task3,full_standard_plus_gcc,22,38,19,0.5,0.590027700831025,0.6014231685522079,0.5263157894736842,0.5263157894736842,0.259736522914581,0.7492859447250045
lor_vs_ror_task3,full_standard_plus_gcc,23,38,19,0.5,0.5512465373961218,0.5491623479157066,0.5263157894736842,0.5263157894736842,0.2750221159633089,0.7615017544311291
lor_vs_ror_task3,full_standard_plus_gcc,24,38,19,0.5,0.23545706371191139,0.3734214593138518,0.2631578947368421,0.2631578947368421,0.33513599100866215,0.8842838294401413
lor_vs_ror_task3,full_standard_plus_gcc,25,38,19,0.5,0.31301939058171746,0.3963709712325709,0.39473684210526316,0.39473684210526316,0.32470683320824756,0.8632716076704797
lor_vs_ror_task3,full_standard_plus_gcc,26,38,19,0.5,0.5346260387811634,0.551308838111269,0.5526315789473684,0.5526315789473685,0.286955265477226,0.8051767372035836
lor_vs_ror_task3,full_standard_plus_gcc,27,38,19,0.5,0.32409972299168976,0.4188309958531946,0.4473684210526315,0.4473684210526316,0.31896400744606745,0.8457581531211888
lor_vs_ror_task3,full_standard_plus_gcc,28,38,19,0.5,0.3628808864265928,0.44521175692842185,0.42105263157894735,0.42105263157894735,0.31758382666302964,0.8540514053672587
lor_vs_ror_task3,full_standard_plus_gcc,29,38,19,0.5,0.2548476454293629,0.42700909457688146,0.3421052631578947,0.34210526315789475,0.3303935373997813,0.874941715524874
lor_vs_ror_task3,full_standard_plus_gcc,30,38,19,0.5,0.4681440443213296,0.4686220950793825,0.4473684210526315,0.4473684210526316,0.3049368650689725,0.8358984556592238
lor_vs_ror_task3,full_standard_plus_gcc,31,38,19,0.5,0.523545706371191,0.6003190506599716,0.47368421052631576,0.47368421052631576,0.28429309172698364,0.7761573824459104
lor_vs_ror_task3,full_standard_plus_gcc,32,38,19,0.5,0.5484764542936288,0.5533569901603956,0.6578947368421053,0.6578947368421053,0.28693130471290323,0.8304588752116068
lor_vs_ror_task3,full_standard_plus_gcc,33,38,19,0.5,0.29085872576177285,0.42609061742885,0.3421052631578947,0.34210526315789475,0.33230078884364167,0.8823503831116014
lor_vs_ror_task3,full_standard_plus_gcc,34,38,19,0.5,0.5096952908587258,0.5242035795117247,0.5263157894736842,0.5263157894736842,0.29220194296989843,0.8153141034646153
lor_vs_ror_task3,full_standard_plus_gcc,35,38,19,0.5,0.42105263157894735,0.44955444512672477,0.42105263157894735,0.42105263157894735,0.3139846845705178,0.8448358922729607
lor_vs_ror_task3,full_standard_plus_gcc,36,38,19,0.5,0.3767313019390582,0.49425478502204623,0.39473684210526316,0.39473684210526316,0.3168768474056563,0.8664577486238254
lor_vs_ror_task3,full_standard_plus_gcc,37,38,19,0.5,0.5540166204986149,0.6703715719193994,0.5526315789473684,0.5526315789473685,0.24848393043034286,0.6812099928968243
lor_vs_ror_task3,full_standard_plus_gcc,38,38,19,0.5,0.6371191135734072,0.6567425006692003,0.5789473684210527,0.5789473684210527,0.26161222202153483,0.8076022612072574
lor_vs_ror_task3,full_standard_plus_gcc,39,38,19,0.5,0.6759002770083103,0.6669189519229974,0.6842105263157895,0.6842105263157895,0.2331061637601732,0.6886554925529828
lor_vs_ror_task3,full_standard_plus_gcc,40,38,19,0.5,0.27423822714681445,0.3860834806363763,0.42105263157894735,0.42105263157894735,0.340706939963272,0.9013361203519997
lor_vs_ror_task3,full_standard_plus_gcc,41,38,19,0.5,0.6869806094182825,0.7526997520418572,0.6578947368421053,0.6578947368421053,0.23821679025784134,0.7116980446022554
lor_vs_ror_task3,full_standard_plus_gcc,42,38,19,0.5,0.3019390581717451,0.3979407434415795,0.39473684210526316,0.39473684210526316,0.33653024447010843,0.8941381233335307
lor_vs_ror_task3,full_standard_plus_gcc,43,38,19,0.5,0.4044321329639889,0.48359854556069715,0.42105263157894735,0.42105263157894735,0.322995709820706,0.8812934488829582
lor_vs_ror_task3,full_standard_plus_gcc,44,38,19,0.5,0.6371191135734072,0.6743555041145475,0.6578947368421053,0.6578947368421053,0.2589934713668168,0.7347660609483857
lor_vs_ror_task3,full_standard_plus_gcc,45,38,19,0.5,0.7202216066481995,0.775250223334764,0.6842105263157894,0.6842105263157895,0.20877915080694584,0.6258431252969255
lor_vs_ror_task3,full_standard_plus_gcc,46,38,19,0.5,0.6260387811634349,0.5698556860633661,0.6842105263157895,0.6842105263157895,0.26136129460540125,0.8021980673950245
lor_vs_ror_task3,full_standard_plus_gcc,47,38,19,0.5,0.5373961218836565,0.5409282082066016,0.631578947368421,0.631578947368421,0.2993013144686051,0.8706368701313696
lor_vs_ror_task3,full_standard_plus_gcc,48,38,19,0.5,0.5124653739612188,0.542836151530281,0.5526315789473684,0.5526315789473685,0.288445660877243,0.7979778431484115
lor_vs_ror_task3,full_standard_plus_gcc,49,38,19,0.5,0.3545706371191136,0.4500668732604388,0.39473684210526316,0.39473684210526316,0.3241980092673815,0.8736712347567985
lor_vs_ror_task3,full_standard_plus_gcc,50,38,19,0.5,0.6814404432132963,0.6570771513129342,0.6842105263157894,0.6842105263157895,0.24737970358891873,0.8023854911554773
lor_vs_ror_task3,full_standard_plus_gcc,51,38,19,0.5,0.49584487534626037,0.5486456383059763,0.5526315789473684,0.5526315789473685,0.2860565218254983,0.80218762986886
lor_vs_ror_task3,full_standard_plus_gcc,52,38,19,0.5,0.407202216066482,0.43421288280945725,0.5,0.5,0.310776896836801,0.8392472626182043
lor_vs_ror_task3,full_standard_plus_gcc,53,38,19,0.5,0.3573407202216067,0.41695756836035686,0.39473684210526316,0.39473684210526316,0.3186939768550044,0.8660059268051645
lor_vs_ror_task3,full_standard_plus_gcc,54,38,19,0.5,0.7063711911357341,0.7354135023658177,0.6578947368421053,0.6578947368421053,0.22837883415567492,0.6546611111691852
lor_vs_ror_task3,full_standard_plus_gcc,55,38,19,0.5,0.6537396121883656,0.6265605201462898,0.631578947368421,0.631578947368421,0.24963387127301628,0.7238052072981569
lor_vs_ror_task3,full_standard_plus_gcc,56,38,19,0.5,0.3490304709141274,0.42631347495643473,0.3684210526315789,0.3684210526315789,0.3257177633414306,0.8795066736580189
lor_vs_ror_task3,full_standard_plus_gcc,57,38,19,0.5,0.4986149584487535,0.5608611312904941,0.47368421052631576,0.47368421052631576,0.30118284073431323,0.8449513213762813
lor_vs_ror_task3,full_standard_plus_gcc,58,38,19,0.5,0.6204986149584487,0.6714032049580045,0.5789473684210527,0.5789473684210527,0.255377941214299,0.733974694689756
lor_vs_ror_task3,full_standard_plus_gcc,59,38,19,0.5,0.6454293628808865,0.5862971054357529,0.631578947368421,0.631578947368421,0.24227835336422424,0.7036328987206323
lor_vs_ror_task3,full_standard_plus_gcc,60,38,19,0.5,0.33240997229916897,0.4184256042317128,0.42105263157894735,0.42105263157894735,0.3273667849077455,0.8682037680675441
lor_vs_ror_task3,full_standard_plus_gcc,61,38,19,0.5,0.5207756232686981,0.5815030239104167,0.5,0.5,0.29611404581023915,0.8214002697953814
lor_vs_ror_task3,full_standard_plus_gcc,62,38,19,0.5,0.42105263157894735,0.46645324001869476,0.5263157894736842,0.5263157894736842,0.3104670914957312,0.8438404240928116
lor_vs_ror_task3,full_standard_plus_gcc,63,38,19,0.5,0.47368421052631576,0.4758714646192399,0.5263157894736842,0.5263157894736842,0.29451276507069124,0.8009868570231956
lor_vs_ror_task3,full_standard_plus_gcc,64,38,19,0.5,0.6011080332409973,0.5672792291987337,0.631578947368421,0.631578947368421,0.27347975658835805,0.8225029054506616
lor_vs_ror_task3,full_standard_plus_gcc,65,38,19,0.5,0.5096952908587258,0.5733229661681993,0.5,0.5,0.29243767004267945,0.8066932130469904
lor_vs_ror_task3,full_standard_plus_gcc,66,38,19,0.5,0.6620498614958449,0.6068459858809377,0.6842105263157895,0.6842105263157895,0.24503301894404286,0.755657081549289
lor_vs_ror_task3,full_standard_plus_gcc,67,38,19,0.5,0.368421052631579,0.42244518281290716,0.4473684210526315,0.4473684210526316,0.32174721676628326,0.8835861821540072
lor_vs_ror_task3,full_standard_plus_gcc,68,38,19,0.5,0.2770083102493075,0.39911380714376643,0.3421052631578947,0.34210526315789475,0.33218241012570454,0.8733129597987995
lor_vs_ror_task3,full_standard_plus_gcc,69,38,19,0.5,0.3130193905817174,0.43466334468424145,0.3684210526315789,0.3684210526315789,0.32514255469461356,0.866395779097216
lor_vs_ror_task3,full_standard_plus_gcc,70,38,19,0.5,0.42659279778393355,0.47778351801238,0.39473684210526316,0.39473684210526316,0.2906942807219991,0.8244150206383354
lor_vs_ror_task3,full_standard_plus_gcc,71,38,19,0.5,0.3739612188365651,0.42982064277289533,0.5,0.5,0.32529169036123173,0.8791813947761132
lor_vs_ror_task3,full_standard_plus_gcc,72,38,19,0.5,0.1218836565096953,0.3420577679537282,0.23684210526315788,0.23684210526315788,0.3470606501627021,0.8988529562998149
lor_vs_ror_task3,full_standard_plus_gcc,73,38,19,0.5,0.5235457063711911,0.5863943738477306,0.5263157894736842,0.5263157894736842,0.2854075244993755,0.7969845532436062
lor_vs_ror_task3,full_standard_plus_gcc,74,38,19,0.5,0.590027700831025,0.5822648873344676,0.5526315789473684,0.5526315789473685,0.2748038832394785,0.8103102172896969
lor_vs_ror_task3,full_standard_plus_gcc,75,38,19,0.5,0.5844875346260388,0.6452016108522993,0.5263157894736842,0.5263157894736842,0.2621552139305601,0.7520361862491765
lor_vs_ror_task3,full_standard_plus_gcc,76,38,19,0.5,0.631578947368421,0.5771903254003248,0.6052631578947368,0.6052631578947368,0.26016145619306846,0.7757109118578225
lor_vs_ror_task3,full_standard_plus_gcc,77,38,19,0.5,0.6038781163434903,0.6079406368880053,0.5789473684210527,0.5789473684210527,0.263851634693544,0.7559034391707334
lor_vs_ror_task3,full_standard_plus_gcc,78,38,19,0.5,0.4819944598337951,0.5009586568797095,0.5789473684210527,0.5789473684210527,0.3021737647792035,0.8467654482932659
lor_vs_ror_task3,full_standard_plus_gcc,79,38,19,0.5,0.33240997229916897,0.4256510258713317,0.39473684210526316,0.39473684210526316,0.3169331824639714,0.8442436935868105
lor_vs_ror_task3,full_standard_plus_gcc,80,38,19,0.5,0.4182825484764543,0.4608143202448237,0.5526315789473684,0.5526315789473685,0.31111067204611925,0.8437569718458453
lor_vs_ror_task3,full_standard_plus_gcc,81,38,19,0.5,0.6371191135734072,0.7108403965287662,0.631578947368421,0.631578947368421,0.2522772587365873,0.702735744041969
lor_vs_ror_task3,full_standard_plus_gcc,82,38,19,0.5,0.5096952908587258,0.5037047890095072,0.4473684210526315,0.4473684210526316,0.28657358387768833,0.7869071716955829
lor_vs_ror_task3,full_standard_plus_gcc,83,38,19,0.5,0.5318559556786704,0.49611554780221667,0.5526315789473684,0.5526315789473685,0.27076814353077633,0.743317207652216
lor_vs_ror_task3,full_standard_plus_gcc,84,38,19,0.5,0.3240997229916897,0.40383514663886205,0.3421052631578947,0.34210526315789475,0.3298832845760358,0.8742420233950291
lor_vs_ror_task3,full_standard_plus_gcc,85,38,19,0.5,0.5429362880886426,0.5926276924889073,0.5,0.5,0.27816698342065677,0.7639088837111678
lor_vs_ror_task3,full_standard_plus_gcc,86,38,19,0.5,0.5263157894736842,0.5079833181434652,0.6578947368421053,0.6578947368421053,0.280810105231016,0.7851365009474507
lor_vs_ror_task3,full_standard_plus_gcc,87,38,19,0.5,0.5041551246537396,0.5349655961151806,0.5263157894736842,0.5263157894736842,0.29254799435393597,0.8146349109898311
lor_vs_ror_task3,full_standard_plus_gcc,88,38,19,0.5,0.5457063711911357,0.5248791839401792,0.5263157894736842,0.5263157894736842,0.28989804922893664,0.8400933924785531
lor_vs_ror_task3,full_standard_plus_gcc,89,38,19,0.5,0.5346260387811634,0.6044583161184556,0.5526315789473684,0.5526315789473685,0.2787235917019404,0.7603269449308698
lor_vs_ror_task3,full_standard_plus_gcc,90,38,19,0.5,0.3462603878116344,0.41281960750799973,0.42105263157894735,0.42105263157894735,0.3263095796057063,0.8842934028426551
lor_vs_ror_task3,full_standard_plus_gcc,91,38,19,0.5,0.6232686980609419,0.6952017398351582,0.5526315789473684,0.5526315789473685,0.25505463890982694,0.7101504338615579
lor_vs_ror_task3,full_standard_plus_gcc,92,38,19,0.5,0.4044321329639889,0.49103030045695323,0.47368421052631576,0.47368421052631576,0.3261096405854524,0.8919320778586569
lor_vs_ror_task3,full_standard_plus_gcc,93,38,19,0.5,0.5207756232686981,0.5428439360966729,0.5526315789473684,0.5526315789473685,0.2832787089840756,0.7901311527749563
lor_vs_ror_task3,full_standard_plus_gcc,94,38,19,0.5,0.6869806094182825,0.704983501353047,0.631578947368421,0.631578947368421,0.23695687781779454,0.6760114135836842
lor_vs_ror_task3,full_standard_plus_gcc,95,38,19,0.5,0.48199445983379496,0.5293848656729543,0.5526315789473684,0.5526315789473685,0.3056771417050737,0.8331419716593014
lor_vs_ror_task3,full_standard_plus_gcc,96,38,19,0.5,0.38781163434903043,0.4441209764429579,0.42105263157894735,0.42105263157894735,0.31732347462619703,0.855635499369001
lor_vs_ror_task3,full_standard_plus_gcc,97,38,19,0.5,0.37119113573407203,0.45914360775413976,0.39473684210526316,0.39473684210526316,0.31496275061959494,0.8384216322829565
lor_vs_ror_task3,full_standard_plus_gcc,98,38,19,0.5,0.554016620498615,0.5055999878125651,0.5263157894736842,0.5263157894736842,0.2807530683357178,0.780830924603868
lor_vs_ror_task3,full_standard_plus_gcc,99,38,19,0.5,0.5484764542936288,0.6176929927537673,0.5526315789473684,0.5526315789473685,0.27058580050004166,0.7582461108812111
lor_vs_ror_task3,full_standard_plus_gcc,100,38,19,0.5,0.4570637119113573,0.4980677855925823,0.4473684210526315,0.4473684210526316,0.3029139675118588,0.8217744413095375
