task_name,model,permutation,n_rows,n_subjects,positive_rate,roc_auc,average_precision,balanced_accuracy,accuracy,brier,log_loss
responsive_vs_lor_all_phases,confounds_motion_propofol,1,147,26,0.3469387755102041,0.39869281045751637,0.2962904782891298,0.44270833333333337,0.47619047619047616,0.25734070736688586,0.7080789628281289
responsive_vs_lor_all_phases,confounds_motion_propofol,2,147,26,0.3469387755102041,0.403390522875817,0.287765989427152,0.45925245098039214,0.4557823129251701,0.2606087954092725,0.7151095265678327
responsive_vs_lor_all_phases,confounds_motion_propofol,3,147,26,0.3469387755102041,0.451593137254902,0.30561390896595764,0.49724264705882354,0.46938775510204084,0.2587515709577783,0.7111770891118534
responsive_vs_lor_all_phases,confounds_motion_propofol,4,147,26,0.3469387755102041,0.494485294117647,0.35679690073771975,0.4310661764705882,0.4489795918367347,0.2559302966622329,0.706106620376439
responsive_vs_lor_all_phases,confounds_motion_propofol,5,147,26,0.3469387755102041,0.4185049019607843,0.31241974891969265,0.508578431372549,0.54421768707483,0.2600452723135241,0.7142394282965565
responsive_vs_lor_all_phases,confounds_motion_propofol,6,147,26,0.3469387755102041,0.6427696078431373,0.45403489789321183,0.6044730392156863,0.6394557823129252,0.24092605594570213,0.6878697717111263
responsive_vs_lor_all_phases,confounds_motion_propofol,7,147,26,0.3469387755102041,0.4452614379084967,0.3237387706540742,0.44669117647058826,0.46938775510204084,0.2594021292985523,0.7127462683667358
responsive_vs_lor_all_phases,confounds_motion_propofol,8,147,26,0.3469387755102041,0.585171568627451,0.45486813779169594,0.6170343137254902,0.6258503401360545,0.2445978351434092,0.6843839937724756
responsive_vs_lor_all_phases,confounds_motion_propofol,9,147,26,0.3469387755102041,0.47998366013071897,0.38657797573784025,0.53125,0.5918367346938775,0.2515310898075422,0.702045498821369
responsive_vs_lor_all_phases,confounds_motion_propofol,10,147,26,0.3469387755102041,0.6323529411764706,0.47089219151582146,0.5830269607843137,0.6054421768707483,0.23734727570937117,0.6698772767692384
responsive_vs_lor_all_phases,confounds_motion_propofol,11,147,26,0.3469387755102041,0.3917483660130719,0.29926163756832536,0.47334558823529416,0.5102040816326531,0.2593924645815817,0.7124166115332544
responsive_vs_lor_all_phases,confounds_motion_propofol,12,147,26,0.3469387755102041,0.5281862745098039,0.3817553363600191,0.5119485294117647,0.5306122448979592,0.25384020789831985,0.7032118402189665
responsive_vs_lor_all_phases,confounds_motion_propofol,13,147,26,0.3469387755102041,0.5216503267973857,0.3413509966175508,0.5520833333333333,0.5170068027210885,0.2546692923516659,0.7041500366936597
responsive_vs_lor_all_phases,confounds_motion_propofol,14,147,26,0.3469387755102041,0.5669934640522876,0.3874732410932812,0.5487132352941176,0.5306122448979592,0.2492223056451598,0.6929130445587884
responsive_vs_lor_all_phases,confounds_motion_propofol,15,147,26,0.3469387755102041,0.5774101307189543,0.3977644993290108,0.5245098039215687,0.5170068027210885,0.24340377249188186,0.6796647625096882
responsive_vs_lor_all_phases,confounds_motion_propofol,16,147,26,0.3469387755102041,0.5204248366013072,0.36575273044093903,0.5036764705882353,0.4897959183673469,0.25388636253534747,0.7026674451769368
responsive_vs_lor_all_phases,confounds_motion_propofol,17,147,26,0.3469387755102041,0.4354575163398693,0.3228742594682479,0.42769607843137253,0.46258503401360546,0.2606983176530058,0.7160849168981052
responsive_vs_lor_all_phases,confounds_motion_propofol,18,147,26,0.3469387755102041,0.5179738562091504,0.402681124836171,0.5664828431372548,0.6258503401360545,0.24985305210378006,0.6942046947049654
responsive_vs_lor_all_phases,confounds_motion_propofol,19,147,26,0.3469387755102041,0.46629901960784315,0.33687885088912706,0.5235906862745098,0.5578231292517006,0.256492047654806,0.7067556925531125
responsive_vs_lor_all_phases,confounds_motion_propofol,20,147,26,0.3469387755102041,0.5371732026143792,0.38899317679886025,0.5300245098039216,0.5782312925170068,0.252879260499128,0.7062528202942109
responsive_vs_lor_all_phases,confounds_motion_propofol,21,147,26,0.3469387755102041,0.48120915032679745,0.3376048750656315,0.5125612745098039,0.5374149659863946,0.25469972370653443,0.7033377095904548
responsive_vs_lor_all_phases,confounds_motion_propofol,22,147,26,0.3469387755102041,0.3991013071895425,0.28277884658240643,0.46262254901960786,0.4421768707482993,0.2612351408059494,0.7169916781958359
responsive_vs_lor_all_phases,confounds_motion_propofol,23,147,26,0.3469387755102041,0.46834150326797386,0.36835268086491363,0.47120098039215685,0.5374149659863946,0.25474630538051557,0.7064981920493846
responsive_vs_lor_all_phases,confounds_motion_propofol,24,147,26,0.3469387755102041,0.5469771241830066,0.39144204912726815,0.5689338235294117,0.5510204081632653,0.2541147137098071,0.703663228575501
responsive_vs_lor_all_phases,confounds_motion_propofol,25,147,26,0.3469387755102041,0.44709967320261434,0.30863561718047994,0.48621323529411764,0.4489795918367347,0.2612632328628891,0.7167877636576446
responsive_vs_lor_all_phases,confounds_motion_propofol,26,147,26,0.3469387755102041,0.4832516339869281,0.3448881309584131,0.5033700980392157,0.5374149659863946,0.2565597379986408,0.7071186507399339
responsive_vs_lor_all_phases,confounds_motion_propofol,27,147,26,0.3469387755102041,0.4438316993464052,0.32754968456879924,0.4923406862745098,0.5170068027210885,0.26397266134923886,0.7231321983936195
responsive_vs_lor_all_phases,confounds_motion_propofol,28,147,26,0.3469387755102041,0.46915849673202614,0.35693085906830735,0.492953431372549,0.5238095238095238,0.2606080483935942,0.7167269725378429
responsive_vs_lor_all_phases,confounds_motion_propofol,29,147,26,0.3469387755102041,0.4850898692810458,0.3215681909379679,0.5441176470588236,0.5306122448979592,0.2616293442174968,0.7190985192828511
responsive_vs_lor_all_phases,confounds_motion_propofol,30,147,26,0.3469387755102041,0.565359477124183,0.38095355547046367,0.5793504901960784,0.564625850340136,0.2503685009072118,0.6953816766463551
responsive_vs_lor_all_phases,confounds_motion_propofol,31,147,26,0.3469387755102041,0.40093954248366015,0.2995939726901782,0.4485294117647059,0.4897959183673469,0.2603911344460231,0.7150084084093378
responsive_vs_lor_all_phases,confounds_motion_propofol,32,147,26,0.3469387755102041,0.5328839869281046,0.3598399668727355,0.5269607843137255,0.54421768707483,0.2526089188495984,0.6992080508051368
responsive_vs_lor_all_phases,confounds_motion_propofol,33,147,26,0.3469387755102041,0.4446486928104575,0.32282074840756964,0.47824754901960786,0.46258503401360546,0.2622306037835358,0.7201608441916745
responsive_vs_lor_all_phases,confounds_motion_propofol,34,147,26,0.3469387755102041,0.5582107843137255,0.38889498588871485,0.5435049019607843,0.5238095238095238,0.25228323051690843,0.6996761714911482
responsive_vs_lor_all_phases,confounds_motion_propofol,35,147,26,0.3469387755102041,0.5042892156862745,0.349387516732412,0.5116421568627451,0.47619047619047616,0.25889240897191,0.7144555198440833
responsive_vs_lor_all_phases,confounds_motion_propofol,36,147,26,0.3469387755102041,0.542687908496732,0.3487525105715099,0.5603553921568627,0.5578231292517006,0.2528433937599163,0.6986701243510745
responsive_vs_lor_all_phases,confounds_motion_propofol,37,147,26,0.3469387755102041,0.41482843137254904,0.2953983893110069,0.43719362745098034,0.41496598639455784,0.2622288921432289,0.7182038503698709
responsive_vs_lor_all_phases,confounds_motion_propofol,38,147,26,0.3469387755102041,0.4699754901960784,0.36951072289982595,0.508578431372549,0.54421768707483,0.2578394764634501,0.7121670337430939
responsive_vs_lor_all_phases,confounds_motion_propofol,39,147,26,0.3469387755102041,0.4268790849673203,0.305908674858268,0.4785539215686274,0.5170068027210885,0.2609122224138622,0.7160629947642824
responsive_vs_lor_all_phases,confounds_motion_propofol,40,147,26,0.3469387755102041,0.42892156862745096,0.2970238673917273,0.4681372549019608,0.5034013605442177,0.26020169061158654,0.7143325784759501
responsive_vs_lor_all_phases,confounds_motion_propofol,41,147,26,0.3469387755102041,0.24448529411764705,0.2369517607204898,0.319546568627451,0.3333333333333333,0.2647560415683968,0.7229982998713776
responsive_vs_lor_all_phases,confounds_motion_propofol,42,147,26,0.3469387755102041,0.4705882352941177,0.35301254759937795,0.5343137254901961,0.5238095238095238,0.2596322670600342,0.7131352896922644
responsive_vs_lor_all_phases,confounds_motion_propofol,43,147,26,0.3469387755102041,0.3880718954248366,0.28055620626254396,0.37775735294117646,0.3673469387755102,0.2591415059428069,0.7120274194909149
responsive_vs_lor_all_phases,confounds_motion_propofol,44,147,26,0.3469387755102041,0.5169526143790849,0.34793450598550346,0.5012254901960784,0.46258503401360546,0.2533618361300616,0.7001545901652655
responsive_vs_lor_all_phases,confounds_motion_propofol,45,147,26,0.3469387755102041,0.47937091503267976,0.35159172299175123,0.48651960784313725,0.5034013605442177,0.25644587433312216,0.7101767491666396
responsive_vs_lor_all_phases,confounds_motion_propofol,46,147,26,0.3469387755102041,0.45629084967320266,0.3480869054716062,0.5196078431372548,0.564625850340136,0.25838266758591194,0.7122295380920094
responsive_vs_lor_all_phases,confounds_motion_propofol,47,147,26,0.3469387755102041,0.4622140522875817,0.3299660233289219,0.5039828431372548,0.54421768707483,0.2597438347340773,0.7147346297653144
responsive_vs_lor_all_phases,confounds_motion_propofol,48,147,26,0.3469387755102041,0.2961601307189543,0.25199005170757677,0.37683823529411764,0.40816326530612246,0.2654571392227673,0.7248892148243324
responsive_vs_lor_all_phases,confounds_motion_propofol,49,147,26,0.3469387755102041,0.5120506535947712,0.3941039347380949,0.5199142156862745,0.5170068027210885,0.25291926317885804,0.6992424641413499
responsive_vs_lor_all_phases,confounds_motion_propofol,50,147,26,0.3469387755102041,0.5351307189542485,0.41140273084228407,0.5309436274509804,0.5374149659863946,0.24721514019674817,0.6844035928990914
responsive_vs_lor_all_phases,confounds_motion_propofol,51,147,26,0.3469387755102041,0.4475081699346405,0.3058615048523263,0.5006127450980392,0.4557823129251701,0.2582709577833416,0.7106859276313587
responsive_vs_lor_all_phases,confounds_motion_propofol,52,147,26,0.3469387755102041,0.5755718954248367,0.4014812831298589,0.6124387254901961,0.6258503401360545,0.2467703894841767,0.6868372934048973
responsive_vs_lor_all_phases,confounds_motion_propofol,53,147,26,0.3469387755102041,0.4168709150326797,0.2934908917267355,0.44699754901960786,0.4217687074829932,0.26253359219158234,0.7185732194258787
responsive_vs_lor_all_phases,confounds_motion_propofol,54,147,26,0.3469387755102041,0.5437091503267973,0.3980643698973225,0.4963235294117647,0.5102040816326531,0.24786302025213042,0.6882383914410124
responsive_vs_lor_all_phases,confounds_motion_propofol,55,147,26,0.3469387755102041,0.6292892156862745,0.44450962853559617,0.6587009803921569,0.6802721088435374,0.24209690018852642,0.6848899026560548
responsive_vs_lor_all_phases,confounds_motion_propofol,56,147,26,0.3469387755102041,0.5706699346405228,0.3936484608502183,0.5376838235294118,0.5102040816326531,0.2507459867665957,0.6951338832017993
responsive_vs_lor_all_phases,confounds_motion_propofol,57,147,26,0.3469387755102041,0.43790849673202614,0.3215593568745775,0.4742647058823529,0.46938775510204084,0.2596251809849868,0.7133668922056685
responsive_vs_lor_all_phases,confounds_motion_propofol,58,147,26,0.3469387755102041,0.3564133986928105,0.28342058321303176,0.39368872549019607,0.4421768707482993,0.2627786874929115,0.7196653717546538
responsive_vs_lor_all_phases,confounds_motion_propofol,59,147,26,0.3469387755102041,0.5238970588235294,0.36791255909558507,0.5134803921568627,0.4965986394557823,0.2539602767507469,0.7021379867776626
responsive_vs_lor_all_phases,confounds_motion_propofol,60,147,26,0.3469387755102041,0.4618055555555556,0.3078028211638275,0.5116421568627451,0.47619047619047616,0.25894957869570195,0.7132236597124181
responsive_vs_lor_all_phases,confounds_motion_propofol,61,147,26,0.3469387755102041,0.358047385620915,0.28810654554384796,0.4068627450980392,0.43537414965986393,0.2625982363506623,0.7188717683950319
responsive_vs_lor_all_phases,confounds_motion_propofol,62,147,26,0.3469387755102041,0.4162581699346405,0.3003482497497845,0.4898897058823529,0.4897959183673469,0.267019792518837,0.7328601799841864
responsive_vs_lor_all_phases,confounds_motion_propofol,63,147,26,0.3469387755102041,0.5406454248366013,0.3658204189277934,0.5131740196078431,0.54421768707483,0.2535548628326819,0.7024178917689672
responsive_vs_lor_all_phases,confounds_motion_propofol,64,147,26,0.3469387755102041,0.5034722222222222,0.35389029083096185,0.48774509803921573,0.5170068027210885,0.2554467785228638,0.705236950624447
responsive_vs_lor_all_phases,confounds_motion_propofol,65,147,26,0.3469387755102041,0.46772875816993464,0.31221231687415996,0.5220588235294118,0.4897959183673469,0.25970358778369995,0.7160272290886635
responsive_vs_lor_all_phases,confounds_motion_propofol,66,147,26,0.3469387755102041,0.3511029411764706,0.2729858149629032,0.430453431372549,0.4421768707482993,0.2600356053896114,0.7134571303278842
responsive_vs_lor_all_phases,confounds_motion_propofol,67,147,26,0.3469387755102041,0.5578022875816995,0.4218314522843692,0.5536151960784313,0.5850340136054422,0.24825460556450496,0.6926123577163592
responsive_vs_lor_all_phases,confounds_motion_propofol,68,147,26,0.3469387755102041,0.5298202614379085,0.35514430809194664,0.5428921568627451,0.5170068027210885,0.2530308449558874,0.6995095771173399
responsive_vs_lor_all_phases,confounds_motion_propofol,69,147,26,0.3469387755102041,0.5065359477124183,0.3423036006283857,0.5091911764705883,0.5510204081632653,0.25544905427950065,0.7051666788072007
responsive_vs_lor_all_phases,confounds_motion_propofol,70,147,26,0.3469387755102041,0.48897058823529405,0.3637879595364631,0.514093137254902,0.5034013605442177,0.25740705529591096,0.7085067187129249
responsive_vs_lor_all_phases,confounds_motion_propofol,71,147,26,0.3469387755102041,0.48897058823529405,0.39051718374868916,0.5266544117647058,0.5918367346938775,0.2519718645693986,0.7033998014791198
responsive_vs_lor_all_phases,confounds_motion_propofol,72,147,26,0.3469387755102041,0.45629084967320266,0.33872262967676076,0.48774509803921573,0.5170068027210885,0.2599287931423316,0.7172470483009484
responsive_vs_lor_all_phases,confounds_motion_propofol,73,147,26,0.3469387755102041,0.4248366013071896,0.3173885180262874,0.4963235294117647,0.5102040816326531,0.2591835708363907,0.7121739114958102
responsive_vs_lor_all_phases,confounds_motion_propofol,74,147,26,0.3469387755102041,0.505718954248366,0.37384039830193305,0.5477941176470589,0.5714285714285714,0.25417926513258016,0.7027726040476192
responsive_vs_lor_all_phases,confounds_motion_propofol,75,147,26,0.3469387755102041,0.43933823529411764,0.2997754218987646,0.4568014705882353,0.42857142857142855,0.2568780656764584,0.707084596722543
responsive_vs_lor_all_phases,confounds_motion_propofol,76,147,26,0.3469387755102041,0.42156862745098045,0.2971602102096985,0.44577205882352944,0.40816326530612246,0.25950233993695165,0.7124488874559785
responsive_vs_lor_all_phases,confounds_motion_propofol,77,147,26,0.3469387755102041,0.36417483660130723,0.2962848596079911,0.45618872549019607,0.5238095238095238,0.26477976161945127,0.7253351757950179
responsive_vs_lor_all_phases,confounds_motion_propofol,78,147,26,0.3469387755102041,0.4140114379084967,0.3377836054183788,0.4485294117647059,0.4897959183673469,0.2594896225511256,0.7132135839287435
responsive_vs_lor_all_phases,confounds_motion_propofol,79,147,26,0.3469387755102041,0.4675245098039216,0.3510141024094744,0.5052083333333334,0.5578231292517006,0.2564906237615825,0.7085138012456982
responsive_vs_lor_all_phases,confounds_motion_propofol,80,147,26,0.3469387755102041,0.45996732026143794,0.3277051413163048,0.5113357843137255,0.5238095238095238,0.25763949730689467,0.7090817437154422
responsive_vs_lor_all_phases,confounds_motion_propofol,81,147,26,0.3469387755102041,0.48917483660130723,0.3509651292792285,0.5052083333333334,0.5578231292517006,0.25783752841051166,0.71209131632974
responsive_vs_lor_all_phases,confounds_motion_propofol,82,147,26,0.3469387755102041,0.5473856209150327,0.43055336407545863,0.5340073529411764,0.5714285714285714,0.24757752020754842,0.6894851168162035
responsive_vs_lor_all_phases,confounds_motion_propofol,83,147,26,0.3469387755102041,0.6047794117647058,0.43390074351094976,0.5481004901960784,0.5238095238095238,0.23883990032904995,0.672882846331923
responsive_vs_lor_all_phases,confounds_motion_propofol,84,147,26,0.3469387755102041,0.36437908496732024,0.27075233125720455,0.47763480392156865,0.4557823129251701,0.26532051764251197,0.7248532450997458
responsive_vs_lor_all_phases,confounds_motion_propofol,85,147,26,0.3469387755102041,0.5657679738562091,0.40456938803812614,0.5358455882352942,0.4897959183673469,0.24741954652917045,0.6855023485403587
responsive_vs_lor_all_phases,confounds_motion_propofol,86,147,26,0.3469387755102041,0.38500816993464054,0.2827262043421156,0.42861519607843135,0.4217687074829932,0.26334345496379963,0.7204036948624872
responsive_vs_lor_all_phases,confounds_motion_propofol,87,147,26,0.3469387755102041,0.5161356209150327,0.3461358466226947,0.4764093137254902,0.4421768707482993,0.24996782165227815,0.6892148650974783
responsive_vs_lor_all_phases,confounds_motion_propofol,88,147,26,0.3469387755102041,0.5012254901960784,0.342618270594783,0.5309436274509804,0.5374149659863946,0.2598283357666386,0.7152591029672452
responsive_vs_lor_all_phases,confounds_motion_propofol,89,147,26,0.3469387755102041,0.5412581699346406,0.3681562300691269,0.5784313725490196,0.6054421768707483,0.25210241732452326,0.6983908015524805
responsive_vs_lor_all_phases,confounds_motion_propofol,90,147,26,0.3469387755102041,0.5504493464052288,0.3594788091542208,0.5159313725490196,0.5238095238095238,0.2535167051378183,0.7019733734142466
responsive_vs_lor_all_phases,confounds_motion_propofol,91,147,26,0.3469387755102041,0.4709967320261438,0.3412985076331011,0.5315563725490196,0.54421768707483,0.25757417781722713,0.7089170916721049
responsive_vs_lor_all_phases,confounds_motion_propofol,92,147,26,0.3469387755102041,0.5449346405228758,0.42730470902877515,0.5505514705882353,0.5510204081632653,0.24846904778045256,0.6902684153159641
responsive_vs_lor_all_phases,confounds_motion_propofol,93,147,26,0.3469387755102041,0.5061274509803921,0.40885256474693904,0.5906862745098039,0.6394557823129252,0.2512420177384251,0.6979900087719609
responsive_vs_lor_all_phases,confounds_motion_propofol,94,147,26,0.3469387755102041,0.5218545751633987,0.34577972318225525,0.529718137254902,0.5238095238095238,0.25251580402078416,0.696127088853714
responsive_vs_lor_all_phases,confounds_motion_propofol,95,147,26,0.3469387755102041,0.5290032679738562,0.3851269754378181,0.5588235294117647,0.5918367346938775,0.252934990176616,0.7025107649323543
responsive_vs_lor_all_phases,confounds_motion_propofol,96,147,26,0.3469387755102041,0.5600490196078431,0.3937878718601314,0.5425857843137255,0.564625850340136,0.2521716759996344,0.7002178479614852
responsive_vs_lor_all_phases,confounds_motion_propofol,97,147,26,0.3469387755102041,0.5208333333333334,0.3647065000250955,0.5582107843137255,0.5850340136054422,0.2535329697217717,0.7037751969807438
responsive_vs_lor_all_phases,confounds_motion_propofol,98,147,26,0.3469387755102041,0.3466094771241831,0.28164482972273897,0.428921568627451,0.47619047619047616,0.26353230856379345,0.7208764350815792
responsive_vs_lor_all_phases,confounds_motion_propofol,99,147,26,0.3469387755102041,0.4742647058823529,0.3785972543976829,0.4629289215686274,0.4965986394557823,0.2548131231532177,0.7033780633940951
responsive_vs_lor_all_phases,confounds_motion_propofol,100,147,26,0.3469387755102041,0.443218954248366,0.316533935902493,0.4794730392156863,0.47619047619047616,0.2643188734063182,0.7326827212375142
responsive_vs_lor_all_phases,standard_fc_plus_confounds,1,147,26,0.3469387755102041,0.6066176470588235,0.43620273274432364,0.6522671568627452,0.6598639455782312,0.24474623292164915,0.6911546788528871
responsive_vs_lor_all_phases,standard_fc_plus_confounds,2,147,26,0.3469387755102041,0.5524918300653595,0.4014004481466234,0.5563725490196079,0.564625850340136,0.2519940756971695,0.6981819640535762
responsive_vs_lor_all_phases,standard_fc_plus_confounds,3,147,26,0.3469387755102041,0.46119281045751637,0.32795490416438744,0.5021446078431373,0.5238095238095238,0.26339703945314275,0.722424040375844
responsive_vs_lor_all_phases,standard_fc_plus_confounds,4,147,26,0.3469387755102041,0.4824346405228758,0.33643587798503827,0.45006127450980393,0.4557823129251701,0.2619770031867509,0.7191350993464445
responsive_vs_lor_all_phases,standard_fc_plus_confounds,5,147,26,0.3469387755102041,0.4650735294117647,0.38335845893935483,0.4963235294117647,0.5102040816326531,0.26025402935013014,0.7143303776928264
responsive_vs_lor_all_phases,standard_fc_plus_confounds,6,147,26,0.3469387755102041,0.4948937908496732,0.3587636519940749,0.47150735294117646,0.4897959183673469,0.2584944148728248,0.7113467927939247
responsive_vs_lor_all_phases,standard_fc_plus_confounds,7,147,26,0.3469387755102041,0.4497549019607843,0.3328362691181057,0.48253676470588236,0.5102040816326531,0.26080409437901286,0.7168990638105747
responsive_vs_lor_all_phases,standard_fc_plus_confounds,8,147,26,0.3469387755102041,0.38378267973856206,0.2800594316565408,0.42585784313725494,0.4421768707482993,0.26498028753383107,0.723760527066659
responsive_vs_lor_all_phases,standard_fc_plus_confounds,9,147,26,0.3469387755102041,0.47773692810457513,0.3315428842146493,0.4846813725490196,0.48299319727891155,0.2612234785656823,0.7168723883243775
responsive_vs_lor_all_phases,standard_fc_plus_confounds,10,147,26,0.3469387755102041,0.4865196078431373,0.3554994096183852,0.5125612745098039,0.5374149659863946,0.25951933171236596,0.7153282963133603
responsive_vs_lor_all_phases,standard_fc_plus_confounds,11,147,26,0.3469387755102041,0.5649509803921569,0.462817481793975,0.5327818627450981,0.5578231292517006,0.24487393152756637,0.6860674446937121
responsive_vs_lor_all_phases,standard_fc_plus_confounds,12,147,26,0.3469387755102041,0.44526143790849676,0.324814198910156,0.46691176470588236,0.4897959183673469,0.26330395066342044,0.7213352449684239
responsive_vs_lor_all_phases,standard_fc_plus_confounds,13,147,26,0.3469387755102041,0.4712009803921569,0.3453387256247536,0.4987745098039216,0.5374149659863946,0.2593922638892754,0.7135900223376769
responsive_vs_lor_all_phases,standard_fc_plus_confounds,14,147,26,0.3469387755102041,0.41503267973856206,0.2869899548840994,0.48406862745098034,0.47619047619047616,0.2598858694101443,0.7113246656656969
responsive_vs_lor_all_phases,standard_fc_plus_confounds,15,147,26,0.3469387755102041,0.5365604575163399,0.40392873359163206,0.5563725490196079,0.564625850340136,0.2536636570158304,0.7027370074311055
responsive_vs_lor_all_phases,standard_fc_plus_confounds,16,147,26,0.3469387755102041,0.5433006535947713,0.37696077657620497,0.5591299019607843,0.54421768707483,0.25930689386923295,0.7157840085354678
responsive_vs_lor_all_phases,standard_fc_plus_confounds,17,147,26,0.3469387755102041,0.4665032679738562,0.35501410184389826,0.5125612745098039,0.5374149659863946,0.2602054048195895,0.7163116324259939
responsive_vs_lor_all_phases,standard_fc_plus_confounds,18,147,26,0.3469387755102041,0.40665849673202614,0.3150046525883057,0.40441176470588236,0.40816326530612246,0.2615169426708085,0.7166318502318595
responsive_vs_lor_all_phases,standard_fc_plus_confounds,19,147,26,0.3469387755102041,0.4595588235294118,0.3092501164412247,0.4806985294117647,0.4897959183673469,0.2623147595576997,0.7191243770586939
responsive_vs_lor_all_phases,standard_fc_plus_confounds,20,147,26,0.3469387755102041,0.5232843137254901,0.3543045972547039,0.5505514705882353,0.5510204081632653,0.2587325761946014,0.7127104890734638
responsive_vs_lor_all_phases,standard_fc_plus_confounds,21,147,26,0.3469387755102041,0.5498366013071895,0.39025908773323137,0.5551470588235294,0.5510204081632653,0.2529965809393484,0.6995649393555333
responsive_vs_lor_all_phases,standard_fc_plus_confounds,22,147,26,0.3469387755102041,0.505718954248366,0.3841243958038919,0.5245098039215687,0.5170068027210885,0.263149463336283,0.7261434077347241
responsive_vs_lor_all_phases,standard_fc_plus_confounds,23,147,26,0.3469387755102041,0.3243464052287582,0.26353883087365876,0.3802083333333333,0.3945578231292517,0.2670606084532963,0.7280950017626667
responsive_vs_lor_all_phases,standard_fc_plus_confounds,24,147,26,0.3469387755102041,0.579861111111111,0.3955052575562582,0.576593137254902,0.5850340136054422,0.2505530769190529,0.69816545356907
responsive_vs_lor_all_phases,standard_fc_plus_confounds,25,147,26,0.3469387755102041,0.5520833333333334,0.4101574852303889,0.5205269607843137,0.5238095238095238,0.2514607776735871,0.6981444276843588
responsive_vs_lor_all_phases,standard_fc_plus_confounds,26,147,26,0.3469387755102041,0.42238562091503273,0.30933547604763634,0.40165441176470584,0.42857142857142855,0.26259844902937857,0.7191919610537666
responsive_vs_lor_all_phases,standard_fc_plus_confounds,27,147,26,0.3469387755102041,0.5165441176470588,0.3629513607219995,0.4923406862745098,0.5170068027210885,0.25866078102294565,0.7144038129648536
responsive_vs_lor_all_phases,standard_fc_plus_confounds,28,147,26,0.3469387755102041,0.5014297385620915,0.37077249112465616,0.49050245098039214,0.4965986394557823,0.25816890207529397,0.7089408033313154
responsive_vs_lor_all_phases,standard_fc_plus_confounds,29,147,26,0.3469387755102041,0.446078431372549,0.3288093802385088,0.46568627450980393,0.47619047619047616,0.26348028902770376,0.7217978091197259
responsive_vs_lor_all_phases,standard_fc_plus_confounds,30,147,26,0.3469387755102041,0.6000816993464052,0.41668400780367965,0.569546568627451,0.5578231292517006,0.24636302428434043,0.6924729651047904
responsive_vs_lor_all_phases,standard_fc_plus_confounds,31,147,26,0.3469387755102041,0.5821078431372549,0.4385138955358029,0.5661764705882353,0.5714285714285714,0.24808154924587292,0.6913521165342721
responsive_vs_lor_all_phases,standard_fc_plus_confounds,32,147,26,0.3469387755102041,0.4168709150326797,0.30856937976357623,0.4408700980392157,0.4557823129251701,0.2637248028860913,0.7218428194892066
responsive_vs_lor_all_phases,standard_fc_plus_confounds,33,147,26,0.3469387755102041,0.4360702614379085,0.3163387134871457,0.4806985294117647,0.4897959183673469,0.26238850281302734,0.7193129163073655
responsive_vs_lor_all_phases,standard_fc_plus_confounds,34,147,26,0.3469387755102041,0.5181781045751633,0.3692987301113944,0.5465686274509804,0.5578231292517006,0.2568498961381657,0.7127064152811566
responsive_vs_lor_all_phases,standard_fc_plus_confounds,35,147,26,0.3469387755102041,0.4646650326797386,0.322381871115494,0.514093137254902,0.5034013605442177,0.26077154650739137,0.7163615846338164
responsive_vs_lor_all_phases,standard_fc_plus_confounds,36,147,26,0.3469387755102041,0.5257352941176471,0.42662431609011164,0.4944852941176471,0.4897959183673469,0.2541006689415588,0.7020490649511857
responsive_vs_lor_all_phases,standard_fc_plus_confounds,37,147,26,0.3469387755102041,0.5018382352941176,0.33098224304582136,0.5232843137254902,0.5034013605442177,0.25626429878050455,0.7060012362730768
responsive_vs_lor_all_phases,standard_fc_plus_confounds,38,147,26,0.3469387755102041,0.5729166666666667,0.379377448416771,0.556985294117647,0.5714285714285714,0.25221278297064126,0.7006155193968043
responsive_vs_lor_all_phases,standard_fc_plus_confounds,39,147,26,0.3469387755102041,0.4168709150326797,0.3106414649571746,0.44669117647058826,0.46938775510204084,0.26516969698661613,0.7246336744805477
responsive_vs_lor_all_phases,standard_fc_plus_confounds,40,147,26,0.3469387755102041,0.43423202614379086,0.30842601413500376,0.45649509803921573,0.47619047619047616,0.26192219496008556,0.7178780072784956
responsive_vs_lor_all_phases,standard_fc_plus_confounds,41,147,26,0.3469387755102041,0.48754084967320266,0.34823735429975544,0.5125612745098039,0.5374149659863946,0.2586643234201201,0.7119781205911925
responsive_vs_lor_all_phases,standard_fc_plus_confounds,42,147,26,0.3469387755102041,0.5257352941176471,0.37456066179227177,0.5036764705882353,0.4897959183673469,0.2513402241031744,0.6932272647621618
responsive_vs_lor_all_phases,standard_fc_plus_confounds,43,147,26,0.3469387755102041,0.56515522875817,0.3865858754048339,0.5772058823529411,0.5918367346938775,0.2525605552952187,0.7026721469526922
responsive_vs_lor_all_phases,standard_fc_plus_confounds,44,147,26,0.3469387755102041,0.41932189542483655,0.3054245364616258,0.4181985294117647,0.40816326530612246,0.2605720945898609,0.7150734505284978
responsive_vs_lor_all_phases,standard_fc_plus_confounds,45,147,26,0.3469387755102041,0.48978758169934644,0.33095541355494884,0.5073529411764706,0.5306122448979592,0.2598375940741328,0.7145429114884954
responsive_vs_lor_all_phases,standard_fc_plus_confounds,46,147,26,0.3469387755102041,0.49264705882352944,0.32840353129999916,0.510110294117647,0.5102040816326531,0.26205217182924206,0.7205021921618829
responsive_vs_lor_all_phases,standard_fc_plus_confounds,47,147,26,0.3469387755102041,0.46058006535947715,0.3707557848379649,0.48651960784313725,0.5034013605442177,0.2601326734339606,0.715260863188297
responsive_vs_lor_all_phases,standard_fc_plus_confounds,48,147,26,0.3469387755102041,0.5861928104575164,0.42224405156046285,0.5753676470588236,0.5714285714285714,0.24952221686034995,0.6942005181205503
responsive_vs_lor_all_phases,standard_fc_plus_confounds,49,147,26,0.3469387755102041,0.4205473856209151,0.2988349072670652,0.4552696078431373,0.46258503401360546,0.26768892985566645,0.7303041533968732
responsive_vs_lor_all_phases,standard_fc_plus_confounds,50,147,26,0.3469387755102041,0.47058823529411764,0.32646483397512716,0.47549019607843135,0.48299319727891155,0.2607935008695594,0.7163055162364714
responsive_vs_lor_all_phases,standard_fc_plus_confounds,51,147,26,0.3469387755102041,0.49979575163398693,0.38005546507402377,0.5107230392156863,0.5170068027210885,0.25699154019691556,0.7088099916836456
responsive_vs_lor_all_phases,standard_fc_plus_confounds,52,147,26,0.3469387755102041,0.4803921568627451,0.33395983976099086,0.4886642156862745,0.47619047619047616,0.2639692694291632,0.7238395111837977
responsive_vs_lor_all_phases,standard_fc_plus_confounds,53,147,26,0.3469387755102041,0.5210375816993464,0.37259677816024855,0.5251225490196079,0.5238095238095238,0.25586075363900684,0.7039492547630548
responsive_vs_lor_all_phases,standard_fc_plus_confounds,54,147,26,0.3469387755102041,0.5720996732026143,0.43956552248324227,0.5778186274509804,0.5986394557823129,0.24800330479537386,0.6923919076478153
responsive_vs_lor_all_phases,standard_fc_plus_confounds,55,147,26,0.3469387755102041,0.5810866013071896,0.4042381291133081,0.5928308823529411,0.6122448979591837,0.25223771078055124,0.7035901338592997
responsive_vs_lor_all_phases,standard_fc_plus_confounds,56,147,26,0.3469387755102041,0.5100081699346405,0.38073505284575604,0.5536151960784313,0.5850340136054422,0.2564058844954957,0.7099409912321704
responsive_vs_lor_all_phases,standard_fc_plus_confounds,57,147,26,0.3469387755102041,0.511029411764706,0.3506798131364546,0.5049019607843137,0.5034013605442177,0.25981999788631216,0.7199816285618932
responsive_vs_lor_all_phases,standard_fc_plus_confounds,58,147,26,0.3469387755102041,0.616421568627451,0.4171311646652912,0.6099877450980392,0.5986394557823129,0.2387927286936077,0.6697862834694643
responsive_vs_lor_all_phases,standard_fc_plus_confounds,59,147,26,0.3469387755102041,0.49816176470588236,0.3301837236940486,0.5278799019607843,0.5034013605442177,0.2590274991416319,0.7132098879016362
responsive_vs_lor_all_phases,standard_fc_plus_confounds,60,147,26,0.3469387755102041,0.5441176470588235,0.4111441363347373,0.4831495098039216,0.5170068027210885,0.252585055731092,0.6998268104442622
responsive_vs_lor_all_phases,standard_fc_plus_confounds,61,147,26,0.3469387755102041,0.375,0.27666997496676354,0.41023284313725494,0.4217687074829932,0.26936270090734,0.7330765386714005
responsive_vs_lor_all_phases,standard_fc_plus_confounds,62,147,26,0.3469387755102041,0.5267565359477124,0.36687165071727024,0.5199142156862745,0.5170068027210885,0.25769059114047,0.7103967147727435
responsive_vs_lor_all_phases,standard_fc_plus_confounds,63,147,26,0.3469387755102041,0.5314542483660131,0.3954974871482278,0.49693627450980393,0.5170068027210885,0.25593490235366356,0.7087872486649719
responsive_vs_lor_all_phases,standard_fc_plus_confounds,64,147,26,0.3469387755102041,0.4822303921568628,0.3638191684262859,0.45067401960784315,0.46258503401360546,0.25585115492837085,0.7052337435304731
responsive_vs_lor_all_phases,standard_fc_plus_confounds,65,147,26,0.3469387755102041,0.5200163398692811,0.3658901679202915,0.5263480392156863,0.5374149659863946,0.2558991417600511,0.706648753301679
responsive_vs_lor_all_phases,standard_fc_plus_confounds,66,147,26,0.3469387755102041,0.3903186274509804,0.30742441137164245,0.5079656862745098,0.5374149659863946,0.2614387142377505,0.7168104191484413
responsive_vs_lor_all_phases,standard_fc_plus_confounds,67,147,26,0.3469387755102041,0.4987745098039215,0.32774626711644655,0.5147058823529411,0.5102040816326531,0.2609991587718533,0.7198906439501359
responsive_vs_lor_all_phases,standard_fc_plus_confounds,68,147,26,0.3469387755102041,0.4861111111111111,0.33203808689057857,0.498468137254902,0.48299319727891155,0.25973689364279945,0.7128462935995968
responsive_vs_lor_all_phases,standard_fc_plus_confounds,69,147,26,0.3469387755102041,0.5363562091503268,0.43265532016572367,0.5131740196078431,0.54421768707483,0.24880668598758043,0.6918384055693352
responsive_vs_lor_all_phases,standard_fc_plus_confounds,70,147,26,0.3469387755102041,0.5829248366013071,0.44449478849475704,0.5824142156862745,0.5986394557823129,0.24626283400683002,0.6908978268909075
responsive_vs_lor_all_phases,standard_fc_plus_confounds,71,147,26,0.3469387755102041,0.5020424836601307,0.36366726870083416,0.49754901960784315,0.5238095238095238,0.25738125261672884,0.7099441158815107
responsive_vs_lor_all_phases,standard_fc_plus_confounds,72,147,26,0.3469387755102041,0.42565359477124187,0.29427724912546627,0.446078431372549,0.46258503401360546,0.26299942474561494,0.7206054653273324
responsive_vs_lor_all_phases,standard_fc_plus_confounds,73,147,26,0.3469387755102041,0.47814542483660133,0.3605454591783685,0.45986519607843135,0.46258503401360546,0.26272434343159196,0.7217303102294846
responsive_vs_lor_all_phases,standard_fc_plus_confounds,74,147,26,0.3469387755102041,0.43157679738562094,0.3024356286932791,0.44669117647058826,0.46938775510204084,0.2632887799856903,0.7206489135998673
responsive_vs_lor_all_phases,standard_fc_plus_confounds,75,147,26,0.3469387755102041,0.47732843137254904,0.3829520726056982,0.4518995098039216,0.47619047619047616,0.2576057534905943,0.713347626891704
responsive_vs_lor_all_phases,standard_fc_plus_confounds,76,147,26,0.3469387755102041,0.4295343137254902,0.29938560130220804,0.49111519607843135,0.5034013605442177,0.2660142358959557,0.7271789484314268
responsive_vs_lor_all_phases,standard_fc_plus_confounds,77,147,26,0.3469387755102041,0.41217320261437906,0.3292839184875446,0.4126838235294118,0.4489795918367347,0.26522574843954927,0.7255256306771846
responsive_vs_lor_all_phases,standard_fc_plus_confounds,78,147,26,0.3469387755102041,0.6260212418300654,0.430662062900246,0.6118259803921569,0.6190476190476191,0.24271190258773065,0.6842078947590254
responsive_vs_lor_all_phases,standard_fc_plus_confounds,79,147,26,0.3469387755102041,0.5149101307189543,0.3796677880168603,0.5251225490196079,0.5238095238095238,0.26205757480179814,0.7214035053977497
responsive_vs_lor_all_phases,standard_fc_plus_confounds,80,147,26,0.3469387755102041,0.5526960784313726,0.388568634640154,0.5484068627450981,0.5782312925170068,0.2541624591987934,0.7075261317125412
responsive_vs_lor_all_phases,standard_fc_plus_confounds,81,147,26,0.3469387755102041,0.39644607843137253,0.2873209461129833,0.42647058823529416,0.4489795918367347,0.263047656307729,0.7197486087813401
responsive_vs_lor_all_phases,standard_fc_plus_confounds,82,147,26,0.3469387755102041,0.608251633986928,0.4370598815079929,0.6145833333333333,0.5986394557823129,0.2450143831398716,0.6862933951632157
responsive_vs_lor_all_phases,standard_fc_plus_confounds,83,147,26,0.3469387755102041,0.5016339869281046,0.34612204266326735,0.49050245098039214,0.4965986394557823,0.2590982799916172,0.713299475871737
responsive_vs_lor_all_phases,standard_fc_plus_confounds,84,147,26,0.3469387755102041,0.4701797385620915,0.3524492897419479,0.48651960784313725,0.5034013605442177,0.2616576982261272,0.7178036926521472
responsive_vs_lor_all_phases,standard_fc_plus_confounds,85,147,26,0.3469387755102041,0.5390114379084967,0.35844175308078663,0.5355392156862745,0.5374149659863946,0.25581194063934515,0.7089375839654007
responsive_vs_lor_all_phases,standard_fc_plus_confounds,86,147,26,0.3469387755102041,0.4912173202614379,0.33180780192187287,0.5009191176470589,0.5102040816326531,0.2613129692055368,0.7179389243989803
responsive_vs_lor_all_phases,standard_fc_plus_confounds,87,147,26,0.3469387755102041,0.4808006535947713,0.3465181672553992,0.41360294117647056,0.40816326530612246,0.2558934805233316,0.7054520119300158
responsive_vs_lor_all_phases,standard_fc_plus_confounds,88,147,26,0.3469387755102041,0.4950980392156863,0.3493784723257296,0.4963235294117647,0.5102040816326531,0.25872514152542325,0.7119716144583101
responsive_vs_lor_all_phases,standard_fc_plus_confounds,89,147,26,0.3469387755102041,0.4248366013071895,0.29985338247214527,0.4846813725490196,0.48299319727891155,0.26758446361409965,0.729996976840975
responsive_vs_lor_all_phases,standard_fc_plus_confounds,90,147,26,0.3469387755102041,0.3827614379084967,0.28863753925208263,0.45772058823529416,0.4897959183673469,0.2687399263729712,0.7328539213630441
responsive_vs_lor_all_phases,standard_fc_plus_confounds,91,147,26,0.3469387755102041,0.2653186274509804,0.2441570691710624,0.34620098039215685,0.3741496598639456,0.26693467241754354,0.7275416732407625
responsive_vs_lor_all_phases,standard_fc_plus_confounds,92,147,26,0.3469387755102041,0.46875,0.3457258513316648,0.4859068627450981,0.4965986394557823,0.26009110210424763,0.7144428401715565
responsive_vs_lor_all_phases,standard_fc_plus_confounds,93,147,26,0.3469387755102041,0.4503676470588236,0.3367219479477477,0.4800857843137255,0.48299319727891155,0.2617470335270831,0.7176511856108477
responsive_vs_lor_all_phases,standard_fc_plus_confounds,94,147,26,0.3469387755102041,0.4920343137254902,0.34228123811895433,0.5113357843137255,0.5238095238095238,0.2599072774517768,0.7143069512549242
responsive_vs_lor_all_phases,standard_fc_plus_confounds,95,147,26,0.3469387755102041,0.551062091503268,0.3702249397984585,0.5291053921568627,0.5170068027210885,0.2540026265636508,0.7061108767053712
responsive_vs_lor_all_phases,standard_fc_plus_confounds,96,147,26,0.3469387755102041,0.5498366013071896,0.36902158651010164,0.5321691176470589,0.5510204081632653,0.2545368477493914,0.7059765620962309
responsive_vs_lor_all_phases,standard_fc_plus_confounds,97,147,26,0.3469387755102041,0.3862336601307189,0.2853188679944993,0.41237745098039214,0.3945578231292517,0.27175450242465515,0.7399737942467375
responsive_vs_lor_all_phases,standard_fc_plus_confounds,98,147,26,0.3469387755102041,0.5902777777777778,0.43013605527214294,0.5842524509803921,0.6190476190476191,0.24781230940577725,0.6926667494720865
responsive_vs_lor_all_phases,standard_fc_plus_confounds,99,147,26,0.3469387755102041,0.5749591503267975,0.38170140951564746,0.5799632352941176,0.5714285714285714,0.2486897997398376,0.6915556605457197
responsive_vs_lor_all_phases,standard_fc_plus_confounds,100,147,26,0.3469387755102041,0.45036764705882354,0.3336120642881419,0.45128676470588236,0.46938775510204084,0.2607390159839989,0.7156112416196942
responsive_vs_lor_all_phases,gcc_core_plus_confounds,1,147,26,0.3469387755102041,0.4391339869281046,0.3011767874542148,0.4414828431372549,0.46258503401360546,0.26496631752437416,0.724867968541458
responsive_vs_lor_all_phases,gcc_core_plus_confounds,2,147,26,0.3469387755102041,0.45506535947712423,0.39455473412934133,0.4283088235294118,0.46938775510204084,0.2596949548371773,0.714246883334192
responsive_vs_lor_all_phases,gcc_core_plus_confounds,3,147,26,0.3469387755102041,0.48590686274509803,0.3613555471353066,0.5107230392156863,0.5170068027210885,0.2580525480667014,0.7106983022807686
responsive_vs_lor_all_phases,gcc_core_plus_confounds,4,147,26,0.3469387755102041,0.5220588235294118,0.3858635906115644,0.5217524509803921,0.5374149659863946,0.2551505489487697,0.704467293422555
responsive_vs_lor_all_phases,gcc_core_plus_confounds,5,147,26,0.3469387755102041,0.5365604575163399,0.3753351423182587,0.5857843137254902,0.5850340136054422,0.2611345143088266,0.7212406610172252
responsive_vs_lor_all_phases,gcc_core_plus_confounds,6,147,26,0.3469387755102041,0.5067401960784313,0.349444592510695,0.556985294117647,0.5714285714285714,0.26214500283019726,0.7201844767025768
responsive_vs_lor_all_phases,gcc_core_plus_confounds,7,147,26,0.3469387755102041,0.5181781045751634,0.36112563038326995,0.5251225490196079,0.5238095238095238,0.25986178989830316,0.7237815318941857
responsive_vs_lor_all_phases,gcc_core_plus_confounds,8,147,26,0.3469387755102041,0.4450571895424837,0.31768787020055683,0.477328431372549,0.5034013605442177,0.26367851033650214,0.7226593011916684
responsive_vs_lor_all_phases,gcc_core_plus_confounds,9,147,26,0.3469387755102041,0.3984885620915033,0.31381878427396226,0.4212622549019608,0.4421768707482993,0.2621845293335378,0.7182703621449494
responsive_vs_lor_all_phases,gcc_core_plus_confounds,10,147,26,0.3469387755102041,0.40727124183006536,0.2858347901773132,0.4568014705882353,0.42857142857142855,0.2649202372818512,0.7238506734898708
responsive_vs_lor_all_phases,gcc_core_plus_confounds,11,147,26,0.3469387755102041,0.4325980392156863,0.30796978793857765,0.4494485294117647,0.4489795918367347,0.2697212886353051,0.7385793751700702
responsive_vs_lor_all_phases,gcc_core_plus_confounds,12,147,26,0.3469387755102041,0.7079248366013072,0.6026715370966181,0.6286764705882353,0.6530612244897959,0.21311207466698176,0.6179614257973997
responsive_vs_lor_all_phases,gcc_core_plus_confounds,13,147,26,0.3469387755102041,0.5420751633986928,0.38674839510914943,0.48651960784313725,0.5034013605442177,0.25242345098502067,0.6983592037530849
responsive_vs_lor_all_phases,gcc_core_plus_confounds,14,147,26,0.3469387755102041,0.4736519607843137,0.3298724777530668,0.4886642156862745,0.47619047619047616,0.2610266363886566,0.7160211475291132
responsive_vs_lor_all_phases,gcc_core_plus_confounds,15,147,26,0.3469387755102041,0.5573937908496732,0.4579293029762258,0.5067401960784313,0.5238095238095238,0.24715154353745478,0.6866826833402835
responsive_vs_lor_all_phases,gcc_core_plus_confounds,16,147,26,0.3469387755102041,0.5545343137254901,0.3755274412600758,0.5211397058823529,0.5306122448979592,0.25440531302974023,0.7041069237169494
responsive_vs_lor_all_phases,gcc_core_plus_confounds,17,147,26,0.3469387755102041,0.5267565359477124,0.3792210340839881,0.541360294117647,0.5510204081632653,0.2577863794573483,0.7118010675803856
responsive_vs_lor_all_phases,gcc_core_plus_confounds,18,147,26,0.3469387755102041,0.520220588235294,0.38095921140000044,0.5349264705882353,0.5306122448979592,0.254591365039069,0.7030834356525999
responsive_vs_lor_all_phases,gcc_core_plus_confounds,19,147,26,0.3469387755102041,0.448733660130719,0.3309650498188543,0.47089460784313725,0.48299319727891155,0.2658025373367165,0.7271228733449224
responsive_vs_lor_all_phases,gcc_core_plus_confounds,20,147,26,0.3469387755102041,0.5508578431372549,0.40985939872959476,0.5021446078431373,0.5238095238095238,0.2512842941680299,0.6993471761234468
responsive_vs_lor_all_phases,gcc_core_plus_confounds,21,147,26,0.3469387755102041,0.37030228758169936,0.280168757957583,0.43566176470588236,0.4489795918367347,0.27262617563176994,0.7431014269770733
responsive_vs_lor_all_phases,gcc_core_plus_confounds,22,147,26,0.3469387755102041,0.5428921568627452,0.3812940919037088,0.4944852941176471,0.4897959183673469,0.2509108428172001,0.6921625919586
responsive_vs_lor_all_phases,gcc_core_plus_confounds,23,147,26,0.3469387755102041,0.3590686274509804,0.269803290400563,0.3783700980392157,0.3741496598639456,0.26922586124570613,0.7315898274669019
responsive_vs_lor_all_phases,gcc_core_plus_confounds,24,147,26,0.3469387755102041,0.5600490196078431,0.3989648158583094,0.5419730392156863,0.5578231292517006,0.25187420919637904,0.6997738832422412
responsive_vs_lor_all_phases,gcc_core_plus_confounds,25,147,26,0.3469387755102041,0.47344771241830064,0.3274859277199513,0.49264705882352944,0.46938775510204084,0.25814689212550396,0.70989528646088
responsive_vs_lor_all_phases,gcc_core_plus_confounds,26,147,26,0.3469387755102041,0.6350081699346405,0.49731090539180517,0.6066176470588236,0.6122448979591837,0.23760759998164033,0.6705869119343523
responsive_vs_lor_all_phases,gcc_core_plus_confounds,27,147,26,0.3469387755102041,0.6176470588235294,0.45092005578873134,0.5713848039215687,0.5782312925170068,0.2411855023404834,0.6812106353788233
responsive_vs_lor_all_phases,gcc_core_plus_confounds,28,147,26,0.3469387755102041,0.5339052287581699,0.3816440256985757,0.560968137254902,0.564625850340136,0.25467520265048943,0.7048638685227161
responsive_vs_lor_all_phases,gcc_core_plus_confounds,29,147,26,0.3469387755102041,0.38991013071895425,0.3032616310649884,0.4414828431372549,0.46258503401360546,0.2690519942632341,0.7335150937206731
responsive_vs_lor_all_phases,gcc_core_plus_confounds,30,147,26,0.3469387755102041,0.4707924836601307,0.329351900967601,0.5003063725490196,0.5034013605442177,0.2619136185571656,0.718644593269332
responsive_vs_lor_all_phases,gcc_core_plus_confounds,31,147,26,0.3469387755102041,0.5698529411764707,0.46911548414939214,0.5477941176470589,0.5714285714285714,0.2456926400586775,0.6847060948398136
responsive_vs_lor_all_phases,gcc_core_plus_confounds,32,147,26,0.3469387755102041,0.39583333333333337,0.30403166552575417,0.40441176470588236,0.40816326530612246,0.2649627788612145,0.7244040538924025
responsive_vs_lor_all_phases,gcc_core_plus_confounds,33,147,26,0.3469387755102041,0.5763888888888888,0.4286655482856637,0.5465686274509804,0.5578231292517006,0.24990791047860353,0.6955985998088601
responsive_vs_lor_all_phases,gcc_core_plus_confounds,34,147,26,0.3469387755102041,0.45669934640522875,0.36265045200398066,0.46691176470588236,0.4897959183673469,0.26237473562645514,0.7191886703260779
responsive_vs_lor_all_phases,gcc_core_plus_confounds,35,147,26,0.3469387755102041,0.5557598039215687,0.4132184266524663,0.5315563725490196,0.54421768707483,0.25069082363038614,0.6964883671210208
responsive_vs_lor_all_phases,gcc_core_plus_confounds,36,147,26,0.3469387755102041,0.5108251633986928,0.38150993799029,0.5315563725490196,0.54421768707483,0.26003328406843396,0.7188844879493129
responsive_vs_lor_all_phases,gcc_core_plus_confounds,37,147,26,0.3469387755102041,0.4479166666666667,0.32977995917931824,0.45588235294117646,0.46938775510204084,0.26329411627625593,0.7205486090087894
responsive_vs_lor_all_phases,gcc_core_plus_confounds,38,147,26,0.3469387755102041,0.5490196078431373,0.3958326783894129,0.4944852941176471,0.4897959183673469,0.2587583551708803,0.7133083231349627
responsive_vs_lor_all_phases,gcc_core_plus_confounds,39,147,26,0.3469387755102041,0.5461601307189542,0.35663605369782236,0.5067401960784313,0.5238095238095238,0.2612820747665553,0.7221999385950371
responsive_vs_lor_all_phases,gcc_core_plus_confounds,40,147,26,0.3469387755102041,0.4867238562091504,0.3615360632333128,0.5287990196078431,0.564625850340136,0.25736668721306205,0.7101248873613276
responsive_vs_lor_all_phases,gcc_core_plus_confounds,41,147,26,0.3469387755102041,0.4965277777777778,0.34511171911923527,0.5251225490196079,0.5238095238095238,0.2635044315901081,0.723012533333264
responsive_vs_lor_all_phases,gcc_core_plus_confounds,42,147,26,0.3469387755102041,0.568218954248366,0.39754101925320584,0.5719975490196079,0.5850340136054422,0.2504521979310836,0.6963572173918431
responsive_vs_lor_all_phases,gcc_core_plus_confounds,43,147,26,0.3469387755102041,0.4283088235294118,0.29889753556659726,0.430453431372549,0.4421768707482993,0.2637585386574783,0.7221004446760336
responsive_vs_lor_all_phases,gcc_core_plus_confounds,44,147,26,0.3469387755102041,0.6901552287581699,0.5256004959184457,0.6204044117647058,0.6122448979591837,0.22030084195873545,0.6268703738359981
responsive_vs_lor_all_phases,gcc_core_plus_confounds,45,147,26,0.3469387755102041,0.3941993464052288,0.29912103343893315,0.3939950980392157,0.3945578231292517,0.2649206848126726,0.7240705665961553
responsive_vs_lor_all_phases,gcc_core_plus_confounds,46,147,26,0.3469387755102041,0.37254901960784315,0.2759254021451871,0.4610906862745098,0.47619047619047616,0.26844877728895516,0.7314393310703985
responsive_vs_lor_all_phases,gcc_core_plus_confounds,47,147,26,0.3469387755102041,0.44219771241830064,0.3326115411628596,0.46691176470588236,0.4897959183673469,0.2660099328505875,0.7298847016111398
responsive_vs_lor_all_phases,gcc_core_plus_confounds,48,147,26,0.3469387755102041,0.5418709150326797,0.37825988962073787,0.5407475490196079,0.54421768707483,0.25648780007088573,0.7125034291645805
responsive_vs_lor_all_phases,gcc_core_plus_confounds,49,147,26,0.3469387755102041,0.4981617647058824,0.3786636459250825,0.5021446078431373,0.5238095238095238,0.2627824947863521,0.7253727516373685
responsive_vs_lor_all_phases,gcc_core_plus_confounds,50,147,26,0.3469387755102041,0.49836601307189543,0.359663001398113,0.5113357843137255,0.5238095238095238,0.25861161861299525,0.7116055601433537
responsive_vs_lor_all_phases,gcc_core_plus_confounds,51,147,26,0.3469387755102041,0.5243055555555556,0.3691130556992831,0.514093137254902,0.5034013605442177,0.25789788602476377,0.7116424433276349
responsive_vs_lor_all_phases,gcc_core_plus_confounds,52,147,26,0.3469387755102041,0.636437908496732,0.4651262657102441,0.6354166666666666,0.6258503401360545,0.2408323616187867,0.6783336881407244
responsive_vs_lor_all_phases,gcc_core_plus_confounds,53,147,26,0.3469387755102041,0.43852124183006536,0.3132198267145926,0.4454656862745098,0.4557823129251701,0.2625244919655916,0.718318592161498
responsive_vs_lor_all_phases,gcc_core_plus_confounds,54,147,26,0.3469387755102041,0.5155228758169935,0.40283733747871675,0.5061274509803921,0.5170068027210885,0.25645318320592453,0.707259099095158
responsive_vs_lor_all_phases,gcc_core_plus_confounds,55,147,26,0.3469387755102041,0.4283088235294118,0.32274741697579995,0.47150735294117646,0.4897959183673469,0.26604376977618455,0.7269234467939024
responsive_vs_lor_all_phases,gcc_core_plus_confounds,56,147,26,0.3469387755102041,0.5140931372549019,0.35846121528823205,0.4963235294117647,0.5102040816326531,0.2596967178411888,0.7160007428943986
responsive_vs_lor_all_phases,gcc_core_plus_confounds,57,147,26,0.3469387755102041,0.43116830065359474,0.3020597083426382,0.47824754901960786,0.46258503401360546,0.26589822652623424,0.7284340138001739
responsive_vs_lor_all_phases,gcc_core_plus_confounds,58,147,26,0.3469387755102041,0.47344771241830064,0.37554907578633157,0.45925245098039214,0.4557823129251701,0.26298462482964347,0.7205125508736436
responsive_vs_lor_all_phases,gcc_core_plus_confounds,59,147,26,0.3469387755102041,0.4787581699346405,0.40109400565587106,0.4785539215686274,0.5170068027210885,0.25828053750429825,0.7110173575086831
responsive_vs_lor_all_phases,gcc_core_plus_confounds,60,147,26,0.3469387755102041,0.6429738562091503,0.4582700850559661,0.640625,0.6326530612244898,0.23743920393258325,0.6757415784162857
responsive_vs_lor_all_phases,gcc_core_plus_confounds,61,147,26,0.3469387755102041,0.44914215686274506,0.32429386608474375,0.45833333333333337,0.4965986394557823,0.26503388327718436,0.7278630624747813
responsive_vs_lor_all_phases,gcc_core_plus_confounds,62,147,26,0.3469387755102041,0.5181781045751633,0.407715467279219,0.5235906862745098,0.5578231292517006,0.2558032741141889,0.708238258172745
responsive_vs_lor_all_phases,gcc_core_plus_confounds,63,147,26,0.3469387755102041,0.5882352941176471,0.45847295170377367,0.5680147058823529,0.5918367346938775,0.24347621039378115,0.683730381811414
responsive_vs_lor_all_phases,gcc_core_plus_confounds,64,147,26,0.3469387755102041,0.5343137254901961,0.38319046390774864,0.5511642156862745,0.5578231292517006,0.2564932339254336,0.7168400977887627
responsive_vs_lor_all_phases,gcc_core_plus_confounds,65,147,26,0.3469387755102041,0.5747549019607844,0.42043464768739575,0.560968137254902,0.564625850340136,0.25299775267342833,0.7043596740097143
responsive_vs_lor_all_phases,gcc_core_plus_confounds,66,147,26,0.3469387755102041,0.6309232026143791,0.4533618180972451,0.6268382352941176,0.6326530612244898,0.24059543122497493,0.6828359817116648
responsive_vs_lor_all_phases,gcc_core_plus_confounds,67,147,26,0.3469387755102041,0.46017156862745096,0.34648944948374927,0.4923406862745098,0.5170068027210885,0.2607768372639674,0.7185855461767398
responsive_vs_lor_all_phases,gcc_core_plus_confounds,68,147,26,0.3469387755102041,0.5263480392156863,0.35099044823130743,0.5441176470588236,0.5306122448979592,0.25802959787932395,0.710673749349507
responsive_vs_lor_all_phases,gcc_core_plus_confounds,69,147,26,0.3469387755102041,0.6233660130718954,0.497177114178532,0.6060049019607843,0.6054421768707483,0.23743638171866205,0.6680531623803969
responsive_vs_lor_all_phases,gcc_core_plus_confounds,70,147,26,0.3469387755102041,0.4620098039215686,0.32119730772321287,0.5003063725490196,0.5034013605442177,0.27121692142294124,0.7401513612719551
responsive_vs_lor_all_phases,gcc_core_plus_confounds,71,147,26,0.3469387755102041,0.4618055555555556,0.3315535063416293,0.45649509803921573,0.47619047619047616,0.26180181555207727,0.7186851331395214
responsive_vs_lor_all_phases,gcc_core_plus_confounds,72,147,26,0.3469387755102041,0.4470996732026144,0.3335323240889456,0.45649509803921573,0.47619047619047616,0.26257269097276914,0.7194013800105626
responsive_vs_lor_all_phases,gcc_core_plus_confounds,73,147,26,0.3469387755102041,0.4417892156862745,0.2989664508679768,0.46629901960784315,0.48299319727891155,0.26674409516394065,0.7288297321602784
responsive_vs_lor_all_phases,gcc_core_plus_confounds,74,147,26,0.3469387755102041,0.44709967320261434,0.32420619075914237,0.46047794117647056,0.46938775510204084,0.2671266226704481,0.729936837672213
responsive_vs_lor_all_phases,gcc_core_plus_confounds,75,147,26,0.3469387755102041,0.4389297385620915,0.31386051435181606,0.47334558823529416,0.5102040816326531,0.26604680711811085,0.7276540520721565
responsive_vs_lor_all_phases,gcc_core_plus_confounds,76,147,26,0.3469387755102041,0.46854575163398693,0.3389203676486978,0.47334558823529416,0.5102040816326531,0.26243742250424784,0.7206754526342886
responsive_vs_lor_all_phases,gcc_core_plus_confounds,77,147,26,0.3469387755102041,0.41401143790849676,0.29330046575265434,0.42708333333333337,0.4557823129251701,0.2682230862122742,0.7311654539797787
responsive_vs_lor_all_phases,gcc_core_plus_confounds,78,147,26,0.3469387755102041,0.39869281045751637,0.28308985233420425,0.4586397058823529,0.4489795918367347,0.2694466068993381,0.7349262805792652
responsive_vs_lor_all_phases,gcc_core_plus_confounds,79,147,26,0.3469387755102041,0.4607843137254902,0.3381850403711726,0.49969362745098034,0.4965986394557823,0.2628741596443534,0.7220254731240108
responsive_vs_lor_all_phases,gcc_core_plus_confounds,80,147,26,0.3469387755102041,0.5138888888888888,0.37593303435764225,0.5073529411764706,0.5306122448979592,0.2584107490323416,0.7169387777883873
responsive_vs_lor_all_phases,gcc_core_plus_confounds,81,147,26,0.3469387755102041,0.5206290849673203,0.3682815013138614,0.5094975490196079,0.5034013605442177,0.259925335931414,0.7158384681822817
responsive_vs_lor_all_phases,gcc_core_plus_confounds,82,147,26,0.3469387755102041,0.5518790849673203,0.4377102189436628,0.4957107843137255,0.5034013605442177,0.2504820792482655,0.6969023057057361
responsive_vs_lor_all_phases,gcc_core_plus_confounds,83,147,26,0.3469387755102041,0.4652777777777778,0.31241239415345046,0.48621323529411764,0.4489795918367347,0.2611284595867108,0.7138318641374173
responsive_vs_lor_all_phases,gcc_core_plus_confounds,84,147,26,0.3469387755102041,0.6062091503267975,0.501952816306854,0.5876225490196079,0.6054421768707483,0.23874388791979767,0.6699348249669201
responsive_vs_lor_all_phases,gcc_core_plus_confounds,85,147,26,0.3469387755102041,0.3845996732026144,0.28349950291393594,0.4384191176470588,0.42857142857142855,0.26715703530866386,0.7284376533558178
responsive_vs_lor_all_phases,gcc_core_plus_confounds,86,147,26,0.3469387755102041,0.5667892156862745,0.37446062078729114,0.5591299019607843,0.54421768707483,0.25328788009116704,0.7022741542008792
responsive_vs_lor_all_phases,gcc_core_plus_confounds,87,147,26,0.3469387755102041,0.5185866013071896,0.35924394251654024,0.5113357843137255,0.5238095238095238,0.25960335064660695,0.7177080601286183
responsive_vs_lor_all_phases,gcc_core_plus_confounds,88,147,26,0.3469387755102041,0.3809232026143791,0.3083054775409452,0.3651960784313726,0.38095238095238093,0.2664693723949131,0.7285363958329916
responsive_vs_lor_all_phases,gcc_core_plus_confounds,89,147,26,0.3469387755102041,0.4227941176470588,0.2989953686111624,0.4476102941176471,0.42857142857142855,0.26444877101092473,0.7225962552324142
responsive_vs_lor_all_phases,gcc_core_plus_confounds,90,147,26,0.3469387755102041,0.4828431372549019,0.33291730756783733,0.5373774509803921,0.5578231292517006,0.26520386170731375,0.7262825646019265
responsive_vs_lor_all_phases,gcc_core_plus_confounds,91,147,26,0.3469387755102041,0.6288807189542484,0.44431021522021363,0.6216299019607843,0.6258503401360545,0.24139676598310797,0.6927273311621657
responsive_vs_lor_all_phases,gcc_core_plus_confounds,92,147,26,0.3469387755102041,0.35620915032679734,0.28237948563738746,0.41207107843137253,0.4421768707482993,0.2676026705319623,0.7298780861898043
responsive_vs_lor_all_phases,gcc_core_plus_confounds,93,147,26,0.3469387755102041,0.4056372549019608,0.2943485699341742,0.47150735294117646,0.4897959183673469,0.26695927432442773,0.7282702499921465
responsive_vs_lor_all_phases,gcc_core_plus_confounds,94,147,26,0.3469387755102041,0.5753676470588235,0.47711330524756523,0.5686274509803921,0.5986394557823129,0.24533260574920196,0.6870057646783367
responsive_vs_lor_all_phases,gcc_core_plus_confounds,95,147,26,0.3469387755102041,0.50531045751634,0.34078054185592843,0.4727328431372549,0.5034013605442177,0.26130126776506807,0.7209432443991906
responsive_vs_lor_all_phases,gcc_core_plus_confounds,96,147,26,0.3469387755102041,0.39726307189542487,0.31167043766493097,0.4206495098039216,0.43537414965986393,0.264766655991024,0.7233599030071012
responsive_vs_lor_all_phases,gcc_core_plus_confounds,97,147,26,0.3469387755102041,0.5477941176470589,0.4213303469438935,0.5407475490196079,0.54421768707483,0.24898729390682806,0.6924879010972731
responsive_vs_lor_all_phases,gcc_core_plus_confounds,98,147,26,0.3469387755102041,0.622140522875817,0.4929734197930474,0.5713848039215687,0.5782312925170068,0.23868677649012707,0.6705572785650087
responsive_vs_lor_all_phases,gcc_core_plus_confounds,99,147,26,0.3469387755102041,0.4566993464052288,0.33360125676176033,0.5205269607843137,0.5238095238095238,0.2645287734477446,0.7243918421407542
responsive_vs_lor_all_phases,gcc_core_plus_confounds,100,147,26,0.3469387755102041,0.47181372549019607,0.34697007814243774,0.4518995098039216,0.47619047619047616,0.26234655762023285,0.7215816006393236
responsive_vs_lor_all_phases,gcc_regime_plus_confounds,1,147,26,0.3469387755102041,0.45159313725490197,0.33520350208265554,0.47089460784313725,0.48299319727891155,0.2663362167346436,0.728596188868518
responsive_vs_lor_all_phases,gcc_regime_plus_confounds,2,147,26,0.3469387755102041,0.45098039215686275,0.3383050350828649,0.47089460784313725,0.48299319727891155,0.26469919929224567,0.723979893964896
responsive_vs_lor_all_phases,gcc_regime_plus_confounds,3,147,26,0.3469387755102041,0.4761029411764706,0.3258387045222687,0.5024509803921569,0.47619047619047616,0.2641084458537542,0.7231550891829647
responsive_vs_lor_all_phases,gcc_regime_plus_confounds,4,147,26,0.3469387755102041,0.5863970588235294,0.4241849612929326,0.5818014705882353,0.5918367346938775,0.2508615225762248,0.7011836854519811
responsive_vs_lor_all_phases,gcc_regime_plus_confounds,5,147,26,0.3469387755102041,0.5275735294117647,0.40036046342143794,0.545343137254902,0.54421768707483,0.25429239983565405,0.7025508140196655
responsive_vs_lor_all_phases,gcc_regime_plus_confounds,6,147,26,0.3469387755102041,0.5126633986928104,0.35134879440896793,0.5551470588235294,0.5510204081632653,0.2614041828142918,0.7197600964702169
responsive_vs_lor_all_phases,gcc_regime_plus_confounds,7,147,26,0.3469387755102041,0.4381127450980392,0.35216572044400574,0.45128676470588236,0.46938775510204084,0.26217724442395446,0.7186876582443762
responsive_vs_lor_all_phases,gcc_regime_plus_confounds,8,147,26,0.3469387755102041,0.4448529411764705,0.30422396940529733,0.4767156862745098,0.4965986394557823,0.2657935938006056,0.7273013280376535
responsive_vs_lor_all_phases,gcc_regime_plus_confounds,9,147,26,0.3469387755102041,0.5947712418300654,0.47907613267009286,0.616421568627451,0.6190476190476191,0.24616990643286318,0.6877927810622381
responsive_vs_lor_all_phases,gcc_regime_plus_confounds,10,147,26,0.3469387755102041,0.4928513071895425,0.35815045373210064,0.4941789215686274,0.5374149659863946,0.26143026983153433,0.7230210415124607
responsive_vs_lor_all_phases,gcc_regime_plus_confounds,11,147,26,0.3469387755102041,0.5030637254901961,0.34799187124471226,0.5113357843137255,0.5238095238095238,0.2675027071139632,0.7366590378589355
responsive_vs_lor_all_phases,gcc_regime_plus_confounds,12,147,26,0.3469387755102041,0.5800653594771242,0.4083104523055632,0.5655637254901961,0.564625850340136,0.2520081462424803,0.7015367925076266
responsive_vs_lor_all_phases,gcc_regime_plus_confounds,13,147,26,0.3469387755102041,0.4581290849673203,0.3225240663386485,0.5049019607843137,0.5034013605442177,0.2664791581305132,0.7290342212543754
responsive_vs_lor_all_phases,gcc_regime_plus_confounds,14,147,26,0.3469387755102041,0.5012254901960784,0.34789353698754827,0.5211397058823529,0.5306122448979592,0.26068929794473994,0.7167698356358224
responsive_vs_lor_all_phases,gcc_regime_plus_confounds,15,147,26,0.3469387755102041,0.49183006535947715,0.3494143685067564,0.5067401960784313,0.5238095238095238,0.2593463961347226,0.7155497202437515
responsive_vs_lor_all_phases,gcc_regime_plus_confounds,16,147,26,0.3469387755102041,0.5608660130718954,0.38635945747307615,0.5269607843137255,0.54421768707483,0.2560164370485763,0.710192560496302
responsive_vs_lor_all_phases,gcc_regime_plus_confounds,17,147,26,0.3469387755102041,0.49101307189542487,0.3462002088198741,0.4806985294117647,0.4897959183673469,0.26117037057074877,0.7187168748270802
responsive_vs_lor_all_phases,gcc_regime_plus_confounds,18,147,26,0.3469387755102041,0.48835784313725494,0.34413853432845026,0.461703431372549,0.48299319727891155,0.2689937333585511,0.745665086818646
responsive_vs_lor_all_phases,gcc_regime_plus_confounds,19,147,26,0.3469387755102041,0.43995098039215685,0.3307091335747564,0.48131127450980393,0.4965986394557823,0.27032602688358015,0.7391199494626832
responsive_vs_lor_all_phases,gcc_regime_plus_confounds,20,147,26,0.3469387755102041,0.6711601307189543,0.5034401242588658,0.6262254901960784,0.6258503401360545,0.2271580585006886,0.6380514902722367
responsive_vs_lor_all_phases,gcc_regime_plus_confounds,21,147,26,0.3469387755102041,0.6834150326797386,0.5114411926006703,0.6412377450980392,0.6394557823129252,0.2247232809643068,0.639015579282896
responsive_vs_lor_all_phases,gcc_regime_plus_confounds,22,147,26,0.3469387755102041,0.6409313725490196,0.4782091173832306,0.6262254901960784,0.6258503401360545,0.2369364865463652,0.6717486071430446
responsive_vs_lor_all_phases,gcc_regime_plus_confounds,23,147,26,0.3469387755102041,0.4178921568627451,0.2948690326502931,0.45925245098039214,0.4557823129251701,0.26677537108633476,0.7290493114967679
responsive_vs_lor_all_phases,gcc_regime_plus_confounds,24,147,26,0.3469387755102041,0.46139705882352944,0.3496423376559327,0.44362745098039214,0.43537414965986393,0.2613379783230003,0.716159436960976
responsive_vs_lor_all_phases,gcc_regime_plus_confounds,25,147,26,0.3469387755102041,0.5189950980392157,0.3595520405047972,0.5487132352941176,0.5306122448979592,0.26111523256565394,0.7183491477698791
responsive_vs_lor_all_phases,gcc_regime_plus_confounds,26,147,26,0.3469387755102041,0.5890522875816993,0.4347308003581078,0.5649509803921569,0.5578231292517006,0.250347773857865,0.6981869574912788
responsive_vs_lor_all_phases,gcc_regime_plus_confounds,27,147,26,0.3469387755102041,0.5594362745098039,0.40767916397853177,0.5389093137254902,0.5238095238095238,0.25130028174925256,0.6953712954457424
responsive_vs_lor_all_phases,gcc_regime_plus_confounds,28,147,26,0.3469387755102041,0.5122549019607843,0.38013814919747446,0.5211397058823529,0.5306122448979592,0.258489614962045,0.7121166706169462
responsive_vs_lor_all_phases,gcc_regime_plus_confounds,29,147,26,0.3469387755102041,0.5161356209150327,0.4164997309992927,0.49969362745098034,0.4965986394557823,0.25895459409533517,0.7151861938381379
responsive_vs_lor_all_phases,gcc_regime_plus_confounds,30,147,26,0.3469387755102041,0.48754084967320266,0.33830056516880547,0.49693627450980393,0.5170068027210885,0.2619562861280186,0.720632032166281
responsive_vs_lor_all_phases,gcc_regime_plus_confounds,31,147,26,0.3469387755102041,0.47487745098039214,0.320866518149741,0.4800857843137255,0.48299319727891155,0.26468337300352757,0.7243037332114836
responsive_vs_lor_all_phases,gcc_regime_plus_confounds,32,147,26,0.3469387755102041,0.5555555555555556,0.38850950841804166,0.525735294117647,0.5306122448979592,0.25404925958771307,0.7054147008722599
responsive_vs_lor_all_phases,gcc_regime_plus_confounds,33,147,26,0.3469387755102041,0.5943627450980392,0.4312743829714461,0.5759803921568627,0.5782312925170068,0.24537294267292065,0.6860235636271059
responsive_vs_lor_all_phases,gcc_regime_plus_confounds,34,147,26,0.3469387755102041,0.5061274509803921,0.3652966479184583,0.4742647058823529,0.46938775510204084,0.2616156745217079,0.7140037449930354
responsive_vs_lor_all_phases,gcc_regime_plus_confounds,35,147,26,0.3469387755102041,0.4787581699346405,0.34632895626214655,0.4800857843137255,0.48299319727891155,0.26403934807014356,0.7258946295590929
responsive_vs_lor_all_phases,gcc_regime_plus_confounds,36,147,26,0.3469387755102041,0.47446895424836605,0.36615926884851724,0.5281862745098039,0.5578231292517006,0.260695909242638,0.7175505439343305
responsive_vs_lor_all_phases,gcc_regime_plus_confounds,37,147,26,0.3469387755102041,0.5375816993464053,0.3994048460425426,0.5003063725490196,0.5034013605442177,0.2564823084525006,0.7096447761439799
responsive_vs_lor_all_phases,gcc_regime_plus_confounds,38,147,26,0.3469387755102041,0.43035130718954245,0.3121319269539567,0.47089460784313725,0.48299319727891155,0.26852317718951135,0.7332153949435538
responsive_vs_lor_all_phases,gcc_regime_plus_confounds,39,147,26,0.3469387755102041,0.4765114379084967,0.3465577218169402,0.5165441176470589,0.5306122448979592,0.2650771997414445,0.7261362723848936
responsive_vs_lor_all_phases,gcc_regime_plus_confounds,40,147,26,0.3469387755102041,0.445874183006536,0.3130019322063099,0.49969362745098034,0.4965986394557823,0.269180405728878,0.7335770429968529
responsive_vs_lor_all_phases,gcc_regime_plus_confounds,41,147,26,0.3469387755102041,0.516952614379085,0.37555822260524974,0.5536151960784313,0.5850340136054422,0.25801738074696073,0.713564662400736
responsive_vs_lor_all_phases,gcc_regime_plus_confounds,42,147,26,0.3469387755102041,0.43770424836601307,0.3125289708169524,0.4610906862745098,0.47619047619047616,0.2697268970680003,0.7354098062406402
responsive_vs_lor_all_phases,gcc_regime_plus_confounds,43,147,26,0.3469387755102041,0.5410539215686274,0.39598570199882854,0.49693627450980393,0.5170068027210885,0.2541734483151786,0.7039784523194986
responsive_vs_lor_all_phases,gcc_regime_plus_confounds,44,147,26,0.3469387755102041,0.6633986928104575,0.48823248519273243,0.5674019607843137,0.5850340136054422,0.2336280119735894,0.6674654124351278
responsive_vs_lor_all_phases,gcc_regime_plus_confounds,45,147,26,0.3469387755102041,0.34599673202614384,0.274591048745199,0.375,0.3877551020408163,0.2728424702337035,0.7403661122449382
responsive_vs_lor_all_phases,gcc_regime_plus_confounds,46,147,26,0.3469387755102041,0.5590277777777778,0.4503158133914669,0.5667892156862745,0.5782312925170068,0.25445493435385247,0.7070583928646464
responsive_vs_lor_all_phases,gcc_regime_plus_confounds,47,147,26,0.3469387755102041,0.5998774509803921,0.41767658778052164,0.5772058823529411,0.5918367346938775,0.24868294155953558,0.6969698429828425
responsive_vs_lor_all_phases,gcc_regime_plus_confounds,48,147,26,0.3469387755102041,0.5459558823529411,0.3613732078278002,0.5499387254901961,0.54421768707483,0.2529852141106222,0.6997762721604006
responsive_vs_lor_all_phases,gcc_regime_plus_confounds,49,147,26,0.3469387755102041,0.48897058823529416,0.3332293594463954,0.510110294117647,0.5102040816326531,0.2622334639312892,0.7196526789799869
responsive_vs_lor_all_phases,gcc_regime_plus_confounds,50,147,26,0.3469387755102041,0.6503267973856209,0.4981910422681678,0.5897671568627452,0.5782312925170068,0.2340001777823981,0.6620604369208719
responsive_vs_lor_all_phases,gcc_regime_plus_confounds,51,147,26,0.3469387755102041,0.5083741830065359,0.37670224442442857,0.5153186274509804,0.5170068027210885,0.2625010612355085,0.7229210326466722
responsive_vs_lor_all_phases,gcc_regime_plus_confounds,52,147,26,0.3469387755102041,0.42994281045751637,0.3069639122914234,0.40379901960784315,0.4013605442176871,0.2624534603544229,0.7168201537144061
responsive_vs_lor_all_phases,gcc_regime_plus_confounds,53,147,26,0.3469387755102041,0.48468137254901966,0.36143372472730856,0.5153186274509804,0.5170068027210885,0.2646949066853515,0.7261291893646002
responsive_vs_lor_all_phases,gcc_regime_plus_confounds,54,147,26,0.3469387755102041,0.3882761437908497,0.31991623700160177,0.428921568627451,0.47619047619047616,0.26788451738682145,0.7355878900833539
responsive_vs_lor_all_phases,gcc_regime_plus_confounds,55,147,26,0.3469387755102041,0.471609477124183,0.3373626876089346,0.46047794117647056,0.46938775510204084,0.265619904151245,0.7281024705373907
responsive_vs_lor_all_phases,gcc_regime_plus_confounds,56,147,26,0.3469387755102041,0.48508986928104575,0.3374153846766994,0.4852941176470588,0.4897959183673469,0.2692580072860856,0.739567890138445
responsive_vs_lor_all_phases,gcc_regime_plus_confounds,57,147,26,0.3469387755102041,0.48958333333333337,0.33185652747001126,0.48192401960784315,0.5034013605442177,0.26598003337610127,0.7294353452077058
responsive_vs_lor_all_phases,gcc_regime_plus_confounds,58,147,26,0.3469387755102041,0.48897058823529416,0.3741643422222849,0.5229779411764706,0.5510204081632653,0.2642670727885352,0.7260445138759346
responsive_vs_lor_all_phases,gcc_regime_plus_confounds,59,147,26,0.3469387755102041,0.5328839869281046,0.4016301389635054,0.5459558823529411,0.5510204081632653,0.25599581177554986,0.7110600814946506
responsive_vs_lor_all_phases,gcc_regime_plus_confounds,60,147,26,0.3469387755102041,0.4995915032679738,0.345556443595089,0.5183823529411764,0.5510204081632653,0.2592613038039076,0.7140688850763877
responsive_vs_lor_all_phases,gcc_regime_plus_confounds,61,147,26,0.3469387755102041,0.40931372549019607,0.2930523262278174,0.4846813725490196,0.48299319727891155,0.26959866746381533,0.7339011820773493
responsive_vs_lor_all_phases,gcc_regime_plus_confounds,62,147,26,0.3469387755102041,0.42401960784313725,0.29523205213405057,0.47549019607843135,0.48299319727891155,0.26957013409045577,0.734034436665671
responsive_vs_lor_all_phases,gcc_regime_plus_confounds,63,147,26,0.3469387755102041,0.48958333333333337,0.3854288170269725,0.4800857843137255,0.48299319727891155,0.2599124717048977,0.7146862226998711
responsive_vs_lor_all_phases,gcc_regime_plus_confounds,64,147,26,0.3469387755102041,0.3459967320261438,0.2653350453945298,0.36979166666666663,0.38095238095238093,0.2717673609255747,0.7372914936698114
responsive_vs_lor_all_phases,gcc_regime_plus_confounds,65,147,26,0.3469387755102041,0.4123774509803922,0.31832356836892484,0.430453431372549,0.4421768707482993,0.2653672220525062,0.7246614613121867
responsive_vs_lor_all_phases,gcc_regime_plus_confounds,66,147,26,0.3469387755102041,0.5059232026143791,0.34646402213779326,0.5199142156862745,0.5170068027210885,0.26588586070101766,0.7288933999432907
responsive_vs_lor_all_phases,gcc_regime_plus_confounds,67,147,26,0.3469387755102041,0.4362745098039216,0.3254172813259094,0.4690563725490196,0.46258503401360546,0.26729514471112464,0.730881656196345
responsive_vs_lor_all_phases,gcc_regime_plus_confounds,68,147,26,0.3469387755102041,0.5964052287581699,0.4639195523925536,0.5811887254901961,0.5850340136054422,0.24388688021213636,0.6827407273664888
responsive_vs_lor_all_phases,gcc_regime_plus_confounds,69,147,26,0.3469387755102041,0.4675245098039216,0.31630652996818787,0.49325980392156865,0.47619047619047616,0.2625128831948537,0.7202969008455674
responsive_vs_lor_all_phases,gcc_regime_plus_confounds,70,147,26,0.3469387755102041,0.5357434640522876,0.3938932951694235,0.5575980392156863,0.5782312925170068,0.25477266753718625,0.705906458721016
responsive_vs_lor_all_phases,gcc_regime_plus_confounds,71,147,26,0.3469387755102041,0.409109477124183,0.30757639172378615,0.4414828431372549,0.46258503401360546,0.27230750465294906,0.7400418737881225
responsive_vs_lor_all_phases,gcc_regime_plus_confounds,72,147,26,0.3469387755102041,0.5151143790849674,0.37488707961458867,0.47487745098039214,0.47619047619047616,0.2606850119981306,0.7185831587609032
responsive_vs_lor_all_phases,gcc_regime_plus_confounds,73,147,26,0.3469387755102041,0.4293300653594771,0.3092586047423967,0.4800857843137255,0.48299319727891155,0.27203096321252707,0.7407188417204176
responsive_vs_lor_all_phases,gcc_regime_plus_confounds,74,147,26,0.3469387755102041,0.5819035947712419,0.42242746363260364,0.5505514705882353,0.5510204081632653,0.25132654885183026,0.6999023819667008
responsive_vs_lor_all_phases,gcc_regime_plus_confounds,75,147,26,0.3469387755102041,0.5100081699346405,0.3320606979526034,0.560968137254902,0.564625850340136,0.26111823374483767,0.7180405336090218
responsive_vs_lor_all_phases,gcc_regime_plus_confounds,76,147,26,0.3469387755102041,0.4348447712418301,0.31449417879622055,0.5009191176470589,0.5102040816326531,0.2687200785121474,0.7329354326058325
responsive_vs_lor_all_phases,gcc_regime_plus_confounds,77,147,26,0.3469387755102041,0.5191993464052288,0.38060442253695603,0.5315563725490196,0.54421768707483,0.25579730032737086,0.706172470896424
responsive_vs_lor_all_phases,gcc_regime_plus_confounds,78,147,26,0.3469387755102041,0.46915849673202614,0.3531123436260614,0.4761029411764706,0.4897959183673469,0.26452440074264316,0.7245957543533745
responsive_vs_lor_all_phases,gcc_regime_plus_confounds,79,147,26,0.3469387755102041,0.5633169934640524,0.3998471229402619,0.5818014705882353,0.5918367346938775,0.253074220398157,0.7048619522475726
responsive_vs_lor_all_phases,gcc_regime_plus_confounds,80,147,26,0.3469387755102041,0.5351307189542484,0.35699843275528453,0.5315563725490196,0.54421768707483,0.25708769607198834,0.710445383994356
responsive_vs_lor_all_phases,gcc_regime_plus_confounds,81,147,26,0.3469387755102041,0.4426062091503268,0.31653634796868835,0.4473039215686274,0.47619047619047616,0.2651981211868512,0.7250050768268516
responsive_vs_lor_all_phases,gcc_regime_plus_confounds,82,147,26,0.3469387755102041,0.5308415032679739,0.36871002501836125,0.5061274509803921,0.5170068027210885,0.25866786111444806,0.7140033824260237
responsive_vs_lor_all_phases,gcc_regime_plus_confounds,83,147,26,0.3469387755102041,0.4624183006535948,0.33850162490585844,0.49693627450980393,0.5170068027210885,0.26769312847577204,0.737090165957866
responsive_vs_lor_all_phases,gcc_regime_plus_confounds,84,147,26,0.3469387755102041,0.5379901960784313,0.3893461788871966,0.4963235294117647,0.5102040816326531,0.25542986027698444,0.7067167936683524
responsive_vs_lor_all_phases,gcc_regime_plus_confounds,85,147,26,0.3469387755102041,0.42544934640522875,0.3344449434399601,0.47089460784313725,0.48299319727891155,0.2675194870360485,0.7305278641300279
responsive_vs_lor_all_phases,gcc_regime_plus_confounds,86,147,26,0.3469387755102041,0.5343137254901961,0.3478124213516105,0.5741421568627452,0.5578231292517006,0.2574741245914114,0.714813744239763
responsive_vs_lor_all_phases,gcc_regime_plus_confounds,87,147,26,0.3469387755102041,0.45915032679738566,0.37482948641717356,0.46231617647058826,0.4897959183673469,0.2621056708805535,0.7200863232814194
responsive_vs_lor_all_phases,gcc_regime_plus_confounds,88,147,26,0.3469387755102041,0.5296160130718954,0.3883477306985849,0.5107230392156863,0.5170068027210885,0.25423807636080936,0.7012977778424437
responsive_vs_lor_all_phases,gcc_regime_plus_confounds,89,147,26,0.3469387755102041,0.5424836601307189,0.41026885172338845,0.5211397058823529,0.5306122448979592,0.2547917681545395,0.706109343719064
responsive_vs_lor_all_phases,gcc_regime_plus_confounds,90,147,26,0.3469387755102041,0.5218545751633987,0.3753985443039515,0.5009191176470589,0.5102040816326531,0.2564604359020386,0.7083294857750788
responsive_vs_lor_all_phases,gcc_regime_plus_confounds,91,147,26,0.3469387755102041,0.590890522875817,0.47639011314457136,0.541360294117647,0.5510204081632653,0.24531811756261585,0.6877095963120106
responsive_vs_lor_all_phases,gcc_regime_plus_confounds,92,147,26,0.3469387755102041,0.5569852941176471,0.4232061018570476,0.5419730392156863,0.5578231292517006,0.2529004470303235,0.7018386198111719
responsive_vs_lor_all_phases,gcc_regime_plus_confounds,93,147,26,0.3469387755102041,0.3445669934640523,0.26886716551764933,0.43504901960784315,0.4421768707482993,0.27625594205226517,0.7479834993390221
responsive_vs_lor_all_phases,gcc_regime_plus_confounds,94,147,26,0.3469387755102041,0.5073529411764706,0.3505646415224437,0.5263480392156863,0.5374149659863946,0.2610209458509681,0.7187458414021436
responsive_vs_lor_all_phases,gcc_regime_plus_confounds,95,147,26,0.3469387755102041,0.5906862745098039,0.43179506256999584,0.5447303921568627,0.5374149659863946,0.2525049318564672,0.701974665022977
responsive_vs_lor_all_phases,gcc_regime_plus_confounds,96,147,26,0.3469387755102041,0.5665849673202614,0.3735288968300242,0.5680147058823529,0.5918367346938775,0.2583729070406101,0.7196079760850236
responsive_vs_lor_all_phases,gcc_regime_plus_confounds,97,147,26,0.3469387755102041,0.45465686274509803,0.32129214062427247,0.510110294117647,0.5102040816326531,0.2685112557501633,0.7339358034195279
responsive_vs_lor_all_phases,gcc_regime_plus_confounds,98,147,26,0.3469387755102041,0.5361519607843137,0.4264515808987701,0.5159313725490196,0.5238095238095238,0.2570730094286744,0.7111822904689121
responsive_vs_lor_all_phases,gcc_regime_plus_confounds,99,147,26,0.3469387755102041,0.5071486928104575,0.3378589833096421,0.49050245098039214,0.4965986394557823,0.262170201931891,0.7205301410688345
responsive_vs_lor_all_phases,gcc_regime_plus_confounds,100,147,26,0.3469387755102041,0.42728758169934644,0.3037329607447048,0.4240196078431373,0.4217687074829932,0.2664619144762213,0.7277524824569138
responsive_vs_lor_all_phases,full_standard_plus_gcc,1,147,26,0.3469387755102041,0.48835784313725494,0.32181428551283686,0.4834558823529412,0.46938775510204084,0.2612342117275237,0.7174988659255549
responsive_vs_lor_all_phases,full_standard_plus_gcc,2,147,26,0.3469387755102041,0.4916258169934641,0.331510977413745,0.4963235294117647,0.5102040816326531,0.2634900299360108,0.7222644097484995
responsive_vs_lor_all_phases,full_standard_plus_gcc,3,147,26,0.3469387755102041,0.5241013071895425,0.36370709208697016,0.5361519607843137,0.54421768707483,0.2571168618595216,0.7106133357921807
responsive_vs_lor_all_phases,full_standard_plus_gcc,4,147,26,0.3469387755102041,0.5251225490196078,0.3961360941255067,0.5131740196078431,0.54421768707483,0.25456581337801015,0.7052024159152314
responsive_vs_lor_all_phases,full_standard_plus_gcc,5,147,26,0.3469387755102041,0.3727532679738562,0.2824142050308177,0.44485294117647056,0.4489795918367347,0.27161367620388377,0.738057952076486
responsive_vs_lor_all_phases,full_standard_plus_gcc,6,147,26,0.3469387755102041,0.39950980392156865,0.31962485698854043,0.4050245098039216,0.41496598639455784,0.2701552302225186,0.7368038296640567
responsive_vs_lor_all_phases,full_standard_plus_gcc,7,147,26,0.3469387755102041,0.5876225490196079,0.4096648667233761,0.5707720588235294,0.5714285714285714,0.2476053059222056,0.6906997239682658
responsive_vs_lor_all_phases,full_standard_plus_gcc,8,147,26,0.3469387755102041,0.5531045751633986,0.3995410462610905,0.5597426470588236,0.5510204081632653,0.25389216679264615,0.7045771592944153
responsive_vs_lor_all_phases,full_standard_plus_gcc,9,147,26,0.3469387755102041,0.4991830065359477,0.34843304892035304,0.5042892156862745,0.4965986394557823,0.25943589920175897,0.7149858067733132
responsive_vs_lor_all_phases,full_standard_plus_gcc,10,147,26,0.3469387755102041,0.44362745098039214,0.31081383124386286,0.4518995098039216,0.47619047619047616,0.26983620543759207,0.7373526208663
responsive_vs_lor_all_phases,full_standard_plus_gcc,11,147,26,0.3469387755102041,0.5265522875816994,0.4015621262294714,0.5281862745098039,0.5578231292517006,0.2537854536522151,0.7031262142581004
responsive_vs_lor_all_phases,full_standard_plus_gcc,12,147,26,0.3469387755102041,0.5545343137254902,0.39691189881282213,0.5778186274509804,0.5986394557823129,0.25625870459101907,0.7158020189167066
responsive_vs_lor_all_phases,full_standard_plus_gcc,13,147,26,0.3469387755102041,0.4846813725490196,0.3604970246027398,0.4950980392156863,0.4965986394557823,0.2613757598398183,0.7178547783885634
responsive_vs_lor_all_phases,full_standard_plus_gcc,14,147,26,0.3469387755102041,0.4669117647058824,0.31473869690972045,0.47487745098039214,0.47619047619047616,0.2668009546750188,0.7290005304696586
responsive_vs_lor_all_phases,full_standard_plus_gcc,15,147,26,0.3469387755102041,0.5089869281045751,0.38253130408030145,0.5049019607843137,0.5034013605442177,0.26160052187263233,0.7182686553207805
responsive_vs_lor_all_phases,full_standard_plus_gcc,16,147,26,0.3469387755102041,0.43913398692810457,0.32793515602034834,0.4797794117647059,0.5306122448979592,0.26618019741130916,0.7315016668937543
responsive_vs_lor_all_phases,full_standard_plus_gcc,17,147,26,0.3469387755102041,0.4293300653594772,0.3175133622473252,0.4917279411764706,0.5102040816326531,0.27339137473180397,0.7437190405174873
responsive_vs_lor_all_phases,full_standard_plus_gcc,18,147,26,0.3469387755102041,0.4401552287581699,0.3093446978099146,0.4859068627450981,0.4965986394557823,0.27410747812813735,0.747697624984257
responsive_vs_lor_all_phases,full_standard_plus_gcc,19,147,26,0.3469387755102041,0.5255310457516339,0.4129089582224488,0.5021446078431373,0.5238095238095238,0.2525461947212139,0.7046228872288814
responsive_vs_lor_all_phases,full_standard_plus_gcc,20,147,26,0.3469387755102041,0.5578022875816994,0.37128270029085503,0.5753676470588236,0.5714285714285714,0.2602450665343481,0.7238748628706303
responsive_vs_lor_all_phases,full_standard_plus_gcc,21,147,26,0.3469387755102041,0.4650735294117647,0.31097093192606307,0.4610906862745098,0.47619047619047616,0.26684339441885147,0.7282412866255317
responsive_vs_lor_all_phases,full_standard_plus_gcc,22,147,26,0.3469387755102041,0.45261437908496727,0.3211951906249528,0.4252450980392157,0.43537414965986393,0.2660963302115369,0.7271316481152943
responsive_vs_lor_all_phases,full_standard_plus_gcc,23,147,26,0.3469387755102041,0.4618055555555556,0.3480617709932583,0.41942401960784315,0.4217687074829932,0.26661453559333875,0.7297299244622417
responsive_vs_lor_all_phases,full_standard_plus_gcc,24,147,26,0.3469387755102041,0.607843137254902,0.45789794264705647,0.5824142156862745,0.5986394557823129,0.2431679092341799,0.682600265100943
responsive_vs_lor_all_phases,full_standard_plus_gcc,25,147,26,0.3469387755102041,0.45465686274509803,0.3175629115430387,0.477328431372549,0.5034013605442177,0.26927106515071675,0.7386273229262538
responsive_vs_lor_all_phases,full_standard_plus_gcc,26,147,26,0.3469387755102041,0.5292075163398693,0.35876479407309975,0.5575980392156863,0.5782312925170068,0.25961173092381234,0.716112453826938
responsive_vs_lor_all_phases,full_standard_plus_gcc,27,147,26,0.3469387755102041,0.34477124183006536,0.2767165786483989,0.40104166666666663,0.4217687074829932,0.27418785010767743,0.7430693814753573
responsive_vs_lor_all_phases,full_standard_plus_gcc,28,147,26,0.3469387755102041,0.5116421568627451,0.3487394533439191,0.5373774509803921,0.5578231292517006,0.2647131077453185,0.7310205238593531
responsive_vs_lor_all_phases,full_standard_plus_gcc,29,147,26,0.3469387755102041,0.5547385620915033,0.3750504146428626,0.5263480392156863,0.5374149659863946,0.25521559275017214,0.708615957769898
responsive_vs_lor_all_phases,full_standard_plus_gcc,30,147,26,0.3469387755102041,0.4930555555555556,0.33538502765031497,0.510110294117647,0.5102040816326531,0.26306024548025436,0.7226921546188446
responsive_vs_lor_all_phases,full_standard_plus_gcc,31,147,26,0.3469387755102041,0.4262663398692811,0.3102467571342279,0.4690563725490196,0.46258503401360546,0.2710328007161217,0.7396005988931549
responsive_vs_lor_all_phases,full_standard_plus_gcc,32,147,26,0.3469387755102041,0.4215686274509804,0.3048142880859227,0.45006127450980393,0.4557823129251701,0.2705660039088693,0.7383010535630733
responsive_vs_lor_all_phases,full_standard_plus_gcc,33,147,26,0.3469387755102041,0.5467728758169934,0.36621451999926136,0.5251225490196079,0.5238095238095238,0.2535446643817671,0.7011666603790564
responsive_vs_lor_all_phases,full_standard_plus_gcc,34,147,26,0.3469387755102041,0.46527777777777773,0.3396650404957756,0.46047794117647056,0.46938775510204084,0.26553856367110723,0.7269447259667532
responsive_vs_lor_all_phases,full_standard_plus_gcc,35,147,26,0.3469387755102041,0.5816993464052288,0.3840780974981506,0.5747549019607843,0.564625850340136,0.2582104957535365,0.72884234797646
responsive_vs_lor_all_phases,full_standard_plus_gcc,36,147,26,0.3469387755102041,0.5243055555555556,0.45105713871230835,0.5471813725490196,0.564625850340136,0.2578994291911006,0.7148146419733521
responsive_vs_lor_all_phases,full_standard_plus_gcc,37,147,26,0.3469387755102041,0.5157271241830065,0.35767563116469525,0.5557598039215687,0.5578231292517006,0.2632740948178185,0.7249419045236113
responsive_vs_lor_all_phases,full_standard_plus_gcc,38,147,26,0.3469387755102041,0.5210375816993464,0.35137045436469394,0.5088848039215687,0.4965986394557823,0.2548517293531608,0.7033359184528359
responsive_vs_lor_all_phases,full_standard_plus_gcc,39,147,26,0.3469387755102041,0.6166258169934641,0.4387733926632882,0.6158088235294117,0.6122448979591837,0.24021849012145094,0.6714253809747887
responsive_vs_lor_all_phases,full_standard_plus_gcc,40,147,26,0.3469387755102041,0.4669117647058824,0.3353671138166565,0.4859068627450981,0.4965986394557823,0.26630251871051386,0.728704445710692
responsive_vs_lor_all_phases,full_standard_plus_gcc,41,147,26,0.3469387755102041,0.47263071895424835,0.3971921128606655,0.48651960784313725,0.5034013605442177,0.2589310973724793,0.7116044946778197
responsive_vs_lor_all_phases,full_standard_plus_gcc,42,147,26,0.3469387755102041,0.44893790849673204,0.33796031110267066,0.4488357843137255,0.4421768707482993,0.26838338488351987,0.737253315362189
responsive_vs_lor_all_phases,full_standard_plus_gcc,43,147,26,0.3469387755102041,0.42647058823529416,0.3314538129356964,0.461703431372549,0.48299319727891155,0.2694386844027503,0.7342481251077719
responsive_vs_lor_all_phases,full_standard_plus_gcc,44,147,26,0.3469387755102041,0.5157271241830065,0.38467489483001616,0.5263480392156863,0.5374149659863946,0.2630412549675917,0.7232505898174085
responsive_vs_lor_all_phases,full_standard_plus_gcc,45,147,26,0.3469387755102041,0.4248366013071896,0.3040811874785458,0.4074754901960784,0.4421768707482993,0.26908397695196506,0.7362180304503154
responsive_vs_lor_all_phases,full_standard_plus_gcc,46,147,26,0.3469387755102041,0.4334150326797386,0.3081110050282402,0.45649509803921573,0.47619047619047616,0.2681993198848762,0.7321316406885722
responsive_vs_lor_all_phases,full_standard_plus_gcc,47,147,26,0.3469387755102041,0.5416666666666666,0.4166781245026046,0.5431985294117647,0.5714285714285714,0.25732205633354555,0.7160096167297425
responsive_vs_lor_all_phases,full_standard_plus_gcc,48,147,26,0.3469387755102041,0.5443218954248366,0.37686206609835476,0.5419730392156863,0.5578231292517006,0.2582419101528316,0.7170481956998536
responsive_vs_lor_all_phases,full_standard_plus_gcc,49,147,26,0.3469387755102041,0.5290032679738562,0.3587016185195283,0.5649509803921569,0.5578231292517006,0.2612955306992302,0.7226098124687013
responsive_vs_lor_all_phases,full_standard_plus_gcc,50,147,26,0.3469387755102041,0.5716911764705883,0.4225270996661873,0.5309436274509804,0.5374149659863946,0.2538669206951694,0.7032238582666018
responsive_vs_lor_all_phases,full_standard_plus_gcc,51,147,26,0.3469387755102041,0.5549428104575164,0.3609760141878915,0.5235906862745098,0.5578231292517006,0.2595007247471465,0.7191171376251954
responsive_vs_lor_all_phases,full_standard_plus_gcc,52,147,26,0.3469387755102041,0.4650735294117647,0.3239500758613711,0.4644607843137255,0.46258503401360546,0.26701894272811766,0.7297126449084143
responsive_vs_lor_all_phases,full_standard_plus_gcc,53,147,26,0.3469387755102041,0.4560866013071896,0.32006100093733214,0.47549019607843135,0.48299319727891155,0.26458355666365047,0.7241174741869999
responsive_vs_lor_all_phases,full_standard_plus_gcc,54,147,26,0.3469387755102041,0.5882352941176471,0.42917078400022945,0.5407475490196079,0.54421768707483,0.24772575551678244,0.690972953812327
responsive_vs_lor_all_phases,full_standard_plus_gcc,55,147,26,0.3469387755102041,0.5165441176470589,0.3363634351860995,0.5511642156862745,0.5578231292517006,0.260765680340526,0.7175319453688035
responsive_vs_lor_all_phases,full_standard_plus_gcc,56,147,26,0.3469387755102041,0.5359477124183006,0.38267508675750317,0.5049019607843137,0.5034013605442177,0.2569494091747102,0.7079340272581046
responsive_vs_lor_all_phases,full_standard_plus_gcc,57,147,26,0.3469387755102041,0.5465686274509804,0.39065239801222806,0.5355392156862745,0.5374149659863946,0.2587262377695,0.7175257797202708
responsive_vs_lor_all_phases,full_standard_plus_gcc,58,147,26,0.3469387755102041,0.4368872549019608,0.3360578502675797,0.4525122549019608,0.48299319727891155,0.26331613005365107,0.7209536843576354
responsive_vs_lor_all_phases,full_standard_plus_gcc,59,147,26,0.3469387755102041,0.5549428104575163,0.39353507932294063,0.5159313725490196,0.5238095238095238,0.2521529433404763,0.6918163111201411
responsive_vs_lor_all_phases,full_standard_plus_gcc,60,147,26,0.3469387755102041,0.5151143790849674,0.37126199811637506,0.5309436274509804,0.5374149659863946,0.2616144417254976,0.7323699842001616
responsive_vs_lor_all_phases,full_standard_plus_gcc,61,147,26,0.3469387755102041,0.46119281045751637,0.31549257207166354,0.4957107843137255,0.5034013605442177,0.2717445263115333,0.7428486422368104
responsive_vs_lor_all_phases,full_standard_plus_gcc,62,147,26,0.3469387755102041,0.5692401960784313,0.4187129685574314,0.541360294117647,0.5510204081632653,0.2517673818699715,0.7011439630229181
responsive_vs_lor_all_phases,full_standard_plus_gcc,63,147,26,0.3469387755102041,0.5561683006535948,0.4164541428864229,0.5401348039215687,0.5374149659863946,0.2522923040953544,0.7009623568127495
responsive_vs_lor_all_phases,full_standard_plus_gcc,64,147,26,0.3469387755102041,0.5347222222222222,0.36256548075337613,0.525735294117647,0.5306122448979592,0.2560397251642098,0.7078740192109961
responsive_vs_lor_all_phases,full_standard_plus_gcc,65,147,26,0.3469387755102041,0.6115196078431373,0.4671294448993833,0.5998774509803921,0.6394557823129252,0.23894493797753502,0.6773275852291976
responsive_vs_lor_all_phases,full_standard_plus_gcc,66,147,26,0.3469387755102041,0.5273692810457516,0.39198645080342187,0.4892769607843137,0.48299319727891155,0.2536227435402673,0.6980648820851252
responsive_vs_lor_all_phases,full_standard_plus_gcc,67,147,26,0.3469387755102041,0.4309640522875817,0.33073070571221463,0.4525122549019608,0.48299319727891155,0.2667122239161171,0.7292251811954333
responsive_vs_lor_all_phases,full_standard_plus_gcc,68,147,26,0.3469387755102041,0.6100898692810458,0.4591589554246084,0.5903799019607843,0.5850340136054422,0.24177986606665078,0.6783050414168496
responsive_vs_lor_all_phases,full_standard_plus_gcc,69,147,26,0.3469387755102041,0.44566993464052285,0.3348981288340558,0.4396446078431373,0.4421768707482993,0.26654451438122767,0.7279586120828858
responsive_vs_lor_all_phases,full_standard_plus_gcc,70,147,26,0.3469387755102041,0.5859885620915033,0.3779573645895228,0.5729166666666666,0.54421768707483,0.25041649957346995,0.6907623332470088
responsive_vs_lor_all_phases,full_standard_plus_gcc,71,147,26,0.3469387755102041,0.44730392156862747,0.3109806861582324,0.45465686274509803,0.4557823129251701,0.26886405237961847,0.7358528300018632
responsive_vs_lor_all_phases,full_standard_plus_gcc,72,147,26,0.3469387755102041,0.46058006535947715,0.3566360292296774,0.49111519607843135,0.5034013605442177,0.2651876478753248,0.7265088972754479
responsive_vs_lor_all_phases,full_standard_plus_gcc,73,147,26,0.3469387755102041,0.5,0.3771664306465887,0.5217524509803921,0.5374149659863946,0.2620293578705055,0.7214320748198415
responsive_vs_lor_all_phases,full_standard_plus_gcc,74,147,26,0.3469387755102041,0.45669934640522875,0.347616656488401,0.4552696078431373,0.46258503401360546,0.2634355961003337,0.7225474770917085
responsive_vs_lor_all_phases,full_standard_plus_gcc,75,147,26,0.3469387755102041,0.3988970588235294,0.2999712899513198,0.4473039215686274,0.47619047619047616,0.27061103810005155,0.7378433830991832
responsive_vs_lor_all_phases,full_standard_plus_gcc,76,147,26,0.3469387755102041,0.5428921568627451,0.3553296269835536,0.5199142156862745,0.5170068027210885,0.256436324318738,0.7098635593269126
responsive_vs_lor_all_phases,full_standard_plus_gcc,77,147,26,0.3469387755102041,0.5355392156862745,0.39871487305992337,0.5680147058823529,0.5918367346938775,0.25552409292617395,0.7099464637758343
responsive_vs_lor_all_phases,full_standard_plus_gcc,78,147,26,0.3469387755102041,0.4113562091503268,0.3097981618075273,0.414828431372549,0.4217687074829932,0.2667630844751112,0.7291178475961688
responsive_vs_lor_all_phases,full_standard_plus_gcc,79,147,26,0.3469387755102041,0.4881535947712418,0.37614606077252644,0.45986519607843135,0.46258503401360546,0.2583344675363484,0.7107813771155859
responsive_vs_lor_all_phases,full_standard_plus_gcc,80,147,26,0.3469387755102041,0.34395424836601307,0.2721168883375561,0.3756127450980392,0.3945578231292517,0.268197110287251,0.7298805755349781
responsive_vs_lor_all_phases,full_standard_plus_gcc,81,147,26,0.3469387755102041,0.6209150326797386,0.5079316639000537,0.6639093137254902,0.6870748299319728,0.23438988830885826,0.6715844567151787
responsive_vs_lor_all_phases,full_standard_plus_gcc,82,147,26,0.3469387755102041,0.4640522875816993,0.32432116932790356,0.4846813725490196,0.48299319727891155,0.2673554264496893,0.732385553566676
responsive_vs_lor_all_phases,full_standard_plus_gcc,83,147,26,0.3469387755102041,0.4930555555555556,0.33665345266956465,0.5425857843137255,0.564625850340136,0.2660053426550775,0.7300394590662008
responsive_vs_lor_all_phases,full_standard_plus_gcc,84,147,26,0.3469387755102041,0.30330882352941174,0.25768454970928806,0.35477941176470584,0.3673469387755102,0.27366958035763306,0.7419598930143232
responsive_vs_lor_all_phases,full_standard_plus_gcc,85,147,26,0.3469387755102041,0.5277777777777778,0.36393819612120315,0.5321691176470589,0.5510204081632653,0.2623626936586102,0.7246976978559572
responsive_vs_lor_all_phases,full_standard_plus_gcc,86,147,26,0.3469387755102041,0.4258578431372549,0.331997683395147,0.4473039215686274,0.47619047619047616,0.2697029301951842,0.7366391278982221
responsive_vs_lor_all_phases,full_standard_plus_gcc,87,147,26,0.3469387755102041,0.5269607843137255,0.36323012305887864,0.5309436274509804,0.5374149659863946,0.261022364781268,0.7209352245725631
responsive_vs_lor_all_phases,full_standard_plus_gcc,88,147,26,0.3469387755102041,0.30943627450980393,0.2643985341207349,0.366421568627451,0.3945578231292517,0.27469006626777376,0.7439763963102299
responsive_vs_lor_all_phases,full_standard_plus_gcc,89,147,26,0.3469387755102041,0.5649509803921569,0.3844380569315293,0.5649509803921569,0.5578231292517006,0.25591332526352156,0.7142304221303557
responsive_vs_lor_all_phases,full_standard_plus_gcc,90,147,26,0.3469387755102041,0.5357434640522876,0.36267426247540047,0.5269607843137255,0.54421768707483,0.2599934431489032,0.7197777051019411
responsive_vs_lor_all_phases,full_standard_plus_gcc,91,147,26,0.3469387755102041,0.3913398692810457,0.2960984958792926,0.38480392156862747,0.3945578231292517,0.26935947822332784,0.7345215972506147
responsive_vs_lor_all_phases,full_standard_plus_gcc,92,147,26,0.3469387755102041,0.5788398692810458,0.4882304351782457,0.5281862745098039,0.5578231292517006,0.2430809659010832,0.6802569056441349
responsive_vs_lor_all_phases,full_standard_plus_gcc,93,147,26,0.3469387755102041,0.48835784313725483,0.3541492146969594,0.4650735294117647,0.46938775510204084,0.2641239171089693,0.7258654237919843
responsive_vs_lor_all_phases,full_standard_plus_gcc,94,147,26,0.3469387755102041,0.5049019607843137,0.35530935292794197,0.5015318627450981,0.5170068027210885,0.2594335818359865,0.716288219730405
responsive_vs_lor_all_phases,full_standard_plus_gcc,95,147,26,0.3469387755102041,0.5692401960784313,0.4477904325353159,0.5934436274509804,0.6190476190476191,0.24908000060427243,0.6978640644008061
responsive_vs_lor_all_phases,full_standard_plus_gcc,96,147,26,0.3469387755102041,0.3492647058823529,0.27389627393460947,0.3560049019607843,0.38095238095238093,0.2690586886156384,0.7321166754110245
responsive_vs_lor_all_phases,full_standard_plus_gcc,97,147,26,0.3469387755102041,0.434640522875817,0.31059505765414985,0.45067401960784315,0.46258503401360546,0.26942311840851974,0.7353924223504641
responsive_vs_lor_all_phases,full_standard_plus_gcc,98,147,26,0.3469387755102041,0.46629901960784315,0.35092177438889427,0.4806985294117647,0.4897959183673469,0.26215048247008815,0.7210264434592072
responsive_vs_lor_all_phases,full_standard_plus_gcc,99,147,26,0.3469387755102041,0.49366830065359474,0.33850071474385934,0.510110294117647,0.5102040816326531,0.26042714480426027,0.7150710259844252
responsive_vs_lor_all_phases,full_standard_plus_gcc,100,147,26,0.3469387755102041,0.5516748366013071,0.38231639659769767,0.5327818627450981,0.5578231292517006,0.25441446928584954,0.7056454901279299
prelor_vs_lor_task2,confounds_motion_propofol,1,50,25,0.5,0.3168,0.40302172495712546,0.42000000000000004,0.42,0.28594518401815383,0.7676479295669644
prelor_vs_lor_task2,confounds_motion_propofol,2,50,25,0.5,0.7183999999999999,0.7824520899919641,0.68,0.68,0.20539378151723145,0.6039645289336913
prelor_vs_lor_task2,confounds_motion_propofol,3,50,25,0.5,0.46399999999999997,0.44903801387412523,0.56,0.56,0.25642675166295226,0.7024238952816074
prelor_vs_lor_task2,confounds_motion_propofol,4,50,25,0.5,0.5584,0.5501151334037557,0.5800000000000001,0.58,0.2575499984129604,0.7139786292535035
prelor_vs_lor_task2,confounds_motion_propofol,5,50,25,0.5,0.09920000000000001,0.3334841393350457,0.2,0.2,0.29505630083500983,0.788274595861341
prelor_vs_lor_task2,confounds_motion_propofol,6,50,25,0.5,0.3216,0.4124272283763624,0.44,0.44,0.2832753990339736,0.7620444339019352
prelor_vs_lor_task2,confounds_motion_propofol,7,50,25,0.5,0.6752,0.6820386725605467,0.62,0.62,0.22974074979353534,0.6584748644117308
prelor_vs_lor_task2,confounds_motion_propofol,8,50,25,0.5,0.46399999999999997,0.4922609785066404,0.5,0.5,0.2714553627822163,0.7394440899612228
prelor_vs_lor_task2,confounds_motion_propofol,9,50,25,0.5,0.7328,0.7473459944592649,0.72,0.72,0.20447162673351849,0.5989040993280237
prelor_vs_lor_task2,confounds_motion_propofol,10,50,25,0.5,0.41600000000000004,0.44889498531382044,0.46,0.46,0.28595305246733194,0.7906236385693601
prelor_vs_lor_task2,confounds_motion_propofol,11,50,25,0.5,0.552,0.580163380339985,0.56,0.56,0.27212961006651226,0.765066205520077
prelor_vs_lor_task2,confounds_motion_propofol,12,50,25,0.5,0.4288,0.45830598675052936,0.48,0.48,0.28209997456306085,0.7724022419116281
prelor_vs_lor_task2,confounds_motion_propofol,13,50,25,0.5,0.6384,0.659062953080897,0.56,0.56,0.22651905674336759,0.6327812549122922
prelor_vs_lor_task2,confounds_motion_propofol,14,50,25,0.5,0.5024000000000001,0.5795820497775698,0.54,0.54,0.26404811333642114,0.7228867183912504
prelor_vs_lor_task2,confounds_motion_propofol,15,50,25,0.5,0.5056,0.49700257720909313,0.45999999999999996,0.46,0.25819649283464624,0.7088461986356401
prelor_vs_lor_task2,confounds_motion_propofol,16,50,25,0.5,0.42719999999999997,0.5307587544820123,0.38,0.38,0.26897364415883307,0.7313323070056663
prelor_vs_lor_task2,confounds_motion_propofol,17,50,25,0.5,0.2928,0.3915780713219121,0.33999999999999997,0.34,0.28223594029988314,0.7611616353308616
prelor_vs_lor_task2,confounds_motion_propofol,18,50,25,0.5,0.47840000000000005,0.49777408238112214,0.54,0.54,0.27870721492972,0.7617501817837576
prelor_vs_lor_task2,confounds_motion_propofol,19,50,25,0.5,0.5232,0.5004132221339068,0.5800000000000001,0.58,0.2700298074909763,0.7420632265854098
prelor_vs_lor_task2,confounds_motion_propofol,20,50,25,0.5,0.6848000000000001,0.6171191197359354,0.72,0.72,0.22333432588391275,0.6395883461384371
prelor_vs_lor_task2,confounds_motion_propofol,21,50,25,0.5,0.5296,0.5655921351876444,0.52,0.52,0.2606111525124563,0.7381175279666445
prelor_vs_lor_task2,confounds_motion_propofol,22,50,25,0.5,0.6095999999999999,0.615199369908047,0.6200000000000001,0.62,0.24471191541187914,0.6858472732082121
prelor_vs_lor_task2,confounds_motion_propofol,23,50,25,0.5,0.13119999999999998,0.3383653041283694,0.24,0.24,0.2928598499796185,0.7814083022574527
prelor_vs_lor_task2,confounds_motion_propofol,24,50,25,0.5,0.32480000000000003,0.4512106841053033,0.42,0.42,0.2807322841776404,0.7672315023950981
prelor_vs_lor_task2,confounds_motion_propofol,25,50,25,0.5,0.5024,0.5056330940513365,0.54,0.54,0.2649138914545115,0.726419490809901
prelor_vs_lor_task2,confounds_motion_propofol,26,50,25,0.5,0.448,0.489681391150294,0.48,0.48,0.27988098088776686,0.7692552757680022
prelor_vs_lor_task2,confounds_motion_propofol,27,50,25,0.5,0.36960000000000004,0.421425760629296,0.44,0.44,0.2778605488981322,0.7510206932347069
prelor_vs_lor_task2,confounds_motion_propofol,28,50,25,0.5,0.2864,0.38763949789552077,0.36,0.36,0.2869750893952378,0.7690188811595671
prelor_vs_lor_task2,confounds_motion_propofol,29,50,25,0.5,0.5264,0.5104082750468844,0.52,0.52,0.2703278313729237,0.7449183605350573
prelor_vs_lor_task2,confounds_motion_propofol,30,50,25,0.5,0.6976,0.6580018880915215,0.7,0.7,0.23569255759524257,0.6947397702565198
prelor_vs_lor_task2,confounds_motion_propofol,31,50,25,0.5,0.27040000000000003,0.3826537132527911,0.34,0.34,0.28849450442831764,0.7776075275606942
prelor_vs_lor_task2,confounds_motion_propofol,32,50,25,0.5,0.37439999999999996,0.41797766690545957,0.48,0.48,0.2830827981380511,0.7647776683162845
prelor_vs_lor_task2,confounds_motion_propofol,33,50,25,0.5,0.4064,0.4592528972810377,0.48,0.48,0.28097804562123224,0.7595471746480632
prelor_vs_lor_task2,confounds_motion_propofol,34,50,25,0.5,0.5296,0.6535086974419836,0.54,0.54,0.25051810864866514,0.6917160780743964
prelor_vs_lor_task2,confounds_motion_propofol,35,50,25,0.5,0.6688000000000001,0.6688310634813341,0.64,0.64,0.23809655167320326,0.6722000513197284
prelor_vs_lor_task2,confounds_motion_propofol,36,50,25,0.5,0.42719999999999997,0.5152911300492927,0.46,0.46,0.27112341619724417,0.7394302021500632
prelor_vs_lor_task2,confounds_motion_propofol,37,50,25,0.5,0.3488,0.4202216320037422,0.4,0.4,0.28793782574558086,0.7750535679448247
prelor_vs_lor_task2,confounds_motion_propofol,38,50,25,0.5,0.43520000000000003,0.45940948642110063,0.54,0.54,0.2802361591827847,0.7657823629657696
prelor_vs_lor_task2,confounds_motion_propofol,39,50,25,0.5,0.5424,0.5348846787275261,0.52,0.52,0.24912013681881348,0.6848986301161211
prelor_vs_lor_task2,confounds_motion_propofol,40,50,25,0.5,0.4352,0.45143456893085127,0.52,0.52,0.28551861203726886,0.7748480775793842
prelor_vs_lor_task2,confounds_motion_propofol,41,50,25,0.5,0.3968,0.4423058933147994,0.42,0.42,0.27817501497312375,0.753636226495758
prelor_vs_lor_task2,confounds_motion_propofol,42,50,25,0.5,0.48160000000000003,0.4673591211291813,0.56,0.56,0.268051552701023,0.7341639842773092
prelor_vs_lor_task2,confounds_motion_propofol,43,50,25,0.5,0.5168,0.5615835558393584,0.56,0.56,0.2627528593129204,0.730259388958112
prelor_vs_lor_task2,confounds_motion_propofol,44,50,25,0.5,0.5168,0.4799322519767252,0.66,0.66,0.25201158619148234,0.6982329374868407
prelor_vs_lor_task2,confounds_motion_propofol,45,50,25,0.5,0.5072,0.5095784358337414,0.54,0.54,0.2718387123382263,0.7472572228363431
prelor_vs_lor_task2,confounds_motion_propofol,46,50,25,0.5,0.14400000000000002,0.3465072414785841,0.18,0.18,0.29056433594286474,0.7762536933032365
prelor_vs_lor_task2,confounds_motion_propofol,47,50,25,0.5,0.5264,0.5770181273791273,0.46,0.46,0.267072968868521,0.7368880824182866
prelor_vs_lor_task2,confounds_motion_propofol,48,50,25,0.5,0.48160000000000003,0.5235452902345337,0.54,0.54,0.272903131216531,0.7439699153386273
prelor_vs_lor_task2,confounds_motion_propofol,49,50,25,0.5,0.38880000000000003,0.45553099545657627,0.45999999999999996,0.46,0.2849946313746081,0.7753231292003839
prelor_vs_lor_task2,confounds_motion_propofol,50,50,25,0.5,0.35840000000000005,0.43615539146750987,0.48,0.48,0.2838885924420558,0.7637620785464493
prelor_vs_lor_task2,confounds_motion_propofol,51,50,25,0.5,0.23359999999999997,0.3704340263399445,0.36,0.36,0.28808389198739165,0.7766627453748756
prelor_vs_lor_task2,confounds_motion_propofol,52,50,25,0.5,0.7552,0.7571314299735352,0.72,0.72,0.2053120331736201,0.6420559842307374
prelor_vs_lor_task2,confounds_motion_propofol,53,50,25,0.5,0.6016,0.595667990262229,0.6000000000000001,0.6,0.25088278201900344,0.7110828564008078
prelor_vs_lor_task2,confounds_motion_propofol,54,50,25,0.5,0.48960000000000004,0.5147885160725633,0.48,0.48,0.260033726465388,0.71261922702625
prelor_vs_lor_task2,confounds_motion_propofol,55,50,25,0.5,0.5616,0.5106283724160143,0.6,0.6,0.269719026693495,0.7507694902453567
prelor_vs_lor_task2,confounds_motion_propofol,56,50,25,0.5,0.4544,0.48052562909483576,0.48,0.48,0.27212295088877675,0.7421299861508384
prelor_vs_lor_task2,confounds_motion_propofol,57,50,25,0.5,0.1968,0.35668571918085024,0.30000000000000004,0.3,0.29015286038271326,0.7758767482770415
prelor_vs_lor_task2,confounds_motion_propofol,58,50,25,0.5,0.6255999999999999,0.607124661978546,0.66,0.66,0.24336383611847542,0.6851735500855703
prelor_vs_lor_task2,confounds_motion_propofol,59,50,25,0.5,0.5536000000000001,0.5847108359521679,0.6,0.6,0.257143413266419,0.7183095663383352
prelor_vs_lor_task2,confounds_motion_propofol,60,50,25,0.5,0.4,0.4611721228800389,0.54,0.54,0.28794370580820744,0.7764543574906675
prelor_vs_lor_task2,confounds_motion_propofol,61,50,25,0.5,0.47200000000000003,0.4737991445048337,0.54,0.54,0.2761863464577944,0.7552265056406751
prelor_vs_lor_task2,confounds_motion_propofol,62,50,25,0.5,0.6032,0.5849676874659111,0.62,0.62,0.2530211633569208,0.7096013070532681
prelor_vs_lor_task2,confounds_motion_propofol,63,50,25,0.5,0.5296,0.530623657245734,0.5800000000000001,0.58,0.26351811709033157,0.725716340016061
prelor_vs_lor_task2,confounds_motion_propofol,64,50,25,0.5,0.3888,0.42649997253116956,0.44,0.44,0.28030370267088495,0.7752798434476239
prelor_vs_lor_task2,confounds_motion_propofol,65,50,25,0.5,0.28,0.3812569086404445,0.34,0.34,0.2824730792272771,0.7595912617174924
prelor_vs_lor_task2,confounds_motion_propofol,66,50,25,0.5,0.4768,0.48297502915734847,0.5,0.5,0.271156037086259,0.7400582596079335
prelor_vs_lor_task2,confounds_motion_propofol,67,50,25,0.5,0.5792,0.5411353081231265,0.6000000000000001,0.6,0.25762109373497166,0.7268936796380242
prelor_vs_lor_task2,confounds_motion_propofol,68,50,25,0.5,0.12160000000000001,0.3363263017792175,0.26,0.26,0.29321963376883325,0.7839470445200982
prelor_vs_lor_task2,confounds_motion_propofol,69,50,25,0.5,0.5264,0.5855361494989433,0.5800000000000001,0.58,0.2536609670212251,0.7068044733115698
prelor_vs_lor_task2,confounds_motion_propofol,70,50,25,0.5,0.5840000000000001,0.6170581527660615,0.56,0.56,0.2510967404346586,0.6999684635137677
prelor_vs_lor_task2,confounds_motion_propofol,71,50,25,0.5,0.52,0.5073648252290991,0.46,0.46,0.2683650012830189,0.7383735624815573
prelor_vs_lor_task2,confounds_motion_propofol,72,50,25,0.5,0.6112,0.6598540269692618,0.72,0.72,0.2511084100249986,0.7330373464464164
prelor_vs_lor_task2,confounds_motion_propofol,73,50,25,0.5,0.4832,0.4843691054801327,0.4,0.4,0.2628334252932425,0.7189945896227696
prelor_vs_lor_task2,confounds_motion_propofol,74,50,25,0.5,0.49439999999999995,0.4916006462333341,0.56,0.56,0.26753345742420076,0.7380854927020825
prelor_vs_lor_task2,confounds_motion_propofol,75,50,25,0.5,0.392,0.4690717231161529,0.38,0.38,0.2779010986014389,0.7560021309653198
prelor_vs_lor_task2,confounds_motion_propofol,76,50,25,0.5,0.6144000000000001,0.6015596797114063,0.62,0.62,0.25461868651867214,0.7207892042754521
prelor_vs_lor_task2,confounds_motion_propofol,77,50,25,0.5,0.8368,0.8291816897196058,0.78,0.78,0.15785901617818066,0.480855249678941
prelor_vs_lor_task2,confounds_motion_propofol,78,50,25,0.5,0.3024,0.38726307392571985,0.36,0.36,0.2876838679125091,0.7732609113483971
prelor_vs_lor_task2,confounds_motion_propofol,79,50,25,0.5,0.7424,0.714019361260405,0.72,0.72,0.20567168520011778,0.6130359123325944
prelor_vs_lor_task2,confounds_motion_propofol,80,50,25,0.5,0.4944,0.48384279425160637,0.48,0.48,0.2679031569354719,0.7354636310863029
prelor_vs_lor_task2,confounds_motion_propofol,81,50,25,0.5,0.5456000000000001,0.5594544654079675,0.62,0.62,0.2698585113254871,0.7470239134714977
prelor_vs_lor_task2,confounds_motion_propofol,82,50,25,0.5,0.7504000000000001,0.7281185158551136,0.74,0.74,0.19849837608657409,0.5868074996089813
prelor_vs_lor_task2,confounds_motion_propofol,83,50,25,0.5,0.5744,0.5479364987794608,0.62,0.62,0.25959640344432594,0.7217824690122399
prelor_vs_lor_task2,confounds_motion_propofol,84,50,25,0.5,0.3168,0.4063356248975333,0.33999999999999997,0.34,0.2879338774203562,0.776697096972644
prelor_vs_lor_task2,confounds_motion_propofol,85,50,25,0.5,0.2304,0.36733679013383813,0.33999999999999997,0.34,0.2861263862165348,0.7677831395345338
prelor_vs_lor_task2,confounds_motion_propofol,86,50,25,0.5,0.4368,0.4707728540428056,0.45999999999999996,0.46,0.27874703770724685,0.7589710261070911
prelor_vs_lor_task2,confounds_motion_propofol,87,50,25,0.5,0.4384000000000001,0.45846191885393034,0.52,0.52,0.2822701787776104,0.7641331806400561
prelor_vs_lor_task2,confounds_motion_propofol,88,50,25,0.5,0.34400000000000003,0.40420924263351954,0.4,0.4,0.2781403753178025,0.7558538079811571
prelor_vs_lor_task2,confounds_motion_propofol,89,50,25,0.5,0.6032000000000001,0.6978040880973884,0.54,0.54,0.2532650835443897,0.7120776247297386
prelor_vs_lor_task2,confounds_motion_propofol,90,50,25,0.5,0.5680000000000001,0.5430717692036793,0.68,0.68,0.25764616479179425,0.7287711845756835
prelor_vs_lor_task2,confounds_motion_propofol,91,50,25,0.5,0.3392,0.4077874305444192,0.36,0.36,0.281901073973568,0.7605768650598399
prelor_vs_lor_task2,confounds_motion_propofol,92,50,25,0.5,0.3488,0.4449887442590562,0.4,0.4,0.28310627186881354,0.7663239281809802
prelor_vs_lor_task2,confounds_motion_propofol,93,50,25,0.5,0.5327999999999999,0.6211181780278403,0.54,0.54,0.2491904788048371,0.6886813209465916
prelor_vs_lor_task2,confounds_motion_propofol,94,50,25,0.5,0.4512,0.5150364783507184,0.48,0.48,0.26852340851061257,0.7388981194322232
prelor_vs_lor_task2,confounds_motion_propofol,95,50,25,0.5,0.5631999999999999,0.5996031399266464,0.5800000000000001,0.58,0.25930944621561536,0.7204172311529662
prelor_vs_lor_task2,confounds_motion_propofol,96,50,25,0.5,0.6352000000000001,0.5926817059891455,0.5800000000000001,0.58,0.24128459316032422,0.6799465163071099
prelor_vs_lor_task2,confounds_motion_propofol,97,50,25,0.5,0.4416,0.49720370725190005,0.5,0.5,0.27524727124427895,0.7475572490346092
prelor_vs_lor_task2,confounds_motion_propofol,98,50,25,0.5,0.488,0.5418210719295216,0.52,0.52,0.26527574119690056,0.7297431834056092
prelor_vs_lor_task2,confounds_motion_propofol,99,50,25,0.5,0.6095999999999999,0.61412276785818,0.5800000000000001,0.58,0.24493837885617784,0.6806796489254445
prelor_vs_lor_task2,confounds_motion_propofol,100,50,25,0.5,0.3888,0.4387448948930795,0.38,0.38,0.2795918872075296,0.7596133483650691
prelor_vs_lor_task2,standard_fc_plus_confounds,1,50,25,0.5,0.8368,0.853182677083606,0.78,0.78,0.16477542101270765,0.500783362999874
prelor_vs_lor_task2,standard_fc_plus_confounds,2,50,25,0.5,0.7168,0.6993198876012898,0.7,0.7,0.21483407615538655,0.6441918139517558
prelor_vs_lor_task2,standard_fc_plus_confounds,3,50,25,0.5,0.33120000000000005,0.42387979392861247,0.36,0.36,0.2946126637628701,0.7898412523416137
prelor_vs_lor_task2,standard_fc_plus_confounds,4,50,25,0.5,0.46720000000000006,0.5154778021015055,0.44,0.44,0.27661063622585685,0.7521429466162101
prelor_vs_lor_task2,standard_fc_plus_confounds,5,50,25,0.5,0.31679999999999997,0.41038505540379777,0.34,0.34,0.29521148205299896,0.7875058936561473
prelor_vs_lor_task2,standard_fc_plus_confounds,6,50,25,0.5,0.3328,0.4008511565933356,0.4,0.4,0.29792632825731113,0.806621825002583
prelor_vs_lor_task2,standard_fc_plus_confounds,7,50,25,0.5,0.44320000000000004,0.47954180024706006,0.44,0.44,0.28184834739325715,0.7724386184780438
prelor_vs_lor_task2,standard_fc_plus_confounds,8,50,25,0.5,0.2976,0.43486707938876573,0.36,0.36,0.3010483159336274,0.802805105812205
prelor_vs_lor_task2,standard_fc_plus_confounds,9,50,25,0.5,0.5456,0.5031655893148139,0.56,0.56,0.28336348156209723,0.8115024268926398
prelor_vs_lor_task2,standard_fc_plus_confounds,10,50,25,0.5,0.4224,0.45442200519862563,0.38,0.38,0.28129676292997885,0.7629617762244482
prelor_vs_lor_task2,standard_fc_plus_confounds,11,50,25,0.5,0.5808,0.5539234156157256,0.64,0.64,0.2636930350747704,0.7370999294695463
prelor_vs_lor_task2,standard_fc_plus_confounds,12,50,25,0.5,0.552,0.5605990429131008,0.5800000000000001,0.58,0.2648655915985495,0.7451990484996565
prelor_vs_lor_task2,standard_fc_plus_confounds,13,50,25,0.5,0.2096,0.3616378563623358,0.34,0.34,0.3096685279379851,0.8215232506049197
prelor_vs_lor_task2,standard_fc_plus_confounds,14,50,25,0.5,0.5712,0.5520087198347587,0.62,0.62,0.26321565747532544,0.756005777486866
prelor_vs_lor_task2,standard_fc_plus_confounds,15,50,25,0.5,0.5776,0.5863920969876295,0.62,0.62,0.2587288754595046,0.7334982289503109
prelor_vs_lor_task2,standard_fc_plus_confounds,16,50,25,0.5,0.45599999999999996,0.4538605841733854,0.46,0.46,0.27964191774519565,0.7641882814330064
prelor_vs_lor_task2,standard_fc_plus_confounds,17,50,25,0.5,0.4224,0.4481882722570357,0.4,0.4,0.2859687976189462,0.7821574709452089
prelor_vs_lor_task2,standard_fc_plus_confounds,18,50,25,0.5,0.624,0.5966951076953,0.64,0.64,0.25002307602311746,0.7113431394621582
prelor_vs_lor_task2,standard_fc_plus_confounds,19,50,25,0.5,0.5007999999999999,0.5931996089225837,0.46,0.46,0.26221698853488695,0.7163761876119494
prelor_vs_lor_task2,standard_fc_plus_confounds,20,50,25,0.5,0.36479999999999996,0.48802768332903124,0.38,0.38,0.28593696139513364,0.7667914111130141
prelor_vs_lor_task2,standard_fc_plus_confounds,21,50,25,0.5,0.6128,0.6404237313282323,0.64,0.64,0.24989724509826744,0.701921827705972
prelor_vs_lor_task2,standard_fc_plus_confounds,22,50,25,0.5,0.4256,0.5250398355943364,0.45999999999999996,0.46,0.28752917141989714,0.7751320823553962
prelor_vs_lor_task2,standard_fc_plus_confounds,23,50,25,0.5,0.6559999999999999,0.6621478973374052,0.6599999999999999,0.66,0.23421525326555273,0.6662666758975572
prelor_vs_lor_task2,standard_fc_plus_confounds,24,50,25,0.5,0.488,0.49472734786255446,0.52,0.52,0.2751144112626985,0.7566210977230532
prelor_vs_lor_task2,standard_fc_plus_confounds,25,50,25,0.5,0.44,0.5041577720619228,0.42000000000000004,0.42,0.2863775170445559,0.779374402124243
prelor_vs_lor_task2,standard_fc_plus_confounds,26,50,25,0.5,0.6656,0.6329862453690293,0.7,0.7,0.23871838349268235,0.7105286775513904
prelor_vs_lor_task2,standard_fc_plus_confounds,27,50,25,0.5,0.24960000000000002,0.37599018451680843,0.28,0.28,0.30867740312860503,0.8246125405936836
prelor_vs_lor_task2,standard_fc_plus_confounds,28,50,25,0.5,0.632,0.6280894218680978,0.64,0.64,0.24200834941884383,0.6911987456133666
prelor_vs_lor_task2,standard_fc_plus_confounds,29,50,25,0.5,0.48319999999999996,0.49120517867005464,0.48,0.48,0.2873553747197129,0.790628198669489
prelor_vs_lor_task2,standard_fc_plus_confounds,30,50,25,0.5,0.5743999999999999,0.5476376348295344,0.6000000000000001,0.6,0.2656077390503144,0.7394949853700047
prelor_vs_lor_task2,standard_fc_plus_confounds,31,50,25,0.5,0.4815999999999999,0.4835728912281249,0.45999999999999996,0.46,0.27403192515326513,0.7521477919922284
prelor_vs_lor_task2,standard_fc_plus_confounds,32,50,25,0.5,0.392,0.4228466279982827,0.52,0.52,0.2855778237619035,0.7696143716785755
prelor_vs_lor_task2,standard_fc_plus_confounds,33,50,25,0.5,0.5599999999999999,0.5671758197252011,0.5800000000000001,0.58,0.2634004440945142,0.7366612441268892
prelor_vs_lor_task2,standard_fc_plus_confounds,34,50,25,0.5,0.46240000000000003,0.5848868290905835,0.5,0.5,0.2730535356820481,0.7449383907805415
prelor_vs_lor_task2,standard_fc_plus_confounds,35,50,25,0.5,0.4752,0.5301274346772626,0.54,0.54,0.27995488714852473,0.767003146597414
prelor_vs_lor_task2,standard_fc_plus_confounds,36,50,25,0.5,0.44960000000000006,0.4562980890469548,0.44,0.44,0.2757991416281965,0.7502568106349861
prelor_vs_lor_task2,standard_fc_plus_confounds,37,50,25,0.5,0.576,0.5479260152225833,0.54,0.54,0.25543595454658197,0.7040572494680534
prelor_vs_lor_task2,standard_fc_plus_confounds,38,50,25,0.5,0.4224,0.4386169957833847,0.52,0.52,0.28414348956574886,0.7705306657215418
prelor_vs_lor_task2,standard_fc_plus_confounds,39,50,25,0.5,0.5024,0.524950079263491,0.52,0.52,0.2702450038438559,0.7419141656850894
prelor_vs_lor_task2,standard_fc_plus_confounds,40,50,25,0.5,0.3328,0.45095179321982737,0.36,0.36,0.29595106741392124,0.7939751988327964
prelor_vs_lor_task2,standard_fc_plus_confounds,41,50,25,0.5,0.5247999999999999,0.5487461191832205,0.52,0.52,0.26422267149427403,0.7436430866092898
prelor_vs_lor_task2,standard_fc_plus_confounds,42,50,25,0.5,0.4768,0.49122892029377596,0.52,0.52,0.2774058897834946,0.7546334898099682
prelor_vs_lor_task2,standard_fc_plus_confounds,43,50,25,0.5,0.392,0.4474001866942966,0.42000000000000004,0.42,0.28871016449124676,0.7807461386733955
prelor_vs_lor_task2,standard_fc_plus_confounds,44,50,25,0.5,0.5296,0.5732861146121803,0.52,0.52,0.27744882207092253,0.7652687643122342
prelor_vs_lor_task2,standard_fc_plus_confounds,45,50,25,0.5,0.552,0.5596580739060376,0.5800000000000001,0.58,0.2627507661333258,0.7254957788535178
prelor_vs_lor_task2,standard_fc_plus_confounds,46,50,25,0.5,0.6016,0.5658752373509623,0.6000000000000001,0.6,0.26517744302870183,0.7505106753710051
prelor_vs_lor_task2,standard_fc_plus_confounds,47,50,25,0.5,0.4336,0.5242596368246031,0.5,0.5,0.28418462218399676,0.7688856115752752
prelor_vs_lor_task2,standard_fc_plus_confounds,48,50,25,0.5,0.376,0.42455146606164207,0.44,0.44,0.2962689434164001,0.7994680429573938
prelor_vs_lor_task2,standard_fc_plus_confounds,49,50,25,0.5,0.5088,0.563096730408465,0.5800000000000001,0.58,0.27378063439405476,0.7485293858322695
prelor_vs_lor_task2,standard_fc_plus_confounds,50,50,25,0.5,0.5599999999999999,0.5846557732741918,0.56,0.56,0.26583800376593913,0.7451052481214963
prelor_vs_lor_task2,standard_fc_plus_confounds,51,50,25,0.5,0.5471999999999999,0.6610317302533661,0.48,0.48,0.26990572011508457,0.746898008695515
prelor_vs_lor_task2,standard_fc_plus_confounds,52,50,25,0.5,0.5888,0.592453380907,0.56,0.56,0.257931401013485,0.7334727041651741
prelor_vs_lor_task2,standard_fc_plus_confounds,53,50,25,0.5,0.5119999999999999,0.575413213086915,0.5,0.5,0.27243397600526753,0.7546136850253969
prelor_vs_lor_task2,standard_fc_plus_confounds,54,50,25,0.5,0.6976,0.6387804207066767,0.7,0.7,0.22133253280976997,0.6412222234218539
prelor_vs_lor_task2,standard_fc_plus_confounds,55,50,25,0.5,0.4432,0.47619066112639763,0.46,0.46,0.28165466078461737,0.7932369280053038
prelor_vs_lor_task2,standard_fc_plus_confounds,56,50,25,0.5,0.6288,0.6445635445758346,0.56,0.56,0.23814398665037206,0.6667548971747405
prelor_vs_lor_task2,standard_fc_plus_confounds,57,50,25,0.5,0.44639999999999996,0.49347716837510824,0.48,0.48,0.2822177495639055,0.7795622205806815
prelor_vs_lor_task2,standard_fc_plus_confounds,58,50,25,0.5,0.5152,0.5760067767662319,0.52,0.52,0.27623542651569194,0.7567629456418726
prelor_vs_lor_task2,standard_fc_plus_confounds,59,50,25,0.5,0.5376,0.5617804113647742,0.48,0.48,0.26758868898357163,0.7375045973565668
prelor_vs_lor_task2,standard_fc_plus_confounds,60,50,25,0.5,0.3872,0.49061625415875726,0.42,0.42,0.2905199015822592,0.7813186616386097
prelor_vs_lor_task2,standard_fc_plus_confounds,61,50,25,0.5,0.6288,0.6604150454424732,0.66,0.66,0.2509990694497865,0.7108579676397397
prelor_vs_lor_task2,standard_fc_plus_confounds,62,50,25,0.5,0.3264,0.4040022131695623,0.44000000000000006,0.44,0.3013639589633918,0.8085210174248008
prelor_vs_lor_task2,standard_fc_plus_confounds,63,50,25,0.5,0.5152000000000001,0.556612031165711,0.52,0.52,0.2684856408324517,0.7437397603541461
prelor_vs_lor_task2,standard_fc_plus_confounds,64,50,25,0.5,0.5136000000000001,0.5670856439244485,0.5,0.5,0.2639970362057699,0.7268589150456198
prelor_vs_lor_task2,standard_fc_plus_confounds,65,50,25,0.5,0.5968,0.6138203380775155,0.5800000000000001,0.58,0.25169374026013047,0.7152095308368536
prelor_vs_lor_task2,standard_fc_plus_confounds,66,50,25,0.5,0.4463999999999999,0.4555168466192969,0.5,0.5,0.28688042615195686,0.7869582768865396
prelor_vs_lor_task2,standard_fc_plus_confounds,67,50,25,0.5,0.23999999999999996,0.37206051065136525,0.34,0.34,0.29760788082197837,0.7929958606086269
prelor_vs_lor_task2,standard_fc_plus_confounds,68,50,25,0.5,0.4592,0.5257927096819424,0.44,0.44,0.270822736099479,0.7302108566366428
prelor_vs_lor_task2,standard_fc_plus_confounds,69,50,25,0.5,0.5376000000000001,0.5017965488653156,0.56,0.56,0.2633725170178331,0.729044063218468
prelor_vs_lor_task2,standard_fc_plus_confounds,70,50,25,0.5,0.45439999999999997,0.5009220958121156,0.48,0.48,0.275767869195222,0.750944772425218
prelor_vs_lor_task2,standard_fc_plus_confounds,71,50,25,0.5,0.4304,0.4643690695565419,0.44,0.44,0.2823128307973804,0.7656853170787667
prelor_vs_lor_task2,standard_fc_plus_confounds,72,50,25,0.5,0.4048,0.44454501039621763,0.38,0.38,0.28659316819756975,0.7717836123782601
prelor_vs_lor_task2,standard_fc_plus_confounds,73,50,25,0.5,0.5648,0.5566161645672479,0.54,0.54,0.2635487427695049,0.7345340505718606
prelor_vs_lor_task2,standard_fc_plus_confounds,74,50,25,0.5,0.5376,0.5255270036007065,0.5,0.5,0.26472060171482126,0.731098810017761
prelor_vs_lor_task2,standard_fc_plus_confounds,75,50,25,0.5,0.8240000000000001,0.8207536842208257,0.74,0.74,0.17700097637842338,0.5571749820128515
prelor_vs_lor_task2,standard_fc_plus_confounds,76,50,25,0.5,0.41119999999999995,0.5058550385910164,0.5,0.5,0.2890533630164754,0.7885769945363298
prelor_vs_lor_task2,standard_fc_plus_confounds,77,50,25,0.5,0.512,0.4817465260807085,0.5800000000000001,0.58,0.275092574653539,0.7532230853531523
prelor_vs_lor_task2,standard_fc_plus_confounds,78,50,25,0.5,0.3648,0.46376522068224496,0.36,0.36,0.2834143889549739,0.7624166560408291
prelor_vs_lor_task2,standard_fc_plus_confounds,79,50,25,0.5,0.5391999999999999,0.5255842362178054,0.56,0.56,0.2785058288420447,0.787852297588266
prelor_vs_lor_task2,standard_fc_plus_confounds,80,50,25,0.5,0.48640000000000005,0.5224978777582484,0.54,0.54,0.2733961939994341,0.7504194099961468
prelor_vs_lor_task2,standard_fc_plus_confounds,81,50,25,0.5,0.4608,0.516584832563164,0.48,0.48,0.2836674672224453,0.7720007934994209
prelor_vs_lor_task2,standard_fc_plus_confounds,82,50,25,0.5,0.4896,0.5256813964484686,0.56,0.56,0.284378964769466,0.7802615777428865
prelor_vs_lor_task2,standard_fc_plus_confounds,83,50,25,0.5,0.5631999999999999,0.5305276357682815,0.52,0.52,0.2701184998071862,0.7570518254206787
prelor_vs_lor_task2,standard_fc_plus_confounds,84,50,25,0.5,0.52,0.5217358909560124,0.48000000000000004,0.48,0.27238204832337554,0.7536896480791309
prelor_vs_lor_task2,standard_fc_plus_confounds,85,50,25,0.5,0.5631999999999999,0.5611270216159223,0.54,0.54,0.2610813826214151,0.7240268373054596
prelor_vs_lor_task2,standard_fc_plus_confounds,86,50,25,0.5,0.5152,0.553079871488599,0.42000000000000004,0.42,0.2566636331000927,0.70190849541743
prelor_vs_lor_task2,standard_fc_plus_confounds,87,50,25,0.5,0.5791999999999999,0.5547799694788651,0.6,0.6,0.25950262268211505,0.7181156107367441
prelor_vs_lor_task2,standard_fc_plus_confounds,88,50,25,0.5,0.6672,0.6617565320202621,0.6000000000000001,0.6,0.23637281684063027,0.668358692957262
prelor_vs_lor_task2,standard_fc_plus_confounds,89,50,25,0.5,0.49440000000000006,0.49115754133390865,0.5,0.5,0.26899205931254494,0.7346424376338652
prelor_vs_lor_task2,standard_fc_plus_confounds,90,50,25,0.5,0.5152000000000001,0.5964514166551271,0.48,0.48,0.27315756109066414,0.7471205331676858
prelor_vs_lor_task2,standard_fc_plus_confounds,91,50,25,0.5,0.6224000000000001,0.5778211848963234,0.6000000000000001,0.6,0.24967323902179064,0.6951981411588415
prelor_vs_lor_task2,standard_fc_plus_confounds,92,50,25,0.5,0.648,0.6845795709248285,0.6000000000000001,0.6,0.2428637604272246,0.6862827990123122
prelor_vs_lor_task2,standard_fc_plus_confounds,93,50,25,0.5,0.5871999999999999,0.6562562631327122,0.6599999999999999,0.66,0.2530248851203045,0.7148193747542153
prelor_vs_lor_task2,standard_fc_plus_confounds,94,50,25,0.5,0.6528,0.5968987690648979,0.7,0.7,0.2461355044473631,0.722891149862361
prelor_vs_lor_task2,standard_fc_plus_confounds,95,50,25,0.5,0.6479999999999999,0.5992809598873803,0.6599999999999999,0.66,0.239970672803436,0.6934655860618733
prelor_vs_lor_task2,standard_fc_plus_confounds,96,50,25,0.5,0.616,0.5707779734733867,0.6,0.6,0.2522741172509291,0.7141035830133784
prelor_vs_lor_task2,standard_fc_plus_confounds,97,50,25,0.5,0.4912,0.5391723289487351,0.54,0.54,0.269403904371586,0.7432913420812959
prelor_vs_lor_task2,standard_fc_plus_confounds,98,50,25,0.5,0.552,0.5741729224210574,0.56,0.56,0.27871455187951455,0.7898950533541205
prelor_vs_lor_task2,standard_fc_plus_confounds,99,50,25,0.5,0.4464,0.4669818766461353,0.52,0.52,0.2860097134845098,0.7766045104182011
prelor_vs_lor_task2,standard_fc_plus_confounds,100,50,25,0.5,0.5136,0.5303457321714651,0.5800000000000001,0.58,0.2697342132992743,0.7416358400201836
prelor_vs_lor_task2,gcc_core_plus_confounds,1,50,25,0.5,0.5616,0.5437837873474662,0.5800000000000001,0.58,0.25949705237505943,0.7183269235861364
prelor_vs_lor_task2,gcc_core_plus_confounds,2,50,25,0.5,0.08960000000000001,0.3295902680010401,0.18,0.18,0.31592281093079916,0.8389238076226065
prelor_vs_lor_task2,gcc_core_plus_confounds,3,50,25,0.5,0.6672,0.6118100008117473,0.6799999999999999,0.68,0.2358891977760152,0.7286889239209864
prelor_vs_lor_task2,gcc_core_plus_confounds,4,50,25,0.5,0.6399999999999999,0.6100091196973181,0.64,0.64,0.23874665744761323,0.6715781825615572
prelor_vs_lor_task2,gcc_core_plus_confounds,5,50,25,0.5,0.5616,0.5381992011925941,0.54,0.54,0.2616542540546521,0.7245276447978839
prelor_vs_lor_task2,gcc_core_plus_confounds,6,50,25,0.5,0.2496,0.3704304710592238,0.36,0.36,0.30123467208637406,0.803146746410915
prelor_vs_lor_task2,gcc_core_plus_confounds,7,50,25,0.5,0.6511999999999999,0.6105132147689207,0.6000000000000001,0.6,0.2400978608109941,0.6865980322238933
prelor_vs_lor_task2,gcc_core_plus_confounds,8,50,25,0.5,0.5344,0.6061869835876137,0.52,0.52,0.2793182895130737,0.77249502023242
prelor_vs_lor_task2,gcc_core_plus_confounds,9,50,25,0.5,0.4144,0.4554885804056108,0.44,0.44,0.29167168375335,0.7877160246971096
prelor_vs_lor_task2,gcc_core_plus_confounds,10,50,25,0.5,0.5311999999999999,0.5176970212571242,0.5,0.5,0.27386379070060557,0.7557081622827972
prelor_vs_lor_task2,gcc_core_plus_confounds,11,50,25,0.5,0.5824,0.5395369823096281,0.6200000000000001,0.62,0.26986577355734487,0.7637782027480909
prelor_vs_lor_task2,gcc_core_plus_confounds,12,50,25,0.5,0.568,0.5990359146226195,0.56,0.56,0.2685677685083841,0.7648641471581656
prelor_vs_lor_task2,gcc_core_plus_confounds,13,50,25,0.5,0.41919999999999996,0.4460583459249742,0.45999999999999996,0.46,0.292757283201618,0.791145669794958
prelor_vs_lor_task2,gcc_core_plus_confounds,14,50,25,0.5,0.40159999999999996,0.4591856808675522,0.46,0.46,0.28823254457894426,0.7781755522182999
prelor_vs_lor_task2,gcc_core_plus_confounds,15,50,25,0.5,0.37760000000000005,0.4262131849509256,0.4,0.4,0.30196780922007543,0.8170419098994495
prelor_vs_lor_task2,gcc_core_plus_confounds,16,50,25,0.5,0.39039999999999997,0.45869858863969354,0.4,0.4,0.29991742320604287,0.8059406765827214
prelor_vs_lor_task2,gcc_core_plus_confounds,17,50,25,0.5,0.6032,0.6230321921081041,0.56,0.56,0.26173507903874893,0.7330513109263574
prelor_vs_lor_task2,gcc_core_plus_confounds,18,50,25,0.5,0.4048,0.480169879110044,0.42,0.42,0.2994230305664111,0.808250671243469
prelor_vs_lor_task2,gcc_core_plus_confounds,19,50,25,0.5,0.528,0.48925388646701884,0.6200000000000001,0.62,0.2659808292816501,0.7300525146146785
prelor_vs_lor_task2,gcc_core_plus_confounds,20,50,25,0.5,0.32959999999999995,0.4295178766912786,0.44,0.44,0.2997154575659386,0.8138303384062563
prelor_vs_lor_task2,gcc_core_plus_confounds,21,50,25,0.5,0.3824000000000001,0.44109000936356385,0.4,0.4,0.2982475535089031,0.8065845768754127
prelor_vs_lor_task2,gcc_core_plus_confounds,22,50,25,0.5,0.4128,0.5199455848587518,0.45999999999999996,0.46,0.284508463492143,0.7680194054164524
prelor_vs_lor_task2,gcc_core_plus_confounds,23,50,25,0.5,0.632,0.6258584727248343,0.66,0.66,0.248421824190293,0.7227759715874512
prelor_vs_lor_task2,gcc_core_plus_confounds,24,50,25,0.5,0.4384,0.457360729750079,0.48,0.48,0.289882164702102,0.7837706584876349
prelor_vs_lor_task2,gcc_core_plus_confounds,25,50,25,0.5,0.536,0.5627570426581305,0.5,0.5,0.27274561328198904,0.7491188797791198
prelor_vs_lor_task2,gcc_core_plus_confounds,26,50,25,0.5,0.47520000000000007,0.49191070096911643,0.54,0.54,0.291551804507125,0.8213564544021907
prelor_vs_lor_task2,gcc_core_plus_confounds,27,50,25,0.5,0.3952,0.5281042480380764,0.44,0.44,0.2842771452388074,0.7635666746852803
prelor_vs_lor_task2,gcc_core_plus_confounds,28,50,25,0.5,0.4528000000000001,0.4565764003589937,0.44,0.44,0.2952375402825104,0.8062233144666847
prelor_vs_lor_task2,gcc_core_plus_confounds,29,50,25,0.5,0.42399999999999993,0.4578951892431369,0.48,0.48,0.29045197200176287,0.7936200610733887
prelor_vs_lor_task2,gcc_core_plus_confounds,30,50,25,0.5,0.6239999999999999,0.6865398467624217,0.5800000000000001,0.58,0.23853953206429984,0.6760349383885129
prelor_vs_lor_task2,gcc_core_plus_confounds,31,50,25,0.5,0.4976,0.5137835857694276,0.52,0.52,0.27934575695579594,0.7765462878101852
prelor_vs_lor_task2,gcc_core_plus_confounds,32,50,25,0.5,0.5328,0.5393507697909881,0.54,0.54,0.2802754492899977,0.7784023145026987
prelor_vs_lor_task2,gcc_core_plus_confounds,33,50,25,0.5,0.3504,0.4973642762196148,0.38,0.38,0.29631277421973445,0.8042149731102974
prelor_vs_lor_task2,gcc_core_plus_confounds,34,50,25,0.5,0.3856,0.5242280676246066,0.42,0.42,0.287932312114753,0.7791328861758378
prelor_vs_lor_task2,gcc_core_plus_confounds,35,50,25,0.5,0.3968,0.4583979016402262,0.42,0.42,0.29540980226121183,0.7999459876524757
prelor_vs_lor_task2,gcc_core_plus_confounds,36,50,25,0.5,0.3408,0.4122150265267662,0.42000000000000004,0.42,0.3052899807918809,0.8166110271896779
prelor_vs_lor_task2,gcc_core_plus_confounds,37,50,25,0.5,0.22400000000000003,0.3820626329814546,0.30000000000000004,0.3,0.3045606181588394,0.8168866157448749
prelor_vs_lor_task2,gcc_core_plus_confounds,38,50,25,0.5,0.5408,0.5462271925491622,0.5800000000000001,0.58,0.2693102404413076,0.7441901692431122
prelor_vs_lor_task2,gcc_core_plus_confounds,39,50,25,0.5,0.6656,0.7335885735418557,0.6000000000000001,0.6,0.22776169606694463,0.642124881882894
prelor_vs_lor_task2,gcc_core_plus_confounds,40,50,25,0.5,0.384,0.4469269734379514,0.44,0.44,0.3032975692350109,0.8300224369012971
prelor_vs_lor_task2,gcc_core_plus_confounds,41,50,25,0.5,0.4048,0.4715063497229947,0.5,0.5,0.2950676435270952,0.8013382498872577
prelor_vs_lor_task2,gcc_core_plus_confounds,42,50,25,0.5,0.43200000000000005,0.45802879103452876,0.44,0.44,0.28593896163030225,0.7768651835932261
prelor_vs_lor_task2,gcc_core_plus_confounds,43,50,25,0.5,0.5519999999999999,0.6082870084354648,0.56,0.56,0.2719100597544509,0.7585950255736865
prelor_vs_lor_task2,gcc_core_plus_confounds,44,50,25,0.5,0.4528,0.446470746929202,0.44,0.44,0.2871186276611703,0.7756196511422975
prelor_vs_lor_task2,gcc_core_plus_confounds,45,50,25,0.5,0.4352,0.4463496338276133,0.48,0.48,0.2985534682104091,0.8084269285156424
prelor_vs_lor_task2,gcc_core_plus_confounds,46,50,25,0.5,0.5536,0.5513702004897261,0.5800000000000001,0.58,0.2686166096918558,0.7552031571002855
prelor_vs_lor_task2,gcc_core_plus_confounds,47,50,25,0.5,0.4576,0.49625839153998724,0.52,0.52,0.2839425194851106,0.8047276033594783
prelor_vs_lor_task2,gcc_core_plus_confounds,48,50,25,0.5,0.4768,0.49636783720146327,0.52,0.52,0.2930237014953576,0.8067314616908515
prelor_vs_lor_task2,gcc_core_plus_confounds,49,50,25,0.5,0.35519999999999996,0.41579347885843615,0.44,0.44,0.30302102087673893,0.8146220605824007
prelor_vs_lor_task2,gcc_core_plus_confounds,50,50,25,0.5,0.6639999999999999,0.7060447960485317,0.6799999999999999,0.68,0.23321120097878448,0.6584418712735396
prelor_vs_lor_task2,gcc_core_plus_confounds,51,50,25,0.5,0.4816,0.5593445892352157,0.42000000000000004,0.42,0.27427988763754163,0.7432956256556486
prelor_vs_lor_task2,gcc_core_plus_confounds,52,50,25,0.5,0.5791999999999999,0.6286590384233919,0.64,0.64,0.2619460099415471,0.7406838805705752
prelor_vs_lor_task2,gcc_core_plus_confounds,53,50,25,0.5,0.5840000000000001,0.5461084827158605,0.62,0.62,0.25375504162091067,0.7026243227046346
prelor_vs_lor_task2,gcc_core_plus_confounds,54,50,25,0.5,0.3152,0.4057800252066637,0.32,0.32,0.29625656750481055,0.7920016154501393
prelor_vs_lor_task2,gcc_core_plus_confounds,55,50,25,0.5,0.3616,0.41750349161727285,0.48000000000000004,0.48,0.30248708466776736,0.8209154558204093
prelor_vs_lor_task2,gcc_core_plus_confounds,56,50,25,0.5,0.3488,0.4528975518491855,0.42000000000000004,0.42,0.2976653049238478,0.7943224948950093
prelor_vs_lor_task2,gcc_core_plus_confounds,57,50,25,0.5,0.6112,0.647831169113648,0.62,0.62,0.25548595208027197,0.7491146881199395
prelor_vs_lor_task2,gcc_core_plus_confounds,58,50,25,0.5,0.4032,0.4490673134614277,0.45999999999999996,0.46,0.30819689810885087,0.8335630345246962
prelor_vs_lor_task2,gcc_core_plus_confounds,59,50,25,0.5,0.5808,0.5798250481313308,0.6799999999999999,0.68,0.2621348897101095,0.7561693428394706
prelor_vs_lor_task2,gcc_core_plus_confounds,60,50,25,0.5,0.5024,0.5272778942831251,0.5,0.5,0.2772224078367574,0.758231885359589
prelor_vs_lor_task2,gcc_core_plus_confounds,61,50,25,0.5,0.272,0.3838723310993413,0.34,0.34,0.3105786825095761,0.827352724755394
prelor_vs_lor_task2,gcc_core_plus_confounds,62,50,25,0.5,0.576,0.5618234472003062,0.62,0.62,0.26683216167043927,0.753911335893799
prelor_vs_lor_task2,gcc_core_plus_confounds,63,50,25,0.5,0.46399999999999997,0.536873471881629,0.54,0.54,0.28711574694479824,0.8010137643551505
prelor_vs_lor_task2,gcc_core_plus_confounds,64,50,25,0.5,0.7376,0.6399401835007407,0.7,0.7,0.2107424301067152,0.6616549855595667
prelor_vs_lor_task2,gcc_core_plus_confounds,65,50,25,0.5,0.4464,0.500356035117028,0.46,0.46,0.2859897112048532,0.7768132606498098
prelor_vs_lor_task2,gcc_core_plus_confounds,66,50,25,0.5,0.3344,0.4308210152398141,0.36,0.36,0.3049624794477637,0.8136582213154406
prelor_vs_lor_task2,gcc_core_plus_confounds,67,50,25,0.5,0.5968,0.6657778936298899,0.5800000000000001,0.58,0.24957386794662512,0.6947117622112812
prelor_vs_lor_task2,gcc_core_plus_confounds,68,50,25,0.5,0.384,0.41953705024812166,0.5,0.5,0.2905012082355425,0.7822115030485874
prelor_vs_lor_task2,gcc_core_plus_confounds,69,50,25,0.5,0.2656,0.3874754950693738,0.28,0.28,0.3085533800216282,0.8201660721289903
prelor_vs_lor_task2,gcc_core_plus_confounds,70,50,25,0.5,0.5680000000000001,0.5389991026935603,0.5,0.5,0.2589204073562794,0.7238267890695508
prelor_vs_lor_task2,gcc_core_plus_confounds,71,50,25,0.5,0.536,0.5054568202013122,0.54,0.54,0.2610459618163027,0.7177511219068138
prelor_vs_lor_task2,gcc_core_plus_confounds,72,50,25,0.5,0.616,0.6830355878865201,0.5800000000000001,0.58,0.24345001521878992,0.6787993242863932
prelor_vs_lor_task2,gcc_core_plus_confounds,73,50,25,0.5,0.36160000000000003,0.41661304107704566,0.44,0.44,0.30416131036842975,0.8145103145917715
prelor_vs_lor_task2,gcc_core_plus_confounds,74,50,25,0.5,0.5456,0.5232117740477233,0.54,0.54,0.27597620386114946,0.7657448553837692
prelor_vs_lor_task2,gcc_core_plus_confounds,75,50,25,0.5,0.5216000000000001,0.6093322341682241,0.52,0.52,0.2616180273366802,0.7146593518120706
prelor_vs_lor_task2,gcc_core_plus_confounds,76,50,25,0.5,0.6656,0.632293655115711,0.5800000000000001,0.58,0.2348296786995313,0.6775529272402926
prelor_vs_lor_task2,gcc_core_plus_confounds,77,50,25,0.5,0.5184,0.5740692034478754,0.52,0.52,0.268983208852242,0.7466275972114722
prelor_vs_lor_task2,gcc_core_plus_confounds,78,50,25,0.5,0.3792,0.5071935437497119,0.42000000000000004,0.42,0.28592051808983326,0.7688092642561993
prelor_vs_lor_task2,gcc_core_plus_confounds,79,50,25,0.5,0.6367999999999999,0.6004950759824412,0.62,0.62,0.2449869637927523,0.6978828779181669
prelor_vs_lor_task2,gcc_core_plus_confounds,80,50,25,0.5,0.5167999999999999,0.5452617799462627,0.5,0.5,0.27512195966790065,0.7658885650089133
prelor_vs_lor_task2,gcc_core_plus_confounds,81,50,25,0.5,0.4784,0.5435210648567983,0.52,0.52,0.2775906110556869,0.7580583632071749
prelor_vs_lor_task2,gcc_core_plus_confounds,82,50,25,0.5,0.4752,0.5054569412736051,0.5,0.5,0.28382447445328557,0.7747325328686832
prelor_vs_lor_task2,gcc_core_plus_confounds,83,50,25,0.5,0.5920000000000001,0.6308043215841765,0.52,0.52,0.2539984456568767,0.7057726798250374
prelor_vs_lor_task2,gcc_core_plus_confounds,84,50,25,0.5,0.5584,0.54740545242536,0.54,0.54,0.2745033722294443,0.7728651667463793
prelor_vs_lor_task2,gcc_core_plus_confounds,85,50,25,0.5,0.44480000000000003,0.46060902685699284,0.5,0.5,0.2888115821706525,0.7844506862227018
prelor_vs_lor_task2,gcc_core_plus_confounds,86,50,25,0.5,0.2928,0.39394781892887576,0.38,0.38,0.3037953487225261,0.8083468351749095
prelor_vs_lor_task2,gcc_core_plus_confounds,87,50,25,0.5,0.2768,0.39666119648128473,0.36,0.36,0.30871260392980093,0.8215972318388824
prelor_vs_lor_task2,gcc_core_plus_confounds,88,50,25,0.5,0.6624,0.6958987783170918,0.5800000000000001,0.58,0.23005801077387866,0.6457430456404054
prelor_vs_lor_task2,gcc_core_plus_confounds,89,50,25,0.5,0.32,0.39874048017849045,0.42000000000000004,0.42,0.3058799634793854,0.8182572177133858
prelor_vs_lor_task2,gcc_core_plus_confounds,90,50,25,0.5,0.1936,0.35530382662147064,0.28,0.28,0.3084780630876055,0.8184705291317522
prelor_vs_lor_task2,gcc_core_plus_confounds,91,50,25,0.5,0.1776,0.35126304472891756,0.3,0.3,0.31663515346297744,0.8361435709086982
prelor_vs_lor_task2,gcc_core_plus_confounds,92,50,25,0.5,0.42560000000000003,0.46648490175097845,0.44,0.44,0.29367879316975465,0.7989082258219871
prelor_vs_lor_task2,gcc_core_plus_confounds,93,50,25,0.5,0.6768,0.729241202679416,0.66,0.66,0.23187198439465725,0.6632672384981335
prelor_vs_lor_task2,gcc_core_plus_confounds,94,50,25,0.5,0.48640000000000005,0.5320398687746745,0.48,0.48,0.28080423466865356,0.7692577908114576
prelor_vs_lor_task2,gcc_core_plus_confounds,95,50,25,0.5,0.5216000000000001,0.6185941543030014,0.5,0.5,0.26150985457189113,0.7188899936145455
prelor_vs_lor_task2,gcc_core_plus_confounds,96,50,25,0.5,0.2896,0.38818802945861897,0.38,0.38,0.30751376836487354,0.8180365815038226
prelor_vs_lor_task2,gcc_core_plus_confounds,97,50,25,0.5,0.392,0.47023205447021754,0.44,0.44,0.2936719528548096,0.7915052317565022
prelor_vs_lor_task2,gcc_core_plus_confounds,98,50,25,0.5,0.624,0.5829019711988925,0.6000000000000001,0.6,0.25447937318841296,0.7269490411582764
prelor_vs_lor_task2,gcc_core_plus_confounds,99,50,25,0.5,0.5952,0.5623052526700757,0.52,0.52,0.2495313592938219,0.6918853634208487
prelor_vs_lor_task2,gcc_core_plus_confounds,100,50,25,0.5,0.712,0.7254254290888633,0.72,0.72,0.2153965227025764,0.618416913856464
prelor_vs_lor_task2,gcc_regime_plus_confounds,1,50,25,0.5,0.536,0.5680311450341925,0.56,0.56,0.27921694402735553,0.7675226700420356
prelor_vs_lor_task2,gcc_regime_plus_confounds,2,50,25,0.5,0.5232,0.5819489320589186,0.54,0.54,0.28295143073672757,0.7862595539235726
prelor_vs_lor_task2,gcc_regime_plus_confounds,3,50,25,0.5,0.3648,0.46858289213307003,0.44,0.44,0.3126682118736063,0.8329446808329624
prelor_vs_lor_task2,gcc_regime_plus_confounds,4,50,25,0.5,0.45600000000000007,0.4879224544332023,0.52,0.52,0.29696346392109685,0.8081804727183285
prelor_vs_lor_task2,gcc_regime_plus_confounds,5,50,25,0.5,0.6336,0.6528716798024826,0.6599999999999999,0.66,0.25148490097992754,0.7410414728204746
prelor_vs_lor_task2,gcc_regime_plus_confounds,6,50,25,0.5,0.5247999999999999,0.4911319678179565,0.52,0.52,0.26750200014773706,0.7393809737136969
prelor_vs_lor_task2,gcc_regime_plus_confounds,7,50,25,0.5,0.56,0.5577842561409381,0.5800000000000001,0.58,0.2738341820580798,0.7610113241095573
prelor_vs_lor_task2,gcc_regime_plus_confounds,8,50,25,0.5,0.2992,0.41186601490892905,0.33999999999999997,0.34,0.32333831235669436,0.8620828374838895
prelor_vs_lor_task2,gcc_regime_plus_confounds,9,50,25,0.5,0.4368000000000001,0.5047394501803534,0.44,0.44,0.29658842441741506,0.8097455284121645
prelor_vs_lor_task2,gcc_regime_plus_confounds,10,50,25,0.5,0.3952,0.4259342223957504,0.38,0.38,0.29722371219214994,0.8034464334053298
prelor_vs_lor_task2,gcc_regime_plus_confounds,11,50,25,0.5,0.5248,0.5782593663468387,0.48,0.48,0.27102954566281706,0.7516290322381771
prelor_vs_lor_task2,gcc_regime_plus_confounds,12,50,25,0.5,0.5296,0.5320090844243595,0.54,0.54,0.28392642692028425,0.7948755954908343
prelor_vs_lor_task2,gcc_regime_plus_confounds,13,50,25,0.5,0.28159999999999996,0.41418837989636903,0.36,0.36,0.31969521868707423,0.8443995108178739
prelor_vs_lor_task2,gcc_regime_plus_confounds,14,50,25,0.5,0.4656,0.5077866083576942,0.44,0.44,0.27758329734637927,0.7567788666475826
prelor_vs_lor_task2,gcc_regime_plus_confounds,15,50,25,0.5,0.5327999999999999,0.5516247840002326,0.46,0.46,0.27248227678498965,0.7569314146210756
prelor_vs_lor_task2,gcc_regime_plus_confounds,16,50,25,0.5,0.1376,0.34184041556925104,0.2,0.2,0.3328734324997679,0.8767746156063274
prelor_vs_lor_task2,gcc_regime_plus_confounds,17,50,25,0.5,0.3152,0.4101876259935313,0.32,0.32,0.31600370085521673,0.8407104109209464
prelor_vs_lor_task2,gcc_regime_plus_confounds,18,50,25,0.5,0.3296,0.42810166635478003,0.46,0.46,0.31478113390427354,0.8496383903159607
prelor_vs_lor_task2,gcc_regime_plus_confounds,19,50,25,0.5,0.44160000000000005,0.46955914524669495,0.5,0.5,0.28968796113135004,0.7852097328546267
prelor_vs_lor_task2,gcc_regime_plus_confounds,20,50,25,0.5,0.7455999999999999,0.7487812766543591,0.6599999999999999,0.66,0.2070189660375786,0.5962519601943458
prelor_vs_lor_task2,gcc_regime_plus_confounds,21,50,25,0.5,0.56,0.5389850160423688,0.5,0.5,0.26330829583655174,0.736620211298693
prelor_vs_lor_task2,gcc_regime_plus_confounds,22,50,25,0.5,0.7568,0.8073066895642298,0.66,0.66,0.20832876618691143,0.6222164929697409
prelor_vs_lor_task2,gcc_regime_plus_confounds,23,50,25,0.5,0.38560000000000005,0.4235888316487061,0.44,0.44,0.31194631311874443,0.8446873638181145
prelor_vs_lor_task2,gcc_regime_plus_confounds,24,50,25,0.5,0.5648,0.5900669559091078,0.62,0.62,0.2676994744297414,0.7412002787900327
prelor_vs_lor_task2,gcc_regime_plus_confounds,25,50,25,0.5,0.40959999999999996,0.5159622304058689,0.5,0.5,0.2889144197243276,0.7798629695693522
prelor_vs_lor_task2,gcc_regime_plus_confounds,26,50,25,0.5,0.4672,0.46370223126838594,0.5,0.5,0.285346065094611,0.7753392986580521
prelor_vs_lor_task2,gcc_regime_plus_confounds,27,50,25,0.5,0.6528,0.6263092452740318,0.62,0.62,0.2456829770842557,0.7028003196836662
prelor_vs_lor_task2,gcc_regime_plus_confounds,28,50,25,0.5,0.5456,0.5253706118789798,0.54,0.54,0.2698062119521518,0.7453816777707266
prelor_vs_lor_task2,gcc_regime_plus_confounds,29,50,25,0.5,0.34720000000000006,0.4120524764728015,0.42000000000000004,0.42,0.3154818700749147,0.8505573963650812
prelor_vs_lor_task2,gcc_regime_plus_confounds,30,50,25,0.5,0.5168,0.5012126232402105,0.56,0.56,0.2913145204569427,0.85156726080872
prelor_vs_lor_task2,gcc_regime_plus_confounds,31,50,25,0.5,0.5328,0.526309606873423,0.56,0.56,0.28583523064771915,0.7923264208070997
prelor_vs_lor_task2,gcc_regime_plus_confounds,32,50,25,0.5,0.5711999999999999,0.6501806455777175,0.56,0.56,0.2633318090095761,0.7279126064785209
prelor_vs_lor_task2,gcc_regime_plus_confounds,33,50,25,0.5,0.48160000000000003,0.517547205382018,0.45999999999999996,0.46,0.29388067863058986,0.801486799563457
prelor_vs_lor_task2,gcc_regime_plus_confounds,34,50,25,0.5,0.6384000000000001,0.6156397274557247,0.5800000000000001,0.58,0.24932753930673024,0.7440703996415782
prelor_vs_lor_task2,gcc_regime_plus_confounds,35,50,25,0.5,0.5696,0.5617757291094845,0.62,0.62,0.25998745846510973,0.7400236144490505
prelor_vs_lor_task2,gcc_regime_plus_confounds,36,50,25,0.5,0.5599999999999999,0.5412542813511343,0.5,0.5,0.2745351043767691,0.7686933158331403
prelor_vs_lor_task2,gcc_regime_plus_confounds,37,50,25,0.5,0.48800000000000004,0.5200658509555232,0.5,0.5,0.2805028183683235,0.7655795105383079
prelor_vs_lor_task2,gcc_regime_plus_confounds,38,50,25,0.5,0.696,0.6741716254100591,0.6200000000000001,0.62,0.23320965688794054,0.7001430599611176
prelor_vs_lor_task2,gcc_regime_plus_confounds,39,50,25,0.5,0.496,0.537148245775109,0.54,0.54,0.29391412656226246,0.8171687428317354
prelor_vs_lor_task2,gcc_regime_plus_confounds,40,50,25,0.5,0.5536,0.5229416815327955,0.5800000000000001,0.58,0.2705985969293543,0.7594239302591548
prelor_vs_lor_task2,gcc_regime_plus_confounds,41,50,25,0.5,0.4576,0.4705026193870111,0.45999999999999996,0.46,0.2922452578243621,0.7914408734214032
prelor_vs_lor_task2,gcc_regime_plus_confounds,42,50,25,0.5,0.29279999999999995,0.4255006495061767,0.32,0.32,0.3108337414232014,0.8341291833325031
prelor_vs_lor_task2,gcc_regime_plus_confounds,43,50,25,0.5,0.5376,0.5540365506956881,0.56,0.56,0.27700753959667684,0.7699876324518315
prelor_vs_lor_task2,gcc_regime_plus_confounds,44,50,25,0.5,0.5136000000000001,0.4968343584575292,0.46,0.46,0.28312388632104,0.7825115478021489
prelor_vs_lor_task2,gcc_regime_plus_confounds,45,50,25,0.5,0.3696,0.42549789443302966,0.46,0.46,0.30342148352112064,0.8118153256346058
prelor_vs_lor_task2,gcc_regime_plus_confounds,46,50,25,0.5,0.5424,0.5128249618994337,0.56,0.56,0.2742404367497233,0.7761011766090883
prelor_vs_lor_task2,gcc_regime_plus_confounds,47,50,25,0.5,0.432,0.45989292590810715,0.54,0.54,0.298121465786077,0.8095291261493436
prelor_vs_lor_task2,gcc_regime_plus_confounds,48,50,25,0.5,0.40800000000000003,0.4385136387655227,0.42000000000000004,0.42,0.29614321788717707,0.8025461230809438
prelor_vs_lor_task2,gcc_regime_plus_confounds,49,50,25,0.5,0.6864,0.6201395599158979,0.72,0.72,0.23269298110650596,0.6981151184713497
prelor_vs_lor_task2,gcc_regime_plus_confounds,50,50,25,0.5,0.6576000000000001,0.6898187509543074,0.5800000000000001,0.58,0.23404789558380978,0.6628326843751283
prelor_vs_lor_task2,gcc_regime_plus_confounds,51,50,25,0.5,0.5935999999999999,0.6588845702690148,0.54,0.54,0.2593920231551741,0.7836279059727107
prelor_vs_lor_task2,gcc_regime_plus_confounds,52,50,25,0.5,0.4272,0.5050890757896201,0.38,0.38,0.30122059388541944,0.8103473223832832
prelor_vs_lor_task2,gcc_regime_plus_confounds,53,50,25,0.5,0.3312,0.4091803665577478,0.36,0.36,0.29842727681667364,0.7975935066905488
prelor_vs_lor_task2,gcc_regime_plus_confounds,54,50,25,0.5,0.7216,0.6766441643211536,0.74,0.74,0.21964004860776587,0.6699572017153532
prelor_vs_lor_task2,gcc_regime_plus_confounds,55,50,25,0.5,0.5168,0.5765366083025134,0.45999999999999996,0.46,0.2655271357780085,0.731276313284232
prelor_vs_lor_task2,gcc_regime_plus_confounds,56,50,25,0.5,0.5808,0.5519604575532918,0.52,0.52,0.26134492598613546,0.7293949383697393
prelor_vs_lor_task2,gcc_regime_plus_confounds,57,50,25,0.5,0.3712,0.4160082962902152,0.44,0.44,0.3051537237406542,0.822240503286356
prelor_vs_lor_task2,gcc_regime_plus_confounds,58,50,25,0.5,0.6192,0.5818980475917449,0.62,0.62,0.252743036508943,0.7104288373685123
prelor_vs_lor_task2,gcc_regime_plus_confounds,59,50,25,0.5,0.3648,0.46278906169014744,0.4,0.4,0.2958378704267074,0.7922825443825975
prelor_vs_lor_task2,gcc_regime_plus_confounds,60,50,25,0.5,0.6816,0.6509215595577833,0.6,0.6,0.2332672220965547,0.6761254660145049
prelor_vs_lor_task2,gcc_regime_plus_confounds,61,50,25,0.5,0.3232,0.438349563612894,0.32,0.32,0.30817639693836796,0.8170801186471733
prelor_vs_lor_task2,gcc_regime_plus_confounds,62,50,25,0.5,0.4848,0.5128904667810222,0.48,0.48,0.28532340956309515,0.7968863587417679
prelor_vs_lor_task2,gcc_regime_plus_confounds,63,50,25,0.5,0.42079999999999995,0.4428679273486005,0.5,0.5,0.30009703187415065,0.8076272599613311
prelor_vs_lor_task2,gcc_regime_plus_confounds,64,50,25,0.5,0.6816,0.6693983064864766,0.6799999999999999,0.68,0.23099413624027887,0.6826613394835792
prelor_vs_lor_task2,gcc_regime_plus_confounds,65,50,25,0.5,0.5408,0.5201935415525059,0.5,0.5,0.2702522911497416,0.7407469856703821
prelor_vs_lor_task2,gcc_regime_plus_confounds,66,50,25,0.5,0.2144,0.39629726818847494,0.33999999999999997,0.34,0.3220531601793376,0.8499167124001645
prelor_vs_lor_task2,gcc_regime_plus_confounds,67,50,25,0.5,0.5968,0.6030169380604163,0.5800000000000001,0.58,0.2551913596714332,0.7194287754700827
prelor_vs_lor_task2,gcc_regime_plus_confounds,68,50,25,0.5,0.5808,0.5801863464169881,0.6200000000000001,0.62,0.2561236481937157,0.7155284009045674
prelor_vs_lor_task2,gcc_regime_plus_confounds,69,50,25,0.5,0.6272,0.6253921960613449,0.68,0.68,0.25791655720835416,0.7361113935345156
prelor_vs_lor_task2,gcc_regime_plus_confounds,70,50,25,0.5,0.648,0.6195123338666212,0.6799999999999999,0.68,0.24489000293723667,0.7027921415487393
prelor_vs_lor_task2,gcc_regime_plus_confounds,71,50,25,0.5,0.47040000000000004,0.5016032742939427,0.48,0.48,0.28674400668498895,0.7818750539088458
prelor_vs_lor_task2,gcc_regime_plus_confounds,72,50,25,0.5,0.5344,0.5863354521974119,0.52,0.52,0.2728323239785213,0.7477811496781556
prelor_vs_lor_task2,gcc_regime_plus_confounds,73,50,25,0.5,0.5984,0.61212706700885,0.5800000000000001,0.58,0.26299280187302965,0.7410896001308673
prelor_vs_lor_task2,gcc_regime_plus_confounds,74,50,25,0.5,0.2816,0.3818111017214064,0.34,0.34,0.3197274138337795,0.8610764612626347
prelor_vs_lor_task2,gcc_regime_plus_confounds,75,50,25,0.5,0.5024,0.5023291661917648,0.54,0.54,0.2843297183453795,0.8042007468313089
prelor_vs_lor_task2,gcc_regime_plus_confounds,76,50,25,0.5,0.5072000000000001,0.5370672985345419,0.45999999999999996,0.46,0.27850741813546664,0.7659179039922216
prelor_vs_lor_task2,gcc_regime_plus_confounds,77,50,25,0.5,0.5968,0.5494078403097584,0.5800000000000001,0.58,0.2553615707543771,0.7165182813557582
prelor_vs_lor_task2,gcc_regime_plus_confounds,78,50,25,0.5,0.44639999999999996,0.4871089405258647,0.54,0.54,0.30014883352889166,0.8313694677901847
prelor_vs_lor_task2,gcc_regime_plus_confounds,79,50,25,0.5,0.4,0.435731117002231,0.4,0.4,0.28183734454059456,0.761571066440608
prelor_vs_lor_task2,gcc_regime_plus_confounds,80,50,25,0.5,0.6512,0.6660347819588643,0.6000000000000001,0.6,0.24462279519764407,0.707064784886759
prelor_vs_lor_task2,gcc_regime_plus_confounds,81,50,25,0.5,0.45280000000000004,0.464147484166251,0.48,0.48,0.29132829043420483,0.7893263602991654
prelor_vs_lor_task2,gcc_regime_plus_confounds,82,50,25,0.5,0.47519999999999996,0.48720672795194825,0.54,0.54,0.2978675840613942,0.8176991730935367
prelor_vs_lor_task2,gcc_regime_plus_confounds,83,50,25,0.5,0.41280000000000006,0.4623087547932329,0.45999999999999996,0.46,0.30085341669323423,0.8691299231132392
prelor_vs_lor_task2,gcc_regime_plus_confounds,84,50,25,0.5,0.31520000000000004,0.39792563639857337,0.42,0.42,0.3163470784880834,0.8409750280894761
prelor_vs_lor_task2,gcc_regime_plus_confounds,85,50,25,0.5,0.2368,0.3670136709611143,0.30000000000000004,0.3,0.3143970827007376,0.8356351251902212
prelor_vs_lor_task2,gcc_regime_plus_confounds,86,50,25,0.5,0.5968,0.5342576958485804,0.64,0.64,0.26540577603836935,0.7605598454348359
prelor_vs_lor_task2,gcc_regime_plus_confounds,87,50,25,0.5,0.5344,0.5073391035415379,0.52,0.52,0.2767776029915135,0.7816028242900263
prelor_vs_lor_task2,gcc_regime_plus_confounds,88,50,25,0.5,0.4864,0.5447237786162074,0.48000000000000004,0.48,0.2813868013974849,0.7674823956237888
prelor_vs_lor_task2,gcc_regime_plus_confounds,89,50,25,0.5,0.3088,0.3932253376102545,0.4,0.4,0.3169702101067917,0.8656005170657751
prelor_vs_lor_task2,gcc_regime_plus_confounds,90,50,25,0.5,0.5648,0.5705154035782177,0.5800000000000001,0.58,0.27189744546563116,0.7713014529060667
prelor_vs_lor_task2,gcc_regime_plus_confounds,91,50,25,0.5,0.4608,0.47292398233127414,0.48000000000000004,0.48,0.29470186723970565,0.8044090695736168
prelor_vs_lor_task2,gcc_regime_plus_confounds,92,50,25,0.5,0.4672,0.46480369421482,0.5,0.5,0.2886795123109673,0.7808889244561841
prelor_vs_lor_task2,gcc_regime_plus_confounds,93,50,25,0.5,0.32480000000000003,0.4116072953958919,0.42000000000000004,0.42,0.3099687558725075,0.8239990769658142
prelor_vs_lor_task2,gcc_regime_plus_confounds,94,50,25,0.5,0.41439999999999994,0.48739530759509897,0.48,0.48,0.3016200662123205,0.8167629158015233
prelor_vs_lor_task2,gcc_regime_plus_confounds,95,50,25,0.5,0.32000000000000006,0.4167309853033672,0.44,0.44,0.31612577431510974,0.8488708542923227
prelor_vs_lor_task2,gcc_regime_plus_confounds,96,50,25,0.5,0.48960000000000004,0.5441592611683556,0.52,0.52,0.2922417631958838,0.804713646462804
prelor_vs_lor_task2,gcc_regime_plus_confounds,97,50,25,0.5,0.33599999999999997,0.4231433514224851,0.33999999999999997,0.34,0.31051078149716144,0.8438989586936843
prelor_vs_lor_task2,gcc_regime_plus_confounds,98,50,25,0.5,0.488,0.48912957943235286,0.52,0.52,0.2761914911280078,0.7519273748726303
prelor_vs_lor_task2,gcc_regime_plus_confounds,99,50,25,0.5,0.5648000000000001,0.5964267494070534,0.52,0.52,0.26747163540707963,0.7363689639557436
prelor_vs_lor_task2,gcc_regime_plus_confounds,100,50,25,0.5,0.592,0.6541501986685715,0.56,0.56,0.25805890243410606,0.7103383086882293
prelor_vs_lor_task2,full_standard_plus_gcc,1,50,25,0.5,0.496,0.5670265467180973,0.45999999999999996,0.46,0.29148149352864094,0.7877736863348906
prelor_vs_lor_task2,full_standard_plus_gcc,2,50,25,0.5,0.48160000000000003,0.5715175962772102,0.56,0.56,0.290405501067484,0.8035638690652117
prelor_vs_lor_task2,full_standard_plus_gcc,3,50,25,0.5,0.4432,0.4434489996789475,0.44,0.44,0.2812300290891904,0.7619786929654928
prelor_vs_lor_task2,full_standard_plus_gcc,4,50,25,0.5,0.2128,0.360244225168726,0.32,0.32,0.32367149981952964,0.8496181982084701
prelor_vs_lor_task2,full_standard_plus_gcc,5,50,25,0.5,0.5472,0.5201278308887958,0.56,0.56,0.274419814236208,0.7671352639633839
prelor_vs_lor_task2,full_standard_plus_gcc,6,50,25,0.5,0.6976,0.6388984131204012,0.68,0.68,0.22379530601401107,0.6450804959459806
prelor_vs_lor_task2,full_standard_plus_gcc,7,50,25,0.5,0.5472,0.5374965301828798,0.54,0.54,0.2771165173316681,0.8117311448209733
prelor_vs_lor_task2,full_standard_plus_gcc,8,50,25,0.5,0.528,0.5322991369419441,0.5,0.5,0.27880735221635,0.8075193500463661
prelor_vs_lor_task2,full_standard_plus_gcc,9,50,25,0.5,0.36,0.4167841077786967,0.4,0.4,0.2998918119507838,0.8057587101624276
prelor_vs_lor_task2,full_standard_plus_gcc,10,50,25,0.5,0.4272,0.4450813568248174,0.48,0.48,0.30134040087268493,0.8191783533346287
prelor_vs_lor_task2,full_standard_plus_gcc,11,50,25,0.5,0.4688,0.5100839953473947,0.46,0.46,0.2945367718994791,0.8302557099933925
prelor_vs_lor_task2,full_standard_plus_gcc,12,50,25,0.5,0.3568,0.43310274757526024,0.36,0.36,0.3181232051442399,0.8462957448355969
prelor_vs_lor_task2,full_standard_plus_gcc,13,50,25,0.5,0.34880000000000005,0.4138397351604902,0.36,0.36,0.3087424044538463,0.8258508554285205
prelor_vs_lor_task2,full_standard_plus_gcc,14,50,25,0.5,0.1936,0.3875013303909499,0.2,0.2,0.32673410475003645,0.8719289687127774
prelor_vs_lor_task2,full_standard_plus_gcc,15,50,25,0.5,0.5024,0.5762993717810295,0.5,0.5,0.28224358180626785,0.7683875769437448
prelor_vs_lor_task2,full_standard_plus_gcc,16,50,25,0.5,0.368,0.4163514969302511,0.36,0.36,0.3112704716006056,0.8445914838689477
prelor_vs_lor_task2,full_standard_plus_gcc,17,50,25,0.5,0.5584,0.5749292896272786,0.5800000000000001,0.58,0.2704978732207663,0.7825381771761205
prelor_vs_lor_task2,full_standard_plus_gcc,18,50,25,0.5,0.47519999999999996,0.465993445722942,0.5,0.5,0.29320607909011714,0.8015642166443139
prelor_vs_lor_task2,full_standard_plus_gcc,19,50,25,0.5,0.6239999999999999,0.5845030543889838,0.5800000000000001,0.58,0.25492862357436347,0.7206180407222011
prelor_vs_lor_task2,full_standard_plus_gcc,20,50,25,0.5,0.6528,0.6387384458273949,0.62,0.62,0.24527574906058164,0.7062022158888561
prelor_vs_lor_task2,full_standard_plus_gcc,21,50,25,0.5,0.6880000000000001,0.674102397313415,0.56,0.56,0.2285586733706296,0.6469758288273895
prelor_vs_lor_task2,full_standard_plus_gcc,22,50,25,0.5,0.39680000000000004,0.44260193476953463,0.42000000000000004,0.42,0.30572690388290846,0.8252712276901092
prelor_vs_lor_task2,full_standard_plus_gcc,23,50,25,0.5,0.4464,0.47205106111383494,0.44,0.44,0.29781497800883544,0.8217827130760357
prelor_vs_lor_task2,full_standard_plus_gcc,24,50,25,0.5,0.47519999999999996,0.5147128317012597,0.5,0.5,0.28839070065992944,0.792187660033722
prelor_vs_lor_task2,full_standard_plus_gcc,25,50,25,0.5,0.39200000000000007,0.47029646898614075,0.52,0.52,0.3008589836614576,0.8082170554894619
prelor_vs_lor_task2,full_standard_plus_gcc,26,50,25,0.5,0.6112,0.5675527832337492,0.66,0.66,0.260832220464896,0.7882949277912822
prelor_vs_lor_task2,full_standard_plus_gcc,27,50,25,0.5,0.6208,0.5969539217498283,0.5800000000000001,0.58,0.25726182005743947,0.7207857784497973
prelor_vs_lor_task2,full_standard_plus_gcc,28,50,25,0.5,0.42719999999999997,0.46561921941238543,0.45999999999999996,0.46,0.29756771702855583,0.8096557506459409
prelor_vs_lor_task2,full_standard_plus_gcc,29,50,25,0.5,0.48160000000000003,0.500477129370999,0.48000000000000004,0.48,0.28704429989085173,0.7940649607169061
prelor_vs_lor_task2,full_standard_plus_gcc,30,50,25,0.5,0.4032,0.44410961072606103,0.44,0.44,0.30875322409371636,0.8708170835589749
prelor_vs_lor_task2,full_standard_plus_gcc,31,50,25,0.5,0.3616,0.4261890114560143,0.42000000000000004,0.42,0.31237131447372307,0.85494448631927
prelor_vs_lor_task2,full_standard_plus_gcc,32,50,25,0.5,0.5584,0.6007948069555223,0.6,0.6,0.27193859940845955,0.7664253602351035
prelor_vs_lor_task2,full_standard_plus_gcc,33,50,25,0.5,0.49759999999999993,0.5037820548580177,0.48,0.48,0.27967133340570527,0.7656367167177613
prelor_vs_lor_task2,full_standard_plus_gcc,34,50,25,0.5,0.3152,0.3996257187677979,0.33999999999999997,0.34,0.30271466702915495,0.8076540182937002
prelor_vs_lor_task2,full_standard_plus_gcc,35,50,25,0.5,0.3008,0.38624265100158744,0.30000000000000004,0.3,0.3151161135464292,0.8498998167383794
prelor_vs_lor_task2,full_standard_plus_gcc,36,50,25,0.5,0.4576,0.48727380431580036,0.45999999999999996,0.46,0.2892512324264924,0.7933683211643938
prelor_vs_lor_task2,full_standard_plus_gcc,37,50,25,0.5,0.5968,0.5522540699029306,0.62,0.62,0.26769609696813546,0.7780736684151722
prelor_vs_lor_task2,full_standard_plus_gcc,38,50,25,0.5,0.35840000000000005,0.4111448551113499,0.36,0.36,0.3031456958372466,0.8243889615243148
prelor_vs_lor_task2,full_standard_plus_gcc,39,50,25,0.5,0.48,0.5162396745212149,0.56,0.56,0.29173547317422804,0.7912794278359675
prelor_vs_lor_task2,full_standard_plus_gcc,40,50,25,0.5,0.3072,0.452063368051792,0.38,0.38,0.30274540232559866,0.8038901913985741
prelor_vs_lor_task2,full_standard_plus_gcc,41,50,25,0.5,0.464,0.4740384372020992,0.44,0.44,0.2875744744311109,0.7803346321207946
prelor_vs_lor_task2,full_standard_plus_gcc,42,50,25,0.5,0.5328,0.5797679379971798,0.5,0.5,0.2697851020193554,0.7360044623562783
prelor_vs_lor_task2,full_standard_plus_gcc,43,50,25,0.5,0.3552,0.4183416282232713,0.4,0.4,0.31502698151044956,0.8556796298906002
prelor_vs_lor_task2,full_standard_plus_gcc,44,50,25,0.5,0.46399999999999997,0.4876971954096434,0.48,0.48,0.2940890997794339,0.8009979469122874
prelor_vs_lor_task2,full_standard_plus_gcc,45,50,25,0.5,0.6576,0.6030953284466238,0.64,0.64,0.23900724414464378,0.6902696694827452
prelor_vs_lor_task2,full_standard_plus_gcc,46,50,25,0.5,0.6032,0.59311354781835,0.54,0.54,0.2632169447526744,0.7766248764103328
prelor_vs_lor_task2,full_standard_plus_gcc,47,50,25,0.5,0.5759999999999998,0.5270838075503268,0.48,0.48,0.26539236363703617,0.7421039867073874
prelor_vs_lor_task2,full_standard_plus_gcc,48,50,25,0.5,0.3584,0.45958892508465343,0.38,0.38,0.2931096577140267,0.7853490232185729
prelor_vs_lor_task2,full_standard_plus_gcc,49,50,25,0.5,0.496,0.5181848365735479,0.52,0.52,0.2765943503641124,0.7513118551257714
prelor_vs_lor_task2,full_standard_plus_gcc,50,50,25,0.5,0.5616000000000001,0.5441282545139534,0.56,0.56,0.27102357023778895,0.761857415624186
prelor_vs_lor_task2,full_standard_plus_gcc,51,50,25,0.5,0.5535999999999999,0.5367741289578929,0.64,0.64,0.2762674665840315,0.7748144240481741
prelor_vs_lor_task2,full_standard_plus_gcc,52,50,25,0.5,0.5344,0.5010227229779659,0.5800000000000001,0.58,0.2674442361973807,0.7309388133199829
prelor_vs_lor_task2,full_standard_plus_gcc,53,50,25,0.5,0.6176,0.6502359998684566,0.56,0.56,0.25927199320467104,0.7485825035035706
prelor_vs_lor_task2,full_standard_plus_gcc,54,50,25,0.5,0.5391999999999999,0.5386972790142495,0.6,0.6,0.27761690832850316,0.7766548833615892
prelor_vs_lor_task2,full_standard_plus_gcc,55,50,25,0.5,0.6512,0.6317728075266309,0.6799999999999999,0.68,0.24815365045680168,0.734578453091928
prelor_vs_lor_task2,full_standard_plus_gcc,56,50,25,0.5,0.3728,0.43163742881152267,0.4,0.4,0.31723037373233426,0.8711671352482573
prelor_vs_lor_task2,full_standard_plus_gcc,57,50,25,0.5,0.4096,0.46962431438020186,0.48,0.48,0.3036110440977628,0.812166938525636
prelor_vs_lor_task2,full_standard_plus_gcc,58,50,25,0.5,0.42399999999999993,0.4582902956504138,0.48,0.48,0.31034846088943946,0.8498429036688517
prelor_vs_lor_task2,full_standard_plus_gcc,59,50,25,0.5,0.488,0.5476166878292137,0.42000000000000004,0.42,0.27681369595930866,0.7520230129969059
prelor_vs_lor_task2,full_standard_plus_gcc,60,50,25,0.5,0.46399999999999997,0.46058099744487085,0.56,0.56,0.2900693522657692,0.802152814414779
prelor_vs_lor_task2,full_standard_plus_gcc,61,50,25,0.5,0.6304000000000001,0.7247717207714454,0.6000000000000001,0.6,0.24747698643039592,0.7069384287671473
prelor_vs_lor_task2,full_standard_plus_gcc,62,50,25,0.5,0.5216000000000001,0.5373786329335541,0.5,0.5,0.28051701245481514,0.7728127950221719
prelor_vs_lor_task2,full_standard_plus_gcc,63,50,25,0.5,0.2592,0.3880113222302122,0.33999999999999997,0.34,0.32311323878250564,0.8577965615212179
prelor_vs_lor_task2,full_standard_plus_gcc,64,50,25,0.5,0.5935999999999999,0.6350575233319969,0.5800000000000001,0.58,0.26463654594264696,0.7362343674183225
prelor_vs_lor_task2,full_standard_plus_gcc,65,50,25,0.5,0.608,0.5872435569487034,0.62,0.62,0.26267074453343003,0.7493180717613339
prelor_vs_lor_task2,full_standard_plus_gcc,66,50,25,0.5,0.3408,0.41219100133242487,0.36,0.36,0.3099692211329986,0.8253290206961732
prelor_vs_lor_task2,full_standard_plus_gcc,67,50,25,0.5,0.47040000000000004,0.5019010362888523,0.44,0.44,0.2930443957308227,0.813913812760147
prelor_vs_lor_task2,full_standard_plus_gcc,68,50,25,0.5,0.4432,0.4593779324014702,0.48,0.48,0.2974393359620414,0.8035927372736361
prelor_vs_lor_task2,full_standard_plus_gcc,69,50,25,0.5,0.5232,0.5163528208726107,0.52,0.52,0.28193549410789076,0.7916203033306378
prelor_vs_lor_task2,full_standard_plus_gcc,70,50,25,0.5,0.20320000000000002,0.36652654614334634,0.28,0.28,0.32902795605765606,0.8768432680783722
prelor_vs_lor_task2,full_standard_plus_gcc,71,50,25,0.5,0.44000000000000006,0.5119544812764969,0.4,0.4,0.2917755875000526,0.7885895082773473
prelor_vs_lor_task2,full_standard_plus_gcc,72,50,25,0.5,0.2128,0.36351846499286267,0.22,0.22,0.3233979478879226,0.8481370518233604
prelor_vs_lor_task2,full_standard_plus_gcc,73,50,25,0.5,0.6272,0.6540736879513576,0.6,0.6,0.24642610839157583,0.6952988762089843
prelor_vs_lor_task2,full_standard_plus_gcc,74,50,25,0.5,0.5856,0.6582727991884508,0.5,0.5,0.24907976402304222,0.6923419368576711
prelor_vs_lor_task2,full_standard_plus_gcc,75,50,25,0.5,0.2864,0.38521534023090886,0.28,0.28,0.3054424013256503,0.8119281288741317
prelor_vs_lor_task2,full_standard_plus_gcc,76,50,25,0.5,0.568,0.5526439198569635,0.6,0.6,0.26897212543961024,0.7543036860861757
prelor_vs_lor_task2,full_standard_plus_gcc,77,50,25,0.5,0.3264,0.40438500723675475,0.36,0.36,0.3209543902770304,0.8545498785824382
prelor_vs_lor_task2,full_standard_plus_gcc,78,50,25,0.5,0.4944,0.49533228091479553,0.44,0.44,0.2748739332562188,0.7521311790880969
prelor_vs_lor_task2,full_standard_plus_gcc,79,50,25,0.5,0.5168,0.5434830515539071,0.52,0.52,0.28117366858271453,0.7762271929111898
prelor_vs_lor_task2,full_standard_plus_gcc,80,50,25,0.5,0.5536,0.5886966812366663,0.54,0.54,0.2673522345629451,0.7341766506170606
prelor_vs_lor_task2,full_standard_plus_gcc,81,50,25,0.5,0.47840000000000005,0.529904945277208,0.54,0.54,0.2951527436776584,0.806553529735246
prelor_vs_lor_task2,full_standard_plus_gcc,82,50,25,0.5,0.4448,0.46552192606216036,0.46,0.46,0.29398392738304935,0.8102279118140419
prelor_vs_lor_task2,full_standard_plus_gcc,83,50,25,0.5,0.4224,0.4678867273314307,0.4,0.4,0.30243208079875855,0.8197277688834775
prelor_vs_lor_task2,full_standard_plus_gcc,84,50,25,0.5,0.30080000000000007,0.39477851452962576,0.44000000000000006,0.44,0.3258688185080969,0.8742349344771024
prelor_vs_lor_task2,full_standard_plus_gcc,85,50,25,0.5,0.47040000000000004,0.5165918125409488,0.52,0.52,0.2890620175083283,0.7851118327706488
prelor_vs_lor_task2,full_standard_plus_gcc,86,50,25,0.5,0.6064,0.5733568919437961,0.64,0.64,0.2687960913280551,0.791696038040384
prelor_vs_lor_task2,full_standard_plus_gcc,87,50,25,0.5,0.5616,0.5427335758916143,0.6,0.6,0.27180009899290103,0.7653007108931367
prelor_vs_lor_task2,full_standard_plus_gcc,88,50,25,0.5,0.5711999999999999,0.5611218282686876,0.54,0.54,0.27435038044052884,0.7885617212409207
prelor_vs_lor_task2,full_standard_plus_gcc,89,50,25,0.5,0.6704,0.6433943495722383,0.68,0.68,0.23625255317783878,0.6709435191100056
prelor_vs_lor_task2,full_standard_plus_gcc,90,50,25,0.5,0.5792,0.5865532285276531,0.5800000000000001,0.58,0.2667670756128273,0.7363502504149089
prelor_vs_lor_task2,full_standard_plus_gcc,91,50,25,0.5,0.36319999999999997,0.4541893366304621,0.46,0.46,0.30587194968539655,0.82015905525498
prelor_vs_lor_task2,full_standard_plus_gcc,92,50,25,0.5,0.6144,0.5973885381488513,0.6000000000000001,0.6,0.2546404346067456,0.7360517208134684
prelor_vs_lor_task2,full_standard_plus_gcc,93,50,25,0.5,0.6128,0.576184240206278,0.6200000000000001,0.62,0.25659552320433193,0.7820367618792479
prelor_vs_lor_task2,full_standard_plus_gcc,94,50,25,0.5,0.4928,0.5302139970222557,0.45999999999999996,0.46,0.2830906292167837,0.7724769744916319
prelor_vs_lor_task2,full_standard_plus_gcc,95,50,25,0.5,0.40159999999999996,0.44180674854758223,0.42,0.42,0.30276028346109046,0.8219396894468345
prelor_vs_lor_task2,full_standard_plus_gcc,96,50,25,0.5,0.5920000000000001,0.6086178822741217,0.56,0.56,0.2611501468916553,0.7409615455471937
prelor_vs_lor_task2,full_standard_plus_gcc,97,50,25,0.5,0.5599999999999999,0.6240942159230105,0.52,0.52,0.2641071091687917,0.7233999499630318
prelor_vs_lor_task2,full_standard_plus_gcc,98,50,25,0.5,0.552,0.5899784941232423,0.6000000000000001,0.6,0.27179459659826877,0.7483420707234524
prelor_vs_lor_task2,full_standard_plus_gcc,99,50,25,0.5,0.3408,0.4118694532455863,0.42000000000000004,0.42,0.3078371235836678,0.8257080189586413
prelor_vs_lor_task2,full_standard_plus_gcc,100,50,25,0.5,0.7344,0.7168614177522132,0.64,0.64,0.22079552718529666,0.6760684033537107
lor_vs_ror_task3,confounds_motion_propofol,1,38,19,0.5,0.42382271468144045,0.47235976647071665,0.4473684210526315,0.4473684210526316,0.2965093702862673,0.8045258953483819
lor_vs_ror_task3,confounds_motion_propofol,2,38,19,0.5,0.5096952908587258,0.5530553350749831,0.5,0.5,0.27122156983340334,0.7503153116581696
lor_vs_ror_task3,confounds_motion_propofol,3,38,19,0.5,0.5844875346260388,0.5744867455939657,0.5789473684210527,0.5789473684210527,0.26630260025432984,0.7493556701575743
lor_vs_ror_task3,confounds_motion_propofol,4,38,19,0.5,0.4709141274238227,0.47112724233019165,0.5263157894736842,0.5263157894736842,0.2966859229416733,0.8178418077216089
lor_vs_ror_task3,confounds_motion_propofol,5,38,19,0.5,0.29085872576177285,0.3957355326086208,0.3421052631578947,0.34210526315789475,0.3101809603344756,0.8219098431396485
lor_vs_ror_task3,confounds_motion_propofol,6,38,19,0.5,0.3905817174515236,0.4427734933658023,0.5,0.5,0.30528505346310797,0.8328444202816897
lor_vs_ror_task3,confounds_motion_propofol,7,38,19,0.5,0.26592797783933514,0.3926844513309695,0.3157894736842105,0.3157894736842105,0.30511876250058395,0.8081394428851795
lor_vs_ror_task3,confounds_motion_propofol,8,38,19,0.5,0.6011080332409973,0.5586737030598055,0.5789473684210527,0.5789473684210527,0.2498794171671449,0.6991151519310532
lor_vs_ror_task3,confounds_motion_propofol,9,38,19,0.5,0.48199445983379496,0.5667993674609285,0.5526315789473684,0.5526315789473685,0.2784755811016724,0.7660505139321192
lor_vs_ror_task3,confounds_motion_propofol,10,38,19,0.5,0.6204986149584487,0.6962991249949453,0.5263157894736842,0.5263157894736842,0.25826151164636046,0.7186661451214601
lor_vs_ror_task3,confounds_motion_propofol,11,38,19,0.5,0.5401662049861495,0.5349500162727399,0.5526315789473684,0.5526315789473685,0.2677421639966643,0.7497060664914721
lor_vs_ror_task3,confounds_motion_propofol,12,38,19,0.5,0.3684210526315789,0.4458555086930373,0.3684210526315789,0.3684210526315789,0.2974240788411251,0.7953358392655572
lor_vs_ror_task3,confounds_motion_propofol,13,38,19,0.5,0.36288088642659283,0.42441873707168487,0.5263157894736842,0.5263157894736842,0.29959921430022723,0.8053970246479101
lor_vs_ror_task3,confounds_motion_propofol,14,38,19,0.5,0.368421052631579,0.4776223275184299,0.39473684210526316,0.39473684210526316,0.28569911923563646,0.7802042862194212
lor_vs_ror_task3,confounds_motion_propofol,15,38,19,0.5,0.7506925207756233,0.7921862902691086,0.6842105263157894,0.6842105263157895,0.1956384226343606,0.5630193839312896
lor_vs_ror_task3,confounds_motion_propofol,16,38,19,0.5,0.4487534626038781,0.4710401353042738,0.5,0.5,0.2908217318293205,0.7896380652924105
lor_vs_ror_task3,confounds_motion_propofol,17,38,19,0.5,0.4515235457063712,0.4499878324507567,0.5526315789473684,0.5526315789473685,0.28408434094842017,0.7867788837999278
lor_vs_ror_task3,confounds_motion_propofol,18,38,19,0.5,0.6094182825484764,0.5682725352076791,0.631578947368421,0.631578947368421,0.25484175965005346,0.7449067703674743
lor_vs_ror_task3,confounds_motion_propofol,19,38,19,0.5,0.5484764542936288,0.6248969714072687,0.5789473684210527,0.5789473684210527,0.25750341498340307,0.7121270931135325
lor_vs_ror_task3,confounds_motion_propofol,20,38,19,0.5,0.5706371191135734,0.5907144064916592,0.5789473684210527,0.5789473684210527,0.2587365979815866,0.7252235061642839
lor_vs_ror_task3,confounds_motion_propofol,21,38,19,0.5,0.20775623268698062,0.36317509830757266,0.39473684210526316,0.39473684210526316,0.30966131531908986,0.8230322222376
lor_vs_ror_task3,confounds_motion_propofol,22,38,19,0.5,0.12742382271468145,0.3421164648833477,0.2631578947368421,0.2631578947368421,0.3161142293158342,0.8345779171089157
lor_vs_ror_task3,confounds_motion_propofol,23,38,19,0.5,0.6177285318559557,0.5881844548495156,0.6052631578947368,0.6052631578947368,0.24115437132041392,0.7045267982037702
lor_vs_ror_task3,confounds_motion_propofol,24,38,19,0.5,0.44321329639889195,0.4555393896706309,0.47368421052631576,0.47368421052631576,0.2774194472850514,0.7552352580406589
lor_vs_ror_task3,confounds_motion_propofol,25,38,19,0.5,0.4238227146814404,0.49821085309590896,0.5,0.5,0.2876968877252035,0.8008218973216432
lor_vs_ror_task3,confounds_motion_propofol,26,38,19,0.5,0.4986149584487535,0.48469074079015134,0.5526315789473684,0.5526315789473685,0.273440606166188,0.7621474666202214
lor_vs_ror_task3,confounds_motion_propofol,27,38,19,0.5,0.7146814404432132,0.7518925862139156,0.6842105263157895,0.6842105263157895,0.22368593329255174,0.6587521455114014
lor_vs_ror_task3,confounds_motion_propofol,28,38,19,0.5,0.21329639889196678,0.3659986122101605,0.3421052631578947,0.34210526315789475,0.3118415435807151,0.824634289697801
lor_vs_ror_task3,confounds_motion_propofol,29,38,19,0.5,0.6260387811634349,0.5674586155569757,0.631578947368421,0.631578947368421,0.23073268709831432,0.6502942965787302
lor_vs_ror_task3,confounds_motion_propofol,30,38,19,0.5,0.024930747922437695,0.3237808071971314,0.05263157894736842,0.05263157894736842,0.31836140474803093,0.8328722989192093
lor_vs_ror_task3,confounds_motion_propofol,31,38,19,0.5,0.3601108033240997,0.4276950164953261,0.42105263157894735,0.42105263157894735,0.305834637192404,0.8217029007993044
lor_vs_ror_task3,confounds_motion_propofol,32,38,19,0.5,0.23268698060941825,0.3827224143875644,0.39473684210526316,0.39473684210526316,0.31178590192469435,0.8280182258391635
lor_vs_ror_task3,confounds_motion_propofol,33,38,19,0.5,0.4681440443213296,0.4940802981782317,0.5,0.5,0.28840874915792847,0.7963850622366462
lor_vs_ror_task3,confounds_motion_propofol,34,38,19,0.5,0.35180055401662047,0.41472949236965256,0.39473684210526316,0.39473684210526316,0.3040553900004057,0.8121440924734061
lor_vs_ror_task3,confounds_motion_propofol,35,38,19,0.5,0.5013850415512465,0.5372668577337507,0.5263157894736842,0.5263157894736842,0.27836039926910544,0.7711720741312846
lor_vs_ror_task3,confounds_motion_propofol,36,38,19,0.5,0.556786703601108,0.6870646984279369,0.5526315789473684,0.5526315789473685,0.2578322510986701,0.7103847580846597
lor_vs_ror_task3,confounds_motion_propofol,37,38,19,0.5,0.14681440443213295,0.34705410354762883,0.3157894736842105,0.3157894736842105,0.31991626251260563,0.8414229796355879
lor_vs_ror_task3,confounds_motion_propofol,38,38,19,0.5,0.2797783933518005,0.398744408547914,0.3157894736842105,0.3157894736842105,0.3112692784997419,0.8259342333252361
lor_vs_ror_task3,confounds_motion_propofol,39,38,19,0.5,0.4598337950138504,0.4667149101528944,0.42105263157894735,0.42105263157894735,0.29014274026932196,0.7819775709448605
lor_vs_ror_task3,confounds_motion_propofol,40,38,19,0.5,0.40997229916897504,0.47694422527133296,0.39473684210526316,0.39473684210526316,0.28448479201699106,0.7998839102569361
lor_vs_ror_task3,confounds_motion_propofol,41,38,19,0.5,0.4930747922437674,0.5126293453874885,0.5789473684210527,0.5789473684210527,0.28590615985492135,0.788474837226119
lor_vs_ror_task3,confounds_motion_propofol,42,38,19,0.5,0.19667590027700832,0.36135149255398685,0.2894736842105263,0.2894736842105263,0.312630500376472,0.8301467409941184
lor_vs_ror_task3,confounds_motion_propofol,43,38,19,0.5,0.368421052631579,0.530575224855161,0.42105263157894735,0.42105263157894735,0.28507374107539674,0.7658463025101463
lor_vs_ror_task3,confounds_motion_propofol,44,38,19,0.5,0.6675900277008311,0.580465376737578,0.736842105263158,0.7368421052631579,0.20690397646762657,0.591097203831864
lor_vs_ror_task3,confounds_motion_propofol,45,38,19,0.5,0.5346260387811634,0.638339844852253,0.47368421052631576,0.47368421052631576,0.26814018187466226,0.7437509885377345
lor_vs_ror_task3,confounds_motion_propofol,46,38,19,0.5,0.45429362880886426,0.46430005192029306,0.5,0.5,0.2876464697546477,0.7808800181632609
lor_vs_ror_task3,confounds_motion_propofol,47,38,19,0.5,0.31855955678670356,0.423760626295456,0.4473684210526315,0.4473684210526316,0.3074835747822845,0.8284231433189844
lor_vs_ror_task3,confounds_motion_propofol,48,38,19,0.5,0.13850415512465375,0.3471712568142461,0.2631578947368421,0.2631578947368421,0.3131040568251238,0.8242627425487838
lor_vs_ror_task3,confounds_motion_propofol,49,38,19,0.5,0.46260387811634346,0.5831705733960388,0.5789473684210527,0.5789473684210527,0.27581095347041784,0.7631938223462106
lor_vs_ror_task3,confounds_motion_propofol,50,38,19,0.5,0.48753462603878117,0.47666646714800265,0.5,0.5,0.28432985863343474,0.7881989348972431
lor_vs_ror_task3,confounds_motion_propofol,51,38,19,0.5,0.43490304709141275,0.45155254054739175,0.4736842105263158,0.47368421052631576,0.2916382052216151,0.7969089910736384
lor_vs_ror_task3,confounds_motion_propofol,52,38,19,0.5,0.46537396121883656,0.4681186000392742,0.5263157894736842,0.5263157894736842,0.2911989687004712,0.7932674405411084
lor_vs_ror_task3,confounds_motion_propofol,53,38,19,0.5,0.7285318559556786,0.7314842676665116,0.7368421052631579,0.7368421052631579,0.2148272626941059,0.6339840052100387
lor_vs_ror_task3,confounds_motion_propofol,54,38,19,0.5,0.26038781163434904,0.38442764992602174,0.3421052631578947,0.34210526315789475,0.313649167628113,0.8358885090327736
lor_vs_ror_task3,confounds_motion_propofol,55,38,19,0.5,0.5180055401662049,0.47831286828221253,0.631578947368421,0.631578947368421,0.2668856711318698,0.7391229300518529
lor_vs_ror_task3,confounds_motion_propofol,56,38,19,0.5,0.5263157894736843,0.48541432732706613,0.6052631578947368,0.6052631578947368,0.2543430360699623,0.7067688851735496
lor_vs_ror_task3,confounds_motion_propofol,57,38,19,0.5,0.42382271468144045,0.4961800210486458,0.47368421052631576,0.47368421052631576,0.2912326607362913,0.789247208474688
lor_vs_ror_task3,confounds_motion_propofol,58,38,19,0.5,0.5484764542936289,0.6666823921309346,0.5526315789473684,0.5526315789473685,0.2520748358353351,0.6990198513281728
lor_vs_ror_task3,confounds_motion_propofol,59,38,19,0.5,0.31301939058171746,0.4240169446922891,0.42105263157894735,0.42105263157894735,0.3055045485043218,0.8115774967543907
lor_vs_ror_task3,confounds_motion_propofol,60,38,19,0.5,0.6343490304709141,0.602959750393087,0.6578947368421053,0.6578947368421053,0.2431584451819256,0.6809984758177356
lor_vs_ror_task3,confounds_motion_propofol,61,38,19,0.5,0.6260387811634349,0.6330620498240636,0.6578947368421053,0.6578947368421053,0.24990281108014836,0.7393334434157954
lor_vs_ror_task3,confounds_motion_propofol,62,38,19,0.5,0.34349030470914127,0.42562846898131435,0.39473684210526316,0.39473684210526316,0.2967260462820209,0.794571072641107
lor_vs_ror_task3,confounds_motion_propofol,63,38,19,0.5,0.45983379501385035,0.5291482320466352,0.5526315789473684,0.5526315789473685,0.2885751879425245,0.8167587140396326
lor_vs_ror_task3,confounds_motion_propofol,64,38,19,0.5,0.39335180055401664,0.44012207932079206,0.4473684210526315,0.4473684210526316,0.30538014661208274,0.8220641145111287
lor_vs_ror_task3,confounds_motion_propofol,65,38,19,0.5,0.3795013850415513,0.4338775016938296,0.4736842105263158,0.47368421052631576,0.3046964330445165,0.8201345945247385
lor_vs_ror_task3,confounds_motion_propofol,66,38,19,0.5,0.4044321329639889,0.4722965661841735,0.4473684210526315,0.4473684210526316,0.2884406277396121,0.7841956193741043
lor_vs_ror_task3,confounds_motion_propofol,67,38,19,0.5,0.42105263157894735,0.4484694865431954,0.4473684210526315,0.4473684210526316,0.29467146592490917,0.7971866303809169
lor_vs_ror_task3,confounds_motion_propofol,68,38,19,0.5,0.4376731301939058,0.4610917435102245,0.5526315789473684,0.5526315789473685,0.2968372676111349,0.8052208990903427
lor_vs_ror_task3,confounds_motion_propofol,69,38,19,0.5,0.4210526315789474,0.44087931757722437,0.4736842105263158,0.47368421052631576,0.2901304061193891,0.7999502754833551
lor_vs_ror_task3,confounds_motion_propofol,70,38,19,0.5,0.44321329639889195,0.477243835930261,0.42105263157894735,0.42105263157894735,0.28207184547710745,0.762040165757675
lor_vs_ror_task3,confounds_motion_propofol,71,38,19,0.5,0.5346260387811634,0.5279479200077327,0.5263157894736842,0.5263157894736842,0.2630571393498463,0.7255150857121911
lor_vs_ror_task3,confounds_motion_propofol,72,38,19,0.5,0.4958448753462603,0.5322550801538357,0.5789473684210527,0.5789473684210527,0.28353090117128504,0.7804532344873719
lor_vs_ror_task3,confounds_motion_propofol,73,38,19,0.5,0.38227146814404434,0.5016765381751676,0.47368421052631576,0.47368421052631576,0.2907852647360241,0.8125397933750698
lor_vs_ror_task3,confounds_motion_propofol,74,38,19,0.5,0.3656509695290859,0.42880466019345415,0.5263157894736842,0.5263157894736842,0.29297765178717877,0.7980761772237993
lor_vs_ror_task3,confounds_motion_propofol,75,38,19,0.5,0.6260387811634349,0.582570106314017,0.631578947368421,0.631578947368421,0.2569425826563611,0.7361887853898141
lor_vs_ror_task3,confounds_motion_propofol,76,38,19,0.5,0.38227146814404434,0.4233684925325792,0.4473684210526315,0.4473684210526316,0.2969123415375459,0.8016060779552981
lor_vs_ror_task3,confounds_motion_propofol,77,38,19,0.5,0.41274238227146814,0.459287010621344,0.4473684210526315,0.4473684210526316,0.29891865563753717,0.8067906083401287
lor_vs_ror_task3,confounds_motion_propofol,78,38,19,0.5,0.6371191135734072,0.670030963920442,0.5526315789473684,0.5526315789473685,0.25006280555243277,0.7020131596832879
lor_vs_ror_task3,confounds_motion_propofol,79,38,19,0.5,0.2770083102493075,0.38565936306834353,0.39473684210526316,0.39473684210526316,0.3082245266052551,0.8204206931762745
lor_vs_ror_task3,confounds_motion_propofol,80,38,19,0.5,0.7146814404432132,0.6732750118225723,0.7105263157894737,0.7105263157894737,0.21608522352354798,0.6750762186042814
lor_vs_ror_task3,confounds_motion_propofol,81,38,19,0.5,0.5263157894736841,0.6025946013446013,0.6052631578947368,0.6052631578947368,0.2753557497484937,0.7591298515035474
lor_vs_ror_task3,confounds_motion_propofol,82,38,19,0.5,0.7174515235457063,0.7679504000738118,0.6578947368421053,0.6578947368421053,0.2137461695384258,0.6116934147195089
lor_vs_ror_task3,confounds_motion_propofol,83,38,19,0.5,0.16897506925207756,0.35309198741768444,0.2894736842105263,0.2894736842105263,0.310218876955736,0.8296431134684877
lor_vs_ror_task3,confounds_motion_propofol,84,38,19,0.5,0.5678670360110804,0.5433344155433266,0.5526315789473684,0.5526315789473685,0.2711838914795433,0.7657691857695014
lor_vs_ror_task3,confounds_motion_propofol,85,38,19,0.5,0.4570637119113573,0.4699498631118999,0.5263157894736842,0.5263157894736842,0.2935503890667149,0.796226084266516
lor_vs_ror_task3,confounds_motion_propofol,86,38,19,0.5,0.6786703601108033,0.6494288199658718,0.6578947368421053,0.6578947368421053,0.2316240711183522,0.6614746367853291
lor_vs_ror_task3,confounds_motion_propofol,87,38,19,0.5,0.47091412742382266,0.5057830809344854,0.5,0.5,0.2883813916685434,0.7898075486554644
lor_vs_ror_task3,confounds_motion_propofol,88,38,19,0.5,0.5706371191135734,0.5720357198920066,0.5789473684210527,0.5789473684210527,0.26988724033917916,0.7723233383938277
lor_vs_ror_task3,confounds_motion_propofol,89,38,19,0.5,0.6038781163434903,0.6925256409381122,0.6052631578947368,0.6052631578947368,0.24597091246474193,0.6882894872100064
lor_vs_ror_task3,confounds_motion_propofol,90,38,19,0.5,0.6454293628808865,0.5665076076440945,0.6842105263157895,0.6842105263157895,0.23856082190531652,0.682170308937675
lor_vs_ror_task3,confounds_motion_propofol,91,38,19,0.5,0.2770083102493075,0.3884362940516191,0.3684210526315789,0.3684210526315789,0.3113887016452698,0.8320751552890809
lor_vs_ror_task3,confounds_motion_propofol,92,38,19,0.5,0.5706371191135734,0.667414841367783,0.6052631578947368,0.6052631578947368,0.24812445825458307,0.686266671315337
lor_vs_ror_task3,confounds_motion_propofol,93,38,19,0.5,0.445983379501385,0.4662342803741023,0.5526315789473684,0.5526315789473685,0.2955266366779662,0.8011965500090727
lor_vs_ror_task3,confounds_motion_propofol,94,38,19,0.5,0.46537396121883656,0.5256408858951342,0.39473684210526316,0.39473684210526316,0.28462365422726144,0.7659508475846352
lor_vs_ror_task3,confounds_motion_propofol,95,38,19,0.5,0.3739612188365651,0.4368481610101144,0.42105263157894735,0.42105263157894735,0.29875018244149665,0.8125255772460754
lor_vs_ror_task3,confounds_motion_propofol,96,38,19,0.5,0.4792243767313019,0.5101243465753813,0.5789473684210527,0.5789473684210527,0.29380019315374417,0.8235700902312257
lor_vs_ror_task3,confounds_motion_propofol,97,38,19,0.5,0.21329639889196675,0.37159725242310276,0.2631578947368421,0.2631578947368421,0.30512497753146584,0.8107614571610157
lor_vs_ror_task3,confounds_motion_propofol,98,38,19,0.5,0.3850415512465374,0.4548292931141368,0.42105263157894735,0.42105263157894735,0.3041440451498221,0.8154452037277032
lor_vs_ror_task3,confounds_motion_propofol,99,38,19,0.5,0.5263157894736842,0.5168376216186348,0.5,0.5,0.2734070875505853,0.7547257751703951
lor_vs_ror_task3,confounds_motion_propofol,100,38,19,0.5,0.46814404432132967,0.4913291050925742,0.5263157894736842,0.5263157894736842,0.29114769465355134,0.8131418915553205
lor_vs_ror_task3,standard_fc_plus_confounds,1,38,19,0.5,0.4903047091412743,0.5071602812640252,0.4473684210526315,0.4473684210526316,0.2836605870802238,0.7841037688743724
lor_vs_ror_task3,standard_fc_plus_confounds,2,38,19,0.5,0.5152354570637119,0.6018778715275901,0.5789473684210527,0.5789473684210527,0.27992716397406925,0.7686170455198406
lor_vs_ror_task3,standard_fc_plus_confounds,3,38,19,0.5,0.5789473684210527,0.5576819568743111,0.6578947368421053,0.6578947368421053,0.2774520039809645,0.8156820579583688
lor_vs_ror_task3,standard_fc_plus_confounds,4,38,19,0.5,0.32409972299168976,0.41021098427492714,0.47368421052631576,0.47368421052631576,0.31706275027492914,0.8433981280315286
lor_vs_ror_task3,standard_fc_plus_confounds,5,38,19,0.5,0.3157894736842105,0.4171770472695175,0.3684210526315789,0.3684210526315789,0.32293670535718955,0.8705055157977487
lor_vs_ror_task3,standard_fc_plus_confounds,6,38,19,0.5,0.5817174515235457,0.5348633242462839,0.5789473684210527,0.5789473684210527,0.25009849140483537,0.6921846586353719
lor_vs_ror_task3,standard_fc_plus_confounds,7,38,19,0.5,0.47645429362880887,0.5522442044443099,0.5,0.5,0.28815894308953055,0.8086379801105544
lor_vs_ror_task3,standard_fc_plus_confounds,8,38,19,0.5,0.4792243767313019,0.541504213441161,0.47368421052631576,0.47368421052631576,0.29376092140051446,0.8059583366833031
lor_vs_ror_task3,standard_fc_plus_confounds,9,38,19,0.5,0.3379501385041551,0.4151954667407854,0.47368421052631576,0.47368421052631576,0.3171877122647699,0.8662416961684869
lor_vs_ror_task3,standard_fc_plus_confounds,10,38,19,0.5,0.42105263157894735,0.5076040876757659,0.39473684210526316,0.39473684210526316,0.30600144087141995,0.8184620797970675
lor_vs_ror_task3,standard_fc_plus_confounds,11,38,19,0.5,0.13019390581717452,0.34349021575367544,0.15789473684210525,0.15789473684210525,0.3330165020346073,0.8681085401523598
lor_vs_ror_task3,standard_fc_plus_confounds,12,38,19,0.5,0.8005540166204986,0.7037259254303412,0.7894736842105263,0.7894736842105263,0.1746710493929801,0.5340301983960584
lor_vs_ror_task3,standard_fc_plus_confounds,13,38,19,0.5,0.4570637119113573,0.46943023889397073,0.5,0.5,0.2982081560250082,0.8223010525101998
lor_vs_ror_task3,standard_fc_plus_confounds,14,38,19,0.5,0.5346260387811634,0.5514949861138589,0.5263157894736842,0.5263157894736842,0.271529498723657,0.7577492777386902
lor_vs_ror_task3,standard_fc_plus_confounds,15,38,19,0.5,0.5401662049861495,0.5996533698571049,0.5789473684210527,0.5789473684210527,0.2839726656834859,0.8292713482203493
lor_vs_ror_task3,standard_fc_plus_confounds,16,38,19,0.5,0.631578947368421,0.6119311644778537,0.6052631578947368,0.6052631578947368,0.2517574948726994,0.7174345797653743
lor_vs_ror_task3,standard_fc_plus_confounds,17,38,19,0.5,0.26038781163434904,0.4001693300000587,0.39473684210526316,0.39473684210526316,0.30990355630009153,0.8257206949786474
lor_vs_ror_task3,standard_fc_plus_confounds,18,38,19,0.5,0.5401662049861495,0.6012848746939538,0.5526315789473684,0.5526315789473685,0.2694794234237469,0.7655175902302283
lor_vs_ror_task3,standard_fc_plus_confounds,19,38,19,0.5,0.5872576177285319,0.5697670763936413,0.6052631578947368,0.6052631578947368,0.26384255887668545,0.7801322438833299
lor_vs_ror_task3,standard_fc_plus_confounds,20,38,19,0.5,0.6897506925207756,0.6994003748021784,0.6052631578947368,0.6052631578947368,0.23224080311603282,0.6726086624083285
lor_vs_ror_task3,standard_fc_plus_confounds,21,38,19,0.5,0.42105263157894735,0.4426165266799942,0.47368421052631576,0.47368421052631576,0.30408705155667753,0.8211795433587988
lor_vs_ror_task3,standard_fc_plus_confounds,22,38,19,0.5,0.445983379501385,0.4442040734939399,0.5263157894736842,0.5263157894736842,0.27792728046903137,0.749094613157828
lor_vs_ror_task3,standard_fc_plus_confounds,23,38,19,0.5,0.22714681440443213,0.3703531184315818,0.3421052631578947,0.34210526315789475,0.33007641132744475,0.8672978846126876
lor_vs_ror_task3,standard_fc_plus_confounds,24,38,19,0.5,0.6620498614958448,0.6874295841174245,0.6842105263157895,0.6842105263157895,0.24043442613048582,0.7472425300764435
lor_vs_ror_task3,standard_fc_plus_confounds,25,38,19,0.5,0.592797783933518,0.5831609755318143,0.6052631578947368,0.6052631578947368,0.26744546777084854,0.7779655808420491
lor_vs_ror_task3,standard_fc_plus_confounds,26,38,19,0.5,0.37950138504155123,0.48430566687734516,0.42105263157894735,0.42105263157894735,0.3107506432051697,0.8245530292608149
lor_vs_ror_task3,standard_fc_plus_confounds,27,38,19,0.5,0.27146814404432135,0.38479850988339953,0.42105263157894735,0.42105263157894735,0.3219124555204615,0.8561072265253736
lor_vs_ror_task3,standard_fc_plus_confounds,28,38,19,0.5,0.631578947368421,0.567019991501575,0.6052631578947368,0.6052631578947368,0.2520408750336703,0.7343376049165937
lor_vs_ror_task3,standard_fc_plus_confounds,29,38,19,0.5,0.5373961218836565,0.6014714391978604,0.6052631578947368,0.6052631578947368,0.2669300439829081,0.7434179289359955
lor_vs_ror_task3,standard_fc_plus_confounds,30,38,19,0.5,0.5346260387811634,0.5338384286408687,0.47368421052631576,0.47368421052631576,0.27161069952837585,0.7467014603918368
lor_vs_ror_task3,standard_fc_plus_confounds,31,38,19,0.5,0.4293628808864266,0.470919879793185,0.47368421052631576,0.47368421052631576,0.3001473645638448,0.8162266789991396
lor_vs_ror_task3,standard_fc_plus_confounds,32,38,19,0.5,0.2631578947368421,0.38325852974167923,0.3421052631578947,0.34210526315789475,0.3228490242476486,0.8526547515286564
lor_vs_ror_task3,standard_fc_plus_confounds,33,38,19,0.5,0.5041551246537396,0.5236828813236873,0.5,0.5,0.2864048883664816,0.7920810915408624
lor_vs_ror_task3,standard_fc_plus_confounds,34,38,19,0.5,0.6260387811634348,0.6486958542583731,0.6578947368421053,0.6578947368421053,0.23354781152400614,0.6746254975242671
lor_vs_ror_task3,standard_fc_plus_confounds,35,38,19,0.5,0.6177285318559557,0.6133967797638691,0.5526315789473684,0.5526315789473685,0.25266020119368304,0.731410110210341
lor_vs_ror_task3,standard_fc_plus_confounds,36,38,19,0.5,0.554016620498615,0.5619896758795745,0.5,0.5,0.2764528839143927,0.7614122270434083
lor_vs_ror_task3,standard_fc_plus_confounds,37,38,19,0.5,0.260387811634349,0.4051616846026208,0.3421052631578947,0.34210526315789475,0.32828058807460186,0.8697584784374481
lor_vs_ror_task3,standard_fc_plus_confounds,38,38,19,0.5,0.554016620498615,0.5073580476739804,0.5526315789473684,0.5526315789473685,0.2640451410270009,0.7192193010330418
lor_vs_ror_task3,standard_fc_plus_confounds,39,38,19,0.5,0.5872576177285318,0.5744666260178725,0.5263157894736842,0.5263157894736842,0.2630407607377297,0.7574841769560945
lor_vs_ror_task3,standard_fc_plus_confounds,40,38,19,0.5,0.45429362880886426,0.4797022408235223,0.5,0.5,0.29555851406698713,0.8058337586654064
lor_vs_ror_task3,standard_fc_plus_confounds,41,38,19,0.5,0.5207756232686981,0.5349972777950617,0.5526315789473684,0.5526315789473685,0.28375960852902954,0.7972784250782319
lor_vs_ror_task3,standard_fc_plus_confounds,42,38,19,0.5,0.39889196675900274,0.4473625939325422,0.47368421052631576,0.47368421052631576,0.3074895650815523,0.830884421145584
lor_vs_ror_task3,standard_fc_plus_confounds,43,38,19,0.5,0.6620498614958449,0.6754723986165845,0.6578947368421053,0.6578947368421053,0.24071228429332345,0.7020881823719011
lor_vs_ror_task3,standard_fc_plus_confounds,44,38,19,0.5,0.7811634349030471,0.7215589721415043,0.763157894736842,0.7631578947368421,0.1862004106824484,0.6965545433282937
lor_vs_ror_task3,standard_fc_plus_confounds,45,38,19,0.5,0.41551246537396125,0.4590969825091256,0.5263157894736842,0.5263157894736842,0.30010766516916215,0.8176755663985915
lor_vs_ror_task3,standard_fc_plus_confounds,46,38,19,0.5,0.6925207756232687,0.7530582814359956,0.6578947368421053,0.6578947368421053,0.22636819014079765,0.6558587979881169
lor_vs_ror_task3,standard_fc_plus_confounds,47,38,19,0.5,0.5900277008310248,0.6127037251810392,0.6052631578947368,0.6052631578947368,0.2518621414952293,0.7058880600266464
lor_vs_ror_task3,standard_fc_plus_confounds,48,38,19,0.5,0.40166204986149584,0.45493705424887,0.4473684210526316,0.4473684210526316,0.30363723551672034,0.8172806647326112
lor_vs_ror_task3,standard_fc_plus_confounds,49,38,19,0.5,0.2797783933518005,0.3838212186017178,0.3421052631578947,0.34210526315789475,0.30658711159626806,0.8240744367003959
lor_vs_ror_task3,standard_fc_plus_confounds,50,38,19,0.5,0.481994459833795,0.4783501731320025,0.6052631578947368,0.6052631578947368,0.29567974971719463,0.8101653090439022
lor_vs_ror_task3,standard_fc_plus_confounds,51,38,19,0.5,0.260387811634349,0.3946168789436378,0.3421052631578947,0.34210526315789475,0.3235412810319858,0.8546224552075747
lor_vs_ror_task3,standard_fc_plus_confounds,52,38,19,0.5,0.4349030470914127,0.5085882606780439,0.5,0.5,0.29879817518564006,0.8087059715005092
lor_vs_ror_task3,standard_fc_plus_confounds,53,38,19,0.5,0.8476454293628809,0.8930337693495585,0.763157894736842,0.7631578947368421,0.16174027736972457,0.5444922324095365
lor_vs_ror_task3,standard_fc_plus_confounds,54,38,19,0.5,0.5650969529085873,0.5375397650865594,0.631578947368421,0.631578947368421,0.2780911181853822,0.8109359143475077
lor_vs_ror_task3,standard_fc_plus_confounds,55,38,19,0.5,0.6038781163434903,0.6306782004150424,0.5789473684210527,0.5789473684210527,0.26736231822567175,0.7441854155859648
lor_vs_ror_task3,standard_fc_plus_confounds,56,38,19,0.5,0.6177285318559557,0.5928570021332533,0.5526315789473684,0.5526315789473685,0.24635522775273844,0.6958842408196189
lor_vs_ror_task3,standard_fc_plus_confounds,57,38,19,0.5,0.5789473684210527,0.6069627999764873,0.6052631578947368,0.6052631578947368,0.27360159805051426,0.7730492477771979
lor_vs_ror_task3,standard_fc_plus_confounds,58,38,19,0.5,0.407202216066482,0.4445006973006692,0.4473684210526315,0.4473684210526316,0.3005683481066314,0.8073790821464911
lor_vs_ror_task3,standard_fc_plus_confounds,59,38,19,0.5,0.3684210526315789,0.42936156218139643,0.3684210526315789,0.3684210526315789,0.31023124464945057,0.8491940647939986
lor_vs_ror_task3,standard_fc_plus_confounds,60,38,19,0.5,0.30470914127423826,0.4001418402873077,0.47368421052631576,0.47368421052631576,0.3282056265604097,0.8700653951444025
lor_vs_ror_task3,standard_fc_plus_confounds,61,38,19,0.5,0.11634349030470914,0.33937179836098086,0.21052631578947367,0.21052631578947367,0.3262122727907102,0.8523470793582462
lor_vs_ror_task3,standard_fc_plus_confounds,62,38,19,0.5,0.45706371191135736,0.5044223181080371,0.39473684210526316,0.39473684210526316,0.2893848254533954,0.8102130926800907
lor_vs_ror_task3,standard_fc_plus_confounds,63,38,19,0.5,0.6011080332409973,0.5787815804920835,0.5526315789473684,0.5526315789473685,0.2599888576064704,0.7347860395932025
lor_vs_ror_task3,standard_fc_plus_confounds,64,38,19,0.5,0.4515235457063712,0.45763890529588314,0.5,0.5,0.2992473587831137,0.8101132015103509
lor_vs_ror_task3,standard_fc_plus_confounds,65,38,19,0.5,0.4736842105263158,0.5071481569252421,0.47368421052631576,0.47368421052631576,0.29779816805689807,0.812294680510862
lor_vs_ror_task3,standard_fc_plus_confounds,66,38,19,0.5,0.6149584487534626,0.5515187285116726,0.6578947368421053,0.6578947368421053,0.2589370781900513,0.7521492186155431
lor_vs_ror_task3,standard_fc_plus_confounds,67,38,19,0.5,0.371191135734072,0.4224201570695544,0.42105263157894735,0.42105263157894735,0.31269848116199167,0.8494848723357269
lor_vs_ror_task3,standard_fc_plus_confounds,68,38,19,0.5,0.2631578947368421,0.3870441914743777,0.2894736842105263,0.2894736842105263,0.31977701891950544,0.8415839720125811
lor_vs_ror_task3,standard_fc_plus_confounds,69,38,19,0.5,0.46260387811634346,0.533088637381634,0.5263157894736842,0.5263157894736842,0.2860944968245154,0.7992701160402175
lor_vs_ror_task3,standard_fc_plus_confounds,70,38,19,0.5,0.3739612188365651,0.42874633743775414,0.42105263157894735,0.42105263157894735,0.3075664505890469,0.8224319446444488
lor_vs_ror_task3,standard_fc_plus_confounds,71,38,19,0.5,0.31301939058171746,0.3976504427010598,0.42105263157894735,0.42105263157894735,0.31785404308362447,0.8414815733308292
lor_vs_ror_task3,standard_fc_plus_confounds,72,38,19,0.5,0.5318559556786704,0.5078489485292678,0.5526315789473684,0.5526315789473685,0.2857416632781558,0.7968646988693543
lor_vs_ror_task3,standard_fc_plus_confounds,73,38,19,0.5,0.42105263157894735,0.47471611148077136,0.47368421052631576,0.47368421052631576,0.3029959346189989,0.8174902116773456
lor_vs_ror_task3,standard_fc_plus_confounds,74,38,19,0.5,0.4653739612188366,0.4806439918881376,0.5789473684210527,0.5789473684210527,0.29531577365040784,0.8127234036644934
lor_vs_ror_task3,standard_fc_plus_confounds,75,38,19,0.5,0.5429362880886427,0.5160020054826343,0.5,0.5,0.2809246292046442,0.83420791131042
lor_vs_ror_task3,standard_fc_plus_confounds,76,38,19,0.5,0.39889196675900274,0.43315358445046503,0.4736842105263158,0.47368421052631576,0.302496218247121,0.8266456817921974
lor_vs_ror_task3,standard_fc_plus_confounds,77,38,19,0.5,0.6066481994459834,0.7107143416983233,0.5789473684210527,0.5789473684210527,0.24338893891574348,0.6729826981363265
lor_vs_ror_task3,standard_fc_plus_confounds,78,38,19,0.5,0.4182825484764543,0.46150293147192567,0.5,0.5,0.3053286714121655,0.8597442732506659
lor_vs_ror_task3,standard_fc_plus_confounds,79,38,19,0.5,0.296398891966759,0.41263365030093285,0.42105263157894735,0.42105263157894735,0.3107809040014271,0.8315680229884403
lor_vs_ror_task3,standard_fc_plus_confounds,80,38,19,0.5,0.5152354570637119,0.48731532145029943,0.5526315789473684,0.5526315789473685,0.27465863213733116,0.749721354128884
lor_vs_ror_task3,standard_fc_plus_confounds,81,38,19,0.5,0.32132963988919666,0.40363190784832303,0.39473684210526316,0.39473684210526316,0.31528779462281553,0.8439142601847848
lor_vs_ror_task3,standard_fc_plus_confounds,82,38,19,0.5,0.44321329639889195,0.499429309814967,0.42105263157894735,0.42105263157894735,0.2922933044291291,0.809975939557204
lor_vs_ror_task3,standard_fc_plus_confounds,83,38,19,0.5,0.3933518005540166,0.4609449516695098,0.4473684210526315,0.4473684210526316,0.3098126985463706,0.842735268049096
lor_vs_ror_task3,standard_fc_plus_confounds,84,38,19,0.5,0.556786703601108,0.6717933479491851,0.42105263157894735,0.42105263157894735,0.26311998871709874,0.7188203838362628
lor_vs_ror_task3,standard_fc_plus_confounds,85,38,19,0.5,0.7700831024930748,0.7508940979438028,0.736842105263158,0.7368421052631579,0.1946720669085015,0.6269652967930375
lor_vs_ror_task3,standard_fc_plus_confounds,86,38,19,0.5,0.47645429362880887,0.5121771298519702,0.5263157894736842,0.5263157894736842,0.28842100816416066,0.7988808918532734
lor_vs_ror_task3,standard_fc_plus_confounds,87,38,19,0.5,0.5318559556786704,0.5523552480915518,0.5,0.5,0.264508395199584,0.7319583674626827
lor_vs_ror_task3,standard_fc_plus_confounds,88,38,19,0.5,0.29085872576177285,0.3933571537127818,0.3421052631578947,0.34210526315789475,0.32272772931327703,0.8564833255697561
lor_vs_ror_task3,standard_fc_plus_confounds,89,38,19,0.5,0.29916897506925205,0.3934060666041134,0.39473684210526316,0.39473684210526316,0.3240129858588004,0.8588231091855869
lor_vs_ror_task3,standard_fc_plus_confounds,90,38,19,0.5,0.5844875346260388,0.6052598704461627,0.631578947368421,0.631578947368421,0.2641614256062015,0.7458484183958067
lor_vs_ror_task3,standard_fc_plus_confounds,91,38,19,0.5,0.6592797783933517,0.727319323217156,0.6052631578947368,0.6052631578947368,0.24689472827512188,0.7132283123598383
lor_vs_ror_task3,standard_fc_plus_confounds,92,38,19,0.5,0.5623268698060943,0.5273141696206479,0.5789473684210527,0.5789473684210527,0.2810380551629608,0.8015419166972367
lor_vs_ror_task3,standard_fc_plus_confounds,93,38,19,0.5,0.5096952908587258,0.4987619006853213,0.47368421052631576,0.47368421052631576,0.28192567094247223,0.7716219210882654
lor_vs_ror_task3,standard_fc_plus_confounds,94,38,19,0.5,0.49584487534626037,0.5728041254476444,0.47368421052631576,0.47368421052631576,0.28653921143747724,0.7948955221639179
lor_vs_ror_task3,standard_fc_plus_confounds,95,38,19,0.5,0.6675900277008311,0.5950922749450827,0.6052631578947368,0.6052631578947368,0.23635141217515013,0.6822371122285946
lor_vs_ror_task3,standard_fc_plus_confounds,96,38,19,0.5,0.3157894736842105,0.4283118480764944,0.3684210526315789,0.3684210526315789,0.3089083338385869,0.8221756693990304
lor_vs_ror_task3,standard_fc_plus_confounds,97,38,19,0.5,0.4349030470914127,0.46047118878152077,0.42105263157894735,0.42105263157894735,0.29925503400663334,0.8128040539365964
lor_vs_ror_task3,standard_fc_plus_confounds,98,38,19,0.5,0.49307479224376727,0.5334259262235501,0.5263157894736842,0.5263157894736842,0.2880591413821125,0.797935249736807
lor_vs_ror_task3,standard_fc_plus_confounds,99,38,19,0.5,0.407202216066482,0.4784560281832793,0.4736842105263158,0.47368421052631576,0.3032872301165157,0.8365611008201046
lor_vs_ror_task3,standard_fc_plus_confounds,100,38,19,0.5,0.7008310249307479,0.6723574279352311,0.631578947368421,0.631578947368421,0.2275621106516997,0.6775909023338745
lor_vs_ror_task3,gcc_core_plus_confounds,1,38,19,0.5,0.33240997229916897,0.4271440385077525,0.39473684210526316,0.39473684210526316,0.3221428487493238,0.8667637330450724
lor_vs_ror_task3,gcc_core_plus_confounds,2,38,19,0.5,0.3379501385041551,0.42108636726731885,0.42105263157894735,0.42105263157894735,0.33483908257089046,0.9073107324922546
lor_vs_ror_task3,gcc_core_plus_confounds,3,38,19,0.5,0.44598337950138506,0.46759778353782233,0.5263157894736842,0.5263157894736842,0.3027208749397082,0.851667295064983
lor_vs_ror_task3,gcc_core_plus_confounds,4,38,19,0.5,0.6869806094182825,0.650719748088169,0.631578947368421,0.631578947368421,0.23182535134435545,0.6791000075404532
lor_vs_ror_task3,gcc_core_plus_confounds,5,38,19,0.5,0.48753462603878117,0.5440657250744138,0.5,0.5,0.29632968363097356,0.8191388882722608
lor_vs_ror_task3,gcc_core_plus_confounds,6,38,19,0.5,0.17174515235457066,0.35247091238880723,0.2894736842105263,0.2894736842105263,0.3388074230344161,0.8925997055316077
lor_vs_ror_task3,gcc_core_plus_confounds,7,38,19,0.5,0.6149584487534625,0.6355102822755219,0.631578947368421,0.631578947368421,0.2520201980074425,0.7271769320229488
lor_vs_ror_task3,gcc_core_plus_confounds,8,38,19,0.5,0.5263157894736841,0.5461944732599917,0.5263157894736842,0.5263157894736842,0.2804518198483106,0.7880514650113927
lor_vs_ror_task3,gcc_core_plus_confounds,9,38,19,0.5,0.554016620498615,0.5214174933689674,0.5263157894736842,0.5263157894736842,0.27591781894056394,0.7617841141109363
lor_vs_ror_task3,gcc_core_plus_confounds,10,38,19,0.5,0.4404432132963989,0.4840951967954256,0.4473684210526315,0.4473684210526316,0.30546370598079353,0.8294139422673903
lor_vs_ror_task3,gcc_core_plus_confounds,11,38,19,0.5,0.515235457063712,0.6559305641855155,0.5,0.5,0.27444248670107296,0.7554897963648997
lor_vs_ror_task3,gcc_core_plus_confounds,12,38,19,0.5,0.4986149584487535,0.5032922994113123,0.39473684210526316,0.39473684210526316,0.28309431947418584,0.7853601584628901
lor_vs_ror_task3,gcc_core_plus_confounds,13,38,19,0.5,0.5650969529085872,0.6482686343564941,0.5526315789473684,0.5526315789473685,0.26156004136815086,0.7204566224716656
lor_vs_ror_task3,gcc_core_plus_confounds,14,38,19,0.5,0.3767313019390582,0.46600120055074085,0.39473684210526316,0.39473684210526316,0.3109621075060177,0.8289293549303083
lor_vs_ror_task3,gcc_core_plus_confounds,15,38,19,0.5,0.3047091412742382,0.4087060357749366,0.39473684210526316,0.39473684210526316,0.3322289805479987,0.8797195850746202
lor_vs_ror_task3,gcc_core_plus_confounds,16,38,19,0.5,0.5789473684210527,0.6096796460728349,0.5526315789473684,0.5526315789473685,0.27880537284855544,0.797081383779176
lor_vs_ror_task3,gcc_core_plus_confounds,17,38,19,0.5,0.5789473684210527,0.6066975033731228,0.5526315789473684,0.5526315789473685,0.26265983673737536,0.7316342726023994
lor_vs_ror_task3,gcc_core_plus_confounds,18,38,19,0.5,0.5013850415512465,0.5245756254591916,0.5,0.5,0.287921806948402,0.8037587756067468
lor_vs_ror_task3,gcc_core_plus_confounds,19,38,19,0.5,0.5401662049861495,0.5911507704077363,0.5789473684210527,0.5789473684210527,0.28492108456497184,0.809850459094671
lor_vs_ror_task3,gcc_core_plus_confounds,20,38,19,0.5,0.21606648199445982,0.36899510076768005,0.3157894736842105,0.3157894736842105,0.3379514159965099,0.8829598695089332
lor_vs_ror_task3,gcc_core_plus_confounds,21,38,19,0.5,0.5152354570637119,0.5028293111123041,0.5526315789473684,0.5526315789473685,0.28191997665132323,0.7735285146608737
lor_vs_ror_task3,gcc_core_plus_confounds,22,38,19,0.5,0.38781163434903043,0.452319070169636,0.42105263157894735,0.42105263157894735,0.30521953552356923,0.8224204060979907
lor_vs_ror_task3,gcc_core_plus_confounds,23,38,19,0.5,0.5595567867036011,0.6230414031893012,0.47368421052631576,0.47368421052631576,0.26499418842373834,0.7386240745466602
lor_vs_ror_task3,gcc_core_plus_confounds,24,38,19,0.5,0.631578947368421,0.6747417896838994,0.5789473684210527,0.5789473684210527,0.2490115503354162,0.6932246544481654
lor_vs_ror_task3,gcc_core_plus_confounds,25,38,19,0.5,0.6675900277008311,0.6016352363413128,0.6578947368421053,0.6578947368421053,0.2398649533125191,0.720429173982704
lor_vs_ror_task3,gcc_core_plus_confounds,26,38,19,0.5,0.6343490304709141,0.737981951375303,0.5789473684210527,0.5789473684210527,0.23526040712859117,0.6611173517183716
lor_vs_ror_task3,gcc_core_plus_confounds,27,38,19,0.5,0.5706371191135734,0.6089464443458112,0.5526315789473684,0.5526315789473685,0.27529657463505686,0.7582041615435616
lor_vs_ror_task3,gcc_core_plus_confounds,28,38,19,0.5,0.3462603878116343,0.4283813303204923,0.3684210526315789,0.3684210526315789,0.31420916659753617,0.8393708314858935
lor_vs_ror_task3,gcc_core_plus_confounds,29,38,19,0.5,0.5872576177285319,0.6362864999100868,0.5526315789473684,0.5526315789473685,0.26784494947520043,0.7407784232876533
lor_vs_ror_task3,gcc_core_plus_confounds,30,38,19,0.5,0.3047091412742382,0.4098809264547423,0.42105263157894735,0.42105263157894735,0.3280271865457402,0.8696850872175549
lor_vs_ror_task3,gcc_core_plus_confounds,31,38,19,0.5,0.5180055401662049,0.5398968050056978,0.5263157894736842,0.5263157894736842,0.2861056878445733,0.7920531945167039
lor_vs_ror_task3,gcc_core_plus_confounds,32,38,19,0.5,0.4626038781163435,0.5201633380263093,0.42105263157894735,0.42105263157894735,0.297287806777039,0.8060628793072411
lor_vs_ror_task3,gcc_core_plus_confounds,33,38,19,0.5,0.628808864265928,0.567529810476652,0.5789473684210527,0.5789473684210527,0.25123287946923,0.715795090026991
lor_vs_ror_task3,gcc_core_plus_confounds,34,38,19,0.5,0.47922437673130197,0.5291306634232985,0.5526315789473684,0.5526315789473685,0.2967001866160238,0.8373187177307956
lor_vs_ror_task3,gcc_core_plus_confounds,35,38,19,0.5,0.6454293628808863,0.648648062463852,0.631578947368421,0.631578947368421,0.2565133471601614,0.775987589667749
lor_vs_ror_task3,gcc_core_plus_confounds,36,38,19,0.5,0.6952908587257618,0.7513826807709776,0.6842105263157895,0.6842105263157895,0.233388335919283,0.6739356822078231
lor_vs_ror_task3,gcc_core_plus_confounds,37,38,19,0.5,0.4958448753462604,0.4933386266151172,0.5263157894736842,0.5263157894736842,0.2899292416350163,0.7942767633784118
lor_vs_ror_task3,gcc_core_plus_confounds,38,38,19,0.5,0.7285318559556786,0.65636064439132,0.7105263157894737,0.7105263157894737,0.21917150907184235,0.6954661325188212
lor_vs_ror_task3,gcc_core_plus_confounds,39,38,19,0.5,0.5429362880886426,0.5393388917465463,0.5263157894736842,0.5263157894736842,0.28140533897583736,0.8250681050115283
lor_vs_ror_task3,gcc_core_plus_confounds,40,38,19,0.5,0.6703601108033241,0.6642512202178386,0.631578947368421,0.631578947368421,0.22300473957364342,0.6182928563313369
lor_vs_ror_task3,gcc_core_plus_confounds,41,38,19,0.5,0.5789473684210527,0.5362734037394066,0.6052631578947368,0.6052631578947368,0.26421774389054375,0.7360959401022281
lor_vs_ror_task3,gcc_core_plus_confounds,42,38,19,0.5,0.23545706371191136,0.37659104189503034,0.3684210526315789,0.3684210526315789,0.32940945661396875,0.8634773209534585
lor_vs_ror_task3,gcc_core_plus_confounds,43,38,19,0.5,0.368421052631579,0.44765663634193764,0.39473684210526316,0.39473684210526316,0.3062967187971656,0.8180308729351957
lor_vs_ror_task3,gcc_core_plus_confounds,44,38,19,0.5,0.4515235457063712,0.5124623654401083,0.4473684210526315,0.4473684210526316,0.29316915658977305,0.8003353688317678
lor_vs_ror_task3,gcc_core_plus_confounds,45,38,19,0.5,0.6038781163434903,0.6539487329306235,0.6578947368421053,0.6578947368421053,0.2586053012688198,0.7505530147535683
lor_vs_ror_task3,gcc_core_plus_confounds,46,38,19,0.5,0.6371191135734072,0.5680757286434924,0.6578947368421053,0.6578947368421053,0.25132166299226794,0.7279234162978142
lor_vs_ror_task3,gcc_core_plus_confounds,47,38,19,0.5,0.4598337950138504,0.46696880865748835,0.47368421052631576,0.47368421052631576,0.2969830516086165,0.8173988484859807
lor_vs_ror_task3,gcc_core_plus_confounds,48,38,19,0.5,0.5429362880886426,0.5069509091753001,0.5789473684210527,0.5789473684210527,0.28151859443165395,0.7955573472324563
lor_vs_ror_task3,gcc_core_plus_confounds,49,38,19,0.5,0.5096952908587258,0.5336831062926349,0.5,0.5,0.2918495027391905,0.8453511264141443
lor_vs_ror_task3,gcc_core_plus_confounds,50,38,19,0.5,0.6066481994459834,0.5977725439534164,0.5263157894736842,0.5263157894736842,0.2554858850370725,0.7191060320425734
lor_vs_ror_task3,gcc_core_plus_confounds,51,38,19,0.5,0.368421052631579,0.42773558896315433,0.3421052631578947,0.34210526315789475,0.31537483450490356,0.8438108212791351
lor_vs_ror_task3,gcc_core_plus_confounds,52,38,19,0.5,0.5734072022160664,0.5148200863868129,0.5789473684210527,0.5789473684210527,0.2738951223530838,0.7814252547708559
lor_vs_ror_task3,gcc_core_plus_confounds,53,38,19,0.5,0.4570637119113573,0.45595850636017743,0.47368421052631576,0.47368421052631576,0.30055974518728973,0.8275030514905252
lor_vs_ror_task3,gcc_core_plus_confounds,54,38,19,0.5,0.2299168975069252,0.36975049324961834,0.3157894736842105,0.3157894736842105,0.33683040481810833,0.8868157292380726
lor_vs_ror_task3,gcc_core_plus_confounds,55,38,19,0.5,0.40720221606648194,0.46633351521529787,0.5263157894736842,0.5263157894736842,0.30429146588279793,0.83374555411676
lor_vs_ror_task3,gcc_core_plus_confounds,56,38,19,0.5,0.5734072022160666,0.6089205886322266,0.5789473684210527,0.5789473684210527,0.26847095547674943,0.7370294011576423
lor_vs_ror_task3,gcc_core_plus_confounds,57,38,19,0.5,0.7285318559556787,0.7520940676958905,0.6578947368421053,0.6578947368421053,0.21859236055077924,0.6255827113248954
lor_vs_ror_task3,gcc_core_plus_confounds,58,38,19,0.5,0.5734072022160664,0.5195567211083519,0.5789473684210527,0.5789473684210527,0.27759325417709935,0.7865412768856571
lor_vs_ror_task3,gcc_core_plus_confounds,59,38,19,0.5,0.5817174515235457,0.6489842043045704,0.5789473684210527,0.5789473684210527,0.26004910822859695,0.7248481453382059
lor_vs_ror_task3,gcc_core_plus_confounds,60,38,19,0.5,0.4986149584487534,0.5723874651068401,0.47368421052631576,0.47368421052631576,0.29297974545453753,0.7933890037765656
lor_vs_ror_task3,gcc_core_plus_confounds,61,38,19,0.5,0.44321329639889195,0.45217245709318443,0.5,0.5,0.30190576490662374,0.8415467347963674
lor_vs_ror_task3,gcc_core_plus_confounds,62,38,19,0.5,0.5429362880886427,0.5667965226948893,0.5263157894736842,0.5263157894736842,0.27319961089227707,0.7567767767103074
lor_vs_ror_task3,gcc_core_plus_confounds,63,38,19,0.5,0.48753462603878117,0.4988412373314156,0.5526315789473684,0.5526315789473685,0.29612298253167635,0.8169723591894578
lor_vs_ror_task3,gcc_core_plus_confounds,64,38,19,0.5,0.4099722991689751,0.47050762789671774,0.4473684210526315,0.4473684210526316,0.3033225643924293,0.8620276733715606
lor_vs_ror_task3,gcc_core_plus_confounds,65,38,19,0.5,0.515235457063712,0.5156982030644096,0.5789473684210527,0.5789473684210527,0.29323944047851613,0.8211798122271229
lor_vs_ror_task3,gcc_core_plus_confounds,66,38,19,0.5,0.43213296398891965,0.4691261588320411,0.47368421052631576,0.47368421052631576,0.2999816675683985,0.8191669717505693
lor_vs_ror_task3,gcc_core_plus_confounds,67,38,19,0.5,0.6343490304709142,0.6904295128681599,0.5789473684210527,0.5789473684210527,0.24968932005011782,0.7153070386596196
lor_vs_ror_task3,gcc_core_plus_confounds,68,38,19,0.5,0.30193905817174516,0.3992846126890491,0.3421052631578947,0.34210526315789475,0.33055487438292824,0.8797358245876584
lor_vs_ror_task3,gcc_core_plus_confounds,69,38,19,0.5,0.5263157894736843,0.4990330628152004,0.5526315789473684,0.5526315789473685,0.2978485647973865,0.8311562305707815
lor_vs_ror_task3,gcc_core_plus_confounds,70,38,19,0.5,0.41274238227146814,0.4621878608282425,0.4736842105263158,0.47368421052631576,0.31602035052446026,0.8622213096078121
lor_vs_ror_task3,gcc_core_plus_confounds,71,38,19,0.5,0.38504155124653733,0.46440411815758953,0.39473684210526316,0.39473684210526316,0.31697256858607376,0.8622698648890289
lor_vs_ror_task3,gcc_core_plus_confounds,72,38,19,0.5,0.4958448753462603,0.5743430459169785,0.5526315789473684,0.5526315789473685,0.28799131390480204,0.8026254806563442
lor_vs_ror_task3,gcc_core_plus_confounds,73,38,19,0.5,0.45983379501385047,0.4756229017476895,0.4736842105263158,0.47368421052631576,0.29262939215015227,0.7959558469927017
lor_vs_ror_task3,gcc_core_plus_confounds,74,38,19,0.5,0.41274238227146814,0.44456439184719787,0.4736842105263158,0.47368421052631576,0.3234160276165811,0.8838043493378755
lor_vs_ror_task3,gcc_core_plus_confounds,75,38,19,0.5,0.7146814404432134,0.6223149033210156,0.631578947368421,0.631578947368421,0.2330263560848306,0.7104093480023274
lor_vs_ror_task3,gcc_core_plus_confounds,76,38,19,0.5,0.6121883656509696,0.637821939795624,0.631578947368421,0.631578947368421,0.26126505636474995,0.7676745169224272
lor_vs_ror_task3,gcc_core_plus_confounds,77,38,19,0.5,0.3573407202216067,0.43313967067982273,0.39473684210526316,0.39473684210526316,0.3174348953867952,0.8415589038171721
lor_vs_ror_task3,gcc_core_plus_confounds,78,38,19,0.5,0.6786703601108034,0.6734830928909876,0.6842105263157894,0.6842105263157895,0.22871975930540503,0.6658663128851742
lor_vs_ror_task3,gcc_core_plus_confounds,79,38,19,0.5,0.48753462603878117,0.47643171493888103,0.5526315789473684,0.5526315789473685,0.30934075085105484,0.8717134857857637
lor_vs_ror_task3,gcc_core_plus_confounds,80,38,19,0.5,0.6481994459833796,0.6510084291818037,0.5789473684210527,0.5789473684210527,0.24221692834164443,0.6844456272435251
lor_vs_ror_task3,gcc_core_plus_confounds,81,38,19,0.5,0.1412742382271468,0.34640036750487674,0.2894736842105263,0.2894736842105263,0.3479847514242242,0.9039987200143401
lor_vs_ror_task3,gcc_core_plus_confounds,82,38,19,0.5,0.4542936288088643,0.520493787931415,0.5263157894736842,0.5263157894736842,0.3032927056036865,0.8328228011588106
lor_vs_ror_task3,gcc_core_plus_confounds,83,38,19,0.5,0.551246537396122,0.5100260849081262,0.5789473684210527,0.5789473684210527,0.2882090954098649,0.8167428993926509
lor_vs_ror_task3,gcc_core_plus_confounds,84,38,19,0.5,0.45429362880886426,0.46038949728154843,0.5263157894736842,0.5263157894736842,0.30579849844452217,0.852745240711356
lor_vs_ror_task3,gcc_core_plus_confounds,85,38,19,0.5,0.6149584487534627,0.6812037198992327,0.6578947368421053,0.6578947368421053,0.25757524017802114,0.7558211899834704
lor_vs_ror_task3,gcc_core_plus_confounds,86,38,19,0.5,0.21883656509695293,0.3655030572069344,0.3684210526315789,0.3684210526315789,0.33544055618201285,0.8771734673240832
lor_vs_ror_task3,gcc_core_plus_confounds,87,38,19,0.5,0.4349030470914128,0.4468680146268268,0.4473684210526315,0.4473684210526316,0.3089616077848638,0.8336121948953267
lor_vs_ror_task3,gcc_core_plus_confounds,88,38,19,0.5,0.3822714681440443,0.45352131332214984,0.4473684210526315,0.4473684210526316,0.3083530006343347,0.8338089304717458
lor_vs_ror_task3,gcc_core_plus_confounds,89,38,19,0.5,0.22160664819944598,0.3847991326188472,0.2894736842105263,0.2894736842105263,0.3417764134206267,0.9019804676677907
lor_vs_ror_task3,gcc_core_plus_confounds,90,38,19,0.5,0.5457063711911357,0.5823446600948348,0.5789473684210527,0.5789473684210527,0.2802319189980372,0.7866249802782899
lor_vs_ror_task3,gcc_core_plus_confounds,91,38,19,0.5,0.6149584487534625,0.5602607464822391,0.5789473684210527,0.5789473684210527,0.25738634536980426,0.7344310621295375
lor_vs_ror_task3,gcc_core_plus_confounds,92,38,19,0.5,0.4681440443213296,0.520508181253712,0.5526315789473684,0.5526315789473685,0.29453594406607336,0.8377491227832432
lor_vs_ror_task3,gcc_core_plus_confounds,93,38,19,0.5,0.6565096952908588,0.6931224661275723,0.6052631578947368,0.6052631578947368,0.25090850341436016,0.7157456755057172
lor_vs_ror_task3,gcc_core_plus_confounds,94,38,19,0.5,0.19113573407202217,0.3580274985895954,0.2894736842105263,0.2894736842105263,0.3466556028924187,0.9117058036022897
lor_vs_ror_task3,gcc_core_plus_confounds,95,38,19,0.5,0.5734072022160664,0.5900425272754221,0.5526315789473684,0.5526315789473685,0.27320862897511916,0.7738398984063397
lor_vs_ror_task3,gcc_core_plus_confounds,96,38,19,0.5,0.3213296398891967,0.41464676339437834,0.39473684210526316,0.39473684210526316,0.3259303104764962,0.8739559387896131
lor_vs_ror_task3,gcc_core_plus_confounds,97,38,19,0.5,0.4265927977839335,0.46977778019520305,0.4736842105263158,0.47368421052631576,0.2932932592586587,0.7977137970547632
lor_vs_ror_task3,gcc_core_plus_confounds,98,38,19,0.5,0.5235457063711911,0.5813109527152177,0.5,0.5,0.2832551368465843,0.7920660566641252
lor_vs_ror_task3,gcc_core_plus_confounds,99,38,19,0.5,0.47922437673130197,0.5317476044740256,0.47368421052631576,0.47368421052631576,0.2877850775756421,0.7803289707933957
lor_vs_ror_task3,gcc_core_plus_confounds,100,38,19,0.5,0.6426592797783933,0.7152358922077726,0.631578947368421,0.631578947368421,0.24884346599487825,0.7223529751852901
lor_vs_ror_task3,gcc_regime_plus_confounds,1,38,19,0.5,0.2825484764542936,0.4272845265968714,0.3421052631578947,0.34210526315789475,0.3384776102894433,0.9268530914106774
lor_vs_ror_task3,gcc_regime_plus_confounds,2,38,19,0.5,0.5734072022160664,0.5870701876600243,0.5263157894736842,0.5263157894736842,0.27341895152407625,0.8263783563707309
lor_vs_ror_task3,gcc_regime_plus_confounds,3,38,19,0.5,0.551246537396122,0.5356998233714751,0.5789473684210527,0.5789473684210527,0.29339540123368807,0.8672359272611837
lor_vs_ror_task3,gcc_regime_plus_confounds,4,38,19,0.5,0.4875346260387811,0.501777838169982,0.5263157894736842,0.5263157894736842,0.3078304177916527,0.8637856622317284
lor_vs_ror_task3,gcc_regime_plus_confounds,5,38,19,0.5,0.4792243767313019,0.48417129222240474,0.47368421052631576,0.47368421052631576,0.3106424556803353,0.8738234349296607
lor_vs_ror_task3,gcc_regime_plus_confounds,6,38,19,0.5,0.6759002770083103,0.6037242179621616,0.631578947368421,0.631578947368421,0.24106798284793673,0.7057502416343411
lor_vs_ror_task3,gcc_regime_plus_confounds,7,38,19,0.5,0.6066481994459835,0.6647577152149033,0.5789473684210527,0.5789473684210527,0.2514884614630442,0.695287613392195
lor_vs_ror_task3,gcc_regime_plus_confounds,8,38,19,0.5,0.6703601108033241,0.6618292163479145,0.6578947368421053,0.6578947368421053,0.25101387082013965,0.7705077005948211
lor_vs_ror_task3,gcc_regime_plus_confounds,9,38,19,0.5,0.36288088642659283,0.4193036916795226,0.47368421052631576,0.47368421052631576,0.33107890517513494,0.8993439430030916
lor_vs_ror_task3,gcc_regime_plus_confounds,10,38,19,0.5,0.6814404432132964,0.7033464481013558,0.6052631578947368,0.6052631578947368,0.23573942675859505,0.6776976314928395
lor_vs_ror_task3,gcc_regime_plus_confounds,11,38,19,0.5,0.46537396121883656,0.4785017283198397,0.47368421052631576,0.47368421052631576,0.30032456231070664,0.8471860286147281
lor_vs_ror_task3,gcc_regime_plus_confounds,12,38,19,0.5,0.48753462603878117,0.4947678534700406,0.5263157894736842,0.5263157894736842,0.3054164222672813,0.8572746958001867
lor_vs_ror_task3,gcc_regime_plus_confounds,13,38,19,0.5,0.40997229916897504,0.4739925344441076,0.5,0.5,0.3300561762470112,0.9231288485346084
lor_vs_ror_task3,gcc_regime_plus_confounds,14,38,19,0.5,0.5124653739612188,0.6093836161508186,0.47368421052631576,0.47368421052631576,0.2947761032305096,0.7956940798883685
lor_vs_ror_task3,gcc_regime_plus_confounds,15,38,19,0.5,0.5263157894736842,0.5093194399960735,0.5526315789473684,0.5526315789473685,0.2990858062873577,0.9040949862721714
lor_vs_ror_task3,gcc_regime_plus_confounds,16,38,19,0.5,0.27977839335180055,0.3842536003543523,0.3157894736842105,0.3157894736842105,0.35301567133321965,0.9549158784548484
lor_vs_ror_task3,gcc_regime_plus_confounds,17,38,19,0.5,0.4321329639889197,0.4582225265472284,0.5,0.5,0.3154397515842513,0.858061746299211
lor_vs_ror_task3,gcc_regime_plus_confounds,18,38,19,0.5,0.4847645429362881,0.48726417572038627,0.5,0.5,0.3142235912337139,0.9017799604609419
lor_vs_ror_task3,gcc_regime_plus_confounds,19,38,19,0.5,0.7229916897506925,0.7001320652636442,0.6578947368421053,0.6578947368421053,0.21856715028157586,0.6387194714599714
lor_vs_ror_task3,gcc_regime_plus_confounds,20,38,19,0.5,0.5457063711911357,0.5180311632507331,0.631578947368421,0.631578947368421,0.2909475704199105,0.8415019764281726
lor_vs_ror_task3,gcc_regime_plus_confounds,21,38,19,0.5,0.4293628808864266,0.46227642921194756,0.4473684210526316,0.4473684210526316,0.3178675480788381,0.8707513154309731
lor_vs_ror_task3,gcc_regime_plus_confounds,22,38,19,0.5,0.7008310249307479,0.6587318537110781,0.7105263157894737,0.7105263157894737,0.23002914804862237,0.6795716803674279
lor_vs_ror_task3,gcc_regime_plus_confounds,23,38,19,0.5,0.4293628808864266,0.47397483778378263,0.4473684210526315,0.4473684210526316,0.3179593036773621,0.863733068359403
lor_vs_ror_task3,gcc_regime_plus_confounds,24,38,19,0.5,0.4930747922437673,0.4845615166100699,0.4473684210526315,0.4473684210526316,0.29809806584345055,0.8338977952428515
lor_vs_ror_task3,gcc_regime_plus_confounds,25,38,19,0.5,0.2770083102493075,0.3950273958371707,0.39473684210526316,0.39473684210526316,0.3387069296160681,0.8921052341857888
lor_vs_ror_task3,gcc_regime_plus_confounds,26,38,19,0.5,0.2880886426592798,0.38835307260058705,0.3684210526315789,0.3684210526315789,0.34309726708764826,0.9241988563027003
lor_vs_ror_task3,gcc_regime_plus_confounds,27,38,19,0.5,0.5346260387811634,0.5026829830171736,0.5526315789473684,0.5526315789473685,0.2936673531156648,0.8360366033359529
lor_vs_ror_task3,gcc_regime_plus_confounds,28,38,19,0.5,0.6232686980609419,0.6378357272245216,0.5263157894736842,0.5263157894736842,0.26217170468306883,0.7392402680101838
lor_vs_ror_task3,gcc_regime_plus_confounds,29,38,19,0.5,0.3961218836565097,0.4275605955460887,0.47368421052631576,0.47368421052631576,0.31362501449245855,0.8542397108299787
lor_vs_ror_task3,gcc_regime_plus_confounds,30,38,19,0.5,0.3628808864265928,0.41918241261067135,0.3684210526315789,0.3684210526315789,0.3300796728306104,0.8836983672062791
lor_vs_ror_task3,gcc_regime_plus_confounds,31,38,19,0.5,0.3545706371191136,0.4253759282313824,0.39473684210526316,0.39473684210526316,0.3315427247397293,0.8912792714067005
lor_vs_ror_task3,gcc_regime_plus_confounds,32,38,19,0.5,0.3656509695290858,0.4299790584265638,0.3684210526315789,0.3684210526315789,0.3176070789875868,0.85476391392801
lor_vs_ror_task3,gcc_regime_plus_confounds,33,38,19,0.5,0.556786703601108,0.5374034778586714,0.5263157894736842,0.5263157894736842,0.2727630270695677,0.7708715588457484
lor_vs_ror_task3,gcc_regime_plus_confounds,34,38,19,0.5,0.6897506925207756,0.7416764364057882,0.631578947368421,0.631578947368421,0.2215981103319137,0.6289287172608448
lor_vs_ror_task3,gcc_regime_plus_confounds,35,38,19,0.5,0.47091412742382266,0.5343215069509752,0.5,0.5,0.31430067253353644,0.9040939814178774
lor_vs_ror_task3,gcc_regime_plus_confounds,36,38,19,0.5,0.46537396121883656,0.5171427724717198,0.5,0.5,0.30819043404076685,0.8624038857001073
lor_vs_ror_task3,gcc_regime_plus_confounds,37,38,19,0.5,0.24653739612188363,0.3745578583160143,0.3421052631578947,0.34210526315789475,0.3567885464955653,0.93988231977601
lor_vs_ror_task3,gcc_regime_plus_confounds,38,38,19,0.5,0.5290858725761773,0.645005856540861,0.5,0.5,0.28145962210155234,0.7710522301278795
lor_vs_ror_task3,gcc_regime_plus_confounds,39,38,19,0.5,0.21883656509695293,0.3679478514964537,0.3684210526315789,0.3684210526315789,0.366519818506484,0.9752307596179284
lor_vs_ror_task3,gcc_regime_plus_confounds,40,38,19,0.5,0.6537396121883657,0.668453828958776,0.631578947368421,0.631578947368421,0.24753720304096832,0.7216033148777389
lor_vs_ror_task3,gcc_regime_plus_confounds,41,38,19,0.5,0.551246537396122,0.5811027747993573,0.5526315789473684,0.5526315789473685,0.2857395579110694,0.8011947851281283
lor_vs_ror_task3,gcc_regime_plus_confounds,42,38,19,0.5,0.7036011080332409,0.6956728625098967,0.6842105263157894,0.6842105263157895,0.2289258040214209,0.6678613000788368
lor_vs_ror_task3,gcc_regime_plus_confounds,43,38,19,0.5,0.5235457063711911,0.5990332117119925,0.5526315789473684,0.5526315789473685,0.2937098673586296,0.7921943862320003
lor_vs_ror_task3,gcc_regime_plus_confounds,44,38,19,0.5,0.5817174515235457,0.6548033349100031,0.47368421052631576,0.47368421052631576,0.27524656551068943,0.7617949015604658
lor_vs_ror_task3,gcc_regime_plus_confounds,45,38,19,0.5,0.7008310249307479,0.731582329355223,0.6578947368421053,0.6578947368421053,0.2348112401100867,0.6919278628289135
lor_vs_ror_task3,gcc_regime_plus_confounds,46,38,19,0.5,0.6537396121883656,0.6861935522830713,0.6578947368421053,0.6578947368421053,0.24520900797653242,0.6996075704001135
lor_vs_ror_task3,gcc_regime_plus_confounds,47,38,19,0.5,0.5844875346260388,0.6109434251726902,0.6052631578947368,0.6052631578947368,0.2754565442575658,0.784054918646938
lor_vs_ror_task3,gcc_regime_plus_confounds,48,38,19,0.5,0.33518005540166207,0.4045318643470244,0.39473684210526316,0.39473684210526316,0.3391092172443393,0.920804624135534
lor_vs_ror_task3,gcc_regime_plus_confounds,49,38,19,0.5,0.26315789473684215,0.3805666787342832,0.3421052631578947,0.34210526315789475,0.34915350401939316,0.9160988359373646
lor_vs_ror_task3,gcc_regime_plus_confounds,50,38,19,0.5,0.520775623268698,0.5798606988772734,0.5526315789473684,0.5526315789473685,0.29798093339852266,0.8618295984401445
lor_vs_ror_task3,gcc_regime_plus_confounds,51,38,19,0.5,0.5069252077562327,0.5186753534474238,0.5789473684210527,0.5789473684210527,0.29392800524236945,0.8634567887839082
lor_vs_ror_task3,gcc_regime_plus_confounds,52,38,19,0.5,0.4127423822714681,0.4474196957437495,0.5,0.5,0.3306783905841014,0.9226033402833391
lor_vs_ror_task3,gcc_regime_plus_confounds,53,38,19,0.5,0.15235457063711913,0.3557974115173592,0.23684210526315788,0.23684210526315788,0.37126599046407377,0.9797058368930345
lor_vs_ror_task3,gcc_regime_plus_confounds,54,38,19,0.5,0.40443213296398883,0.4475191082775762,0.4473684210526315,0.4473684210526316,0.31353901782631755,0.8514529349044946
lor_vs_ror_task3,gcc_regime_plus_confounds,55,38,19,0.5,0.5096952908587258,0.48953332219216333,0.5526315789473684,0.5526315789473685,0.2967803575719398,0.8427398727403601
lor_vs_ror_task3,gcc_regime_plus_confounds,56,38,19,0.5,0.7174515235457063,0.6626592327793646,0.7105263157894737,0.7105263157894737,0.2253520375983619,0.7081321775679309
lor_vs_ror_task3,gcc_regime_plus_confounds,57,38,19,0.5,0.5678670360110804,0.6367019115269217,0.5263157894736842,0.5263157894736842,0.2762267050389931,0.7701400159677481
lor_vs_ror_task3,gcc_regime_plus_confounds,58,38,19,0.5,0.5124653739612188,0.5153985083065004,0.5263157894736842,0.5263157894736842,0.28136961723696546,0.7816753426288443
lor_vs_ror_task3,gcc_regime_plus_confounds,59,38,19,0.5,0.3573407202216066,0.42030990962200854,0.42105263157894735,0.42105263157894735,0.33401319461411605,0.9036130991876427
lor_vs_ror_task3,gcc_regime_plus_confounds,60,38,19,0.5,0.4626038781163435,0.5027311572027308,0.4736842105263158,0.47368421052631576,0.3143575176494623,0.8809516344249895
lor_vs_ror_task3,gcc_regime_plus_confounds,61,38,19,0.5,0.47645429362880887,0.5391528551258421,0.42105263157894735,0.42105263157894735,0.2914416196174397,0.8118843981319881
lor_vs_ror_task3,gcc_regime_plus_confounds,62,38,19,0.5,0.3961218836565097,0.430630750834983,0.4473684210526315,0.4473684210526316,0.3153221399992802,0.8696779525660899
lor_vs_ror_task3,gcc_regime_plus_confounds,63,38,19,0.5,0.4626038781163435,0.4621144465102201,0.5,0.5,0.32282236129704933,0.9152553204620908
lor_vs_ror_task3,gcc_regime_plus_confounds,64,38,19,0.5,0.22160664819944603,0.36838298564652283,0.3421052631578947,0.34210526315789475,0.34250790422238014,0.9030061123225508
lor_vs_ror_task3,gcc_regime_plus_confounds,65,38,19,0.5,0.19390581717451524,0.3595058371532557,0.2894736842105263,0.2894736842105263,0.3602083342379084,0.964356999656091
lor_vs_ror_task3,gcc_regime_plus_confounds,66,38,19,0.5,0.2631578947368421,0.3806673102650918,0.3421052631578947,0.34210526315789475,0.35368822393130084,0.9338224722191106
lor_vs_ror_task3,gcc_regime_plus_confounds,67,38,19,0.5,0.6260387811634349,0.6501569256502067,0.6052631578947368,0.6052631578947368,0.2512866143281898,0.7057883742110551
lor_vs_ror_task3,gcc_regime_plus_confounds,68,38,19,0.5,0.46260387811634346,0.5849432584700593,0.5,0.5,0.30471099589164063,0.8472440520790203
lor_vs_ror_task3,gcc_regime_plus_confounds,69,38,19,0.5,0.3490304709141274,0.4096598456907079,0.4473684210526315,0.4473684210526316,0.3323216718915377,0.8908127127588968
lor_vs_ror_task3,gcc_regime_plus_confounds,70,38,19,0.5,0.7174515235457063,0.7880680995695948,0.6578947368421053,0.6578947368421053,0.23192473938712696,0.6717309136661334
lor_vs_ror_task3,gcc_regime_plus_confounds,71,38,19,0.5,0.5235457063711911,0.5301544976194763,0.4473684210526315,0.4473684210526316,0.2896506166603496,0.7928413075436089
lor_vs_ror_task3,gcc_regime_plus_confounds,72,38,19,0.5,0.38504155124653744,0.4312508385726499,0.3684210526315789,0.3684210526315789,0.3346590659407871,0.9255637569802765
lor_vs_ror_task3,gcc_regime_plus_confounds,73,38,19,0.5,0.628808864265928,0.6169099658786453,0.631578947368421,0.631578947368421,0.25686615681896247,0.773421770870927
lor_vs_ror_task3,gcc_regime_plus_confounds,74,38,19,0.5,0.04709141274238228,0.32657707765024174,0.07894736842105263,0.07894736842105263,0.37741143403389543,0.9713532969140503
lor_vs_ror_task3,gcc_regime_plus_confounds,75,38,19,0.5,0.6232686980609418,0.6766265758095258,0.6052631578947368,0.6052631578947368,0.26538549020729185,0.7894201286928395
lor_vs_ror_task3,gcc_regime_plus_confounds,76,38,19,0.5,0.5373961218836565,0.5280564977911253,0.5526315789473684,0.5526315789473685,0.29814169647376854,0.85609725008814
lor_vs_ror_task3,gcc_regime_plus_confounds,77,38,19,0.5,0.30193905817174516,0.39217284790289886,0.3684210526315789,0.3684210526315789,0.35058932114017544,0.9275781344495925
lor_vs_ror_task3,gcc_regime_plus_confounds,78,38,19,0.5,0.6011080332409973,0.615721335839228,0.5526315789473684,0.5526315789473685,0.2604190403960236,0.7420760041130778
lor_vs_ror_task3,gcc_regime_plus_confounds,79,38,19,0.5,0.5263157894736842,0.6025748318199842,0.5263157894736842,0.5263157894736842,0.2922171644949025,0.8453056461071524
lor_vs_ror_task3,gcc_regime_plus_confounds,80,38,19,0.5,0.6038781163434903,0.6208107043044451,0.5526315789473684,0.5526315789473685,0.26716985237723107,0.7527788610236652
lor_vs_ror_task3,gcc_regime_plus_confounds,81,38,19,0.5,0.631578947368421,0.6358597973586531,0.6052631578947368,0.6052631578947368,0.2568103098571736,0.7416899590513502
lor_vs_ror_task3,gcc_regime_plus_confounds,82,38,19,0.5,0.5263157894736842,0.5977451473732425,0.47368421052631576,0.47368421052631576,0.27389944421222195,0.7949564112791933
lor_vs_ror_task3,gcc_regime_plus_confounds,83,38,19,0.5,0.06094182825484766,0.32767910444722925,0.13157894736842105,0.13157894736842105,0.3767876524492617,0.9825376725250198
lor_vs_ror_task3,gcc_regime_plus_confounds,84,38,19,0.5,0.4626038781163435,0.5075114299909584,0.4473684210526315,0.4473684210526316,0.30812150475783323,0.85533506554296
lor_vs_ror_task3,gcc_regime_plus_confounds,85,38,19,0.5,0.4903047091412742,0.5479808070230177,0.47368421052631576,0.47368421052631576,0.3057573880164581,0.8907655610524835
lor_vs_ror_task3,gcc_regime_plus_confounds,86,38,19,0.5,0.4349030470914127,0.5525339174903166,0.5263157894736842,0.5263157894736842,0.3245770257167205,0.9027094835477067
lor_vs_ror_task3,gcc_regime_plus_confounds,87,38,19,0.5,0.1551246537396122,0.34954759961697623,0.2894736842105263,0.2894736842105263,0.3644952376800806,0.9530311173339572
lor_vs_ror_task3,gcc_regime_plus_confounds,88,38,19,0.5,0.41828254847645424,0.510741989504191,0.39473684210526316,0.39473684210526316,0.32440833522609247,0.9377768216828031
lor_vs_ror_task3,gcc_regime_plus_confounds,89,38,19,0.5,0.5650969529085872,0.5259100845356113,0.5526315789473684,0.5526315789473685,0.27732947275688963,0.827766128954673
lor_vs_ror_task3,gcc_regime_plus_confounds,90,38,19,0.5,0.5069252077562327,0.4981527052861138,0.5,0.5,0.30117081905743304,0.8295716865745447
lor_vs_ror_task3,gcc_regime_plus_confounds,91,38,19,0.5,0.3047091412742382,0.39391870201747814,0.3157894736842105,0.3157894736842105,0.328922676890009,0.8749590711291548
lor_vs_ror_task3,gcc_regime_plus_confounds,92,38,19,0.5,0.4626038781163435,0.5966599719290187,0.5,0.5,0.29866720634843136,0.8101492466775904
lor_vs_ror_task3,gcc_regime_plus_confounds,93,38,19,0.5,0.34349030470914127,0.4213258332659568,0.47368421052631576,0.47368421052631576,0.3334347086521602,0.9161111849670833
lor_vs_ror_task3,gcc_regime_plus_confounds,94,38,19,0.5,0.5069252077562327,0.4801240988591428,0.5,0.5,0.2905760625667181,0.7951173239816378
lor_vs_ror_task3,gcc_regime_plus_confounds,95,38,19,0.5,0.030470914127423834,0.3233508495995838,0.10526315789473684,0.10526315789473684,0.38169080751753776,0.985453041519939
lor_vs_ror_task3,gcc_regime_plus_confounds,96,38,19,0.5,0.6426592797783933,0.7122963870582095,0.631578947368421,0.631578947368421,0.2518185618236835,0.7172202222139401
lor_vs_ror_task3,gcc_regime_plus_confounds,97,38,19,0.5,0.4736842105263158,0.47890168373519776,0.5263157894736842,0.5263157894736842,0.3127435032982785,0.9035902697982552
lor_vs_ror_task3,gcc_regime_plus_confounds,98,38,19,0.5,0.2880886426592798,0.39804000181519134,0.39473684210526316,0.39473684210526316,0.3289510651485917,0.8865095130152556
lor_vs_ror_task3,gcc_regime_plus_confounds,99,38,19,0.5,0.33240997229916897,0.4272578749939431,0.3684210526315789,0.3684210526315789,0.34153043390261656,0.8956488450354448
lor_vs_ror_task3,gcc_regime_plus_confounds,100,38,19,0.5,0.5844875346260388,0.5700748309115063,0.5526315789473684,0.5526315789473685,0.27703434772204183,0.8281367432630006
lor_vs_ror_task3,full_standard_plus_gcc,1,38,19,0.5,0.3739612188365651,0.4176264170147358,0.4736842105263158,0.47368421052631576,0.3224952719972217,0.879253406606667
lor_vs_ror_task3,full_standard_plus_gcc,2,38,19,0.5,0.1745152354570637,0.36125772863975697,0.2894736842105263,0.2894736842105263,0.35624292807044416,0.9478496589589313
lor_vs_ror_task3,full_standard_plus_gcc,3,38,19,0.5,0.38227146814404434,0.46531801992364447,0.4473684210526315,0.4473684210526316,0.3285189404729531,0.8879097740328624
lor_vs_ror_task3,full_standard_plus_gcc,4,38,19,0.5,0.6897506925207756,0.6141425490826503,0.6578947368421053,0.6578947368421053,0.23642356983874904,0.7209336577992898
lor_vs_ror_task3,full_standard_plus_gcc,5,38,19,0.5,0.44044321329639885,0.47959271956437055,0.5,0.5,0.3091188112992602,0.8835945881108704
lor_vs_ror_task3,full_standard_plus_gcc,6,38,19,0.5,0.48476454293628807,0.5501087630622411,0.5263157894736842,0.5263157894736842,0.30504305497382184,0.9025995062873273
lor_vs_ror_task3,full_standard_plus_gcc,7,38,19,0.5,0.5346260387811634,0.5378415223275785,0.5789473684210527,0.5789473684210527,0.2869568823149537,0.7996070580855473
lor_vs_ror_task3,full_standard_plus_gcc,8,38,19,0.5,0.5457063711911357,0.5446915807488424,0.5,0.5,0.2933874676178427,0.8274380596155247
lor_vs_ror_task3,full_standard_plus_gcc,9,38,19,0.5,0.5706371191135734,0.5461448131938543,0.5,0.5,0.27954768830080656,0.8077431604811341
lor_vs_ror_task3,full_standard_plus_gcc,10,38,19,0.5,0.18559556786703602,0.35601550853377284,0.2894736842105263,0.2894736842105263,0.3667759516273214,0.985963101439618
lor_vs_ror_task3,full_standard_plus_gcc,11,38,19,0.5,0.6038781163434903,0.5600457436614725,0.631578947368421,0.631578947368421,0.2603856576800244,0.7468948886573058
lor_vs_ror_task3,full_standard_plus_gcc,12,38,19,0.5,0.43213296398891965,0.4906189502701773,0.42105263157894735,0.42105263157894735,0.3079865528760485,0.830591310488877
lor_vs_ror_task3,full_standard_plus_gcc,13,38,19,0.5,0.4903047091412742,0.483088567922082,0.4736842105263158,0.47368421052631576,0.3052027977069775,0.8607541414892742
lor_vs_ror_task3,full_standard_plus_gcc,14,38,19,0.5,0.667590027700831,0.631813579024969,0.6842105263157895,0.6842105263157895,0.2403653763886984,0.718430338435502
lor_vs_ror_task3,full_standard_plus_gcc,15,38,19,0.5,0.6869806094182824,0.6793851312197462,0.631578947368421,0.631578947368421,0.24035587813760292,0.7817131091612554
lor_vs_ror_task3,full_standard_plus_gcc,16,38,19,0.5,0.5124653739612188,0.491242707803703,0.5263157894736842,0.5263157894736842,0.3028876094339605,0.8937624361772052
lor_vs_ror_task3,full_standard_plus_gcc,17,38,19,0.5,0.29085872576177285,0.392951363854085,0.3684210526315789,0.3684210526315789,0.36374036325036574,0.9973269315182769
lor_vs_ror_task3,full_standard_plus_gcc,18,38,19,0.5,0.4903047091412741,0.5844671715130119,0.5263157894736842,0.5263157894736842,0.28690809013318036,0.7815303201337402
lor_vs_ror_task3,full_standard_plus_gcc,19,38,19,0.5,0.7202216066481995,0.7634822710388944,0.6578947368421053,0.6578947368421053,0.22733513199750818,0.6816854526376716
lor_vs_ror_task3,full_standard_plus_gcc,20,38,19,0.5,0.5457063711911357,0.5527489173144358,0.47368421052631576,0.47368421052631576,0.2872235189945638,0.8139557691470646
lor_vs_ror_task3,full_standard_plus_gcc,21,38,19,0.5,0.6177285318559557,0.587230657761019,0.5789473684210527,0.5789473684210527,0.2654634425815747,0.7593726750737286
lor_vs_ror_task3,full_standard_plus_gcc,22,38,19,0.5,0.5013850415512465,0.5787632273901258,0.5,0.5,0.28506219504104796,0.8130562454266067
lor_vs_ror_task3,full_standard_plus_gcc,23,38,19,0.5,0.5595567867036011,0.5731762639565104,0.5263157894736842,0.5263157894736842,0.29248789281224563,0.8577446945710365
lor_vs_ror_task3,full_standard_plus_gcc,24,38,19,0.5,0.13850415512465375,0.34450192187664597,0.21052631578947367,0.21052631578947367,0.3744626744754688,1.0012927779489427
lor_vs_ror_task3,full_standard_plus_gcc,25,38,19,0.5,0.44875346260387816,0.4654990448029842,0.5,0.5,0.3170367211269476,0.8742536526344943
lor_vs_ror_task3,full_standard_plus_gcc,26,38,19,0.5,0.5429362880886426,0.5973056409403812,0.5263157894736842,0.5263157894736842,0.29131649681077354,0.8102790082374444
lor_vs_ror_task3,full_standard_plus_gcc,27,38,19,0.5,0.24653739612188366,0.3785389111627502,0.3421052631578947,0.34210526315789475,0.34886984842788893,0.9132231863803519
lor_vs_ror_task3,full_standard_plus_gcc,28,38,19,0.5,0.3407202216066482,0.4130089470693297,0.3684210526315789,0.3684210526315789,0.3185149599100899,0.8807043432010492
lor_vs_ror_task3,full_standard_plus_gcc,29,38,19,0.5,0.13019390581717452,0.34300121456718485,0.18421052631578946,0.18421052631578946,0.3719064411623965,0.9553929457896787
lor_vs_ror_task3,full_standard_plus_gcc,30,38,19,0.5,0.6371191135734072,0.6574193608989969,0.6052631578947368,0.6052631578947368,0.2596702938301068,0.726892125256342
lor_vs_ror_task3,full_standard_plus_gcc,31,38,19,0.5,0.46814404432132967,0.5141633252528848,0.39473684210526316,0.39473684210526316,0.31413730837810755,0.8598246043162289
lor_vs_ror_task3,full_standard_plus_gcc,32,38,19,0.5,0.5346260387811634,0.5652432257518472,0.5526315789473684,0.5526315789473685,0.3002509652362683,0.8643131747476724
lor_vs_ror_task3,full_standard_plus_gcc,33,38,19,0.5,0.3822714681440443,0.5095395753974918,0.39473684210526316,0.39473684210526316,0.3164517032689595,0.8441109497611818
lor_vs_ror_task3,full_standard_plus_gcc,34,38,19,0.5,0.40720221606648194,0.48029074840436187,0.42105263157894735,0.42105263157894735,0.3216761297528647,0.8835210606827811
lor_vs_ror_task3,full_standard_plus_gcc,35,38,19,0.5,0.4736842105263158,0.528332816074717,0.47368421052631576,0.47368421052631576,0.3113988082086803,0.865579411820689
lor_vs_ror_task3,full_standard_plus_gcc,36,38,19,0.5,0.260387811634349,0.3850447465542822,0.3157894736842105,0.3157894736842105,0.33578464066672603,0.8854948838973937
lor_vs_ror_task3,full_standard_plus_gcc,37,38,19,0.5,0.6814404432132964,0.7713929128365835,0.5789473684210527,0.5789473684210527,0.22611357611890717,0.6288534637172468
lor_vs_ror_task3,full_standard_plus_gcc,38,38,19,0.5,0.5983379501385042,0.5753243458229608,0.6052631578947368,0.6052631578947368,0.27951482274908873,0.9037488092442078
lor_vs_ror_task3,full_standard_plus_gcc,39,38,19,0.5,0.6149584487534626,0.6364779524456945,0.6052631578947368,0.6052631578947368,0.2670092376179996,0.7713815373203255
lor_vs_ror_task3,full_standard_plus_gcc,40,38,19,0.5,0.2991689750692521,0.39916088789814164,0.39473684210526316,0.39473684210526316,0.3517628787983194,0.934900397334549
lor_vs_ror_task3,full_standard_plus_gcc,41,38,19,0.5,0.7008310249307479,0.7183694890840076,0.6578947368421053,0.6578947368421053,0.22546774951933557,0.654962907730057
lor_vs_ror_task3,full_standard_plus_gcc,42,38,19,0.5,0.4570637119113573,0.4816678400775549,0.5263157894736842,0.5263157894736842,0.31873314849576373,0.9351753611704376
lor_vs_ror_task3,full_standard_plus_gcc,43,38,19,0.5,0.32409972299168976,0.433177672798439,0.3684210526315789,0.3684210526315789,0.33923985967041764,0.9677635958110866
lor_vs_ror_task3,full_standard_plus_gcc,44,38,19,0.5,0.6426592797783933,0.7037975479803733,0.5526315789473684,0.5526315789473685,0.2590341817816378,0.7484512951900097
lor_vs_ror_task3,full_standard_plus_gcc,45,38,19,0.5,0.7562326869806094,0.7948155486771045,0.6578947368421053,0.6578947368421053,0.20676362916343655,0.6327033755999935
lor_vs_ror_task3,full_standard_plus_gcc,46,38,19,0.5,0.5318559556786704,0.5060634847197641,0.5526315789473684,0.5526315789473685,0.2999189051887085,0.8644400606985833
lor_vs_ror_task3,full_standard_plus_gcc,47,38,19,0.5,0.36288088642659283,0.43793104536545957,0.47368421052631576,0.47368421052631576,0.342600071837587,0.9760562410968028
lor_vs_ror_task3,full_standard_plus_gcc,48,38,19,0.5,0.3656509695290859,0.42707113278674697,0.4473684210526315,0.4473684210526316,0.3465115926493153,0.9522668864821366
lor_vs_ror_task3,full_standard_plus_gcc,49,38,19,0.5,0.7146814404432134,0.7674115707808717,0.631578947368421,0.631578947368421,0.23102532448208107,0.652565982543355
lor_vs_ror_task3,full_standard_plus_gcc,50,38,19,0.5,0.551246537396122,0.5355053613542577,0.6052631578947368,0.6052631578947368,0.2961877458841622,0.8850445401814252
lor_vs_ror_task3,full_standard_plus_gcc,51,38,19,0.5,0.5900277008310248,0.572455883268463,0.5526315789473684,0.5526315789473685,0.2660666391642859,0.784432016335163
lor_vs_ror_task3,full_standard_plus_gcc,52,38,19,0.5,0.371191135734072,0.4306994129366164,0.42105263157894735,0.42105263157894735,0.3250234804766392,0.8727905201643713
lor_vs_ror_task3,full_standard_plus_gcc,53,38,19,0.5,0.3961218836565097,0.4287318826349221,0.5263157894736842,0.5263157894736842,0.30634491078679726,0.8473076999230024
lor_vs_ror_task3,full_standard_plus_gcc,54,38,19,0.5,0.6121883656509696,0.6157341697854357,0.5789473684210527,0.5789473684210527,0.25693601842246294,0.7376573853322808
lor_vs_ror_task3,full_standard_plus_gcc,55,38,19,0.5,0.5761772853185595,0.6405109267435767,0.5263157894736842,0.5263157894736842,0.27044368426295307,0.7423113516582297
lor_vs_ror_task3,full_standard_plus_gcc,56,38,19,0.5,0.4321329639889197,0.4849853734934725,0.4473684210526315,0.4473684210526316,0.32034801616256253,0.8958546360975523
lor_vs_ror_task3,full_standard_plus_gcc,57,38,19,0.5,0.4626038781163435,0.5324703012026311,0.5526315789473684,0.5526315789473685,0.31839175163249456,0.8954289368933869
lor_vs_ror_task3,full_standard_plus_gcc,58,38,19,0.5,0.5734072022160664,0.6346569369223471,0.6052631578947368,0.6052631578947368,0.2659515109310339,0.7750509764179603
lor_vs_ror_task3,full_standard_plus_gcc,59,38,19,0.5,0.5401662049861495,0.5023652456341685,0.6052631578947368,0.6052631578947368,0.27732469857902403,0.7947129280147855
lor_vs_ror_task3,full_standard_plus_gcc,60,38,19,0.5,0.31301939058171746,0.4526454359600217,0.39473684210526316,0.39473684210526316,0.33984759665327796,0.9028552494282518
lor_vs_ror_task3,full_standard_plus_gcc,61,38,19,0.5,0.4736842105263157,0.5747809519233135,0.4473684210526315,0.4473684210526316,0.31152597099816787,0.8949133251236605
lor_vs_ror_task3,full_standard_plus_gcc,62,38,19,0.5,0.34072022160664817,0.44624526775183054,0.4473684210526315,0.4473684210526316,0.33520580869233374,0.9096169583353626
lor_vs_ror_task3,full_standard_plus_gcc,63,38,19,0.5,0.5900277008310248,0.5695183572071443,0.47368421052631576,0.47368421052631576,0.2680226366802514,0.761733051458791
lor_vs_ror_task3,full_standard_plus_gcc,64,38,19,0.5,0.5927977839335179,0.5616414923461814,0.6052631578947368,0.6052631578947368,0.28147388020949715,0.8718073302992876
lor_vs_ror_task3,full_standard_plus_gcc,65,38,19,0.5,0.5207756232686981,0.5437533503797469,0.47368421052631576,0.47368421052631576,0.2971541815962989,0.8204037506741905
lor_vs_ror_task3,full_standard_plus_gcc,66,38,19,0.5,0.6204986149584487,0.5862955807808748,0.6052631578947368,0.6052631578947368,0.26875159813367006,0.8347733131153552
lor_vs_ror_task3,full_standard_plus_gcc,67,38,19,0.5,0.2880886426592798,0.39118270650779263,0.3684210526315789,0.3684210526315789,0.34746134964401976,0.9369851058177977
lor_vs_ror_task3,full_standard_plus_gcc,68,38,19,0.5,0.3157894736842105,0.41524496012827816,0.3684210526315789,0.3684210526315789,0.342339524770757,0.9122569973222262
lor_vs_ror_task3,full_standard_plus_gcc,69,38,19,0.5,0.332409972299169,0.4427172417003137,0.3421052631578947,0.34210526315789475,0.34393546784624135,0.9183576548924204
lor_vs_ror_task3,full_standard_plus_gcc,70,38,19,0.5,0.43213296398891965,0.46050329110352123,0.4473684210526315,0.4473684210526316,0.3090822803633437,0.8633403026964537
lor_vs_ror_task3,full_standard_plus_gcc,71,38,19,0.5,0.5457063711911357,0.575264330048374,0.6052631578947368,0.6052631578947368,0.2846766286685573,0.8318898978999195
lor_vs_ror_task3,full_standard_plus_gcc,72,38,19,0.5,0.1523545706371191,0.3476823174549406,0.21052631578947367,0.21052631578947367,0.36462651413732455,0.9449946207349371
lor_vs_ror_task3,full_standard_plus_gcc,73,38,19,0.5,0.5650969529085873,0.6595616897537357,0.5789473684210527,0.5789473684210527,0.27889982642070793,0.8031351902504366
lor_vs_ror_task3,full_standard_plus_gcc,74,38,19,0.5,0.4709141274238227,0.5307476850240008,0.47368421052631576,0.47368421052631576,0.2933376310305465,0.8631194357676654
lor_vs_ror_task3,full_standard_plus_gcc,75,38,19,0.5,0.5706371191135734,0.6468873629679237,0.5789473684210527,0.5789473684210527,0.2691321711001112,0.7899061489847897
lor_vs_ror_task3,full_standard_plus_gcc,76,38,19,0.5,0.6371191135734072,0.6296906210624411,0.6052631578947368,0.6052631578947368,0.26392481309665555,0.7732356440705889
lor_vs_ror_task3,full_standard_plus_gcc,77,38,19,0.5,0.5290858725761773,0.5237005446453509,0.5526315789473684,0.5526315789473685,0.2952520935140044,0.891229029577262
lor_vs_ror_task3,full_standard_plus_gcc,78,38,19,0.5,0.45706371191135736,0.5144857325652183,0.5526315789473684,0.5526315789473685,0.3272465593836739,0.9156471227813362
lor_vs_ror_task3,full_standard_plus_gcc,79,38,19,0.5,0.3074792243767313,0.40060754844525415,0.3421052631578947,0.34210526315789475,0.33809889505873825,0.9176956567554467
lor_vs_ror_task3,full_standard_plus_gcc,80,38,19,0.5,0.481994459833795,0.5308945887707356,0.6052631578947368,0.6052631578947368,0.31868779577106726,0.9180786294717764
lor_vs_ror_task3,full_standard_plus_gcc,81,38,19,0.5,0.5069252077562327,0.5600734554427934,0.5,0.5,0.293513331664584,0.8155592087930724
lor_vs_ror_task3,full_standard_plus_gcc,82,38,19,0.5,0.5706371191135735,0.5609399425638772,0.5526315789473684,0.5526315789473685,0.29345682879218926,0.817635931563608
lor_vs_ror_task3,full_standard_plus_gcc,83,38,19,0.5,0.5013850415512465,0.47433453150825305,0.4473684210526315,0.4473684210526316,0.2876298013943997,0.7921231567673152
lor_vs_ror_task3,full_standard_plus_gcc,84,38,19,0.5,0.22714681440443216,0.3681943589059648,0.21052631578947367,0.21052631578947367,0.3422088507503814,0.9003345737980717
lor_vs_ror_task3,full_standard_plus_gcc,85,38,19,0.5,0.4958448753462604,0.49507576816201915,0.5789473684210527,0.5789473684210527,0.3020604031554212,0.8828529841750996
lor_vs_ror_task3,full_standard_plus_gcc,86,38,19,0.5,0.5650969529085872,0.5502284855450205,0.5263157894736842,0.5263157894736842,0.2830751823098755,0.7908300439008086
lor_vs_ror_task3,full_standard_plus_gcc,87,38,19,0.5,0.5069252077562327,0.5405571255727654,0.4736842105263158,0.47368421052631576,0.2872382049687715,0.8101737258793381
lor_vs_ror_task3,full_standard_plus_gcc,88,38,19,0.5,0.5318559556786704,0.513259977220603,0.5263157894736842,0.5263157894736842,0.29862226941292924,0.8256900319279233
lor_vs_ror_task3,full_standard_plus_gcc,89,38,19,0.5,0.4570637119113573,0.500349340678288,0.5263157894736842,0.5263157894736842,0.3178281421444704,0.8723005804519909
lor_vs_ror_task3,full_standard_plus_gcc,90,38,19,0.5,0.296398891966759,0.39149672088027054,0.3157894736842105,0.3157894736842105,0.3420492380296043,0.9243967218202775
lor_vs_ror_task3,full_standard_plus_gcc,91,38,19,0.5,0.5983379501385042,0.6490825937967497,0.631578947368421,0.631578947368421,0.26973604652132893,0.7755062785724842
lor_vs_ror_task3,full_standard_plus_gcc,92,38,19,0.5,0.664819944598338,0.6322842454421401,0.6052631578947368,0.6052631578947368,0.24334012769853056,0.7458620346369598
lor_vs_ror_task3,full_standard_plus_gcc,93,38,19,0.5,0.5152354570637119,0.5114100883729227,0.5,0.5,0.30151063068611567,0.8758132998895507
lor_vs_ror_task3,full_standard_plus_gcc,94,38,19,0.5,0.6398891966759003,0.677136559053795,0.6052631578947368,0.6052631578947368,0.25442920653605905,0.7260612311833616
lor_vs_ror_task3,full_standard_plus_gcc,95,38,19,0.5,0.5069252077562327,0.6194551343554684,0.42105263157894735,0.42105263157894735,0.3012565652262232,0.8109564639619606
lor_vs_ror_task3,full_standard_plus_gcc,96,38,19,0.5,0.1883656509695291,0.3615504005382049,0.2631578947368421,0.2631578947368421,0.37500981192454713,0.9838680081170653
lor_vs_ror_task3,full_standard_plus_gcc,97,38,19,0.5,0.48476454293628807,0.5078298894088367,0.5,0.5,0.294264493400422,0.8187460940036553
lor_vs_ror_task3,full_standard_plus_gcc,98,38,19,0.5,0.2880886426592798,0.3885029047234514,0.42105263157894735,0.42105263157894735,0.3494727968027177,0.9305765451979664
lor_vs_ror_task3,full_standard_plus_gcc,99,38,19,0.5,0.5844875346260388,0.6620513055258688,0.5526315789473684,0.5526315789473685,0.2750497642255137,0.7690016571039225
lor_vs_ror_task3,full_standard_plus_gcc,100,38,19,0.5,0.35734072022160657,0.42904542239740723,0.4473684210526315,0.4473684210526316,0.3440964769450137,0.9531925829476938
