variant_id,variant_label,graph_type,control_id,replicate,K,n_nodes_lcc,n_edges,backbone_nodes,seed,baseline_R_global,baseline_R_backbone,baseline_R_complement,baseline_A_R,baseline_M_tau,baseline_D_eff,baseline_D_eff_norm,baseline_window_start_s,baseline_window_stop_s,event_R_global,event_R_backbone,event_R_complement,event_A_R,event_M_tau,event_D_eff,event_D_eff_norm,event_window_start_s,event_window_stop_s,delta_R_global,delta_R_backbone,delta_R_complement,delta_A_R,delta_M_tau,delta_D_eff,delta_D_eff_norm,Xi_baseline,Xi_event,delta_Xi
brc_v3_1m_fibercount_conf50,1m FC 50%,real,-1,0,1.6,912,7091,91,20262026,0.03239573910832405,0.09002856910228729,0.031013472005724907,0.059015098959207535,3.597847171477042e-05,2.850999952624331,0.0031260964392810643,2.0,4.48,0.08398302644491196,0.200219988822937,0.07998126745223999,0.12023870646953583,0.0005754440207965672,3.142623648861877,0.003445859264102935,5.0,8.0,0.051587287336587906,0.11019141972064972,0.04896779544651508,0.06122360751032829,0.0005394655490817968,0.29162369623754625,0.00031976282482187087,2.6000000000000005,8.233333333333329,5.633333333333328
brc_v3_1m_fibercount_conf50,1m FC 50%,real,-1,1,1.6,912,7091,91,20262027,0.052743274718523026,0.07239828258752823,0.054900702089071274,0.017497580498456955,2.500000482541509e-05,2.803049342258752,0.0030735190156345967,2.0,4.48,0.023131417110562325,0.07909636944532394,0.021491581574082375,0.057604797184467316,3.1728704925626516e-05,3.079402673170514,0.003376538018827318,5.0,8.0,-0.0296118576079607,0.006698086857795715,-0.0334091205149889,0.04010721668601036,6.728700100211427e-06,0.27635333091176184,0.0003030190031927211,2.6000000000000005,8.233333333333329,5.633333333333328
brc_v3_1m_fibercount_conf50,1m FC 50%,real,-1,2,1.6,912,7091,91,20262028,0.04819609969854355,0.10162784904241562,0.0431702584028244,0.05845759063959122,1.912807420012541e-05,2.8766905321139697,0.003154265934335493,2.0,4.48,0.026571938768029213,0.055395420640707016,0.0296699907630682,0.025725433602929115,1.6429707102361135e-05,3.1810711582592557,0.0034880166208983068,5.0,8.0,-0.021624160930514336,-0.0462324284017086,-0.013500267639756203,-0.0327321570366621,-2.698367097764276e-06,0.30438062614528594,0.0003337506865628138,2.6000000000000005,8.233333333333329,5.633333333333328
brc_v3_1m_fibercount_conf50,1m FC 50%,real,-1,3,1.6,912,7091,91,20262029,0.04906034469604492,0.16098420321941376,0.04028991609811783,0.12069427222013474,0.00024251568538602442,2.7977406017705735,0.003067698028257208,2.0,4.48,0.031984616070985794,0.11102288961410522,0.028769928961992264,0.08225295692682266,6.769594619981945e-05,3.0880724638856627,0.003386044368295683,5.0,8.0,-0.017075728625059128,-0.04996131360530853,-0.011519987136125565,-0.03844131529331207,-0.00017481973918620497,0.2903318621150892,0.000318346340038475,2.6000000000000005,8.233333333333329,5.633333333333328
brc_v3_1m_fibercount_conf50,1m FC 50%,real,-1,4,1.6,912,7091,91,20262030,0.02137230709195137,0.09997837245464325,0.015688525512814522,0.08428983390331268,0.00012143362982897088,2.8926515258225245,0.003171767023928207,2.0,4.48,0.024861102923750877,0.09019674360752106,0.03655029833316803,0.05364643782377243,1.0805780220835004e-05,3.141762886356222,0.003444915445566033,5.0,8.0,0.003488795831799507,-0.009781628847122192,0.020861772820353508,-0.030643396079540253,-0.00011062784960813588,0.24911136053369765,0.0002731484216378262,2.6000000000000005,8.233333333333329,5.633333333333328
brc_v3_1m_fibercount_conf50,1m FC 50%,real,-1,5,1.6,912,7091,91,20262031,0.01715996488928795,0.08597923815250397,0.02190149575471878,0.06407774239778519,0.00011265492503298447,2.897891353195791,0.003177512448679595,2.0,4.48,0.020066024735569954,0.1513543277978897,0.011767249554395676,0.13958707451820374,2.2100401110947132e-05,3.1637487502880144,0.003469022752508788,5.0,8.0,0.0029060598462820053,0.06537508964538574,-0.010134246200323105,0.07550933212041855,-9.055452392203733e-05,0.26585739709222356,0.00029151030382919274,2.6000000000000005,8.233333333333329,5.633333333333328
brc_v3_1m_fibercount_conf50,1m FC 50%,real,-1,6,1.6,912,7091,91,20262032,0.01996251940727234,0.09818638116121292,0.017708847299218178,0.08047753572463989,5.640103609039215e-06,2.8092181561575753,0.0030802830659622535,2.0,4.48,0.049776703119277954,0.227805495262146,0.032744865864515305,0.1950606256723404,3.985635339631699e-05,3.042236248739869,0.003335785360460383,5.0,8.0,0.029814183712005615,0.12961911410093307,0.015036018565297127,0.1145830899477005,3.4216249787277775e-05,0.23301809258229378,0.00025550229449812934,2.6000000000000005,8.233333333333329,5.633333333333328
brc_v3_1m_fibercount_conf50,1m FC 50%,real,-1,7,1.6,912,7091,91,20262033,0.07638883590698242,0.24062027037143707,0.05869688466191292,0.18192337453365326,9.841435530688614e-05,2.822831911098128,0.0030952104288356668,2.0,4.48,0.04848785698413849,0.2852689325809479,0.02679557166993618,0.25847336649894714,7.481772627215832e-05,3.159599482892566,0.003464473117206761,5.0,8.0,-0.027900978922843933,0.0446486622095108,-0.03190131299197674,0.07654999196529388,-2.3596629034727812e-05,0.33676757179443806,0.00036926268837109404,2.6000000000000005,8.233333333333329,5.633333333333328
brc_v3_1m_fibercount_conf50,1m FC 50%,real,-1,8,1.6,912,7091,91,20262034,0.028017558157444,0.08122115582227707,0.027361398562788963,0.053859759122133255,0.0001654535299167037,2.8255294881968047,0.0030981682984614085,2.0,4.48,0.02293555624783039,0.182977557182312,0.036105718463659286,0.14687182009220123,8.173365495167673e-05,3.0802702885272684,0.003377489351455338,5.0,8.0,-0.005082001909613609,0.10175640136003494,0.008744319900870323,0.09301206097006798,-8.371987496502697e-05,0.25474080033046365,0.00027932105299392947,2.6000000000000005,8.233333333333329,5.633333333333328
brc_v3_1m_fibercount_conf50,1m FC 50%,real,-1,9,1.6,912,7091,91,20262035,0.029927244409918785,0.09867177903652191,0.033357203006744385,0.06531456112861633,0.0003334969806019217,2.813383994437095,0.0030848508710933057,2.0,4.48,0.0513090044260025,0.1882495880126953,0.03701402619481087,0.15123556554317474,0.0001400733453920111,3.069727958653211,0.003365929779225012,5.0,8.0,0.021381760016083717,0.0895778089761734,0.0036568231880664825,0.08592100441455841,-0.00019342363520991057,0.25634396421611605,0.00028107890813170626,2.6000000000000005,8.233333333333329,5.633333333333328
brc_v3_1m_fibercount_conf50,1m FC 50%,real,-1,10,1.6,912,7091,91,20262036,0.04058370366692543,0.1569681018590927,0.054971083998680115,0.101997010409832,0.00018699948850553483,2.843769421008606,0.0031181682247901385,2.0,4.48,0.026093769818544388,0.16830332577228546,0.023104127496480942,0.1451992243528366,3.693042162922211e-05,3.1670420113158295,0.0034726337843375326,5.0,8.0,-0.014489933848381042,0.011335223913192749,-0.03186695650219917,0.04320221394300461,-0.00015006906687631272,0.32327259030722333,0.0003544655595473941,2.6000000000000005,8.233333333333329,5.633333333333328
brc_v3_1m_fibercount_conf50,1m FC 50%,real,-1,11,1.6,912,7091,91,20262037,0.027039870619773865,0.1095871776342392,0.03395161032676697,0.07563555985689163,5.743363726651296e-05,2.795322863522107,0.0030650469994759942,2.0,4.48,0.04865363985300064,0.19493357837200165,0.03629373386502266,0.1586398333311081,0.00032219482818618417,3.0493234951565626,0.003343556463987459,5.0,8.0,0.021613769233226776,0.08534640073776245,0.0023421235382556915,0.08300427347421646,0.0002647611909196712,0.25400063163445585,0.0002785094645114646,2.6000000000000005,8.233333333333329,5.633333333333328
brc_v3_1m_fibercount_conf50,1m FC 50%,degree_preserving,0,0,1.6,912,7091,91,20362026,0.06061657518148422,0.12900646030902863,0.06108926236629486,0.06791719794273376,9.75104485405609e-05,2.798318095099943,0.0030683312446271307,2.0,4.48,0.014789978042244911,0.07630524784326553,0.012119486927986145,0.06418576091527939,4.9817597755463794e-05,3.0961849553091674,0.0033949396439793503,5.0,8.0,-0.04582659713923931,-0.05270121246576309,-0.048969775438308716,-0.0037314370274543762,-4.769285078509711e-05,0.29786686020922426,0.00032660839935221963,2.6000000000000005,8.233333333333329,5.633333333333328
brc_v3_1m_fibercount_conf50,1m FC 50%,degree_preserving,1,0,1.6,912,7091,91,20462026,0.016712244600057602,0.05763212963938713,0.014323334209620953,0.0433087982237339,4.9362370191374794e-05,2.787453155029632,0.0030564179331465263,2.0,4.48,0.04707120731472969,0.17915299534797668,0.03496747463941574,0.14418551325798035,0.00012643312220461667,3.097267988992071,0.0033961271809123585,5.0,8.0,0.03035896271467209,0.12152086570858955,0.02064414042979479,0.10087671503424644,7.707075201324187e-05,0.3098148339624389,0.00033970924776583226,2.6000000000000005,8.233333333333329,5.633333333333328
brc_v3_1m_fibercount_conf50,1m FC 50%,degree_preserving,2,0,1.6,912,7091,91,20562026,0.04210883378982544,0.07855503261089325,0.04608747363090515,0.0324675515294075,4.413489659782499e-05,2.8542093950859266,0.0031296155647872,2.0,4.48,0.0296211875975132,0.08200144022703171,0.03761610388755798,0.044385336339473724,5.984248491586186e-05,3.151616029131125,0.0034557193301876367,5.0,8.0,-0.01248764619231224,0.0034464076161384583,-0.008471369743347168,0.011917784810066223,1.570758831803687e-05,0.2974066340451982,0.0003261037654004365,2.6000000000000005,8.233333333333329,5.633333333333328
brc_v3_1m_fibercount_conf50,1m FC 50%,degree_preserving,3,0,1.6,912,7091,91,20662026,0.04946102574467659,0.07728062570095062,0.05705121532082558,0.020229419693350792,0.000837639207020402,2.851288991717567,0.0031264133681113675,2.0,4.48,0.047715943306684494,0.10757309198379517,0.04436391964554787,0.0632091760635376,0.0003485577763058245,3.1198939011358084,0.003420936295105053,5.0,8.0,-0.001745082437992096,0.030292466282844543,-0.01268729567527771,0.042979756370186806,-0.0004890814307145774,0.26860490941824144,0.00029452292699368556,2.6000000000000005,8.233333333333329,5.633333333333328
brc_v3_1m_fibercount_conf50,1m FC 50%,degree_preserving,4,0,1.6,912,7091,91,20762026,0.05415138602256775,0.03727221488952637,0.05724024400115013,-0.019968032836914062,9.619202501198743e-06,2.8400542292883038,0.0031140945496582278,2.0,4.48,0.026841700077056885,0.08781405538320541,0.020989131182432175,0.06682492792606354,0.00019912325660698116,3.1009018710983134,0.0034001117007656945,5.0,8.0,-0.027309685945510864,0.05054184049367905,-0.03625111281871796,0.0867929607629776,0.00018950405410578242,0.26084764181000963,0.00028601715110746677,2.6000000000000005,8.233333333333329,5.633333333333328
brc_v3_1m_fibercount_conf50,1m FC 50%,degree_preserving,5,0,1.6,912,7091,91,20862026,0.04235704243183136,0.11292432993650436,0.03691435977816582,0.07600996643304825,6.565460353158414e-05,2.8074413575238784,0.0030783348218463577,2.0,4.48,0.05924605205655098,0.1049632653594017,0.05672283098101616,0.048240434378385544,0.00044814805733039975,3.0901391236312383,0.003388310442578112,5.0,8.0,0.01688900962471962,-0.007961064577102661,0.019808471202850342,-0.027769532054662704,0.0003824934537988156,0.28269776610735997,0.0003099756207317543,2.6000000000000005,8.233333333333329,5.633333333333328
brc_v3_1m_fibercount_conf50,1m FC 50%,degree_preserving,6,0,1.6,912,7091,91,20962026,0.039548713713884354,0.05415040999650955,0.0492723248898983,0.004878081846982241,4.092890230822377e-05,2.818952939845608,0.003090957170883342,2.0,4.48,0.02462797239422798,0.08046045154333115,0.02093750424683094,0.05952296033501625,1.7054293493856676e-05,3.147166785139348,0.00345084077317911,5.0,8.0,-0.014920741319656372,0.026310041546821594,-0.02833482064306736,0.05464487848803401,-2.3874608814367093e-05,0.3282138452937402,0.000359883602295768,2.6000000000000005,8.233333333333329,5.633333333333328
brc_v3_1m_fibercount_conf50,1m FC 50%,degree_preserving,7,0,1.6,912,7091,91,21062026,0.04300146922469139,0.15633009374141693,0.051688775420188904,0.10464131832122803,0.00020580679120030254,2.8647572160760992,0.003141181157978179,2.0,4.48,0.03200982138514519,0.15979641675949097,0.028562257066369057,0.13123416900634766,4.099010402569547e-05,3.155780445574691,0.003460285576288038,5.0,8.0,-0.010991647839546204,0.0034663230180740356,-0.023126518353819847,0.02659285068511963,-0.00016481668717460707,0.2910232294985917,0.00031910441830985915,2.6000000000000005,8.233333333333329,5.633333333333328
brc_v3_1m_fibercount_conf50,1m FC 50%,degree_preserving,8,0,1.6,912,7091,91,21162026,0.032709114253520966,0.1933871954679489,0.02458234317600727,0.16880492866039276,3.055967317777686e-05,2.781053332912772,0.00304940058433418,2.0,4.48,0.0325448252260685,0.08104155957698822,0.04104345664381981,0.03999810293316841,3.4516021969466237e-06,3.073883065737666,0.003370485817694809,5.0,8.0,-0.00016428902745246887,-0.1123456358909607,0.016461113467812538,-0.12880682572722435,-2.7108070980830234e-05,0.2928297328248939,0.00032108523336062903,2.6000000000000005,8.233333333333329,5.633333333333328
brc_v3_1m_fibercount_conf50,1m FC 50%,degree_preserving,9,0,1.6,912,7091,91,21262026,0.02791404165327549,0.2120431810617447,0.011260060593485832,0.2007831186056137,9.768408926902339e-05,2.7676780070122224,0.0030347346568116475,2.0,4.48,0.04235639423131943,0.0863022655248642,0.04035646840929985,0.045945797115564346,7.58350724936463e-05,3.1052383306489397,0.0034048665906238375,5.0,8.0,0.014442352578043938,-0.1257409155368805,0.029096407815814018,-0.15483732149004936,-2.1849016775377095e-05,0.3375603236367173,0.00037013193381219,2.6000000000000005,8.233333333333329,5.633333333333328
brc_v3_1m_fibercount_conf50,1m FC 50%,degree_preserving,10,0,1.6,912,7091,91,21362026,0.06617919355630875,0.09745510667562485,0.066687673330307,0.03076743148267269,7.493669545510784e-05,2.8481911543850704,0.0031230166166502965,2.0,4.48,0.04718051478266716,0.07893365621566772,0.04757414013147354,0.031359512358903885,0.0003622182412073016,3.1415413632619265,0.003444672547436323,5.0,8.0,-0.018998678773641586,-0.018521450459957123,-0.019113533198833466,0.0005920808762311935,0.0002872815457521938,0.29335020887685603,0.0003216559307860265,2.6000000000000005,8.233333333333329,5.633333333333328
brc_v3_1m_fibercount_conf50,1m FC 50%,degree_preserving,11,0,1.6,912,7091,91,21462026,0.040540892630815506,0.0372045524418354,0.043726690113544464,-0.006522145587950945,0.00022919842740520835,2.838110481005694,0.0031119632467167696,2.0,4.48,0.021195929497480392,0.031004369258880615,0.023026511073112488,0.007977863773703575,0.00019538826018106192,3.1514342510698317,0.0034555200121379735,5.0,8.0,-0.019344963133335114,-0.006200183182954788,-0.020700179040431976,0.01450000936165452,-3.3810167224146426e-05,0.3133237700641378,0.0003435567654212039,2.6000000000000005,8.233333333333329,5.633333333333328
brc_v3_1m_fibercount_conf50,1m FC 50%,degree_strength_preserving,0,0,1.6,912,7091,91,20362026,0.06413080543279648,0.09665106236934662,0.067491315305233,0.029159748926758766,0.00012337029329501092,2.7969673233437202,0.0030668501352453074,2.0,4.48,0.02452562376856804,0.17279961705207825,0.010104273445904255,0.16269536316394806,5.08150078530889e-05,3.0961334016371116,0.0033948831158301662,5.0,8.0,-0.03960518166422844,0.07614855468273163,-0.05738704185932875,0.1335356142371893,-7.255528544192202e-05,0.29916607829339137,0.0003280329805848588,2.6000000000000005,8.233333333333329,5.633333333333328
brc_v3_1m_fibercount_conf50,1m FC 50%,degree_strength_preserving,1,0,1.6,912,7091,91,20462026,0.02977139689028263,0.11805512756109238,0.024048667401075363,0.0940064787864685,0.00024141035100910813,2.7737204370770336,0.0030413601283739403,2.0,4.48,0.026709051802754402,0.15551821887493134,0.01969154179096222,0.1358266919851303,0.00013185084389988333,3.097750041801617,0.003396655747589492,5.0,8.0,-0.0030623450875282288,0.03746309131383896,-0.004357125610113144,0.041820213198661804,-0.0001095595071092248,0.3240296047245832,0.0003552956192155519,2.6000000000000005,8.233333333333329,5.633333333333328
brc_v3_1m_fibercount_conf50,1m FC 50%,degree_strength_preserving,2,0,1.6,912,7091,91,20562026,0.036077629774808884,0.057151585817337036,0.03865564614534378,0.018495937809348106,2.902874257415533e-05,2.8445754192885704,0.0031190519948339586,2.0,4.48,0.019482607021927834,0.07535503804683685,0.02429652027785778,0.05105851963162422,0.00011859236838063225,3.141695932326084,0.0034448420310593023,5.0,8.0,-0.01659502275288105,0.018203452229499817,-0.014359125867486,0.032562581822276115,8.956362580647692e-05,0.2971205130375134,0.00032579003622534375,2.6000000000000005,8.233333333333329,5.633333333333328
brc_v3_1m_fibercount_conf50,1m FC 50%,degree_strength_preserving,3,0,1.6,912,7091,91,20662026,0.037524573504924774,0.10340844839811325,0.042942266911268234,0.06046620011329651,0.0005547860055230558,2.843224918736854,0.0031175711828254978,2.0,4.48,0.06721300631761551,0.2525865435600281,0.05301361158490181,0.19957292079925537,0.00014066757285036147,3.1179039220620255,0.003418754300506607,5.0,8.0,0.029688432812690735,0.14917809516191483,0.010071344673633575,0.13910672068595886,-0.0004141184326726943,0.2746790033251716,0.0003011831176811092,2.6000000000000005,8.233333333333329,5.633333333333328
brc_v3_1m_fibercount_conf50,1m FC 50%,degree_strength_preserving,4,0,1.6,912,7091,91,20762026,0.09182292968034744,0.13621753454208374,0.08821093291044235,0.04800659045577049,5.0402115448378026e-05,2.8526171233783697,0.0031278696528271597,2.0,4.48,0.08344972878694534,0.2604539692401886,0.06620923429727554,0.19424474239349365,6.0490383475553244e-05,3.100110733466399,0.0033992442252921045,5.0,8.0,-0.0083732008934021,0.12423643469810486,-0.02200169861316681,0.14623815193772316,1.0088268027175218e-05,0.2474936100880294,0.0002713745724649448,2.6000000000000005,8.233333333333329,5.633333333333328
brc_v3_1m_fibercount_conf50,1m FC 50%,degree_strength_preserving,5,0,1.6,912,7091,91,20862026,0.04370331019163132,0.10906150192022324,0.03700878098607063,0.0720527321100235,6.441046571126208e-05,2.8121193078324263,0.0030834641533250286,2.0,4.48,0.04811323806643486,0.10563954710960388,0.04301747307181358,0.0626220703125,0.0002605169138405472,3.091695276557079,0.003390016750610832,5.0,8.0,0.004409927874803543,-0.0034219548106193542,0.0060086920857429504,-0.009430661797523499,0.00019610644812928513,0.27957596872465285,0.0003065525972858036,2.6000000000000005,8.233333333333329,5.633333333333328
brc_v3_1m_fibercount_conf50,1m FC 50%,degree_strength_preserving,6,0,1.6,912,7091,91,20962026,0.04502372816205025,0.0820586159825325,0.05265827476978302,0.02940034680068493,0.00018169214308727533,2.8108632932184383,0.003082086944318463,2.0,4.48,0.026503805071115494,0.07358498126268387,0.023894410580396652,0.04969057813286781,0.00018001990974880755,3.1397179485141273,0.0034426731891602272,5.0,8.0,-0.018519923090934753,-0.008473634719848633,-0.028763864189386368,0.020290231332182884,-1.6722333384677768e-06,0.328854655295689,0.00036058624484176403,2.6000000000000005,8.233333333333329,5.633333333333328
brc_v3_1m_fibercount_conf50,1m FC 50%,degree_strength_preserving,7,0,1.6,912,7091,91,21062026,0.034759752452373505,0.17103515565395355,0.03813320770859718,0.13290195167064667,9.652008156990632e-05,2.8781627658285367,0.003155880225689185,2.0,4.48,0.0458674430847168,0.12097369879484177,0.04425544664263725,0.07671825587749481,4.8352805606555194e-05,3.166915497076846,0.0034724950625842606,5.0,8.0,0.011107690632343292,-0.050061456859111786,0.00612223893404007,-0.056183695793151855,-4.816727596335113e-05,0.28875273124830914,0.0003166148368950756,2.6000000000000005,8.233333333333329,5.633333333333328
brc_v3_1m_fibercount_conf50,1m FC 50%,degree_strength_preserving,8,0,1.6,912,7091,91,21162026,0.04771016165614128,0.2787414491176605,0.031122080981731415,0.2476193755865097,0.000215969150303863,2.7821890722370597,0.0030506459125406358,2.0,4.48,0.03393755108118057,0.11281536519527435,0.03850904107093811,0.07430634647607803,0.0003488528891466558,3.0881373639767307,0.00338611553067624,5.0,8.0,-0.013772610574960709,-0.16592608392238617,0.0073869600892066956,-0.17331302911043167,0.0001328837388427928,0.305948291739671,0.00033546961813560403,2.6000000000000005,8.233333333333329,5.633333333333328
brc_v3_1m_fibercount_conf50,1m FC 50%,degree_strength_preserving,9,0,1.6,912,7091,91,21262026,0.04871572554111481,0.22058865427970886,0.031240109354257584,0.189348503947258,0.00032724597258493304,2.791840055705918,0.0030612281312564892,2.0,4.48,0.07120146602392197,0.22203420102596283,0.06406785547733307,0.15796633064746857,0.00019969322602264583,3.083575093972154,0.0033811130416361336,5.0,8.0,0.02248574048280716,0.0014455467462539673,0.032827746123075485,-0.03138217329978943,-0.0001275527465622872,0.2917350382662356,0.0003198849103796444,2.6000000000000005,8.233333333333329,5.633333333333328
brc_v3_1m_fibercount_conf50,1m FC 50%,degree_strength_preserving,10,0,1.6,912,7091,91,21362026,0.06729589402675629,0.10204418003559113,0.06915166974067688,0.032892510294914246,3.97223666368518e-05,2.8630148904022894,0.003139270713160405,2.0,4.48,0.041193895041942596,0.09520212560892105,0.04668080061674118,0.04852132871747017,0.00016417061851825565,3.1591583646636487,0.0034639894349382115,5.0,8.0,-0.02610199898481369,-0.0068420544266700745,-0.0224708691239357,0.015628818422555923,0.00012444825188140385,0.29614347426135934,0.0003247187217778067,2.6000000000000005,8.233333333333329,5.633333333333328
brc_v3_1m_fibercount_conf50,1m FC 50%,degree_strength_preserving,11,0,1.6,912,7091,91,21462026,0.04874829575419426,0.09377869963645935,0.04388835281133652,0.04989033192396164,7.895300223026425e-05,2.8525339489326598,0.0031277784527770393,2.0,4.48,0.032140810042619705,0.15454617142677307,0.028008244931697845,0.12653793394565582,0.000254777172813192,3.1250008916709975,0.0034265360654287254,5.0,8.0,-0.016607485711574554,0.06076747179031372,-0.015880107879638672,0.07664760202169418,0.00017582417058292776,0.2724669427383377,0.0002987576126516861,2.6000000000000005,8.233333333333329,5.633333333333328
brc_v3_1m_fibercount_conf50,1m FC 50%,real,-1,0,2.4,912,7091,91,20262826,0.06879764795303345,0.21574954688549042,0.057320091873407364,0.15842944383621216,0.00032405537785962224,2.844282689956674,0.0031187310196893357,2.0,4.48,0.03108343668282032,0.15616491436958313,0.0336274616420269,0.12253742665052414,0.00045615131966769695,3.115882374046872,0.0034165376908408688,5.0,8.0,-0.03771421127021313,-0.05958463251590729,-0.023692630231380463,-0.03589201718568802,0.0001320959418080747,0.27159968409019797,0.00029780667115153307,2.600000000000002,8.233333333333334,5.633333333333333
brc_v3_1m_fibercount_conf50,1m FC 50%,real,-1,1,2.4,912,7091,91,20262827,0.0417761355638504,0.045454174280166626,0.04377962276339531,0.0016745430184528232,4.666868699132465e-05,2.8687771850407615,0.0031455890186850455,2.0,4.48,0.04827692732214928,0.17091253399848938,0.03879421576857567,0.13211829960346222,5.530216367333196e-05,3.117386877124735,0.0034181873652683495,5.0,8.0,0.006500791758298874,0.12545835971832275,-0.004985406994819641,0.1304437565850094,8.633476682007313e-06,0.24860969208397332,0.0002725983465833039,2.600000000000002,8.233333333333334,5.633333333333333
brc_v3_1m_fibercount_conf50,1m FC 50%,real,-1,2,2.4,912,7091,91,20262828,0.04600793123245239,0.18667101860046387,0.036461107432842255,0.1502099186182022,1.5442405128851533e-05,2.8244973829727185,0.003097036604136753,2.0,4.48,0.01276938896626234,0.034879643470048904,0.01327933743596077,0.021600307896733284,5.8709538279799744e-05,3.1320444284977973,0.0034342592417739006,5.0,8.0,-0.03323854226619005,-0.15179137513041496,-0.023181769996881485,-0.12860961072146893,4.326713315094821e-05,0.30754704552507883,0.0003372226376371478,2.600000000000002,8.233333333333334,5.633333333333333
brc_v3_1m_fibercount_conf50,1m FC 50%,real,-1,3,2.4,912,7091,91,20262829,0.041268669068813324,0.18178793787956238,0.029242994263768196,0.15254497528076172,0.00041298038559034467,2.8628796998646164,0.0031391224779217285,2.0,4.48,0.07367905974388123,0.25368568301200867,0.057414595037698746,0.1962711215019226,0.0003947865916416049,3.1492945618667556,0.003453173861696004,5.0,8.0,0.0324103906750679,0.07189774513244629,0.02817160077393055,0.04372614622116089,-1.8193793948739767e-05,0.28641486200213917,0.00031405138377427547,2.600000000000002,8.233333333333334,5.633333333333333
brc_v3_1m_fibercount_conf50,1m FC 50%,real,-1,4,2.4,912,7091,91,20262830,0.04148227348923683,0.1667347550392151,0.04012048989534378,0.1266142725944519,7.0003852670197375e-06,2.8546472557310136,0.0031300956751436552,2.0,4.48,0.051017045974731445,0.2913510203361511,0.02869628556072712,0.26265475153923035,1.2094421435904223e-05,3.1110661291497634,0.003411256720558951,5.0,8.0,0.009534772485494614,0.12461626529693604,-0.011424204334616661,0.13604047894477844,5.094036168884486e-06,0.2564188734187498,0.0002811610454152959,2.600000000000002,8.233333333333334,5.633333333333333
brc_v3_1m_fibercount_conf50,1m FC 50%,real,-1,5,2.4,912,7091,91,20262831,0.027323110029101372,0.04289670288562775,0.02942492440342903,0.013471770100295544,9.858917110250331e-06,2.800467221601643,0.0030706877429842578,2.0,4.48,0.05756322294473648,0.2873265743255615,0.04135793447494507,0.24596863985061646,0.0011062865378335118,3.0538837183329397,0.003348556708698399,5.0,8.0,0.03024011291563511,0.24442987143993378,0.011933010071516037,0.2324968697503209,0.0010964276207232615,0.2534164967312966,0.00027786896571414116,2.600000000000002,8.233333333333334,5.633333333333333
brc_v3_1m_fibercount_conf50,1m FC 50%,real,-1,6,2.4,912,7091,91,20262832,0.07172993570566177,0.11493554711341858,0.07922796905040741,0.03570757061243057,4.855890801991336e-05,2.868684551140489,0.0031454874464259745,2.0,4.48,0.04261796921491623,0.24347566068172455,0.029176846146583557,0.21429884433746338,5.6252720241900533e-05,3.1728805062772434,0.0034790356428478545,5.0,8.0,-0.029111966490745544,0.12854011356830597,-0.05005112290382385,0.1785912737250328,7.693812221987173e-06,0.30419595513675457,0.00033354819642188,2.600000000000002,8.233333333333334,5.633333333333333
brc_v3_1m_fibercount_conf50,1m FC 50%,real,-1,7,2.4,912,7091,91,20262833,0.03679431229829788,0.07316111773252487,0.04191378876566887,0.03124731220304966,3.1015667900646804e-06,2.806139104561269,0.0030769069128961284,2.0,4.48,0.06957180798053741,0.367255300283432,0.04307159408926964,0.3241836130619049,0.0003803842992056161,3.086715912968701,0.0033845569221148037,5.0,8.0,0.03277749568223953,0.29409418255090714,0.001157805323600769,0.29293630085885525,0.00037728273241555144,0.28057680840743204,0.0003076500092186753,2.600000000000002,8.233333333333334,5.633333333333333
brc_v3_1m_fibercount_conf50,1m FC 50%,real,-1,8,2.4,912,7091,91,20262834,0.03846706449985504,0.06705325096845627,0.044313639402389526,0.022739609703421593,7.524928514612839e-05,2.8680637637806483,0.0031448067585314126,2.0,4.48,0.057967863976955414,0.2061145305633545,0.045068006962537766,0.16104653477668762,7.799088780302554e-05,3.1127257544730322,0.0034130764851677984,5.0,8.0,0.019500799477100372,0.13906127959489822,0.0007543675601482391,0.13830692507326603,2.7416026568971574e-06,0.24466199069238392,0.00026826972663638584,2.600000000000002,8.233333333333334,5.633333333333333
brc_v3_1m_fibercount_conf50,1m FC 50%,real,-1,9,2.4,912,7091,91,20262835,0.08351990580558777,0.15711696445941925,0.07559797167778015,0.08151901513338089,0.00013947968545835465,2.7788115485545837,0.0030469424874502013,2.0,4.48,0.09696700423955917,0.40720927715301514,0.07191015779972076,0.33529913425445557,5.468327799462713e-06,3.01835712199701,0.0033096021074528617,5.0,8.0,0.013447098433971405,0.2500923126935959,-0.003687813878059387,0.2537801191210747,-0.00013401135765889194,0.2395455734424261,0.0002626596200026605,2.600000000000002,8.233333333333334,5.633333333333333
brc_v3_1m_fibercount_conf50,1m FC 50%,real,-1,10,2.4,912,7091,91,20262836,0.05342065170407295,0.04594610258936882,0.057981062680482864,-0.012034950777888298,8.443082151643466e-06,2.8078580984205703,0.0030787917745839586,2.0,4.48,0.061597567051649094,0.20264475047588348,0.05607600510120392,0.14656873047351837,8.990464266389608e-05,3.0562509933504693,0.0033511524049895497,5.0,8.0,0.008176915347576141,0.15669864788651466,-0.001905057579278946,0.15860368125140667,8.146156051225262e-05,0.24839289492989902,0.00027236063040559115,2.600000000000002,8.233333333333334,5.633333333333333
brc_v3_1m_fibercount_conf50,1m FC 50%,real,-1,11,2.4,912,7091,91,20262837,0.11571900546550751,0.14766545593738556,0.11344815045595169,0.034217286854982376,0.00018256589828524739,2.829835962794886,0.003102890310082112,2.0,4.48,0.05577237904071808,0.28638771176338196,0.03790876641869545,0.248478963971138,0.00018258338968735188,3.123669658804011,0.0034250763802675557,5.0,8.0,-0.05994662642478943,0.1387222558259964,-0.07553938403725624,0.21426167711615562,1.7491402104496956e-08,0.2938336960091248,0.00032218607018544374,2.600000000000002,8.233333333333334,5.633333333333333
brc_v3_1m_fibercount_conf50,1m FC 50%,degree_preserving,0,0,2.4,912,7091,91,20362826,0.0609009675681591,0.06123725324869156,0.06488075107336044,-0.003643487114459276,0.0003019843134097755,2.8265165026205756,0.0030992505511190523,2.0,4.48,0.03163320943713188,0.195924773812294,0.02396373264491558,0.17196102440357208,4.498248017625883e-05,3.114601201054427,0.003415132895893012,5.0,8.0,-0.02926775813102722,0.13468752056360245,-0.04091701842844486,0.17560451151803136,-0.00025700183323351666,0.2880846984338512,0.0003158823447739598,2.600000000000002,8.233333333333334,5.633333333333333
brc_v3_1m_fibercount_conf50,1m FC 50%,degree_preserving,1,0,2.4,912,7091,91,20462826,0.026888132095336914,0.10101814568042755,0.023963455110788345,0.0770546942949295,3.301482502138242e-05,2.8309216236367463,0.003104080727671871,2.0,4.48,0.054259564727544785,0.05721188336610794,0.05574198067188263,0.0014699016464874148,0.0001335255365120247,3.1397260900585673,0.0034426821162922886,5.0,8.0,0.02737143263220787,-0.04380626231431961,0.031778525561094284,-0.07558479264844209,0.00010051071149064228,0.308804466421821,0.00033860138862041754,2.600000000000002,8.233333333333334,5.633333333333333
brc_v3_1m_fibercount_conf50,1m FC 50%,degree_preserving,2,0,2.4,912,7091,91,20562826,0.05488551780581474,0.1368367224931717,0.04615248367190361,0.09068424254655838,2.2127862393972464e-05,2.7326094679160797,0.0029962823113114908,2.0,4.48,0.05376413092017174,0.07623670995235443,0.05170748755335808,0.02452923357486725,2.998518721142318e-05,3.0216271801358596,0.0033131876975173898,5.0,8.0,-0.0011213868856430054,-0.06060001254081726,0.005555003881454468,-0.06615500897169113,7.857324817450717e-06,0.2890177122197799,0.000316905386205899,2.600000000000002,8.233333333333334,5.633333333333333
brc_v3_1m_fibercount_conf50,1m FC 50%,degree_preserving,3,0,2.4,912,7091,91,20662826,0.0381871797144413,0.09353659301996231,0.05122402682900429,0.04231257736682892,7.259535050252452e-05,2.8105355656170024,0.003081727593878292,2.0,4.48,0.062146689742803574,0.13052983582019806,0.05937652289867401,0.07115332782268524,0.0001373399281874299,3.1083047541934152,0.0034082288971419026,5.0,8.0,0.023959510028362274,0.03699324280023575,0.008152496069669724,0.028840750455856323,6.474457768490538e-05,0.2977691885764129,0.0003265013032636107,2.600000000000002,8.233333333333334,5.633333333333333
brc_v3_1m_fibercount_conf50,1m FC 50%,degree_preserving,4,0,2.4,912,7091,91,20762826,0.04705596715211868,0.21843157708644867,0.035838667303323746,0.18259289860725403,3.6889108741888776e-05,2.7802373170000996,0.003048505830043969,2.0,4.48,0.01671966351568699,0.09513208270072937,0.01160323154181242,0.08352885395288467,5.712707934435457e-05,3.026495169609805,0.003318525405273909,5.0,8.0,-0.030336303636431694,-0.1232994943857193,-0.024235435761511326,-0.09906404465436935,2.0237970602465793e-05,0.24625785260970545,0.0002700195752299403,2.600000000000002,8.233333333333334,5.633333333333333
brc_v3_1m_fibercount_conf50,1m FC 50%,degree_preserving,5,0,2.4,912,7091,91,20862826,0.05214528739452362,0.041603632271289825,0.0589737668633461,-0.017370127141475677,0.00015104118210729212,2.779490037434153,0.0030476864445549926,2.0,4.48,0.06508006900548935,0.08893346786499023,0.06580416858196259,0.023129312321543694,2.3526341465185396e-05,2.965695973934967,0.003251859620542727,5.0,8.0,0.012934781610965729,0.04732983559370041,0.006830401718616486,0.04049943946301937,-0.00012751484064210672,0.18620593650081396,0.00020417317598773457,2.600000000000002,8.233333333333334,5.633333333333333
brc_v3_1m_fibercount_conf50,1m FC 50%,degree_preserving,6,0,2.4,912,7091,91,20962826,0.027790293097496033,0.12006990611553192,0.02151578851044178,0.09855412691831589,0.00013363748439587653,2.8630177843583593,0.00313927388635785,2.0,4.48,0.047161735594272614,0.1058812364935875,0.04407718777656555,0.061804044991731644,0.00012757719377987087,3.1501398136155334,0.00345410067282405,5.0,8.0,0.01937144249677658,-0.014188669621944427,0.02256139926612377,-0.036750081926584244,-6.060290616005659e-06,0.2871220292571741,0.0003148267864661997,2.600000000000002,8.233333333333334,5.633333333333333
brc_v3_1m_fibercount_conf50,1m FC 50%,degree_preserving,7,0,2.4,912,7091,91,21062826,0.026625562459230423,0.07597779482603073,0.027367638424038887,0.0486101433634758,0.0002508011239115149,2.793879568395715,0.003063464439030389,2.0,4.48,0.05088642239570618,0.11137419193983078,0.049552835524082184,0.0618213526904583,6.293196929618716e-05,3.070144273684903,0.0033663862650053764,5.0,8.0,0.024260859936475754,0.03539639711380005,0.022185197100043297,0.013211209326982498,-0.00018786915461532772,0.27626470528918823,0.00030292182597498746,2.600000000000002,8.233333333333334,5.633333333333333
brc_v3_1m_fibercount_conf50,1m FC 50%,degree_preserving,8,0,2.4,912,7091,91,21162826,0.038420170545578,0.198609858751297,0.023400750011205673,0.17520909011363983,1.75843779288698e-05,2.7997728550565815,0.0030699263761585324,2.0,4.48,0.04663041979074478,0.11208438873291016,0.04516400769352913,0.06692037731409073,8.840278496791143e-06,3.065977894860829,0.003361817867171962,5.0,8.0,0.008210249245166779,-0.08652547001838684,0.021763257682323456,-0.1082887127995491,-8.744099432078656e-06,0.2662050398042477,0.0002918914910134294,2.600000000000002,8.233333333333334,5.633333333333333
brc_v3_1m_fibercount_conf50,1m FC 50%,degree_preserving,9,0,2.4,912,7091,91,21262826,0.01886388100683689,0.17037099599838257,0.011266938410699368,0.15910406410694122,6.331143140414497e-06,2.7872824020446454,0.003056230703996322,2.0,4.48,0.022588014602661133,0.11108291894197464,0.01440498698502779,0.09667792916297913,2.8534888770082034e-05,3.023515611356584,0.0033152583457857284,5.0,8.0,0.0037241335958242416,-0.05928807705640793,0.0031380485743284225,-0.0624261349439621,2.2203745629667537e-05,0.2362332093119388,0.00025902764178940656,2.600000000000002,8.233333333333334,5.633333333333333
brc_v3_1m_fibercount_conf50,1m FC 50%,degree_preserving,10,0,2.4,912,7091,91,21362826,0.026986705139279366,0.0809057280421257,0.02259192429482937,0.05831381306052208,1.720868021948263e-05,2.765574516800597,0.0030324281982462686,2.0,4.48,0.05921069532632828,0.2319774329662323,0.058718517422676086,0.17325890064239502,0.0004628578317351639,2.9810563604795615,0.003268702149648642,5.0,8.0,0.03222399018704891,0.1510717049241066,0.03612659312784672,0.11494508758187294,0.0004456491515156813,0.2154818436789645,0.0002362739514023735,2.600000000000002,8.233333333333334,5.633333333333333
brc_v3_1m_fibercount_conf50,1m FC 50%,degree_preserving,11,0,2.4,912,7091,91,21462826,0.03390004485845566,0.05943774804472923,0.03454612195491791,0.024891627952456474,0.00013968948042020202,2.8078234855349784,0.0030787538218585288,2.0,4.48,0.030587321147322655,0.10797040164470673,0.029146680608391762,0.07882370799779892,0.0001754725817590952,3.1458461485415983,0.003449392706734209,5.0,8.0,-0.0033127237111330032,0.04853265359997749,-0.005399441346526146,0.053932080045342445,3.5783101338893175e-05,0.3380226630066199,0.00037063888487568006,2.600000000000002,8.233333333333334,5.633333333333333
brc_v3_1m_fibercount_conf50,1m FC 50%,degree_strength_preserving,0,0,2.4,912,7091,91,20362826,0.06395000219345093,0.2446877807378769,0.05727594345808029,0.1874118149280548,4.44362303824164e-05,2.8276220440479425,0.0031004627675964283,2.0,4.48,0.07370845228433609,0.21210113167762756,0.06343188136816025,0.1486692577600479,0.00014327382086776197,3.118642571306365,0.0034195642229236456,5.0,8.0,0.009758450090885162,-0.03258664906024933,0.006155937910079956,-0.0387425571680069,9.883759048534557e-05,0.2910205272584223,0.00031910145532721736,2.600000000000002,8.233333333333334,5.633333333333333
brc_v3_1m_fibercount_conf50,1m FC 50%,degree_strength_preserving,1,0,2.4,912,7091,91,20462826,0.07459408044815063,0.13382260501384735,0.07252943515777588,0.06129317358136177,0.00016494019655510783,2.8096457056330753,0.0030807518702117053,2.0,4.48,0.07017513364553452,0.18406124413013458,0.05915607884526253,0.12490516155958176,9.124183634412475e-06,3.1036857709443604,0.003403164222526711,5.0,8.0,-0.004418946802616119,0.05023863911628723,-0.013373356312513351,0.06361198797821999,-0.00015581601292069536,0.2940400653112851,0.0003224123523150055,2.600000000000002,8.233333333333334,5.633333333333333
brc_v3_1m_fibercount_conf50,1m FC 50%,degree_strength_preserving,2,0,2.4,912,7091,91,20562826,0.079624705016613,0.22571730613708496,0.06373447924852371,0.16198284924030304,9.292030881624669e-05,2.7439577476454176,0.0030087256004883963,2.0,4.48,0.07782871276140213,0.1537073254585266,0.0718894675374031,0.08181785047054291,5.407691787695512e-05,3.0301075354271303,0.0033224863327051867,5.0,8.0,-0.0017959922552108765,-0.07200998067855835,0.008154988288879395,-0.08016499876976013,-3.8843390939291567e-05,0.28614978778171274,0.0003137607322167904,2.600000000000002,8.233333333333334,5.633333333333333
brc_v3_1m_fibercount_conf50,1m FC 50%,degree_strength_preserving,3,0,2.4,912,7091,91,20662826,0.06884235143661499,0.17064890265464783,0.07209193706512451,0.09855696558952332,1.7884387489175424e-05,2.8353833827286126,0.0031089730073778645,2.0,4.48,0.06602126359939575,0.1165083572268486,0.06606504321098328,0.050443295389413834,0.00023647688794881105,3.1166513011667685,0.00341738081268286,5.0,8.0,-0.0028210878372192383,-0.054140545427799225,-0.006026893854141235,-0.04811367020010948,0.00021859250045963563,0.2812679184381559,0.00030840780530499556,2.600000000000002,8.233333333333334,5.633333333333333
brc_v3_1m_fibercount_conf50,1m FC 50%,degree_strength_preserving,4,0,2.4,912,7091,91,20762826,0.07245298475027084,0.2789662182331085,0.05417351797223091,0.22479267418384552,0.00010973337339237332,2.7799382552190224,0.0030481779114243665,2.0,4.48,0.062069471925497055,0.30983424186706543,0.037586331367492676,0.27224794030189514,4.160964090260677e-05,2.966364922726508,0.00325259311702468,5.0,8.0,-0.010383512824773788,0.03086802363395691,-0.016587186604738235,0.04745526611804962,-6.812373248976655e-05,0.1864266675074857,0.00020441520560031358,2.600000000000002,8.233333333333334,5.633333333333333
brc_v3_1m_fibercount_conf50,1m FC 50%,degree_strength_preserving,5,0,2.4,912,7091,91,20862826,0.050281573086977005,0.09333008527755737,0.0513366237282753,0.041993461549282074,1.1716103472281247e-05,2.767655005088427,0.0030347094354039768,2.0,4.48,0.10182260721921921,0.22272948920726776,0.08897486329078674,0.1337546408176422,0.000549370888620615,2.993718683160905,0.0032825862753957293,5.0,8.0,0.0515410341322422,0.1293994039297104,0.037638239562511444,0.09176117926836014,0.0005376547851483338,0.22606367807247807,0.00024787683999175254,2.600000000000002,8.233333333333334,5.633333333333333
brc_v3_1m_fibercount_conf50,1m FC 50%,degree_strength_preserving,6,0,2.4,912,7091,91,20962826,0.01204269751906395,0.09783254563808441,0.012730656191706657,0.0851018875837326,3.725271380972117e-05,2.838515717691338,0.0031124075851878706,2.0,4.48,0.04533064737915993,0.21884804964065552,0.04440322890877724,0.17444480955600739,0.0003708370204549283,3.13594760519129,0.003438539040779923,5.0,8.0,0.03328794986009598,0.1210155040025711,0.03167257271707058,0.08934292197227478,0.0003335843066452071,0.29743188749995175,0.00032613145559205227,2.600000000000002,8.233333333333334,5.633333333333333
brc_v3_1m_fibercount_conf50,1m FC 50%,degree_strength_preserving,7,0,2.4,912,7091,91,21062826,0.038153275847435,0.07062987983226776,0.04032721742987633,0.030302666127681732,0.00014423494576476514,2.7981472726141274,0.0030681439392698765,2.0,4.48,0.05667821317911148,0.15722902119159698,0.05214465782046318,0.1050843596458435,0.0003716666833497584,3.1014821737671343,0.0034007479975516823,5.0,8.0,0.018524937331676483,0.08659914135932922,0.011817440390586853,0.07478169351816177,0.00022743173758499324,0.3033349011530069,0.00033260405828180583,2.600000000000002,8.233333333333334,5.633333333333333
brc_v3_1m_fibercount_conf50,1m FC 50%,degree_strength_preserving,8,0,2.4,912,7091,91,21162826,0.059364959597587585,0.24557943642139435,0.04100567102432251,0.20457379519939423,3.126609590253793e-05,2.7896523354167866,0.0030588293151499854,2.0,4.48,0.05789985880255699,0.11240295320749283,0.057027291506528854,0.05537567660212517,0.0005967780598439276,3.056077477472282,0.0033509621463511862,5.0,8.0,-0.0014651007950305939,-0.13317648321390152,0.016021620482206345,-0.14919811859726906,0.0005655119639413897,0.2664251420554953,0.0002921328312012008,2.600000000000002,8.233333333333334,5.633333333333333
brc_v3_1m_fibercount_conf50,1m FC 50%,degree_strength_preserving,9,0,2.4,912,7091,91,21262826,0.058290500193834305,0.2521694302558899,0.039037059992551804,0.2131323516368866,7.146957068471238e-05,2.7896677409311827,0.0030588462071613844,2.0,4.48,0.07006914913654327,0.368230402469635,0.0389663465321064,0.3292640745639801,9.006846084957942e-05,3.0074812446903954,0.0032976768033885916,5.0,8.0,0.011778648942708969,0.11606097221374512,-7.071346044540405e-05,0.1161317229270935,1.8598890164867043e-05,0.2178135037592126,0.00023883059622720713,2.600000000000002,8.233333333333334,5.633333333333333
brc_v3_1m_fibercount_conf50,1m FC 50%,degree_strength_preserving,10,0,2.4,912,7091,91,21362826,0.051331546157598495,0.1421448290348053,0.04350416362285614,0.09864066541194916,4.415201328811236e-05,2.771282118756858,0.003038686533724625,2.0,4.48,0.07546330988407135,0.34830549359321594,0.06032555177807808,0.28797996044158936,0.0004018381587229669,2.983875539567953,0.003271793354789422,5.0,8.0,0.024131763726472855,0.20616066455841064,0.01682138815522194,0.1893392950296402,0.00035768614543485455,0.2125934208110949,0.00023310682106479717,2.600000000000002,8.233333333333334,5.633333333333333
brc_v3_1m_fibercount_conf50,1m FC 50%,degree_strength_preserving,11,0,2.4,912,7091,91,21462826,0.058683060109615326,0.09429623186588287,0.05593745782971382,0.03835877403616905,0.00015519509906880558,2.827792736411361,0.003100649930275615,2.0,4.48,0.06016578897833824,0.24599714577198029,0.042858272790908813,0.20313884317874908,5.197681821300648e-05,3.138232074527047,0.0034410439413673764,5.0,8.0,0.0014827288687229156,0.1517009139060974,-0.013079185038805008,0.16478006914258003,-0.0001032182808557991,0.31043933811568625,0.00034039401109176156,2.600000000000002,8.233333333333334,5.633333333333333
brc_v3_1m_fibercount_conf50,1m FC 50%,real,-1,0,3.2,912,7091,91,20263626,0.10650777816772461,0.3363194763660431,0.09275955706834793,0.2435598373413086,0.00019396223069634289,2.7893568767843835,0.003058505347351298,2.0,4.48,0.07255338132381439,0.2987697720527649,0.04816189408302307,0.2506078779697418,2.104792838508729e-05,2.9634183121564304,0.003249362184382051,5.0,8.0,-0.03395439684391022,-0.0375497043132782,-0.04459766298532486,0.0070480406284332275,-0.0001729143023112556,0.17406143537204688,0.00019085683703075297,2.6000000000000005,8.233333333333329,5.633333333333328
brc_v3_1m_fibercount_conf50,1m FC 50%,real,-1,1,3.2,912,7091,91,20263627,0.04825339466333389,0.10026255995035172,0.05401032045483589,0.046252235770225525,0.00023135356605052948,2.7551210743721803,0.003020966090320373,2.0,4.48,0.06206212565302849,0.14072193205356598,0.06322621554136276,0.07749571651220322,5.037188020651229e-05,3.1031054620273992,0.003402527918889692,5.0,8.0,0.013808730989694595,0.040459372103214264,0.00921589508652687,0.03124348074197769,-0.0001809816858440172,0.3479843876552189,0.00038156182856931894,2.6000000000000005,8.233333333333329,5.633333333333328
brc_v3_1m_fibercount_conf50,1m FC 50%,real,-1,2,3.2,912,7091,91,20263628,0.148601695895195,0.48118287324905396,0.11241637170314789,0.36876651644706726,0.00013733524247072637,2.742050074299628,0.003006633853398715,2.0,4.48,0.07899218052625656,0.4343489110469818,0.05844692140817642,0.3759019672870636,0.00020313533605076373,3.025412594762659,0.0033173383714502837,5.0,8.0,-0.06960951536893845,-0.046833962202072144,-0.053969450294971466,0.007135450839996338,6.580009358003736e-05,0.2833625204630308,0.00031070451805156885,2.6000000000000005,8.233333333333329,5.633333333333328
brc_v3_1m_fibercount_conf50,1m FC 50%,real,-1,3,3.2,912,7091,91,20263629,0.004300014581531286,0.18343468010425568,0.019839080050587654,0.16359561681747437,1.167356276710052e-05,2.845198033611377,0.003119734685977387,2.0,4.48,0.08310585469007492,0.305131196975708,0.06235088035464287,0.24278028309345245,0.0007092941086739302,3.109855834595072,0.003409929643196351,5.0,8.0,0.07880584010854363,0.12169651687145233,0.042511800304055214,0.07918466627597809,0.0006976205459068296,0.26465780098369507,0.00029019495721896394,2.6000000000000005,8.233333333333329,5.633333333333328
brc_v3_1m_fibercount_conf50,1m FC 50%,real,-1,4,3.2,912,7091,91,20263630,0.1104971244931221,0.3700959086418152,0.08239609003067017,0.287699818611145,0.0002617893915157765,2.748344832130905,0.003013536000143536,2.0,4.48,0.11293508112430573,0.5934348106384277,0.061277102679014206,0.5321577191352844,3.012051820405759e-05,2.9456956562937697,0.003229929447690537,5.0,8.0,0.0024379566311836243,0.22333890199661255,-0.02111898735165596,0.2444579005241394,-0.00023166887331171893,0.19735082416286476,0.00021639344754700082,2.6000000000000005,8.233333333333329,5.633333333333328
brc_v3_1m_fibercount_conf50,1m FC 50%,real,-1,5,3.2,912,7091,91,20263631,0.11078060418367386,0.45461413264274597,0.07428965717554092,0.38032448291778564,0.00015064784383866936,2.7583252773393285,0.0030244794707668075,2.0,4.48,0.10221120715141296,0.5455520749092102,0.05642271041870117,0.48912936449050903,1.8316181012778543e-05,2.9976251076570612,0.003286869635588883,5.0,8.0,-0.008569397032260895,0.09093794226646423,-0.017866946756839752,0.10880488157272339,-0.00013233166282589082,0.23929983031773272,0.0002623901648220756,2.6000000000000005,8.233333333333329,5.633333333333328
brc_v3_1m_fibercount_conf50,1m FC 50%,real,-1,6,3.2,912,7091,91,20263632,0.02713308110833168,0.26947104930877686,0.01852179691195488,0.25094926357269287,1.6504438463016413e-05,2.829871705394083,0.0031029295015286,2.0,4.48,0.050670042634010315,0.2248210608959198,0.03691602870821953,0.18790499866008759,0.0003130758705083281,3.10860182815833,0.0034085546361385197,5.0,8.0,0.023536961525678635,-0.044649988412857056,0.01839423179626465,-0.06304426491260529,0.00029657143204531167,0.27873012276424713,0.0003056251346099199,2.6000000000000005,8.233333333333329,5.633333333333328
brc_v3_1m_fibercount_conf50,1m FC 50%,real,-1,7,3.2,912,7091,91,20263633,0.08243541419506073,0.21832175552845,0.06854363530874252,0.14977812767028809,0.0003544956853147596,2.8094425148902458,0.0030805290733445677,2.0,4.48,0.0958227589726448,0.39190536737442017,0.06929019093513489,0.3226151168346405,3.9617199945496395e-05,3.065762865091976,0.0033615820889166407,5.0,8.0,0.013387344777584076,0.17358361184597015,0.0007465556263923645,0.17283698916435242,-0.0003148784853692632,0.2563203502017304,0.000281053015572073,2.6000000000000005,8.233333333333329,5.633333333333328
brc_v3_1m_fibercount_conf50,1m FC 50%,real,-1,8,3.2,912,7091,91,20263634,0.06998501718044281,0.2572871148586273,0.0589313805103302,0.19835573434829712,7.485386049665976e-06,2.814211303894429,0.003085758008656172,2.0,4.48,0.0935065895318985,0.3777691125869751,0.06582475453615189,0.3119443655014038,1.3133873835613485e-05,3.074963042984524,0.003371670003272504,5.0,8.0,0.02352157235145569,0.12048199772834778,0.006893374025821686,0.11358863115310669,5.648487785947509e-06,0.26075173909009486,0.0002859119946163318,2.6000000000000005,8.233333333333329,5.633333333333328
brc_v3_1m_fibercount_conf50,1m FC 50%,real,-1,9,3.2,912,7091,91,20263635,0.08141444623470306,0.2032388299703598,0.07192612439393997,0.13131268322467804,0.00020557815150823444,2.7966062003058565,0.0030664541670020356,2.0,4.48,0.029582422226667404,0.12367131561040878,0.03414309397339821,0.08952822536230087,4.901786815025844e-05,3.038604138371183,0.0033318027833017356,5.0,8.0,-0.05183202400803566,-0.07956751435995102,-0.03778303042054176,-0.04178445786237717,-0.000156560283357976,0.24199793806532632,0.00026534861629969996,2.6000000000000005,8.233333333333329,5.633333333333328
brc_v3_1m_fibercount_conf50,1m FC 50%,real,-1,10,3.2,912,7091,91,20263636,0.03514283150434494,0.1477528065443039,0.03689941391348839,0.1108533963561058,3.1534327717963606e-05,2.7628732800072955,0.003029466315797473,2.0,4.48,0.09207743406295776,0.36492466926574707,0.0629517138004303,0.30197304487228394,0.000504304887726903,3.0354303243830683,0.0033283227241042417,5.0,8.0,0.056934602558612823,0.21717186272144318,0.02605229988694191,0.19111964851617813,0.00047277056000893936,0.2725570443757728,0.0002988564083067687,2.6000000000000005,8.233333333333329,5.633333333333328
brc_v3_1m_fibercount_conf50,1m FC 50%,real,-1,11,3.2,912,7091,91,20263637,0.05426670238375664,0.09875990450382233,0.04945972561836243,0.049300163984298706,0.0001997049112105742,2.8431291378223005,0.0031174661598928734,2.0,4.48,0.07462474703788757,0.5295153856277466,0.026238566264510155,0.5032769441604614,2.626631157909287e-06,3.0879867295293586,0.003385950361326051,5.0,8.0,0.020358044654130936,0.43075548112392426,-0.023221159353852272,0.4539767801761627,-0.00019707828005266492,0.24485759170705812,0.0002684842014331777,2.6000000000000005,8.233333333333329,5.633333333333328
brc_v3_1m_fibercount_conf50,1m FC 50%,degree_preserving,0,0,3.2,912,7091,91,20363626,0.027370676398277283,0.17920765280723572,0.025990087538957596,0.15321756899356842,1.992510624404531e-05,2.8126875437453593,0.0030840872190190344,2.0,4.48,0.02634371817111969,0.19241873919963837,0.01345937978476286,0.17895932495594025,1.4808955711487215e-05,3.0923948117159963,0.0033907837847763117,5.0,8.0,-0.0010269582271575928,0.013211086392402649,-0.012530707754194736,0.025741755962371826,-5.116150532558095e-06,0.27970726797063694,0.00030669656575727736,2.6000000000000005,8.233333333333329,5.633333333333328
brc_v3_1m_fibercount_conf50,1m FC 50%,degree_preserving,1,0,3.2,912,7091,91,20463626,0.06632845103740692,0.14966876804828644,0.06306954473257065,0.0865991935133934,4.4430391426431015e-05,2.7700654030272602,0.003037352415600066,2.0,4.48,0.02117561735212803,0.12972338497638702,0.03480576351284981,0.09491761773824692,0.00011167403135914356,3.086139955336505,0.003383925389623361,5.0,8.0,-0.04515283368527889,-0.019945383071899414,-0.02826378121972084,0.008318424224853516,6.724363993271254e-05,0.31607455230924497,0.0003465729740232946,2.6000000000000005,8.233333333333329,5.633333333333328
brc_v3_1m_fibercount_conf50,1m FC 50%,degree_preserving,2,0,3.2,912,7091,91,20563626,0.0314178429543972,0.10175956040620804,0.025932224467396736,0.07582735270261765,7.482996443286538e-05,2.706929898259439,0.0029681248884423674,2.0,4.48,0.05357223376631737,0.045745838433504105,0.06127594783902168,-0.015530114062130451,5.220723687671125e-05,3.0213626724104388,0.003312897667116709,5.0,8.0,0.022154390811920166,-0.056013721972703934,0.03534372337162495,-0.0913574667647481,-2.2622727556154132e-05,0.3144327741509998,0.0003447727786743417,2.6000000000000005,8.233333333333329,5.633333333333328
brc_v3_1m_fibercount_conf50,1m FC 50%,degree_preserving,3,0,3.2,912,7091,91,20663626,0.037962689995765686,0.05900229886174202,0.044603630900382996,0.014398671686649323,1.4040952919458505e-05,2.802681819985489,0.003073116030685843,2.0,4.48,0.03508371859788895,0.1901979148387909,0.021231457591056824,0.16896647214889526,2.596835111035034e-05,3.128352215734736,0.003430210762867035,5.0,8.0,-0.0028789713978767395,0.13119561597704887,-0.023372173309326172,0.15456780046224594,1.1927398190891836e-05,0.32567039574924683,0.00035709473218119205,2.6000000000000005,8.233333333333329,5.633333333333328
brc_v3_1m_fibercount_conf50,1m FC 50%,degree_preserving,4,0,3.2,912,7091,91,20763626,0.06582102924585342,0.13431958854198456,0.06144703924655914,0.0728725716471672,1.1511364391481038e-05,2.8257373807712827,0.0030983962508457047,2.0,4.48,0.03333216905593872,0.20497505366802216,0.031604014337062836,0.17337103188037872,0.00024359268718399107,3.068404896843126,0.0033644790535560594,5.0,8.0,-0.0324888601899147,0.0706554651260376,-0.029843024909496307,0.10049846023321152,0.00023208132279251004,0.24266751607184345,0.00026608280271035473,2.6000000000000005,8.233333333333329,5.633333333333328
brc_v3_1m_fibercount_conf50,1m FC 50%,degree_preserving,5,0,3.2,912,7091,91,20863626,0.02081122435629368,0.08351381868124008,0.016206752508878708,0.06730707734823227,0.0001247950131073594,2.73348308195676,0.002997240221443816,2.0,4.48,0.027984976768493652,0.08444132655858994,0.023515623062849045,0.06092570349574089,2.8025213396176696e-05,3.0050516457601777,0.003295012769473879,5.0,8.0,0.007173752412199974,0.0009275078773498535,0.007308870553970337,-0.006381373852491379,-9.676979971118271e-05,0.27156856380341754,0.00029777254803006314,2.6000000000000005,8.233333333333329,5.633333333333328
brc_v3_1m_fibercount_conf50,1m FC 50%,degree_preserving,6,0,3.2,912,7091,91,20963626,0.02910841442644596,0.10862024873495102,0.038940493017435074,0.06967975199222565,0.00017655538977123797,2.868768403689237,0.0031455793900101283,2.0,4.48,0.05959039553999901,0.15730063617229462,0.05388427898287773,0.10341634601354599,1.4711935364175588e-05,3.190577809854464,0.003498440580980772,5.0,8.0,0.030481981113553047,0.0486803874373436,0.014943785965442657,0.03373659402132034,-0.00016184345440706238,0.32180940616522724,0.0003528611909706437,2.6000000000000005,8.233333333333329,5.633333333333328
brc_v3_1m_fibercount_conf50,1m FC 50%,degree_preserving,7,0,3.2,912,7091,91,21063626,0.04295125976204872,0.14377859234809875,0.03460497409105301,0.10917364805936813,0.00012802009587176144,2.792067588286138,0.0030614776187348003,2.0,4.48,0.09070345759391785,0.11803791671991348,0.08813848346471786,0.029899422079324722,6.682669481961057e-05,3.1054639966216704,0.0034051140313834105,5.0,8.0,0.047752197831869125,-0.025740675628185272,0.053533509373664856,-0.07927422598004341,-6.119340105215088e-05,0.3133964083355325,0.0003436364126486102,2.6000000000000005,8.233333333333329,5.633333333333328
brc_v3_1m_fibercount_conf50,1m FC 50%,degree_preserving,8,0,3.2,912,7091,91,21163626,0.05777600407600403,0.15163318812847137,0.050294458866119385,0.10133872926235199,6.150539411464706e-05,2.75595251462794,0.003021877757267478,2.0,4.48,0.05730356648564339,0.11195240169763565,0.05244794487953186,0.05950446054339409,1.6699877960490994e-05,3.0207652094928736,0.0033122425542685017,5.0,8.0,-0.0004724375903606415,-0.039680786430835724,0.0021534860134124756,-0.0418342687189579,-4.4805516154156066e-05,0.26481269486493364,0.00029036479700102376,2.6000000000000005,8.233333333333329,5.633333333333328
brc_v3_1m_fibercount_conf50,1m FC 50%,degree_preserving,9,0,3.2,912,7091,91,21263626,0.044112678617239,0.12903204560279846,0.03504125773906708,0.09399077296257019,3.555884541128762e-05,2.806913331260229,0.0030777558456800756,2.0,4.48,0.040781766176223755,0.06993512809276581,0.03937063738703728,0.030564486980438232,9.637048788135871e-05,3.029095342123369,0.0033213764716265013,5.0,8.0,-0.0033309124410152435,-0.059096917510032654,0.0043293796479702,-0.06342628598213196,6.081164247007109e-05,0.22218201086314027,0.00024362062594642572,2.6000000000000005,8.233333333333329,5.633333333333328
brc_v3_1m_fibercount_conf50,1m FC 50%,degree_preserving,10,0,3.2,912,7091,91,21363626,0.1100190207362175,0.21313364803791046,0.10296178609132767,0.1101718470454216,0.00046358301187865436,2.803027947636834,0.0030734955566193356,2.0,4.48,0.09904084354639053,0.354735404253006,0.0725623369216919,0.2821730375289917,0.0001757209247443825,3.0944419123340476,0.003393028412646982,5.0,8.0,-0.010978177189826965,0.14160175621509552,-0.030399449169635773,0.1720011904835701,-0.00028786208713427186,0.2914139646972136,0.0003195328560276463,2.6000000000000005,8.233333333333329,5.633333333333328
brc_v3_1m_fibercount_conf50,1m FC 50%,degree_preserving,11,0,3.2,912,7091,91,21463626,0.044915199279785156,0.03382338955998421,0.05103908106684685,-0.01721569336950779,0.00021481624571606517,2.7696438160804675,0.003036890149211039,2.0,4.48,0.044048912823200226,0.195522740483284,0.030324706807732582,0.16519804298877716,2.372451672272291e-05,3.0766804149972864,0.0033735530866198316,5.0,8.0,-0.0008662864565849304,0.1616993509232998,-0.020714374259114265,0.18241373635828495,-0.00019109172899334226,0.3070365989168189,0.0003366629374087927,2.6000000000000005,8.233333333333329,5.633333333333328
brc_v3_1m_fibercount_conf50,1m FC 50%,degree_strength_preserving,0,0,3.2,912,7091,91,20363626,0.0755084976553917,0.05515222251415253,0.07889210432767868,-0.02373986691236496,4.288773561711423e-05,2.8151239543881195,0.003086758721916798,2.0,4.48,0.07154995203018188,0.1782742589712143,0.06010894477367401,0.11816529184579849,9.452523227082565e-05,3.0834892174955915,0.0033810188788328853,5.0,8.0,-0.003958545625209808,0.12312203645706177,-0.01878315955400467,0.14190515875816345,5.163749665371142e-05,0.268365263107472,0.0002942601569160875,2.6000000000000005,8.233333333333329,5.633333333333328
brc_v3_1m_fibercount_conf50,1m FC 50%,degree_strength_preserving,1,0,3.2,912,7091,91,20463626,0.09065818786621094,0.1598748117685318,0.08472201228141785,0.07515279948711395,0.00039217513403855264,2.7741537741816615,0.003041835278707962,2.0,4.48,0.0423300676047802,0.2577545642852783,0.0496564581990242,0.20809808373451233,2.2036827431293204e-05,3.047539684167532,0.0033416005308854516,5.0,8.0,-0.04832812026143074,0.09787975251674652,-0.035065554082393646,0.13294528424739838,-0.00037013830660725944,0.2733859099858704,0.0002997652521774894,2.6000000000000005,8.233333333333329,5.633333333333328
brc_v3_1m_fibercount_conf50,1m FC 50%,degree_strength_preserving,2,0,3.2,912,7091,91,20563626,0.09190940111875534,0.2448248267173767,0.07513023167848587,0.16969461739063263,0.0004125676059629768,2.7299762918115773,0.00299339505681094,2.0,4.48,0.11340904235839844,0.2147107571363449,0.10250038653612137,0.11221037060022354,0.000225237658014521,2.996285581634539,0.0032854008570554157,5.0,8.0,0.021499641239643097,-0.0301140695810318,0.027370154857635498,-0.05748424679040909,-0.0001873299479484558,0.26630928982296176,0.00029200580024447585,2.6000000000000005,8.233333333333329,5.633333333333328
brc_v3_1m_fibercount_conf50,1m FC 50%,degree_strength_preserving,3,0,3.2,912,7091,91,20663626,0.04990950971841812,0.05772874876856804,0.05010201409459114,0.007626725360751152,0.00015891250222921371,2.7978490258698425,0.003067816914330968,2.0,4.48,0.06406275182962418,0.3591148555278778,0.035269707441329956,0.32384514808654785,0.0011742766946554184,3.1202409557466213,0.0034213168374414705,5.0,8.0,0.014153242111206055,0.30138610675930977,-0.014832306653261185,0.3162184227257967,0.0010153641924262047,0.3223919298767788,0.0003534999231105027,2.6000000000000005,8.233333333333329,5.633333333333328
brc_v3_1m_fibercount_conf50,1m FC 50%,degree_strength_preserving,4,0,3.2,912,7091,91,20763626,0.11190086603164673,0.2972690761089325,0.0927402526140213,0.20452880859375,0.00011347646068315953,2.8217928371058005,0.0030940710933177636,2.0,4.48,0.1170857697725296,0.47393667697906494,0.08014097064733505,0.3937957286834717,0.0001760056329658255,3.03409748853488,0.0033268612812882457,5.0,8.0,0.0051849037408828735,0.17666760087013245,-0.012599281966686249,0.18926692008972168,6.252917228266597e-05,0.21230465142907962,0.00023279018797048214,2.6000000000000005,8.233333333333329,5.633333333333328
brc_v3_1m_fibercount_conf50,1m FC 50%,degree_strength_preserving,5,0,3.2,912,7091,91,20863626,0.05682915821671486,0.1665380448102951,0.046108707785606384,0.12042934447526932,2.200422022724524e-05,2.7427889176079554,0.0030074439886052145,2.0,4.48,0.0580759160220623,0.19069480895996094,0.043795209378004074,0.14689959585666656,0.00015231319412123412,3.00124163706075,0.003290835128356086,5.0,8.0,0.0012467578053474426,0.024156764149665833,-0.00231349840760231,0.026470251381397247,0.00013030897389398888,0.2584527194527948,0.0002833911397508715,2.6000000000000005,8.233333333333329,5.633333333333328
brc_v3_1m_fibercount_conf50,1m FC 50%,degree_strength_preserving,6,0,3.2,912,7091,91,20963626,0.05051358789205551,0.1374688297510147,0.04627331346273422,0.09119552373886108,6.254005711525679e-05,2.862800795940202,0.003139035960460748,2.0,4.48,0.04055054858326912,0.1848057508468628,0.024977825582027435,0.15982793271541595,0.0008587993215769529,3.199502662189996,0.0035082266032785045,5.0,8.0,-0.009963039308786392,0.047336921095848083,-0.021295487880706787,0.06863240897655487,0.0007962592644616961,0.3367018662497938,0.00036919064281775663,2.6000000000000005,8.233333333333329,5.633333333333328
brc_v3_1m_fibercount_conf50,1m FC 50%,degree_strength_preserving,7,0,3.2,912,7091,91,21063626,0.0572616383433342,0.20450006425380707,0.0429195873439312,0.16158048808574677,0.0013922916259616613,2.8011129496624414,0.003071395778138642,2.0,4.48,0.15953968465328217,0.38496795296669006,0.13552486896514893,0.24944309890270233,9.212217992171645e-05,3.0625387614445794,0.0033580468875488807,5.0,8.0,0.10227804630994797,0.180467888712883,0.09260528162121773,0.08786261081695557,-0.0013001694460399449,0.261425811782138,0.00028665110941023886,2.6000000000000005,8.233333333333329,5.633333333333328
brc_v3_1m_fibercount_conf50,1m FC 50%,degree_strength_preserving,8,0,3.2,912,7091,91,21163626,0.11504153907299042,0.20970545709133148,0.10530703514814377,0.10439840704202652,7.2355309384875e-05,2.768572367374241,0.0030357153151033345,2.0,4.48,0.10067630559206009,0.3063190281391144,0.08037328720092773,0.22594577074050903,0.00010062272485811263,3.019437074716111,0.0033107862661360867,5.0,8.0,-0.014365233480930328,0.0966135710477829,-0.024933747947216034,0.12154736369848251,2.8267415473237634e-05,0.25086470734186994,0.0002750709510327522,2.6000000000000005,8.233333333333329,5.633333333333328
brc_v3_1m_fibercount_conf50,1m FC 50%,degree_strength_preserving,9,0,3.2,912,7091,91,21263626,0.10902157425880432,0.29491785168647766,0.08948705345392227,0.205430805683136,0.0001832757843658328,2.7806097884220424,0.003048914241690836,2.0,4.48,0.06560617685317993,0.20724253356456757,0.05619194731116295,0.15105058252811432,0.00042118088458664715,3.047569699564047,0.0033416334425044373,5.0,8.0,-0.04341539740562439,-0.0876753181219101,-0.03329510614275932,-0.05438022315502167,0.00023790510022081435,0.26695991114200446,0.0002927192008136013,2.6000000000000005,8.233333333333329,5.633333333333328
brc_v3_1m_fibercount_conf50,1m FC 50%,degree_strength_preserving,10,0,3.2,912,7091,91,21363626,0.10223700851202011,0.1638561338186264,0.09718220680952072,0.06667391210794449,0.0006176519091241062,2.8214548829631547,0.0030937005295648625,2.0,4.48,0.0683622881770134,0.23247286677360535,0.053287405520677567,0.17918545007705688,0.0006329857278615236,3.105354078300266,0.0034049935069081863,5.0,8.0,-0.033874720335006714,0.06861673295497894,-0.043894801288843155,0.1125115379691124,1.533381873741746e-05,0.2838991953371113,0.0003112929773433238,2.6000000000000005,8.233333333333329,5.633333333333328
brc_v3_1m_fibercount_conf50,1m FC 50%,degree_strength_preserving,11,0,3.2,912,7091,91,21463626,0.06868176907300949,0.13831360638141632,0.06410430371761322,0.07420928031206131,0.0004348894872236997,2.776753318394818,0.003044685656134669,2.0,4.48,0.06394799798727036,0.21545565128326416,0.04948703944683075,0.1659686118364334,3.802443461609073e-05,3.0398340970442663,0.0033331514221976604,5.0,8.0,-0.004733771085739136,0.07714204490184784,-0.01461726427078247,0.0917593315243721,-0.00039686505260760896,0.26308077864944845,0.0002884657660629916,2.6000000000000005,8.233333333333329,5.633333333333328
brc_v3_1m_fibercount_conf50,1m FC 50%,real,-1,0,4.0,912,7091,91,20264426,0.06033075973391533,0.03853432089090347,0.06631653010845184,-0.02778221108019352,4.991130845155567e-05,2.7223123838677092,0.0029849916489777515,2.0,4.48,0.07749331742525101,0.406544029712677,0.04496494680643082,0.36157912015914917,0.002714873757213354,3.051222325854137,0.00334563851519094,5.0,8.0,0.017162557691335678,0.36800970882177353,-0.021351583302021027,0.3893613312393427,0.0026649624487617984,0.32890994198642787,0.0003606468662131885,2.6000000000000005,8.233333333333333,5.633333333333332
brc_v3_1m_fibercount_conf50,1m FC 50%,real,-1,1,4.0,912,7091,91,20264427,0.07355926930904388,0.31005969643592834,0.04942941665649414,0.2606302797794342,0.0001436189195374027,2.7822506216581857,0.003050713400940993,2.0,4.48,0.14451579749584198,0.6566555500030518,0.08874870091676712,0.5679068565368652,0.0004864513757638633,2.9333780384820436,0.003216423287809258,5.0,8.0,0.0709565281867981,0.3465958535671234,0.03931928426027298,0.30727657675743103,0.00034283245622646064,0.15112741682385789,0.00016570988686826502,2.6000000000000005,8.233333333333333,5.633333333333332
brc_v3_1m_fibercount_conf50,1m FC 50%,real,-1,2,4.0,912,7091,91,20264428,0.1682593822479248,0.6074464321136475,0.12343747913837433,0.4840090870857239,0.00042344932444393635,2.715669614383555,0.002977707910508284,2.0,4.48,0.18688662350177765,0.7876836657524109,0.12135470658540726,0.6663288474082947,1.2950696145708207e-05,2.83229002512202,0.0031055811678969516,5.0,8.0,0.018627241253852844,0.18023723363876343,-0.0020827725529670715,0.1823197603225708,-0.00041049862829822814,0.11662041073846519,0.0001278732573886678,2.6000000000000005,8.233333333333333,5.633333333333332
brc_v3_1m_fibercount_conf50,1m FC 50%,real,-1,3,4.0,912,7091,91,20264429,0.0332888700067997,0.061639830470085144,0.03400416672229767,0.027635660022497177,7.40922405384481e-05,2.752090728824041,0.003017643343008817,2.0,4.48,0.10244575142860413,0.41608497500419617,0.0765746608376503,0.33951032161712646,0.0002223298215540126,2.9691004950717685,0.003255592648105009,5.0,8.0,0.06915688142180443,0.354445144534111,0.04257049411535263,0.3118746615946293,0.0001482375810155645,0.2170097662477275,0.00023794930509619212,2.6000000000000005,8.233333333333333,5.633333333333332
brc_v3_1m_fibercount_conf50,1m FC 50%,real,-1,4,4.0,912,7091,91,20264430,0.0410776287317276,0.14706775546073914,0.030458105728030205,0.11660964041948318,0.00026000826619565487,2.7775751772896173,0.003045586817203528,2.0,4.48,0.02457846887409687,0.30502602458000183,0.019195301458239555,0.28583070635795593,0.0004343622422311455,3.0787724055913244,0.0033758469359553996,5.0,8.0,-0.01649915985763073,0.1579582691192627,-0.01126280426979065,0.16922106593847275,0.00017435397603549063,0.30119722830170703,0.0003302601187518718,2.6000000000000005,8.233333333333333,5.633333333333332
brc_v3_1m_fibercount_conf50,1m FC 50%,real,-1,5,4.0,912,7091,91,20264431,0.11838869750499725,0.3250749707221985,0.09840376675128937,0.2266712188720703,0.00037181307561695576,2.822749109530995,0.003095119637643635,2.0,4.48,0.06850209087133408,0.2910583019256592,0.04462583735585213,0.24643245339393616,0.0006695179035887122,2.995948536431597,0.0032850312899469266,5.0,8.0,-0.04988660663366318,-0.03401666879653931,-0.05377792939543724,0.019761234521865845,0.00029770482797175646,0.1731994269006023,0.00018991165230329175,2.6000000000000005,8.233333333333333,5.633333333333332
brc_v3_1m_fibercount_conf50,1m FC 50%,real,-1,6,4.0,912,7091,91,20264432,0.05809834972023964,0.24208751320838928,0.04784240946173668,0.1942451149225235,4.105576590518467e-05,2.763707477593515,0.00303038100613324,2.0,4.48,0.05781435966491699,0.30749520659446716,0.05067865923047066,0.2568165063858032,9.831761417444795e-06,3.0338119275300524,0.0033265481661513734,5.0,8.0,-0.0002839900553226471,0.06540769338607788,0.0028362497687339783,0.06257139146327972,-3.1224004487739876e-05,0.27010444993653726,0.00029616716001813325,2.6000000000000005,8.233333333333333,5.633333333333332
brc_v3_1m_fibercount_conf50,1m FC 50%,real,-1,7,4.0,912,7091,91,20264433,0.0866088941693306,0.3462042808532715,0.05826891213655472,0.28793540596961975,1.2671305739786476e-05,2.765905536822875,0.003032791158797012,2.0,4.48,0.10337509959936142,0.4746861159801483,0.0662105605006218,0.40847551822662354,0.00035367204691283405,3.037892057315281,0.003331021992670264,5.0,8.0,0.016766205430030823,0.12848183512687683,0.007941648364067078,0.12054011225700378,0.00034100074117304757,0.2719865204924057,0.00029823083387325216,2.6000000000000005,8.233333333333333,5.633333333333332
brc_v3_1m_fibercount_conf50,1m FC 50%,real,-1,8,4.0,912,7091,91,20264434,0.07440327107906342,0.1789732575416565,0.0632798969745636,0.1156933531165123,0.0004025060625281185,2.7389913869080984,0.003003280029504494,2.0,4.48,0.05578189715743065,0.20684365928173065,0.047443900257349014,0.15939973294734955,0.0004354831180535257,2.961160241187496,0.0032468862293722547,5.0,8.0,-0.018621373921632767,0.027870401740074158,-0.015835996717214584,0.04370637983083725,3.2977055525407195e-05,0.2221688542793978,0.00024360619986776074,2.6000000000000005,8.233333333333333,5.633333333333332
brc_v3_1m_fibercount_conf50,1m FC 50%,real,-1,9,4.0,912,7091,91,20264435,0.049140457063913345,0.2440090775489807,0.03754384070634842,0.20646527409553528,4.7670359890616965e-06,2.821045990183749,0.003093252182219023,2.0,4.48,0.05695797875523567,0.27480068802833557,0.03995850309729576,0.23484225571155548,2.1830750483786687e-05,3.055123913036654,0.0033499165713121205,5.0,8.0,0.007817521691322327,0.03079161047935486,0.002414662390947342,0.028376981616020203,1.706371449472499e-05,0.23407792285290485,0.00025666438909309735,2.6000000000000005,8.233333333333333,5.633333333333332
brc_v3_1m_fibercount_conf50,1m FC 50%,real,-1,10,4.0,912,7091,91,20264436,0.09105167537927628,0.2281486839056015,0.07702779769897461,0.1511208862066269,0.0010120960650965571,2.7797108246656026,0.0030479285358175467,2.0,4.48,0.12111049145460129,0.4774029850959778,0.0875302106142044,0.38987278938293457,6.514125561807305e-05,2.99093400492587,0.0032795329001380157,5.0,8.0,0.030058816075325012,0.24925430119037628,0.010502412915229797,0.23875190317630768,-0.0009469548094784841,0.21122318026026754,0.00023160436432046903,2.6000000000000005,8.233333333333333,5.633333333333332
brc_v3_1m_fibercount_conf50,1m FC 50%,real,-1,11,4.0,912,7091,91,20264437,0.05554267019033432,0.18369437754154205,0.045013703405857086,0.13868066668510437,0.001161063788458705,2.8101515293819834,0.0030813065015153325,2.0,4.48,0.15784694254398346,0.591023325920105,0.1103331670165062,0.48069021105766296,5.33408674527891e-05,3.0519930889939584,0.0033464836502126736,5.0,8.0,0.10230427235364914,0.4073289483785629,0.06531946361064911,0.3420095443725586,-0.0011077229210059159,0.24184155961197495,0.000265177148697341,2.6000000000000005,8.233333333333333,5.633333333333332
brc_v3_1m_fibercount_conf50,1m FC 50%,degree_preserving,0,0,4.0,912,7091,91,20364426,0.08546274155378342,0.24739901721477509,0.06991800665855408,0.1774810403585434,8.090669143712148e-05,2.7662289144143295,0.0030331457394893965,2.0,4.48,0.0550827793776989,0.32668402791023254,0.031366679817438126,0.2953173518180847,3.331217885715887e-05,3.043480272362673,0.0033371494214502993,5.0,8.0,-0.03037996217608452,0.07928501069545746,-0.03855132684111595,0.11783631145954132,-4.759451257996261e-05,0.27725135794834355,0.00030400368196090285,2.6000000000000005,8.233333333333333,5.633333333333332
brc_v3_1m_fibercount_conf50,1m FC 50%,degree_preserving,1,0,4.0,912,7091,91,20464426,0.0401969738304615,0.16364237666130066,0.0272983405739069,0.1363440454006195,0.00027710144058801234,2.7951158192439096,0.003064819977241129,2.0,4.48,0.04382394626736641,0.1035994440317154,0.049205947667360306,0.054393500089645386,0.0002031843177974224,3.1114807025280875,0.003411711296631675,5.0,8.0,0.0036269724369049072,-0.060042932629585266,0.021907607093453407,-0.08195054531097412,-7.391712279058993e-05,0.3163648832841779,0.0003468913193905459,2.6000000000000005,8.233333333333333,5.633333333333332
brc_v3_1m_fibercount_conf50,1m FC 50%,degree_preserving,2,0,4.0,912,7091,91,20564426,0.04935719445347786,0.19403214752674103,0.03630081191658974,0.15773135423660278,2.4981673050206155e-05,2.770704096219414,0.0030380527370826907,2.0,4.48,0.025528430938720703,0.14017575979232788,0.017393629997968674,0.1227821335196495,0.000199792324565351,3.0350429347315067,0.003327897954749459,5.0,8.0,-0.023828763514757156,-0.05385638773441315,-0.018907181918621063,-0.03494922071695328,0.00017481065151514485,0.2643388385120926,0.00028984521766676824,2.6000000000000005,8.233333333333333,5.633333333333332
brc_v3_1m_fibercount_conf50,1m FC 50%,degree_preserving,3,0,4.0,912,7091,91,20664426,0.05018782988190651,0.14954547584056854,0.039440955966711044,0.1101045086979866,0.0001468297850806266,2.755861076024316,0.0030217774956406976,2.0,4.48,0.09637649357318878,0.3517071306705475,0.06939461827278137,0.2823124825954437,0.0005456340149976313,3.058914828391338,0.0033540732767448882,5.0,8.0,0.04618866369128227,0.20216165482997894,0.029953662306070328,0.17220797389745712,0.0003988042299170047,0.3030537523670218,0.0003322957811041907,2.6000000000000005,8.233333333333333,5.633333333333332
brc_v3_1m_fibercount_conf50,1m FC 50%,degree_preserving,4,0,4.0,912,7091,91,20764426,0.041230276226997375,0.05265901982784271,0.04353310540318489,0.009125902317464352,2.146557017113082e-05,2.7425826490401026,0.0030072178169299373,2.0,4.48,0.03237583488225937,0.16750986874103546,0.02517499402165413,0.14233487844467163,0.00014793453738093376,2.9861612878358987,0.003274299657714801,5.0,8.0,-0.008854441344738007,0.11485084891319275,-0.01835811138153076,0.13320897612720728,0.00012646896720980294,0.2435786387957961,0.0002670818407848638,2.6000000000000005,8.233333333333333,5.633333333333332
brc_v3_1m_fibercount_conf50,1m FC 50%,degree_preserving,5,0,4.0,912,7091,91,20864426,0.10003956407308578,0.13700680434703827,0.09805683046579361,0.03894995152950287,0.00013288714399095625,2.671216557928637,0.002928965524044558,2.0,4.48,0.05000017583370209,0.06385068595409393,0.05301061272621155,0.010840068571269512,6.9186877226457e-05,2.9022166537603074,0.0031822551028073544,5.0,8.0,-0.0500393882393837,-0.07315611839294434,-0.04504621773958206,-0.028109882958233356,-6.370026676449925e-05,0.23100009583167047,0.0002532895787627962,2.6000000000000005,8.233333333333333,5.633333333333332
brc_v3_1m_fibercount_conf50,1m FC 50%,degree_preserving,6,0,4.0,912,7091,91,20964426,0.03386175259947777,0.07070128619670868,0.03467559069395065,0.036025695502758026,9.29371890379116e-05,2.755287278268695,0.0030211483314349723,2.0,4.48,0.05013898015022278,0.16703268885612488,0.03854704648256302,0.12848564982414246,0.0003510578826535493,3.0426774960291123,0.003336269184242448,5.0,8.0,0.01627722755074501,0.0963314026594162,0.0038714557886123657,0.09245995432138443,0.0002581206936156377,0.2873902177604175,0.0003151208528074756,2.6000000000000005,8.233333333333333,5.633333333333332
brc_v3_1m_fibercount_conf50,1m FC 50%,degree_preserving,7,0,4.0,912,7091,91,21064426,0.03957504406571388,0.08745373785495758,0.036827217787504196,0.050626516342163086,4.673962757806294e-05,2.7954162084346774,0.003065149351353813,2.0,4.48,0.045534778386354446,0.21714606881141663,0.027364814653992653,0.18978123366832733,0.0004395534051582217,3.0532627459189516,0.003347875817893587,5.0,8.0,0.005959734320640564,0.12969233095645905,-0.009462403133511543,0.13915471732616425,0.0003928137775801588,0.2578465374842742,0.00028272646653977433,2.6000000000000005,8.233333333333333,5.633333333333332
brc_v3_1m_fibercount_conf50,1m FC 50%,degree_preserving,8,0,4.0,912,7091,91,21164426,0.07229063659906387,0.11520129442214966,0.06822317093610764,0.04697810113430023,0.00011968123726546764,2.770805732901985,0.00303816418081358,2.0,4.48,0.05081837251782417,0.2104245275259018,0.037987370043992996,0.1724371463060379,0.00031672147451899946,3.073055555291537,0.003369578459749492,5.0,8.0,-0.0214722640812397,0.09522323310375214,-0.03023580089211464,0.12545904517173767,0.00019704023725353181,0.3022498223895518,0.00033141427893591206,2.6000000000000005,8.233333333333333,5.633333333333332
brc_v3_1m_fibercount_conf50,1m FC 50%,degree_preserving,9,0,4.0,912,7091,91,21264426,0.025673894211649895,0.185969278216362,0.013030162081122398,0.17293912172317505,6.99060910847038e-05,2.797701033059897,0.003067654641513045,2.0,4.48,0.05015641823410988,0.16393032670021057,0.05163011699914932,0.11230020970106125,3.585202284739353e-05,3.0069313141156857,0.0032970738093373747,5.0,8.0,0.024482524022459984,-0.022038951516151428,0.038599954918026924,-0.0606389120221138,-3.4054068237310275e-05,0.20923028105578867,0.00022941916782432976,2.6000000000000005,8.233333333333333,5.633333333333332
brc_v3_1m_fibercount_conf50,1m FC 50%,degree_preserving,10,0,4.0,912,7091,91,21364426,0.05071640759706497,0.17324334383010864,0.04310721158981323,0.1301361322402954,1.9299906853120774e-05,2.732592824954504,0.0029962640624501143,2.0,4.48,0.024672014638781548,0.0884195938706398,0.022833017632365227,0.06558657437562943,7.224240835057572e-05,3.046586854784297,0.0033405557618248873,5.0,8.0,-0.026044392958283424,-0.08482374995946884,-0.020274193957448006,-0.06454955786466599,5.294250149745494e-05,0.31399402982979296,0.000344291699374773,2.6000000000000005,8.233333333333333,5.633333333333332
brc_v3_1m_fibercount_conf50,1m FC 50%,degree_preserving,11,0,4.0,912,7091,91,21464426,0.017243577167391777,0.13204096257686615,0.019547630101442337,0.11249332129955292,1.4881634342600591e-05,2.8159960691510078,0.003087714988104175,2.0,4.48,0.044297050684690475,0.11711546033620834,0.05805572122335434,0.05905973166227341,0.00019533478189259768,3.144030624528915,0.0034474020005799506,5.0,8.0,0.0270534735172987,-0.014925502240657806,0.038508091121912,-0.05343358963727951,0.00018045314754999708,0.3280345553779074,0.00035968701247577565,2.6000000000000005,8.233333333333333,5.633333333333332
brc_v3_1m_fibercount_conf50,1m FC 50%,degree_strength_preserving,0,0,4.0,912,7091,91,20364426,0.021731164306402206,0.03608131408691406,0.020743265748023987,0.015338043682277203,7.958455171319656e-06,2.763387077101483,0.0030300296898042576,2.0,4.48,0.03507690876722336,0.22162294387817383,0.020414508879184723,0.20120841264724731,5.9245048760203645e-05,3.0376990779934196,0.0033308103925366443,5.0,8.0,0.013345744460821152,0.18554162979125977,-0.0003287568688392639,0.1858703689649701,5.128659358888399e-05,0.27431200089193686,0.00030078070273238666,2.6000000000000005,8.233333333333333,5.633333333333332
brc_v3_1m_fibercount_conf50,1m FC 50%,degree_strength_preserving,1,0,4.0,912,7091,91,20464426,0.05086576193571091,0.22284018993377686,0.03356557711958885,0.1892746239900589,1.1528148206707556e-05,2.7702214272707724,0.003037523494814443,2.0,4.48,0.06351521611213684,0.2530420422554016,0.05208335444331169,0.20095869898796082,0.0001413194404449314,3.1063969408951584,0.0034061369965955684,5.0,8.0,0.012649454176425934,0.030201852321624756,0.01851777732372284,0.011684074997901917,0.00012979129223822383,0.336175513624386,0.00036861350178112517,2.6000000000000005,8.233333333333333,5.633333333333332
brc_v3_1m_fibercount_conf50,1m FC 50%,degree_strength_preserving,2,0,4.0,912,7091,91,20564426,0.12360158562660217,0.32697388529777527,0.10113420337438583,0.22583971917629242,0.00022091175196692348,2.7271034407335346,0.0029902450008043144,2.0,4.48,0.16911570727825165,0.6492174863815308,0.11657878011465073,0.5326387286186218,3.916571586159989e-05,2.973048626830095,0.0032599217399452794,5.0,8.0,0.045514121651649475,0.3222436010837555,0.015444576740264893,0.3067990094423294,-0.00018174603610532358,0.24594518609656024,0.00026967673914096496,2.6000000000000005,8.233333333333333,5.633333333333332
brc_v3_1m_fibercount_conf50,1m FC 50%,degree_strength_preserving,3,0,4.0,912,7091,91,20664426,0.18381227552890778,0.3359958827495575,0.16704684495925903,0.16894902288913727,1.1782580259023234e-05,2.731482079578465,0.002995046139888668,2.0,4.48,0.16808269917964935,0.6209463477134705,0.11858897656202316,0.5023573040962219,7.03533150954172e-05,2.95926641967218,0.00324480967069318,5.0,8.0,-0.015729576349258423,0.28495046496391296,-0.04845786839723587,0.33340828120708466,5.857073483639397e-05,0.22778434009371518,0.00024976353080451196,2.6000000000000005,8.233333333333333,5.633333333333332
brc_v3_1m_fibercount_conf50,1m FC 50%,degree_strength_preserving,4,0,4.0,912,7091,91,20764426,0.16049973666667938,0.30999910831451416,0.14437222480773926,0.16562685370445251,0.0008492819033563137,2.7235472691563922,0.002986345689864465,2.0,4.48,0.2531932592391968,0.7574273943901062,0.1982448548078537,0.5591825246810913,0.00018175083096139133,2.9000685497946392,0.0031798997256520167,5.0,8.0,0.0926935225725174,0.44742828607559204,0.05387263000011444,0.3935556709766388,-0.0006675310723949224,0.176521280638247,0.0001935540357875516,2.6000000000000005,8.233333333333333,5.633333333333332
brc_v3_1m_fibercount_conf50,1m FC 50%,degree_strength_preserving,5,0,4.0,912,7091,91,20864426,0.09884578734636307,0.14130128920078278,0.09461142122745514,0.04668988287448883,0.00011393379099899903,2.6876044342680903,0.0029469346866974676,2.0,4.48,0.13119332492351532,0.4993973672389984,0.09061302989721298,0.40878430008888245,0.0007437599706463516,2.871494910045828,0.0031485689803134077,5.0,8.0,0.03234753757715225,0.35809607803821564,-0.003998391330242157,0.3620944172143936,0.0006298261796473525,0.18389047577773754,0.00020163429361594017,2.6000000000000005,8.233333333333333,5.633333333333332
brc_v3_1m_fibercount_conf50,1m FC 50%,degree_strength_preserving,6,0,4.0,912,7091,91,20964426,0.09472659230232239,0.39361098408699036,0.06680699437856674,0.326803982257843,0.0015638938639312983,2.7553023501339093,0.0030211648576029706,2.0,4.48,0.10866836458444595,0.2947690784931183,0.08966992050409317,0.2050991654396057,0.0010808281367644668,2.9935371008250207,0.0032823871719572595,5.0,8.0,0.013941772282123566,-0.09884190559387207,0.022862926125526428,-0.1217048168182373,-0.0004830657271668315,0.23823475069111133,0.0002612223143542889,2.6000000000000005,8.233333333333333,5.633333333333332
brc_v3_1m_fibercount_conf50,1m FC 50%,degree_strength_preserving,7,0,4.0,912,7091,91,21064426,0.019626714289188385,0.050523970276117325,0.0215217974036932,0.029002169147133827,0.00012010333011858165,2.7911114669911052,0.003060429240121826,2.0,4.48,0.052739012986421585,0.2529962658882141,0.03201846778392792,0.22097782790660858,0.000772956816945225,3.063175594101946,0.003358745168971432,5.0,8.0,0.0331122986972332,0.2024722956120968,0.010496670380234718,0.19197565875947475,0.0006528534868266433,0.2720641271108408,0.0002983159288496061,2.6000000000000005,8.233333333333333,5.633333333333332
brc_v3_1m_fibercount_conf50,1m FC 50%,degree_strength_preserving,8,0,4.0,912,7091,91,21164426,0.05637736991047859,0.15293028950691223,0.05671750381588936,0.09621281176805496,0.0002786078548524529,2.8033413171926562,0.003073839163588439,2.0,4.48,0.07809193432331085,0.27521687746047974,0.058146100491285324,0.21707075834274292,5.518780380953103e-05,3.0455177588921996,0.0033393835075572363,5.0,8.0,0.02171456441283226,0.1222865879535675,0.0014285966753959656,0.12085794657468796,-0.00022342005104292184,0.24217644169954333,0.0002655443439687974,2.6000000000000005,8.233333333333333,5.633333333333332
brc_v3_1m_fibercount_conf50,1m FC 50%,degree_strength_preserving,9,0,4.0,912,7091,91,21264426,0.035686083137989044,0.14087185263633728,0.041227128356695175,0.0996447205543518,6.91990353516303e-05,2.7871805433804266,0.003056119016864503,2.0,4.48,0.09874085336923599,0.4540655314922333,0.06068814545869827,0.3933773636817932,0.0011920249089598656,3.0401250747349544,0.003333470476683064,5.0,8.0,0.06305477023124695,0.313193678855896,0.019461017102003098,0.2937326431274414,0.0011228258736082353,0.25294453135452777,0.00027735145981856116,2.6000000000000005,8.233333333333333,5.633333333333332
brc_v3_1m_fibercount_conf50,1m FC 50%,degree_strength_preserving,10,0,4.0,912,7091,91,21364426,0.0611112155020237,0.20674851536750793,0.048561353236436844,0.1581871509552002,1.622548734303564e-05,2.724785264867065,0.0029877031413016062,2.0,4.48,0.051282599568367004,0.16818399727344513,0.03911498934030533,0.1290690302848816,0.0004601427062880248,3.0312079793855955,0.0033236929598526267,5.0,8.0,-0.009828615933656693,-0.038564518094062805,-0.009446363896131516,-0.029118120670318604,0.00044391721894498914,0.30642271451853054,0.00033598981855102045,2.6000000000000005,8.233333333333333,5.633333333333332
brc_v3_1m_fibercount_conf50,1m FC 50%,degree_strength_preserving,11,0,4.0,912,7091,91,21464426,0.09504211694002151,0.284509539604187,0.07799168676137924,0.20651783049106598,0.0001802160550141707,2.810582674178526,0.0030817792480027696,2.0,4.48,0.06418868154287338,0.285880446434021,0.042110539972782135,0.24376989901065826,0.00013868232781533152,3.0910858622323283,0.003389348533149483,5.0,8.0,-0.030853435397148132,0.0013709068298339844,-0.03588114678859711,0.037252068519592285,-4.153372719883919e-05,0.28050318805380225,0.00030756928514671326,2.6000000000000005,8.233333333333333,5.633333333333332
brc_v3_200k_fibercount_conf50,200k FC 50%,real,-1,0,1.6,798,4275,80,20272026,0.015464008785784245,0.2805154323577881,0.02340783178806305,0.25710761547088623,0.00019420537864789367,2.77609794382039,0.0034788194784716665,2.0,4.48,0.05601067468523979,0.21556395292282104,0.0393061563372612,0.17625780403614044,6.272028258536011e-05,3.026199268748237,0.00379222966008551,5.0,8.0,0.04054666589945555,-0.06495147943496704,0.01589832454919815,-0.08084981143474579,-0.00013148509606253356,0.2501013249278472,0.0003134101816138434,2.5999999999999996,8.233333333333333,5.633333333333333
brc_v3_200k_fibercount_conf50,200k FC 50%,real,-1,1,1.6,798,4275,80,20272027,0.04752928391098976,0.09485506266355515,0.04267524555325508,0.05217982828617096,6.094623131502885e-06,2.758582684432833,0.0034568705318707184,2.0,4.48,0.05535666644573212,0.2665511667728424,0.0349089615046978,0.23164214193820953,3.589098196243867e-05,2.994240358014257,0.0037521808997672394,5.0,8.0,0.007827382534742355,0.17169610410928726,-0.0077662840485572815,0.17946231365203857,2.9796358830935787e-05,0.23565767358142375,0.000295310367896521,2.5999999999999996,8.233333333333333,5.633333333333333
brc_v3_200k_fibercount_conf50,200k FC 50%,real,-1,2,1.6,798,4275,80,20272028,0.03511772304773331,0.17379280924797058,0.040975410491228104,0.13281740248203278,5.2271188906161115e-05,2.828405100329431,0.0035443672936459037,2.0,4.48,0.04016977921128273,0.17786507308483124,0.03790418803691864,0.1399608701467514,0.00010013162682298571,3.142451349225616,0.003937908958929343,5.0,8.0,0.005052056163549423,0.004072263836860657,-0.0030712224543094635,0.007143467664718628,4.7860437916824594e-05,0.3140462488961848,0.00039354166528343974,2.5999999999999996,8.233333333333333,5.633333333333333
brc_v3_200k_fibercount_conf50,200k FC 50%,real,-1,3,1.6,798,4275,80,20272029,0.03343446925282478,0.0687970370054245,0.03329113498330116,0.035505905747413635,0.0001155887875938788,2.841020395760305,0.003560175934536723,2.0,4.48,0.03441575914621353,0.2870062291622162,0.01842988096177578,0.26857638359069824,2.8042839403497055e-05,3.074416707629448,0.0038526525158263762,5.0,8.0,0.0009812898933887482,0.2182091921567917,-0.014861254021525383,0.2330704778432846,-8.754594819038175e-05,0.23339631186914334,0.0002924765812896534,2.5999999999999996,8.233333333333333,5.633333333333333
brc_v3_200k_fibercount_conf50,200k FC 50%,real,-1,4,1.6,798,4275,80,20272030,0.01640029437839985,0.14986710250377655,0.008813298307359219,0.14105379581451416,2.7314988983562216e-05,2.8157172502525256,0.003528467732146022,2.0,4.48,0.01670662872493267,0.1931144744157791,0.02140612155199051,0.171708345413208,7.789296068949625e-05,3.132620069651766,0.003925589059713993,5.0,8.0,0.00030633434653282166,0.043247371912002563,0.01259282324463129,0.030654549598693848,5.057797170593403e-05,0.31690281939924025,0.0003971213275679704,2.5999999999999996,8.233333333333333,5.633333333333333
brc_v3_200k_fibercount_conf50,200k FC 50%,real,-1,5,1.6,798,4275,80,20272031,0.02683486044406891,0.10296057164669037,0.020727023482322693,0.08223353326320648,9.047784988069907e-05,2.8075138362757666,0.0035181877647565995,2.0,4.48,0.019102783873677254,0.05759783834218979,0.02099151909351349,0.0366063192486763,2.179813600378111e-05,3.1027442224604767,0.0038881506547123767,5.0,8.0,-0.007732076570391655,-0.04536273330450058,0.0002644956111907959,-0.04562721401453018,-6.867971387691796e-05,0.2952303861847101,0.0003699628899557772,2.5999999999999996,8.233333333333333,5.633333333333333
brc_v3_200k_fibercount_conf50,200k FC 50%,real,-1,6,1.6,798,4275,80,20272032,0.012569227255880833,0.10154128819704056,0.015108052641153336,0.08643322438001633,4.122890095459297e-05,2.8301164145385798,0.003546511797667393,2.0,4.48,0.030810575932264328,0.2878664433956146,0.019430747255682945,0.2684357166290283,1.631762643228285e-05,3.0946943786679366,0.0038780631311628277,5.0,8.0,0.018241348676383495,0.18632515519857407,0.00432269461452961,0.182002492249012,-2.4911274522310123e-05,0.26457796412935686,0.00033155133349543463,2.5999999999999996,8.233333333333333,5.633333333333333
brc_v3_200k_fibercount_conf50,200k FC 50%,real,-1,7,1.6,798,4275,80,20272033,0.08894356340169907,0.22063468396663666,0.07543770968914032,0.14519697427749634,0.00037701689871028066,2.839777895212051,0.003558618916305828,2.0,4.48,0.04266609251499176,0.24343226850032806,0.021550506353378296,0.22188179194927216,3.9719561755191535e-05,3.0583767595131666,0.003832552330217001,5.0,8.0,-0.046277470886707306,0.022797584533691406,-0.053887203335762024,0.07668481767177582,-0.0003372973369550891,0.21859886430111564,0.0002739334139111728,2.5999999999999996,8.233333333333333,5.633333333333333
brc_v3_200k_fibercount_conf50,200k FC 50%,real,-1,8,1.6,798,4275,80,20272034,0.01455060113221407,0.10859411954879761,0.02306763455271721,0.0855264663696289,3.859247954096645e-05,2.8348021295714187,0.0035523836210168153,2.0,4.48,0.04936732351779938,0.13012400269508362,0.050378940999507904,0.07974507659673691,5.386853445088491e-05,3.122746117952075,0.003913215686656735,5.0,8.0,0.03481672238558531,0.02152988314628601,0.027311306446790695,-0.005781389772891998,1.5276054909918457e-05,0.28794398838065627,0.0003608320656399199,2.5999999999999996,8.233333333333333,5.633333333333333
brc_v3_200k_fibercount_conf50,200k FC 50%,real,-1,9,1.6,798,4275,80,20272035,0.030168645083904266,0.10534023493528366,0.025418441742658615,0.07992178946733475,6.775742076570168e-05,2.8080674292143795,0.0035188814902435833,2.0,4.48,0.04963196441531181,0.14348863065242767,0.04127256199717522,0.10221606492996216,0.00016292993677780032,3.108912436498184,0.0038958802462383257,5.0,8.0,0.019463319331407547,0.03814839571714401,0.0158541202545166,0.02229427546262741,9.517251601209864e-05,0.3008450072838045,0.0003769987559947424,2.5999999999999996,8.233333333333333,5.633333333333333
brc_v3_200k_fibercount_conf50,200k FC 50%,real,-1,10,1.6,798,4275,80,20272036,0.06333531439304352,0.14953914284706116,0.06007448956370354,0.0894646868109703,6.51347654638812e-05,2.864626544869733,0.0035897575750247278,2.0,4.48,0.04003601148724556,0.13768190145492554,0.037512604147195816,0.10016930848360062,0.0001422386703779921,3.119314544641315,0.003908915469475332,5.0,8.0,-0.02329930290579796,-0.01185724139213562,-0.02256188541650772,0.01070462167263031,7.71039049141109e-05,0.2546879997715821,0.0003191578944506039,2.5999999999999996,8.233333333333333,5.633333333333333
brc_v3_200k_fibercount_conf50,200k FC 50%,real,-1,11,1.6,798,4275,80,20272037,0.07408568263053894,0.17601554095745087,0.06324756145477295,0.11276799440383911,0.00035027595004066825,2.8157209514704027,0.0035284723702636626,2.0,4.48,0.03779042884707451,0.19952483475208282,0.02995700016617775,0.16956783831119537,6.281609239522368e-05,3.0742904163660927,0.0038524942560978605,5.0,8.0,-0.03629525378346443,0.023509293794631958,-0.0332905612885952,0.05679984390735626,-0.00028745985764544457,0.25856946489569,0.00032402188583419795,2.5999999999999996,8.233333333333333,5.633333333333333
brc_v3_200k_fibercount_conf50,200k FC 50%,degree_preserving,0,0,1.6,798,4275,80,20372026,0.05400363355875015,0.06381849944591522,0.06506158411502838,-0.0012430869974195957,0.0001545184786664322,2.7898752925771695,0.0034960843265378063,2.0,4.48,0.05599680170416832,0.09150490909814835,0.0554264597594738,0.03607846051454544,8.297629392473027e-05,3.0609504811960258,0.0038357775453584284,5.0,8.0,0.001993168145418167,0.027686409652233124,-0.00963512435555458,0.037321547511965036,-7.154218474170193e-05,0.27107518861885627,0.00033969321882062206,2.5999999999999996,8.233333333333333,5.633333333333333
brc_v3_200k_fibercount_conf50,200k FC 50%,degree_preserving,1,0,1.6,798,4275,80,20472026,0.06983231008052826,0.18769395351409912,0.06404762715101242,0.1236463412642479,0.0001953238097485155,2.8471124155839673,0.0035678100445914376,2.0,4.48,0.05550684407353401,0.17556531727313995,0.05140826106071472,0.12415704131126404,0.00022718841501045972,3.128224834428545,0.0039200812461510585,5.0,8.0,-0.014325466006994247,-0.012128636240959167,-0.012639366090297699,0.0005107000470161438,3.1864605261944234e-05,0.2811124188445775,0.0003522712015596209,2.5999999999999996,8.233333333333333,5.633333333333333
brc_v3_200k_fibercount_conf50,200k FC 50%,degree_preserving,2,0,1.6,798,4275,80,20572026,0.03204778581857681,0.14340926706790924,0.023746339604258537,0.11966293305158615,9.717810826259665e-06,2.7903935018196577,0.0034967337115534556,2.0,4.48,0.043746449053287506,0.0728931650519371,0.05364508554339409,0.01924808695912361,0.0003255822230130434,3.0957414824074725,0.0038793752912374344,5.0,8.0,0.011698663234710693,-0.07051610201597214,0.02989874593913555,-0.10041484609246254,0.00031586441218678374,0.30534798058781476,0.00038264157968397874,2.5999999999999996,8.233333333333333,5.633333333333333
brc_v3_200k_fibercount_conf50,200k FC 50%,degree_preserving,3,0,1.6,798,4275,80,20672026,0.01099904254078865,0.11527762562036514,0.022165903821587563,0.09311172366142273,1.920087743201293e-05,2.8277511266511484,0.0035435477777583315,2.0,4.48,0.043696243315935135,0.19132791459560394,0.061558980494737625,0.12976890802383423,5.1359369535930455e-05,3.1203455296412326,0.003910207430628111,5.0,8.0,0.032697200775146484,0.0760502889752388,0.03939307667315006,0.0366571843624115,3.2158492103917524e-05,0.2925944029900842,0.0003666596528697796,2.5999999999999996,8.233333333333333,5.633333333333333
brc_v3_200k_fibercount_conf50,200k FC 50%,degree_preserving,4,0,1.6,798,4275,80,20772026,0.009793436154723167,0.06437796354293823,0.016115795820951462,0.04826216399669647,1.912775042001158e-05,2.7688693441409153,0.0034697610828833526,2.0,4.48,0.012627971358597279,0.12769392132759094,0.011540652252733707,0.11615325510501862,1.836065530369524e-05,3.0620870224546413,0.003837201782524613,5.0,8.0,0.002834535203874111,0.06331595778465271,-0.004575143568217754,0.06789109110832214,-7.670951163163409e-07,0.2932176783137259,0.0003674406996412604,2.5999999999999996,8.233333333333333,5.633333333333333
brc_v3_200k_fibercount_conf50,200k FC 50%,degree_preserving,5,0,1.6,798,4275,80,20872026,0.030621446669101715,0.1814759522676468,0.021734032779932022,0.15974190831184387,0.00015340407844632864,2.8022355941976813,0.003511573426312884,2.0,4.48,0.040320705622434616,0.10547098517417908,0.033953893929719925,0.07151708751916885,2.110468631144613e-05,3.081006393411297,0.0038609102674327027,5.0,8.0,0.009699258953332901,-0.07600496709346771,0.012219861149787903,-0.08822482079267502,-0.0001322993921348825,0.27877079921361547,0.00034933684111981876,2.5999999999999996,8.233333333333333,5.633333333333333
brc_v3_200k_fibercount_conf50,200k FC 50%,degree_preserving,6,0,1.6,798,4275,80,20972026,0.0945744514465332,0.14305071532726288,0.09347081929445267,0.049579888582229614,2.0590950953192078e-05,2.7738653372794433,0.0034760217259140894,2.0,4.48,0.07633886486291885,0.12209749221801758,0.0751362219452858,0.04696129634976387,0.0003081955073866993,3.0964261359090552,0.003880233253018866,5.0,8.0,-0.01823558658361435,-0.0209532231092453,-0.01833459734916687,-0.002618592232465744,0.00028760455643350724,0.32256079862961196,0.00040421152710477673,2.5999999999999996,8.233333333333333,5.633333333333333
brc_v3_200k_fibercount_conf50,200k FC 50%,degree_preserving,7,0,1.6,798,4275,80,21072026,0.05060585215687752,0.19432657957077026,0.03666510805487633,0.15766148269176483,0.00047754161641933024,2.8684407353720744,0.003594537262371021,2.0,4.48,0.08208815008401871,0.17663833498954773,0.07298267632722855,0.10365564376115799,0.00013776731793768704,3.1679890409564058,0.003969911078892739,5.0,8.0,0.03148229792714119,-0.017688244581222534,0.03631756827235222,-0.05400583893060684,-0.0003397742984816432,0.2995483055843313,0.0003753738165217183,2.5999999999999996,8.233333333333333,5.633333333333333
brc_v3_200k_fibercount_conf50,200k FC 50%,degree_preserving,8,0,1.6,798,4275,80,21172026,0.03599230945110321,0.10321047157049179,0.04665292799472809,0.0565575435757637,6.976387521717697e-05,2.808042327110403,0.0035188500339729365,2.0,4.48,0.03407606482505798,0.08142885565757751,0.037101827561855316,0.0443270243704319,5.55586266273167e-05,3.0957029012439485,0.0038793269439147226,5.0,8.0,-0.001916244626045227,-0.021781615912914276,-0.009551100432872772,-0.012230519205331802,-1.4205248589860275e-05,0.2876605741335454,0.0003604769099417862,2.5999999999999996,8.233333333333333,5.633333333333333
brc_v3_200k_fibercount_conf50,200k FC 50%,degree_preserving,9,0,1.6,798,4275,80,21272026,0.06661999970674515,0.16193711757659912,0.060434307903051376,0.10150279849767685,5.6551456509623677e-05,2.842246018301512,0.003561711802382847,2.0,4.48,0.01923062466084957,0.16682150959968567,0.018031150102615356,0.14879032969474792,2.9517710572690703e-05,3.144301572839796,0.003940227534886962,5.0,8.0,-0.047389375045895576,0.004884392023086548,-0.04240315780043602,0.047287531197071075,-2.7033745936932974e-05,0.3020555545382839,0.00037851573250411493,2.5999999999999996,8.233333333333333,5.633333333333333
brc_v3_200k_fibercount_conf50,200k FC 50%,degree_preserving,10,0,1.6,798,4275,80,21372026,0.019196633249521255,0.046225689351558685,0.023042729124426842,0.023182960227131844,9.855003736447543e-05,2.8121517089449872,0.0035239996352694077,2.0,4.48,0.0256951991468668,0.03482246398925781,0.02746632508933544,0.007356142625212669,0.0001922228984767571,3.090659832475487,0.0038730073088665247,5.0,8.0,0.006498565897345543,-0.011403225362300873,0.0044235959649086,-0.015826817601919174,9.367286111228168e-05,0.2785081235304996,0.000349007673597117,2.5999999999999996,8.233333333333333,5.633333333333333
brc_v3_200k_fibercount_conf50,200k FC 50%,degree_preserving,11,0,1.6,798,4275,80,21472026,0.031602390110492706,0.06163250282406807,0.03779881075024605,0.02383369766175747,9.698043140815571e-05,2.8816195591780245,0.0036110520791704567,2.0,4.48,0.039948318153619766,0.12566499412059784,0.032305262982845306,0.09335974603891373,6.162808858789504e-05,3.150315459827334,0.003947763734119466,5.0,8.0,0.00834592804312706,0.06403249129652977,-0.005493547767400742,0.06952604837715626,-3.5352342820260674e-05,0.2686959006493095,0.00033671165494900904,2.5999999999999996,8.233333333333333,5.633333333333333
brc_v3_200k_fibercount_conf50,200k FC 50%,degree_strength_preserving,0,0,1.6,798,4275,80,20372026,0.05841202661395073,0.07538536936044693,0.07140376418828964,0.003981611225754023,0.00047221092972904444,2.794962558727129,0.003502459346775851,2.0,4.48,0.08202473074197769,0.15696239471435547,0.07738035172224045,0.07958205044269562,2.9144588552298956e-05,3.049605674511798,0.0038215609956288197,5.0,8.0,0.023612704128026962,0.08157702535390854,0.005976587533950806,0.0756004392169416,-0.0004430663411767455,0.25464311578466914,0.00031910164885296877,2.5999999999999996,8.233333333333333,5.633333333333333
brc_v3_200k_fibercount_conf50,200k FC 50%,degree_strength_preserving,1,0,1.6,798,4275,80,20472026,0.07479527592658997,0.21979008615016937,0.06563573330640793,0.15415437519550323,0.00010510786523809657,2.850894316604996,0.003572549268928566,2.0,4.48,0.06586307287216187,0.1583668440580368,0.05679330602288246,0.10157352685928345,5.052811684436165e-05,3.1225165660429153,0.0039129280276227005,5.0,8.0,-0.0089322030544281,-0.06142324209213257,-0.008842427283525467,-0.05258084833621979,-5.457974839373492e-05,0.27162224943791946,0.00034037875869413455,2.5999999999999996,8.233333333333333,5.633333333333333
brc_v3_200k_fibercount_conf50,200k FC 50%,degree_strength_preserving,2,0,1.6,798,4275,80,20572026,0.030181633308529854,0.1625726968050003,0.022036220878362656,0.14053647220134735,1.2546140169433784e-05,2.7934702438511976,0.0035005892780090196,2.0,4.48,0.04310034587979317,0.14404867589473724,0.04665616527199745,0.0973925068974495,0.000729166844394058,3.089641149846799,0.003871730764219046,5.0,8.0,0.012918712571263313,-0.01852402091026306,0.024619944393634796,-0.04314396530389786,0.0007166207042246242,0.29617090599560125,0.0003711414862100264,2.5999999999999996,8.233333333333333,5.633333333333333
brc_v3_200k_fibercount_conf50,200k FC 50%,degree_strength_preserving,3,0,1.6,798,4275,80,20672026,0.041476309299468994,0.21326260268688202,0.025620663538575172,0.1876419633626938,1.168157541542314e-05,2.8196897221033628,0.0035334457670468207,2.0,4.48,0.03257649019360542,0.22419480979442596,0.04646012559533119,0.1777346432209015,2.7799584131571464e-05,3.122113598211619,0.003912423055403031,5.0,8.0,-0.008899819105863571,0.010932207107543945,0.02083946205675602,-0.009907320141792297,1.6118008716148324e-05,0.3024238761082563,0.0003789772883562104,2.5999999999999996,8.233333333333333,5.633333333333333
brc_v3_200k_fibercount_conf50,200k FC 50%,degree_strength_preserving,4,0,1.6,798,4275,80,20772026,0.03817635029554367,0.10280115902423859,0.036867741495370865,0.06593339890241623,8.904151400201954e-06,2.7750897860638966,0.0034775561228870882,2.0,4.48,0.031494610011577606,0.1371505856513977,0.028597606346011162,0.1085529699921608,4.175937283434905e-05,3.064796289248707,0.0038405968536951215,5.0,8.0,-0.0066817402839660645,0.03434942662715912,-0.008270135149359703,0.04261957108974457,3.28552214341471e-05,0.2897065031848105,0.00036304073080803325,2.5999999999999996,8.233333333333333,5.633333333333333
brc_v3_200k_fibercount_conf50,200k FC 50%,degree_strength_preserving,5,0,1.6,798,4275,80,20872026,0.0261435117572546,0.13367722928524017,0.01749422214925289,0.11618301272392273,3.497791476547718e-05,2.7939198096168316,0.003501152643630115,2.0,4.48,0.019168024882674217,0.17244702577590942,0.02143939770758152,0.15100762248039246,0.00010063043009722605,3.068291949626461,0.0038449773804842867,5.0,8.0,-0.006975486874580383,0.03876979649066925,0.0039451755583286285,0.03482460975646973,6.565251533174887e-05,0.2743721400096293,0.0003438247368541718,2.5999999999999996,8.233333333333333,5.633333333333333
brc_v3_200k_fibercount_conf50,200k FC 50%,degree_strength_preserving,6,0,1.6,798,4275,80,20972026,0.10761697590351105,0.24865001440048218,0.09786058962345123,0.15078943967819214,0.000292174459900707,2.778753872590094,0.003482147710012649,2.0,4.48,0.13905560970306396,0.36032044887542725,0.12080731987953186,0.239513099193573,0.0004558992513921112,3.111126798253928,0.003898655135656551,5.0,8.0,0.03143863379955292,0.11167043447494507,0.022946730256080627,0.08872365951538086,0.00016372479149140418,0.3323729256638339,0.00041650742564390206,2.5999999999999996,8.233333333333333,5.633333333333333
brc_v3_200k_fibercount_conf50,200k FC 50%,degree_strength_preserving,7,0,1.6,798,4275,80,21072026,0.046914875507354736,0.19704373180866241,0.03186708688735962,0.165176659822464,0.0006510370294563472,2.8804286381139206,0.003609559696884612,2.0,4.48,0.07607883214950562,0.15602539479732513,0.06820178031921387,0.08782362192869186,0.00021262941299937665,3.1871523165649003,0.003993925208727945,5.0,8.0,0.02916395664215088,-0.04101833701133728,0.03633469343185425,-0.07735303789377213,-0.00043840761645697057,0.3067236784509797,0.00038436551184333314,2.5999999999999996,8.233333333333333,5.633333333333333
brc_v3_200k_fibercount_conf50,200k FC 50%,degree_strength_preserving,8,0,1.6,798,4275,80,21172026,0.022721463814377785,0.08039312809705734,0.032462961971759796,0.04793016240000725,2.0305049019953003e-06,2.8210145736948045,0.00353510598207369,2.0,4.48,0.04868846386671066,0.07478529959917068,0.0496625117957592,0.025122784078121185,2.246460280730389e-05,3.101714495426773,0.003886860269958362,5.0,8.0,0.025967000052332878,-0.005607828497886658,0.017199549823999405,-0.022807378321886063,2.043409790530859e-05,0.28069992173196834,0.00035175428788467196,2.5999999999999996,8.233333333333333,5.633333333333333
brc_v3_200k_fibercount_conf50,200k FC 50%,degree_strength_preserving,9,0,1.6,798,4275,80,21272026,0.06225433200597763,0.16592499613761902,0.060206715017557144,0.10571828484535217,6.606736133107916e-05,2.862144509812811,0.003586647255404525,2.0,4.48,0.007522462867200375,0.12192052602767944,0.012116496451199055,0.10980401188135147,1.3405856407189276e-05,3.140615919438867,0.00393560892160259,5.0,8.0,-0.054731869138777256,-0.044004470109939575,-0.04809021856635809,0.004085727035999298,-5.266150492388988e-05,0.2784714096260563,0.0003489616661980655,2.5999999999999996,8.233333333333333,5.633333333333333
brc_v3_200k_fibercount_conf50,200k FC 50%,degree_strength_preserving,10,0,1.6,798,4275,80,21372026,0.03733024373650551,0.11066142469644547,0.033931586891412735,0.07672984153032303,0.00010350224329158664,2.8125777632752644,0.003524533537938928,2.0,4.48,0.037999823689460754,0.16114826500415802,0.03356623649597168,0.12758202850818634,0.0002485666482243687,3.081200281030106,0.003861153234373566,5.0,8.0,0.000669579952955246,0.050486840307712555,-0.0003653503954410553,0.05085218697786331,0.00014506440493278205,0.26862251775484136,0.00033661969643463806,2.5999999999999996,8.233333333333333,5.633333333333333
brc_v3_200k_fibercount_conf50,200k FC 50%,degree_strength_preserving,11,0,1.6,798,4275,80,21472026,0.04656178504228592,0.04809749871492386,0.050271376967430115,-0.0021738901268690825,7.978567737154663e-05,2.8836663904878024,0.003613617030686469,2.0,4.48,0.044103577733039856,0.11434481292963028,0.03671150654554367,0.07763329893350601,3.6345445550978184e-05,3.155349203342511,0.003954071683386605,5.0,8.0,-0.0024582073092460632,0.06624731421470642,-0.013559870421886444,0.0798071890603751,-4.344023182056844e-05,0.27168281285470863,0.00034045465270013614,2.5999999999999996,8.233333333333333,5.633333333333333
brc_v3_200k_fibercount_conf50,200k FC 50%,real,-1,0,2.4,798,4275,80,20272826,0.06774501502513885,0.20508934557437897,0.08801634609699249,0.11707299202680588,2.3248670913744718e-05,2.8055047584155535,0.0035156701233277615,2.0,4.48,0.087006114423275,0.3440271317958832,0.06226149946451187,0.2817656397819519,0.00010731734073488042,3.0697511260260915,0.0038468059223384604,5.0,8.0,0.01926109939813614,0.1389377862215042,-0.02575484663248062,0.16469264775514603,8.40686698211357e-05,0.264246367610538,0.00033113579901069895,2.600000000000001,8.233333333333334,5.633333333333333
brc_v3_200k_fibercount_conf50,200k FC 50%,real,-1,1,2.4,798,4275,80,20272827,0.04017484933137894,0.07586802542209625,0.03845727816224098,0.03741072863340378,3.874271715176292e-05,2.8165025599320392,0.003529451829488771,2.0,4.48,0.04732858017086983,0.15645411610603333,0.03886222466826439,0.11759188026189804,9.118050365941599e-05,3.087818347666488,0.003869446550960511,5.0,8.0,0.0071537308394908905,0.08058609068393707,0.000404946506023407,0.08018115162849426,5.243778650765307e-05,0.27131578773444875,0.00033999472147174014,2.600000000000001,8.233333333333334,5.633333333333333
brc_v3_200k_fibercount_conf50,200k FC 50%,real,-1,2,2.4,798,4275,80,20272828,0.04632273316383362,0.16360493004322052,0.035597290843725204,0.12800762057304382,0.00020484595734160393,2.8890789764948805,0.003620399719918397,2.0,4.48,0.10989830642938614,0.48168548941612244,0.06915538012981415,0.41253015398979187,2.6076038921019062e-05,3.1613792096653635,0.0039616280822874226,5.0,8.0,0.06357557326555252,0.3180805593729019,0.033558089286088943,0.28452253341674805,-0.00017876991842058487,0.2723002331704829,0.0003412283623690257,2.600000000000001,8.233333333333334,5.633333333333333
brc_v3_200k_fibercount_conf50,200k FC 50%,real,-1,3,2.4,798,4275,80,20272829,0.052279479801654816,0.1262216717004776,0.046234481036663055,0.07998717576265335,0.000116157898446545,2.7934844921701494,0.0035006071330453,2.0,4.48,0.04826884716749191,0.3222357928752899,0.02538418583571911,0.29685160517692566,0.00014855098561383784,3.0794693550450125,0.003858984154191745,5.0,8.0,-0.004010632634162903,0.19601412117481232,-0.020850295200943947,0.2168644294142723,3.239308716729283e-05,0.28598486287486313,0.0003583770211464453,2.600000000000001,8.233333333333334,5.633333333333333
brc_v3_200k_fibercount_conf50,200k FC 50%,real,-1,4,2.4,798,4275,80,20272830,0.027257850393652916,0.06828544288873672,0.03217526525259018,0.036110177636146545,0.0002103251899825409,2.7707762202301485,0.0034721506519174794,2.0,4.48,0.07558021694421768,0.27684858441352844,0.056720979511737823,0.22012761235237122,0.0007052848814055324,3.089119893730135,0.003871077561065332,5.0,8.0,0.048322366550564766,0.20856314152479172,0.024545714259147644,0.18401743471622467,0.0004949596914229915,0.3183436734999865,0.00039892690914785246,2.600000000000001,8.233333333333334,5.633333333333333
brc_v3_200k_fibercount_conf50,200k FC 50%,real,-1,5,2.4,798,4275,80,20272831,0.08272296190261841,0.2381863296031952,0.06671006232500076,0.17147625982761383,0.00012169750698376447,2.754401705466498,0.003451631209857767,2.0,4.48,0.019431982189416885,0.27341771125793457,0.03359517455101013,0.23982246220111847,0.00014607423509005457,3.017761242315297,0.003781655692124432,5.0,8.0,-0.06329097971320152,0.03523138165473938,-0.03311488777399063,0.06834620237350464,2.4376728106290102e-05,0.26335953684879865,0.0003300244822666649,2.600000000000001,8.233333333333334,5.633333333333333
brc_v3_200k_fibercount_conf50,200k FC 50%,real,-1,6,2.4,798,4275,80,20272832,0.0371391735970974,0.13801024854183197,0.046992938965559006,0.09101729094982147,0.00014105983427725732,2.8337854889213316,0.0035511096352397638,2.0,4.48,0.05041305720806122,0.15515264868736267,0.0544181764125824,0.10073446482419968,4.252138387528248e-05,3.1290180950422966,0.003921075307070547,5.0,8.0,0.013273883610963821,0.0171424001455307,0.007425237447023392,0.009717173874378204,-9.853845040197484e-05,0.2952326061209649,0.0003699656718307836,2.600000000000001,8.233333333333334,5.633333333333333
brc_v3_200k_fibercount_conf50,200k FC 50%,real,-1,7,2.4,798,4275,80,20272833,0.03336193040013313,0.122674360871315,0.024566082283854485,0.09810827672481537,0.00013612155453301966,2.884074139107338,0.003614127993868845,2.0,4.48,0.06328548491001129,0.2092045694589615,0.054261986166238785,0.1549426168203354,5.327534381649457e-05,3.1590669260390523,0.003958730483758211,5.0,8.0,0.02992355450987816,0.08653020858764648,0.0296959038823843,0.05683434009552002,-8.284621071652509e-05,0.27499278693171414,0.00034460248988936633,2.600000000000001,8.233333333333334,5.633333333333333
brc_v3_200k_fibercount_conf50,200k FC 50%,real,-1,8,2.4,798,4275,80,20272834,0.04397406429052353,0.24167174100875854,0.04469270259141922,0.19697900116443634,7.420721522066742e-05,2.8608147713538683,0.003584980916483544,2.0,4.48,0.049475766718387604,0.20939631760120392,0.034254301339387894,0.17514201998710632,1.1852982424898073e-05,3.0817331870167353,0.003861821036361824,5.0,8.0,0.005501702427864075,-0.032275423407554626,-0.010438401252031326,-0.021836981177330017,-6.235423279576935e-05,0.22091841566286696,0.0002768401198782796,2.600000000000001,8.233333333333334,5.633333333333333
brc_v3_200k_fibercount_conf50,200k FC 50%,real,-1,9,2.4,798,4275,80,20272835,0.049994781613349915,0.19343604147434235,0.07105696946382523,0.12237907201051712,4.2611158278305084e-05,2.8450201966495556,0.0035651882163528267,2.0,4.48,0.03401047736406326,0.13075676560401917,0.029359126463532448,0.10139762610197067,6.781778938602656e-05,3.0984697300797555,0.0038827941479696185,5.0,8.0,-0.01598430424928665,-0.06267927587032318,-0.04169784300029278,-0.020981445908546448,2.5206631107721478e-05,0.2534495334301998,0.00031760593161679184,2.600000000000001,8.233333333333334,5.633333333333333
brc_v3_200k_fibercount_conf50,200k FC 50%,real,-1,10,2.4,798,4275,80,20272836,0.04507480934262276,0.2901143431663513,0.029079370200634003,0.2610350251197815,8.836314373183995e-05,2.8425746133382113,0.0035621235756117934,2.0,4.48,0.03988686203956604,0.32640209794044495,0.030081752687692642,0.2963203489780426,0.00015091260138433427,3.1262368454931546,0.003917590031946309,5.0,8.0,-0.005187947303056717,0.03628775477409363,0.0010023824870586395,0.03528532385826111,6.254945765249431e-05,0.28366223215494335,0.00035546645633451534,2.600000000000001,8.233333333333334,5.633333333333333
brc_v3_200k_fibercount_conf50,200k FC 50%,real,-1,11,2.4,798,4275,80,20272837,0.03817547485232353,0.20701324939727783,0.02220867946743965,0.18480457365512848,8.635838457848877e-05,2.845328259521796,0.0035655742600523756,2.0,4.48,0.10087083280086517,0.3343569040298462,0.07863176614046097,0.2557251453399658,0.0001806939544621855,3.143331014468223,0.003939011296326094,5.0,8.0,0.06269535794854164,0.12734365463256836,0.056423086673021317,0.07092057168483734,9.433556988369673e-05,0.29800275494642703,0.0003734370362737183,2.600000000000001,8.233333333333334,5.633333333333333
brc_v3_200k_fibercount_conf50,200k FC 50%,degree_preserving,0,0,2.4,798,4275,80,20372826,0.05124952271580696,0.109822578728199,0.047740861773490906,0.0620817169547081,3.067795478273183e-05,2.75435620688114,0.0034515741940866415,2.0,4.48,0.037283480167388916,0.14628228545188904,0.03659955412149429,0.10968273878097534,0.0001751743839122355,2.9969023586909196,0.003755516740214185,5.0,8.0,-0.013966042548418045,0.03645970672369003,-0.011141307651996613,0.04760102182626724,0.00014449642912950367,0.2425461518097798,0.00030394254612754355,2.600000000000001,8.233333333333334,5.633333333333333
brc_v3_200k_fibercount_conf50,200k FC 50%,degree_preserving,1,0,2.4,798,4275,80,20472826,0.05883307009935379,0.23139552772045135,0.044292233884334564,0.187103271484375,0.00021030720381531864,2.785254420706616,0.0034902937602839797,2.0,4.48,0.02131519466638565,0.1221844032406807,0.021691376343369484,0.10049302130937576,3.403685332159512e-05,3.084087150341387,0.0038647708650894575,5.0,8.0,-0.03751787543296814,-0.10921112447977066,-0.02260085754096508,-0.08661025017499924,-0.00017627035049372353,0.29883272963477125,0.0003744771048054779,2.600000000000001,8.233333333333334,5.633333333333333
brc_v3_200k_fibercount_conf50,200k FC 50%,degree_preserving,2,0,2.4,798,4275,80,20572826,0.019681964069604874,0.049668122082948685,0.024481168016791344,0.025186952203512192,0.00011993647058261558,2.8518903254310692,0.0035737974002895603,2.0,4.48,0.025051986798644066,0.04822799563407898,0.03073519468307495,0.01749279908835888,2.7229050829191692e-05,3.118841061222565,0.003908322131857851,5.0,8.0,0.005370022729039192,-0.0014401264488697052,0.0062540266662836075,-0.007694153115153313,-9.270741975342389e-05,0.26695073579149575,0.00033452473156829043,2.600000000000001,8.233333333333334,5.633333333333333
brc_v3_200k_fibercount_conf50,200k FC 50%,degree_preserving,3,0,2.4,798,4275,80,20672826,0.05302152782678604,0.2624812722206116,0.03525497391819954,0.22722625732421875,0.00030629345565102994,2.8217128889619127,0.003535981063862046,2.0,4.48,0.050002358853816986,0.23609858751296997,0.04454168677330017,0.1915569007396698,0.0006027331692166626,3.0978772890078465,0.0038820517406113367,5.0,8.0,-0.003019168972969055,-0.0263826847076416,0.009286712855100632,-0.03566935658454895,0.0002964397135656327,0.2761644000459338,0.0003460706767492907,2.600000000000001,8.233333333333334,5.633333333333333
brc_v3_200k_fibercount_conf50,200k FC 50%,degree_preserving,4,0,2.4,798,4275,80,20772826,0.06623060256242752,0.2601062059402466,0.04904757812619209,0.21105864644050598,4.86997450934723e-05,2.825388254652796,0.003540586785279193,2.0,4.48,0.025879239663481712,0.10089085251092911,0.019861534237861633,0.08102931827306747,0.00020811405556742102,3.1088564337247964,0.0038958100673243063,5.0,8.0,-0.04035136289894581,-0.15921535342931747,-0.02918604388833046,-0.1300293281674385,0.00015941431047394872,0.2834681790720004,0.0003552232820451134,2.600000000000001,8.233333333333334,5.633333333333333
brc_v3_200k_fibercount_conf50,200k FC 50%,degree_preserving,5,0,2.4,798,4275,80,20872826,0.026953356340527534,0.15916697680950165,0.02602386847138405,0.13314317166805267,7.444006041623652e-05,2.793710163723376,0.003500889929477915,2.0,4.48,0.03831753879785538,0.13813801109790802,0.040564294904470444,0.09757371246814728,8.150385110639036e-05,3.018799577015543,0.0037829568634279984,5.0,8.0,0.011364182457327843,-0.021028965711593628,0.014540426433086395,-0.035569459199905396,7.063790690153837e-06,0.2250894132921668,0.0002820669339500836,2.600000000000001,8.233333333333334,5.633333333333333
brc_v3_200k_fibercount_conf50,200k FC 50%,degree_preserving,6,0,2.4,798,4275,80,20972826,0.03908638656139374,0.17560887336730957,0.034853752702474594,0.14075519144535065,0.00019029370741918683,2.831634592222088,0.003548414275967529,2.0,4.48,0.034892305731773376,0.09445086866617203,0.035172075033187866,0.05927879735827446,0.00037309774779714644,3.1550304722879776,0.003953672271037566,5.0,8.0,-0.004194080829620361,-0.08115800470113754,0.0003183223307132721,-0.08147639408707619,0.0001828040403779596,0.3233958800658896,0.0004052579950700368,2.600000000000001,8.233333333333334,5.633333333333333
brc_v3_200k_fibercount_conf50,200k FC 50%,degree_preserving,7,0,2.4,798,4275,80,21072826,0.02980940043926239,0.14332568645477295,0.020632823929190636,0.12269286811351776,1.3861428669770248e-05,2.8240364886524696,0.0035388928429228943,2.0,4.48,0.026250923052430153,0.0741197019815445,0.02417762018740177,0.04994209110736847,6.709800072712824e-05,3.11221520605143,0.0039000190552022935,5.0,8.0,-0.0035584773868322372,-0.06920598447322845,0.003544796258211136,-0.07275077700614929,5.323657205735799e-05,0.2881787173989605,0.00036112621227939916,2.600000000000001,8.233333333333334,5.633333333333333
brc_v3_200k_fibercount_conf50,200k FC 50%,degree_preserving,8,0,2.4,798,4275,80,21172826,0.023307563737034798,0.11964311450719833,0.024006370455026627,0.0956367552280426,1.4022989489603788e-05,2.7908057817293193,0.0034972503530442595,2.0,4.48,0.03539186716079712,0.11974825710058212,0.033384740352630615,0.0863635316491127,1.907931982714217e-05,3.1010900301600186,0.0038860777320300984,5.0,8.0,0.012084303423762321,0.00010514259338378906,0.009378369897603989,-0.009273223578929901,5.056330337538384e-06,0.31028424843069935,0.0003888273789858388,2.600000000000001,8.233333333333334,5.633333333333333
brc_v3_200k_fibercount_conf50,200k FC 50%,degree_preserving,9,0,2.4,798,4275,80,21272826,0.0674012154340744,0.09733894467353821,0.06606899201869965,0.031269948929548264,1.3776781997876242e-05,2.7642489947538453,0.0034639711713707333,2.0,4.48,0.0715688019990921,0.20916204154491425,0.07202202081680298,0.13714002072811127,9.320332173956558e-05,3.073490982666646,0.0038514924594820125,5.0,8.0,0.0041675865650177,0.11182309687137604,0.0059530287981033325,0.105870071798563,7.942653974168934e-05,0.30924198791280055,0.00038752128811127924,2.600000000000001,8.233333333333334,5.633333333333333
brc_v3_200k_fibercount_conf50,200k FC 50%,degree_preserving,10,0,2.4,798,4275,80,21372826,0.03010392189025879,0.09874808043241501,0.029305681586265564,0.06944241374731064,7.3750225055846386e-06,2.8513449101930024,0.0035731139225476222,2.0,4.48,0.03046901524066925,0.09116930514574051,0.039669767022132874,0.05149953439831734,0.00034999652416445315,3.1429903837871573,0.003938584440836037,5.0,8.0,0.0003650933504104614,-0.0075787752866744995,0.01036408543586731,-0.0179428793489933,0.0003426215016588685,0.29164547359415494,0.0003654705182884149,2.600000000000001,8.233333333333334,5.633333333333333
brc_v3_200k_fibercount_conf50,200k FC 50%,degree_preserving,11,0,2.4,798,4275,80,21472826,0.05537683889269829,0.22089213132858276,0.03707405924797058,0.18381807208061218,3.172309880028479e-05,2.7714720289628345,0.0034730225926852564,2.0,4.48,0.06646740436553955,0.1767275482416153,0.056771233677864075,0.11995629221200943,0.00012588714889716357,3.0367852252151,0.0038054952696931076,5.0,8.0,0.011090565472841263,-0.04416458308696747,0.019697174429893494,-0.06386177986860275,9.416405009687878e-05,0.26531319625226546,0.00033247267700785114,2.600000000000001,8.233333333333334,5.633333333333333
brc_v3_200k_fibercount_conf50,200k FC 50%,degree_strength_preserving,0,0,2.4,798,4275,80,20372826,0.03154173493385315,0.18069705367088318,0.023740895092487335,0.15695616602897644,0.00015128958330024034,2.781203326403152,0.0034852172010064564,2.0,4.48,0.051716312766075134,0.2605536878108978,0.03329513221979141,0.22725853323936462,3.069862214033492e-05,2.9960254271224103,0.0037544178284741984,5.0,8.0,0.020174577832221985,0.07985663414001465,0.009554237127304077,0.07030236721038818,-0.00012059096115990542,0.2148221007192581,0.0002692006274677421,2.600000000000001,8.233333333333334,5.633333333333333
brc_v3_200k_fibercount_conf50,200k FC 50%,degree_strength_preserving,1,0,2.4,798,4275,80,20472826,0.09660915285348892,0.3369624614715576,0.07148013263940811,0.2654823958873749,0.00024013248912524432,2.7814533232196528,0.003485530480225129,2.0,4.48,0.07642855495214462,0.29202231764793396,0.05764612928032875,0.2343762069940567,3.0716877517988905e-05,3.0961811223626663,0.003879926218499582,5.0,8.0,-0.0201805979013443,-0.04494014382362366,-0.013834003359079361,-0.031106188893318176,-0.00020941561160725541,0.3147277991430135,0.00039439573827445293,2.600000000000001,8.233333333333334,5.633333333333333
brc_v3_200k_fibercount_conf50,200k FC 50%,degree_strength_preserving,2,0,2.4,798,4275,80,20572826,0.03243207931518555,0.05880330502986908,0.03803388029336929,0.020769424736499786,0.0002810453006532043,2.8523809372703917,0.0035744122020932227,2.0,4.48,0.08205623924732208,0.27918142080307007,0.06038618087768555,0.2187952697277069,3.978671884397045e-05,3.1282446791705696,0.003920106114248834,5.0,8.0,0.049624159932136536,0.220378115773201,0.022352300584316254,0.19802584499120712,-0.00024125858180923387,0.27586374190017793,0.00034569391215561124,2.600000000000001,8.233333333333334,5.633333333333333
brc_v3_200k_fibercount_conf50,200k FC 50%,degree_strength_preserving,3,0,2.4,798,4275,80,20672826,0.047400638461112976,0.21889743208885193,0.033853717148303986,0.18504370748996735,0.0005866488791070879,2.8435748107127052,0.0035633769557803325,2.0,4.48,0.03923220559954643,0.14103500545024872,0.04463585093617439,0.09639916568994522,4.1353050619363785e-05,3.0933526307301378,0.003876381742769596,5.0,8.0,-0.008168432861566544,-0.07786242663860321,0.010782133787870407,-0.08864454180002213,-0.0005452958284877241,0.24977782001743254,0.00031300478698926366,2.600000000000001,8.233333333333334,5.633333333333333
brc_v3_200k_fibercount_conf50,200k FC 50%,degree_strength_preserving,4,0,2.4,798,4275,80,20772826,0.08296521753072739,0.24588271975517273,0.06618931144475937,0.17969340085983276,1.1815565812867135e-05,2.8466853474110643,0.0035672748714424365,2.0,4.48,0.03813046216964722,0.1571175754070282,0.029680823907256126,0.12743675708770752,0.00045451775076799095,3.131607794375848,0.003924320544330636,5.0,8.0,-0.04483475536108017,-0.08876514434814453,-0.03650848753750324,-0.052256643772125244,0.0004427021849551238,0.28492244696478375,0.00035704567288819987,2.600000000000001,8.233333333333334,5.633333333333333
brc_v3_200k_fibercount_conf50,200k FC 50%,degree_strength_preserving,5,0,2.4,798,4275,80,20872826,0.04651627689599991,0.18448609113693237,0.044562384486198425,0.13992372155189514,9.593371214577928e-05,2.7801835604695797,0.0034839392988340596,2.0,4.48,0.051670320332050323,0.1655697375535965,0.0443657711148262,0.12120398879051208,7.740160799585283e-05,3.026636704533791,0.003792777825230315,5.0,8.0,0.005154043436050415,-0.018916353583335876,-0.0001966133713722229,-0.018719732761383057,-1.8532104149926454e-05,0.24645314406421148,0.0003088385263962552,2.600000000000001,8.233333333333334,5.633333333333333
brc_v3_200k_fibercount_conf50,200k FC 50%,degree_strength_preserving,6,0,2.4,798,4275,80,20972826,0.041646093130111694,0.07321438938379288,0.045331839472055435,0.027882549911737442,0.0007350678206421435,2.8290136263232433,0.003545129857547924,2.0,4.48,0.09215004742145538,0.30572444200515747,0.06945919990539551,0.23626522719860077,7.694229134358466e-05,3.155465486127587,0.00395421740116239,5.0,8.0,0.05050395429134369,0.2325100526213646,0.024127360433340073,0.20838267728686333,-0.0006581255292985588,0.32645185980434377,0.0004090875436144662,2.600000000000001,8.233333333333334,5.633333333333333
brc_v3_200k_fibercount_conf50,200k FC 50%,degree_strength_preserving,7,0,2.4,798,4275,80,21072826,0.015629328787326813,0.045333780348300934,0.02040957473218441,0.024924209341406822,7.910993008408695e-05,2.8313443040770423,0.0035480505063622083,2.0,4.48,0.04129497706890106,0.10281672328710556,0.04115855693817139,0.06165817007422447,5.629098086501472e-05,3.1103231321500693,0.003897648035275776,5.0,8.0,0.02566564828157425,0.057482942938804626,0.020748982205986977,0.03673396073281765,-2.2818949219072238e-05,0.278978828073027,0.00034959752891356756,2.600000000000001,8.233333333333334,5.633333333333333
brc_v3_200k_fibercount_conf50,200k FC 50%,degree_strength_preserving,8,0,2.4,798,4275,80,21172826,0.05771489813923836,0.29005929827690125,0.03593984991312027,0.2541194558143616,0.00044632074423134327,2.798618010409611,0.0035070401132952515,2.0,4.48,0.07673576474189758,0.2912093698978424,0.053158409893512726,0.2380509376525879,5.390915248426609e-05,3.065828049796489,0.003841889786712392,5.0,8.0,0.019020866602659225,0.0011500716209411621,0.017218559980392456,-0.01606851816177368,-0.0003924115917470772,0.26721003938687815,0.00033484967341714054,2.600000000000001,8.233333333333334,5.633333333333333
brc_v3_200k_fibercount_conf50,200k FC 50%,degree_strength_preserving,9,0,2.4,798,4275,80,21272826,0.1140848696231842,0.2949158549308777,0.09613830596208572,0.19877755641937256,8.533035725122318e-06,2.7656203499278207,0.003465689661563685,2.0,4.48,0.08393806964159012,0.1641097366809845,0.07779719680547714,0.08631252497434616,0.0001639229158172384,3.0376089698133395,0.0038065275310944103,5.0,8.0,-0.030146799981594086,-0.1308061182498932,-0.01834110915660858,-0.1124650314450264,0.00015538988009211607,0.2719886198855188,0.0003408378695307253,2.600000000000001,8.233333333333334,5.633333333333333
brc_v3_200k_fibercount_conf50,200k FC 50%,degree_strength_preserving,10,0,2.4,798,4275,80,21372826,0.07047419250011444,0.16014991700649261,0.065888911485672,0.09426099807024002,0.00018233555601909757,2.859717960367684,0.0035836064666261705,2.0,4.48,0.024928707629442215,0.14935100078582764,0.03839411586523056,0.11095688492059708,0.00011645693302853033,3.1195680961643832,0.003909233203213513,5.0,8.0,-0.045545484870672226,-0.010798916220664978,-0.027494795620441437,0.016695886850357056,-6.587862299056724e-05,0.25985013579669936,0.0003256267365873422,2.600000000000001,8.233333333333334,5.633333333333333
brc_v3_200k_fibercount_conf50,200k FC 50%,degree_strength_preserving,11,0,2.4,798,4275,80,21472826,0.05936310067772865,0.19841456413269043,0.0450945682823658,0.15331998467445374,9.744234557729214e-05,2.774748272129552,0.0034771281605633485,2.0,4.48,0.11813171207904816,0.3977015018463135,0.08880086243152618,0.3089006543159485,0.00015152181731536984,3.005760557853916,0.003766617240418441,5.0,8.0,0.058768611401319504,0.19928693771362305,0.043706294149160385,0.15558066964149475,5.40794717380777e-05,0.23101228572436394,0.00028948907985509257,2.600000000000001,8.233333333333334,5.633333333333333
brc_v3_200k_fibercount_conf50,200k FC 50%,real,-1,0,3.2,798,4275,80,20273626,0.04677962511777878,0.14700835943222046,0.046904049813747406,0.10010431706905365,1.6762222003308125e-05,2.7753566523272344,0.0034778905417634518,2.0,4.48,0.049698781222105026,0.20851756632328033,0.046336088329553604,0.16218149662017822,0.0008779392810538411,3.0741680507932303,0.00385234091578099,5.0,8.0,0.002919156104326248,0.061509206891059875,-0.0005679614841938019,0.06207717955112457,0.000861177059050533,0.2988113984659959,0.0003744503740175384,2.5999999999999996,8.233333333333333,5.633333333333333
brc_v3_200k_fibercount_conf50,200k FC 50%,real,-1,1,3.2,798,4275,80,20273627,0.06945278495550156,0.2581537961959839,0.06064553186297417,0.1975082904100418,5.766356844105758e-05,2.7323887429808447,0.003424046043835645,2.0,4.48,0.05703382194042206,0.2822907269001007,0.039177171885967255,0.24311356246471405,0.00020545022562146187,3.0340957423123696,0.003802124990366378,5.0,8.0,-0.012418963015079498,0.02413693070411682,-0.021468359977006912,0.04560527205467224,0.0001477866571804043,0.3017069993315249,0.00037807894653073314,2.5999999999999996,8.233333333333333,5.633333333333333
brc_v3_200k_fibercount_conf50,200k FC 50%,real,-1,2,3.2,798,4275,80,20273628,0.10992003232240677,0.23017053306102753,0.09738444536924362,0.1327860802412033,0.00011222335888305679,2.7512836442343387,0.0034477238649553116,2.0,4.48,0.06413810700178146,0.2801079750061035,0.04467959329485893,0.2354283630847931,4.34544199379161e-05,2.888390686810157,0.0036195372015164875,5.0,8.0,-0.045781925320625305,0.04993744194507599,-0.05270485207438469,0.10264228284358978,-6.876893894514069e-05,0.1371070425758183,0.0001718133365611759,2.5999999999999996,8.233333333333333,5.633333333333333
brc_v3_200k_fibercount_conf50,200k FC 50%,real,-1,3,3.2,798,4275,80,20273629,0.09871627390384674,0.37095025181770325,0.07313762605190277,0.2978126108646393,0.0003545592771843076,2.7620854209043966,0.003461259925945359,2.0,4.48,0.13442227244377136,0.5363951325416565,0.09192096441984177,0.44447413086891174,0.00018402619753032923,2.9709174907366798,0.0037229542490434583,5.0,8.0,0.03570599853992462,0.16544488072395325,0.018783338367938995,0.14666152000427246,-0.00017053307965397835,0.2088320698322832,0.0002616943230980993,2.5999999999999996,8.233333333333333,5.633333333333333
brc_v3_200k_fibercount_conf50,200k FC 50%,real,-1,4,3.2,798,4275,80,20273630,0.05796469748020172,0.10714506357908249,0.06508201360702515,0.042063046246767044,3.1527284590993077e-05,2.7606814334313206,0.003459500543147018,2.0,4.48,0.04534618929028511,0.16084839403629303,0.04136013984680176,0.11948822438716888,0.0003010170767083764,2.9966054397176833,0.003755144661300355,5.0,8.0,-0.01261850818991661,0.05370333045721054,-0.02372187376022339,0.07742517814040184,0.00026948979211738333,0.2359240062863628,0.0002956441181533368,2.5999999999999996,8.233333333333333,5.633333333333333
brc_v3_200k_fibercount_conf50,200k FC 50%,real,-1,5,3.2,798,4275,80,20273631,0.019989222288131714,0.06759116798639297,0.024478958919644356,0.04311221092939377,6.284306437009946e-05,2.788856616919528,0.003494807790625975,2.0,4.48,0.059330638498067856,0.2590146064758301,0.03885873407125473,0.22015589475631714,0.0003087777295149863,3.082607114377066,0.003862916183429907,5.0,8.0,0.03934141620993614,0.1914234384894371,0.014379775151610374,0.17704368382692337,0.0002459346651448868,0.293750497457538,0.0003681083928039324,2.5999999999999996,8.233333333333333,5.633333333333333
brc_v3_200k_fibercount_conf50,200k FC 50%,real,-1,6,3.2,798,4275,80,20273632,0.0786496177315712,0.5011326670646667,0.04228876531124115,0.4588439464569092,0.00010147012653760612,2.7499547576667056,0.0034460585935673005,2.0,4.48,0.1154538169503212,0.5024521946907043,0.07247457653284073,0.4299776256084442,4.214186628814787e-05,2.9923798350302495,0.0037498494173311397,5.0,8.0,0.03680419921875,0.0013195276260375977,0.03018581122159958,-0.028866320848464966,-5.932826024945825e-05,0.2424250773635439,0.0003037908237638392,2.5999999999999996,8.233333333333333,5.633333333333333
brc_v3_200k_fibercount_conf50,200k FC 50%,real,-1,7,3.2,798,4275,80,20273633,0.10417105257511139,0.31784680485725403,0.09395578503608704,0.22389107942581177,0.0002203637413913384,2.7713510383678113,0.00347287097539826,2.0,4.48,0.03659503534436226,0.1971852034330368,0.047557245939970016,0.1496279537677765,0.00063570641214028,2.9883691291850396,0.0037448234701566913,5.0,8.0,-0.06757601723074913,-0.12066160142421722,-0.04639853909611702,-0.07426312565803528,0.0004153426707489416,0.21701809081722834,0.0002719524947584315,2.5999999999999996,8.233333333333333,5.633333333333333
brc_v3_200k_fibercount_conf50,200k FC 50%,real,-1,8,3.2,798,4275,80,20273634,0.06449881941080093,0.32944995164871216,0.036294884979724884,0.2931550145149231,0.0004324228211771697,2.785508737289458,0.0034906124527436817,2.0,4.48,0.08071696758270264,0.40310603380203247,0.04631149023771286,0.356794536113739,0.00012077463179593906,3.0393147059017993,0.0038086650449897235,5.0,8.0,0.016218148171901703,0.07365608215332031,0.010016605257987976,0.06363952159881592,-0.0003116481893812306,0.2538059686123413,0.0003180525922460418,2.5999999999999996,8.233333333333333,5.633333333333333
brc_v3_200k_fibercount_conf50,200k FC 50%,real,-1,9,3.2,798,4275,80,20273635,0.1040431410074234,0.36109599471092224,0.07567931711673737,0.28541672229766846,8.731494745006785e-05,2.8015290938798576,0.003510688087568744,2.0,4.48,0.12875328958034515,0.42571648955345154,0.09651579707860947,0.3292006552219391,2.1923191525274888e-05,3.0160137452312052,0.0037794658461543927,5.0,8.0,0.024710148572921753,0.0646204948425293,0.0208364799618721,0.04378393292427063,-6.539175592479296e-05,0.21448465135134764,0.0002687777585856487,2.5999999999999996,8.233333333333333,5.633333333333333
brc_v3_200k_fibercount_conf50,200k FC 50%,real,-1,10,3.2,798,4275,80,20273636,0.057130612432956696,0.15122875571250916,0.0601334348320961,0.09109532088041306,0.0011257377918809652,2.769908244577726,0.0034710629631299825,2.0,4.48,0.10097324103116989,0.2623279094696045,0.08862219750881195,0.17370571196079254,0.0010547144338488579,3.050490629305124,0.003822669961535243,5.0,8.0,0.043842628598213196,0.11109915375709534,0.02848876267671585,0.08261039108037949,-7.102335803210735e-05,0.2805823847273978,0.00035160699840526034,2.5999999999999996,8.233333333333333,5.633333333333333
brc_v3_200k_fibercount_conf50,200k FC 50%,real,-1,11,3.2,798,4275,80,20273637,0.08261552453041077,0.2259412556886673,0.06716234982013702,0.15877890586853027,1.8629969417816028e-05,2.8098059896665797,0.0035210601374267916,2.0,4.48,0.0348697192966938,0.2402852177619934,0.027954446151852608,0.21233071386814117,0.0003050967352464795,3.0846064737785754,0.003865421646339067,5.0,8.0,-0.047745805233716965,0.01434396207332611,-0.039207903668284416,0.0535518079996109,0.0002864667658286635,0.27480048411199576,0.00034436150891227523,2.5999999999999996,8.233333333333333,5.633333333333333
brc_v3_200k_fibercount_conf50,200k FC 50%,degree_preserving,0,0,3.2,798,4275,80,20373626,0.07803215086460114,0.18046194314956665,0.07357115298509598,0.10689079016447067,0.0003547812520992011,2.7537721090633664,0.003450842241934043,2.0,4.48,0.08436183631420135,0.1723441630601883,0.07925182580947876,0.09309234470129013,0.0014916716609150171,2.9828333818517145,0.003737886443423201,5.0,8.0,0.00632968544960022,-0.008117780089378357,0.005680672824382782,-0.013798445463180542,0.001136890408815816,0.2290612727883481,0.000287044201489158,2.5999999999999996,8.233333333333333,5.633333333333333
brc_v3_200k_fibercount_conf50,200k FC 50%,degree_preserving,1,0,3.2,798,4275,80,20473626,0.014708232134580612,0.06029766425490379,0.011452622711658478,0.04884505271911621,1.4917151020199526e-05,2.800744790391766,0.0035097052511175015,2.0,4.48,0.044828128069639206,0.13171355426311493,0.03760119527578354,0.09411237388849258,1.4149214621284045e-05,3.0648947502152044,0.003840720238364918,5.0,8.0,0.030119895935058594,0.07141589000821114,0.02614857256412506,0.04526732116937637,-7.679363989154808e-07,0.26414995982343825,0.00033101498724741633,2.5999999999999996,8.233333333333333,5.633333333333333
brc_v3_200k_fibercount_conf50,200k FC 50%,degree_preserving,2,0,3.2,798,4275,80,20573626,0.023443518206477165,0.08586341887712479,0.0194183811545372,0.06644504517316818,1.3565057997766417e-05,2.6790233101779743,0.0033571720678921982,2.0,4.48,0.02008511684834957,0.13671045005321503,0.02452392503619194,0.11218652874231339,0.0001239200501004234,2.957774015907087,0.003706483729206876,5.0,8.0,-0.003358401358127594,0.05084703117609024,0.005105543881654739,0.0457414835691452,0.00011035499210265698,0.27875070572911254,0.00034931166131467765,2.5999999999999996,8.233333333333333,5.633333333333333
brc_v3_200k_fibercount_conf50,200k FC 50%,degree_preserving,3,0,3.2,798,4275,80,20673626,0.062199097126722336,0.15160612761974335,0.053341951221227646,0.0982641652226448,0.0002645030908752233,2.752757198743876,0.0034495704244910724,2.0,4.48,0.046828072518110275,0.26062870025634766,0.02484174072742462,0.23578691482543945,0.000179001028300263,2.976212895930324,0.003729590095150782,5.0,8.0,-0.01537102460861206,0.10902257263660431,-0.028500210493803024,0.13752274960279465,-8.550206257496029e-05,0.2234556971864481,0.00028001967065970947,2.5999999999999996,8.233333333333333,5.633333333333333
brc_v3_200k_fibercount_conf50,200k FC 50%,degree_preserving,4,0,3.2,798,4275,80,20773626,0.03339191526174545,0.18284249305725098,0.018668947741389275,0.16417352855205536,8.2677079262794e-06,2.7694399221375994,0.00347047609290426,2.0,4.48,0.05157686769962311,0.17984367907047272,0.04008413106203079,0.13975954055786133,3.410126737435348e-05,3.036308237948268,0.0038048975412885567,5.0,8.0,0.018184952437877655,-0.0029988139867782593,0.021415183320641518,-0.02441398799419403,2.5833559448074084e-05,0.26686831581066883,0.0003344214483842968,2.5999999999999996,8.233333333333333,5.633333333333333
brc_v3_200k_fibercount_conf50,200k FC 50%,degree_preserving,5,0,3.2,798,4275,80,20873626,0.07429137825965881,0.03046340122818947,0.08363550156354904,-0.05317210778594017,6.331768236123025e-05,2.7162617957961492,0.00340383683683728,2.0,4.48,0.037271033972501755,0.18501713871955872,0.026928814128041267,0.1580883264541626,0.0002231390099041164,2.959941587915887,0.003709199984857001,5.0,8.0,-0.03702034428715706,0.15455373749136925,-0.056706687435507774,0.21126043424010277,0.00015982132754288614,0.24367979211973756,0.00030536314801972095,2.5999999999999996,8.233333333333333,5.633333333333333
brc_v3_200k_fibercount_conf50,200k FC 50%,degree_preserving,6,0,3.2,798,4275,80,20973626,0.018361305817961693,0.08730748295783997,0.024046316742897034,0.06326116621494293,9.778972889762372e-05,2.8025182941265476,0.003511927686875373,2.0,4.48,0.06089569255709648,0.25634270906448364,0.04175649955868721,0.21458621323108673,0.0002960736455861479,3.14456285653876,0.003940554958068622,5.0,8.0,0.04253438673913479,0.16903522610664368,0.017710182815790176,0.1513250470161438,0.0001982839166885242,0.34204456241221237,0.0004286272711932484,2.5999999999999996,8.233333333333333,5.633333333333333
brc_v3_200k_fibercount_conf50,200k FC 50%,degree_preserving,7,0,3.2,798,4275,80,21073626,0.015500716865062714,0.06265340745449066,0.020867573097348213,0.041785839945077896,4.465852180146612e-05,2.8450505189679016,0.0035652262142454906,2.0,4.48,0.019842511042952538,0.07857638597488403,0.022894155234098434,0.0556822307407856,3.1840387237025425e-05,3.102603200651113,0.0038879739356530237,5.0,8.0,0.004341794177889824,0.01592297852039337,0.0020265821367502213,0.013896390795707703,-1.2818134564440697e-05,0.2575526816832112,0.00032274772140753307,2.5999999999999996,8.233333333333333,5.633333333333333
brc_v3_200k_fibercount_conf50,200k FC 50%,degree_preserving,8,0,3.2,798,4275,80,21173626,0.058902934193611145,0.08249446004629135,0.05674068629741669,0.025753775611519814,0.00018822016136255115,2.7754853732038076,0.0034780518461200597,2.0,4.48,0.06816501170396805,0.19519439339637756,0.05985721945762634,0.13533715903759003,1.1013384209945798e-05,3.07628377938888,0.00385499220474797,5.0,8.0,0.009262077510356903,0.11269993335008621,0.0031165331602096558,0.10958338342607021,-0.00017720677715260535,0.3007984061850726,0.00037694035862791044,2.5999999999999996,8.233333333333333,5.633333333333333
brc_v3_200k_fibercount_conf50,200k FC 50%,degree_preserving,9,0,3.2,798,4275,80,21273626,0.02171199582517147,0.10622507333755493,0.032199595123529434,0.0740254744887352,2.646332904987503e-05,2.861834991240032,0.003586259387518837,2.0,4.48,0.02533012069761753,0.06616562604904175,0.02544315718114376,0.04072247073054314,0.00013653469795826823,3.1468608769780713,0.003943434682929914,5.0,8.0,0.00361812487244606,-0.040059447288513184,-0.0067564379423856735,-0.03330300375819206,0.0001100713689083932,0.28502588573803944,0.00035717529541107705,2.5999999999999996,8.233333333333333,5.633333333333333
brc_v3_200k_fibercount_conf50,200k FC 50%,degree_preserving,10,0,3.2,798,4275,80,21373626,0.0425097681581974,0.13573016226291656,0.03483336418867111,0.10089679062366486,0.00011153700324939564,2.720986794448879,0.0034097578877805503,2.0,4.48,0.033274777233600616,0.1544853299856186,0.04513821005821228,0.10934711992740631,0.00016193167539313436,2.9732019086154895,0.003725816928089586,5.0,8.0,-0.009234990924596786,0.018755167722702026,0.010304845869541168,0.008450329303741455,5.039467214373872e-05,0.25221511416661047,0.00031605904030903567,2.5999999999999996,8.233333333333333,5.633333333333333
brc_v3_200k_fibercount_conf50,200k FC 50%,degree_preserving,11,0,3.2,798,4275,80,21473626,0.03132094815373421,0.10554469376802444,0.025589045137166977,0.07995563745498657,2.2054469809518196e-05,2.7818137012090594,0.0034859820817156133,2.0,4.48,0.0184111837297678,0.17147037386894226,0.014513811096549034,0.15695655345916748,1.4292576452135108e-05,3.0672412310068564,0.0038436606904847827,5.0,8.0,-0.012909764423966408,0.06592568010091782,-0.011075234040617943,0.07700091600418091,-7.761893357383087e-06,0.28542752979779706,0.00035767860876916935,2.5999999999999996,8.233333333333333,5.633333333333333
brc_v3_200k_fibercount_conf50,200k FC 50%,degree_strength_preserving,0,0,3.2,798,4275,80,20373626,0.12095140665769577,0.24991823732852936,0.11127724498510361,0.13864101469516754,0.000653992872685194,2.753214379840746,0.003450143333133767,2.0,4.48,0.11753285676240921,0.39012885093688965,0.09211810678243637,0.2980107367038727,0.0010090632131323218,2.989225794838554,0.0037458969860132254,5.0,8.0,-0.00341854989528656,0.1402106136083603,-0.019159138202667236,0.15936972200870514,0.0003550703404471278,0.2360114149978081,0.00029575365287945856,2.5999999999999996,8.233333333333333,5.633333333333333
brc_v3_200k_fibercount_conf50,200k FC 50%,degree_strength_preserving,1,0,3.2,798,4275,80,20473626,0.0414402112364769,0.11388006061315536,0.04520835727453232,0.06867170333862305,1.936627086251974e-05,2.8084000350799037,0.0035192982895738143,2.0,4.48,0.07084836065769196,0.4618339538574219,0.04167112335562706,0.4201628267765045,0.0010352260433137417,3.0564688844732832,0.0038301615093650166,5.0,8.0,0.029408149421215057,0.3479538932442665,-0.003537233918905258,0.35149112343788147,0.001015859772451222,0.2480688493933796,0.00031086321979120236,2.5999999999999996,8.233333333333333,5.633333333333333
brc_v3_200k_fibercount_conf50,200k FC 50%,degree_strength_preserving,2,0,3.2,798,4275,80,20573626,0.020357947796583176,0.10840966552495956,0.016737358644604683,0.09167231619358063,0.000233542246860452,2.715399692434621,0.003402756506810302,2.0,4.48,0.07868392020463943,0.39705491065979004,0.045028384774923325,0.3520265221595764,0.0011069276370108128,2.980324124584538,0.003734742010757567,5.0,8.0,0.05832597240805626,0.2886452451348305,0.02829102613031864,0.2603542059659958,0.0008733853901503608,0.26492443214991734,0.0003319855039472649,2.5999999999999996,8.233333333333333,5.633333333333333
brc_v3_200k_fibercount_conf50,200k FC 50%,degree_strength_preserving,3,0,3.2,798,4275,80,20673626,0.05464205518364906,0.16535647213459015,0.04303235933184624,0.12232407927513123,0.00011395521141821519,2.749953673292341,0.003446057234702182,2.0,4.48,0.05314317345619202,0.2113620638847351,0.03677709773182869,0.17458494007587433,0.0002160695439670235,2.97467743084816,0.0037276659534438094,5.0,8.0,-0.0014988817274570465,0.04600559175014496,-0.006255261600017548,0.0522608608007431,0.0001021143325488083,0.22472375755581897,0.00028160871874162744,2.5999999999999996,8.233333333333333,5.633333333333333
brc_v3_200k_fibercount_conf50,200k FC 50%,degree_strength_preserving,4,0,3.2,798,4275,80,20773626,0.06616193056106567,0.24835823476314545,0.05297946557402611,0.19537879526615143,2.948829387605656e-05,2.7855952241162116,0.003490720832225829,2.0,4.48,0.05711938068270683,0.18966829776763916,0.044739414006471634,0.14492888748645782,1.592258377058897e-05,3.041740166711272,0.0038117044695629974,5.0,8.0,-0.009042549878358841,-0.05868993699550629,-0.008240051567554474,-0.050449907779693604,-1.3565710105467588e-05,0.25614494259506015,0.00032098363733716823,2.5999999999999996,8.233333333333333,5.633333333333333
brc_v3_200k_fibercount_conf50,200k FC 50%,degree_strength_preserving,5,0,3.2,798,4275,80,20873626,0.11446972191333771,0.10839535295963287,0.12256072461605072,-0.014165369793772697,0.0001776572607923299,2.7488775145722317,0.0034447086648774832,2.0,4.48,0.057712655514478683,0.29026201367378235,0.0469600111246109,0.24330198764801025,0.0005217918078415096,3.0091158925579173,0.003770821920498643,5.0,8.0,-0.056757066398859024,0.18186666071414948,-0.07560071349143982,0.25746735744178295,0.0003441345470491797,0.2602383779856856,0.0003261132556211599,2.5999999999999996,8.233333333333333,5.633333333333333
brc_v3_200k_fibercount_conf50,200k FC 50%,degree_strength_preserving,6,0,3.2,798,4275,80,20973626,0.05574435740709305,0.19228431582450867,0.04284047707915306,0.1494438350200653,3.586748061934486e-05,2.8245451916617497,0.003539530315365601,2.0,4.48,0.03717866912484169,0.12658856809139252,0.02884945087134838,0.09773911535739899,0.00018267151608597487,3.136273402119021,0.003930167170575214,5.0,8.0,-0.018565688282251358,-0.06569574773311615,-0.01399102620780468,-0.05170471966266632,0.00014680403546663,0.31172821045727117,0.0003906368552096125,2.5999999999999996,8.233333333333333,5.633333333333333
brc_v3_200k_fibercount_conf50,200k FC 50%,degree_strength_preserving,7,0,3.2,798,4275,80,21073626,0.09696094691753387,0.2652947008609772,0.07904623448848724,0.18624845147132874,0.0014349170960485935,2.832603814325821,0.0035496288400072946,2.0,4.48,0.15242166817188263,0.4711313247680664,0.1170266643166542,0.3541046679019928,1.68459810083732e-05,3.083217186205578,0.0038636806844681427,5.0,8.0,0.055460721254348755,0.20583662390708923,0.03798042982816696,0.16785621643066406,-0.0014180711150402203,0.25061337187975674,0.0003140518444608481,2.5999999999999996,8.233333333333333,5.633333333333333
brc_v3_200k_fibercount_conf50,200k FC 50%,degree_strength_preserving,8,0,3.2,798,4275,80,21173626,0.14148838818073273,0.38653457164764404,0.1146492063999176,0.2718854248523712,0.0007055191090330482,2.783565052799027,0.003488176757893518,2.0,4.48,0.14385566115379333,0.5611363053321838,0.0982591062784195,0.46287721395492554,0.0004221907292958349,3.0086403185825175,0.0037702259631359866,5.0,8.0,0.002367272973060608,0.1746017336845398,-0.016390100121498108,0.19099178910255432,-0.00028332837973721325,0.22507526578349024,0.0002820492052424688,2.5999999999999996,8.233333333333333,5.633333333333333
brc_v3_200k_fibercount_conf50,200k FC 50%,degree_strength_preserving,9,0,3.2,798,4275,80,21273626,0.07154395431280136,0.1434423327445984,0.06770171970129013,0.07574060559272766,4.0947008528746665e-05,2.847678886335624,0.003568519907688752,2.0,4.48,0.042856115847826004,0.17945410311222076,0.03454490751028061,0.14490921795368195,0.00019578439241740853,3.1435390171123867,0.003939271951268655,5.0,8.0,-0.028687838464975357,0.036011770367622375,-0.03315681219100952,0.06916861236095428,0.00015483738388866186,0.29586013077676254,0.0003707520435799034,2.5999999999999996,8.233333333333333,5.633333333333333
brc_v3_200k_fibercount_conf50,200k FC 50%,degree_strength_preserving,10,0,3.2,798,4275,80,21373626,0.12571778893470764,0.24608001112937927,0.11299874633550644,0.13308125734329224,0.00022916091256774962,2.7389356183469116,0.0034322501483044004,2.0,4.48,0.08922861516475677,0.39930620789527893,0.06168124079704285,0.33762499690055847,0.00025877339066937566,2.9756134059889763,0.0037288388546227774,5.0,8.0,-0.03648917376995087,0.15322619676589966,-0.05131750553846359,0.20454373955726624,2.961247810162604e-05,0.2366777876420647,0.000296588706318377,2.5999999999999996,8.233333333333333,5.633333333333333
brc_v3_200k_fibercount_conf50,200k FC 50%,degree_strength_preserving,11,0,3.2,798,4275,80,21473626,0.033951520919799805,0.10702352970838547,0.028262909501791,0.07876060158014297,9.670478902989998e-05,2.7727568947376033,0.0034746327001724353,2.0,4.48,0.03251151368021965,0.13804972171783447,0.02174431085586548,0.1163054034113884,0.00034300878178328276,3.0886065739822763,0.0038704343032359353,5.0,8.0,-0.0014400072395801544,0.031026192009449005,-0.006518598645925522,0.03754480183124542,0.00024630399275338277,0.315849679244673,0.00039580160306350006,2.5999999999999996,8.233333333333333,5.633333333333333
brc_v3_200k_fibercount_conf50,200k FC 50%,real,-1,0,4.0,798,4275,80,20274426,0.05932971462607384,0.08710543811321259,0.0669034868478775,0.02020196057856083,9.99614640022628e-05,2.7956314477968958,0.0035032975536301953,2.0,4.48,0.10162151604890823,0.2430940419435501,0.10636307299137115,0.13673098385334015,0.0001548746949993074,3.0545600125805854,0.003827769439324042,5.0,8.0,0.042291801422834396,0.15598860383033752,0.03945958614349365,0.11652902327477932,5.491323099704459e-05,0.25892856478368964,0.0003244718856938466,2.6,8.233333333333333,5.633333333333333
brc_v3_200k_fibercount_conf50,200k FC 50%,real,-1,1,4.0,798,4275,80,20274427,0.06301755458116531,0.21524563431739807,0.06214750185608864,0.15309815108776093,0.00016882452473510057,2.7018704927582338,0.0033858026225040525,2.0,4.48,0.03469322994351387,0.1724851429462433,0.025658607482910156,0.14682655036449432,1.5047556189529132e-05,2.9754222707473836,0.00372859933677617,5.0,8.0,-0.028324324637651443,-0.042760491371154785,-0.03648889437317848,-0.0062716007232666016,-0.00015377696854557144,0.27355177798914987,0.0003427967142721174,2.6,8.233333333333333,5.633333333333333
brc_v3_200k_fibercount_conf50,200k FC 50%,real,-1,2,4.0,798,4275,80,20274428,0.07424004375934601,0.3111705780029297,0.05198051407933235,0.25919005274772644,0.00017123577708844095,2.7049618917413434,0.0033896765560668465,2.0,4.48,0.06346268206834793,0.2622510492801666,0.04401581361889839,0.21823523938655853,0.00010620143439155072,2.9452638443268175,0.0036908068224646836,5.0,8.0,-0.010777361690998077,-0.04891952872276306,-0.00796470046043396,-0.04095481336116791,-6.503434269689023e-05,0.24030195258547415,0.0003011302663978371,2.6,8.233333333333333,5.633333333333333
brc_v3_200k_fibercount_conf50,200k FC 50%,real,-1,3,4.0,798,4275,80,20274429,0.10565709322690964,0.40012016892433167,0.07354148477315903,0.32657861709594727,8.37767292978242e-05,2.707520480608695,0.00339288280778032,2.0,4.48,0.19439971446990967,0.6696834564208984,0.14184331893920898,0.5278400778770447,0.0002865630085580051,2.9275088586788156,0.0036685574670160597,5.0,8.0,0.08874262124300003,0.2695632874965668,0.06830183416604996,0.2012614607810974,0.0002027862792601809,0.2199883780701204,0.00027567465923573984,2.6,8.233333333333333,5.633333333333333
brc_v3_200k_fibercount_conf50,200k FC 50%,real,-1,4,4.0,798,4275,80,20274430,0.05701139196753502,0.2688823640346527,0.03521557152271271,0.23366683721542358,0.00041362125193700194,2.773715648140282,0.0034758341455392006,2.0,4.48,0.08076842874288559,0.30950528383255005,0.05629049986600876,0.2532147467136383,0.00011323551007080823,3.0570728001551233,0.0038309182959337384,5.0,8.0,0.02375703677535057,0.04062291979789734,0.02107492834329605,0.01954790949821472,-0.0003003857418661937,0.28335715201484124,0.00035508415039453784,2.6,8.233333333333333,5.633333333333333
brc_v3_200k_fibercount_conf50,200k FC 50%,real,-1,5,4.0,798,4275,80,20274431,0.10812698304653168,0.12591958045959473,0.10655035078525543,0.019369229674339294,0.0007789175724610686,2.7988462070715117,0.003507326074024451,2.0,4.48,0.16007661819458008,0.5615360140800476,0.11971750110387802,0.44181859493255615,0.003309190971776843,3.0507162561290944,0.0038229527019161586,5.0,8.0,0.0519496351480484,0.4356164336204529,0.013167150318622589,0.42244936525821686,0.0025302733993157744,0.2518700490575827,0.00031562662789170765,2.6,8.233333333333333,5.633333333333333
brc_v3_200k_fibercount_conf50,200k FC 50%,real,-1,6,4.0,798,4275,80,20274432,0.10569705814123154,0.2759974002838135,0.09047902375459671,0.18551838397979736,0.001057829475030303,2.796376544383046,0.003504231258625371,2.0,4.48,0.10237514227628708,0.33579421043395996,0.07960940152406693,0.25618481636047363,0.0008856871863827109,3.0786415288428786,0.0038579467779985945,5.0,8.0,-0.003321915864944458,0.059796810150146484,-0.010869622230529785,0.07066643238067627,-0.00017214228864759207,0.2822649844598324,0.00035371551937322335,2.6,8.233333333333333,5.633333333333333
brc_v3_200k_fibercount_conf50,200k FC 50%,real,-1,7,4.0,798,4275,80,20274433,0.0821717381477356,0.2953130900859833,0.06506434828042984,0.23024871945381165,0.0006716955685988069,2.748587763334307,0.003444345568088104,2.0,4.48,0.14716939628124237,0.5008177161216736,0.11172989755868912,0.3890877664089203,3.326750811538659e-05,2.939268292442736,0.003683293599552301,5.0,8.0,0.06499765813350677,0.2055046260356903,0.04666554927825928,0.15883904695510864,-0.0006384280604834203,0.19068052910842903,0.0002389480314641968,2.6,8.233333333333333,5.633333333333333
brc_v3_200k_fibercount_conf50,200k FC 50%,real,-1,8,4.0,798,4275,80,20274434,0.02252349629998207,0.18218746781349182,0.02840830758213997,0.15377917885780334,0.00014941921108402312,2.8659999908411478,0.0035914786852645963,2.0,4.48,0.08642345666885376,0.3369090259075165,0.05979562923312187,0.2771134376525879,6.26742112217471e-05,3.0910872273228427,0.0038735428913820084,5.0,8.0,0.06389996036887169,0.15472155809402466,0.0313873216509819,0.12333425879478455,-8.674499986227602e-05,0.22508723648169493,0.00028206420611741204,2.6,8.233333333333333,5.633333333333333
brc_v3_200k_fibercount_conf50,200k FC 50%,real,-1,9,4.0,798,4275,80,20274435,0.0824669897556305,0.2855055332183838,0.06116316467523575,0.22434236109256744,0.001027159858494997,2.750774386163124,0.0034470856969462706,2.0,4.48,0.1647893190383911,0.6281012892723083,0.12166964262723923,0.5064316987991333,9.94612491922453e-06,2.9063139615787215,0.00364199744558737,5.0,8.0,0.08232232928276062,0.34259575605392456,0.06050647795200348,0.28208933770656586,-0.0010172137335757725,0.1555395754155975,0.0001949117486410995,2.6,8.233333333333333,5.633333333333333
brc_v3_200k_fibercount_conf50,200k FC 50%,real,-1,10,4.0,798,4275,80,20274436,0.05121371150016785,0.28740307688713074,0.05024441331624985,0.2371586710214615,6.0486891015898436e-05,2.711463315463957,0.0033978237035889184,2.0,4.48,0.13317543268203735,0.606812059879303,0.08314905315637589,0.5236630439758301,0.001199026359245181,2.9774538252039755,0.003731145144365884,5.0,8.0,0.0819617211818695,0.31940898299217224,0.03290463984012604,0.2865043729543686,0.0011385394682292826,0.2659905097400186,0.00033332144077696585,2.6,8.233333333333333,5.633333333333333
brc_v3_200k_fibercount_conf50,200k FC 50%,real,-1,11,4.0,798,4275,80,20274437,0.13412116467952728,0.38085684180259705,0.10791067779064178,0.2729461193084717,5.234026684775017e-05,2.7462043193856513,0.0034413587962226207,2.0,4.48,0.10883291065692902,0.4069322347640991,0.08392994850873947,0.32300224900245667,6.107539957156405e-05,2.975401189180209,0.003728572918772192,5.0,8.0,-0.025288254022598267,0.026075392961502075,-0.023980729281902313,0.050056129693984985,8.735132723813877e-06,0.22919686979455767,0.00028721412254957123,2.6,8.233333333333333,5.633333333333333
brc_v3_200k_fibercount_conf50,200k FC 50%,degree_preserving,0,0,4.0,798,4275,80,20374426,0.10400787740945816,0.2599466145038605,0.08822331577539444,0.17172329127788544,8.688220987096429e-05,2.726128332086679,0.0034162009174018536,2.0,4.48,0.10352522134780884,0.32985350489616394,0.08676467090845108,0.24308887124061584,6.328576273517683e-05,2.982654334717079,0.0037376620735802995,5.0,8.0,-0.0004826560616493225,0.06990689039230347,-0.0014586448669433594,0.07136557996273041,-2.3596447135787457e-05,0.25652600263039993,0.0003214611561784459,2.6,8.233333333333333,5.633333333333333
brc_v3_200k_fibercount_conf50,200k FC 50%,degree_preserving,1,0,4.0,798,4275,80,20474426,0.1442825049161911,0.29913005232810974,0.12736012041568756,0.17176997661590576,0.0010908974800258875,2.7955287637976225,0.0035031688769393767,2.0,4.48,0.15805351734161377,0.5124254822731018,0.12007557600736618,0.39234983921051025,0.0002593566314317286,3.043500173424699,0.0038139099917602745,5.0,8.0,0.013771012425422668,0.21329542994499207,-0.007284544408321381,0.2205798625946045,-0.0008315408485941589,0.24797140962707642,0.0003107411148208978,2.6,8.233333333333333,5.633333333333333
brc_v3_200k_fibercount_conf50,200k FC 50%,degree_preserving,2,0,4.0,798,4275,80,20574426,0.05263666808605194,0.11310216039419174,0.04629116132855415,0.06681100279092789,0.00017732082051225007,2.815006324795103,0.0035275768481141646,2.0,4.48,0.09269754588603973,0.27919554710388184,0.07276617735624313,0.2064293771982193,6.224902608664706e-05,3.071058396397228,0.0038484441057609377,5.0,8.0,0.04006087779998779,0.1660933867096901,0.02647501602768898,0.1396183744072914,-0.000115071794425603,0.25605207160212506,0.00032086725764677313,2.6,8.233333333333333,5.633333333333333
brc_v3_200k_fibercount_conf50,200k FC 50%,degree_preserving,3,0,4.0,798,4275,80,20674426,0.051869478076696396,0.12937185168266296,0.045086733996868134,0.08428512513637543,1.8333290427108295e-05,2.8538953013177637,0.0035763099014007064,2.0,4.48,0.06653318554162979,0.22549878060817719,0.05243123322725296,0.17306755483150482,0.0006661126972176135,3.1472671205779097,0.003943943760122694,5.0,8.0,0.014663707464933395,0.09612692892551422,0.007344499230384827,0.0887824296951294,0.0006477794067905052,0.293371819260146,0.00036763385872198764,2.6,8.233333333333333,5.633333333333333
brc_v3_200k_fibercount_conf50,200k FC 50%,degree_preserving,4,0,4.0,798,4275,80,20774426,0.0838647410273552,0.21207258105278015,0.0701393336057663,0.14193324744701385,8.698458259459585e-05,2.817805671808665,0.0035310848017652443,2.0,4.48,0.053227975964546204,0.1902424842119217,0.039073094725608826,0.15116940438747406,3.5802917409455404e-05,3.091574581715089,0.0038741536111717907,5.0,8.0,-0.03063676506280899,-0.02183009684085846,-0.03106623888015747,0.009236156940460205,-5.1181665185140446e-05,0.273768909906424,0.0003430688094065463,2.6,8.233333333333333,5.633333333333333
brc_v3_200k_fibercount_conf50,200k FC 50%,degree_preserving,5,0,4.0,798,4275,80,20874426,0.05295094847679138,0.0945403128862381,0.05202551931142807,0.04251480475068092,0.0004918376798741519,2.7435379637331705,0.0034380174984124942,2.0,4.48,0.05314451828598976,0.06901691854000092,0.05784214660525322,0.011174768209457397,9.785696602193639e-05,2.9914299489573977,0.0037486590839065134,5.0,8.0,0.00019356980919837952,-0.025523394346237183,0.0058166272938251495,-0.031340036541223526,-0.00039398071385221556,0.24789198522422717,0.0003106415854940191,2.6,8.233333333333333,5.633333333333333
brc_v3_200k_fibercount_conf50,200k FC 50%,degree_preserving,6,0,4.0,798,4275,80,20974426,0.037074461579322815,0.09923852235078812,0.03437323495745659,0.06486529856920242,0.0002461325784679502,2.722423497900623,0.0034115582680458935,2.0,4.48,0.04002534970641136,0.17935819923877716,0.02992198057472706,0.14943620562553406,0.0006487880018539727,3.0240604742956543,0.0037895494665359077,5.0,8.0,0.0029508881270885468,0.08011967688798904,-0.00445125438272953,0.08457090705633163,0.00040265542338602245,0.3016369763950313,0.0003779911984900142,2.6,8.233333333333333,5.633333333333333
brc_v3_200k_fibercount_conf50,200k FC 50%,degree_preserving,7,0,4.0,798,4275,80,21074426,0.03723634034395218,0.09407326579093933,0.03175323083996773,0.062320031225681305,2.266356568725314e-05,2.7087331839642514,0.003394402486170741,2.0,4.48,0.05970802530646324,0.24707229435443878,0.0402010940015316,0.20687121152877808,0.00021850760094821453,2.9999340914192785,0.0037593159040341835,5.0,8.0,0.022471684962511063,0.15299902856349945,0.008447863161563873,0.14455118030309677,0.0001958440352609614,0.291200907455027,0.00036491341786344233,2.6,8.233333333333333,5.633333333333333
brc_v3_200k_fibercount_conf50,200k FC 50%,degree_preserving,8,0,4.0,798,4275,80,21174426,0.08559243381023407,0.20052757859230042,0.07335905730724335,0.12716852128505707,0.00011703055497491732,2.74221339066703,0.003436357632414824,2.0,4.48,0.0463634729385376,0.3692564368247986,0.030828136950731277,0.3384282886981964,0.0007568689179606736,3.0230157256668693,0.0037882402577279063,5.0,8.0,-0.03922896087169647,0.16872885823249817,-0.04253092035651207,0.21125976741313934,0.0006398383629857562,0.2808023349998394,0.0003518826253130821,2.6,8.233333333333333,5.633333333333333
brc_v3_200k_fibercount_conf50,200k FC 50%,degree_preserving,9,0,4.0,798,4275,80,21274426,0.038966789841651917,0.07532738894224167,0.0376642607152462,0.03766312822699547,0.0003588723193388432,2.7918780683208646,0.0034985940705775246,2.0,4.48,0.061110347509384155,0.22482934594154358,0.052765991538763046,0.17206336557865143,0.00045321110519580543,3.0712803388065577,0.0038487222290808994,5.0,8.0,0.02214355766773224,0.1495019569993019,0.015101730823516846,0.13440023735165596,9.43387858569622e-05,0.2794022704856931,0.0003501281585033748,2.6,8.233333333333333,5.633333333333333
brc_v3_200k_fibercount_conf50,200k FC 50%,degree_preserving,10,0,4.0,798,4275,80,21374426,0.10685709118843079,0.3139326870441437,0.08489896357059479,0.22903373837471008,0.00020273910195101053,2.737460557865069,0.0034304017015852994,2.0,4.48,0.07175233215093613,0.3181290924549103,0.04451463371515274,0.2736144959926605,8.705315121915191e-05,3.0324048854871335,0.0038000061221643276,5.0,8.0,-0.03510475903749466,0.0041964054107666016,-0.04038432985544205,0.04458075761795044,-0.00011568595073185861,0.2949443276220647,0.00036960442057902814,2.6,8.233333333333333,5.633333333333333
brc_v3_200k_fibercount_conf50,200k FC 50%,degree_preserving,11,0,4.0,798,4275,80,21474426,0.07106176018714905,0.18699339032173157,0.06076529622077942,0.12622809410095215,2.7100495572085492e-05,2.691701751405946,0.003373059838854569,2.0,4.48,0.05983223393559456,0.257470965385437,0.03866102173924446,0.21880996227264404,2.4958741050795652e-05,2.8890681291163434,0.00362038612671221,5.0,8.0,-0.01122952625155449,0.07047757506370544,-0.022104274481534958,0.0925818681716919,-2.1417545212898403e-06,0.19736637771039733,0.0002473262878576409,2.6,8.233333333333333,5.633333333333333
brc_v3_200k_fibercount_conf50,200k FC 50%,degree_strength_preserving,0,0,4.0,798,4275,80,20374426,0.15245655179023743,0.292527437210083,0.14011554419994354,0.15241184830665588,0.0004993650363758206,2.674758664618862,0.00335182790052489,2.0,4.48,0.11956306546926498,0.3914792537689209,0.09003790467977524,0.30144134163856506,0.0004760111914947629,2.944689378808912,0.0036900869408632983,5.0,8.0,-0.03289348632097244,0.09895181655883789,-0.050077639520168304,0.14902949333190918,-2.335384488105774e-05,0.2699307141900502,0.00033825904033840844,2.6,8.233333333333333,5.633333333333333
brc_v3_200k_fibercount_conf50,200k FC 50%,degree_strength_preserving,1,0,4.0,798,4275,80,20474426,0.1385551542043686,0.2435513138771057,0.12695571780204773,0.11659559607505798,0.0018145972862839699,2.7977466296868077,0.003505948157502265,2.0,4.48,0.15622246265411377,0.5356394052505493,0.11463220417499542,0.4210071861743927,0.0007206571754068136,3.0285724127802824,0.0037952035247873213,5.0,8.0,0.017667308449745178,0.2920880913734436,-0.012323513627052307,0.3044115900993347,-0.0010939401108771563,0.2308257830934748,0.0002892553672850561,2.6,8.233333333333333,5.633333333333333
brc_v3_200k_fibercount_conf50,200k FC 50%,degree_strength_preserving,2,0,4.0,798,4275,80,20574426,0.07150007784366608,0.10973554104566574,0.0712396577000618,0.038495879620313644,8.181032171705738e-05,2.7853198496866645,0.0034903757514870484,2.0,4.48,0.0959097370505333,0.3373148441314697,0.08384313434362411,0.2534717619419098,0.0001271976943826303,3.0576330170825132,0.0038316203221585377,5.0,8.0,0.024409659206867218,0.22757930308580399,0.012603476643562317,0.21497588232159615,4.538737266557291e-05,0.27231316739584877,0.0003412445706714893,2.6,8.233333333333333,5.633333333333333
brc_v3_200k_fibercount_conf50,200k FC 50%,degree_strength_preserving,3,0,4.0,798,4275,80,20674426,0.1077650934457779,0.1697397530078888,0.10114353895187378,0.06859622895717621,3.30022448906675e-05,2.868853746349231,0.0035950548199865048,2.0,4.48,0.09237568080425262,0.3794024586677551,0.06492986530065536,0.31447264552116394,0.00054232741240412,3.1414487940734963,0.003936652624152251,5.0,8.0,-0.015389412641525269,0.20966270565986633,-0.036213673651218414,0.24587641656398773,0.0005093251675134525,0.27259504772426535,0.0003415978041657465,2.6,8.233333333333333,5.633333333333333
brc_v3_200k_fibercount_conf50,200k FC 50%,degree_strength_preserving,4,0,4.0,798,4275,80,20774426,0.15564683079719543,0.3296579122543335,0.1364258974790573,0.1932319551706314,0.0003981610352639109,2.82338435951926,0.0035380756384953134,2.0,4.48,0.08427955955266953,0.2839191257953644,0.06331250071525574,0.22060662508010864,0.0003292878100182861,3.119624256534339,0.003909303579616967,5.0,8.0,-0.07136727124452591,-0.045738786458969116,-0.07311339676380157,0.027374669909477234,-6.887322524562478e-05,0.296239897015079,0.0003712279411216533,2.6,8.233333333333333,5.633333333333333
brc_v3_200k_fibercount_conf50,200k FC 50%,degree_strength_preserving,5,0,4.0,798,4275,80,20874426,0.044829387217760086,0.0533297061920166,0.04566840082406998,0.0076613095588982105,0.00013391701213549823,2.7703206467959935,0.003471579757889716,2.0,4.48,0.01058872789144516,0.2954050898551941,0.031488172709941864,0.263916939496994,1.4286936675489414e-05,3.026832104756829,0.0037930226876651996,5.0,8.0,-0.034240659326314926,0.2420753836631775,-0.014180228114128113,0.2562556299380958,-0.00011963007546000881,0.25651145796083563,0.0003214429297754835,2.6,8.233333333333333,5.633333333333333
brc_v3_200k_fibercount_conf50,200k FC 50%,degree_strength_preserving,6,0,4.0,798,4275,80,20974426,0.0942460373044014,0.274441659450531,0.07479878515005112,0.1996428519487381,0.0004940015496686101,2.754598842227176,0.0034518782484049826,2.0,4.48,0.06636922061443329,0.251457154750824,0.04644784703850746,0.205009326338768,9.355315705761313e-05,3.0047332174141834,0.0037653298463836884,5.0,8.0,-0.02787681668996811,-0.02298450469970703,-0.028350938111543655,0.005366474390029907,-0.00040044839261099696,0.2501343751870073,0.0003134515979787058,2.6,8.233333333333333,5.633333333333333
brc_v3_200k_fibercount_conf50,200k FC 50%,degree_strength_preserving,7,0,4.0,798,4275,80,21074426,0.0994315817952156,0.10736831277608871,0.09971558302640915,0.0076527358032763,6.092098828958115e-06,2.746011700426567,0.003441117419080911,2.0,4.48,0.059041887521743774,0.17929990589618683,0.05503722280263901,0.12426271289587021,0.00012702109233941883,3.0129517945518027,0.003775628815227823,5.0,8.0,-0.04038969427347183,0.07193159312009811,-0.04467836022377014,0.11660997709259391,0.00012092899351046071,0.26694009412523556,0.0003345113961469117,2.6,8.233333333333333,5.633333333333333
brc_v3_200k_fibercount_conf50,200k FC 50%,degree_strength_preserving,8,0,4.0,798,4275,80,21174426,0.20912696421146393,0.572778046131134,0.16865991055965424,0.4041181802749634,0.00041358600719831884,2.759693446405755,0.003458262464167613,2.0,4.48,0.2114364504814148,0.7504286170005798,0.15150682628154755,0.5989216566085815,0.0002712102432269603,2.935117078629249,0.0036780915772296353,5.0,8.0,0.0023094862699508667,0.1776505708694458,-0.01715308427810669,0.19480347633361816,-0.00014237576397135854,0.17542363222349389,0.00021982911306202236,2.6,8.233333333333333,5.633333333333333
brc_v3_200k_fibercount_conf50,200k FC 50%,degree_strength_preserving,9,0,4.0,798,4275,80,21274426,0.11714781820774078,0.3212618827819824,0.10132868587970734,0.21993319690227509,0.0005172778037376702,2.822451250429863,0.0035369063288594777,2.0,4.48,0.1834801435470581,0.5512769222259521,0.1433139592409134,0.40796297788619995,0.00030489268829114735,3.02246028754127,0.003787544219976529,5.0,8.0,0.06633232533931732,0.23001503944396973,0.041985273361206055,0.18802978098392487,-0.00021238511544652283,0.20000903711140694,0.0002506378911170514,2.6,8.233333333333333,5.633333333333333
brc_v3_200k_fibercount_conf50,200k FC 50%,degree_strength_preserving,10,0,4.0,798,4275,80,21374426,0.1371196061372757,0.3658302426338196,0.11174814403057098,0.2540821433067322,3.3948956115636975e-05,2.7430590496763494,0.0034374173554841472,2.0,4.48,0.15553434193134308,0.5331393480300903,0.11393235623836517,0.4192069470882416,0.0001267792540602386,3.003926291860179,0.003764318661478921,5.0,8.0,0.018414735794067383,0.16730910539627075,0.0021842122077941895,0.1651248037815094,9.283029794460163e-05,0.2608672421838296,0.0003269013059947739,2.6,8.233333333333333,5.633333333333333
brc_v3_200k_fibercount_conf50,200k FC 50%,degree_strength_preserving,11,0,4.0,798,4275,80,21474426,0.05378596484661102,0.13731886446475983,0.04591592028737068,0.09140293300151825,0.0005264054634608328,2.7014762719650305,0.0033853086114850007,2.0,4.48,0.10756448656320572,0.4528711140155792,0.07414407283067703,0.3787270486354828,0.0001007783503155224,2.8650769116583703,0.003590321944434048,5.0,8.0,0.053778521716594696,0.3155522495508194,0.02822815254330635,0.28732411563396454,-0.00042562711314531043,0.16360063969333982,0.00020501333294904722,2.6,8.233333333333333,5.633333333333333
brc_v3_20k_electrical_conf50,20k EC 50%,real,-1,0,1.6,467,980,47,20282026,0.05270450934767723,0.29042863845825195,0.034632448107004166,0.2557962238788605,0.00021661554637830704,2.871864961437166,0.00614960377181406,2.0,4.48,0.07505039870738983,0.23944778740406036,0.06320703029632568,0.17624077200889587,0.0001640281407162547,3.1844982483500406,0.00681905406498938,5.0,8.0,0.0223458893597126,-0.05098085105419159,0.028574582189321518,-0.0795554518699646,-5.258740566205233e-05,0.31263328691287473,0.0006694502931753202,2.599999999999999,8.233333333333329,5.633333333333329
brc_v3_20k_electrical_conf50,20k EC 50%,real,-1,1,1.6,467,980,47,20282027,0.09396186470985413,0.2664605677127838,0.07624614983797073,0.19021441042423248,0.00013592564209830016,2.787519480802283,0.0059689924642447175,2.0,4.48,0.05297105014324188,0.06638409197330475,0.058846741914749146,0.007537358906120062,7.153322076192126e-05,3.110951787535887,0.006661566996864854,5.0,8.0,-0.040990814566612244,-0.20007647573947906,-0.017399407923221588,-0.18267705151811242,-6.43924213363789e-05,0.32343230673360424,0.0006925745326201369,2.599999999999999,8.233333333333329,5.633333333333329
brc_v3_20k_electrical_conf50,20k EC 50%,real,-1,2,1.6,467,980,47,20282028,0.04140673950314522,0.07991223782300949,0.04275006055831909,0.03716219589114189,0.00043612445006147027,2.839500998329134,0.00608030192361699,2.0,4.48,0.060399845242500305,0.286308228969574,0.05248137190937996,0.23382683098316193,6.64635153952986e-05,3.1059930944583223,0.0066509488104032595,5.0,8.0,0.018993105739355087,0.20639599114656448,0.009731311351060867,0.19666463509202003,-0.00036966093466617167,0.2664920961291881,0.0005706468867862696,2.599999999999999,8.233333333333329,5.633333333333329
brc_v3_20k_electrical_conf50,20k EC 50%,real,-1,3,1.6,467,980,47,20282029,0.02852776274085045,0.08582927286624908,0.04013033211231232,0.04569892957806587,4.570591408992186e-05,2.814346180826742,0.006026437218044416,2.0,4.48,0.02944917418062687,0.23155955970287323,0.029391316697001457,0.20216824114322662,0.00016782665625214577,3.0722674918286508,0.006578731245885762,5.0,8.0,0.0009214114397764206,0.14573028683662415,-0.01073901541531086,0.15646931156516075,0.0001221207421622239,0.25792131100190874,0.0005522940278413465,2.599999999999999,8.233333333333329,5.633333333333329
brc_v3_20k_electrical_conf50,20k EC 50%,real,-1,4,1.6,467,980,47,20282030,0.04128129035234451,0.1730646938085556,0.05527979135513306,0.11778488755226135,0.0003931991523131728,2.783657969828469,0.005960723704129484,2.0,4.48,0.03191670775413513,0.1998184770345688,0.046150289475917816,0.15366819500923157,0.00023626943584531546,3.1111761407073506,0.006662047410508245,5.0,8.0,-0.009364582598209381,0.026753783226013184,-0.00912950187921524,0.035883307456970215,-0.00015692971646785736,0.3275181708788817,0.0007013237063787613,2.599999999999999,8.233333333333329,5.633333333333329
brc_v3_20k_electrical_conf50,20k EC 50%,real,-1,5,1.6,467,980,47,20282031,0.05515703186392784,0.3845081329345703,0.025184178724884987,0.35932397842407227,0.00022208949667401612,2.8000335981612765,0.005995789289424575,2.0,4.48,0.0390467494726181,0.2625563144683838,0.03450428321957588,0.2280520349740982,0.00015415577217936516,3.044961613692067,0.006520260414758174,5.0,8.0,-0.016110282391309738,-0.12195181846618652,0.009320104494690895,-0.13127194344997406,-6.793372449465096e-05,0.2449280155307907,0.0005244711253335988,2.599999999999999,8.233333333333329,5.633333333333329
brc_v3_20k_electrical_conf50,20k EC 50%,real,-1,6,1.6,467,980,47,20282032,0.11562894284725189,0.42030054330825806,0.0835476890206337,0.3367527723312378,9.853947267401963e-05,2.7824511557801115,0.005958139519871759,2.0,4.48,0.09687241166830063,0.3223267197608948,0.08107054233551025,0.24125619232654572,3.1082465284271166e-05,3.057427407663064,0.006546953763732471,5.0,8.0,-0.018756531178951263,-0.09797382354736328,-0.0024771466851234436,-0.09549658000469208,-6.745700738974847e-05,0.2749762518829524,0.000588814243860712,2.599999999999999,8.233333333333329,5.633333333333329
brc_v3_20k_electrical_conf50,20k EC 50%,real,-1,7,1.6,467,980,47,20282033,0.06306083500385284,0.10320420563220978,0.07376976311206818,0.029434438794851303,0.00013283501903060824,2.788049222118433,0.005970126813958101,2.0,4.48,0.03142416849732399,0.11042037606239319,0.04206292703747749,0.0683574378490448,0.00013106921687722206,3.042515838050661,0.006515023207817262,5.0,8.0,-0.031636666506528854,0.007216170430183411,-0.03170683607459068,0.0389229990541935,-1.7658021533861756e-06,0.2544666159322282,0.000544896393859161,2.599999999999999,8.233333333333329,5.633333333333329
brc_v3_20k_electrical_conf50,20k EC 50%,real,-1,8,1.6,467,980,47,20282034,0.04328485205769539,0.24402779340744019,0.04763934388756752,0.19638842344284058,0.0008771264692768455,2.777506368024209,0.005947551109259548,2.0,4.48,0.046050816774368286,0.13085898756980896,0.046246957033872604,0.08461203426122665,0.0002342378575121984,3.017728984488712,0.006461946433594672,5.0,8.0,0.0027659647166728973,-0.11316880583763123,-0.0013923868536949158,-0.11177638918161392,-0.0006428886117646471,0.24022261646450271,0.0005143953243351238,2.599999999999999,8.233333333333329,5.633333333333329
brc_v3_20k_electrical_conf50,20k EC 50%,real,-1,9,1.6,467,980,47,20282035,0.04250306263566017,0.251343309879303,0.03368670865893364,0.21765658259391785,0.00046859035501256585,2.835573587941388,0.0060718920512663555,2.0,4.48,0.07334550470113754,0.28759899735450745,0.050316985696554184,0.23728199303150177,1.5626348613295704e-05,3.0732322210826744,0.00658079704728624,5.0,8.0,0.03084244206547737,0.03625568747520447,0.016630277037620544,0.019625410437583923,-0.00045296400639927015,0.2376586331412862,0.0005089049960198848,2.599999999999999,8.233333333333329,5.633333333333329
brc_v3_20k_electrical_conf50,20k EC 50%,real,-1,10,1.6,467,980,47,20282036,0.011387336999177933,0.14469501376152039,0.02426815778017044,0.12042684108018875,6.505849160021171e-05,2.7649121817546076,0.005920582830309652,2.0,4.48,0.08059601485729218,0.14267756044864655,0.07600391656160355,0.0666736364364624,0.0013189795427024364,3.0017549420040557,0.006427740775169284,5.0,8.0,0.06920867785811424,-0.0020174533128738403,0.051735758781433105,-0.05375320464372635,0.0012539210511022247,0.23684276024944806,0.0005071579448596318,2.599999999999999,8.233333333333329,5.633333333333329
brc_v3_20k_electrical_conf50,20k EC 50%,real,-1,11,1.6,467,980,47,20282037,0.0805303156375885,0.23401980102062225,0.06423087418079376,0.16978894174098969,0.0005059766699559987,2.830791679882055,0.006061652419447655,2.0,4.48,0.06598538905382156,0.1707763373851776,0.06330566853284836,0.10747066140174866,0.0001717238046694547,3.0949742552307944,0.006627353865590566,5.0,8.0,-0.014544926583766937,-0.06324346363544464,-0.000925205647945404,-0.06231828033924103,-0.00033425286528654397,0.26418257534873923,0.0005657014461429109,2.599999999999999,8.233333333333329,5.633333333333329
brc_v3_20k_electrical_conf50,20k EC 50%,degree_preserving,0,0,1.6,467,980,47,20382026,0.035787101835012436,0.1777053028345108,0.04067515209317207,0.13703016936779022,5.0694288802333176e-05,2.7997172231283907,0.005995111826827389,2.0,4.48,0.06021271273493767,0.17786605656147003,0.07515109330415726,0.10271496325731277,2.641420542204287e-05,3.049503223716987,0.006529985489758002,5.0,8.0,0.024425610899925232,0.00016075372695922852,0.034475941210985184,-0.03431520611047745,-2.4280083380290307e-05,0.24978600058859612,0.0005348736629306131,2.599999999999999,8.233333333333329,5.633333333333329
brc_v3_20k_electrical_conf50,20k EC 50%,degree_preserving,1,0,1.6,467,980,47,20482026,0.08363349735736847,0.07331383228302002,0.08961067348718643,-0.01629684306681156,0.00012992703705094755,2.7346168110344142,0.005855710516133649,2.0,4.48,0.0706721693277359,0.28602150082588196,0.052553579211235046,0.23346790671348572,0.0010648109018802643,2.9868248585673958,0.006395770575090783,5.0,8.0,-0.012961328029632568,0.21270766854286194,-0.037057094275951385,0.24976474978029728,0.0009348838648293167,0.25220804753298154,0.0005400600589571345,2.599999999999999,8.233333333333329,5.633333333333329
brc_v3_20k_electrical_conf50,20k EC 50%,degree_preserving,2,0,1.6,467,980,47,20582026,0.04793979600071907,0.17249254882335663,0.03425469994544983,0.1382378339767456,0.00016926348325796425,2.770372908487925,0.005932276035306049,2.0,4.48,0.05870413780212402,0.09215450286865234,0.05766017362475395,0.03449432551860809,2.8741096684825607e-05,3.073438789510236,0.006581239377966244,5.0,8.0,0.010764341801404953,-0.08033804595470428,0.023405473679304123,-0.10374350845813751,-0.00014052238657313865,0.30306588102231125,0.0006489633426601952,2.599999999999999,8.233333333333329,5.633333333333329
brc_v3_20k_electrical_conf50,20k EC 50%,degree_preserving,3,0,1.6,467,980,47,20682026,0.03627820685505867,0.07907877117395401,0.03885708376765251,0.0402216911315918,0.0003642613592091948,2.8461829791175566,0.006094610233656438,2.0,4.48,0.026944207027554512,0.13809563219547272,0.02541886270046234,0.11267678439617157,0.00026615033857524395,3.122913751836966,0.006687181481449606,5.0,8.0,-0.009333999827504158,0.05901686102151871,-0.01343822106719017,0.07245509326457977,-9.811102063395083e-05,0.2767307727194095,0.000592571247793168,2.599999999999999,8.233333333333329,5.633333333333329
brc_v3_20k_electrical_conf50,20k EC 50%,degree_preserving,4,0,1.6,467,980,47,20782026,0.022255420684814453,0.13363103568553925,0.028625333681702614,0.10500568151473999,0.00015191323473118246,2.7630822305021736,0.005916664305143841,2.0,4.48,0.05535999685525894,0.1540260910987854,0.049230631440877914,0.10479546338319778,0.0003714245976880193,3.0988044461541215,0.006635555559216535,5.0,8.0,0.03310457617044449,0.020395055413246155,0.0206052977591753,-0.0002102181315422058,0.00021951136295683682,0.33572221565194793,0.0007188912540726936,2.599999999999999,8.233333333333329,5.633333333333329
brc_v3_20k_electrical_conf50,20k EC 50%,degree_preserving,5,0,1.6,467,980,47,20882026,0.05798572674393654,0.13573753833770752,0.0780586525797844,0.05767887458205223,0.0008192140958271921,2.8292679456199794,0.006058389605181969,2.0,4.48,0.04376722499728203,0.18949727714061737,0.035512398928403854,0.1539849042892456,7.271848880918697e-05,3.116613381606395,0.006673690324638962,5.0,8.0,-0.01421850174665451,0.05375973880290985,-0.04254625365138054,0.09630602970719337,-0.0007464956070180051,0.2873454359864156,0.0006153007194569932,2.599999999999999,8.233333333333329,5.633333333333329
brc_v3_20k_electrical_conf50,20k EC 50%,degree_preserving,6,0,1.6,467,980,47,20982026,0.05300263687968254,0.13047803938388824,0.04853685572743416,0.08194119483232498,8.561942377127707e-05,2.752646347977242,0.005894317661621504,2.0,4.48,0.035323675721883774,0.10649692267179489,0.030020255595445633,0.07647666335105896,2.0660112568293698e-05,3.0361282442769593,0.006501345276824324,5.0,8.0,-0.017678961157798767,-0.023981116712093353,-0.018516600131988525,-0.005464531481266022,-6.495931120298337e-05,0.2834818962997172,0.0006070276152028205,2.599999999999999,8.233333333333329,5.633333333333329
brc_v3_20k_electrical_conf50,20k EC 50%,degree_preserving,7,0,1.6,467,980,47,21082026,0.0656457170844078,0.13818475604057312,0.05825885757803917,0.07992590963840485,6.935428245924413e-05,2.838243511075923,0.0060776092314259594,2.0,4.48,0.024419981986284256,0.2102591097354889,0.024057306349277496,0.1862017810344696,8.412034367211163e-05,3.1897261592835036,0.006830248735082449,5.0,8.0,-0.04122573509812355,0.07207435369491577,-0.03420155122876167,0.10627587139606476,1.4766061212867498e-05,0.35148264820758035,0.0007526395036564892,2.599999999999999,8.233333333333329,5.633333333333329
brc_v3_20k_electrical_conf50,20k EC 50%,degree_preserving,8,0,1.6,467,980,47,21182026,0.041253309696912766,0.06065751612186432,0.040479596704244614,0.020177921280264854,9.449440767639317e-06,2.8359119593684134,0.0060726166153499215,2.0,4.48,0.03528719022870064,0.1094440147280693,0.03491009399294853,0.07453391700983047,8.057647937675938e-05,3.1165672578795744,0.006673591558628639,5.0,8.0,-0.005966119468212128,0.04878649860620499,-0.0055695027112960815,0.05435599572956562,7.112703860912006e-05,0.280655298511161,0.0006009749432787179,2.599999999999999,8.233333333333329,5.633333333333329
brc_v3_20k_electrical_conf50,20k EC 50%,degree_preserving,9,0,1.6,467,980,47,21282026,0.08478517830371857,0.10640960931777954,0.08636393398046494,0.020045679062604904,0.00033547839848324656,2.8012320296081143,0.005998355523786112,2.0,4.48,0.0648518055677414,0.05671871453523636,0.07332248985767365,-0.016603773459792137,0.0005439314991235733,3.1389373915175653,0.006721493343720696,5.0,8.0,-0.019933372735977173,-0.04969089478254318,-0.01304144412279129,-0.03664945252239704,0.00020845310064032674,0.337705361909451,0.0007231378199345842,2.599999999999999,8.233333333333329,5.633333333333329
brc_v3_20k_electrical_conf50,20k EC 50%,degree_preserving,10,0,1.6,467,980,47,21382026,0.1004922091960907,0.16984425485134125,0.0952518880367279,0.07459237426519394,0.00015034640091471374,2.7338375519709706,0.005854041867175526,2.0,4.48,0.08860772848129272,0.1922849416732788,0.08284777402877808,0.10943717509508133,0.00013236847007647157,2.979279031735869,0.006379612487657107,5.0,8.0,-0.011884480714797974,0.02244068682193756,-0.012404114007949829,0.03484480082988739,-1.7977930838242173e-05,0.2454414797648985,0.0005255706204815814,2.599999999999999,8.233333333333329,5.633333333333329
brc_v3_20k_electrical_conf50,20k EC 50%,degree_preserving,11,0,1.6,467,980,47,21482026,0.032948363572359085,0.11576567590236664,0.024957187473773956,0.09080851078033447,0.00026380640338175,2.8016064665672933,0.0059991573159899215,2.0,4.48,0.034481119364500046,0.08521516621112823,0.0334772951900959,0.051737863570451736,0.00016839632007759064,3.061522887528721,0.00655572352789876,5.0,8.0,0.0015327557921409607,-0.030550509691238403,0.008520107716321945,-0.039070647209882736,-9.541008330415934e-05,0.25991642096142753,0.0005565662119088382,2.599999999999999,8.233333333333329,5.633333333333329
brc_v3_20k_electrical_conf50,20k EC 50%,degree_strength_preserving,0,0,1.6,467,980,47,20382026,0.036697547882795334,0.2049829661846161,0.04281843081116676,0.16216450929641724,0.00019222668197471648,2.780935050602431,0.005954893041975227,2.0,4.48,0.060861293226480484,0.1713988333940506,0.05993545055389404,0.11146339774131775,4.324064138927497e-05,3.0524559163910725,0.006536308172143624,5.0,8.0,0.02416374534368515,-0.03358413279056549,0.01711701974272728,-0.05070111155509949,-0.00014898604058544151,0.27152086578864143,0.000581415130168397,2.599999999999999,8.233333333333329,5.633333333333329
brc_v3_20k_electrical_conf50,20k EC 50%,degree_strength_preserving,1,0,1.6,467,980,47,20482026,0.07052972167730331,0.04972551390528679,0.07748899608850479,-0.0277634896337986,6.885667244205251e-05,2.7515987034258984,0.005892074311404493,2.0,4.48,0.05593978241086006,0.20094643533229828,0.048488423228263855,0.15245799720287323,0.00018792659102473408,3.007282892482058,0.006439577928227105,5.0,8.0,-0.014589939266443253,0.1512209214270115,-0.029000572860240936,0.18022148683667183,0.00011906991858268157,0.25568418905615964,0.0005475036168226116,2.599999999999999,8.233333333333329,5.633333333333329
brc_v3_20k_electrical_conf50,20k EC 50%,degree_strength_preserving,2,0,1.6,467,980,47,20582026,0.018127214163541794,0.0831715539097786,0.015869729220867157,0.06730182468891144,0.00018227628606837243,2.7792487234437413,0.005951282063048697,2.0,4.48,0.03000875562429428,0.12975448369979858,0.037608664482831955,0.09214583039283752,0.0001515046606073156,3.0525056903938546,0.0065364147545906946,5.0,8.0,0.011881541460752487,0.04658292979001999,0.021738935261964798,0.024844005703926086,-3.077162546105683e-05,0.27325696695011326,0.0005851326915419976,2.599999999999999,8.233333333333329,5.633333333333329
brc_v3_20k_electrical_conf50,20k EC 50%,degree_strength_preserving,3,0,1.6,467,980,47,20682026,0.030620645731687546,0.08485441654920578,0.03310255706310272,0.05175184831023216,0.00025553128216415644,2.8260133638275726,0.006051420479288164,2.0,4.48,0.034417856484651566,0.10188224166631699,0.03729850426316261,0.06458372622728348,0.0003549056709744036,3.1575111832101053,0.006761265916938127,5.0,8.0,0.0037972107529640198,0.017027825117111206,0.004195947200059891,0.012831877917051315,9.937438881024718e-05,0.33149781938253264,0.0007098454376499629,2.599999999999999,8.233333333333329,5.633333333333329
brc_v3_20k_electrical_conf50,20k EC 50%,degree_strength_preserving,4,0,1.6,467,980,47,20782026,0.02978498861193657,0.12091615051031113,0.031131519004702568,0.0897846445441246,0.00024024481535889208,2.749374488904113,0.005887311539409236,2.0,4.48,0.06558281183242798,0.23535344004631042,0.058569978922605515,0.17678344249725342,0.0005658922018483281,3.108074657796636,0.006655406119478878,5.0,8.0,0.03579782322049141,0.1144372895359993,0.027438459917902946,0.08699879795312881,0.00032564738648943603,0.3587001688925229,0.000768094580069642,2.599999999999999,8.233333333333329,5.633333333333329
brc_v3_20k_electrical_conf50,20k EC 50%,degree_strength_preserving,5,0,1.6,467,980,47,20882026,0.07964260131120682,0.21357348561286926,0.09028922021389008,0.12328427284955978,0.0004776174610015005,2.8385496629272704,0.006078264802842121,2.0,4.48,0.0325939767062664,0.37116774916648865,0.02118203043937683,0.34998568892478943,0.00012834738299716264,3.1153797002595742,0.006671048608692879,5.0,8.0,-0.047048624604940414,0.15759426355361938,-0.06910718977451324,0.22670141607522964,-0.00034927007800433785,0.2768300373323038,0.000592783805850758,2.599999999999999,8.233333333333329,5.633333333333329
brc_v3_20k_electrical_conf50,20k EC 50%,degree_strength_preserving,6,0,1.6,467,980,47,20982026,0.056902702897787094,0.10226203501224518,0.05335079878568649,0.048911236226558685,8.266892109531909e-05,2.7384424197291306,0.005863902397706918,2.0,4.48,0.03487248346209526,0.0871601402759552,0.03688576817512512,0.05027437582612038,1.1738397915905807e-05,3.027322919824123,0.006482490192342876,5.0,8.0,-0.022030219435691833,-0.015101894736289978,-0.01646503061056137,0.0013631395995616913,-7.093052317941329e-05,0.28888050009499233,0.000618587794635958,2.599999999999999,8.233333333333329,5.633333333333329
brc_v3_20k_electrical_conf50,20k EC 50%,degree_strength_preserving,7,0,1.6,467,980,47,21082026,0.04375395551323891,0.07143467664718628,0.04298971965909004,0.028444968163967133,7.801065657986328e-05,2.850733776689014,0.006104354982203456,2.0,4.48,0.04186474531888962,0.23694907128810883,0.03116903454065323,0.205780029296875,0.0001753127871779725,3.207561054183516,0.006868439088187401,5.0,8.0,-0.001889210194349289,0.16551439464092255,-0.011820685118436813,0.17733506113290787,9.730213059810922e-05,0.35682727749450205,0.0007640841059839447,2.599999999999999,8.233333333333329,5.633333333333329
brc_v3_20k_electrical_conf50,20k EC 50%,degree_strength_preserving,8,0,1.6,467,980,47,21182026,0.040417350828647614,0.10892457515001297,0.037911705672740936,0.07101286947727203,1.8189150068792515e-05,2.8401996187767047,0.006081797898879453,2.0,4.48,0.034963443875312805,0.11740231513977051,0.0442114919424057,0.07319082319736481,0.0002290502452524379,3.114291260674712,0.006668717902943709,5.0,8.0,-0.005453906953334808,0.008477739989757538,0.006299786269664764,0.0021779537200927734,0.00021086109518364538,0.2740916418980075,0.0005869200040642553,2.599999999999999,8.233333333333329,5.633333333333329
brc_v3_20k_electrical_conf50,20k EC 50%,degree_strength_preserving,9,0,1.6,467,980,47,21282026,0.07112128287553787,0.15425977110862732,0.06495014578104019,0.08930964022874832,0.0006304858834482729,2.8088310867759168,0.006014627594809243,2.0,4.48,0.0602712444961071,0.17885847389698029,0.054309625178575516,0.12454883754253387,0.0010345197515562177,3.1344228930525166,0.0067118263234529265,5.0,8.0,-0.010850038379430771,0.024598702788352966,-0.010640520602464676,0.03523919731378555,0.0004040338681079447,0.3255918062765999,0.0006971987286436832,2.599999999999999,8.233333333333329,5.633333333333329
brc_v3_20k_electrical_conf50,20k EC 50%,degree_strength_preserving,10,0,1.6,467,980,47,21382026,0.11712780594825745,0.3464891314506531,0.09255169332027435,0.2539374828338623,7.166263822000474e-05,2.7179681813838426,0.00582006034557568,2.0,4.48,0.09912346303462982,0.25384029746055603,0.08342441916465759,0.17041590809822083,0.00010743358143372461,2.9706406287876144,0.0063611148368043135,5.0,8.0,-0.018004342913627625,-0.09264883399009705,-0.00912727415561676,-0.08352157473564148,3.5770943213719875e-05,0.2526724474037718,0.0005410544912286333,2.599999999999999,8.233333333333329,5.633333333333329
brc_v3_20k_electrical_conf50,20k EC 50%,degree_strength_preserving,11,0,1.6,467,980,47,21482026,0.024400297552347183,0.08850480616092682,0.022270699962973595,0.06623411178588867,9.43197519518435e-05,2.805283972106424,0.0060070320601850625,2.0,4.48,0.03187211602926254,0.09025350958108902,0.029512938112020493,0.06074056401848793,8.041277760639787e-05,3.0637122116458344,0.006560411588106712,5.0,8.0,0.0074718184769153595,0.001748703420162201,0.007242238149046898,-0.005493547767400742,-1.3906974345445633e-05,0.2584282395394104,0.0005533795279216496,2.599999999999999,8.233333333333329,5.633333333333329
brc_v3_20k_electrical_conf50,20k EC 50%,real,-1,0,2.4,467,980,47,20282826,0.06809411942958832,0.17130720615386963,0.08625511080026627,0.08505208045244217,0.0006057510036043823,2.8055696527429377,0.006007643796023421,2.0,4.48,0.030519699677824974,0.1867632418870926,0.02825467474758625,0.1585085690021515,0.00015980568423401564,3.0625867431032985,0.00655800159122762,5.0,8.0,-0.037574419751763344,0.015456035733222961,-0.058000436052680016,0.07345648854970932,-0.00044594531937036663,0.2570170903603608,0.000550357795204199,2.5999999999999996,8.233333333333336,5.633333333333336
brc_v3_20k_electrical_conf50,20k EC 50%,real,-1,1,2.4,467,980,47,20282827,0.07806502282619476,0.3144071698188782,0.057026457041502,0.2573806941509247,3.536748408805579e-05,2.7888112603910598,0.005971758587561156,2.0,4.48,0.05628753826022148,0.06011320278048515,0.06400817632675171,-0.003894961904734373,0.00014400770305655897,2.972076399110851,0.006364189291457925,5.0,8.0,-0.021777484565973282,-0.254293967038393,0.00698171928524971,-0.26127565605565906,0.00010864021896850318,0.18326513871979122,0.00039243070389676903,2.5999999999999996,8.233333333333336,5.633333333333336
brc_v3_20k_electrical_conf50,20k EC 50%,real,-1,2,2.4,467,980,47,20282828,0.08845628052949905,0.12908965349197388,0.10628699511289597,0.022802654653787613,0.00011447202268755063,2.7770603730638537,0.005946596087931164,2.0,4.48,0.023729130625724792,0.2862962782382965,0.04184938967227936,0.24444693326950073,0.00015436021203640848,3.054483140512235,0.006540649123152538,5.0,8.0,-0.06472714990377426,0.15720662474632263,-0.06443760544061661,0.22164427861571312,3.988818934885785e-05,0.27742276744838135,0.0005940530352213733,2.5999999999999996,8.233333333333336,5.633333333333336
brc_v3_20k_electrical_conf50,20k EC 50%,real,-1,3,2.4,467,980,47,20282829,0.07354633510112762,0.09542614221572876,0.07960546761751175,0.01582067646086216,0.00020026879792567343,2.7827099946289766,0.005958693778648772,2.0,4.48,0.03715850040316582,0.2803628444671631,0.02447051741182804,0.2558923661708832,0.00017048172594513744,3.0628640631649384,0.006558595424336056,5.0,8.0,-0.03638783469796181,0.18493670225143433,-0.05513495020568371,0.24007168971002102,-2.9787071980535984e-05,0.2801540685359618,0.0005999016456872839,2.5999999999999996,8.233333333333336,5.633333333333336
brc_v3_20k_electrical_conf50,20k EC 50%,real,-1,4,2.4,467,980,47,20282830,0.048473842442035675,0.04708543419837952,0.049402251839637756,-0.0023168197367340326,0.0003406651085242629,2.779762405956325,0.005952382025602409,2.0,4.48,0.07668544352054596,0.22423212230205536,0.06391099840402603,0.16032111644744873,0.00020008104911539704,3.0232838157703568,0.006473841147259864,5.0,8.0,0.028211601078510284,0.17714668810367584,0.014508746564388275,0.16263793618418276,-0.00014058405940886587,0.24352140981403192,0.0005214591216574551,2.5999999999999996,8.233333333333336,5.633333333333336
brc_v3_20k_electrical_conf50,20k EC 50%,real,-1,5,2.4,467,980,47,20282831,0.014314006082713604,0.06471890211105347,0.014159897342324257,0.05055902153253555,3.796556484303437e-05,2.8297187318422967,0.006059354886171942,2.0,4.48,0.0671967938542366,0.304108589887619,0.05766221135854721,0.2464463859796524,0.00011474642815301195,3.0586814703413436,0.006549639122786603,5.0,8.0,0.052882787771523,0.23938968777656555,0.043502314016222954,0.19588736444711685,7.678086330997758e-05,0.22896273849904691,0.0004902842366146616,2.5999999999999996,8.233333333333336,5.633333333333336
brc_v3_20k_electrical_conf50,20k EC 50%,real,-1,6,2.4,467,980,47,20282832,0.018157824873924255,0.17132598161697388,0.02235667034983635,0.14896932244300842,0.000200208873138763,2.7815698978433603,0.005956252457908694,2.0,4.48,0.06814732402563095,0.2461913824081421,0.051375459879636765,0.19481590390205383,3.0226934541133232e-05,3.066402663368524,0.006566172726699195,5.0,8.0,0.049989499151706696,0.07486540079116821,0.029018789529800415,0.04584658145904541,-0.00016998193859762978,0.2848327655251639,0.000609920268790501,2.5999999999999996,8.233333333333336,5.633333333333336
brc_v3_20k_electrical_conf50,20k EC 50%,real,-1,7,2.4,467,980,47,20282833,0.016187364235520363,0.0981094241142273,0.021394219249486923,0.07671520113945007,0.00011628695938270539,2.7618939147258432,0.0059141197317469875,2.0,4.48,0.04125701263546944,0.14986637234687805,0.04208190739154816,0.1077844575047493,0.001212319009937346,3.024356062027413,0.006476137177788893,5.0,8.0,0.025069648399949074,0.05175694823265076,0.020687688142061234,0.031069256365299225,0.0010960320505546406,0.2624621473015698,0.0005620174460419054,2.5999999999999996,8.233333333333336,5.633333333333336
brc_v3_20k_electrical_conf50,20k EC 50%,real,-1,8,2.4,467,980,47,20282834,0.048518117517232895,0.21850571036338806,0.03845086321234703,0.18005482852458954,0.00018311089661438018,2.773081848967305,0.005938076764383951,2.0,4.48,0.04622006043791771,0.10975320637226105,0.05021451786160469,0.059538692235946655,3.354074578965083e-05,3.038076881794386,0.00650551794816785,5.0,8.0,-0.0022980570793151855,-0.10875250399112701,0.01176365464925766,-0.12051613628864288,-0.00014957015082472935,0.26499503282708137,0.0005674411837838997,2.5999999999999996,8.233333333333336,5.633333333333336
brc_v3_20k_electrical_conf50,20k EC 50%,real,-1,9,2.4,467,980,47,20282835,0.04225477576255798,0.1551162451505661,0.03908786550164223,0.11602839082479477,0.00030216493178159,2.777029011069946,0.005946528931627293,2.0,4.48,0.05804620310664177,0.19410130381584167,0.04647766053676605,0.14762364327907562,0.0001195510194520466,2.9163263762334073,0.006244810227480529,5.0,8.0,0.015791427344083786,0.038985058665275574,0.007389795035123825,0.03159525245428085,-0.00018261391232954338,0.13929736516346125,0.0002982812958532361,2.5999999999999996,8.233333333333336,5.633333333333336
brc_v3_20k_electrical_conf50,20k EC 50%,real,-1,10,2.4,467,980,47,20282836,0.030698131769895554,0.20556658506393433,0.018703453242778778,0.18686312437057495,1.2043821698171087e-05,2.7561522367355122,0.005901824918063196,2.0,4.48,0.04423637315630913,0.19497907161712646,0.050212107598781586,0.14476695656776428,2.602105996629689e-05,3.085478844781174,0.006607021080901871,5.0,8.0,0.013538241386413574,-0.010587513446807861,0.03150865435600281,-0.04209616780281067,1.3977238268125802e-05,0.32932660804566183,0.0007051961628386757,2.5999999999999996,8.233333333333336,5.633333333333336
brc_v3_20k_electrical_conf50,20k EC 50%,real,-1,11,2.4,467,980,47,20282837,0.046098437160253525,0.0882917270064354,0.04332927614450455,0.04496243596076965,0.00036405245191417634,2.8380138398612296,0.0060771174301096995,2.0,4.48,0.07305755466222763,0.2804553806781769,0.051147446036338806,0.22930790483951569,2.777424015221186e-05,3.2284067898711037,0.006913076637839623,5.0,8.0,0.026959117501974106,0.19216365367174149,0.007818169891834259,0.18434546887874603,-0.0003362782117619645,0.3903929500098742,0.0008359592077299234,2.5999999999999996,8.233333333333336,5.633333333333336
brc_v3_20k_electrical_conf50,20k EC 50%,degree_preserving,0,0,2.4,467,980,47,20382826,0.0523420087993145,0.18992674350738525,0.041450563818216324,0.14847616851329803,1.612310552445706e-05,2.721906375017208,0.005828493308388026,2.0,4.48,0.08322668820619583,0.3215683400630951,0.06329657882452011,0.2582717537879944,0.00041561320540495217,3.001137864090281,0.006426419409186897,5.0,8.0,0.030884679406881332,0.13164159655570984,0.021846015006303787,0.10979558527469635,0.0003994900998804951,0.27923148907307294,0.0005979261007988713,2.5999999999999996,8.233333333333336,5.633333333333336
brc_v3_20k_electrical_conf50,20k EC 50%,degree_preserving,1,0,2.4,467,980,47,20482826,0.011271881870925426,0.05919845774769783,0.014710399322211742,0.04448805749416351,4.756254384119529e-06,2.7832659333083902,0.005959884225499765,2.0,4.48,0.06547591835260391,0.1972980946302414,0.0668906420469284,0.1304074376821518,0.0008714874857105315,3.0104565999703,0.0064463738757394,5.0,8.0,0.054204036481678486,0.13809963688254356,0.05218024272471666,0.08591938018798828,0.0008667312313264119,0.2271906666619099,0.00048648965023963524,2.5999999999999996,8.233333333333336,5.633333333333336
brc_v3_20k_electrical_conf50,20k EC 50%,degree_preserving,2,0,2.4,467,980,47,20582826,0.04805763065814972,0.16323333978652954,0.05739272013306618,0.10584061592817307,3.201225263183005e-05,2.870651593224234,0.006147005552942685,2.0,4.48,0.06626218557357788,0.3577616810798645,0.040168456733226776,0.3175932765007019,0.001071837148629129,3.2065329126921807,0.006866237500411522,5.0,8.0,0.01820455491542816,0.19452834129333496,-0.0172242633998394,0.21175266057252884,0.0010398248959972989,0.33588131946794686,0.0007192319474688368,2.5999999999999996,8.233333333333336,5.633333333333336
brc_v3_20k_electrical_conf50,20k EC 50%,degree_preserving,3,0,2.4,467,980,47,20682826,0.04539632424712181,0.12840518355369568,0.05188554897904396,0.07651963829994202,5.061816773377359e-05,2.746572829866296,0.005881312269520976,2.0,4.48,0.04858627915382385,0.20997263491153717,0.04756626486778259,0.16240637004375458,0.0006640595966018736,3.0411100311282757,0.006512012914621576,5.0,8.0,0.0031899549067020416,0.08156745135784149,-0.004319284111261368,0.08588673174381256,0.0006134414288681,0.2945372012619796,0.0006307006451005993,2.5999999999999996,8.233333333333336,5.633333333333336
brc_v3_20k_electrical_conf50,20k EC 50%,degree_preserving,4,0,2.4,467,980,47,20782826,0.023068616166710854,0.26689115166664124,0.044626906514167786,0.22226420044898987,6.38510609860532e-05,2.7901002129637864,0.005974518657310035,2.0,4.48,0.028299296274781227,0.1660250425338745,0.02388753928244114,0.1421375274658203,0.00016793952090665698,3.1216790333432263,0.006684537544632176,5.0,8.0,0.0052306801080703735,-0.10086610913276672,-0.020739367231726646,-0.08012667298316956,0.00010408845992060378,0.33157882037943986,0.0007100188873221409,2.5999999999999996,8.233333333333336,5.633333333333336
brc_v3_20k_electrical_conf50,20k EC 50%,degree_preserving,5,0,2.4,467,980,47,20882826,0.07404123991727829,0.2508569359779358,0.05777869373559952,0.19307823479175568,0.0003575265291146934,2.7671533043492045,0.005925381808028275,2.0,4.48,0.035784315317869186,0.2721419334411621,0.02343088574707508,0.24871110916137695,0.00021656809258274734,3.0942137778902428,0.006625725434454481,5.0,8.0,-0.0382569245994091,0.02128499746322632,-0.03434780798852444,0.05563287436962128,-0.00014095843653194606,0.3270604735410383,0.000700343626426206,2.5999999999999996,8.233333333333336,5.633333333333336
brc_v3_20k_electrical_conf50,20k EC 50%,degree_preserving,6,0,2.4,467,980,47,20982826,0.04324060678482056,0.09270981699228287,0.04709608852863312,0.04561372473835945,0.0004469907144084573,2.782010503400134,0.005957195938758317,2.0,4.48,0.07503557950258255,0.3314993977546692,0.07314803451299667,0.2583513557910919,0.000426699873059988,3.0774862788958455,0.00658990637879196,5.0,8.0,0.03179497271776199,0.23878958076238632,0.026051945984363556,0.21273763105273247,-2.0290841348469257e-05,0.29547577549571136,0.0006327104400336431,2.5999999999999996,8.233333333333336,5.633333333333336
brc_v3_20k_electrical_conf50,20k EC 50%,degree_preserving,7,0,2.4,467,980,47,21082826,0.023921944200992584,0.1268259733915329,0.018313899636268616,0.10851206630468369,7.87608150858432e-05,2.8101169712165777,0.006017381094682179,2.0,4.48,0.036481644958257675,0.23769378662109375,0.02438640035688877,0.21330738067626953,0.0001439205079805106,3.061960585710144,0.006556660783105233,5.0,8.0,0.012559700757265091,0.11086781322956085,0.006072500720620155,0.10479531437158585,6.515969289466739e-05,0.2518436144935663,0.000539279688423054,2.5999999999999996,8.233333333333336,5.633333333333336
brc_v3_20k_electrical_conf50,20k EC 50%,degree_preserving,8,0,2.4,467,980,47,21182826,0.1591353565454483,0.3050951659679413,0.14590059220790863,0.15919455885887146,0.0003864722093567252,2.780913109817261,0.005954846059565869,2.0,4.48,0.08859314024448395,0.20275259017944336,0.07886873185634613,0.12388387322425842,0.00018326529243495315,3.0724722885290796,0.006579169782717515,5.0,8.0,-0.07054221630096436,-0.10234257578849792,-0.0670318603515625,-0.03531068563461304,-0.00020320691692177206,0.2915591787118186,0.0006243237231516457,2.5999999999999996,8.233333333333336,5.633333333333336
brc_v3_20k_electrical_conf50,20k EC 50%,degree_preserving,9,0,2.4,467,980,47,21282826,0.04030175879597664,0.33054131269454956,0.012029753066599369,0.3185115456581116,4.811023245565593e-05,2.8163561679622293,0.006030741259019763,2.0,4.48,0.048258088529109955,0.07544827461242676,0.05129488557577133,0.02415338158607483,0.00014735637523699552,3.0810083816441023,0.006597448354698292,5.0,8.0,0.007956329733133316,-0.2550930380821228,0.03926513250917196,-0.29435816407203674,9.924614278133959e-05,0.26465221368187297,0.000566707095678529,2.5999999999999996,8.233333333333336,5.633333333333336
brc_v3_20k_electrical_conf50,20k EC 50%,degree_preserving,10,0,2.4,467,980,47,21382826,0.040831491351127625,0.09825102239847183,0.04703010618686676,0.05122092366218567,0.00023653751122765243,2.793032192237508,0.005980796985519289,2.0,4.48,0.032633718103170395,0.10660729557275772,0.04171640798449516,0.06489089131355286,0.00012216488539706916,3.190784498950897,0.006832514987046888,5.0,8.0,-0.00819777324795723,0.008356273174285889,-0.005313698202371597,0.013669967651367188,-0.00011437262583058327,0.397752306713389,0.0008517180015275997,2.5999999999999996,8.233333333333336,5.633333333333336
brc_v3_20k_electrical_conf50,20k EC 50%,degree_preserving,11,0,2.4,467,980,47,21482826,0.03660551458597183,0.17111673951148987,0.054296232759952545,0.11682048439979553,0.00025069891125895083,2.813279841555296,0.006024153836306844,2.0,4.48,0.09108360856771469,0.17872609198093414,0.0828859880566597,0.09584011137485504,0.0005977028049528599,3.076483188567888,0.006587758433764215,5.0,8.0,0.05447809398174286,0.007609352469444275,0.028589755296707153,-0.02098037302494049,0.00034700389369390905,0.26320334701259185,0.0005636045974573706,2.5999999999999996,8.233333333333336,5.633333333333336
brc_v3_20k_electrical_conf50,20k EC 50%,degree_strength_preserving,0,0,2.4,467,980,47,20382826,0.049345310777425766,0.17698000371456146,0.05245744064450264,0.12452258914709091,3.638073394540697e-05,2.7370993890303223,0.005861026528972853,2.0,4.48,0.0955570861697197,0.21749481558799744,0.08287976682186127,0.13461503386497498,0.00024837645469233394,2.989231557475012,0.00640092410594221,5.0,8.0,0.04621177539229393,0.040514811873435974,0.030422326177358627,0.010092444717884064,0.00021199572074692696,0.2521321684446898,0.0005398975769693578,2.5999999999999996,8.233333333333336,5.633333333333336
brc_v3_20k_electrical_conf50,20k EC 50%,degree_strength_preserving,1,0,2.4,467,980,47,20482826,0.03714819997549057,0.24737653136253357,0.03453463315963745,0.2128419280052185,6.049655348761007e-05,2.785698448354269,0.0059650930371611755,2.0,4.48,0.04748278111219406,0.1590721160173416,0.045116908848285675,0.11395519971847534,7.64116266509518e-05,3.011620978564981,0.006448867191787967,5.0,8.0,0.010334581136703491,-0.08830441534519196,0.010582275688648224,-0.09888672828674316,1.591507316334173e-05,0.22592253021071196,0.0004837741546267916,2.5999999999999996,8.233333333333336,5.633333333333336
brc_v3_20k_electrical_conf50,20k EC 50%,degree_strength_preserving,2,0,2.4,467,980,47,20582826,0.05172829329967499,0.1423424780368805,0.05767517164349556,0.08466730266809464,3.310244210297242e-05,2.872616438415234,0.006151212930225341,2.0,4.48,0.08965013176202774,0.30850696563720703,0.06944698095321655,0.23905996978282928,0.0008246487122960389,3.1912025122050687,0.006833410090374879,5.0,8.0,0.03792183846235275,0.16616448760032654,0.011771809309720993,0.15439266711473465,0.0007915462701930664,0.3185860737898345,0.0006821971601495384,2.5999999999999996,8.233333333333336,5.633333333333336
brc_v3_20k_electrical_conf50,20k EC 50%,degree_strength_preserving,3,0,2.4,467,980,47,20682826,0.07832459360361099,0.2161451280117035,0.0687658041715622,0.1473792940378189,0.0005732575664296746,2.77217962705372,0.005936144811678201,2.0,4.48,0.08298680186271667,0.397944837808609,0.05695730820298195,0.34098753333091736,0.000269637064775452,3.0102826877590942,0.006446001472717546,5.0,8.0,0.004662208259105682,0.18179970979690552,-0.011808495968580246,0.19360823929309845,-0.0003036205016542226,0.23810306070537424,0.0005098566610393452,2.5999999999999996,8.233333333333336,5.633333333333336
brc_v3_20k_electrical_conf50,20k EC 50%,degree_strength_preserving,4,0,2.4,467,980,47,20782826,0.05795298516750336,0.11020302027463913,0.06563017517328262,0.04457283392548561,0.0001729495998006314,2.787968613329632,0.005969954204131975,2.0,4.48,0.037438422441482544,0.2504637837409973,0.026348838582634926,0.22411492466926575,0.00046230186126194894,3.095993413145901,0.006629536216586512,5.0,8.0,-0.020514562726020813,0.14026076346635818,-0.0392813365906477,0.17954209074378014,0.00028935226146131754,0.30802479981626885,0.0006595820124545371,2.5999999999999996,8.233333333333336,5.633333333333336
brc_v3_20k_electrical_conf50,20k EC 50%,degree_strength_preserving,5,0,2.4,467,980,47,20882826,0.04313557967543602,0.17947091162204742,0.03285880759358406,0.14661210775375366,0.0002696489973459393,2.7604452829096378,0.005911017736423207,2.0,4.48,0.049662068486213684,0.3349820077419281,0.027576468884944916,0.30740559101104736,0.0003782824787776917,3.0717707617936396,0.006577667584140556,5.0,8.0,0.006526488810777664,0.15551109611988068,-0.005282338708639145,0.1607934832572937,0.00010863348143175244,0.31132547888400186,0.0006666498477173486,2.5999999999999996,8.233333333333336,5.633333333333336
brc_v3_20k_electrical_conf50,20k EC 50%,degree_strength_preserving,6,0,2.4,467,980,47,20982826,0.030878273770213127,0.08377037942409515,0.033210549503564835,0.05055982246994972,0.00018462266598362476,2.8019817650183594,0.005999960952930106,2.0,4.48,0.07861470431089401,0.19151407480239868,0.08849502354860306,0.10301905125379562,5.445305214379914e-05,3.0850522350705933,0.006606107569744312,5.0,8.0,0.047736430540680885,0.10774369537830353,0.05528447404503822,0.0524592287838459,-0.00013016961383982562,0.28307047005223396,0.0006061466168142057,2.5999999999999996,8.233333333333336,5.633333333333336
brc_v3_20k_electrical_conf50,20k EC 50%,degree_strength_preserving,7,0,2.4,467,980,47,21082826,0.051866669207811356,0.1412663757801056,0.044786639511585236,0.09647973626852036,0.00012232508743181825,2.7559990566744887,0.0059014969093672135,2.0,4.48,0.051173679530620575,0.13834525644779205,0.053213030099868774,0.08513223379850388,0.0003335525107104331,3.0871383768839684,0.00661057468283505,5.0,8.0,-0.0006929896771907806,-0.0029211193323135376,0.008426390588283539,-0.01134750247001648,0.00021122742327861488,0.33113932020947967,0.0007090777734678365,2.5999999999999996,8.233333333333336,5.633333333333336
brc_v3_20k_electrical_conf50,20k EC 50%,degree_strength_preserving,8,0,2.4,467,980,47,21182826,0.18226347863674164,0.3186497390270233,0.1670965701341629,0.15155328810214996,0.0001745961490087211,2.79549515500263,0.005986070995722977,2.0,4.48,0.11171048879623413,0.276859849691391,0.09507296979427338,0.1817868947982788,0.00016888341633602977,3.051946756322277,0.00653521789362372,5.0,8.0,-0.07055298984050751,-0.041789889335632324,-0.07202360033988953,0.030233606696128845,-5.712732672691345e-06,0.2564516013196467,0.0005491468979007428,2.5999999999999996,8.233333333333336,5.633333333333336
brc_v3_20k_electrical_conf50,20k EC 50%,degree_strength_preserving,9,0,2.4,467,980,47,21282826,0.06533918529748917,0.38529548048973083,0.03128550946712494,0.3540099859237671,0.00040622116648592055,2.802162133272447,0.006000347180454918,2.0,4.48,0.09894637018442154,0.3260343670845032,0.09274893254041672,0.23328542709350586,0.000921607599593699,3.0807117819704604,0.006596813237624112,5.0,8.0,0.03360718488693237,-0.05926111340522766,0.06146342307329178,-0.12072455883026123,0.0005153864331077784,0.27854964869801346,0.0005964660571691942,2.5999999999999996,8.233333333333336,5.633333333333336
brc_v3_20k_electrical_conf50,20k EC 50%,degree_strength_preserving,10,0,2.4,467,980,47,21382826,0.05505918338894844,0.1350899189710617,0.047171566635370255,0.08791835606098175,0.0001516968768555671,2.8265490129399202,0.006052567479528737,2.0,4.48,0.0515015609562397,0.10518382489681244,0.05282370001077652,0.05236012116074562,0.00010180215031141415,3.1431537725372736,0.006730521996867823,5.0,8.0,-0.0035576224327087402,-0.029906094074249268,0.005652133375406265,-0.03555823490023613,-4.9894726544152945e-05,0.31660475959735335,0.0006779545173390862,2.5999999999999996,8.233333333333336,5.633333333333336
brc_v3_20k_electrical_conf50,20k EC 50%,degree_strength_preserving,11,0,2.4,467,980,47,21482826,0.05636425316333771,0.20621636509895325,0.06016061455011368,0.14605577290058136,9.767663868842646e-05,2.812728146121287,0.006022972475634447,2.0,4.48,0.062148064374923706,0.17536857724189758,0.06711679697036743,0.10825177282094955,8.142968727042899e-05,3.0959827300627127,0.006629513340605381,5.0,8.0,0.0057838112115859985,-0.030847787857055664,0.006956182420253754,-0.037804000079631805,-1.624695141799748e-05,0.2832545839414258,0.0006065408649709335,2.5999999999999996,8.233333333333336,5.633333333333336
brc_v3_20k_electrical_conf50,20k EC 50%,real,-1,0,3.2,467,980,47,20283626,0.023036057129502296,0.08201663196086884,0.019135745242238045,0.06288088858127594,0.00015519725275225937,2.7606571348229405,0.005911471380777174,2.0,4.48,0.0800636038184166,0.3431495726108551,0.0601101852953434,0.2830394208431244,0.0012362555135041475,3.040190596224748,0.0065100441032649855,5.0,8.0,0.0570275466889143,0.26113294064998627,0.040974440053105354,0.22015853226184845,0.0010810582607518882,0.2795334614018077,0.0005985727224878112,2.599999999999999,8.233333333333329,5.633333333333329
brc_v3_20k_electrical_conf50,20k EC 50%,real,-1,1,3.2,467,980,47,20283627,0.1632920205593109,0.3953435719013214,0.13996420800685883,0.255379319190979,0.0007389924139715731,2.7302142045774382,0.005846283093313572,2.0,4.48,0.10302066057920456,0.37134063243865967,0.08579549938440323,0.28554511070251465,0.001797794713638723,2.9046331510356125,0.006219771201361054,5.0,8.0,-0.060271359980106354,-0.024002939462661743,-0.0541687086224556,0.030165791511535645,0.0010588022996671498,0.17441894645817424,0.00037348810804748236,2.599999999999999,8.233333333333329,5.633333333333329
brc_v3_20k_electrical_conf50,20k EC 50%,real,-1,2,3.2,467,980,47,20283628,0.07812672853469849,0.1407424807548523,0.07655443996191025,0.06418804079294205,0.00011399629147490487,2.784337720660035,0.0059621792733619595,2.0,4.48,0.064300537109375,0.14116108417510986,0.05673631280660629,0.08442476391792297,0.000627306115347892,3.0810980260117082,0.006597640312658904,5.0,8.0,-0.013826191425323486,0.00041860342025756836,-0.019818127155303955,0.020236723124980927,0.0005133098238729872,0.2967603053516732,0.0006354610392969445,2.599999999999999,8.233333333333329,5.633333333333329
brc_v3_20k_electrical_conf50,20k EC 50%,real,-1,3,3.2,467,980,47,20283629,0.0886152908205986,0.16852763295173645,0.08362825214862823,0.08489938825368881,5.746177339460701e-05,2.738185247777946,0.005863351708303952,2.0,4.48,0.04648115113377571,0.1537093073129654,0.037738196551799774,0.11597112566232681,0.00013838028826285154,2.9660220824831707,0.00635122501602392,5.0,8.0,-0.04213413968682289,-0.014818325638771057,-0.04589005559682846,0.031071737408638,8.091851486824453e-05,0.22783683470522487,0.0004878733077199682,2.599999999999999,8.233333333333329,5.633333333333329
brc_v3_20k_electrical_conf50,20k EC 50%,real,-1,4,3.2,467,980,47,20283630,0.11645658314228058,0.25494450330734253,0.10772721469402313,0.147217258810997,0.00025758612900972366,2.817264005694095,0.006032685237032324,2.0,4.48,0.0818253755569458,0.27099189162254333,0.06416724622249603,0.2068246603012085,7.353357796091586e-05,3.015796574563596,0.006457808510842818,5.0,8.0,-0.03463120758533478,0.016047388315200806,-0.0435599684715271,0.05960740149021149,-0.0001840525510488078,0.198532568869501,0.0004251232738104946,2.599999999999999,8.233333333333329,5.633333333333329
brc_v3_20k_electrical_conf50,20k EC 50%,real,-1,5,3.2,467,980,47,20283631,0.05100177973508835,0.09948074817657471,0.055923063308000565,0.043557677417993546,0.00013715440582018346,2.762285202581262,0.005914957607240389,2.0,4.48,0.0648408979177475,0.16416199505329132,0.05802340805530548,0.10613857954740524,0.00016842721379362047,2.9202324816597276,0.006253174478928753,5.0,8.0,0.01383911818265915,0.06468124687671661,0.0021003447473049164,0.0625809021294117,3.127280797343701e-05,0.15794727907846573,0.00033821687168836354,2.599999999999999,8.233333333333329,5.633333333333329
brc_v3_20k_electrical_conf50,20k EC 50%,real,-1,6,3.2,467,980,47,20283632,0.014145647175610065,0.1493683010339737,0.008314179256558418,0.14105409383773804,1.2366513146844227e-05,2.6902547644354855,0.0057607168403329455,2.0,4.48,0.05019243061542511,0.20689569413661957,0.0448930449783802,0.16200265288352966,0.00037942882045172155,2.997841248820613,0.0064193602758471375,5.0,8.0,0.036046783439815044,0.057527393102645874,0.036578865721821785,0.020948559045791626,0.0003670623073048773,0.3075864843851277,0.000658643435514192,2.599999999999999,8.233333333333329,5.633333333333329
brc_v3_20k_electrical_conf50,20k EC 50%,real,-1,7,3.2,467,980,47,20283633,0.03958036005496979,0.09899312257766724,0.04704367741942406,0.051949430257081985,2.211414357589092e-05,2.865602794688294,0.006136194421174077,2.0,4.48,0.04332040622830391,0.3750474750995636,0.018366599455475807,0.3566809296607971,1.2470474757719785e-05,3.15682229885334,0.006759790789835846,5.0,8.0,0.0037400461733341217,0.27605435252189636,-0.02867707796394825,0.30473149940371513,-9.643668818171136e-06,0.29121950416504605,0.0006235963686617692,2.599999999999999,8.233333333333329,5.633333333333329
brc_v3_20k_electrical_conf50,20k EC 50%,real,-1,8,3.2,467,980,47,20283634,0.04588558152318001,0.13862895965576172,0.04068681225180626,0.09794215857982635,0.00012522214092314243,2.8409070749123684,0.0060833127942449,2.0,4.48,0.06276882439851761,0.29814404249191284,0.040822092443704605,0.25732195377349854,0.0005896097281947732,3.0820649185366755,0.006599710746331211,5.0,8.0,0.0168832428753376,0.15951508283615112,0.00013528019189834595,0.15937979519367218,0.00046438758727163076,0.24115784362430714,0.0005163979520863109,2.599999999999999,8.233333333333329,5.633333333333329
brc_v3_20k_electrical_conf50,20k EC 50%,real,-1,9,3.2,467,980,47,20283635,0.09552200138568878,0.3848974406719208,0.06805553287267685,0.31684184074401855,0.002610268536955118,2.828140418394765,0.00605597519998879,2.0,4.48,0.15115457773208618,0.47263437509536743,0.11951939761638641,0.353115051984787,0.0001742140157148242,3.001541551430366,0.006427283836039327,5.0,8.0,0.0556325763463974,0.08773693442344666,0.051463864743709564,0.03627321124076843,-0.002436054521240294,0.1734011330356009,0.0003713086360505368,2.599999999999999,8.233333333333329,5.633333333333329
brc_v3_20k_electrical_conf50,20k EC 50%,real,-1,10,3.2,467,980,47,20283636,0.12352541834115982,0.3248479664325714,0.10639535635709763,0.21845264732837677,0.00018586486112326384,2.7934893970618213,0.0059817760108390175,2.0,4.48,0.16619695723056793,0.47420743107795715,0.1336277574300766,0.3405797481536865,0.0003102284681517631,2.9298003956154965,0.006273662517377937,5.0,8.0,0.04267153888940811,0.14935946464538574,0.027232401072978973,0.12212710082530975,0.00012436360702849925,0.13631099855367523,0.0002918865065389192,2.599999999999999,8.233333333333329,5.633333333333329
brc_v3_20k_electrical_conf50,20k EC 50%,real,-1,11,3.2,467,980,47,20283637,0.07260212302207947,0.3056294023990631,0.0530296228826046,0.2525998055934906,0.0001474908203817904,2.7224230252005155,0.005829599625697035,2.0,4.48,0.061060063540935516,0.19563151895999908,0.06180284544825554,0.13382869958877563,0.00010045358067145571,3.0504373289098385,0.0065319857150103605,5.0,8.0,-0.011542059481143951,-0.10999788343906403,0.00877322256565094,-0.11877110600471497,-4.703723971033469e-05,0.32801430370932305,0.0007023860893133251,2.599999999999999,8.233333333333329,5.633333333333329
brc_v3_20k_electrical_conf50,20k EC 50%,degree_preserving,0,0,3.2,467,980,47,20383626,0.044820260256528854,0.16006070375442505,0.05082724988460541,0.10923345386981964,0.00012496185081545264,2.7801308530251623,0.00595317099148857,2.0,4.48,0.07666390389204025,0.25991418957710266,0.057752225548028946,0.2021619826555252,0.0014898681547492743,3.119844802606523,0.006680609855688486,5.0,8.0,0.0318436436355114,0.09985348582267761,0.006924975663423538,0.09292852878570557,0.0013649063039338216,0.3397139495813608,0.000727438864199916,2.599999999999999,8.233333333333329,5.633333333333329
brc_v3_20k_electrical_conf50,20k EC 50%,degree_preserving,1,0,3.2,467,980,47,20483626,0.042881570756435394,0.3032706081867218,0.031908437609672546,0.27136221528053284,0.0006568203098140657,2.765172479516589,0.00592114021309762,2.0,4.48,0.08244448900222778,0.447543740272522,0.04322471097111702,0.40431901812553406,7.907982944743708e-05,3.0488983053728274,0.006528690161397917,5.0,8.0,0.03956291824579239,0.14427313208580017,0.011316273361444473,0.13295680284500122,-0.0005777404803666286,0.2837258258562385,0.0006075499483002966,2.599999999999999,8.233333333333329,5.633333333333329
brc_v3_20k_electrical_conf50,20k EC 50%,degree_preserving,2,0,3.2,467,980,47,20583626,0.047469571232795715,0.1003638356924057,0.05046311393380165,0.04990071430802345,0.0004402816412039101,2.753013950047263,0.0058951048180883574,2.0,4.48,0.10526926815509796,0.2220839411020279,0.09458659589290619,0.1274973452091217,1.3186891010263935e-05,3.0475191950095524,0.006525737034281697,5.0,8.0,0.057799696922302246,0.12172010540962219,0.04412348195910454,0.07759663090109825,-0.0004270947501936462,0.2945052449622896,0.0006306322161933392,2.599999999999999,8.233333333333329,5.633333333333329
brc_v3_20k_electrical_conf50,20k EC 50%,degree_preserving,3,0,3.2,467,980,47,20683626,0.12496714293956757,0.2319454848766327,0.1144205778837204,0.1175248995423317,0.0008611131343059242,2.7641445658288553,0.005918939113123887,2.0,4.48,0.06632449477910995,0.196379154920578,0.05759810656309128,0.13878102600574493,0.00010737979027908295,3.0039165967750807,0.006432369586242143,5.0,8.0,-0.05864264816045761,-0.03556632995605469,-0.05682247132062912,0.02125612646341324,-0.0007537333440268412,0.23977203094622546,0.000513430473118256,2.599999999999999,8.233333333333329,5.633333333333329
brc_v3_20k_electrical_conf50,20k EC 50%,degree_preserving,4,0,3.2,467,980,47,20783626,0.03435799106955528,0.18999798595905304,0.02624625153839588,0.1637517809867859,2.0082048649783246e-05,2.7941290270740873,0.005983145668252863,2.0,4.48,0.07757949084043503,0.10469317436218262,0.08930985629558563,0.015383328311145306,0.00020940102695021778,3.076496447352506,0.006587786825165965,5.0,8.0,0.043221499770879745,-0.08530481159687042,0.06306360475718975,-0.14836845267564058,0.00018931897830043454,0.28236742027841855,0.0006046411569131018,2.599999999999999,8.233333333333329,5.633333333333329
brc_v3_20k_electrical_conf50,20k EC 50%,degree_preserving,5,0,3.2,467,980,47,20883626,0.023717420175671577,0.1625242382287979,0.04358683153986931,0.1189374104142189,2.6125950171262957e-05,2.694737146876307,0.005770315089670893,2.0,4.48,0.09366925805807114,0.2437477558851242,0.09002422541379929,0.15372353792190552,0.00136674998793751,2.9611455298797864,0.006340782719228665,5.0,8.0,0.06995183788239956,0.0812235176563263,0.04643739387392998,0.034786127507686615,0.001340624037766247,0.26640838300347935,0.0005704676295577721,2.599999999999999,8.233333333333329,5.633333333333329
brc_v3_20k_electrical_conf50,20k EC 50%,degree_preserving,6,0,3.2,467,980,47,20983626,0.09383387863636017,0.35387876629829407,0.0648794174194336,0.28899937868118286,0.00017799230408854783,2.7746365424249393,0.005941405872430277,2.0,4.48,0.0685022845864296,0.19449375569820404,0.059964586049318314,0.13452915847301483,0.00031924128415994346,2.996602244256911,0.006416707161149702,5.0,8.0,-0.025331594049930573,-0.15938501060009003,-0.00491483137011528,-0.15447022020816803,0.00014124898007139564,0.22196570183197162,0.0004753012887194251,2.599999999999999,8.233333333333329,5.633333333333329
brc_v3_20k_electrical_conf50,20k EC 50%,degree_preserving,7,0,3.2,467,980,47,21083626,0.08268916606903076,0.23184452950954437,0.07308705896139145,0.15875744819641113,0.0005069708568044007,2.7536956528224277,0.00589656456707158,2.0,4.48,0.06261035054922104,0.14745362102985382,0.05492900684475899,0.09252459555864334,4.080264989170246e-05,3.022998761423985,0.006473230752513886,5.0,8.0,-0.020078815519809723,-0.08439090847969055,-0.01815805211663246,-0.06623285263776779,-0.0004661682069126982,0.2693031086015574,0.0005766661854423065,2.599999999999999,8.233333333333329,5.633333333333329
brc_v3_20k_electrical_conf50,20k EC 50%,degree_preserving,8,0,3.2,467,980,47,21183626,0.15312936902046204,0.41211292147636414,0.12488623708486557,0.2872266471385956,0.00030045973835512996,2.7689322071237097,0.0059291910216781795,2.0,4.48,0.031255465000867844,0.11799203604459763,0.03133995085954666,0.08665209263563156,0.000287768169073388,3.0046146662369333,0.006433864381663669,5.0,8.0,-0.12187390401959419,-0.2941208854317665,-0.09354628622531891,-0.20057455450296402,-1.2691569281741977e-05,0.2356824591132236,0.0005046733599854891,2.599999999999999,8.233333333333329,5.633333333333329
brc_v3_20k_electrical_conf50,20k EC 50%,degree_preserving,9,0,3.2,467,980,47,21283626,0.08408816158771515,0.33762791752815247,0.0660199522972107,0.2716079652309418,2.417102768959012e-05,2.7788727226526655,0.005950476922168449,2.0,4.48,0.05630464479327202,0.1287066489458084,0.05740704759955406,0.07129961252212524,0.00022805998742114753,3.1036868066961927,0.006646010292711333,5.0,8.0,-0.02778351679444313,-0.20892126858234406,-0.008612904697656631,-0.20030835270881653,0.0002038889597315574,0.3248140840435272,0.0006955333705428845,2.599999999999999,8.233333333333329,5.633333333333329
brc_v3_20k_electrical_conf50,20k EC 50%,degree_preserving,10,0,3.2,467,980,47,21383626,0.05691666528582573,0.24044489860534668,0.049530453979969025,0.19091440737247467,0.00013269574264995754,2.7028044626951893,0.005787589855878349,2.0,4.48,0.037839166820049286,0.2095283418893814,0.059432100504636765,0.15009625256061554,0.00015127501683309674,2.966583141793361,0.006352426427823043,5.0,8.0,-0.019077498465776443,-0.03091655671596527,0.00990164652466774,-0.04081815481185913,1.8579274183139205e-05,0.26377867909817176,0.0005648365719446938,2.599999999999999,8.233333333333329,5.633333333333329
brc_v3_20k_electrical_conf50,20k EC 50%,degree_preserving,11,0,3.2,467,980,47,21483626,0.07413607090711594,0.14742062985897064,0.07048438489437103,0.07693623006343842,4.835893560084514e-05,2.771901441511899,0.005935549125293146,2.0,4.48,0.02732832543551922,0.09242544323205948,0.027997983619570732,0.0644274577498436,0.0003892185923177749,3.0568174922149978,0.006545647734935755,5.0,8.0,-0.04680774547159672,-0.05499518662691116,-0.0424864012748003,-0.012508772313594818,0.00034085965671692975,0.28491605070309856,0.0006100986096426097,2.599999999999999,8.233333333333329,5.633333333333329
brc_v3_20k_electrical_conf50,20k EC 50%,degree_strength_preserving,0,0,3.2,467,980,47,20383626,0.03091886267066002,0.09522568434476852,0.03562590479850769,0.059599779546260834,0.0001287493942072615,2.740059259053855,0.0058673645804151065,2.0,4.48,0.111813485622406,0.33027756214141846,0.08893635123968124,0.241341233253479,0.001093333470635116,3.079911830912078,0.0065951002803256486,5.0,8.0,0.08089462295174599,0.23505187779664993,0.05331044644117355,0.18174145370721817,0.0009645840764278546,0.33985257185822304,0.000727735699910542,2.599999999999999,8.233333333333329,5.633333333333329
brc_v3_20k_electrical_conf50,20k EC 50%,degree_strength_preserving,1,0,3.2,467,980,47,20483626,0.051019664853811264,0.29866212606430054,0.03881300985813141,0.2598491609096527,0.0010996602941304445,2.8030735764968653,0.006002298879008276,2.0,4.48,0.1252755969762802,0.4679776728153229,0.0880209282040596,0.37995684146881104,6.016633051331155e-05,2.9936947865832897,0.006410481341720106,5.0,8.0,0.07425593212246895,0.16931554675102234,0.04920791834592819,0.12010768055915833,-0.001039493963617133,0.1906212100864244,0.0004081824627118298,2.599999999999999,8.233333333333329,5.633333333333329
brc_v3_20k_electrical_conf50,20k EC 50%,degree_strength_preserving,2,0,3.2,467,980,47,20583626,0.03863414004445076,0.10452281683683395,0.03311656415462494,0.07140626013278961,0.0001366981741739437,2.7208556312471432,0.005826243321728358,2.0,4.48,0.06229706108570099,0.1578986942768097,0.05314551666378975,0.10475318133831024,0.0004833119746763259,2.987321570960255,0.006396834199058362,5.0,8.0,0.02366292104125023,0.05337587743997574,0.02002895250916481,0.03334692120552063,0.0003466138005023822,0.26646593971311194,0.0005705908773300039,2.599999999999999,8.233333333333329,5.633333333333329
brc_v3_20k_electrical_conf50,20k EC 50%,degree_strength_preserving,3,0,3.2,467,980,47,20683626,0.08689357340335846,0.2582956552505493,0.06884597986936569,0.18944966793060303,0.0015706476988270879,2.744993194761548,0.005877929753236719,2.0,4.48,0.06490413099527359,0.1356707513332367,0.06131075695157051,0.07435999065637589,9.775801299838349e-05,2.9974450897026204,0.006418511969384626,5.0,8.0,-0.02198944240808487,-0.12262490391731262,-0.007535222917795181,-0.11508967727422714,-0.0014728896858287044,0.25245189494107256,0.0005405822161479073,2.599999999999999,8.233333333333329,5.633333333333329
brc_v3_20k_electrical_conf50,20k EC 50%,degree_strength_preserving,4,0,3.2,467,980,47,20783626,0.07875470072031021,0.16052772104740143,0.07122563570737839,0.08930207788944244,0.00012531371612567455,2.7435245260509835,0.0058747848523575666,2.0,4.48,0.10468775033950806,0.34606772661209106,0.09212517738342285,0.25394248962402344,0.00024942815070971847,3.0403551094507253,0.00651039637998014,5.0,8.0,0.025933049619197845,0.18554000556468964,0.020899541676044464,0.164640411734581,0.00012411443458404392,0.2968305833997418,0.0006356115276225736,2.599999999999999,8.233333333333329,5.633333333333329
brc_v3_20k_electrical_conf50,20k EC 50%,degree_strength_preserving,5,0,3.2,467,980,47,20883626,0.030534759163856506,0.33337441086769104,0.023622430860996246,0.3097519874572754,9.149825928034261e-06,2.7053860882816845,0.005793117962059282,2.0,4.48,0.09045293182134628,0.4078997075557709,0.0736420601606369,0.33425766229629517,0.0012813116190955043,2.921245400660456,0.006255343470365001,5.0,8.0,0.05991817265748978,0.07452529668807983,0.050019629299640656,0.024505674839019775,0.00127216179316747,0.21585931237877132,0.0004622255083057197,2.599999999999999,8.233333333333329,5.633333333333329
brc_v3_20k_electrical_conf50,20k EC 50%,degree_strength_preserving,6,0,3.2,467,980,47,20983626,0.11174394935369492,0.31901833415031433,0.08923737704753876,0.22978100180625916,1.682480433373712e-05,2.738191128992606,0.005863364301911362,2.0,4.48,0.08334583044052124,0.35193178057670593,0.05344272404909134,0.2984890341758728,0.0001798381854314357,2.9898176122959335,0.006402179041318915,5.0,8.0,-0.028398118913173676,0.0329134464263916,-0.03579465299844742,0.06870803236961365,0.00016301338109769858,0.2516264833033275,0.0005388147394075537,2.599999999999999,8.233333333333329,5.633333333333329
brc_v3_20k_electrical_conf50,20k EC 50%,degree_strength_preserving,7,0,3.2,467,980,47,21083626,0.15509243309497833,0.44075801968574524,0.12471693009138107,0.31604111194610596,0.00026260840240865946,2.7566910237863267,0.0059029786376580875,2.0,4.48,0.22488649189472198,0.7502422332763672,0.17066742479801178,0.5795747637748718,0.00013680379197467119,2.9455860549706454,0.0063074647858043795,5.0,8.0,0.06979405879974365,0.30948421359062195,0.04595049470663071,0.26353365182876587,-0.00012580461043398827,0.18889503118431872,0.000404486148146292,2.599999999999999,8.233333333333329,5.633333333333329
brc_v3_20k_electrical_conf50,20k EC 50%,degree_strength_preserving,8,0,3.2,467,980,47,21183626,0.16308629512786865,0.3872619867324829,0.1386995166540146,0.24856247007846832,0.00018408795585855842,2.760074552219474,0.005910223880555619,2.0,4.48,0.11430056393146515,0.34204986691474915,0.08975950628519058,0.25229036808013916,0.0006756068905815482,3.031975053628087,0.006492451934963783,5.0,8.0,-0.0487857311964035,-0.045212119817733765,-0.048940010368824005,0.0037278980016708374,0.0004915189347229898,0.2719005014086129,0.0005822280544081643,2.599999999999999,8.233333333333329,5.633333333333329
brc_v3_20k_electrical_conf50,20k EC 50%,degree_strength_preserving,9,0,3.2,467,980,47,21283626,0.09170553833246231,0.4231724441051483,0.07541307806968689,0.3477594554424286,0.00019649621390271932,2.767493787394155,0.005926110893777634,2.0,4.48,0.11046161502599716,0.3743283748626709,0.08682214468717575,0.28750619292259216,0.0019033250864595175,3.0976468615711195,0.0066330767913728465,5.0,8.0,0.01875607669353485,-0.04884406924247742,0.011409066617488861,-0.060253262519836426,0.0017068288725567982,0.33015307417696427,0.0007069658975952121,2.599999999999999,8.233333333333329,5.633333333333329
brc_v3_20k_electrical_conf50,20k EC 50%,degree_strength_preserving,10,0,3.2,467,980,47,21383626,0.032729487866163254,0.16880623996257782,0.03390907496213913,0.1348971575498581,3.2945921702776104e-05,2.712834003115504,0.005809066387827631,2.0,4.48,0.08241940289735794,0.38314223289489746,0.06447357684373856,0.3186686336994171,0.00032326424843631685,2.9862407904251302,0.006394519893843962,5.0,8.0,0.04968991503119469,0.21433599293231964,0.030564501881599426,0.18377147614955902,0.00029031832673354074,0.2734067873096264,0.0005854535060163309,2.599999999999999,8.233333333333329,5.633333333333329
brc_v3_20k_electrical_conf50,20k EC 50%,degree_strength_preserving,11,0,3.2,467,980,47,21483626,0.11878407746553421,0.28846898674964905,0.10140630602836609,0.18706265091896057,0.00020545745792333037,2.784239781564771,0.005961969553671886,2.0,4.48,0.13475440442562103,0.45208168029785156,0.10100164264440536,0.3510800302028656,5.604742545983754e-05,2.9522833168291496,0.0063218058176213055,5.0,8.0,0.015970326960086823,0.16361269354820251,-0.0004046633839607239,0.16401737928390503,-0.00014941003246349283,0.16804353526437854,0.0003598362639494193,2.599999999999999,8.233333333333329,5.633333333333329
brc_v3_20k_electrical_conf50,20k EC 50%,real,-1,0,4.0,467,980,47,20284426,0.14162415266036987,0.6751161813735962,0.08418663591146469,0.5909296274185181,0.00036562036257237196,2.7165831570531545,0.0058170945547176755,2.0,4.48,0.1572052240371704,0.606135368347168,0.11019238829612732,0.49594300985336304,0.000177935857209377,2.9534004590445218,0.006324197985106042,5.0,8.0,0.015581071376800537,-0.06898081302642822,0.026005752384662628,-0.09498661756515503,-0.00018768450536299497,0.2368173019913673,0.0005071034303883665,2.6000000000000014,8.233333333333334,5.633333333333333
brc_v3_20k_electrical_conf50,20k EC 50%,real,-1,1,4.0,467,980,47,20284427,0.1920984834432602,0.2653713524341583,0.1841011643409729,0.08127020299434662,0.00027865759329870343,2.759263246952346,0.00590848661017633,2.0,4.48,0.14035044610500336,0.4483579397201538,0.107796810567379,0.3405611515045166,0.0005131192156113684,2.9887193696410903,0.006399827343985204,5.0,8.0,-0.051748037338256836,0.18298658728599548,-0.0763043537735939,0.25929094851017,0.00023446162231266499,0.22945612268874438,0.0004913407338088746,2.6000000000000014,8.233333333333334,5.633333333333333
brc_v3_20k_electrical_conf50,20k EC 50%,real,-1,2,4.0,467,980,47,20284428,0.043569840490818024,0.05710134655237198,0.0440245047211647,0.013076839037239552,0.000514677376486361,2.8534626347979626,0.00611019836145174,2.0,4.48,0.12573514878749847,0.24583879113197327,0.11299366503953934,0.13284511864185333,0.00012103589688194916,3.0154964297234446,0.006457165802405663,5.0,8.0,0.08216530829668045,0.1887374445796013,0.06896916031837463,0.11976827960461378,-0.00039364147960441187,0.16203379492548198,0.0003469674409539228,2.6000000000000014,8.233333333333334,5.633333333333333
brc_v3_20k_electrical_conf50,20k EC 50%,real,-1,3,4.0,467,980,47,20284429,0.11550360172986984,0.35303008556365967,0.09054715186357498,0.26248297095298767,0.0016369742807000875,2.63569365848308,0.005643883637008736,2.0,4.48,0.13297536969184875,0.5133991837501526,0.10554617643356323,0.4078529477119446,0.0006274773040786386,2.7820391042641184,0.005957257182578412,5.0,8.0,0.017471767961978912,0.16036909818649292,0.01499902456998825,0.1453699767589569,-0.001009496976621449,0.14634544578103847,0.00031337354556967584,2.6000000000000014,8.233333333333334,5.633333333333333
brc_v3_20k_electrical_conf50,20k EC 50%,real,-1,4,4.0,467,980,47,20284430,0.09238417446613312,0.3558290898799896,0.07228550314903259,0.28354355692863464,0.00305076758377254,2.6132904459055863,0.005595911019069778,2.0,4.48,0.18844901025295258,0.5201312899589539,0.1515885591506958,0.36854276061058044,1.963946306204889e-05,2.8345353155238286,0.006069668769858306,5.0,8.0,0.09606483578681946,0.16430220007896423,0.07930305600166321,0.0849992036819458,-0.003031128120710491,0.2212448696182423,0.0004737577507885277,2.6000000000000014,8.233333333333334,5.633333333333333
brc_v3_20k_electrical_conf50,20k EC 50%,real,-1,5,4.0,467,980,47,20284431,0.09656992554664612,0.16977573931217194,0.09264729171991348,0.07712844759225845,0.00036579553852789104,2.742660400036193,0.005872934475452233,2.0,4.48,0.061019036918878555,0.09178728610277176,0.07748033851385117,0.014306946657598019,0.0011663684854283929,2.965310451505767,0.006349701180954534,5.0,8.0,-0.03555088862776756,-0.07798845320940018,-0.015166953206062317,-0.06282150093466043,0.0008005729469005018,0.22265005146957417,0.00047676670550230067,2.6000000000000014,8.233333333333334,5.633333333333333
brc_v3_20k_electrical_conf50,20k EC 50%,real,-1,6,4.0,467,980,47,20284432,0.08404585719108582,0.22796301543712616,0.07186014950275421,0.15610283613204956,0.0008639580919407308,2.6669352519724905,0.005710782124138095,2.0,4.48,0.18669334053993225,0.5036720037460327,0.15445537865161896,0.3492166996002197,0.00013436096196528524,2.839548339484859,0.0060804032965414544,5.0,8.0,0.10264748334884644,0.27570898830890656,0.08259522914886475,0.19311386346817017,-0.0007295971299754456,0.1726130875123686,0.0003696211724033595,2.6000000000000014,8.233333333333334,5.633333333333333
brc_v3_20k_electrical_conf50,20k EC 50%,real,-1,7,4.0,467,980,47,20284433,0.0924452394247055,0.2540716230869293,0.08043960481882095,0.17363199591636658,0.00022889688261784613,2.751367518706522,0.005891579269178848,2.0,4.48,0.18286363780498505,0.550761878490448,0.1440550982952118,0.4067067801952362,0.00013299701095093042,2.960838270794748,0.006340124776862415,5.0,8.0,0.09041839838027954,0.2966902554035187,0.06361549347639084,0.23307478427886963,-9.589987166691571e-05,0.20947075208822596,0.0004485455076835669,2.6000000000000014,8.233333333333334,5.633333333333333
brc_v3_20k_electrical_conf50,20k EC 50%,real,-1,8,4.0,467,980,47,20284434,0.08195997029542923,0.1334756314754486,0.08018403500318527,0.05329162999987602,0.00042678494355641305,2.7466073213025934,0.0058813861269862815,2.0,4.48,0.10820189118385315,0.3335936665534973,0.08492355048656464,0.24867013096809387,0.0009187236428260803,3.0172437134116388,0.006460907309232631,5.0,8.0,0.02624192088842392,0.2001180350780487,0.004739515483379364,0.19537850096821785,0.0004919386992696673,0.27063639210904533,0.0005795211822463495,2.6000000000000014,8.233333333333334,5.633333333333333
brc_v3_20k_electrical_conf50,20k EC 50%,real,-1,9,4.0,467,980,47,20284435,0.0323004312813282,0.16222821176052094,0.04591197147965431,0.11631621420383453,4.264114977559075e-05,2.7188656588510405,0.005821982138867325,2.0,4.48,0.07873626798391342,0.4957168996334076,0.05380450561642647,0.4419124126434326,0.0027331069577485323,2.9001757357676268,0.006210226414919972,5.0,8.0,0.04643583670258522,0.33348868787288666,0.007892534136772156,0.3255961984395981,0.0026904658079729415,0.1813100769165863,0.00038824427605264715,2.6000000000000014,8.233333333333334,5.633333333333333
brc_v3_20k_electrical_conf50,20k EC 50%,real,-1,10,4.0,467,980,47,20284436,0.09759583324193954,0.3330658972263336,0.07532495260238647,0.25774094462394714,0.0010012098355218768,2.868489367963518,0.006142375520264493,2.0,4.48,0.09132353216409683,0.3298763632774353,0.06873120367527008,0.26114514470100403,6.318556552287191e-05,3.09989141953073,0.006637883125333469,5.0,8.0,-0.006272301077842712,-0.0031895339488983154,-0.006593748927116394,0.0034042000770568848,-0.0009380242699990049,0.23140205156721194,0.0004955076050689759,2.6000000000000014,8.233333333333334,5.633333333333333
brc_v3_20k_electrical_conf50,20k EC 50%,real,-1,11,4.0,467,980,47,20284437,0.05233278498053551,0.1732625514268875,0.053176555782556534,0.12008601427078247,2.2447629817179404e-05,2.6303491763654745,0.005632439349819003,2.0,4.48,0.09189455211162567,0.4138968586921692,0.058670949190855026,0.35522592067718506,0.0024607698433101177,2.8519101090113805,0.0061068738950993155,5.0,8.0,0.039561767131090164,0.24063430726528168,0.005494393408298492,0.2351399064064026,0.0024383222134929383,0.22156093264590604,0.00047443454528031236,2.6000000000000014,8.233333333333334,5.633333333333333
brc_v3_20k_electrical_conf50,20k EC 50%,degree_preserving,0,0,4.0,467,980,47,20384426,0.06400351226329803,0.20828041434288025,0.04827621579170227,0.16000419855117798,5.215656346990727e-05,2.623225682257238,0.005617185615111858,2.0,4.48,0.1282677799463272,0.3638904094696045,0.1171279102563858,0.2467624992132187,0.00033216766314581037,2.9562754561759728,0.006330354295880027,5.0,8.0,0.06426426768302917,0.15560999512672424,0.06885169446468353,0.08675830066204071,0.0002800110996759031,0.3330497739187348,0.0007131686807681685,2.6000000000000014,8.233333333333334,5.633333333333333
brc_v3_20k_electrical_conf50,20k EC 50%,degree_preserving,1,0,4.0,467,980,47,20484426,0.05785464495420456,0.25150465965270996,0.04773927107453346,0.2037653774023056,0.00035114146885462105,2.637350613509221,0.00564743172057649,2.0,4.48,0.06593725085258484,0.31778213381767273,0.058355044573545456,0.2594270706176758,0.0002375640906393528,2.893791274616803,0.006196555191898935,5.0,8.0,0.00808260589838028,0.06627747416496277,0.010615773499011993,0.05566169321537018,-0.00011357737821526825,0.256440661107582,0.0005491234713224458,2.6000000000000014,8.233333333333334,5.633333333333333
brc_v3_20k_electrical_conf50,20k EC 50%,degree_preserving,2,0,4.0,467,980,47,20584426,0.050527140498161316,0.08724743872880936,0.04923531413078308,0.038012124598026276,9.317383955931291e-05,2.747714636584675,0.005883757251787312,2.0,4.48,0.07722695916891098,0.22797797620296478,0.066741444170475,0.16123655438423157,0.0007575293420813978,3.008559675670439,0.006442311939337129,5.0,8.0,0.026699818670749664,0.14073053747415543,0.017506130039691925,0.12322442978620529,0.0006643555025220849,0.2608450390857642,0.0005585546875498167,2.6000000000000014,8.233333333333334,5.633333333333333
brc_v3_20k_electrical_conf50,20k EC 50%,degree_preserving,3,0,4.0,467,980,47,20684426,0.0967940017580986,0.2922908663749695,0.07502719759941101,0.21726368367671967,0.00042346041300334036,2.698634526186634,0.0057786606556458975,2.0,4.48,0.16006049513816833,0.5090970993041992,0.12314559519290924,0.3859514594078064,0.00017000599473249167,2.9571264295545534,0.006332176508682127,5.0,8.0,0.06326649338006973,0.21680623292922974,0.04811839759349823,0.16868777573108673,-0.0002534544182708487,0.2584919033679194,0.0005535158530362294,2.6000000000000014,8.233333333333334,5.633333333333333
brc_v3_20k_electrical_conf50,20k EC 50%,degree_preserving,4,0,4.0,467,980,47,20784426,0.040992267429828644,0.037200286984443665,0.04562100023031235,-0.008420709520578384,4.722608719021082e-05,2.7239763380913677,0.005832925777497575,2.0,4.48,0.12455826252698898,0.37046027183532715,0.09744717925786972,0.2730131149291992,0.0006308039301075041,2.9598616164962817,0.006338033440034864,5.0,8.0,0.08356599509716034,0.3332599848508835,0.05182617902755737,0.2814338244497776,0.0005835778429172933,0.2358852784049139,0.0005051076625372892,2.6000000000000014,8.233333333333334,5.633333333333333
brc_v3_20k_electrical_conf50,20k EC 50%,degree_preserving,5,0,4.0,467,980,47,20884426,0.0749083012342453,0.16231891512870789,0.06694043427705765,0.09537845849990845,0.0006708342698402703,2.6811224391021424,0.005741161539833281,2.0,4.48,0.058256056159734726,0.1452270895242691,0.055233944207429886,0.08999314159154892,0.00028212746838107705,3.0354458624085408,0.006499884073679959,5.0,8.0,-0.016652245074510574,-0.017091825604438782,-0.011706490069627762,-0.005385316908359528,-0.00038870680145919323,0.3543234233063983,0.0007587225338466777,2.6000000000000014,8.233333333333334,5.633333333333333
brc_v3_20k_electrical_conf50,20k EC 50%,degree_preserving,6,0,4.0,467,980,47,20984426,0.04079361632466316,0.10307979583740234,0.04254799708724022,0.06053180992603302,0.00031644798582419753,2.8585237564791113,0.006121035881111588,2.0,4.48,0.13681766390800476,0.30148792266845703,0.12047332525253296,0.18101464211940765,0.0030882912687957287,3.062047849707743,0.006556847643913797,5.0,8.0,0.0960240475833416,0.1984081268310547,0.07792532816529274,0.12048283219337463,0.002771843282971531,0.20352409322863174,0.0004358117628022089,2.6000000000000014,8.233333333333334,5.633333333333333
brc_v3_20k_electrical_conf50,20k EC 50%,degree_preserving,7,0,4.0,467,980,47,21084426,0.09582042694091797,0.2348051518201828,0.08362880349159241,0.1511763334274292,0.0013721551513299346,2.690986131134623,0.005762282936048443,2.0,4.48,0.17616288363933563,0.5870047807693481,0.13088594377040863,0.4561188817024231,2.0589503037626855e-05,2.899662170448385,0.006209126703315599,5.0,8.0,0.08034245669841766,0.35219962894916534,0.04725714027881622,0.3049425482749939,-0.0013515656482923077,0.2086760393137621,0.0004468437672671558,2.6000000000000014,8.233333333333334,5.633333333333333
brc_v3_20k_electrical_conf50,20k EC 50%,degree_preserving,8,0,4.0,467,980,47,21184426,0.10490527004003525,0.17433825135231018,0.10233114659786224,0.07200710475444794,0.0001841673074522987,2.7328341050005798,0.0058518931584594855,2.0,4.48,0.11667744815349579,0.2600082457065582,0.10689488053321838,0.15311339497566223,0.0001389901153743267,3.0366790118846403,0.006502524650716574,5.0,8.0,0.01177217811346054,0.08566999435424805,0.00456373393535614,0.0811062902212143,-4.5177192077971995e-05,0.3038449068840605,0.0006506314922570889,2.6000000000000014,8.233333333333334,5.633333333333333
brc_v3_20k_electrical_conf50,20k EC 50%,degree_preserving,9,0,4.0,467,980,47,21284426,0.03541262447834015,0.1038094013929367,0.045672908425331116,0.05813648924231529,4.1207957110600546e-05,2.6963846447690027,0.005773842922417565,2.0,4.48,0.0496702678501606,0.2670571208000183,0.05086156353354454,0.21619558334350586,0.0015576118603348732,2.963223072911061,0.006345231419509766,5.0,8.0,0.01425764337182045,0.1632477194070816,0.005188655108213425,0.15805909410119057,0.0015164039032242727,0.26683842814205816,0.0005713884970922015,2.6000000000000014,8.233333333333334,5.633333333333333
brc_v3_20k_electrical_conf50,20k EC 50%,degree_preserving,10,0,4.0,467,980,47,21384426,0.1256381720304489,0.33485570549964905,0.10424615442752838,0.23060952126979828,0.0012466394109651446,2.775204741556939,0.005942622572927064,2.0,4.48,0.19516636431217194,0.5795544385910034,0.15282301604747772,0.4267314076423645,0.0017511462792754173,2.9132707527244714,0.006238267136454971,5.0,8.0,0.06952819228172302,0.24469873309135437,0.04857686161994934,0.19612188637256622,0.0005045068683102727,0.13806601116753248,0.0002956445635279069,2.6000000000000014,8.233333333333334,5.633333333333333
brc_v3_20k_electrical_conf50,20k EC 50%,degree_preserving,11,0,4.0,467,980,47,21484426,0.048186033964157104,0.077220618724823,0.04531705006957054,0.03190356120467186,0.0001405182556482032,2.8143740538814934,0.006026496903386496,2.0,4.48,0.07684652507305145,0.3290970027446747,0.05419791489839554,0.27489909529685974,0.00037613362655974925,3.097619768281131,0.006633018775762593,5.0,8.0,0.028660491108894348,0.2518763840198517,0.008880864828824997,0.24299553409218788,0.00023561537091154605,0.28324571439963764,0.0006065218723760972,2.6000000000000014,8.233333333333334,5.633333333333333
brc_v3_20k_electrical_conf50,20k EC 50%,degree_strength_preserving,0,0,4.0,467,980,47,20384426,0.11504600197076797,0.22484344244003296,0.10392962396144867,0.1209138035774231,0.0001830902911024168,2.670110101008107,0.005717580516077317,2.0,4.48,0.1554633229970932,0.4483834207057953,0.1284608691930771,0.3199225962162018,0.0002368288260186091,2.9802469513597445,0.006381685120684677,5.0,8.0,0.040417321026325226,0.22353997826576233,0.024531245231628418,0.1990087926387787,5.373853491619229e-05,0.3101368503516375,0.0006641046046073603,2.6000000000000014,8.233333333333334,5.633333333333333
brc_v3_20k_electrical_conf50,20k EC 50%,degree_strength_preserving,1,0,4.0,467,980,47,20484426,0.036584727466106415,0.13504786789417267,0.05144646018743515,0.0836014375090599,5.459335807245225e-05,2.7205217343021744,0.005825528338976819,2.0,4.48,0.04062163829803467,0.3373429477214813,0.053968943655490875,0.28337398171424866,0.0003962084010709077,2.911516207921211,0.006234510081201737,5.0,8.0,0.004036910831928253,0.20229507982730865,0.002522483468055725,0.19977254420518875,0.00034161504299845546,0.19099447361903676,0.0004089817422249179,2.6000000000000014,8.233333333333334,5.633333333333333
brc_v3_20k_electrical_conf50,20k EC 50%,degree_strength_preserving,2,0,4.0,467,980,47,20584426,0.023304296657443047,0.2910315692424774,0.03310680016875267,0.25792476534843445,7.819560414645821e-05,2.666953846580553,0.005710821941285981,2.0,4.48,0.08043355494737625,0.24397845566272736,0.06788823008537292,0.17609024047851562,0.0002833483158610761,3.032229038567639,0.006492995799930705,5.0,8.0,0.057129258289933205,-0.04705311357975006,0.034781429916620255,-0.08183452486991882,0.0002051527117146179,0.3652751919870858,0.0007821738586447236,2.6000000000000014,8.233333333333334,5.633333333333333
brc_v3_20k_electrical_conf50,20k EC 50%,degree_strength_preserving,3,0,4.0,467,980,47,20684426,0.13659954071044922,0.47244855761528015,0.09996972233057022,0.3724788427352905,0.0010823927586898208,2.6510156174862067,0.005676692971062541,2.0,4.48,0.1798686534166336,0.5685105919837952,0.14051373302936554,0.4279969334602356,8.746725507080555e-05,2.8806280091381633,0.006168368327918979,5.0,8.0,0.04326911270618439,0.09606203436851501,0.04054401069879532,0.05551809072494507,-0.0009949255036190152,0.22961239165195657,0.0004916753568564381,2.6000000000000014,8.233333333333334,5.633333333333333
brc_v3_20k_electrical_conf50,20k EC 50%,degree_strength_preserving,4,0,4.0,467,980,47,20784426,0.07605043053627014,0.1919516921043396,0.06719016283750534,0.12476151436567307,0.0002875559439416975,2.7135365311737627,0.005810570730564802,2.0,4.48,0.031016087159514427,0.15006232261657715,0.034043632447719574,0.11601868271827698,0.0002276311133755371,2.9492265683330103,0.0063152603176295724,5.0,8.0,-0.045034343376755714,-0.04188936948776245,-0.03314653038978577,-0.008742831647396088,-5.992483056616038e-05,0.23569003715924763,0.0005046895870647701,2.6000000000000014,8.233333333333334,5.633333333333333
brc_v3_20k_electrical_conf50,20k EC 50%,degree_strength_preserving,5,0,4.0,467,980,47,20884426,0.12621426582336426,0.38252806663513184,0.0983545258641243,0.28417354822158813,0.001137192826718092,2.7376171560947746,0.00586213523789031,2.0,4.48,0.10353172570466995,0.4135779142379761,0.07078248262405396,0.34279537200927734,0.0001458088809158653,3.029453073545174,0.006487051549347268,5.0,8.0,-0.022682540118694305,0.03104984760284424,-0.027572043240070343,0.05862182378768921,-0.0009913839458022267,0.2918359174503995,0.000624916311456958,2.6000000000000014,8.233333333333334,5.633333333333333
brc_v3_20k_electrical_conf50,20k EC 50%,degree_strength_preserving,6,0,4.0,467,980,47,20984426,0.021218549460172653,0.09992116689682007,0.020378487184643745,0.07954266667366028,1.7582084183231927e-05,2.829875555076622,0.0060596906960955505,2.0,4.48,0.029379600659012794,0.06982319802045822,0.031515490263700485,0.03830770403146744,0.00048527331091463566,3.0926996772167743,0.0066224832488581895,5.0,8.0,0.008161051198840141,-0.030097968876361847,0.01113700307905674,-0.04123496264219284,0.00046769122673140373,0.2628241221401524,0.0005627925527626389,2.6000000000000014,8.233333333333334,5.633333333333333
brc_v3_20k_electrical_conf50,20k EC 50%,degree_strength_preserving,7,0,4.0,467,980,47,21084426,0.14894135296344757,0.34024372696876526,0.12811335921287537,0.2121303826570511,0.0010870355181396008,2.6732816226606917,0.00572437178299934,2.0,4.48,0.21353475749492645,0.6226126551628113,0.16794751584529877,0.4546651244163513,9.950692765414715e-05,2.8468119619863983,0.006095957092047962,5.0,8.0,0.06459340453147888,0.282368928194046,0.0398341566324234,0.24253474175930023,-0.0009875285904854536,0.1735303393257066,0.00037158530904862243,2.6000000000000014,8.233333333333334,5.633333333333333
brc_v3_20k_electrical_conf50,20k EC 50%,degree_strength_preserving,8,0,4.0,467,980,47,21184426,0.061983104795217514,0.2165527194738388,0.056615252047777176,0.15993745625019073,7.464322698069736e-05,2.779937440873487,0.005952756832705539,2.0,4.48,0.1330074816942215,0.5341811180114746,0.0886874869465828,0.4454936981201172,0.0004567761206999421,3.0105272994053287,0.006446525266392567,5.0,8.0,0.07102437689900398,0.3176283985376358,0.03207223489880562,0.28555624186992645,0.00038213289371924475,0.23058985853184177,0.0004937684336870276,2.6000000000000014,8.233333333333334,5.633333333333333
brc_v3_20k_electrical_conf50,20k EC 50%,degree_strength_preserving,9,0,4.0,467,980,47,21284426,0.0877634584903717,0.13250696659088135,0.0946420207619667,0.03786495327949524,3.0235811209422536e-05,2.681251413848465,0.005741437717020267,2.0,4.48,0.05399713292717934,0.1731574386358261,0.05213015526533127,0.12102729082107544,0.0008285999647341669,2.940757091145499,0.006297124392174516,5.0,8.0,-0.03376632556319237,0.04065047204494476,-0.04251186549663544,0.0831623375415802,0.0007983641535247443,0.25950567729703433,0.000555686675154249,2.6000000000000014,8.233333333333334,5.633333333333333
brc_v3_20k_electrical_conf50,20k EC 50%,degree_strength_preserving,10,0,4.0,467,980,47,21384426,0.15604332089424133,0.4143757224082947,0.1276676207780838,0.2867080867290497,0.0009074801346287131,2.735035747543158,0.005856607596452158,2.0,4.48,0.19453302025794983,0.7255836725234985,0.1410275250673294,0.5845561623573303,0.0011546480236575007,2.903892203673866,0.0062181845903080644,5.0,8.0,0.038489699363708496,0.31120795011520386,0.013359904289245605,0.29784807562828064,0.0002471678890287876,0.1688564561307082,0.00036157699385590616,2.6000000000000014,8.233333333333334,5.633333333333333
brc_v3_20k_electrical_conf50,20k EC 50%,degree_strength_preserving,11,0,4.0,467,980,47,21484426,0.10877163708209991,0.3219011425971985,0.08539927005767822,0.2365017831325531,0.0005885078571736813,2.801152205963795,0.005998184595211552,2.0,4.48,0.1057395413517952,0.4780917465686798,0.06500595062971115,0.41308584809303284,0.00017390264838468283,3.0252637794383936,0.006478080898155019,5.0,8.0,-0.003032095730304718,0.15619060397148132,-0.02039331942796707,0.17658406496047974,-0.0004146052087889984,0.22411157347459865,0.0004798963029434668,2.6000000000000014,8.233333333333334,5.633333333333333
brc_v3_20k_fibercount_conf10,20k FC 10%,real,-1,0,1.6,968,11418,97,20292026,0.034921225160360336,0.08366316556930542,0.0352708175778389,0.04839235171675682,9.712186147226021e-05,2.8182791558959903,0.002911445408983461,2.0,4.48,0.05023511126637459,0.17336760461330414,0.04184294119477272,0.1315246820449829,9.209475138050038e-06,3.121453125389244,0.003224641658459963,5.0,8.0,0.015313886106014252,0.08970443904399872,0.006572123616933823,0.08313233032822609,-8.791238633421017e-05,0.3031739694932538,0.0003131962494765019,2.6,8.233333333333333,5.633333333333333
brc_v3_20k_fibercount_conf10,20k FC 10%,real,-1,1,1.6,968,11418,97,20292027,0.04571698233485222,0.321193128824234,0.01729256846010685,0.3039005398750305,2.840797242242843e-05,2.7700826757555155,0.0028616556567722267,2.0,4.48,0.02126443199813366,0.08745595067739487,0.019730085507035255,0.06772585958242416,3.47133754985407e-05,3.0325507751678016,0.003132800387570043,5.0,8.0,-0.02445255033671856,-0.23373717814683914,0.0024375170469284058,-0.23617468029260635,6.30540307611227e-06,0.2624680994122861,0.00027114473079781643,2.6,8.233333333333333,5.633333333333333
brc_v3_20k_fibercount_conf10,20k FC 10%,real,-1,2,1.6,968,11418,97,20292028,0.042793482542037964,0.10934499651193619,0.03612789511680603,0.07321709394454956,4.442760837264359e-05,2.8067035424454256,0.00289948713062544,2.0,4.48,0.024010412395000458,0.11634427309036255,0.022917740046977997,0.09342654049396515,9.088965452974662e-05,3.122801130895879,0.0032260342261321065,5.0,8.0,-0.018783070147037506,0.006999276578426361,-0.013210155069828033,0.02020944654941559,4.646204615710303e-05,0.3160975884504533,0.00032654709550666676,2.6,8.233333333333333,5.633333333333333
brc_v3_20k_fibercount_conf10,20k FC 10%,real,-1,3,1.6,968,11418,97,20292029,0.03937798738479614,0.05053580179810524,0.04085727408528328,0.009678531438112259,0.00014346433454193175,2.80584111665377,0.0028985961948902583,2.0,4.48,0.04476247727870941,0.151595339179039,0.035818468779325485,0.11577686667442322,1.6412332115578465e-05,3.0713145646515327,0.003172845624640013,5.0,8.0,0.005384489893913269,0.10105953738093376,-0.005038805305957794,0.10609833523631096,-0.00012705200242635328,0.26547344799776296,0.0002742494297497547,2.6,8.233333333333333,5.633333333333333
brc_v3_20k_fibercount_conf10,20k FC 10%,real,-1,4,1.6,968,11418,97,20292030,0.021000728011131287,0.05789001286029816,0.025673361495137215,0.03221665695309639,0.00011604367318795994,2.816637564831766,0.002909749550446039,2.0,4.48,0.024442622438073158,0.12686273455619812,0.03419835865497589,0.09266437590122223,1.8208309484180063e-05,3.0860116491221588,0.003188028563142726,5.0,8.0,0.0034418944269418716,0.06897272169589996,0.008524997159838676,0.06044771894812584,-9.783536370377988e-05,0.2693740842903929,0.0002782790126966868,2.6,8.233333333333333,5.633333333333333
brc_v3_20k_fibercount_conf10,20k FC 10%,real,-1,5,1.6,968,11418,97,20292031,0.03650274872779846,0.08227265626192093,0.03467170521616936,0.04760095477104187,0.00033653673017397523,2.8271650685463157,0.0029206250708123096,2.0,4.48,0.013674878515303135,0.08677744120359421,0.017246445640921593,0.06953100115060806,0.00012181667989352718,3.092690412503125,0.0031949281120900053,5.0,8.0,-0.022827870212495327,0.004504784941673279,-0.017425259575247765,0.021930046379566193,-0.00021472005028044805,0.2655253439568095,0.0002743030412776957,2.6,8.233333333333333,5.633333333333333
brc_v3_20k_fibercount_conf10,20k FC 10%,real,-1,6,1.6,968,11418,97,20292032,0.04267507046461105,0.15863029658794403,0.030055245384573936,0.12857504189014435,9.608006075723097e-05,2.837334979098638,0.0029311311767547914,2.0,4.48,0.05526503920555115,0.2128993570804596,0.04009273275732994,0.17280662059783936,5.4487845773110166e-05,3.1393186154575523,0.003243097743241273,5.0,8.0,0.012589968740940094,0.054269060492515564,0.010037487372756004,0.04423157870769501,-4.15922149841208e-05,0.30198363635891434,0.00031196656648648175,2.6,8.233333333333333,5.633333333333333
brc_v3_20k_fibercount_conf10,20k FC 10%,real,-1,7,1.6,968,11418,97,20292033,0.018339691683650017,0.16506722569465637,0.029383422806859016,0.1356838047504425,6.458117695729015e-06,2.82209385916723,0.002915386218147965,2.0,4.48,0.026476223021745682,0.22714295983314514,0.031199995428323746,0.1959429830312729,3.9202637708513066e-05,3.1145589830282083,0.003217519610566331,5.0,8.0,0.008136531338095665,0.06207573413848877,0.0018165726214647293,0.06025917828083038,3.274452001278405e-05,0.29246512386097834,0.00030213339241836603,2.6,8.233333333333333,5.633333333333333
brc_v3_20k_fibercount_conf10,20k FC 10%,real,-1,8,1.6,968,11418,97,20292034,0.0241088829934597,0.06038864701986313,0.029463322833180428,0.0309253241866827,6.165953527670354e-05,2.8685602600708227,0.0029633886984202712,2.0,4.48,0.03225930780172348,0.08949656784534454,0.037292253226041794,0.05220432206988335,0.000232409467571415,3.194814531836012,0.003300428235367781,5.0,8.0,0.008150424808263779,0.029107920825481415,0.007828930392861366,0.021278997883200645,0.00017074993229471147,0.3262542717651895,0.0003370395369475098,2.6,8.233333333333333,5.633333333333333
brc_v3_20k_fibercount_conf10,20k FC 10%,real,-1,9,1.6,968,11418,97,20292035,0.05467449501156807,0.07438474148511887,0.06664338707923889,0.007741342298686504,7.919853669591248e-05,2.8045518582604494,0.002897264316384762,2.0,4.48,0.017490440979599953,0.08026093244552612,0.01700362004339695,0.06325731426477432,1.7883725377032533e-05,3.0933418220319653,0.003195601055818146,5.0,8.0,-0.03718405403196812,0.005876190960407257,-0.04963976703584194,0.05551597196608782,-6.131481131887995e-05,0.2887899637715159,0.00029833673943338405,2.6,8.233333333333333,5.633333333333333
brc_v3_20k_fibercount_conf10,20k FC 10%,real,-1,10,1.6,968,11418,97,20292036,0.08044686913490295,0.03089645504951477,0.08650154620409012,-0.05560508742928505,4.8616944695822895e-05,2.841759595404658,0.0029357020613684486,2.0,4.48,0.04873686656355858,0.10396409034729004,0.05042538419365883,0.053538691252470016,0.00019729208725038916,3.1369293019621285,0.0032406294441757527,5.0,8.0,-0.031710002571344376,0.07306763529777527,-0.03607616201043129,0.10914377868175507,0.00014867514255456626,0.2951697065574703,0.00030492738280730406,2.6,8.233333333333333,5.633333333333333
brc_v3_20k_fibercount_conf10,20k FC 10%,real,-1,11,1.6,968,11418,97,20292037,0.05132801830768585,0.24303510785102844,0.036030739545822144,0.2070043385028839,9.095692803384736e-05,2.8757927378099795,0.0029708602663326236,2.0,4.48,0.040928374975919724,0.24372129142284393,0.02928759530186653,0.2144336998462677,0.0001768436486599967,3.179308939204786,0.0032844100611619693,5.0,8.0,-0.010399643331766129,0.0006861835718154907,-0.006743144243955612,0.007429361343383789,8.588672062614933e-05,0.30351620139480673,0.0003135497948293458,2.6,8.233333333333333,5.633333333333333
brc_v3_20k_fibercount_conf10,20k FC 10%,degree_preserving,0,0,1.6,968,11418,97,20392026,0.018353678286075592,0.017433222383260727,0.021500546485185623,-0.0040673245675861835,4.4888995034852996e-05,2.817056543847892,0.002910182380008153,2.0,4.48,0.026786740869283676,0.11904039978981018,0.028457388281822205,0.09058303385972977,3.091820690315217e-05,3.1372835903718235,0.0032409954445989913,5.0,8.0,0.008433062583208084,0.10160717740654945,0.006956841796636581,0.09465035842731595,-1.3970788131700829e-05,0.3202270465239314,0.00033081306459083843,2.6,8.233333333333333,5.633333333333333
brc_v3_20k_fibercount_conf10,20k FC 10%,degree_preserving,1,0,1.6,968,11418,97,20492026,0.047775350511074066,0.09968078136444092,0.0452602244913578,0.054420534521341324,8.687864465173334e-05,2.773187809901943,0.002864863439981346,2.0,4.48,0.01623617671430111,0.12975336611270905,0.01719224452972412,0.11256112903356552,1.0135016054846346e-05,3.0437705633928704,0.003144391077885197,5.0,8.0,-0.03153917379677296,0.030072584748268127,-0.028067979961633682,0.0581405945122242,-7.674362859688699e-05,0.27058275349092753,0.00027952763790385074,2.6,8.233333333333333,5.633333333333333
brc_v3_20k_fibercount_conf10,20k FC 10%,degree_preserving,2,0,1.6,968,11418,97,20592026,0.04594060406088829,0.11946997046470642,0.05442505702376366,0.06504490226507187,0.00011440423259045929,2.8087956854730187,0.002901648435406011,2.0,4.48,0.029998330399394035,0.039187319576740265,0.032372087240219116,0.00681522861123085,0.00015860020357649773,3.115567792090147,0.0032185617686881682,5.0,8.0,-0.015942273661494255,-0.08028265088796616,-0.02205296978354454,-0.05822967365384102,4.4195970986038446e-05,0.30677210661712806,0.00031691333328215734,2.6,8.233333333333333,5.633333333333333
brc_v3_20k_fibercount_conf10,20k FC 10%,degree_preserving,3,0,1.6,968,11418,97,20692026,0.04487556591629982,0.1073320284485817,0.04135894775390625,0.06597308069467545,0.00013260188279673457,2.8318789382840683,0.002925494770954616,2.0,4.48,0.027649518102407455,0.07161523401737213,0.02511238120496273,0.046502843499183655,5.5284395784838125e-05,3.1114035373686177,0.003214259852653531,5.0,8.0,-0.017226047813892365,-0.035716794431209564,-0.01624656654894352,-0.01947023719549179,-7.731748701189645e-05,0.2795245990845494,0.00028876508169891485,2.6,8.233333333333333,5.633333333333333
brc_v3_20k_fibercount_conf10,20k FC 10%,degree_preserving,4,0,1.6,968,11418,97,20792026,0.05011095851659775,0.12654057145118713,0.042399343103170395,0.08414121717214584,4.2090387069038115e-06,2.8247809268578234,0.002918162114522545,2.0,4.48,0.02618873305618763,0.035066962242126465,0.028497859835624695,0.006569101009517908,0.00012961703760083765,3.107188387411678,0.0032099053588963617,5.0,8.0,-0.023922225460410118,-0.09147360920906067,-0.0139014832675457,-0.07757211616262794,0.00012540799889393384,0.2824074605538547,0.0002917432443738169,2.6,8.233333333333333,5.633333333333333
brc_v3_20k_fibercount_conf10,20k FC 10%,degree_preserving,5,0,1.6,968,11418,97,20892026,0.018863389268517494,0.08239581435918808,0.012602039612829685,0.06979377567768097,4.884780719294213e-05,2.790682603910949,0.0028829365742881704,2.0,4.48,0.030793294310569763,0.17951524257659912,0.021214136853814125,0.15830112993717194,4.348285074229352e-06,3.0767101185824983,0.003178419543990184,5.0,8.0,0.011929905042052269,0.09711942821741104,0.00861209724098444,0.08850735425949097,-4.4499522118712775e-05,0.2860275146715492,0.0002954829697020137,2.6,8.233333333333333,5.633333333333333
brc_v3_20k_fibercount_conf10,20k FC 10%,degree_preserving,6,0,1.6,968,11418,97,20992026,0.04548230022192001,0.053759440779685974,0.049138713628053665,0.004620725754648447,3.003114579769317e-05,2.803278384751591,0.00289594874457809,2.0,4.48,0.05017910897731781,0.054044459015131,0.06060830503702164,-0.00656384602189064,1.4554500921803992e-05,3.0744502303513728,0.0031760849487100958,5.0,8.0,0.004696808755397797,0.0002850182354450226,0.011469591408967972,-0.011184571776539087,-1.547664487588918e-05,0.2711718455997816,0.00028013620413200584,2.6,8.233333333333333,5.633333333333333
brc_v3_20k_fibercount_conf10,20k FC 10%,degree_preserving,7,0,1.6,968,11418,97,21092026,0.025912148877978325,0.14322395622730255,0.0419546514749527,0.10126931965351105,3.3837037335615605e-05,2.833148285800912,0.0029268060803728426,2.0,4.48,0.03445430472493172,0.054115843027830124,0.03839433938264847,0.015721501782536507,9.82054480118677e-05,3.126977128509006,0.0032303482732531055,5.0,8.0,0.008542155846953392,-0.08910811319947243,-0.0035603120923042297,-0.08554781787097454,6.43684106762521e-05,0.2938288427080944,0.00030354219288026294,2.6,8.233333333333333,5.633333333333333
brc_v3_20k_fibercount_conf10,20k FC 10%,degree_preserving,8,0,1.6,968,11418,97,21192026,0.027976144105196,0.1136956736445427,0.020374037325382233,0.09332164376974106,6.392442446667701e-05,2.875353668924685,0.002970406682773435,2.0,4.48,0.037707068026065826,0.0668763816356659,0.03572087362408638,0.03115551732480526,6.1811922932975e-05,3.1794075205143773,0.0032845119013578277,5.0,8.0,0.009730923920869827,-0.0468192920088768,0.015346836298704147,-0.0621661264449358,-2.112501533702016e-06,0.3040538515896922,0.0003141052185843926,2.6,8.233333333333333,5.633333333333333
brc_v3_20k_fibercount_conf10,20k FC 10%,degree_preserving,9,0,1.6,968,11418,97,21292026,0.03955253213644028,0.1204962506890297,0.03555269539356232,0.08494354039430618,0.00025013592676259577,2.831678926476969,0.0029252881471869517,2.0,4.48,0.07341171056032181,0.18092723190784454,0.06477531045675278,0.11615195870399475,4.732178422273137e-05,3.1127432743475265,0.0032156438784581884,5.0,8.0,0.03385917842388153,0.06043098121881485,0.02922261506319046,0.031208418309688568,-0.0002028141425398644,0.28106434787055745,0.00029035573127123666,2.6,8.233333333333333,5.633333333333333
brc_v3_20k_fibercount_conf10,20k FC 10%,degree_preserving,10,0,1.6,968,11418,97,21392026,0.039894744753837585,0.2525155246257782,0.025015998631715775,0.2274995595216751,5.799115569971036e-06,2.784102908373165,0.002876139368154096,2.0,4.48,0.057328399270772934,0.10302861034870148,0.053891170769929886,0.0491374246776104,0.00013806864444632083,3.046153996745762,0.0031468533024233076,5.0,8.0,0.01743365451693535,-0.14948691427707672,0.02887517213821411,-0.1783621348440647,0.0001322695288763498,0.26205108837259683,0.0002707139342692116,2.6,8.233333333333333,5.633333333333333
brc_v3_20k_fibercount_conf10,20k FC 10%,degree_preserving,11,0,1.6,968,11418,97,21492026,0.03596261888742447,0.11723492294549942,0.036942750215530396,0.08029218763113022,0.00012587565288413316,2.7750929484083047,0.002866831558273042,2.0,4.48,0.03736764192581177,0.12363197654485703,0.038030095398426056,0.08560188859701157,0.00037360750138759613,3.0133989371107055,0.003113015430899489,5.0,8.0,0.0014050230383872986,0.006397053599357605,0.0010873451828956604,0.005309700965881348,0.00024773184850346297,0.23830598870240083,0.0002461838726264469,2.6,8.233333333333333,5.633333333333333
brc_v3_20k_fibercount_conf10,20k FC 10%,degree_strength_preserving,0,0,1.6,968,11418,97,20392026,0.0175474863499403,0.03264209255576134,0.01941630244255066,0.013225787319242954,5.107822653371841e-05,2.809159452077041,0.002902024227352315,2.0,4.48,0.023173529654741287,0.20124393701553345,0.023839807137846947,0.17740412056446075,0.0001391749392496422,3.132108259779754,0.0032356490286980927,5.0,8.0,0.005626043304800987,0.1686018444597721,0.0044235046952962875,0.1641783332452178,8.809671271592379e-05,0.32294880770271295,0.00033362480134577774,2.6,8.233333333333333,5.633333333333333
brc_v3_20k_fibercount_conf10,20k FC 10%,degree_strength_preserving,1,0,1.6,968,11418,97,20492026,0.048265036195516586,0.0956181213259697,0.04465734586119652,0.05096075311303139,7.711918442510068e-05,2.7708650678894524,0.0028624639131089383,2.0,4.48,0.017802231013774872,0.0782938227057457,0.017080334946513176,0.06121348217129707,2.9940298190922476e-05,3.0482058568532757,0.0031489729926170206,5.0,8.0,-0.030462805181741714,-0.017324298620224,-0.027577010914683342,0.010252729058265686,-4.717888623417821e-05,0.2773407889638233,0.0002865090795080823,2.6,8.233333333333333,5.633333333333333
brc_v3_20k_fibercount_conf10,20k FC 10%,degree_strength_preserving,2,0,1.6,968,11418,97,20592026,0.04558804631233215,0.13621892035007477,0.051495280116796494,0.08472364395856857,0.0001772295800037682,2.812442474878311,0.0029054157798329657,2.0,4.48,0.029047144576907158,0.07003626972436905,0.030810877680778503,0.03922540694475174,0.00012250218424014747,3.1240355403469837,0.0032273094425072147,5.0,8.0,-0.016540901735424995,-0.06618265062570572,-0.02068440243601799,-0.045498237013816833,-5.4727395763620734e-05,0.31159306546867294,0.000321893662674249,2.6,8.233333333333333,5.633333333333333
brc_v3_20k_fibercount_conf10,20k FC 10%,degree_strength_preserving,3,0,1.6,968,11418,97,20692026,0.05407724156975746,0.10960477590560913,0.05122397467494011,0.05838079750537872,9.46191357797943e-05,2.830275256645044,0.0029238380750465334,2.0,4.48,0.0502782016992569,0.07416114211082458,0.049304403364658356,0.02485673688352108,8.074021025095135e-05,3.106153827432298,0.003208836598587085,5.0,8.0,-0.0037990398705005646,-0.035443633794784546,-0.0019195713102817535,-0.03352406062185764,-1.3878925528842956e-05,0.275878570787254,0.00028499852354055147,2.6,8.233333333333333,5.633333333333333
brc_v3_20k_fibercount_conf10,20k FC 10%,degree_strength_preserving,4,0,1.6,968,11418,97,20792026,0.053296759724617004,0.10715343058109283,0.0482475608587265,0.05890585482120514,7.437236035912065e-06,2.8177358653906417,0.0029108841584614066,2.0,4.48,0.030611282214522362,0.03859235346317291,0.030174218118190765,0.008418137207627296,6.562690396094695e-05,3.113123211706432,0.0032160363757297848,5.0,8.0,-0.022685477510094643,-0.06856107711791992,-0.018073342740535736,-0.05048771761357784,5.818966792503488e-05,0.2953873463157901,0.00030515221726837814,2.6,8.233333333333333,5.633333333333333
brc_v3_20k_fibercount_conf10,20k FC 10%,degree_strength_preserving,5,0,1.6,968,11418,97,20892026,0.018363522365689278,0.08714534342288971,0.012954882346093655,0.07419046014547348,5.517143290489912e-05,2.786925461163695,0.0028790552284748915,2.0,4.48,0.04200534522533417,0.2180953323841095,0.024973073974251747,0.1931222528219223,6.849672445241595e-06,3.0680481129928374,0.0031694711911083033,5.0,8.0,0.02364182285964489,0.1309499889612198,0.012018191628158092,0.11893179267644882,-4.8321760459657526e-05,0.28112265182914253,0.0002904159626334118,2.6,8.233333333333333,5.633333333333333
brc_v3_20k_fibercount_conf10,20k FC 10%,degree_strength_preserving,6,0,1.6,968,11418,97,20992026,0.03517037630081177,0.07097142934799194,0.03727547079324722,0.03369595855474472,1.0214394933427684e-05,2.807102909129277,0.002899899699513716,2.0,4.48,0.03875044360756874,0.079912468791008,0.04996340721845627,0.02994905598461628,1.904320924950298e-05,3.093912874316,0.0031961909858636366,5.0,8.0,0.0035800673067569733,0.008941039443016052,0.012687936425209045,-0.003746902570128441,8.828814316075295e-06,0.28680996518672286,0.0002962912863499205,2.6,8.233333333333333,5.633333333333333
brc_v3_20k_fibercount_conf10,20k FC 10%,degree_strength_preserving,7,0,1.6,968,11418,97,21092026,0.020811721682548523,0.13713310658931732,0.0359373576939106,0.10119574517011642,8.758018520893529e-05,2.8414704412429845,0.0029354033483915127,2.0,4.48,0.047750212252140045,0.10489501804113388,0.043541453778743744,0.06135355681180954,0.00018462091975379735,3.122619742994624,0.0032258468419365948,5.0,8.0,0.026938490569591522,-0.03223808854818344,0.007604096084833145,-0.039842188358306885,9.704073454486206e-05,0.2811493017516393,0.000290443493545082,2.6,8.233333333333333,5.633333333333333
brc_v3_20k_fibercount_conf10,20k FC 10%,degree_strength_preserving,8,0,1.6,968,11418,97,21192026,0.030380960553884506,0.12006798386573792,0.023009538650512695,0.09705845266580582,8.88117283466272e-05,2.8775744965806815,0.0029727009262197125,2.0,4.48,0.027312541380524635,0.05117807909846306,0.02615412510931492,0.02502395212650299,6.941103492863476e-05,3.179227645615336,0.0032843260801811323,5.0,8.0,-0.003068419173359871,-0.06888990476727486,0.003144586458802223,-0.07203450053930283,-1.9400693417992443e-05,0.30165314903465434,0.00031162515396141984,2.6,8.233333333333333,5.633333333333333
brc_v3_20k_fibercount_conf10,20k FC 10%,degree_strength_preserving,9,0,1.6,968,11418,97,21292026,0.033828917890787125,0.1462080031633377,0.027131538838148117,0.1190764531493187,0.00034904220956377685,2.8218981300596253,0.002915184018656638,2.0,4.48,0.0658571720123291,0.22431178390979767,0.05277024954557419,0.1715415120124817,8.903111302061006e-05,3.114918927538052,0.0032178914540682353,5.0,8.0,0.03202825412154198,0.07810378074645996,0.02563871070742607,0.052465058863162994,-0.0002600110965431668,0.2930207974784267,0.00030270743541159755,2.6,8.233333333333333,5.633333333333333
brc_v3_20k_fibercount_conf10,20k FC 10%,degree_strength_preserving,10,0,1.6,968,11418,97,21392026,0.039992883801460266,0.23875492811203003,0.02416057325899601,0.2145942896604538,2.3130749468691647e-05,2.7828972878672413,0.002874893892424836,2.0,4.48,0.058400630950927734,0.16114434599876404,0.05466492474079132,0.10647942125797272,0.0001473297888878733,3.047760668247256,0.0031485130870322893,5.0,8.0,0.018407747149467468,-0.07761058211326599,0.03050435148179531,-0.10811486840248108,0.00012419903941918164,0.26486338038001467,0.0002736191946074531,2.6,8.233333333333333,5.633333333333333
brc_v3_20k_fibercount_conf10,20k FC 10%,degree_strength_preserving,11,0,1.6,968,11418,97,21492026,0.04093864560127258,0.11300933361053467,0.03928305581212044,0.07372627407312393,9.785104339243844e-05,2.7844590798076587,0.002876507313850887,2.0,4.48,0.04075189307332039,0.1712854653596878,0.040766749531030655,0.13051871955394745,0.00044294321560300887,3.0076143104171753,0.003107039576877247,5.0,8.0,-0.00018675252795219421,0.05827613174915314,0.0014836937189102173,0.05679244548082352,0.0003450921722105704,0.22315523060951659,0.0002305322630263601,2.6,8.233333333333333,5.633333333333333
brc_v3_20k_fibercount_conf10,20k FC 10%,real,-1,0,2.4,968,11418,97,20292826,0.014305378310382366,0.15851348638534546,0.018711987882852554,0.13980145752429962,4.223336509312503e-05,2.8221931167598693,0.002915488756983336,2.0,4.48,0.044196534901857376,0.2621762156486511,0.028186744078993797,0.233989417552948,4.0491730032954365e-05,3.1040560298415896,0.0032066694523156915,5.0,8.0,0.02989115659147501,0.10366272926330566,0.009474756196141243,0.09418796002864838,-1.7416350601706654e-06,0.2818629130817203,0.0002911806953323553,2.600000000000001,8.23333333333333,5.633333333333329
brc_v3_20k_fibercount_conf10,20k FC 10%,real,-1,1,2.4,968,11418,97,20292827,0.024701213464140892,0.052370984107255936,0.023576846346259117,0.02879413403570652,0.00024911510990932584,2.794287024754673,0.0028866601495399517,2.0,4.48,0.06499416381120682,0.23402735590934753,0.046782515943050385,0.18724484741687775,1.556655297463294e-05,3.0851395090912153,0.0031871275920363792,5.0,8.0,0.040292950347065926,0.1816563718020916,0.023205669596791267,0.15845071338117123,-0.0002335485569346929,0.2908524843365421,0.00030046744249642753,2.600000000000001,8.23333333333333,5.633333333333329
brc_v3_20k_fibercount_conf10,20k FC 10%,real,-1,2,2.4,968,11418,97,20292828,0.06247709318995476,0.10781887173652649,0.05951531603932381,0.048303548246622086,4.2603336623869836e-05,2.820190586664916,0.002913420027546401,2.0,4.48,0.024432167410850525,0.1137542575597763,0.01919444091618061,0.09455981105566025,0.0001627205201657489,3.0914829879172943,0.003193680772641833,5.0,8.0,-0.03804492577910423,0.005935385823249817,-0.040320875123143196,0.04625626280903816,0.00012011718354187906,0.2712924012523783,0.000280260745095432,2.600000000000001,8.23333333333333,5.633333333333329
brc_v3_20k_fibercount_conf10,20k FC 10%,real,-1,3,2.4,968,11418,97,20292829,0.047572530806064606,0.04698881134390831,0.05265723168849945,-0.005668421275913715,1.9804059775196947e-05,2.7711129557455862,0.0028627199956049445,2.0,4.48,0.0535922534763813,0.09124527126550674,0.05362284183502197,0.03762242570519447,1.9701879864442162e-05,3.0310222534818707,0.003131221336241602,5.0,8.0,0.006019722670316696,0.044256459921598434,0.000965610146522522,0.04329084698110819,-1.0217991075478494e-07,0.25990929773628446,0.0002685013406366573,2.600000000000001,8.23333333333333,5.633333333333329
brc_v3_20k_fibercount_conf10,20k FC 10%,real,-1,4,2.4,968,11418,97,20292830,0.028412025421857834,0.11872214823961258,0.02396617829799652,0.09475598484277725,6.120250327512622e-05,2.8277959700764397,0.0029212768285913635,2.0,4.48,0.028754180297255516,0.03907769173383713,0.03141394257545471,0.007663750555366278,0.00011726783122867346,3.08924342245419,0.003191367171956808,5.0,8.0,0.0003421548753976822,-0.07964445650577545,0.007447764277458191,-0.08709223428741097,5.606532795354724e-05,0.26144745237775036,0.0002700903433654443,2.600000000000001,8.23333333333333,5.633333333333329
brc_v3_20k_fibercount_conf10,20k FC 10%,real,-1,5,2.4,968,11418,97,20292831,0.04334237426519394,0.07190649956464767,0.052263762801885605,0.019642731174826622,4.4242031435715035e-05,2.8492581980261966,0.002943448551679955,2.0,4.48,0.07094961404800415,0.12239480018615723,0.06707737594842911,0.05531742796301842,1.1592933333304245e-05,3.1566777910063264,0.003261030775832982,5.0,8.0,0.02760723978281021,0.05048830062150955,0.014813613146543503,0.035674696788191795,-3.264909810241079e-05,0.3074195929801298,0.0003175822241530267,2.600000000000001,8.23333333333333,5.633333333333329
brc_v3_20k_fibercount_conf10,20k FC 10%,real,-1,6,2.4,968,11418,97,20292832,0.04849814623594284,0.23327942192554474,0.03808102011680603,0.19519838690757751,0.00015288052964024246,2.77692424331672,0.0028687233918561154,2.0,4.48,0.03876854106783867,0.16805405914783478,0.042651861906051636,0.12540218234062195,8.815178443910554e-05,3.0831746251157526,0.0031850977532187526,5.0,8.0,-0.009729605168104172,-0.06522536277770996,0.0045708417892456055,-0.06979620456695557,-6.472874520113692e-05,0.30625038179903274,0.0003163743613626372,2.600000000000001,8.23333333333333,5.633333333333329
brc_v3_20k_fibercount_conf10,20k FC 10%,real,-1,7,2.4,968,11418,97,20292833,0.05459918454289436,0.16400159895420074,0.0477103665471077,0.11629123240709305,9.946621503331698e-06,2.806623303672418,0.0028994042393310103,2.0,4.48,0.04350670427083969,0.17255234718322754,0.03243882581591606,0.14011351764202118,0.00011608510976657271,3.1120924928978844,0.0032149715835721945,5.0,8.0,-0.011092480272054672,0.008550748229026794,-0.015271540731191635,0.02382228523492813,0.00010613848826324102,0.3054691892254664,0.0003155673442411843,2.600000000000001,8.23333333333333,5.633333333333329
brc_v3_20k_fibercount_conf10,20k FC 10%,real,-1,8,2.4,968,11418,97,20292834,0.029188266023993492,0.12144710123538971,0.02245265617966652,0.09899444878101349,2.6112164050573483e-05,2.8430086521933973,0.0029369924092906997,2.0,4.48,0.05198650807142258,0.2423681914806366,0.037909138947725296,0.2044590413570404,0.0002963693405035883,3.114098386301822,0.003217043787501882,5.0,8.0,0.022798242047429085,0.12092109024524689,0.015456482768058777,0.10546459257602692,0.00027025717645301484,0.27108973410842463,0.00028005137821118234,2.600000000000001,8.23333333333333,5.633333333333329
brc_v3_20k_fibercount_conf10,20k FC 10%,real,-1,9,2.4,968,11418,97,20292835,0.035224549472332,0.08864869922399521,0.04610348865389824,0.042545218020677567,1.5022924344521016e-05,2.8394691409410253,0.0029333358894018855,2.0,4.48,0.028442474082112312,0.08846017718315125,0.031081723049283028,0.05737844854593277,0.00015651066496502608,3.125523456556878,0.0032288465460298325,5.0,8.0,-0.006782075390219688,-0.00018852204084396362,-0.015021765604615211,0.014833230525255203,0.00014148774062050506,0.2860543156158526,0.000295510656627947,2.600000000000001,8.23333333333333,5.633333333333329
brc_v3_20k_fibercount_conf10,20k FC 10%,real,-1,10,2.4,968,11418,97,20292836,0.04994866997003555,0.16436471045017242,0.03858994320034981,0.12577475607395172,0.00018015847308561206,2.783937122605229,0.002875968101864906,2.0,4.48,0.022692473605275154,0.06642703711986542,0.02247905172407627,0.0439479760825634,8.364547829842195e-05,3.0567101646583272,0.0031577584345643876,5.0,8.0,-0.0272561963647604,-0.097937673330307,-0.016110891476273537,-0.08182677999138832,-9.651299478719011e-05,0.27277304205309827,0.00028179033269948176,2.600000000000001,8.23333333333333,5.633333333333329
brc_v3_20k_fibercount_conf10,20k FC 10%,real,-1,11,2.4,968,11418,97,20292837,0.08860640227794647,0.1997312754392624,0.07690923660993576,0.12282203137874603,0.00011537874524947256,2.8128970142177194,0.002905885345266239,2.0,4.48,0.03616407513618469,0.17026302218437195,0.027594923973083496,0.14266811311244965,0.00019652581249829382,3.09894143227516,0.0032013857771437605,5.0,8.0,-0.05244232714176178,-0.029468253254890442,-0.049314312636852264,0.019846081733703613,8.114706724882126e-05,0.28604441805744063,0.00029550043187752135,2.600000000000001,8.23333333333333,5.633333333333329
brc_v3_20k_fibercount_conf10,20k FC 10%,degree_preserving,0,0,2.4,968,11418,97,20392826,0.06327396631240845,0.045265082269907,0.06919708847999573,-0.023932022973895073,0.0002184047771152109,2.8628486019241652,0.00295748822512827,2.0,4.48,0.054951995611190796,0.1137138158082962,0.04873061552643776,0.06498318910598755,5.4117845138534904e-05,3.1427594784472612,0.003246652353767832,5.0,8.0,-0.008321970701217651,0.0684487335383892,-0.020466472953557968,0.08891521207988262,-0.000164286931976676,0.279910876523096,0.00028916412863956185,2.600000000000001,8.23333333333333,5.633333333333329
brc_v3_20k_fibercount_conf10,20k FC 10%,degree_preserving,1,0,2.4,968,11418,97,20492826,0.03332342207431793,0.1365629881620407,0.026708530262112617,0.10985443741083145,9.689125727163628e-05,2.779610381188454,0.0028714983276740226,2.0,4.48,0.049913499504327774,0.20126013457775116,0.03927202895283699,0.16198812425136566,9.379169569001533e-06,3.0424222162353898,0.003142998157267965,5.0,8.0,0.016590077430009842,0.06469714641571045,0.012563498690724373,0.05213368684053421,-8.751208770263474e-05,0.2628118350469357,0.0002714998295939423,2.600000000000001,8.23333333333333,5.633333333333329
brc_v3_20k_fibercount_conf10,20k FC 10%,degree_preserving,2,0,2.4,968,11418,97,20592826,0.038401853293180466,0.11666538566350937,0.03208889812231064,0.08457648009061813,0.0007034937734715641,2.848992227144931,0.0029431737883728625,2.0,4.48,0.08759822696447372,0.2476511001586914,0.07034175843000412,0.17730934917926788,0.0005808213027194142,3.083589555983824,0.0031855264008097354,5.0,8.0,0.04919637367129326,0.13098571449518204,0.03825286030769348,0.09273286908864975,-0.00012267247075214982,0.23459732883889295,0.00024235261243687285,2.600000000000001,8.23333333333333,5.633333333333329
brc_v3_20k_fibercount_conf10,20k FC 10%,degree_preserving,3,0,2.4,968,11418,97,20692826,0.08664613962173462,0.23212222754955292,0.0718279555439949,0.1602942943572998,0.0001262769364984706,2.753797499189225,0.002844832127261596,2.0,4.48,0.031997036188840866,0.138189435005188,0.02611449547111988,0.11207492649555206,0.00033646426163613796,3.0603518899858093,0.003161520547506001,5.0,8.0,-0.05464910343289375,-0.09393279254436493,-0.04571346007287502,-0.04821936786174774,0.00021018732513766736,0.3065543907965842,0.0003166884202444051,2.600000000000001,8.23333333333333,5.633333333333329
brc_v3_20k_fibercount_conf10,20k FC 10%,degree_preserving,4,0,2.4,968,11418,97,20792826,0.047543060034513474,0.197455033659935,0.034919414669275284,0.16253557801246643,1.5400724805658683e-05,2.874912441283787,0.002969950869094821,2.0,4.48,0.038500990718603134,0.10889619588851929,0.03846379369497299,0.0704323872923851,1.220178364746971e-05,3.178452119266252,0.003283524916597368,5.0,8.0,-0.00904206931591034,-0.08855883777141571,0.003544379025697708,-0.09210319072008133,-3.1989411581889726e-06,0.30353967798246506,0.00031357404750254666,2.600000000000001,8.23333333333333,5.633333333333329
brc_v3_20k_fibercount_conf10,20k FC 10%,degree_preserving,5,0,2.4,968,11418,97,20892826,0.03099404275417328,0.150010883808136,0.020457502454519272,0.1295533925294876,3.500433376757428e-05,2.829272623087412,0.002922802296577905,2.0,4.48,0.05265183746814728,0.055750276893377304,0.06454732269048691,-0.008797049522399902,7.226804154925048e-05,3.124396019096442,0.0032276818379095478,5.0,8.0,0.021657794713974,-0.09426060691475868,0.044089820235967636,-0.1383504420518875,3.72637077816762e-05,0.29512339600903026,0.0003048795413316428,2.600000000000001,8.23333333333333,5.633333333333329
brc_v3_20k_fibercount_conf10,20k FC 10%,degree_preserving,6,0,2.4,968,11418,97,20992826,0.03417401760816574,0.07164613157510757,0.033609505742788315,0.03803661838173866,9.18495516089024e-06,2.81044358090679,0.0029033508067218905,2.0,4.48,0.024910464882850647,0.10956714302301407,0.016175344586372375,0.09339181333780289,0.00016864370263647288,3.1187449020585074,0.003221843907085235,5.0,8.0,-0.009263552725315094,0.037921011447906494,-0.01743416115641594,0.055355194956064224,0.00015945874747558264,0.3083013211517174,0.00031849310036334436,2.600000000000001,8.23333333333333,5.633333333333329
brc_v3_20k_fibercount_conf10,20k FC 10%,degree_preserving,7,0,2.4,968,11418,97,21092826,0.034789152443408966,0.056510426104068756,0.03524696081876755,0.02126346156001091,2.587150265753735e-05,2.840037713560362,0.0029339232578102915,2.0,4.48,0.024964703246951103,0.1516091376543045,0.014250856824219227,0.13735829293727875,3.656046374089783e-06,3.1409136281644137,0.003244745483640923,5.0,8.0,-0.009824449196457863,0.09509871155023575,-0.02099610399454832,0.11609483137726784,-2.2215456283447566e-05,0.3008759146040516,0.00031082222583063163,2.600000000000001,8.23333333333333,5.633333333333329
brc_v3_20k_fibercount_conf10,20k FC 10%,degree_preserving,8,0,2.4,968,11418,97,21192826,0.02683384343981743,0.12448163330554962,0.016700157895684242,0.10778146237134933,6.545844371430576e-05,2.851432768390451,0.002945695008667821,2.0,4.48,0.08020316064357758,0.2637031376361847,0.060298945754766464,0.20340420305728912,0.0001747658388921991,3.146528510918408,0.003250545982353727,5.0,8.0,0.05336931720376015,0.13922150433063507,0.04359878785908222,0.09562274068593979,0.00010930739517789334,0.2950957425279572,0.00030485097368590595,2.600000000000001,8.23333333333333,5.633333333333329
brc_v3_20k_fibercount_conf10,20k FC 10%,degree_preserving,9,0,2.4,968,11418,97,21292826,0.06540681421756744,0.06825263798236847,0.06837456673383713,-0.00012193336442578584,6.404277519322932e-05,2.787973477107735,0.0028801378895741067,2.0,4.48,0.07289287447929382,0.17231608927249908,0.06984328478574753,0.10247280448675156,0.0002915488730650395,3.0588419753977276,0.0031599607183860822,5.0,8.0,0.007486060261726379,0.10406345129013062,0.0014687180519104004,0.10259473785117734,0.0002275060978718102,0.2708684982899925,0.00027982282881197553,2.600000000000001,8.23333333333333,5.633333333333329
brc_v3_20k_fibercount_conf10,20k FC 10%,degree_preserving,10,0,2.4,968,11418,97,21392826,0.01694503054022789,0.052888721227645874,0.018220875412225723,0.03466785326600075,4.4598938984563574e-05,2.8283449731297634,0.002921843980505954,2.0,4.48,0.025904392823576927,0.08324813097715378,0.022205635905265808,0.06104249879717827,7.036055467324331e-05,3.1149534604507845,0.00321792712856486,5.0,8.0,0.008959362283349037,0.030359409749507904,0.003984760493040085,0.02637464553117752,2.576161568867974e-05,0.28660848732102107,0.0002960831480589058,2.600000000000001,8.23333333333333,5.633333333333329
brc_v3_20k_fibercount_conf10,20k FC 10%,degree_preserving,11,0,2.4,968,11418,97,21492826,0.025086531415581703,0.08259181678295135,0.021371114999055862,0.0612206868827343,2.9339746106415987e-05,2.8464373534340033,0.002940534456026863,2.0,4.48,0.03683536499738693,0.10496503114700317,0.04351482167840004,0.06145019456744194,0.0006243166280910373,3.157687677250695,0.003262074046746586,5.0,8.0,0.01174883358180523,0.02237321436405182,0.022143706679344177,0.0002295076847076416,0.0005949768819846213,0.31125032381669193,0.00032153959071972316,2.600000000000001,8.23333333333333,5.633333333333329
brc_v3_20k_fibercount_conf10,20k FC 10%,degree_strength_preserving,0,0,2.4,968,11418,97,20392826,0.0681430920958519,0.09512054175138474,0.07169326394796371,0.023427272215485573,0.00012122419866500422,2.8549554687852967,0.0029493341619682817,2.0,4.48,0.07657057791948318,0.24528440833091736,0.05913418158888817,0.1861502230167389,6.774577923351899e-05,3.133457381245713,0.003237042749220778,5.0,8.0,0.008427485823631287,0.15016386657953262,-0.012559082359075546,0.16272295080125332,-5.3478419431485236e-05,0.27850191246041645,0.00028770858725249643,2.600000000000001,8.23333333333333,5.633333333333329
brc_v3_20k_fibercount_conf10,20k FC 10%,degree_strength_preserving,1,0,2.4,968,11418,97,20492826,0.03448222205042839,0.1498180478811264,0.024945227429270744,0.12487278878688812,0.00041701627196744084,2.7912802306487707,0.0028835539572817878,2.0,4.48,0.04817304015159607,0.20431110262870789,0.037853389978408813,0.16645772755146027,4.330970114096999e-05,3.0533005176460737,0.0031542360719484233,5.0,8.0,0.013690818101167679,0.05449305474758148,0.01290816254913807,0.041584938764572144,-0.00037370657082647085,0.26202028699730295,0.0002706821146666355,2.600000000000001,8.23333333333333,5.633333333333329
brc_v3_20k_fibercount_conf10,20k FC 10%,degree_strength_preserving,2,0,2.4,968,11418,97,20592826,0.043276313692331314,0.18629805743694305,0.02871374972164631,0.1575842946767807,0.0004553576873149723,2.842839941892053,0.0029368181217893107,2.0,4.48,0.0731382891535759,0.2497808039188385,0.053739335387945175,0.19604149460792542,0.0005114428931847215,3.0921862800948845,0.003194407314147608,5.0,8.0,0.029861975461244583,0.06348274648189545,0.025025585666298866,0.038457199931144714,5.608520586974919e-05,0.24934633820283159,0.00025758919235829717,2.600000000000001,8.23333333333333,5.633333333333329
brc_v3_20k_fibercount_conf10,20k FC 10%,degree_strength_preserving,3,0,2.4,968,11418,97,20692826,0.09446261078119278,0.25574713945388794,0.07694830000400543,0.1787988245487213,0.00025013790582306683,2.752721827547142,0.0028437208962263866,2.0,4.48,0.04369702562689781,0.13238678872585297,0.03658149391412735,0.09580529481172562,0.0005661099567078054,3.0555629626656327,0.0031565733085388765,5.0,8.0,-0.05076558515429497,-0.12336035072803497,-0.04036680608987808,-0.0829935297369957,0.00031597205088473856,0.30284113511849053,0.0003128524123124899,2.600000000000001,8.23333333333333,5.633333333333329
brc_v3_20k_fibercount_conf10,20k FC 10%,degree_strength_preserving,4,0,2.4,968,11418,97,20792826,0.04909679293632507,0.19993335008621216,0.03631652519106865,0.1636168509721756,4.480157258512918e-06,2.864359992805914,0.0029590495793449523,2.0,4.48,0.036085691303014755,0.07730994373559952,0.04411761835217476,0.03319234028458595,2.0880388547084294e-05,3.167341852060078,0.0032720473678306593,5.0,8.0,-0.013011101633310318,-0.12262340635061264,0.00780109316110611,-0.13042451068758965,1.6400231288571376e-05,0.3029818592541642,0.00031299778848570704,2.600000000000001,8.23333333333333,5.633333333333329
brc_v3_20k_fibercount_conf10,20k FC 10%,degree_strength_preserving,5,0,2.4,968,11418,97,20892826,0.03935934230685234,0.1883319765329361,0.023493608459830284,0.16483835875988007,2.637823490658775e-05,2.814509860266936,0.0029075515085402234,2.0,4.48,0.06585545092821121,0.0824485495686531,0.06598321348428726,0.016465339809656143,9.502522880211473e-05,3.116334800492854,0.0032193541327405514,5.0,8.0,0.02649610862135887,-0.10588342696428299,0.04248960502445698,-0.14837301895022392,6.864699389552698e-05,0.3018249402259179,0.00031180262420032806,2.600000000000001,8.23333333333333,5.633333333333329
brc_v3_20k_fibercount_conf10,20k FC 10%,degree_strength_preserving,6,0,2.4,968,11418,97,20992826,0.046072401106357574,0.08266588300466537,0.0435667410492897,0.03909913823008537,4.8148456698982045e-05,2.809082531222076,0.00290194476365917,2.0,4.48,0.03206688538193703,0.18257324397563934,0.017620788887143135,0.16495242714881897,5.8055866247741506e-05,3.1179613261404286,0.0032210344278310213,5.0,8.0,-0.014005515724420547,0.09990736097097397,-0.02594595216214657,0.1258532889187336,9.90740954875946e-06,0.30887879491835246,0.00031908966417185146,2.600000000000001,8.23333333333333,5.633333333333329
brc_v3_20k_fibercount_conf10,20k FC 10%,degree_strength_preserving,7,0,2.4,968,11418,97,21092826,0.036186784505844116,0.1048729345202446,0.03034690022468567,0.07452604174613953,1.0037269930762704e-05,2.831759305307636,0.0029253711831690454,2.0,4.48,0.021107012405991554,0.10302556306123734,0.017140593379735947,0.08588496595621109,9.735442290548235e-05,3.13385072431892,0.0032374490953707854,5.0,8.0,-0.015079772099852562,-0.0018473714590072632,-0.013206306844949722,0.011358924210071564,8.731715297471965e-05,0.3020914190112842,0.00031207791220173994,2.600000000000001,8.23333333333333,5.633333333333329
brc_v3_20k_fibercount_conf10,20k FC 10%,degree_strength_preserving,8,0,2.4,968,11418,97,21192826,0.02657516673207283,0.14259666204452515,0.015425225719809532,0.12717144191265106,0.00011442291724961251,2.8339804637472525,0.0029276657683339384,2.0,4.48,0.07635129243135452,0.2846102714538574,0.05385923385620117,0.23075100779533386,0.00011937716044485569,3.1367664668272313,0.0032404612260611893,5.0,8.0,0.04977612569928169,0.14201360940933228,0.03843400813639164,0.1035795658826828,4.95424319524318e-06,0.3027860030799787,0.0003127954577272509,2.600000000000001,8.23333333333333,5.633333333333329
brc_v3_20k_fibercount_conf10,20k FC 10%,degree_strength_preserving,9,0,2.4,968,11418,97,21292826,0.0586806945502758,0.06804127246141434,0.061492275446653366,0.006548990495502949,0.00010540825314819813,2.784341191184478,0.0028763855280831384,2.0,4.48,0.09382814168930054,0.22372406721115112,0.09755709022283554,0.12616698443889618,0.0003025167970918119,3.0417016752098895,0.0031422537967044314,5.0,8.0,0.035147447139024734,0.15568279474973679,0.036064814776182175,0.11961799394339323,0.00019710854394361377,0.25736048402541156,0.000265868268621293,2.600000000000001,8.23333333333333,5.633333333333329
brc_v3_20k_fibercount_conf10,20k FC 10%,degree_strength_preserving,10,0,2.4,968,11418,97,21392826,0.02079916186630726,0.06121226027607918,0.023239469155669212,0.037972789257764816,7.831452967366204e-05,2.823937682554212,0.002917290994374186,2.0,4.48,0.03307132422924042,0.06876392662525177,0.031009137630462646,0.03775479272007942,6.161961937323213e-05,3.128701924134471,0.003232130086915776,5.0,8.0,0.012272162362933159,0.007551666349172592,0.007769668474793434,-0.0002179965376853943,-1.669491030042991e-05,0.30476424158025894,0.00031483909254158976,2.600000000000001,8.23333333333333,5.633333333333329
brc_v3_20k_fibercount_conf10,20k FC 10%,degree_strength_preserving,11,0,2.4,968,11418,97,21492826,0.0282218586653471,0.08250661194324493,0.026286611333489418,0.05621999502182007,0.00010478576587047428,2.8480495026506403,0.00294219989943248,2.0,4.48,0.046605437994003296,0.18769927322864532,0.05427824333310127,0.13342100381851196,0.0012566858204081655,3.1545142199637444,0.0032587956817807275,5.0,8.0,0.018383579328656197,0.10519266128540039,0.027991631999611855,0.0772010087966919,0.0011519000545376912,0.3064647173131041,0.00031659578234824763,2.600000000000001,8.23333333333333,5.633333333333329
brc_v3_20k_fibercount_conf10,20k FC 10%,real,-1,0,3.2,968,11418,97,20293626,0.07189272344112396,0.16050055623054504,0.07306800037622452,0.08743252605199814,1.4000554983795155e-05,2.8018399766962463,0.0028944627858432295,2.0,4.48,0.10631390661001205,0.3156641721725464,0.08627843856811523,0.22938570380210876,0.00012342221452854574,3.0961715162193393,0.0031985242936150198,5.0,8.0,0.03442118316888809,0.15516361594200134,0.013210438191890717,0.14195317775011063,0.00010942165954475058,0.294331539523093,0.00030406150777179033,2.6,8.233333333333333,5.633333333333333
brc_v3_20k_fibercount_conf10,20k FC 10%,real,-1,1,3.2,968,11418,97,20293627,0.10243996977806091,0.21981555223464966,0.08958781510591507,0.13022777438163757,0.000755222630687058,2.855568955724651,0.0029499679294676144,2.0,4.48,0.10030459612607956,0.3817118704319,0.07111009955406189,0.3106018006801605,0.0006017655250616372,3.09543190330773,0.0031977602306898036,5.0,8.0,-0.0021353736519813538,0.16189631819725037,-0.01847771555185318,0.18037402629852295,-0.0001534571056254208,0.23986294758307913,0.00024779230122218927,2.6,8.233333333333333,5.633333333333333
brc_v3_20k_fibercount_conf10,20k FC 10%,real,-1,2,3.2,968,11418,97,20293628,0.07092933356761932,0.10606113821268082,0.06913552433252335,0.03692561388015747,0.00014570164785254747,2.8799381999157427,0.0029751427685079986,2.0,4.48,0.049197968095541,0.20634736120700836,0.033534128218889236,0.17281322181224823,3.7645953852916136e-05,3.1515897370945147,0.003255774521791854,5.0,8.0,-0.021731365472078323,0.10028622299432755,-0.03560139611363411,0.13588760793209076,-0.00010805569399963133,0.271651537178772,0.00028063175328385537,2.6,8.233333333333333,5.633333333333333
brc_v3_20k_fibercount_conf10,20k FC 10%,real,-1,3,3.2,968,11418,97,20293629,0.047078028321266174,0.03947119787335396,0.04973138868808746,-0.01026018988341093,6.229928658285644e-06,2.7743562437579903,0.00286607049974999,2.0,4.48,0.0637127086520195,0.20931318402290344,0.05434654280543327,0.15496663749217987,3.502190338622313e-06,3.032566009952359,0.003132816125983842,5.0,8.0,0.016634680330753326,0.16984198614954948,0.00461515411734581,0.1652268273755908,-2.727738319663331e-06,0.25820976619436875,0.00026674562623385176,2.6,8.233333333333333,5.633333333333333
brc_v3_20k_fibercount_conf10,20k FC 10%,real,-1,4,3.2,968,11418,97,20293630,0.05248727276921272,0.06613161414861679,0.05170892924070358,0.014422688633203506,9.843693260336295e-05,2.893507329243331,0.00298916046409435,2.0,4.48,0.04937744140625,0.0814305767416954,0.04820038005709648,0.033230189234018326,0.0006552577251568437,3.207663696917914,0.0033137021662375146,5.0,8.0,-0.0031098313629627228,0.015298962593078613,-0.0035085491836071014,0.01880750060081482,0.0005568207925534807,0.3141563676745833,0.0003245417021431646,2.6,8.233333333333333,5.633333333333333
brc_v3_20k_fibercount_conf10,20k FC 10%,real,-1,5,3.2,968,11418,97,20293631,0.04368922859430313,0.06839562952518463,0.042475953698158264,0.025919688865542412,4.9597576435189694e-05,2.787852659937406,0.0028800130784477334,2.0,4.48,0.06309083104133606,0.2500046193599701,0.04722163826227188,0.20278295874595642,0.0003061002353206277,3.060504672500311,0.0031616783806821393,5.0,8.0,0.01940160244703293,0.18160898983478546,0.004745684564113617,0.176863269880414,0.000256502658885438,0.27265201256290483,0.00028166530223440586,2.6,8.233333333333333,5.633333333333333
brc_v3_20k_fibercount_conf10,20k FC 10%,real,-1,6,3.2,968,11418,97,20293632,0.03909922018647194,0.13861574232578278,0.03065822646021843,0.10795750468969345,0.00011808175622718409,2.7657068978581036,0.0028571352250600242,2.0,4.48,0.01467786356806755,0.1539098620414734,0.023227013647556305,0.1306828409433365,0.00010080277570523322,3.07632296539892,0.003178019592354256,5.0,8.0,-0.02442135661840439,0.015294119715690613,-0.007431212812662125,0.022725336253643036,-1.727898052195087e-05,0.3106160675408165,0.00032088436729423193,2.6,8.233333333333333,5.633333333333333
brc_v3_20k_fibercount_conf10,20k FC 10%,real,-1,7,3.2,968,11418,97,20293633,0.07692574709653854,0.20201903581619263,0.06429214775562286,0.13772690296173096,0.000496278575155884,2.8149678266258302,0.0029080246142828823,2.0,4.48,0.0633826032280922,0.30466148257255554,0.04131659120321274,0.2633448839187622,0.00040259514935314655,3.0490322220690715,0.0031498266756911897,5.0,8.0,-0.01354314386844635,0.10264244675636292,-0.022975556552410126,0.12561798095703125,-9.368342580273747e-05,0.2340643954432413,0.00024180206140830742,2.6,8.233333333333333,5.633333333333333
brc_v3_20k_fibercount_conf10,20k FC 10%,real,-1,8,3.2,968,11418,97,20293634,0.059896089136600494,0.16644413769245148,0.049517661333084106,0.11692648380994797,7.630715845152736e-05,2.828634020088575,0.002922142582736131,2.0,4.48,0.048740990459918976,0.21677152812480927,0.035363685339689255,0.18140782415866852,0.0006638632621616125,3.0527833247950626,0.0031537017818130814,5.0,8.0,-0.011155098676681519,0.05032739043235779,-0.014153975993394852,0.06448134034872055,0.0005875561037100852,0.22414930470648775,0.00023155919907695034,2.6,8.233333333333333,5.633333333333333
brc_v3_20k_fibercount_conf10,20k FC 10%,real,-1,9,3.2,968,11418,97,20293635,0.021836301311850548,0.049246251583099365,0.02297316864132881,0.026273084804415703,3.385418312973343e-05,2.8568333707131615,0.0029512741432987204,2.0,4.48,0.03590671345591545,0.11202243715524673,0.03814507648348808,0.07387736439704895,0.0006338008679449558,3.199050692674308,0.0033048044345808966,5.0,8.0,0.014070412144064903,0.06277618557214737,0.015171907842159271,0.04760427959263325,0.0005999466848152224,0.3422173219611464,0.00035353029128217623,2.6,8.233333333333333,5.633333333333333
brc_v3_20k_fibercount_conf10,20k FC 10%,real,-1,10,3.2,968,11418,97,20293636,0.03623412176966667,0.1556096225976944,0.046375639736652374,0.10923396795988083,0.000233964849030599,2.8332106396266084,0.0029268704954820333,2.0,4.48,0.054186444729566574,0.27873465418815613,0.0556875579059124,0.22304707765579224,0.00026179637643508613,3.155641637668116,0.003259960369491855,5.0,8.0,0.017952322959899902,0.12312503159046173,0.009311918169260025,0.11381310969591141,2.7831527404487133e-05,0.32243099804150743,0.00033308987400982194,2.6,8.233333333333333,5.633333333333333
brc_v3_20k_fibercount_conf10,20k FC 10%,real,-1,11,3.2,968,11418,97,20293637,0.03717178851366043,0.12140019237995148,0.031515076756477356,0.08988510072231293,0.0003318529634270817,2.8858709519083487,0.002981271644533418,2.0,4.48,0.05158355459570885,0.2523161768913269,0.037597931921482086,0.214718297123909,0.00014661625027656555,3.209188279973724,0.0033152771487331856,5.0,8.0,0.014411766082048416,0.13091598451137543,0.00608285516500473,0.12483319640159607,-0.00018523671315051615,0.32331732806537516,0.0003340055041997675,2.6,8.233333333333333,5.633333333333333
brc_v3_20k_fibercount_conf10,20k FC 10%,degree_preserving,0,0,3.2,968,11418,97,20393626,0.01258535124361515,0.042263008654117584,0.0183273758739233,0.02393563836812973,4.635802179109305e-05,2.7783333122332423,0.0028701790415632668,2.0,4.48,0.03628098964691162,0.1965889036655426,0.02018035389482975,0.1764085590839386,0.00011242603068239987,3.0399942392779415,0.003140489916609444,5.0,8.0,0.02369563840329647,0.15432589501142502,0.0018529780209064484,0.15247292071580887,6.606800889130682e-05,0.26166092704469923,0.0002703108750461772,2.6,8.233333333333333,5.633333333333333
brc_v3_20k_fibercount_conf10,20k FC 10%,degree_preserving,1,0,3.2,968,11418,97,20493626,0.05516709387302399,0.10883594304323196,0.05876205489039421,0.05007389187812805,7.251431088661775e-05,2.814026675062621,0.0029070523502713027,2.0,4.48,0.01068648137152195,0.144878551363945,0.02065667137503624,0.12422186136245728,1.7575584934093058e-05,3.099704340025883,0.0032021739049854165,5.0,8.0,-0.04448061250150204,0.03604260832071304,-0.03810538351535797,0.07414796948432922,-5.493872595252469e-05,0.28567766496326197,0.0002951215547141138,2.6,8.233333333333333,5.633333333333333
brc_v3_20k_fibercount_conf10,20k FC 10%,degree_preserving,2,0,3.2,968,11418,97,20593626,0.023093294352293015,0.10627354681491852,0.02196025475859642,0.0843132957816124,0.00011697076115524396,2.7875795517008934,0.002879730941839766,2.0,4.48,0.06613516807556152,0.2393559366464615,0.04911425709724426,0.19024166464805603,6.852323713246733e-05,3.0291611108552714,0.003129298668238917,5.0,8.0,0.04304187372326851,0.13308238983154297,0.027154002338647842,0.10592836886644363,-4.8447524022776634e-05,0.24158155915437796,0.0002495677263991509,2.6,8.233333333333333,5.633333333333333
brc_v3_20k_fibercount_conf10,20k FC 10%,degree_preserving,3,0,3.2,968,11418,97,20693626,0.028183700516819954,0.05161627382040024,0.02964738756418228,0.021968889981508255,1.3120479707140476e-05,2.7874773610358674,0.0028796253729709374,2.0,4.48,0.051184624433517456,0.12554283440113068,0.0439261794090271,0.08161666244268417,5.352589505491778e-05,3.083511944863087,0.0031854462240321147,5.0,8.0,0.023000923916697502,0.07392656058073044,0.014278791844844818,0.05964777246117592,4.040541534777731e-05,0.2960345838272196,0.0003058208510611773,2.6,8.233333333333333,5.633333333333333
brc_v3_20k_fibercount_conf10,20k FC 10%,degree_preserving,4,0,3.2,968,11418,97,20793626,0.03757990896701813,0.12225966155529022,0.03174140676856041,0.09051826596260071,3.149231633869931e-05,2.831285281008651,0.0029248814886453003,2.0,4.48,0.0634985864162445,0.17664435505867004,0.05163035914301872,0.12501400709152222,1.515369240223663e-05,3.1012467421243324,0.003203767295582988,5.0,8.0,0.02591867744922638,0.05438469350337982,0.019888952374458313,0.03449574112892151,-1.6338623936462682e-05,0.26996146111568153,0.00027888580693768766,2.6,8.233333333333333,5.633333333333333
brc_v3_20k_fibercount_conf10,20k FC 10%,degree_preserving,5,0,3.2,968,11418,97,20893626,0.030191469937562943,0.05843653157353401,0.030324198305606842,0.02811232954263687,0.0002772588049992919,2.7995050907464134,0.0028920507135810057,2.0,4.48,0.07387928664684296,0.17397940158843994,0.06343414634466171,0.11054525524377823,0.0007393465493805707,3.1133707075575967,0.0032162920532619803,5.0,8.0,0.043687816709280014,0.11554287001490593,0.03310994803905487,0.08243292570114136,0.00046208774438127875,0.3138656168111833,0.0003242413396809746,2.6,8.233333333333333,5.633333333333333
brc_v3_20k_fibercount_conf10,20k FC 10%,degree_preserving,6,0,3.2,968,11418,97,20993626,0.044739872217178345,0.25307074189186096,0.02266261726617813,0.23040816187858582,9.934381523635238e-05,2.845574188463936,0.00293964275667762,2.0,4.48,0.07198383659124374,0.3664436638355255,0.040926799178123474,0.32551684975624084,0.000124816651805304,3.1290496381006183,0.00323248929555849,5.0,8.0,0.0272439643740654,0.11337292194366455,0.018264181911945343,0.09510868787765503,2.5472836568951607e-05,0.28347544963668225,0.00029284653888086987,2.6,8.233333333333333,5.633333333333333
brc_v3_20k_fibercount_conf10,20k FC 10%,degree_preserving,7,0,3.2,968,11418,97,21093626,0.04078665003180504,0.08694057911634445,0.035974983125925064,0.05096558853983879,0.00015653322043363005,2.7504558109489166,0.00284137996998855,2.0,4.48,0.0410480797290802,0.22522130608558655,0.025205625221133232,0.20001566410064697,4.484880992094986e-05,3.060186658435768,0.0031613498537559587,5.0,8.0,0.00026142969727516174,0.1382807269692421,-0.010769357904791832,0.14905007556080818,-0.00011168441051268019,0.3097308474868514,0.00031996988376740846,2.6,8.233333333333333,5.633333333333333
brc_v3_20k_fibercount_conf10,20k FC 10%,degree_preserving,8,0,3.2,968,11418,97,21193626,0.04551935940980911,0.12318693846464157,0.0380387157201767,0.08514823019504547,0.00029441178776323795,2.8664638206627697,0.002961222955230134,2.0,4.48,0.0677451640367508,0.2510950267314911,0.05118463188409805,0.19991040229797363,6.020694490871392e-05,3.137797151028432,0.0032415259824673886,5.0,8.0,0.02222580462694168,0.12790808826684952,0.013145916163921356,0.11476217210292816,-0.00023420484285452403,0.2713333303656622,0.00028030302723725453,2.6,8.233333333333333,5.633333333333333
brc_v3_20k_fibercount_conf10,20k FC 10%,degree_preserving,9,0,3.2,968,11418,97,21293626,0.023977112025022507,0.16246719658374786,0.022137679159641266,0.1403294950723648,5.8439116401132196e-05,2.8758872895564713,0.0029709579437566854,2.0,4.48,0.027993444353342056,0.15658366680145264,0.014841961674392223,0.14174170792102814,9.569124813424423e-05,3.1519513284450347,0.003256148066575449,5.0,8.0,0.0040163323283195496,-0.005883529782295227,-0.0072957174852490425,0.00141221284866333,3.725213173311204e-05,0.27606403888856335,0.0002851901228187637,2.6,8.233333333333333,5.633333333333333
brc_v3_20k_fibercount_conf10,20k FC 10%,degree_preserving,10,0,3.2,968,11418,97,21393626,0.05022873356938362,0.07598476856946945,0.05008422210812569,0.02590053528547287,0.00021774669585283846,2.851302727185121,0.0029455606685796706,2.0,4.48,0.04467672482132912,0.24073652923107147,0.023241499438881874,0.21749506890773773,1.1846589586639311e-05,3.169905877511087,0.003274696154453602,5.0,8.0,-0.005552008748054504,0.16475176066160202,-0.026842722669243813,0.19159453362226486,-0.00020590010626619915,0.31860315032596587,0.0003291354858739313,2.6,8.233333333333333,5.633333333333333
brc_v3_20k_fibercount_conf10,20k FC 10%,degree_preserving,11,0,3.2,968,11418,97,21493626,0.042465630918741226,0.13544286787509918,0.03548533469438553,0.09995754063129425,8.177412382792681e-05,2.8004050083720657,0.0028929803805496546,2.0,4.48,0.03978187218308449,0.09821794182062149,0.03689808025956154,0.06131985783576965,0.0002481008705217391,3.062018097205974,0.0031632418359565846,5.0,8.0,-0.0026837587356567383,-0.03722492605447769,0.0014127455651760101,-0.0386376827955246,0.0001663267466938123,0.2616130888339083,0.00027026145540693,2.6,8.233333333333333,5.633333333333333
brc_v3_20k_fibercount_conf10,20k FC 10%,degree_strength_preserving,0,0,3.2,968,11418,97,20393626,0.020172981545329094,0.10568352788686752,0.023402871564030647,0.08228065818548203,9.150968253379688e-05,2.7704157543364984,0.0028619997462153907,2.0,4.48,0.0846918597817421,0.26453959941864014,0.06489359587430954,0.19964599609375,9.348575986223295e-05,3.019534911702082,0.003119354247626118,5.0,8.0,0.064518878236413,0.1588560715317726,0.04149072431027889,0.11736533790826797,1.9760773284360766e-06,0.24911915736558354,0.0002573545014107272,2.6,8.233333333333333,5.633333333333333
brc_v3_20k_fibercount_conf10,20k FC 10%,degree_strength_preserving,1,0,3.2,968,11418,97,20493626,0.04968028888106346,0.11784283071756363,0.050999440252780914,0.06684339791536331,2.354037860641256e-05,2.8236222733510936,0.002916965158420551,2.0,4.48,0.07497096806764603,0.3354299068450928,0.048203062266111374,0.2872268855571747,0.000281158514553681,3.124333424209616,0.0032276171737702646,5.0,8.0,0.025290679186582565,0.21758707612752914,-0.0027963779866695404,0.22038348764181137,0.00025761813594726846,0.3007111508585223,0.0003106520153497135,2.6,8.233333333333333,5.633333333333333
brc_v3_20k_fibercount_conf10,20k FC 10%,degree_strength_preserving,2,0,3.2,968,11418,97,20593626,0.024857452139258385,0.0537366159260273,0.022523360326886177,0.03121325559914112,0.00014430373266804963,2.775196927051667,0.002866938974226929,2.0,4.48,0.024790605530142784,0.20072637498378754,0.01868208311498165,0.18204431235790253,3.1011739338282496e-05,3.044998649713323,0.00314565976210054,5.0,8.0,-6.684660911560059e-05,0.14698975905776024,-0.0038412772119045258,0.1508310567587614,-0.00011329199332976714,0.2698017226616556,0.00027872078787361107,2.6,8.233333333333333,5.633333333333333
brc_v3_20k_fibercount_conf10,20k FC 10%,degree_strength_preserving,3,0,3.2,968,11418,97,20693626,0.04489454627037048,0.11921081691980362,0.04073529317975044,0.07847552746534348,1.2599638466781471e-05,2.78753183802712,0.002879681650854463,2.0,4.48,0.06326930224895477,0.17234286665916443,0.051283787935972214,0.12105905264616013,1.3838210179528687e-05,3.0695808957963755,0.003171054644417743,5.0,8.0,0.01837475597858429,0.05313204973936081,0.010548494756221771,0.04258352518081665,1.2385717127472162e-06,0.2820490577692554,0.00029137299356328007,2.6,8.233333333333333,5.633333333333333
brc_v3_20k_fibercount_conf10,20k FC 10%,degree_strength_preserving,4,0,3.2,968,11418,97,20793626,0.04615487530827522,0.1614101380109787,0.035398587584495544,0.12601152062416077,4.631057890946977e-05,2.8072492566120117,0.0029000508849297644,2.0,4.48,0.08889833092689514,0.3207085132598877,0.06386290490627289,0.2568455636501312,4.279779750504531e-05,3.129071282311388,0.00323251165528036,5.0,8.0,0.04274345561861992,0.159298375248909,0.028464317321777344,0.13083404302597046,-3.5127814044244587e-06,0.32182202569937646,0.0003324607703505955,2.6,8.233333333333333,5.633333333333333
brc_v3_20k_fibercount_conf10,20k FC 10%,degree_strength_preserving,5,0,3.2,968,11418,97,20893626,0.02277308516204357,0.06920479983091354,0.020982341840863228,0.04822245612740517,0.00011804823589045554,2.822045152225826,0.0029153359010597375,2.0,4.48,0.05848255380988121,0.12786541879177094,0.05307931825518608,0.07478611171245575,0.0003177475882694125,3.09469329848326,0.0031969972091769215,5.0,8.0,0.03570946864783764,0.05866061896085739,0.03209697641432285,0.026563655585050583,0.00019969935237895697,0.27264814625743394,0.000281661308117184,2.6,8.233333333333333,5.633333333333333
brc_v3_20k_fibercount_conf10,20k FC 10%,degree_strength_preserving,6,0,3.2,968,11418,97,20993626,0.078324094414711,0.2940116822719574,0.05679183080792427,0.23721985518932343,0.00012267628335393965,2.8474689897646845,0.0029416001960378972,2.0,4.48,0.10451516509056091,0.4842904210090637,0.06641459465026855,0.41787585616111755,9.64567152550444e-06,3.1002220544871304,0.0032027087339743083,5.0,8.0,0.026191070675849915,0.19027873873710632,0.009622763842344284,0.18065600097179413,-0.00011303061182843521,0.25275306472244585,0.00026110853793641104,2.6,8.233333333333333,5.633333333333333
brc_v3_20k_fibercount_conf10,20k FC 10%,degree_strength_preserving,7,0,3.2,968,11418,97,21093626,0.02652536891400814,0.05693698674440384,0.02412469871342182,0.032812297344207764,3.081834802287631e-05,2.767259588592295,0.002858739244413528,2.0,4.48,0.019154546782374382,0.15340498089790344,0.01566125452518463,0.13774368166923523,3.753676719497889e-05,3.0397331622150827,0.0031402202088998787,5.0,8.0,-0.0073708221316337585,0.0964679941534996,-0.00846344418823719,0.10493138432502747,6.7184191721025854e-06,0.2724735736227877,0.0002814809644863508,2.6,8.233333333333333,5.633333333333333
brc_v3_20k_fibercount_conf10,20k FC 10%,degree_strength_preserving,8,0,3.2,968,11418,97,21193626,0.07827123254537582,0.18189166486263275,0.0673719123005867,0.11451973766088486,0.0010181021643802524,2.863277844236548,0.002957931657269161,2.0,4.48,0.10191001743078232,0.32597121596336365,0.07915337383747101,0.24681784212589264,0.00011042856931453571,3.1449455678890312,0.0032489107106291647,5.0,8.0,0.023638784885406494,0.1440795511007309,0.011781461536884308,0.13229810446500778,-0.0009076735950657167,0.2816677236524834,0.0002909790533600037,2.6,8.233333333333333,5.633333333333333
brc_v3_20k_fibercount_conf10,20k FC 10%,degree_strength_preserving,9,0,3.2,968,11418,97,21293626,0.023204822093248367,0.15913967788219452,0.01460273563861847,0.14453692734241486,0.00011204840848222375,2.8970170815579723,0.002992786241278897,2.0,4.48,0.016228104010224342,0.07385393977165222,0.011933284811675549,0.0619206540286541,3.4733369830064476e-05,3.1644530579769388,0.0032690630764224573,5.0,8.0,-0.006976718083024025,-0.0852857381105423,-0.0026694508269429207,-0.08261627331376076,-7.731503865215927e-05,0.26743597641896644,0.0002762768351435604,2.6,8.233333333333333,5.633333333333333
brc_v3_20k_fibercount_conf10,20k FC 10%,degree_strength_preserving,10,0,3.2,968,11418,97,21393626,0.05349181219935417,0.09528999775648117,0.05331912636756897,0.041970860213041306,0.0005685696960426867,2.855507884268103,0.0029499048391199412,2.0,4.48,0.04393918439745903,0.25383812189102173,0.021737918257713318,0.23210015892982483,2.5895873477566056e-05,3.1629610126113077,0.0032675217072430864,5.0,8.0,-0.009552627801895142,0.15854812413454056,-0.03158120810985565,0.19012929871678352,-0.0005426738225651206,0.3074531283432047,0.00031761686812314515,2.6,8.233333333333333,5.633333333333333
brc_v3_20k_fibercount_conf10,20k FC 10%,degree_strength_preserving,11,0,3.2,968,11418,97,21493626,0.05497477948665619,0.11836154013872147,0.052281443029642105,0.06608009338378906,0.000326379929902032,2.7990672366655773,0.0028915983849851007,2.0,4.48,0.0721106231212616,0.31861191987991333,0.048318542540073395,0.27029338479042053,1.9080671336269006e-05,3.058548825812036,0.003159657877904996,5.0,8.0,0.017135843634605408,0.20025037974119186,-0.00396290048956871,0.20421329140663147,-0.000307299258565763,0.2594815891464588,0.0002680594929198952,2.6,8.233333333333333,5.633333333333333
brc_v3_20k_fibercount_conf10,20k FC 10%,real,-1,0,4.0,968,11418,97,20294426,0.02697787433862686,0.12870362401008606,0.041595280170440674,0.08710832893848419,0.0002200822054874152,2.8297215809074387,0.002923266095978759,2.0,4.48,0.03932970017194748,0.16996024549007416,0.0319153368473053,0.13804492354393005,1.0937927982013207e-05,3.071091060625876,0.0031726147320515247,5.0,8.0,0.012351825833320618,0.0412566214799881,-0.009679943323135376,0.05093659460544586,-0.000209144277505402,0.24136947971843714,0.00024934863607276557,2.6000000000000005,8.23333333333333,5.63333333333333
brc_v3_20k_fibercount_conf10,20k FC 10%,real,-1,1,4.0,968,11418,97,20294427,0.03337346389889717,0.11990427225828171,0.026954716071486473,0.09294955432415009,5.904725185246207e-06,2.7370696343156586,0.002827551275119482,2.0,4.48,0.06316881626844406,0.3402489721775055,0.044949065893888474,0.2952999174594879,0.0007249342161230743,3.0051148745989202,0.003104457515081529,5.0,8.0,0.02979535236954689,0.22034469991922379,0.017994349822402,0.20235036313533783,0.0007190294909378281,0.2680452402832616,0.00027690623996204713,2.6000000000000005,8.23333333333333,5.63333333333333
brc_v3_20k_fibercount_conf10,20k FC 10%,real,-1,2,4.0,968,11418,97,20294428,0.0924939438700676,0.186292827129364,0.0828736424446106,0.1034192219376564,2.4761549866525456e-05,2.758766982825543,0.0028499658913487013,2.0,4.48,0.08079804480075836,0.3788190186023712,0.05192025750875473,0.3268986940383911,2.4276674594148062e-05,3.0281292563271975,0.003128232702817353,5.0,8.0,-0.011695899069309235,0.1925261914730072,-0.030953384935855865,0.2234794721007347,-4.848752723773941e-07,0.26936227350165476,0.0002782668114686515,2.6000000000000005,8.23333333333333,5.63333333333333
brc_v3_20k_fibercount_conf10,20k FC 10%,real,-1,3,4.0,968,11418,97,20294429,0.026875650510191917,0.18086349964141846,0.023112885653972626,0.15775062143802643,9.353762288810685e-05,2.8067529926390886,0.0028995382155362487,2.0,4.48,0.07404948025941849,0.17916080355644226,0.06672634184360504,0.11243446171283722,0.00015873827214818448,3.142515312999426,0.003246400116734944,5.0,8.0,0.04717382974922657,-0.0017026960849761963,0.043613456189632416,-0.04531615972518921,6.520064926007763e-05,0.33576232036033726,0.0003468619011986955,2.6000000000000005,8.23333333333333,5.63333333333333
brc_v3_20k_fibercount_conf10,20k FC 10%,real,-1,4,4.0,968,11418,97,20294430,0.14202213287353516,0.3270342946052551,0.12192769348621368,0.20510658621788025,0.00010705106979003176,2.7770448231910136,0.0028688479578419562,2.0,4.48,0.16498690843582153,0.5611398220062256,0.1212303414940834,0.43990954756736755,0.0004315639962442219,3.0035799713075026,0.003102871871185437,5.0,8.0,0.022964775562286377,0.23410552740097046,-0.0006973519921302795,0.2348029613494873,0.00032451292645419016,0.226535148116489,0.00023402391334348058,2.6000000000000005,8.23333333333333,5.63333333333333
brc_v3_20k_fibercount_conf10,20k FC 10%,real,-1,5,4.0,968,11418,97,20294431,0.061954669654369354,0.30396905541419983,0.039719242602586746,0.2642498314380646,0.00038141291588544846,2.7619792349366517,0.0028532843336122435,2.0,4.48,0.07799781113862991,0.371017724275589,0.04706704989075661,0.32395070791244507,7.343568722717464e-05,2.9976128185226565,0.0030967074571515048,5.0,8.0,0.01604314148426056,0.06704866886138916,0.007347807288169861,0.05970087647438049,-0.0003079772286582738,0.23563358358600484,0.00024342312353926128,2.6000000000000005,8.23333333333333,5.63333333333333
brc_v3_20k_fibercount_conf10,20k FC 10%,real,-1,6,4.0,968,11418,97,20294432,0.05772639438509941,0.2361432909965515,0.0466034896671772,0.1895398050546646,1.9231905753258616e-05,2.7873871717392205,0.0028795322022099386,2.0,4.48,0.09361621737480164,0.4569096267223358,0.05370156466960907,0.4032081067562103,0.0003001901204697788,3.0602909754459264,0.0031614576192623206,5.0,8.0,0.035889822989702225,0.2207663357257843,0.0070980750024318695,0.21366830170154572,0.00028095821471652016,0.27290380370670597,0.0002819254170523819,2.6000000000000005,8.23333333333333,5.63333333333333
brc_v3_20k_fibercount_conf10,20k FC 10%,real,-1,7,4.0,968,11418,97,20294433,0.054242152720689774,0.12823492288589478,0.05060741677880287,0.0776275098323822,0.0004827130469493568,2.8705642217221587,0.002965458906737767,2.0,4.48,0.08663367480039597,0.21086084842681885,0.07595514506101608,0.13490569591522217,7.047245890134946e-05,3.1075343822826365,0.003210262791614294,5.0,8.0,0.03239152207970619,0.08262592554092407,0.02534772828221321,0.057278186082839966,-0.00041224058804800734,0.2369701605604777,0.0002448038848765267,2.6000000000000005,8.23333333333333,5.63333333333333
brc_v3_20k_fibercount_conf10,20k FC 10%,real,-1,8,4.0,968,11418,97,20294434,0.09304779767990112,0.30796176195144653,0.07209766656160355,0.23586402833461761,0.00011416321649448946,2.748954484265037,0.0028398290126704926,2.0,4.48,0.08534131199121475,0.46768510341644287,0.051812492311000824,0.41587263345718384,0.00015000517305452377,3.001842485796967,0.003101076948137363,5.0,8.0,-0.007706485688686371,0.15972334146499634,-0.020285174250602722,0.18000860512256622,3.5841956560034305e-05,0.25288800153193014,0.00026124793546687024,2.6000000000000005,8.23333333333333,5.63333333333333
brc_v3_20k_fibercount_conf10,20k FC 10%,real,-1,9,4.0,968,11418,97,20294435,0.14532256126403809,0.35692453384399414,0.12230994552373886,0.23461459577083588,0.0007253785734064877,2.8019437868308845,0.0028945700277178557,2.0,4.48,0.17683418095111847,0.6489107608795166,0.12442793697118759,0.5244829058647156,0.00029783713398501277,3.0375019643958234,0.003137915252475024,5.0,8.0,0.03151161968708038,0.29198622703552246,0.0021179914474487305,0.2898683100938797,-0.00042754143942147493,0.2355581775649389,0.00024334522475716845,2.6000000000000005,8.23333333333333,5.63333333333333
brc_v3_20k_fibercount_conf10,20k FC 10%,real,-1,10,4.0,968,11418,97,20294436,0.055560898035764694,0.2596801817417145,0.03811871260404587,0.2215614914894104,0.0002151436056010425,2.7631108291120814,0.0028544533358595883,2.0,4.48,0.09562133252620697,0.556422770023346,0.04571150615811348,0.5107111930847168,8.391686424147338e-05,2.9755268080528725,0.003073891330633133,5.0,8.0,0.040060434490442276,0.29674258828163147,0.007592793554067612,0.2891497015953064,-0.00013122674135956913,0.21241597894079112,0.00021943799477354463,2.6000000000000005,8.23333333333333,5.63333333333333
brc_v3_20k_fibercount_conf10,20k FC 10%,real,-1,11,4.0,968,11418,97,20294437,0.054471455514431,0.2019035816192627,0.038133736699819565,0.16376982629299164,7.329094660235569e-05,2.824865712255854,0.0029182497027436505,2.0,4.48,0.10833897441625595,0.28042805194854736,0.09091063588857651,0.18951746821403503,0.000594384444411844,3.107019027125031,0.0032097303999225526,5.0,8.0,0.05386751890182495,0.07852447032928467,0.05277689918875694,0.025747641921043396,0.0005210934978094883,0.28215331486917705,0.00029148069717890206,2.6000000000000005,8.23333333333333,5.63333333333333
brc_v3_20k_fibercount_conf10,20k FC 10%,degree_preserving,0,0,4.0,968,11418,97,20394426,0.0383712500333786,0.15240450203418732,0.027060488238930702,0.12534400820732117,1.131988119595917e-05,2.8782954144836124,0.0029734456761194342,2.0,4.48,0.028130635619163513,0.20747001469135284,0.051372334361076355,0.1560976654291153,7.820496102795005e-05,3.171779375002138,0.0032766315857460106,5.0,8.0,-0.010240614414215088,0.05506551265716553,0.024311846122145653,0.03075365722179413,6.688507983199088e-05,0.29348396051852577,0.0003031859096265764,2.6000000000000005,8.23333333333333,5.63333333333333
brc_v3_20k_fibercount_conf10,20k FC 10%,degree_preserving,1,0,4.0,968,11418,97,20494426,0.05951619893312454,0.25880756974220276,0.0386204794049263,0.22018703818321228,0.0002615199191495776,2.7354188410769615,0.0028258459102034725,2.0,4.48,0.0809912458062172,0.35050374269485474,0.05386977270245552,0.2966339588165283,1.5983559933374636e-05,3.003167132854682,0.0031024453851804567,5.0,8.0,0.02147504687309265,0.09169617295265198,0.01524929329752922,0.07644692063331604,-0.000245536359216203,0.2677482917777203,0.00027659947497698416,2.6000000000000005,8.23333333333333,5.63333333333333
brc_v3_20k_fibercount_conf10,20k FC 10%,degree_preserving,2,0,4.0,968,11418,97,20594426,0.039108701050281525,0.057030074298381805,0.03946894779801369,0.017561139538884163,0.00020793190924450755,2.798179692872832,0.002890681500901686,2.0,4.48,0.05810794234275818,0.0869220420718193,0.0591178759932518,0.027804160490632057,0.0003109777462668717,3.0618352054647144,0.0031630528982073496,5.0,8.0,0.018999241292476654,0.0298919677734375,0.019648928195238113,0.010243020951747894,0.00010304583702236414,0.26365551259188225,0.0002723713973056636,2.6000000000000005,8.23333333333333,5.63333333333333
brc_v3_20k_fibercount_conf10,20k FC 10%,degree_preserving,3,0,4.0,968,11418,97,20694426,0.0675274208188057,0.1819986253976822,0.055376939475536346,0.12662167847156525,5.463205525302328e-05,2.810779487643718,0.0029036978178137583,2.0,4.48,0.11789999157190323,0.3806307315826416,0.09509595483541489,0.2855347692966461,8.53741803439334e-05,3.0904132109818554,0.0031925756311796025,5.0,8.0,0.050372570753097534,0.1986321061849594,0.03971901535987854,0.15891309082508087,3.074212509091012e-05,0.2796337233381374,0.0002888778133658442,2.6000000000000005,8.23333333333333,5.63333333333333
brc_v3_20k_fibercount_conf10,20k FC 10%,degree_preserving,4,0,4.0,968,11418,97,20794426,0.056038081645965576,0.17659929394721985,0.04537307098507881,0.13122621178627014,8.455284114461392e-05,2.7929758096456583,0.00288530558847692,2.0,4.48,0.08401955664157867,0.15022686123847961,0.07673338800668716,0.07349346578121185,0.0001877233589766547,3.0821436244338347,0.003184032669869664,5.0,8.0,0.027981474995613098,-0.026372432708740234,0.03136031702160835,-0.05773274600505829,0.00010317051783204079,0.28916781478817644,0.00029872708139274404,2.6000000000000005,8.23333333333333,5.63333333333333
brc_v3_20k_fibercount_conf10,20k FC 10%,degree_preserving,5,0,4.0,968,11418,97,20894426,0.028380995616316795,0.0961887389421463,0.028391975909471512,0.06779677420854568,0.00016831619723234326,2.8062247570633336,0.002898992517627411,2.0,4.48,0.043065208941698074,0.14932051301002502,0.04527987912297249,0.10404063016176224,0.00012285647972021252,3.043256223098114,0.00314385973460549,5.0,8.0,0.014684213325381279,0.05313177406787872,0.016887903213500977,0.03624385595321655,-4.545971751213074e-05,0.23703146603478054,0.0002448672169780789,2.6000000000000005,8.23333333333333,5.63333333333333
brc_v3_20k_fibercount_conf10,20k FC 10%,degree_preserving,6,0,4.0,968,11418,97,20994426,0.06893322616815567,0.20595359802246094,0.05378420278429985,0.15216940641403198,6.880964065203443e-05,2.8158276885330196,0.0029089129013770863,2.0,4.48,0.08475352823734283,0.24585847556591034,0.0689004436135292,0.17695802450180054,8.751718269195408e-05,3.1122993601699305,0.0032151852894317465,5.0,8.0,0.015820302069187164,0.0399048775434494,0.015116240829229355,0.024788618087768555,1.8707542039919645e-05,0.2964716716369109,0.00030627238805466025,2.6000000000000005,8.23333333333333,5.63333333333333
brc_v3_20k_fibercount_conf10,20k FC 10%,degree_preserving,7,0,4.0,968,11418,97,21094426,0.093398816883564,0.23141218721866608,0.07847151160240173,0.15294070541858673,0.0001294367975788191,2.7833461202762977,0.0028753575622689027,2.0,4.48,0.06462989747524261,0.23341703414916992,0.04905534163117409,0.18436171114444733,5.637134745484218e-05,3.0845437787115784,0.0031865121680904737,5.0,8.0,-0.02876891940832138,0.002004846930503845,-0.029416169971227646,0.031421005725860596,-7.306545012397692e-05,0.3011976584352807,0.000311154605821571,2.6000000000000005,8.23333333333333,5.63333333333333
brc_v3_20k_fibercount_conf10,20k FC 10%,degree_preserving,8,0,4.0,968,11418,97,21194426,0.06080528721213341,0.32358700037002563,0.03376514092087746,0.2898218035697937,8.591869118390605e-06,2.800770961927203,0.0028933584317429786,2.0,4.48,0.03622034937143326,0.25851795077323914,0.0261035468429327,0.23241442441940308,8.30263743409887e-05,3.0586311011709726,0.003159742873110509,5.0,8.0,-0.02458493784070015,-0.0650690495967865,-0.0076615940779447556,-0.057407379150390625,7.443450522259809e-05,0.2578601392437694,0.00026638444136753035,2.6000000000000005,8.23333333333333,5.63333333333333
brc_v3_20k_fibercount_conf10,20k FC 10%,degree_preserving,9,0,4.0,968,11418,97,21294426,0.06469039618968964,0.30350711941719055,0.044417306780815125,0.259089857339859,0.00020517628581728786,2.8360791012701885,0.0029298337823039137,2.0,4.48,0.049312520772218704,0.22580814361572266,0.032072316855192184,0.19373582303524017,0.00035117194056510925,3.1315546706445176,0.003235077139095576,5.0,8.0,-0.015377875417470932,-0.0776989758014679,-0.01234498992562294,-0.06535403430461884,0.0001459956547478214,0.29547556937432917,0.00030524335679166237,2.6000000000000005,8.23333333333333,5.63333333333333
brc_v3_20k_fibercount_conf10,20k FC 10%,degree_preserving,10,0,4.0,968,11418,97,21394426,0.04635586589574814,0.14322976768016815,0.03679589927196503,0.10643384605646133,0.00041879256605170667,2.825748304241306,0.0029191614713236632,2.0,4.48,0.05844845995306969,0.15849392116069794,0.05158550664782524,0.1069084107875824,4.077045014128089e-05,3.1351191730800667,0.003238759476322383,5.0,8.0,0.012092594057321548,0.015264153480529785,0.014789607375860214,0.00047456473112106323,-0.0003780221159104258,0.30937086883876086,0.0003195980049987197,2.6000000000000005,8.23333333333333,5.63333333333333
brc_v3_20k_fibercount_conf10,20k FC 10%,degree_preserving,11,0,4.0,968,11418,97,21494426,0.14765872061252594,0.3524549901485443,0.12513598799705505,0.22731898725032806,6.207464321050793e-05,2.826633861066066,0.002920076302754201,2.0,4.48,0.06366226822137833,0.25120753049850464,0.04774026945233345,0.2034672498703003,0.0002892666670959443,3.0737331646477295,0.0031753441783550925,5.0,8.0,-0.08399645239114761,-0.10124745965003967,-0.0773957185447216,-0.02385173738002777,0.00022719202388543636,0.24709930358166332,0.0002552678756008917,2.6000000000000005,8.23333333333333,5.63333333333333
brc_v3_20k_fibercount_conf10,20k FC 10%,degree_strength_preserving,0,0,4.0,968,11418,97,20394426,0.039400141686201096,0.16703695058822632,0.02565946616232395,0.1413775235414505,0.00024477028637193143,2.896672353172747,0.002992430116913995,2.0,4.48,0.0379256010055542,0.27701231837272644,0.024885669350624084,0.25212663412094116,0.00024377067165914923,3.1906276637900883,0.003296102958460835,5.0,8.0,-0.0014745406806468964,0.10997536778450012,-0.0007737968116998672,0.11074911057949066,-9.996147127822042e-07,0.29395531061734115,0.0003036728415468401,2.6000000000000005,8.23333333333333,5.63333333333333
brc_v3_20k_fibercount_conf10,20k FC 10%,degree_strength_preserving,1,0,4.0,968,11418,97,20494426,0.03802194818854332,0.19009187817573547,0.025505628436803818,0.16458626091480255,0.00013319402933120728,2.7490580863708924,0.0028399360396393516,2.0,4.48,0.1018340066075325,0.3693218529224396,0.07373937964439392,0.29558247327804565,0.000395372771890834,2.9997477206099536,0.0030989129345144147,5.0,8.0,0.06381205841898918,0.1792299747467041,0.0482337512075901,0.1309962123632431,0.0002621787425596267,0.2506896342390612,0.0002589768948750631,2.6000000000000005,8.23333333333333,5.63333333333333
brc_v3_20k_fibercount_conf10,20k FC 10%,degree_strength_preserving,2,0,4.0,968,11418,97,20594426,0.04850814491510391,0.0743359848856926,0.04647509381175041,0.027860896661877632,0.000210056226933375,2.797188657077572,0.002889657703592533,2.0,4.48,0.09637675434350967,0.19959567487239838,0.08503501117229462,0.11456066370010376,0.0012744823470711708,3.0636634044377615,0.0031649415335100843,5.0,8.0,0.04786860942840576,0.12525968998670578,0.038559917360544205,0.08669976703822613,0.0010644261201377958,0.2664747473601894,0.0002752838299175512,2.6000000000000005,8.23333333333333,5.63333333333333
brc_v3_20k_fibercount_conf10,20k FC 10%,degree_strength_preserving,3,0,4.0,968,11418,97,20694426,0.07857315242290497,0.22512024641036987,0.06326513737440109,0.16185510158538818,0.00022302202705759555,2.8278289317811436,0.0029213108799391978,2.0,4.48,0.13622869551181793,0.44117671251296997,0.10263340920209885,0.3385433852672577,2.9644805181305856e-05,3.0853974765000483,0.003187394087293438,5.0,8.0,0.057655543088912964,0.2160564661026001,0.039368271827697754,0.1766882836818695,-0.0001933772218762897,0.25756854471890467,0.0002660832073542404,2.6000000000000005,8.23333333333333,5.63333333333333
brc_v3_20k_fibercount_conf10,20k FC 10%,degree_strength_preserving,4,0,4.0,968,11418,97,20794426,0.07308695465326309,0.2154396027326584,0.05957936495542526,0.15586020052433014,0.0003113746060989797,2.8121011049652225,0.0029050631249640728,2.0,4.48,0.0908307135105133,0.31025800108909607,0.07010261714458466,0.2401554137468338,9.227062400896102e-05,3.060437461761513,0.0031616089481007366,5.0,8.0,0.017743758857250214,0.09481839835643768,0.010523252189159393,0.08429521322250366,-0.0002191039820900187,0.2483363567962904,0.0002565458231366638,2.6000000000000005,8.23333333333333,5.63333333333333
brc_v3_20k_fibercount_conf10,20k FC 10%,degree_strength_preserving,5,0,4.0,968,11418,97,20894426,0.030142929404973984,0.1433274894952774,0.02805991843342781,0.1152675524353981,4.247350079822354e-05,2.7906200852966694,0.0028828719889428403,2.0,4.48,0.05733072757720947,0.15619832277297974,0.04730110242962837,0.10889723151922226,0.00012086392962373793,3.0507399769397776,0.0031515908852683652,5.0,8.0,0.02718779817223549,0.012870833277702332,0.01924118399620056,-0.006370320916175842,7.839042882551439e-05,0.2601198916431082,0.0002687188963255249,2.6000000000000005,8.23333333333333,5.63333333333333
brc_v3_20k_fibercount_conf10,20k FC 10%,degree_strength_preserving,6,0,4.0,968,11418,97,20994426,0.07431706041097641,0.2507197856903076,0.05523987486958504,0.1954798847436905,9.460457658860832e-05,2.7999588771622412,0.002892519501200662,2.0,4.48,0.12995576858520508,0.36910101771354675,0.1033557653427124,0.26574525237083435,2.6185394744970836e-05,3.1012088271271394,0.003203728127197458,5.0,8.0,0.05563870817422867,0.11838123202323914,0.048115890473127365,0.07026536762714386,-6.841918184363749e-05,0.3012499499648982,0.00031120862599679595,2.6000000000000005,8.23333333333333,5.63333333333333
brc_v3_20k_fibercount_conf10,20k FC 10%,degree_strength_preserving,7,0,4.0,968,11418,97,21094426,0.10139505565166473,0.2920776903629303,0.0805940255522728,0.2114836722612381,0.00022513052681460977,2.800005906884935,0.002892568085624933,2.0,4.48,0.022889096289873123,0.12121634930372238,0.01793273538351059,0.10328362882137299,0.0001767128997016698,3.079114061054171,0.0031809029556344745,5.0,8.0,-0.07850595936179161,-0.17086134105920792,-0.06266129016876221,-0.10820004343986511,-4.8417627112939954e-05,0.2791081541692364,0.00028833487000954174,2.6000000000000005,8.23333333333333,5.63333333333333
brc_v3_20k_fibercount_conf10,20k FC 10%,degree_strength_preserving,8,0,4.0,968,11418,97,21194426,0.10434276610612869,0.3782139718532562,0.07727203518152237,0.3009418547153473,5.339219205779955e-05,2.797069820868948,0.0028895349389142025,2.0,4.48,0.09986528009176254,0.5564572811126709,0.0582968071103096,0.4981605112552643,1.3270483577798586e-05,3.0232624775285997,0.0031232050387692144,5.0,8.0,-0.00447748601436615,0.17824330925941467,-0.01897522807121277,0.197218656539917,-4.012170848000096e-05,0.22619265665965171,0.0002336700998550119,2.6000000000000005,8.23333333333333,5.63333333333333
brc_v3_20k_fibercount_conf10,20k FC 10%,degree_strength_preserving,9,0,4.0,968,11418,97,21294426,0.06483013182878494,0.30212539434432983,0.041316449642181396,0.26080894470214844,0.00020246113126631826,2.8431992739429517,0.002937189332585694,2.0,4.48,0.041462626308202744,0.23616008460521698,0.02137313410639763,0.21478696167469025,0.0002625911438371986,3.1185657524246992,0.0032216588351494826,5.0,8.0,-0.0233675055205822,-0.06596530973911285,-0.019943315535783768,-0.04602198302745819,6.0130012570880353e-05,0.27536647848174756,0.00028446950256378863,2.6000000000000005,8.23333333333333,5.63333333333333
brc_v3_20k_fibercount_conf10,20k FC 10%,degree_strength_preserving,10,0,4.0,968,11418,97,21394426,0.06871126592159271,0.1822427660226822,0.05660237744450569,0.125640407204628,0.0005449849995784461,2.8390203429666236,0.0029328722551308097,2.0,4.48,0.14016957581043243,0.49759402871131897,0.10040593147277832,0.39718812704086304,0.0005389340221881866,3.112137280609333,0.0032150178518691457,5.0,8.0,0.07145830988883972,0.3153512626886368,0.04380355402827263,0.27154771983623505,-6.050977390259504e-06,0.27311693764270917,0.00028214559673833597,2.6000000000000005,8.23333333333333,5.63333333333333
brc_v3_20k_fibercount_conf10,20k FC 10%,degree_strength_preserving,11,0,4.0,968,11418,97,21494426,0.18661686778068542,0.48066726326942444,0.15425072610378265,0.32641658186912537,8.29269047244452e-05,2.7842899356727293,0.002876332578174307,2.0,4.48,0.09806327521800995,0.42334821820259094,0.06391393393278122,0.3594343364238739,0.0004919015918858349,3.049677227435213,0.0031504930035487736,5.0,8.0,-0.08855359256267548,-0.057319045066833496,-0.09033679217100143,0.033017754554748535,0.00040897468716138974,0.26538729176248355,0.0002741604253744664,2.6000000000000005,8.23333333333333,5.63333333333333
brc_v3_20k_fibercount_conf25,20k FC 25%,real,-1,0,1.6,787,4108,79,20302026,0.07907840609550476,0.2279656082391739,0.06276991218328476,0.16519568860530853,0.0002145654580090195,2.822630108415093,0.0035865693880750863,2.0,4.48,0.08677073568105698,0.21386326849460602,0.07534733414649963,0.138515904545784,1.1742094102373812e-05,3.128417779693797,0.003975117890335193,5.0,8.0,0.007692329585552216,-0.014102339744567871,0.012577421963214874,-0.026679784059524536,-0.00020282336390664568,0.30578767127870377,0.0003885485022601066,2.600000000000001,8.23333333333333,5.633333333333329
brc_v3_20k_fibercount_conf25,20k FC 25%,real,-1,1,1.6,787,4108,79,20302027,0.06634807586669922,0.11645957827568054,0.06687554717063904,0.0495840348303318,1.4329022633319255e-05,2.783526039497362,0.003536881879920409,2.0,4.48,0.03719117492437363,0.08560500293970108,0.03731398656964302,0.04829101264476776,0.00033659732434898615,3.094820292788238,0.003932427309769044,5.0,8.0,-0.029156900942325592,-0.03085457533597946,-0.029561560600996017,-0.0012930221855640411,0.0003222683017156669,0.311294253290876,0.00039554542984863517,2.600000000000001,8.23333333333333,5.633333333333329
brc_v3_20k_fibercount_conf25,20k FC 25%,real,-1,2,1.6,787,4108,79,20302028,0.04866468533873558,0.20407401025295258,0.043120115995407104,0.16095389425754547,0.000175369787029922,2.813717411530764,0.00357524448733261,2.0,4.48,0.08802863955497742,0.19554589688777924,0.08018171787261963,0.1153641864657402,0.000604179804213345,3.08456613512179,0.003919397884525781,5.0,8.0,0.03936395421624184,-0.00852811336517334,0.037061601877212524,-0.04558970779180527,0.00042881001718342304,0.27084872359102574,0.0003441533971931714,2.600000000000001,8.23333333333333,5.633333333333329
brc_v3_20k_fibercount_conf25,20k FC 25%,real,-1,3,1.6,787,4108,79,20302029,0.07066885381937027,0.25373730063438416,0.05051346868276596,0.2032238245010376,1.1220127817068715e-05,2.8005651299775236,0.003558532566680462,2.0,4.48,0.06782805174589157,0.18840761482715607,0.05539657548069954,0.13301105797290802,0.00015210076526273042,3.047898573455249,0.003872806319511117,5.0,8.0,-0.0028408020734786987,-0.06532968580722809,0.0048831067979335785,-0.07021276652812958,0.0001408806374456617,0.24733344347772546,0.0003142737528306549,2.600000000000001,8.23333333333333,5.633333333333329
brc_v3_20k_fibercount_conf25,20k FC 25%,real,-1,4,1.6,787,4108,79,20302030,0.027793603017926216,0.10698791593313217,0.026612617075443268,0.0803753063082695,0.00025767533225007355,2.820417392469835,0.003583757804917198,2.0,4.48,0.05688509717583656,0.1435413807630539,0.049306564033031464,0.09423481673002243,0.000344472355209291,3.0864661352810376,0.003921812115986071,5.0,8.0,0.029091494157910347,0.03655346482992172,0.022693946957588196,0.01385951042175293,8.679702295921743e-05,0.26604874281120283,0.0003380543110688729,2.600000000000001,8.23333333333333,5.633333333333329
brc_v3_20k_fibercount_conf25,20k FC 25%,real,-1,5,1.6,787,4108,79,20302031,0.03936019167304039,0.0736028179526329,0.04603805020451546,0.027564775198698044,2.5551580620231107e-05,2.840426193897427,0.0036091819490437446,2.0,4.48,0.043496426194906235,0.17098724842071533,0.03032701648771763,0.14066024124622345,0.00011620092118391767,3.12528410320149,0.003971136090472034,5.0,8.0,0.004136234521865845,0.09738443046808243,-0.01571103371679783,0.1130954660475254,9.064934056368656e-05,0.2848579093040633,0.00036195414142828905,2.600000000000001,8.23333333333333,5.633333333333329
brc_v3_20k_fibercount_conf25,20k FC 25%,real,-1,6,1.6,787,4108,79,20302032,0.022946588695049286,0.12561365962028503,0.018207453191280365,0.10740621387958527,9.544712520437315e-05,2.8415098197021,0.003610558856038246,2.0,4.48,0.06895669549703598,0.06471604853868484,0.07540684938430786,-0.010690801776945591,7.451536657754332e-05,3.126928566929783,0.00397322562506961,5.0,8.0,0.046010106801986694,-0.06089761108160019,0.057199396193027496,-0.11809701565653086,-2.0931758626829833e-05,0.28541874722768323,0.00036266676903136397,2.600000000000001,8.23333333333333,5.633333333333329
brc_v3_20k_fibercount_conf25,20k FC 25%,real,-1,7,1.6,787,4108,79,20302033,0.04342150688171387,0.22400304675102234,0.026088373735547066,0.19791467487812042,9.571419650455937e-05,2.813309542892566,0.0035747262298507824,2.0,4.48,0.0636904239654541,0.2444847822189331,0.056203220039606094,0.1882815659046173,5.9802628129546065e-06,3.1008803242706566,0.0039401274768369205,5.0,8.0,0.020268917083740234,0.020481735467910767,0.03011484630405903,-0.009633108973503113,-8.973393369160476e-05,0.2875707813780908,0.00036540124698613815,2.600000000000001,8.23333333333333,5.633333333333329
brc_v3_20k_fibercount_conf25,20k FC 25%,real,-1,8,1.6,787,4108,79,20302034,0.039023734629154205,0.09601733833551407,0.04892468824982643,0.04709266126155853,5.75503618165385e-05,2.8608561362877674,0.003635141215105168,2.0,4.48,0.030959876254200935,0.19137348234653473,0.035194672644138336,0.156178817152977,0.0004222845018375665,3.1303494473492535,0.003977572360037171,5.0,8.0,-0.00806385837495327,0.09535614401102066,-0.013730015605688095,0.10908615589141846,0.000364734140021028,0.2694933110614861,0.0003424311449320024,2.600000000000001,8.23333333333333,5.633333333333329
brc_v3_20k_fibercount_conf25,20k FC 25%,real,-1,9,1.6,787,4108,79,20302035,0.02695651352405548,0.07674600183963776,0.02269844152033329,0.05404756963253021,0.0001242563739651814,2.781488449160572,0.00353429281977201,2.0,4.48,0.05918891727924347,0.1599336862564087,0.05323353409767151,0.10670016705989838,9.358891111332923e-05,3.033877118190212,0.0038549899849939164,5.0,8.0,0.03223240375518799,0.08318768441677094,0.03053509257733822,0.052652597427368164,-3.066746285185218e-05,0.2523886690296404,0.00032069716522190646,2.600000000000001,8.23333333333333,5.633333333333329
brc_v3_20k_fibercount_conf25,20k FC 25%,real,-1,10,1.6,787,4108,79,20302036,0.024358736351132393,0.134259432554245,0.028622131794691086,0.1056373193860054,8.859333320287988e-05,2.902448808888348,0.0036879908626281425,2.0,4.48,0.057113125920295715,0.29929661750793457,0.04085860401391983,0.25843802094459534,2.236089130747132e-05,3.226905609102946,0.004100261256801711,5.0,8.0,0.03275438956916332,0.16503718495368958,0.012236472219228745,0.15280070155858994,-6.623244189540856e-05,0.3244568002145982,0.0004122703941735685,2.600000000000001,8.23333333333333,5.633333333333329
brc_v3_20k_fibercount_conf25,20k FC 25%,real,-1,11,1.6,787,4108,79,20302037,0.04685833677649498,0.15484854578971863,0.04357953742146492,0.11126898229122162,2.6900344892055728e-05,2.835664432968793,0.003603131426898085,2.0,4.48,0.059106312692165375,0.2763434648513794,0.04689021781086922,0.22945323586463928,5.8591842389432713e-05,3.1298781743823283,0.003976973537969921,5.0,8.0,0.012247975915670395,0.12149491906166077,0.003310680389404297,0.11818425357341766,3.1691497497376986e-05,0.2942137414135355,0.0003738421110718363,2.600000000000001,8.23333333333333,5.633333333333329
brc_v3_20k_fibercount_conf25,20k FC 25%,degree_preserving,0,0,1.6,787,4108,79,20402026,0.038398776203393936,0.08201620727777481,0.03947547450661659,0.04254073649644852,0.0001817714946810156,2.829239643829557,0.003594967781231966,2.0,4.48,0.048491042107343674,0.08356470614671707,0.061426080763339996,0.022138627246022224,0.00011201371671631932,3.1182610405365554,0.003962212249728787,5.0,8.0,0.010092265903949738,0.0015484988689422607,0.021950606256723404,-0.020402109250426292,-6.975777796469629e-05,0.28902139670699833,0.00036724446849682084,2.600000000000001,8.23333333333333,5.633333333333329
brc_v3_20k_fibercount_conf25,20k FC 25%,degree_preserving,1,0,1.6,787,4108,79,20502026,0.04192576929926872,0.12073732167482376,0.051714181900024414,0.06902316212654114,0.00016970957221928984,2.8796489500225158,0.003659020266864696,2.0,4.48,0.04727527126669884,0.13484491407871246,0.05348489060997963,0.08136000484228134,0.00038143759593367577,3.2048961766741053,0.004072295014833679,5.0,8.0,0.005349501967430115,0.014107592403888702,0.0017707087099552155,0.012336842715740204,0.00021172802371438593,0.32524722665158956,0.0004132747479689827,2.600000000000001,8.23333333333333,5.633333333333329
brc_v3_20k_fibercount_conf25,20k FC 25%,degree_preserving,2,0,1.6,787,4108,79,20602026,0.09069491177797318,0.21611057221889496,0.08129711449146271,0.13481345772743225,6.447012128774077e-05,2.778955617794559,0.0035310744825852083,2.0,4.48,0.049651239067316055,0.024524807929992676,0.053295813500881195,-0.02877100557088852,0.00013103678065817803,3.0490419608611345,0.0038742591624664987,5.0,8.0,-0.04104367271065712,-0.19158576428890228,-0.028001300990581512,-0.16358446329832077,6.656665937043726e-05,0.27008634306657564,0.00034318467988129044,2.600000000000001,8.23333333333333,5.633333333333329
brc_v3_20k_fibercount_conf25,20k FC 25%,degree_preserving,3,0,1.6,787,4108,79,20702026,0.012056070379912853,0.10336582362651825,0.009935139678418636,0.09343069046735764,8.917638479033485e-05,2.9027871363436875,0.003688420757742932,2.0,4.48,0.05711649730801582,0.11751899123191833,0.05967846140265465,0.05784052982926369,0.0002800159272737801,3.1829384213898497,0.004044394436327636,5.0,8.0,0.04506042692810297,0.014153167605400085,0.04974332172423601,-0.03559016063809395,0.00019083954248344526,0.28015128504616227,0.00035597367858470393,2.600000000000001,8.23333333333333,5.633333333333329
brc_v3_20k_fibercount_conf25,20k FC 25%,degree_preserving,4,0,1.6,787,4108,79,20802026,0.047974035143852234,0.14423346519470215,0.037505947053432465,0.10672751814126968,7.136683416320011e-05,2.843098200493096,0.003612577128962002,2.0,4.48,0.04036518931388855,0.13931848108768463,0.0322018563747406,0.10711662471294403,2.8234773708391003e-05,3.1662364680905224,0.004023172132262417,5.0,8.0,-0.007608845829963684,-0.004914984107017517,-0.005304090678691864,0.0003891065716743469,-4.313206045480911e-05,0.3231382675974266,0.0004105950033004152,2.600000000000001,8.23333333333333,5.633333333333329
brc_v3_20k_fibercount_conf25,20k FC 25%,degree_preserving,5,0,1.6,787,4108,79,20902026,0.06586282700300217,0.15932875871658325,0.0561557374894619,0.10317301005125046,0.00037142678047530353,2.8422563438995603,0.003611507425539467,2.0,4.48,0.032214924693107605,0.09733207523822784,0.029169276356697083,0.06816279888153076,0.0003271015884820372,3.1223292696702276,0.003967381537065092,5.0,8.0,-0.03364790230989456,-0.06199668347835541,-0.026986461132764816,-0.035010211169719696,-4.4325191993266344e-05,0.28007292577066734,0.00035587411152562505,2.600000000000001,8.23333333333333,5.633333333333329
brc_v3_20k_fibercount_conf25,20k FC 25%,degree_preserving,6,0,1.6,787,4108,79,21002026,0.022560296580195427,0.0840054377913475,0.023264441639184952,0.06074099987745285,4.6177112380973995e-05,2.8153616441298044,0.003577333728246257,2.0,4.48,0.04131187126040459,0.09920468181371689,0.0481688417494297,0.05103583261370659,2.497128843970131e-05,3.0926746588582787,0.003929700964241777,5.0,8.0,0.01875157468020916,0.015199244022369385,0.02490440011024475,-0.009705167263746262,-2.1205823941272683e-05,0.27731301472847436,0.00035236723599552013,2.600000000000001,8.23333333333333,5.633333333333329
brc_v3_20k_fibercount_conf25,20k FC 25%,degree_preserving,7,0,1.6,787,4108,79,21102026,0.02952493354678154,0.0368967242538929,0.03624223172664642,0.0006544905481860042,1.020802119455766e-05,2.8399967038959635,0.0036086362184192676,2.0,4.48,0.03615541383624077,0.19459308683872223,0.04715562239289284,0.1474374681711197,1.2940883607370779e-05,3.109376956949079,0.003950923706415602,5.0,8.0,0.0066304802894592285,0.15769636258482933,0.010913390666246414,0.14678297762293369,2.7328624128131196e-06,0.2693802530531153,0.000342287487996334,2.600000000000001,8.23333333333333,5.633333333333329
brc_v3_20k_fibercount_conf25,20k FC 25%,degree_preserving,8,0,1.6,787,4108,79,21202026,0.03500465676188469,0.23014989495277405,0.026441754773259163,0.20370812714099884,0.00038103622500784695,2.8446776828433116,0.0036145840950995065,2.0,4.48,0.02914579026401043,0.13339285552501678,0.020878775045275688,0.11251409351825714,4.811632607015781e-05,3.1276569914460204,0.003974151196246532,5.0,8.0,-0.00585886649787426,-0.09675703942775726,-0.005562979727983475,-0.0911940336227417,-0.00033291989893768914,0.2829793086027088,0.0003595671011470251,2.600000000000001,8.23333333333333,5.633333333333329
brc_v3_20k_fibercount_conf25,20k FC 25%,degree_preserving,9,0,1.6,787,4108,79,21302026,0.027082888409495354,0.09463541954755783,0.02240329422056675,0.07223214209079742,1.9779312424361706e-05,2.8036857588608592,0.00356249778762498,2.0,4.48,0.0341634638607502,0.10870096832513809,0.0377185121178627,0.07098245620727539,0.0001492136943852529,3.0657831319980957,0.0038955312985998673,5.0,8.0,0.007080575451254845,0.014065548777580261,0.015315217897295952,-0.0012496858835220337,0.0001294343819608912,0.26209737313723647,0.00033303351097488734,2.600000000000001,8.23333333333333,5.633333333333329
brc_v3_20k_fibercount_conf25,20k FC 25%,degree_preserving,10,0,1.6,787,4108,79,21402026,0.015149950049817562,0.0905926376581192,0.01650775410234928,0.07408487796783447,6.564526120200753e-05,2.837898435418711,0.0036059700577111956,2.0,4.48,0.013351459056138992,0.0962572768330574,0.01671074703335762,0.07954651862382889,7.987245771801099e-05,3.1135034503870904,0.003956167027175464,5.0,8.0,-0.0017984909936785698,0.005664639174938202,0.00020299293100833893,0.005461640655994415,1.422719651600346e-05,0.2756050149683795,0.0003501969694642685,2.600000000000001,8.23333333333333,5.633333333333329
brc_v3_20k_fibercount_conf25,20k FC 25%,degree_preserving,11,0,1.6,787,4108,79,21502026,0.06421680748462677,0.1362500786781311,0.05704831704497337,0.07920175045728683,0.00013478012988343835,2.821202974436697,0.0035847560030961845,2.0,4.48,0.05638916417956352,0.13312065601348877,0.05079759284853935,0.08232305198907852,0.0003644321986939758,3.096481137057705,0.003934537658269003,5.0,8.0,-0.007827643305063248,-0.003129422664642334,-0.006250724196434021,0.003121301531791687,0.00022965206881053746,0.2752781626210079,0.0003497816551728183,2.600000000000001,8.23333333333333,5.633333333333329
brc_v3_20k_fibercount_conf25,20k FC 25%,degree_strength_preserving,0,0,1.6,787,4108,79,20402026,0.03900085389614105,0.11531044542789459,0.04021982476115227,0.07509063929319382,0.0001384486968163401,2.8425046161147254,0.003611822892140693,2.0,4.48,0.0528666153550148,0.09160134941339493,0.06850728392601013,0.023094072937965393,6.460749136749655e-05,3.1076543421369776,0.003948734869297303,5.0,8.0,0.013865761458873749,-0.023709096014499664,0.028287459164857864,-0.051996566355228424,-7.384120544884354e-05,0.2651497260222522,0.00033691197715661004,2.600000000000001,8.23333333333333,5.633333333333329
brc_v3_20k_fibercount_conf25,20k FC 25%,degree_strength_preserving,1,0,1.6,787,4108,79,20502026,0.04104911535978317,0.13663525879383087,0.05152211710810661,0.08511314541101456,0.0002813615428749472,2.8782654799776313,0.0036572623633769137,2.0,4.48,0.0440133698284626,0.13030360639095306,0.05827256292104721,0.07203104346990585,0.0005618279101327062,3.197014254415029,0.004062279865838664,5.0,8.0,0.002964254468679428,-0.006331652402877808,0.0067504458129405975,-0.013082101941108704,0.000280466367257759,0.3187487744373976,0.0004050175024617503,2.600000000000001,8.23333333333333,5.633333333333329
brc_v3_20k_fibercount_conf25,20k FC 25%,degree_strength_preserving,2,0,1.6,787,4108,79,20602026,0.0876263678073883,0.28234273195266724,0.07230616360902786,0.21003659069538116,3.8299476727843285e-05,2.7824463134265387,0.0035355099281150428,2.0,4.48,0.04666884243488312,0.059929460287094116,0.04676239192485809,0.013167076744139194,2.2260795958573e-05,3.020243972951692,0.0038376670558471306,5.0,8.0,-0.04095752537250519,-0.22241327166557312,-0.02554377168416977,-0.19686951395124197,-1.6038680769270286e-05,0.2377976595251532,0.0003021571277320879,2.600000000000001,8.23333333333333,5.633333333333329
brc_v3_20k_fibercount_conf25,20k FC 25%,degree_strength_preserving,3,0,1.6,787,4108,79,20702026,0.01043533906340599,0.10729311406612396,0.014247482642531395,0.09304564446210861,3.266128624090925e-05,2.9179574674946958,0.003707696909141926,2.0,4.48,0.028796525672078133,0.14657022058963776,0.039546843618154526,0.10702338069677353,0.00011875228665303439,3.194944492560109,0.004059649927014116,5.0,8.0,0.018361186608672142,0.039277106523513794,0.02529936097562313,0.013977736234664917,8.609100041212514e-05,0.2769870250654134,0.00035195301787218974,2.600000000000001,8.23333333333333,5.633333333333329
brc_v3_20k_fibercount_conf25,20k FC 25%,degree_strength_preserving,4,0,1.6,787,4108,79,20802026,0.036982789635658264,0.19982755184173584,0.020588144659996033,0.179239422082901,0.0003075738495681435,2.8486494633984885,0.0036196308302395026,2.0,4.48,0.02517334185540676,0.16374358534812927,0.014882814139127731,0.14886078238487244,6.098009544075467e-05,3.154822791230084,0.004008669366238988,5.0,8.0,-0.011809447780251503,-0.03608396649360657,-0.005705330520868301,-0.030378639698028564,-0.0002465937541273888,0.30617332783159545,0.00038903853599948565,2.600000000000001,8.23333333333333,5.633333333333329
brc_v3_20k_fibercount_conf25,20k FC 25%,degree_strength_preserving,5,0,1.6,787,4108,79,20902026,0.08303437381982803,0.23134934902191162,0.06697465479373932,0.1643746793270111,0.0004226251330692321,2.8417958975870663,0.0036109223603393473,2.0,4.48,0.04033112898468971,0.16497649252414703,0.03358696028590202,0.1313895583152771,0.00038521908572874963,3.143026638081942,0.003993680607473878,5.0,8.0,-0.04270324483513832,-0.06637285649776459,-0.033387694507837296,-0.03298512101173401,-3.740604734048247e-05,0.3012307404948755,0.0003827582471345307,2.600000000000001,8.23333333333333,5.633333333333329
brc_v3_20k_fibercount_conf25,20k FC 25%,degree_strength_preserving,6,0,1.6,787,4108,79,21002026,0.022137697786092758,0.07113636285066605,0.025846995413303375,0.045289359986782074,0.00011810854630311951,2.8252908894571513,0.0035899503042657577,2.0,4.48,0.04698772355914116,0.13565751910209656,0.05209828540682793,0.08355924487113953,0.00020737660815939307,3.088166814765013,0.003923973081022888,5.0,8.0,0.0248500257730484,0.06452115625143051,0.02625128999352455,0.03826988488435745,8.926806185627356e-05,0.26287592530786164,0.0003340227767571302,2.600000000000001,8.23333333333333,5.633333333333329
brc_v3_20k_fibercount_conf25,20k FC 25%,degree_strength_preserving,7,0,1.6,787,4108,79,21102026,0.03484787046909332,0.039232973009347916,0.040645066648721695,-0.0014120923588052392,4.655613884096965e-05,2.841351944953628,0.003610358252800036,2.0,4.48,0.025438135489821434,0.27151229977607727,0.023391583934426308,0.24812071025371552,8.269450336229056e-05,3.105565924346862,0.003946081225345441,5.0,8.0,-0.009409734979271889,0.23227932676672935,-0.017253482714295387,0.24953280261252075,3.613836452132091e-05,0.2642139793932339,0.000335722972545405,2.600000000000001,8.23333333333333,5.633333333333329
brc_v3_20k_fibercount_conf25,20k FC 25%,degree_strength_preserving,8,0,1.6,787,4108,79,21202026,0.03865170478820801,0.26282376050949097,0.03194303438067436,0.2308807224035263,0.0005269473767839372,2.8472558701635813,0.0036178600637402558,2.0,4.48,0.009226738475263119,0.1504213809967041,0.012134774588048458,0.13828663527965546,1.0473851943970658e-05,3.1305892561726574,0.003977877072646324,5.0,8.0,-0.02942496631294489,-0.11240237951278687,-0.019808259792625904,-0.09259408712387085,-0.0005164735248399666,0.2833333860090761,0.0003600170089060684,2.600000000000001,8.23333333333333,5.633333333333329
brc_v3_20k_fibercount_conf25,20k FC 25%,degree_strength_preserving,9,0,1.6,787,4108,79,21302026,0.021612180396914482,0.07772998511791229,0.01692385971546173,0.06080612167716026,7.201576954685152e-05,2.8121018819237587,0.0035731917178192614,2.0,4.48,0.04096945747733116,0.270977258682251,0.03002232313156128,0.2409549206495285,0.0003102714545093477,3.0597534946256215,0.003887869751747931,5.0,8.0,0.01935727708041668,0.19324727356433868,0.013098463416099548,0.18014879897236824,0.00023825568496249616,0.24765161270186287,0.00031467803392866943,2.600000000000001,8.23333333333333,5.633333333333329
brc_v3_20k_fibercount_conf25,20k FC 25%,degree_strength_preserving,10,0,1.6,787,4108,79,21402026,0.016099175438284874,0.07229791581630707,0.019223527982831,0.05307438597083092,9.309149027103558e-05,2.825474299190878,0.0035901833534826913,2.0,4.48,0.02934250980615616,0.13894730806350708,0.02211601473391056,0.11683128774166107,0.00036539335269480944,3.139739180683073,0.003989503406204667,5.0,8.0,0.013243334367871284,0.06664939224720001,0.0028924867510795593,0.06375690177083015,0.00027230186242377385,0.3142648814921949,0.000399320052721976,2.600000000000001,8.23333333333333,5.633333333333329
brc_v3_20k_fibercount_conf25,20k FC 25%,degree_strength_preserving,11,0,1.6,787,4108,79,21502026,0.0779893547296524,0.16383233666419983,0.06865371018648148,0.09517864137887955,0.00015565601643174887,2.8333737288447804,0.0036002207482144603,2.0,4.48,0.05908678099513054,0.21131329238414764,0.05080859735608101,0.16050474345684052,0.000710189517121762,3.082897032899507,0.003917277043074342,5.0,8.0,-0.018902573734521866,0.047480955719947815,-0.017845112830400467,0.06532610207796097,0.0005545335006900132,0.24952330405472667,0.00031705629485988176,2.600000000000001,8.23333333333333,5.633333333333329
brc_v3_20k_fibercount_conf25,20k FC 25%,real,-1,0,2.4,787,4108,79,20302826,0.034661248326301575,0.1379905492067337,0.025753265246748924,0.11223728209733963,7.258079131133854e-05,2.832645136830629,0.003599294964206644,2.0,4.48,0.04826487973332405,0.29028406739234924,0.0463133230805397,0.24397067725658417,0.00015206275566015393,3.1019345140325036,0.00394146698098158,5.0,8.0,0.013603631407022476,0.15229351818561554,0.02056005783379078,0.13173339515924454,7.948196434881538e-05,0.26928937720187474,0.000342172016774936,2.6000000000000014,8.233333333333334,5.633333333333333
brc_v3_20k_fibercount_conf25,20k FC 25%,real,-1,1,2.4,787,4108,79,20302827,0.08121435344219208,0.19298836588859558,0.07486452162265778,0.1181238442659378,4.021566383016761e-06,2.784988901464,0.003538740662597205,2.0,4.48,0.07569732517004013,0.32795292139053345,0.05466434732079506,0.2732885777950287,0.00025173378526233137,3.045984641881322,0.0038703743861262033,5.0,8.0,-0.005517028272151947,0.13496455550193787,-0.020200174301862717,0.15516473352909088,0.0002477122188793146,0.260995740417322,0.00033163372352899845,2.6000000000000014,8.233333333333334,5.633333333333333
brc_v3_20k_fibercount_conf25,20k FC 25%,real,-1,2,2.4,787,4108,79,20302828,0.03165391460061073,0.07071635872125626,0.03989938646554947,0.03081696853041649,0.0004090577713213861,2.7643411857764906,0.0035125046833246387,2.0,4.48,0.01841127686202526,0.19517187774181366,0.012214714661240578,0.18295717239379883,1.7350406778859906e-05,3.00589447791578,0.0038194338982411435,5.0,8.0,-0.013242637738585472,0.1244555190205574,-0.02768467180430889,0.15214020386338234,-0.0003917073645425262,0.24155329213928933,0.0003069292149165048,2.6000000000000014,8.233333333333334,5.633333333333333
brc_v3_20k_fibercount_conf25,20k FC 25%,real,-1,3,2.4,787,4108,79,20302829,0.03898156061768532,0.06468567997217178,0.03768642991781235,0.026999250054359436,0.00032512887264601886,2.7772800160329805,0.003528945382506964,2.0,4.48,0.07286212593317032,0.22111356258392334,0.05680939555168152,0.16430412232875824,2.050983857770916e-05,3.067639182157846,0.003897889685079855,5.0,8.0,0.033880565315485,0.15642788261175156,0.01912296563386917,0.1373048722743988,-0.0003046190340683097,0.29035916612486545,0.0003689443025728912,2.6000000000000014,8.233333333333334,5.633333333333333
brc_v3_20k_fibercount_conf25,20k FC 25%,real,-1,4,2.4,787,4108,79,20302830,0.06421192735433578,0.14932781457901,0.06932220607995987,0.08000559359788895,0.0001305745099671185,2.837898832865046,0.0036059705627255983,2.0,4.48,0.04460860416293144,0.22697627544403076,0.03462697193026543,0.19234929978847504,0.00023170957865659148,3.1580394837650436,0.004012756650273245,5.0,8.0,-0.019603323191404343,0.07764846086502075,-0.03469523414969444,0.11234370619058609,0.00010113506868947297,0.32014065089999777,0.0004067860875476468,2.6000000000000014,8.233333333333334,5.633333333333333
brc_v3_20k_fibercount_conf25,20k FC 25%,real,-1,5,2.4,787,4108,79,20302831,0.10950783640146255,0.2922697365283966,0.08936038613319397,0.20290932059288025,0.00011717544839484617,2.811594479906831,0.003572546988445783,2.0,4.48,0.0926472544670105,0.3241056203842163,0.06779486685991287,0.25631076097488403,0.0009890575893223286,3.0511025893424977,0.003876877495987926,5.0,8.0,-0.016860581934452057,0.0318358838558197,-0.021565519273281097,0.053401440382003784,0.0008718821409274824,0.23950810943566658,0.0003043305075421431,2.6000000000000014,8.233333333333334,5.633333333333333
brc_v3_20k_fibercount_conf25,20k FC 25%,real,-1,6,2.4,787,4108,79,20302832,0.07151344418525696,0.21163484454154968,0.061299122869968414,0.15033571422100067,0.0001301561715081334,2.838144704376085,0.0036062829788768547,2.0,4.48,0.027464838698506355,0.14778390526771545,0.020108718425035477,0.12767519056797028,1.6367477655876428e-05,3.1630102626678203,0.004019072760696087,5.0,8.0,-0.0440486054867506,-0.06385093927383423,-0.04119040444493294,-0.022660523653030396,-0.00011378869385225698,0.32486555829173547,0.0004127897818192324,2.6000000000000014,8.233333333333334,5.633333333333333
brc_v3_20k_fibercount_conf25,20k FC 25%,real,-1,7,2.4,787,4108,79,20302833,0.020069677382707596,0.19930891692638397,0.021139007061719894,0.17816992104053497,4.844159775529988e-05,2.8128759211131285,0.0035741752491907602,2.0,4.48,0.05306050553917885,0.2943827509880066,0.033342696726322174,0.2610400319099426,0.0002142874145647511,3.1031072954927197,0.003942957173434206,5.0,8.0,0.03299082815647125,0.09507383406162262,0.01220368966460228,0.08287011086940765,0.0001658458168094512,0.29023137437959123,0.00036878192424344555,2.6000000000000014,8.233333333333334,5.633333333333333
brc_v3_20k_fibercount_conf25,20k FC 25%,real,-1,8,2.4,787,4108,79,20302834,0.016054904088377953,0.12572868168354034,0.008122050203382969,0.11760663241147995,1.2149416761531029e-05,2.7586194503880903,0.003505234371522351,2.0,4.48,0.06342756003141403,0.24634677171707153,0.04579431936144829,0.20055244863033295,0.00047598412493243814,3.022674078036314,0.0038407548640868035,5.0,8.0,0.04737265594303608,0.12061809003353119,0.03767226915806532,0.082945816218853,0.0004638347081709071,0.26405462764822385,0.0003355204925644525,2.6000000000000014,8.233333333333334,5.633333333333333
brc_v3_20k_fibercount_conf25,20k FC 25%,real,-1,9,2.4,787,4108,79,20302835,0.08352380990982056,0.20838020741939545,0.07508525997400284,0.1332949548959732,3.3642460039118305e-05,2.8367004409876477,0.0036044478284468205,2.0,4.48,0.09842254221439362,0.2719114422798157,0.07967191934585571,0.19223953783512115,2.2419697415898554e-05,3.0861886615281056,0.003921459544508394,5.0,8.0,0.014898732304573059,0.06353123486042023,0.004586659371852875,0.05894458293914795,-1.122276262321975e-05,0.24948822054045783,0.00031701171606157317,2.6000000000000014,8.233333333333334,5.633333333333333
brc_v3_20k_fibercount_conf25,20k FC 25%,real,-1,10,2.4,787,4108,79,20302836,0.05250220745801926,0.11388887465000153,0.052428536117076874,0.06146034598350525,0.00015454611275345087,2.8324988298326836,0.003599109059507857,2.0,4.48,0.04149465262889862,0.20252329111099243,0.030901633203029633,0.1716216802597046,5.828751091030426e-05,3.1442839138507144,0.003995278162453258,5.0,8.0,-0.011007554829120636,0.0886344164609909,-0.02152690291404724,0.11016133427619934,-9.625860184314661e-05,0.31178508401803073,0.00039616910294540094,2.6000000000000014,8.233333333333334,5.633333333333333
brc_v3_20k_fibercount_conf25,20k FC 25%,real,-1,11,2.4,787,4108,79,20302837,0.058113064616918564,0.19567322731018066,0.05126247555017471,0.14441074430942535,1.1394703506084625e-05,2.7859852345881655,0.0035400066513191428,2.0,4.48,0.03843803331255913,0.11087839305400848,0.045526668429374695,0.06535173207521439,0.0003616810718085617,3.0955247467190334,0.003933322422768785,5.0,8.0,-0.019675031304359436,-0.08479483425617218,-0.005735807120800018,-0.07905901223421097,0.00035028636830247706,0.30953951213086794,0.000393315771449642,2.6000000000000014,8.233333333333334,5.633333333333333
brc_v3_20k_fibercount_conf25,20k FC 25%,degree_preserving,0,0,2.4,787,4108,79,20402826,0.025040680542588234,0.053652312606573105,0.02780269831418991,0.025849614292383194,6.047868373570964e-05,2.751874198396656,0.0034966635303642388,2.0,4.48,0.04033248871564865,0.12656886875629425,0.04080916568636894,0.08575969934463501,2.718392715905793e-05,3.0066602019867137,0.0038204068640237785,5.0,8.0,0.015291808173060417,0.07291655614972115,0.013006467372179031,0.059910085052251816,-3.329475657665171e-05,0.25478600359005776,0.0003237433336595397,2.6000000000000014,8.233333333333334,5.633333333333333
brc_v3_20k_fibercount_conf25,20k FC 25%,degree_preserving,1,0,2.4,787,4108,79,20502826,0.05329202488064766,0.16403594613075256,0.043313439935445786,0.12072250247001648,2.164159195672255e-05,2.8131972478652636,0.0035745835423955066,2.0,4.48,0.031222864985466003,0.0930093452334404,0.02726995386183262,0.06573939323425293,0.0001266185281565413,3.112931096614039,0.00395543976698099,5.0,8.0,-0.022069159895181656,-0.07102660089731216,-0.016043486073613167,-0.05498310923576355,0.00010497693619981874,0.2997338487487755,0.0003808562245854832,2.6000000000000014,8.233333333333334,5.633333333333333
brc_v3_20k_fibercount_conf25,20k FC 25%,degree_preserving,2,0,2.4,787,4108,79,20602826,0.05307522416114807,0.15564382076263428,0.043270744383335114,0.11237306892871857,9.06044169823872e-06,2.817127794462963,0.0035795778836886444,2.0,4.48,0.07498190551996231,0.2326352745294571,0.059653814882040024,0.17298145592212677,0.00010313773236703128,3.0862459958520128,0.003921532396254146,5.0,8.0,0.02190668135881424,0.07699145376682281,0.01638307049870491,0.0606083869934082,9.407729066879256e-05,0.2691182013890496,0.00034195451256550154,2.6000000000000014,8.233333333333334,5.633333333333333
brc_v3_20k_fibercount_conf25,20k FC 25%,degree_preserving,3,0,2.4,787,4108,79,20702826,0.09274885803461075,0.12056458741426468,0.09318340569734573,0.027381200343370438,0.0001492295559728518,2.731504413441075,0.0034707807032288117,2.0,4.48,0.08340553194284439,0.2424052655696869,0.06640271097421646,0.17600254714488983,0.0003965912910643965,3.0101414404702527,0.0038248302928465725,5.0,8.0,-0.009343326091766357,0.12184067815542221,-0.026780694723129272,0.1486213468015194,0.0002473617350915447,0.2786370270291778,0.0003540495896177608,2.6000000000000014,8.233333333333334,5.633333333333333
brc_v3_20k_fibercount_conf25,20k FC 25%,degree_preserving,4,0,2.4,787,4108,79,20802826,0.04686698690056801,0.05268828570842743,0.05232212692499161,0.00036615986027754843,7.626078877365217e-05,2.7790362223421203,0.003531176902594816,2.0,4.48,0.04853479936718941,0.24604342877864838,0.030719609931111336,0.2153238207101822,2.342757761653047e-05,3.075367021440849,0.003907709048844789,5.0,8.0,0.001667812466621399,0.19335514307022095,-0.021602516993880272,0.21495766084990464,-5.2833211157121696e-05,0.2963307990987287,0.0003765321462499728,2.6000000000000014,8.233333333333334,5.633333333333333
brc_v3_20k_fibercount_conf25,20k FC 25%,degree_preserving,5,0,2.4,787,4108,79,20902826,0.061203330755233765,0.3123171627521515,0.04994942247867584,0.26236772537231445,0.0002981935103889555,2.8607731221449724,0.0036350357333481222,2.0,4.48,0.0236599650233984,0.111295185983181,0.02820681221783161,0.08308836072683334,0.0002774162858258933,3.196354106788096,0.004061441050556666,5.0,8.0,-0.037543365731835365,-0.2010219767689705,-0.02174261026084423,-0.1792793646454811,-2.077722456306219e-05,0.3355809846431237,0.0004264053172085441,2.6000000000000014,8.233333333333334,5.633333333333333
brc_v3_20k_fibercount_conf25,20k FC 25%,degree_preserving,6,0,2.4,787,4108,79,21002826,0.023447765037417412,0.10703829675912857,0.03287344053387642,0.07416485995054245,1.5440104107256047e-05,2.792715967822454,0.0035485590442470827,2.0,4.48,0.05685833841562271,0.16827155649662018,0.04524034634232521,0.12303121387958527,0.0002129044441971928,3.0367142085356207,0.0038585949282536475,5.0,8.0,0.0334105733782053,0.06123325973749161,0.012366905808448792,0.048866353929042816,0.00019746434008993674,0.24399824071316667,0.00031003588400656474,2.6000000000000014,8.233333333333334,5.633333333333333
brc_v3_20k_fibercount_conf25,20k FC 25%,degree_preserving,7,0,2.4,787,4108,79,21102826,0.06537320464849472,0.07125142961740494,0.06902848184108734,0.0022229505702853203,3.16192235914059e-05,2.783392632430555,0.003536712366493717,2.0,4.48,0.04802326485514641,0.11819382756948471,0.04321034252643585,0.07498349249362946,0.00023904506815597415,3.017901647357819,0.0038346907844444967,5.0,8.0,-0.017349939793348312,0.04694239795207977,-0.02581813931465149,0.07276054192334414,0.00020742584456456825,0.23450901492726395,0.00029797841795077985,2.6000000000000014,8.233333333333334,5.633333333333333
brc_v3_20k_fibercount_conf25,20k FC 25%,degree_preserving,8,0,2.4,787,4108,79,21202826,0.023843936622142792,0.1417694240808487,0.03892086073756218,0.10284857451915741,9.905047591018956e-06,2.84173457359806,0.003610844439133494,2.0,4.48,0.012898982502520084,0.20613013207912445,0.022096868604421616,0.18403325974941254,6.317462248262018e-05,3.1420862881054243,0.003992485753628239,5.0,8.0,-0.010944954119622707,0.06436070799827576,-0.016823992133140564,0.08118468523025513,5.3269574891601223e-05,0.3003517145073644,0.0003816413144947452,2.6000000000000014,8.233333333333334,5.633333333333333
brc_v3_20k_fibercount_conf25,20k FC 25%,degree_preserving,9,0,2.4,787,4108,79,21302826,0.03317021206021309,0.10563554614782333,0.02729327790439129,0.07834227383136749,0.000360560545232147,2.793064760386313,0.003549002236831401,2.0,4.48,0.0398731492459774,0.12156116217374802,0.0367732048034668,0.08478795737028122,0.0005079649854451418,3.1064384770558187,0.00394718993272658,5.0,8.0,0.006702937185764313,0.015925616025924683,0.009479926899075508,0.006445683538913727,0.00014740444021299481,0.31337371666950586,0.0003981876958951791,2.6000000000000014,8.233333333333334,5.633333333333333
brc_v3_20k_fibercount_conf25,20k FC 25%,degree_preserving,10,0,2.4,787,4108,79,21402826,0.06596101075410843,0.04169154912233353,0.06994514912366867,-0.028253596276044846,0.0002560280845500529,2.829766594366016,0.0035956373498932863,2.0,4.48,0.03735589236021042,0.07906613498926163,0.034747250378131866,0.04431888461112976,6.54348696116358e-05,3.174317325575756,0.004033440057910745,5.0,8.0,-0.02860511839389801,0.0373745858669281,-0.035197898745536804,0.0725724808871746,-0.00019059321493841708,0.3445507312097398,0.0004378027080174586,2.6000000000000014,8.233333333333334,5.633333333333333
brc_v3_20k_fibercount_conf25,20k FC 25%,degree_preserving,11,0,2.4,787,4108,79,21502826,0.03301675245165825,0.07267693430185318,0.029028095304965973,0.043648842722177505,9.188550029648468e-05,2.7854455020169784,0.0035393208411905698,2.0,4.48,0.03346721827983856,0.13395902514457703,0.04759405180811882,0.0863649770617485,0.00016339364810846746,3.050052624747105,0.0038755433605427003,5.0,8.0,0.0004504658281803131,0.061282090842723846,0.018565956503152847,0.042716134339571,7.150814781198278e-05,0.26460712273012676,0.0003362225193521305,2.6000000000000014,8.233333333333334,5.633333333333333
brc_v3_20k_fibercount_conf25,20k FC 25%,degree_strength_preserving,0,0,2.4,787,4108,79,20402826,0.04730766639113426,0.0888439193367958,0.043197307735681534,0.04564662277698517,6.348024726321455e-06,2.7489491776026944,0.0034929468584532332,2.0,4.48,0.03938340023159981,0.16437171399593353,0.03659075126051903,0.1277809590101242,5.1864284614566714e-05,3.0229153745011885,0.0038410614669646616,5.0,8.0,-0.007924266159534454,0.07552779465913773,-0.006606556475162506,0.08213433623313904,4.551625988824526e-05,0.2739661968984941,0.0003481146085114284,2.6000000000000014,8.233333333333334,5.633333333333333
brc_v3_20k_fibercount_conf25,20k FC 25%,degree_strength_preserving,1,0,2.4,787,4108,79,20502826,0.046231042593717575,0.14976327121257782,0.035635799169540405,0.11412745714187622,5.209164100961061e-06,2.8272567678062757,0.0035924482437182663,2.0,4.48,0.05210023373365402,0.10618606209754944,0.04629044607281685,0.05989560857415199,7.341051968978718e-05,3.10188785636108,0.003941407695503278,5.0,8.0,0.005869191139936447,-0.04357720911502838,0.010654646903276443,-0.05423184856772423,6.820135558882612e-05,0.2746310885548042,0.000348959451785012,2.6000000000000014,8.233333333333334,5.633333333333333
brc_v3_20k_fibercount_conf25,20k FC 25%,degree_strength_preserving,2,0,2.4,787,4108,79,20602826,0.0688541904091835,0.19982269406318665,0.056279655545949936,0.1435430645942688,4.530049045570195e-05,2.805887431930656,0.003565295339174912,2.0,4.48,0.08759848773479462,0.39028728008270264,0.05632753670215607,0.3339597284793854,4.855417137150653e-05,3.0761279679216185,0.003908675943991891,5.0,8.0,0.018744297325611115,0.190464586019516,4.788115620613098e-05,0.19041666388511658,3.25368091580458e-06,0.27024053599096254,0.00034338060481697895,2.6000000000000014,8.233333333333334,5.633333333333333
brc_v3_20k_fibercount_conf25,20k FC 25%,degree_strength_preserving,3,0,2.4,787,4108,79,20702826,0.07777497917413712,0.167108952999115,0.07003097236156464,0.09707797318696976,0.00020845761173404753,2.7416260593230186,0.003483641752634077,2.0,4.48,0.1150893047451973,0.36439773440361023,0.08743923902511597,0.27695852518081665,3.672639650176279e-05,3.0236034391546873,0.0038419357549614834,5.0,8.0,0.03731432557106018,0.19728878140449524,0.01740826666355133,0.1798805519938469,-0.00017173121523228474,0.2819773798316687,0.0003582940023274064,2.6000000000000014,8.233333333333334,5.633333333333333
brc_v3_20k_fibercount_conf25,20k FC 25%,degree_strength_preserving,4,0,2.4,787,4108,79,20802826,0.04435175657272339,0.04716511443257332,0.05250595137476921,-0.005340839270502329,5.073462671134621e-05,2.787896996891167,0.0035424358283242274,2.0,4.48,0.013442534022033215,0.08573348820209503,0.020178860053420067,0.06555463373661041,0.00013767139171250165,3.0783748012112335,0.003911530878286193,5.0,8.0,-0.030909222550690174,0.03856837376952171,-0.032327091321349144,0.07089547300711274,8.693676500115544e-05,0.29047780432006665,0.0003690950499619654,2.6000000000000014,8.233333333333334,5.633333333333333
brc_v3_20k_fibercount_conf25,20k FC 25%,degree_strength_preserving,5,0,2.4,787,4108,79,20902826,0.06607496738433838,0.37560346722602844,0.03846186771988869,0.33714160323143005,0.0002380211080890149,2.8816351201406243,0.0036615439900134997,2.0,4.48,0.07221955060958862,0.29940709471702576,0.053130388259887695,0.24627670645713806,0.00018857560644391924,3.1550967943829056,0.0040090175278054705,5.0,8.0,0.006144583225250244,-0.07619637250900269,0.014668520539999008,-0.09086489677429199,-4.9445501645095646e-05,0.2734616742422813,0.00034747353779197073,2.6000000000000014,8.233333333333334,5.633333333333333
brc_v3_20k_fibercount_conf25,20k FC 25%,degree_strength_preserving,6,0,2.4,787,4108,79,21002826,0.03563961014151573,0.09909085184335709,0.04321572557091713,0.05587512627243996,2.614034019643441e-05,2.786879689212005,0.0035411431883252925,2.0,4.48,0.03763822838664055,0.11101838201284409,0.03413316234946251,0.07688522338867188,0.00012958481966052204,3.0538584545984433,0.003880379230747704,5.0,8.0,0.001998618245124817,0.011927530169487,-0.00908256322145462,0.02101009711623192,0.00010344447946408764,0.26697876538643817,0.00033923604242241164,2.6000000000000014,8.233333333333334,5.633333333333333
brc_v3_20k_fibercount_conf25,20k FC 25%,degree_strength_preserving,7,0,2.4,787,4108,79,21102826,0.06982608139514923,0.13276509940624237,0.06767643988132477,0.0650886818766594,1.5860217899899e-05,2.774235660112255,0.0035250770776521665,2.0,4.48,0.07573678344488144,0.2691055238246918,0.05631781741976738,0.2127877026796341,8.620285370852798e-05,3.005332395530583,0.0038187196893654167,5.0,8.0,0.005910702049732208,0.1363404244184494,-0.011358622461557388,0.1476990208029747,7.034263580862898e-05,0.23109673541832798,0.00029364261171325014,2.6000000000000014,8.233333333333334,5.633333333333333
brc_v3_20k_fibercount_conf25,20k FC 25%,degree_strength_preserving,8,0,2.4,787,4108,79,21202826,0.03927086666226387,0.09966994822025299,0.05250825360417366,0.04716170206665993,3.688220022013411e-05,2.8369429543741194,0.0036047559776037096,2.0,4.48,0.04576268419623375,0.10779045522212982,0.046809785068035126,0.060980670154094696,0.0002799461653921753,3.1193199704041965,0.0039635577768795385,5.0,8.0,0.006491817533969879,0.008120507001876831,-0.0056984685361385345,0.013818968087434769,0.0002430639651720412,0.28237701603007714,0.00035880179927582885,2.6000000000000014,8.233333333333334,5.633333333333333
brc_v3_20k_fibercount_conf25,20k FC 25%,degree_strength_preserving,9,0,2.4,787,4108,79,21302826,0.03532096743583679,0.09575799107551575,0.030141761526465416,0.06561623513698578,0.0005837990902364254,2.8012739871434134,0.0035594332746422025,2.0,4.48,0.027890676632523537,0.036687999963760376,0.03003322146832943,0.006654778029769659,0.00010197932715527713,3.114502769596668,0.00395743681016095,5.0,8.0,-0.007430290803313255,-0.05906999111175537,-0.00010854005813598633,-0.05896145710721612,-0.00048181976308114827,0.3132287824532547,0.0003980035355187479,2.6000000000000014,8.233333333333334,5.633333333333333
brc_v3_20k_fibercount_conf25,20k FC 25%,degree_strength_preserving,10,0,2.4,787,4108,79,21402826,0.04480355978012085,0.06606824696063995,0.048484813421964645,0.017583439126610756,0.0007181428954936564,2.8506643889896255,0.003622191091473476,2.0,4.48,0.03744789958000183,0.11790655553340912,0.030792267993092537,0.08711428940296173,0.0005354290478862822,3.1675575172942056,0.004024850720831265,5.0,8.0,-0.0073556602001190186,0.051838308572769165,-0.01769254542887211,0.06953085027635098,-0.0001827138476073742,0.31689312830458016,0.0004026596293577895,2.6000000000000014,8.233333333333334,5.633333333333333
brc_v3_20k_fibercount_conf25,20k FC 25%,degree_strength_preserving,11,0,2.4,787,4108,79,21502826,0.03510599210858345,0.09324445575475693,0.031399186700582504,0.06184525787830353,0.00034443807089701295,2.7773505404773746,0.003529034994253335,2.0,4.48,0.04203559085726738,0.28991463780403137,0.04254065081477165,0.24737395346164703,0.0001129324737121351,3.0335359338058305,0.003854556459727866,5.0,8.0,0.0069295987486839294,0.19667018204927444,0.011141464114189148,0.1855286955833435,-0.00023150559718487784,0.2561853933284559,0.00032552146547453094,2.6000000000000014,8.233333333333334,5.633333333333333
brc_v3_20k_fibercount_conf25,20k FC 25%,real,-1,0,3.2,787,4108,79,20303626,0.08201204240322113,0.3042985498905182,0.057652100920677185,0.2466464340686798,3.0168179364409298e-05,2.7205178653669186,0.0034568206675564405,2.0,4.48,0.07096975296735764,0.3380615711212158,0.04956794157624245,0.28849366307258606,0.00010389993258286268,3.0181046070981212,0.0038349486748387816,5.0,8.0,-0.011042289435863495,0.03376302123069763,-0.008084159344434738,0.04184722900390625,7.373175321845338e-05,0.2975867417312026,0.0003781280072823411,2.600000000000001,8.23333333333333,5.633333333333329
brc_v3_20k_fibercount_conf25,20k FC 25%,real,-1,1,3.2,787,4108,79,20303627,0.06519518792629242,0.16753318905830383,0.055252861231565475,0.11228034645318985,0.0001412706624250859,2.773030118808188,0.003523545258968473,2.0,4.48,0.14291636645793915,0.5939618945121765,0.09317032247781754,0.5007914900779724,0.0011232058750465512,3.0293622084249345,0.003849253123792801,5.0,8.0,0.07772117853164673,0.4264287054538727,0.03791746124625206,0.38851114362478256,0.0009819352126214653,0.2563320896167465,0.0003257078648243282,2.600000000000001,8.23333333333333,5.633333333333329
brc_v3_20k_fibercount_conf25,20k FC 25%,real,-1,2,3.2,787,4108,79,20303628,0.05223621055483818,0.06951785832643509,0.05603910610079765,0.01347874291241169,9.66346196946688e-05,2.7713092904630248,0.00352135869182087,2.0,4.48,0.03359553962945938,0.09004031121730804,0.04081385210156441,0.049226462841033936,5.134399179951288e-05,3.0506340723341188,0.0038762821757739757,5.0,8.0,-0.0186406709253788,0.020522452890872955,-0.015225253999233246,0.035747719928622246,-4.529062789515592e-05,0.279324781871094,0.0003549234839531055,2.600000000000001,8.23333333333333,5.633333333333329
brc_v3_20k_fibercount_conf25,20k FC 25%,real,-1,3,3.2,787,4108,79,20303629,0.03887290880084038,0.055453184992074966,0.037470538169145584,0.017982644960284233,4.490463834372349e-05,2.7650586341230516,0.0035134163076531786,2.0,4.48,0.05784276872873306,0.2672552168369293,0.05224550515413284,0.21500973403453827,0.0001830157998483628,3.0378763909928757,0.0038600716531040353,5.0,8.0,0.018969859927892685,0.21180203184485435,0.014774966984987259,0.19702708907425404,0.0001381111615046393,0.272817756869824,0.0003466553454508567,2.600000000000001,8.23333333333333,5.633333333333329
brc_v3_20k_fibercount_conf25,20k FC 25%,real,-1,4,3.2,787,4108,79,20303630,0.03706904500722885,0.12056131660938263,0.02952290140092373,0.09103841334581375,0.00023005086404737085,2.7582859554417074,0.0035048106168255495,2.0,4.48,0.09279940277338028,0.27254241704940796,0.07554817944765091,0.19699424505233765,4.4703527237288654e-05,3.0176411280034716,0.003834359756039989,5.0,8.0,0.05573035776615143,0.15198110044002533,0.04602527804672718,0.1059558317065239,-0.0001853473368100822,0.2593551725617642,0.0003295491392144396,2.600000000000001,8.23333333333333,5.633333333333329
brc_v3_20k_fibercount_conf25,20k FC 25%,real,-1,5,3.2,787,4108,79,20303631,0.0410798043012619,0.16937527060508728,0.027739621698856354,0.14163565635681152,0.0002974903618451208,2.7331434460970883,0.003472863336845093,2.0,4.48,0.025449736043810844,0.379425585269928,0.019854014739394188,0.35957154631614685,0.0003560902550816536,3.0286736918873856,0.003848378261610401,5.0,8.0,-0.015630068257451057,0.2100503146648407,-0.007885606959462166,0.21793588995933533,5.859989323653281e-05,0.2955302457902973,0.0003755149247653077,2.600000000000001,8.23333333333333,5.633333333333329
brc_v3_20k_fibercount_conf25,20k FC 25%,real,-1,6,3.2,787,4108,79,20303632,0.03733067959547043,0.3650735020637512,0.04000653326511383,0.3250668942928314,3.103430208284408e-05,2.7192409534847948,0.0034551981619883034,2.0,4.48,0.0554313100874424,0.28878694772720337,0.05307188257575035,0.23571506142616272,0.00011720863403752446,2.9989225512957876,0.0038105750334126907,5.0,8.0,0.01810063049197197,-0.07628655433654785,0.01306534931063652,-0.0893518328666687,8.617433195468038e-05,0.2796815978109928,0.0003553768714243872,2.600000000000001,8.23333333333333,5.633333333333329
brc_v3_20k_fibercount_conf25,20k FC 25%,real,-1,7,3.2,787,4108,79,20303633,0.10799027979373932,0.2743184268474579,0.09080186486244202,0.18351657688617706,0.0005190931260585785,2.7677136578326107,0.003516789908300649,2.0,4.48,0.1231977790594101,0.4454684555530548,0.08950065076351166,0.35596778988838196,0.00012186204548925161,2.9835404048154324,0.0037910297392826334,5.0,8.0,0.015207499265670776,0.17115002870559692,-0.0013012140989303589,0.1724512130022049,-0.0003972310805693269,0.21582674698282167,0.0002742398309819845,2.600000000000001,8.23333333333333,5.633333333333329
brc_v3_20k_fibercount_conf25,20k FC 25%,real,-1,8,3.2,787,4108,79,20303634,0.08981471508741379,0.16721412539482117,0.08201868087053299,0.08519542217254639,0.00017692414985504001,2.7730632537377398,0.003523587361801448,2.0,4.48,0.05694354325532913,0.25919827818870544,0.03896976634860039,0.22022855281829834,0.0004831693950109184,3.011419377580216,0.0038264541011184447,5.0,8.0,-0.032871171832084656,0.09198415279388428,-0.0430489145219326,0.13503313064575195,0.00030624524515587837,0.2383561238424763,0.00030286673931699667,2.600000000000001,8.23333333333333,5.633333333333329
brc_v3_20k_fibercount_conf25,20k FC 25%,real,-1,9,3.2,787,4108,79,20303635,0.08796406537294388,0.1862069070339203,0.07901819050312042,0.10718876123428345,7.455129525624216e-05,2.8413228176840195,0.003610321242292274,2.0,4.48,0.042933251708745956,0.17907573282718658,0.033951371908187866,0.14512434601783752,2.957886317744851e-05,3.1344307874342303,0.003982758306777929,5.0,8.0,-0.04503081366419792,-0.007131174206733704,-0.045066818594932556,0.03793558478355408,-4.4972432078793645e-05,0.2931079697502108,0.00037243706448565487,2.600000000000001,8.23333333333333,5.633333333333329
brc_v3_20k_fibercount_conf25,20k FC 25%,real,-1,10,3.2,787,4108,79,20303636,0.030813368037343025,0.10399527102708817,0.029459362849593163,0.07453589886426926,1.5037335288070608e-05,2.811227489522636,0.0035720806728368943,2.0,4.48,0.030684806406497955,0.07518293708562851,0.03312678262591362,0.04205615818500519,8.212836110033095e-05,3.0704108778182335,0.0039014115347118595,5.0,8.0,-0.00012856163084506989,-0.028812333941459656,0.0036674197763204575,-0.03247974067926407,6.709102581226034e-05,0.2591833882955976,0.00032933086187496513,2.600000000000001,8.23333333333333,5.633333333333329
brc_v3_20k_fibercount_conf25,20k FC 25%,real,-1,11,3.2,787,4108,79,20303637,0.13125655055046082,0.22740331292152405,0.12115748226642609,0.10624582320451736,1.1667185390251689e-05,2.799843603227751,0.0035576157601369136,2.0,4.48,0.06382429599761963,0.2555309236049652,0.05000479519367218,0.20552611351013184,0.0014241260942071676,3.111353327577199,0.003953434977861752,5.0,8.0,-0.06743225455284119,0.028127610683441162,-0.0711526870727539,0.09928029030561447,0.001412458908816916,0.311509724349448,0.00039581921772483854,2.600000000000001,8.23333333333333,5.633333333333329
brc_v3_20k_fibercount_conf25,20k FC 25%,degree_preserving,0,0,3.2,787,4108,79,20403626,0.07703828066587448,0.19382396340370178,0.0661245658993721,0.12769939005374908,0.00029781198827549815,2.7950538964683305,0.0035515297286764047,2.0,4.48,0.014114638790488243,0.09432382136583328,0.014944369904696941,0.07937945425510406,2.7667054382618517e-05,3.0899960860674573,0.003926297441000581,5.0,8.0,-0.06292364187538624,-0.0995001420378685,-0.05118019599467516,-0.04831993579864502,-0.00027014493389287964,0.2949421895991269,0.00037476771232417645,2.600000000000001,8.23333333333333,5.633333333333329
brc_v3_20k_fibercount_conf25,20k FC 25%,degree_preserving,1,0,3.2,787,4108,79,20503626,0.058753278106451035,0.042199280112981796,0.06700440496206284,-0.024805136024951935,9.402430441696197e-05,2.824944272307604,0.0035895098758673494,2.0,4.48,0.031207093968987465,0.10852477699518204,0.028462272137403488,0.08006249368190765,1.9152028471580707e-05,3.038707270969975,0.0038611274091105144,5.0,8.0,-0.02754618413746357,0.06632549688220024,-0.03854213282465935,0.10486762970685959,-7.487227594538126e-05,0.21376299866237103,0.00027161753324316494,2.600000000000001,8.23333333333333,5.633333333333329
brc_v3_20k_fibercount_conf25,20k FC 25%,degree_preserving,2,0,3.2,787,4108,79,20603626,0.04398106783628464,0.08067293465137482,0.041515350341796875,0.03915759548544884,0.00010648099123500288,2.827003757943571,0.003592126757234525,2.0,4.48,0.06344402581453323,0.1762704849243164,0.0532759428024292,0.12299453467130661,0.0003975681902375072,3.105774800441939,0.003946346633344268,5.0,8.0,0.019462957978248596,0.09559755027294159,0.011760592460632324,0.08383693918585777,0.00029108719900250435,0.27877104249836826,0.0003542198761097436,2.600000000000001,8.23333333333333,5.633333333333329
brc_v3_20k_fibercount_conf25,20k FC 25%,degree_preserving,3,0,3.2,787,4108,79,20703626,0.038787443190813065,0.09026023745536804,0.04455920681357384,0.045701026916503906,5.2190480346325785e-05,2.7642362727297005,0.0035123713757683615,2.0,4.48,0.016952041536569595,0.09664455056190491,0.015299522317945957,0.08134502172470093,3.313209526822902e-05,2.9883581047316388,0.0037971513401926795,5.0,8.0,-0.02183540165424347,0.006384313106536865,-0.02925968449562788,0.03564399480819702,-1.9058385078096762e-05,0.22412183200193825,0.00028477996442431795,2.600000000000001,8.23333333333333,5.633333333333329
brc_v3_20k_fibercount_conf25,20k FC 25%,degree_preserving,4,0,3.2,787,4108,79,20803626,0.08513983339071274,0.20005837082862854,0.07486259937286377,0.12519577145576477,3.051179191970732e-05,2.8357250172759585,0.003603208408228664,2.0,4.48,0.06257810443639755,0.2843177318572998,0.0519351065158844,0.2323826253414154,0.00022507212997879833,3.1152180508760594,0.003958345680909859,5.0,8.0,-0.022561728954315186,0.08425936102867126,-0.02292749285697937,0.10718685388565063,0.000194560338059091,0.2794930336001009,0.00035513727268119506,2.600000000000001,8.23333333333333,5.633333333333329
brc_v3_20k_fibercount_conf25,20k FC 25%,degree_preserving,5,0,3.2,787,4108,79,20903626,0.05509268864989281,0.036856524646282196,0.05858937278389931,-0.021732842549681664,7.158242806326598e-05,2.810758882385424,0.00357148523810092,2.0,4.48,0.03611636161804199,0.05010833963751793,0.03687590733170509,0.013232432305812836,0.00014379777712747455,3.130687701234988,0.003978002161670886,5.0,8.0,-0.018976327031850815,0.013251814991235733,-0.021713465452194214,0.0349652748554945,7.221534906420857e-05,0.3199288188495637,0.00040651692356996616,2.600000000000001,8.23333333333333,5.633333333333329
brc_v3_20k_fibercount_conf25,20k FC 25%,degree_preserving,6,0,3.2,787,4108,79,21003626,0.09658318012952805,0.100457102060318,0.09631240367889404,0.004144695121794939,0.0002871900796890259,2.8061633342559253,0.003565645913921125,2.0,4.48,0.09529343992471695,0.1269560605287552,0.09340381622314453,0.03355224058032036,1.3812606084684376e-05,3.1025077832085866,0.003942195404331114,5.0,8.0,-0.0012897402048110962,0.026498958468437195,-0.0029085874557495117,0.02940754545852542,-0.0002733774736043415,0.2963444489526612,0.00037654949040998855,2.600000000000001,8.23333333333333,5.633333333333329
brc_v3_20k_fibercount_conf25,20k FC 25%,degree_preserving,7,0,3.2,787,4108,79,21103626,0.0766371488571167,0.29186302423477173,0.05299881100654602,0.23886419832706451,0.0004506959521677345,2.8824684286282922,0.00366260283180215,2.0,4.48,0.10794749110937119,0.4026883840560913,0.07672907412052155,0.32595929503440857,5.3144904086366296e-05,3.1535259505324498,0.0040070215381606735,5.0,8.0,0.031310342252254486,0.11082535982131958,0.023730263113975525,0.08709509670734406,-0.0003975510480813682,0.27105752190415755,0.0003444187063585233,2.600000000000001,8.23333333333333,5.633333333333329
brc_v3_20k_fibercount_conf25,20k FC 25%,degree_preserving,8,0,3.2,787,4108,79,21203626,0.04239121079444885,0.19296115636825562,0.0393875427544117,0.15357361733913422,4.446913408173714e-06,2.702263501223393,0.003433625795709521,2.0,4.48,0.03765246272087097,0.09484551101922989,0.0420716255903244,0.05277387797832489,2.7670403142110445e-06,2.935452600339754,0.0037299270652347573,5.0,8.0,-0.004738748073577881,-0.09811564534902573,0.0026840828359127045,-0.10079973936080933,-1.6798730939626694e-06,0.2331890991163612,0.00029630126952523645,2.600000000000001,8.23333333333333,5.633333333333329
brc_v3_20k_fibercount_conf25,20k FC 25%,degree_preserving,9,0,3.2,787,4108,79,21303626,0.03934549167752266,0.0870654433965683,0.048534687608480453,0.03853076323866844,1.8389298929832876e-05,2.817850491172628,0.0035804961768394253,2.0,4.48,0.024709900841116905,0.18946345150470734,0.025383614003658295,0.16407983005046844,9.012515511130914e-05,3.0438056674977974,0.0038676056766172775,5.0,8.0,-0.014635590836405754,0.10239800810813904,-0.02315107360482216,0.1255490668118,7.173585618147627e-05,0.22595517632516948,0.00028710949977785215,2.600000000000001,8.23333333333333,5.633333333333329
brc_v3_20k_fibercount_conf25,20k FC 25%,degree_preserving,10,0,3.2,787,4108,79,21403626,0.07404393702745438,0.08510586619377136,0.07876124978065491,0.006344614550471306,2.7569538360694423e-05,2.7872466998820107,0.003541609529710306,2.0,4.48,0.06489133089780807,0.09569086134433746,0.06195969879627228,0.03373115509748459,0.00028359779389575124,3.0731871401825286,0.00390493918701719,5.0,8.0,-0.009152606129646301,0.010584995150566101,-0.01680155098438263,0.027386540547013283,0.0002560282555350568,0.2859404403005179,0.0003633296573068842,2.600000000000001,8.23333333333333,5.633333333333329
brc_v3_20k_fibercount_conf25,20k FC 25%,degree_preserving,11,0,3.2,787,4108,79,21503626,0.024398334324359894,0.12476851791143417,0.01576891727745533,0.1089995950460434,9.535585559206083e-05,2.8186917329869403,0.0035815650990939523,2.0,4.48,0.05148287117481232,0.039619870483875275,0.05330787971615791,-0.01368801575154066,9.345481521449983e-05,3.059963956636091,0.003888137174887028,5.0,8.0,0.027084536850452423,-0.0851486474275589,0.03753896243870258,-0.12268761079758406,-1.901040377561003e-06,0.24127222364915069,0.00030657207579307556,2.600000000000001,8.23333333333333,5.633333333333329
brc_v3_20k_fibercount_conf25,20k FC 25%,degree_strength_preserving,0,0,3.2,787,4108,79,20403626,0.10229696333408356,0.28046566247940063,0.08417508751153946,0.19629058241844177,0.0006818113033659756,2.810430930181382,0.0035710685262787573,2.0,4.48,0.03404008224606514,0.058925122022628784,0.038601845502853394,0.020323270931839943,4.830102261621505e-05,3.1104281914555028,0.003952259455470779,5.0,8.0,-0.06825688108801842,-0.22154054045677185,-0.045573242008686066,-0.17596731148660183,-0.0006335102807497606,0.29999726127412085,0.0003811909291920215,2.600000000000001,8.23333333333333,5.633333333333329
brc_v3_20k_fibercount_conf25,20k FC 25%,degree_strength_preserving,1,0,3.2,787,4108,79,20503626,0.07948072999715805,0.06566203385591507,0.09251628816127777,-0.026854252442717552,0.0003098725574091077,2.802939845382678,0.0035615499941330088,2.0,4.48,0.03759152069687843,0.28242531418800354,0.02781413495540619,0.25461113452911377,0.00041600814438425004,3.079867142698853,0.003913427119058263,5.0,8.0,-0.04188920930027962,0.21676328033208847,-0.06470215320587158,0.2814653869718313,0.00010613558697514236,0.27692729731617494,0.0003518771249252542,2.600000000000001,8.23333333333333,5.633333333333329
brc_v3_20k_fibercount_conf25,20k FC 25%,degree_strength_preserving,2,0,3.2,787,4108,79,20603626,0.06821397691965103,0.15814019739627838,0.059218667447566986,0.0989215299487114,0.0002171052183257416,2.81944870024637,0.0035825269380512963,2.0,4.48,0.04331349954009056,0.10057122260332108,0.03996986895799637,0.060601361095905304,0.000493151368573308,3.114396058997005,0.0039573012185476555,5.0,8.0,-0.02490047737956047,-0.057568974792957306,-0.019248798489570618,-0.03832016885280609,0.0002760461502475664,0.2949473587506346,0.00037477428049635924,2.600000000000001,8.23333333333333,5.633333333333329
brc_v3_20k_fibercount_conf25,20k FC 25%,degree_strength_preserving,3,0,3.2,787,4108,79,20703626,0.024824032559990883,0.06003258749842644,0.03096012771129608,0.029072457924485207,9.995084110414609e-05,2.7695775626685366,0.0035191582753094494,2.0,4.48,0.07678249478340149,0.27529269456863403,0.056161943823099136,0.219130739569664,0.00011285015352768824,3.0172712922167784,0.0038338898249260208,5.0,8.0,0.051958462223410606,0.2152601070702076,0.025201816111803055,0.1900582816451788,1.2899312423542142e-05,0.24769372954824176,0.0003147315496165714,2.600000000000001,8.23333333333333,5.633333333333329
brc_v3_20k_fibercount_conf25,20k FC 25%,degree_strength_preserving,4,0,3.2,787,4108,79,20803626,0.16304521262645721,0.322026789188385,0.14728420972824097,0.17474259436130524,0.0001756929123075679,2.795409761428198,0.003551981907786783,2.0,4.48,0.10541250556707382,0.34475284814834595,0.08114554733037949,0.2636072635650635,0.0012456041295081377,3.0665807122166155,0.003896544742333692,5.0,8.0,-0.05763270705938339,0.022726058959960938,-0.06613866239786148,0.08886466920375824,0.0010699112172005698,0.27117095078841746,0.0003445628345469091,2.600000000000001,8.23333333333333,5.633333333333329
brc_v3_20k_fibercount_conf25,20k FC 25%,degree_strength_preserving,5,0,3.2,787,4108,79,20903626,0.05430523306131363,0.11545922607183456,0.052433960139751434,0.06302526593208313,7.532635936513543e-05,2.816326716870949,0.0035785599960240773,2.0,4.48,0.056504249572753906,0.16084440052509308,0.04640526697039604,0.11443913727998734,4.538004577625543e-05,3.098516224104176,0.0039371235376164885,5.0,8.0,0.002199016511440277,0.045385174453258514,-0.0060286931693553925,0.051413871347904205,-2.9946313588880002e-05,0.2821895072332272,0.0003585635415924112,2.600000000000001,8.23333333333333,5.633333333333329
brc_v3_20k_fibercount_conf25,20k FC 25%,degree_strength_preserving,6,0,3.2,787,4108,79,21003626,0.07416712492704391,0.12392425537109375,0.07124581933021545,0.052678432315588,0.00011849565635202453,2.8085353787305976,0.003568659947561115,2.0,4.48,0.06273046135902405,0.15737207233905792,0.05262576416134834,0.10474631935358047,0.0002055785880656913,3.1034387680266406,0.003943378358356595,5.0,8.0,-0.011436663568019867,0.03344781696796417,-0.01862005516886711,0.05206788703799248,8.708293171366677e-05,0.2949033892960431,0.0003747184107954801,2.600000000000001,8.23333333333333,5.633333333333329
brc_v3_20k_fibercount_conf25,20k FC 25%,degree_strength_preserving,7,0,3.2,787,4108,79,21103626,0.1352691799402237,0.4377796947956085,0.10155721008777618,0.33622246980667114,0.0008276615408249199,2.8926405010158827,0.0036755279555475,2.0,4.48,0.15917760133743286,0.5099542737007141,0.1217731460928917,0.3881811499595642,4.5428649173118174e-05,3.125514872464849,0.003971429316982019,5.0,8.0,0.023908421397209167,0.07217457890510559,0.02021593600511551,0.051958680152893066,-0.0007822328916518018,0.2328743714489665,0.0002959013614345189,2.600000000000001,8.23333333333333,5.633333333333329
brc_v3_20k_fibercount_conf25,20k FC 25%,degree_strength_preserving,8,0,3.2,787,4108,79,21203626,0.035847295075654984,0.22908948361873627,0.016647780314087868,0.21244172751903534,0.00010140442464035004,2.7282351412781356,0.003466626608993819,2.0,4.48,0.08853999525308609,0.2942568361759186,0.06566041707992554,0.22859638929367065,0.0001744812325341627,2.9324997930324592,0.0037261750864453105,5.0,8.0,0.05269270017743111,0.06516735255718231,0.04901263676583767,0.016154661774635315,7.307680789381266e-05,0.20426465175432362,0.0002595484774514916,2.600000000000001,8.23333333333333,5.633333333333329
brc_v3_20k_fibercount_conf25,20k FC 25%,degree_strength_preserving,9,0,3.2,787,4108,79,21303626,0.060056839138269424,0.03570050373673439,0.06729128211736679,-0.031590789556503296,1.572742075950373e-05,2.8107726605859624,0.003571502745344298,2.0,4.48,0.02999904938042164,0.09026279300451279,0.030301323160529137,0.0599614679813385,0.00012518663424998522,3.031714574820857,0.0038522421535207843,5.0,8.0,-0.030057789757847786,0.0545622892677784,-0.036989958956837654,0.0915522575378418,0.00010945921349048149,0.22094191423489473,0.00028073940817648644,2.600000000000001,8.23333333333333,5.633333333333329
brc_v3_20k_fibercount_conf25,20k FC 25%,degree_strength_preserving,10,0,3.2,787,4108,79,21403626,0.06219175457954407,0.0778767541050911,0.06921932846307755,0.008657441474497318,0.00014702342741657048,2.8550736723692,0.003627793738715629,2.0,4.48,0.07488086819648743,0.07471851259469986,0.08593882620334625,-0.011220297776162624,0.0005027335719205439,3.0879914401676167,0.003923750241636108,5.0,8.0,0.01268911361694336,-0.0031582415103912354,0.016719497740268707,-0.019877739250659943,0.0003557101445039734,0.23291776779841689,0.00029595650292047913,2.600000000000001,8.23333333333333,5.633333333333329
brc_v3_20k_fibercount_conf25,20k FC 25%,degree_strength_preserving,11,0,3.2,787,4108,79,21503626,0.05675122141838074,0.22243143618106842,0.04531886801123619,0.17711259424686432,6.688907160423696e-05,2.820926225140774,0.003584404352148379,2.0,4.48,0.04611073061823845,0.13955236971378326,0.04626726731657982,0.09328509122133255,0.000321240077028051,3.0823147918037614,0.003916537219572759,5.0,8.0,-0.010640490800142288,-0.08287906646728516,0.0009483993053436279,-0.08382750302553177,0.00025435100542381406,0.2613885666629874,0.0003321328674243799,2.600000000000001,8.23333333333333,5.633333333333329
brc_v3_20k_fibercount_conf25,20k FC 25%,real,-1,0,4.0,787,4108,79,20304426,0.11609644442796707,0.23289714753627777,0.10356681793928146,0.1293303370475769,8.798957424005494e-05,2.7210756448756537,0.0034575294089906655,2.0,4.48,0.1438387632369995,0.5381660461425781,0.10020449012517929,0.4379616379737854,4.8291058192262426e-05,3.0010630076693046,0.003813294800088062,5.0,8.0,0.02774231880903244,0.30526889860630035,-0.003362327814102173,0.3086313009262085,-3.969851604779251e-05,0.2799873627936509,0.0003557653910973963,2.6000000000000014,8.233333333333334,5.633333333333333
brc_v3_20k_fibercount_conf25,20k FC 25%,real,-1,1,4.0,787,4108,79,20304427,0.06545408070087433,0.07746599614620209,0.06443305313587189,0.013032937422394753,0.0006003002636134624,2.7732176758618037,0.003523783577969255,2.0,4.48,0.052530769258737564,0.18961915373802185,0.03951526805758476,0.15010391175746918,0.00012901531590614468,3.1196266406505697,0.0039639474468241035,5.0,8.0,-0.012923311442136765,0.11215315759181976,-0.024917785078287125,0.13707097433507442,-0.00047128494770731777,0.34640896478876604,0.00044016386885484867,2.6000000000000014,8.233333333333334,5.633333333333333
brc_v3_20k_fibercount_conf25,20k FC 25%,real,-1,2,4.0,787,4108,79,20304428,0.04463737830519676,0.1737803965806961,0.03258119523525238,0.14119920134544373,6.726328138029203e-05,2.7501648787993664,0.0034944915867844554,2.0,4.48,0.0370883010327816,0.195649653673172,0.026717524975538254,0.16893211007118225,4.572136822389439e-05,3.0312994523563015,0.003851714678978782,5.0,8.0,-0.007549077272415161,0.02186925709247589,-0.005863670259714127,0.027732908725738525,-2.154191315639764e-05,0.28113457355693505,0.00035722309219432665,2.6000000000000014,8.233333333333334,5.633333333333333
brc_v3_20k_fibercount_conf25,20k FC 25%,real,-1,3,4.0,787,4108,79,20304429,0.08491978794336319,0.3354592025279999,0.062097057700157166,0.2733621299266815,1.357982910121791e-05,2.754034929943713,0.0034994090596489366,2.0,4.48,0.06768566370010376,0.3095266819000244,0.0426032654941082,0.2669234275817871,0.0011008401634171605,3.030868723514879,0.003851167374224751,5.0,8.0,-0.01723412424325943,-0.025932520627975464,-0.019493792206048965,-0.006438702344894409,0.0010872603343159426,0.276833793571166,0.0003517583145758144,2.6000000000000014,8.233333333333334,5.633333333333333
brc_v3_20k_fibercount_conf25,20k FC 25%,real,-1,4,4.0,787,4108,79,20304430,0.17075073719024658,0.4588051438331604,0.1393454670906067,0.3194597065448761,0.00156552589032799,2.8028160083841813,0.0035613926408947665,2.0,4.48,0.19663077592849731,0.6510778069496155,0.14710572361946106,0.5039721727371216,0.00018163507047574967,2.989892204878949,0.003799100641523442,5.0,8.0,0.025880038738250732,0.19227266311645508,0.00776025652885437,0.18451246619224548,-0.0013838908198522404,0.1870761964947678,0.0002377080006286756,2.6000000000000014,8.233333333333334,5.633333333333333
brc_v3_20k_fibercount_conf25,20k FC 25%,real,-1,5,4.0,787,4108,79,20304431,0.04522377997636795,0.1553734689950943,0.03831276670098305,0.11706069111824036,2.800109905365389e-05,2.7301179124723474,0.003469018948503618,2.0,4.48,0.08049298822879791,0.3171580135822296,0.058319833129644394,0.2588382363319397,0.00023519276874139905,2.992306470265146,0.003802168323081507,5.0,8.0,0.03526920825242996,0.16178454458713531,0.020007066428661346,0.14177754521369934,0.00020719166968774516,0.2621885577927987,0.00033314937457788914,2.6000000000000014,8.233333333333334,5.633333333333333
brc_v3_20k_fibercount_conf25,20k FC 25%,real,-1,6,4.0,787,4108,79,20304432,0.15580534934997559,0.42145010828971863,0.12687145173549652,0.2945787310600281,4.41862503066659e-05,2.7258063376125614,0.003463540454399697,2.0,4.48,0.12029480934143066,0.29041773080825806,0.10174847394227982,0.18866923451423645,0.00022132402227725834,2.951197658228302,0.0037499334920308796,5.0,8.0,-0.03551054000854492,-0.13103237748146057,-0.025122977793216705,-0.10590949654579163,0.00017713777197059244,0.22539132061574074,0.0002863930376311827,2.6000000000000014,8.233333333333334,5.633333333333333
brc_v3_20k_fibercount_conf25,20k FC 25%,real,-1,7,4.0,787,4108,79,20304433,0.02753381058573723,0.221446692943573,0.018606703728437424,0.20284001529216766,0.0002951059432234615,2.7472785012094514,0.0034908240167845633,2.0,4.48,0.07533571869134903,0.30134353041648865,0.0509411096572876,0.25040242075920105,8.717214950593188e-05,3.0205211193016646,0.0038380192113108827,5.0,8.0,0.0478019081056118,0.07989683747291565,0.032334405928850174,0.047562405467033386,-0.00020793379371752962,0.2732426180922132,0.0003471951945263193,2.6000000000000014,8.233333333333334,5.633333333333333
brc_v3_20k_fibercount_conf25,20k FC 25%,real,-1,8,4.0,787,4108,79,20304434,0.08511022478342056,0.2689926326274872,0.06650259345769882,0.20249000191688538,0.001840674434788525,2.840966075589135,0.003609867948652014,2.0,4.48,0.09210345894098282,0.43395891785621643,0.055415861308574677,0.37854301929473877,0.0005494055221788585,3.0221650002686813,0.0038401080054239916,5.0,8.0,0.006993234157562256,0.16496628522872925,-0.011086732149124146,0.1760530173778534,-0.0012912689126096666,0.18119892467954646,0.0002302400567719778,2.6000000000000014,8.233333333333334,5.633333333333333
brc_v3_20k_fibercount_conf25,20k FC 25%,real,-1,9,4.0,787,4108,79,20304435,0.04016450047492981,0.1830524355173111,0.0279903095215559,0.15506213903427124,5.857589712832123e-05,2.775523493203494,0.003526713460233156,2.0,4.48,0.07471752911806107,0.3716680109500885,0.04540354013442993,0.32626447081565857,0.0004487945116125047,3.0156723864203716,0.0038318581784248687,5.0,8.0,0.034553028643131256,0.1886155754327774,0.01741323061287403,0.17120233178138733,0.0003902186144841835,0.24014889321687782,0.0003051447181917125,2.6000000000000014,8.233333333333334,5.633333333333333
brc_v3_20k_fibercount_conf25,20k FC 25%,real,-1,10,4.0,787,4108,79,20304436,0.08038558810949326,0.19480006396770477,0.08179707825183868,0.1130029708147049,2.9991515475558117e-05,2.8070774270985344,0.0035668074041912763,2.0,4.48,0.05084548518061638,0.20451350510120392,0.042608797550201416,0.1619047224521637,0.0007321301382035017,3.0469968828860603,0.0038716605881652607,5.0,8.0,-0.029540102928876877,0.009713441133499146,-0.03918828070163727,0.0489017516374588,0.0007021386227279436,0.23991945578752594,0.0003048531839739844,2.6000000000000014,8.233333333333334,5.633333333333333
brc_v3_20k_fibercount_conf25,20k FC 25%,real,-1,11,4.0,787,4108,79,20304437,0.08553177863359451,0.14228424429893494,0.08064212650060654,0.061642102897167206,8.651683310745284e-05,2.714183251057855,0.00344877160236068,2.0,4.48,0.0842670276761055,0.4696485698223114,0.04198407381772995,0.42766451835632324,0.00015065741899888963,2.9759539042041094,0.0037813899672225026,5.0,8.0,-0.0012647509574890137,0.32736432552337646,-0.03865805268287659,0.36602241545915604,6.414058589143679e-05,0.26177065314625425,0.0003326183648618224,2.6000000000000014,8.233333333333334,5.633333333333333
brc_v3_20k_fibercount_conf25,20k FC 25%,degree_preserving,0,0,4.0,787,4108,79,20404426,0.0877741351723671,0.1529882550239563,0.08406955748796463,0.06891869753599167,3.5657296393765137e-05,2.7762457487059966,0.003527631192764926,2.0,4.48,0.04826676473021507,0.237552672624588,0.029861822724342346,0.20769083499908447,0.00023883678659331053,3.0218106763795696,0.003839657784472134,5.0,8.0,-0.03950737044215202,0.08456441760063171,-0.054207734763622284,0.1387721374630928,0.0002031794901995454,0.24556492767357296,0.0003120265917072084,2.6000000000000014,8.233333333333334,5.633333333333333
brc_v3_20k_fibercount_conf25,20k FC 25%,degree_preserving,1,0,4.0,787,4108,79,20504426,0.08552217483520508,0.22597162425518036,0.07780540734529495,0.148166224360466,0.00011675895075313747,2.820576876856128,0.0035839604534385365,2.0,4.48,0.027652785181999207,0.2363276481628418,0.03680611401796341,0.1995215117931366,0.0001770790113369003,3.0917108118708105,0.003928476253965452,5.0,8.0,-0.05786938965320587,0.010356023907661438,-0.04099929332733154,0.05135528743267059,6.0320060583762825e-05,0.2711339350146824,0.0003445158005269157,2.6000000000000014,8.233333333333334,5.633333333333333
brc_v3_20k_fibercount_conf25,20k FC 25%,degree_preserving,2,0,4.0,787,4108,79,20604426,0.0991906076669693,0.16998505592346191,0.10072411596775055,0.06926092505455017,0.00020376169413793832,2.804450819653558,0.003563469910614432,2.0,4.48,0.05302584171295166,0.22670479118824005,0.04312003776431084,0.18358474969863892,0.0002814974286593497,3.055146733165592,0.003882016179371781,5.0,8.0,-0.04616476595401764,0.05671973526477814,-0.05760407820343971,0.11432382464408875,7.773573452141136e-05,0.2506959135120339,0.0003185462687573491,2.6000000000000014,8.233333333333334,5.633333333333333
brc_v3_20k_fibercount_conf25,20k FC 25%,degree_preserving,3,0,4.0,787,4108,79,20704426,0.05936281383037567,0.08561086654663086,0.06736518442630768,0.01824568398296833,0.00012905430048704147,2.777660720493237,0.00352942912387959,2.0,4.48,0.05605868250131607,0.1892198920249939,0.05065201222896576,0.13856787979602814,0.00015199978952296078,3.071576398407387,0.0039028925011529696,5.0,8.0,-0.003304131329059601,0.10360902547836304,-0.01671317219734192,0.1203221958130598,2.294548903591931e-05,0.29391567791414985,0.00037346337727337973,2.6000000000000014,8.233333333333334,5.633333333333333
brc_v3_20k_fibercount_conf25,20k FC 25%,degree_preserving,4,0,4.0,787,4108,79,20804426,0.0996452197432518,0.17256391048431396,0.11404746025800705,0.05851644277572632,0.000494900334160775,2.774209835510644,0.003525044263672991,2.0,4.48,0.08576378971338272,0.30656394362449646,0.06702055782079697,0.2395433634519577,0.0003224601096007973,3.066751063601578,0.0038967611989854864,5.0,8.0,-0.01388143002986908,0.1340000331401825,-0.04702690243721008,0.18102692067623138,-0.00017244022455997765,0.29254122809093364,0.0003717169353124952,2.6000000000000014,8.233333333333334,5.633333333333333
brc_v3_20k_fibercount_conf25,20k FC 25%,degree_preserving,5,0,4.0,787,4108,79,20904426,0.038723185658454895,0.10502098500728607,0.04549861326813698,0.059522394090890884,0.00027312125894241035,2.7458551789946446,0.0034890154752155586,2.0,4.48,0.04395781829953194,0.03678446635603905,0.04582669585943222,-0.009042233228683472,0.0001084334435290657,2.974907569157231,0.003780060443655948,5.0,8.0,0.005234632641077042,-0.06823651865124702,0.0003280825912952423,-0.06856462731957436,-0.00016468781541334465,0.2290523901625865,0.00029104496844038936,2.6000000000000014,8.233333333333334,5.633333333333333
brc_v3_20k_fibercount_conf25,20k FC 25%,degree_preserving,6,0,4.0,787,4108,79,21004426,0.06790164858102798,0.22967296838760376,0.05942182615399361,0.17025113105773926,5.068387690698728e-05,2.8184709986523853,0.003581284623446487,2.0,4.48,0.042927198112010956,0.12586599588394165,0.03699447214603424,0.08887150883674622,0.00012499716831371188,3.1127701154898935,0.003955235216632647,5.0,8.0,-0.02497445046901703,-0.10380697250366211,-0.022427354007959366,-0.08137962222099304,7.43132914067246e-05,0.2942991168375082,0.0003739505931861604,2.6000000000000014,8.233333333333334,5.633333333333333
brc_v3_20k_fibercount_conf25,20k FC 25%,degree_preserving,7,0,4.0,787,4108,79,21104426,0.10701357573270798,0.18128623068332672,0.10061477869749069,0.08067145943641663,1.7132435459643602e-05,2.800350235738016,0.003558259511738267,2.0,4.48,0.06075857952237129,0.3042943775653839,0.035513509064912796,0.2687808871269226,0.00017805951938498765,3.0735876371540107,0.0039054480777052235,5.0,8.0,-0.046254996210336685,0.12300814688205719,-0.0651012696325779,0.18810942769050598,0.00016092708392534405,0.2732374014159946,0.00034718856596695647,2.6000000000000014,8.233333333333334,5.633333333333333
brc_v3_20k_fibercount_conf25,20k FC 25%,degree_preserving,8,0,4.0,787,4108,79,21204426,0.060888223350048065,0.13961659371852875,0.05297316983342171,0.08664340525865555,0.00022469076793640852,2.7953682770352253,0.0035519291957245556,2.0,4.48,0.027409369125962257,0.12250588834285736,0.03024180978536606,0.0922640785574913,0.00011145784083055332,3.0525735819736144,0.003878746609877528,5.0,8.0,-0.03347885422408581,-0.017110705375671387,-0.02273136004805565,0.005620673298835754,-0.0001132329271058552,0.2572053049383891,0.0003268174141529724,2.6000000000000014,8.233333333333334,5.633333333333333
brc_v3_20k_fibercount_conf25,20k FC 25%,degree_preserving,9,0,4.0,787,4108,79,21304426,0.05012413486838341,0.12687331438064575,0.043610088527202606,0.08326323330402374,0.00028547068359330297,2.7419515194053377,0.0034840552978466807,2.0,4.48,0.07975704222917557,0.15803445875644684,0.07508695870637894,0.08294748514890671,2.6035397240775637e-05,2.9854388289331046,0.003793441968148799,5.0,8.0,0.02963290736079216,0.031161144375801086,0.03147687017917633,-0.0003157481551170349,-0.00025943528635252733,0.24348730952776698,0.0003093866703021181,2.6000000000000014,8.233333333333334,5.633333333333333
brc_v3_20k_fibercount_conf25,20k FC 25%,degree_preserving,10,0,4.0,787,4108,79,21404426,0.14487935602664948,0.3182566463947296,0.12564605474472046,0.19261057674884796,0.00017207779455929995,2.7893644153129262,0.0035443004006517486,2.0,4.48,0.16488879919052124,0.354783833026886,0.14381720125675201,0.21096666157245636,0.00030873800278641284,2.988674081731723,0.003797552835745519,5.0,8.0,0.020009443163871765,0.03652718663215637,0.018171146512031555,0.0183560848236084,0.0001366602082271129,0.199309666418797,0.0002532524350937703,2.6000000000000014,8.233333333333334,5.633333333333333
brc_v3_20k_fibercount_conf25,20k FC 25%,degree_preserving,11,0,4.0,787,4108,79,21504426,0.042946957051754,0.12447955459356308,0.035431891679763794,0.08904766291379929,0.00038944033440202475,2.7445953068879523,0.0034874146212045135,2.0,4.48,0.04065345227718353,0.22105228900909424,0.0211721733212471,0.19988012313842773,7.199347601272166e-05,3.005655408832294,0.00381913012558106,5.0,8.0,-0.002293504774570465,0.09657273441553116,-0.014259718358516693,0.11083246022462845,-0.0003174468583893031,0.2610601019443419,0.0003317155043765464,2.6000000000000014,8.233333333333334,5.633333333333333
brc_v3_20k_fibercount_conf25,20k FC 25%,degree_strength_preserving,0,0,4.0,787,4108,79,20404426,0.11160819977521896,0.23484677076339722,0.10145577043294907,0.13339099287986755,0.00017845247930381447,2.7680938705705933,0.0035172730248673356,2.0,4.48,0.07061615586280823,0.2871779501438141,0.05056500807404518,0.23661291599273682,0.00040442016324959695,3.0325050474564956,0.003853246566018419,5.0,8.0,-0.040992043912410736,0.05233117938041687,-0.050890762358903885,0.10322192311286926,0.00022596768394578248,0.2644111768859023,0.0003359735411510834,2.6000000000000014,8.233333333333334,5.633333333333333
brc_v3_20k_fibercount_conf25,20k FC 25%,degree_strength_preserving,1,0,4.0,787,4108,79,20504426,0.09973561763763428,0.2377208173274994,0.08909162878990173,0.14862920343875885,0.00015077863645274192,2.801577578807896,0.003559819032792752,2.0,4.48,0.11538007110357285,0.32542064785957336,0.09871750324964523,0.22670313715934753,8.426202111877501e-05,3.083763993535854,0.0039183786448994335,5.0,8.0,0.015644453465938568,0.08769983053207397,0.0096258744597435,0.07807393372058868,-6.651661533396691e-05,0.282186414727958,0.00035855961210668136,2.6000000000000014,8.233333333333334,5.633333333333333
brc_v3_20k_fibercount_conf25,20k FC 25%,degree_strength_preserving,2,0,4.0,787,4108,79,20604426,0.12687423825263977,0.2437567561864853,0.1139661893248558,0.12979057431221008,3.351316263433546e-05,2.8203016319109167,0.0035836107139909997,2.0,4.48,0.04403802752494812,0.1406281739473343,0.04268229007720947,0.09794586896896362,0.0005045533180236816,3.1227450871455273,0.003967909894721127,5.0,8.0,-0.08283621072769165,-0.103128582239151,-0.07128389924764633,-0.03184470534324646,0.0004710401553893462,0.3024434552346107,0.00038429918073012775,2.6000000000000014,8.233333333333334,5.633333333333333
brc_v3_20k_fibercount_conf25,20k FC 25%,degree_strength_preserving,3,0,4.0,787,4108,79,20704426,0.09592395275831223,0.15600036084651947,0.09360373765230179,0.06239662319421768,0.0004282068111933768,2.7451597740246223,0.0034881318602600028,2.0,4.48,0.047669269144535065,0.15293455123901367,0.04652775451540947,0.1064067855477333,0.0004729192005470395,3.0379575100718226,0.0038601747269019345,5.0,8.0,-0.04825468361377716,-0.0030658096075057983,-0.04707598313689232,0.044010162353515625,4.471238935366273e-05,0.2927977360472003,0.0003720428666419318,2.6000000000000014,8.233333333333334,5.633333333333333
brc_v3_20k_fibercount_conf25,20k FC 25%,degree_strength_preserving,4,0,4.0,787,4108,79,20804426,0.12517069280147552,0.30560755729675293,0.12018144875764847,0.18542613089084625,0.000930219772271812,2.791579842917629,0.00354711542937437,2.0,4.48,0.19197086989879608,0.7169100642204285,0.13641437888145447,0.5804957747459412,2.3999722543521784e-05,3.015251529751807,0.003831323417727836,5.0,8.0,0.06680017709732056,0.41130250692367554,0.016232930123806,0.3950696438550949,-0.0009062200497282902,0.22367168683417793,0.0002842079883534662,2.6000000000000014,8.233333333333334,5.633333333333333
brc_v3_20k_fibercount_conf25,20k FC 25%,degree_strength_preserving,5,0,4.0,787,4108,79,20904426,0.03386770561337471,0.1696363091468811,0.03251516446471214,0.13712112605571747,0.00019416664144955575,2.7409428667253186,0.0034827736553053605,2.0,4.48,0.05502157285809517,0.18891066312789917,0.048677727580070496,0.14023295044898987,0.00019962291116826236,2.9992287663136943,0.003810964124922102,5.0,8.0,0.02115386724472046,0.019274353981018066,0.016162563115358353,0.0031118243932724,5.456269718706608e-06,0.25828589958837567,0.00032819046961674167,2.6000000000000014,8.233333333333334,5.633333333333333
brc_v3_20k_fibercount_conf25,20k FC 25%,degree_strength_preserving,6,0,4.0,787,4108,79,21004426,0.11937791109085083,0.2737833857536316,0.10610844939947128,0.1676749289035797,8.563968003727496e-05,2.8337349533942144,0.0036006797374767653,2.0,4.48,0.0813746526837349,0.30306193232536316,0.057435858994722366,0.2456260472536087,0.00010364723129896447,3.070689545725399,0.0039017656235392616,5.0,8.0,-0.038003258407115936,0.029278546571731567,-0.04867259040474892,0.07795111835002899,1.8007551261689514e-05,0.23695459233118443,0.00030108588606249636,2.6000000000000014,8.233333333333334,5.633333333333333
brc_v3_20k_fibercount_conf25,20k FC 25%,degree_strength_preserving,7,0,4.0,787,4108,79,21104426,0.1943700909614563,0.38960331678390503,0.1730358749628067,0.21656744182109833,0.00010035758168669418,2.7719817058286833,0.003522213095080919,2.0,4.48,0.14929336309432983,0.5212448239326477,0.11382049322128296,0.40742436051368713,0.000399868527892977,3.0399968587300408,0.0038627660212579933,5.0,8.0,-0.045076727867126465,0.13164150714874268,-0.05921538174152374,0.1908569186925888,0.0002995109462062828,0.26801515290135747,0.0003405529261770743,2.6000000000000014,8.233333333333334,5.633333333333333
brc_v3_20k_fibercount_conf25,20k FC 25%,degree_strength_preserving,8,0,4.0,787,4108,79,21204426,0.09914202243089676,0.29197704792022705,0.07801268994808197,0.21396438777446747,0.000183792770258151,2.79837053340215,0.003555744006864231,2.0,4.48,0.09045318514108658,0.5497639179229736,0.04584672302007675,0.5039172768592834,5.837963271915214e-06,3.039989249393756,0.00386275635246983,5.0,8.0,-0.00868883728981018,0.2577868700027466,-0.03216596692800522,0.289952889084816,-0.00017795480698623578,0.24161871599160634,0.000307012345605599,2.6000000000000014,8.233333333333334,5.633333333333333
brc_v3_20k_fibercount_conf25,20k FC 25%,degree_strength_preserving,9,0,4.0,787,4108,79,21304426,0.055338405072689056,0.18225465714931488,0.045947857201099396,0.1363067924976349,0.00023006589617580175,2.766796644871909,0.0035156247075881944,2.0,4.48,0.1211482509970665,0.33535781502723694,0.09825095534324646,0.23710684478282928,4.53725915576797e-05,2.9967857900904993,0.0038078599619955516,5.0,8.0,0.06580984592437744,0.15310315787792206,0.052303098142147064,0.1008000522851944,-0.00018469330461812206,0.22998914521859026,0.0002922352544073572,2.6000000000000014,8.233333333333334,5.633333333333333
brc_v3_20k_fibercount_conf25,20k FC 25%,degree_strength_preserving,10,0,4.0,787,4108,79,21404426,0.181878462433815,0.3604346513748169,0.16216392815113068,0.19827072322368622,0.0002672816044650972,2.7571603975901473,0.0035033804289582556,2.0,4.48,0.15917833149433136,0.38466590642929077,0.13410109281539917,0.2505648136138916,4.354006887297146e-05,3.003654342815953,0.0038165874749885044,5.0,8.0,-0.022700130939483643,0.024231255054473877,-0.028062835335731506,0.05229409039020538,-0.00022374153559212573,0.2464939452258057,0.00031320704603024887,2.6000000000000014,8.233333333333334,5.633333333333333
brc_v3_20k_fibercount_conf25,20k FC 25%,degree_strength_preserving,11,0,4.0,787,4108,79,21504426,0.07856964319944382,0.198165163397789,0.06581886857748032,0.13234631717205048,0.00013345835031941533,2.7612071004209713,0.003508522363940243,2.0,4.48,0.1271531879901886,0.40164312720298767,0.09762018173933029,0.3040229082107544,0.000586913141887635,3.026851093847654,0.0038460623810008306,5.0,8.0,0.04858354479074478,0.20347796380519867,0.031801313161849976,0.17167659103870392,0.00045345479156821966,0.26564399342668255,0.00033754001706058764,2.6000000000000014,8.233333333333334,5.633333333333333
brc_v3_20k_fibercount_conf50_default,20k FC 50%,real,-1,0,1.6,467,980,47,20312026,0.059168409556150436,0.08071307837963104,0.06732925027608871,0.013383829034864902,0.0007314091199077666,2.830515274806661,0.006061060545624542,2.0,4.48,0.10620025545358658,0.346046507358551,0.0809946283698082,0.26505187153816223,0.00013651423796545714,3.1053746632373285,0.006649624546546742,5.0,8.0,0.04703184589743614,0.26533342897892,0.013665378093719482,0.25166804250329733,-0.0005948948819423094,0.2748593884306674,0.0005885640009221996,2.599999999999999,8.233333333333329,5.633333333333329
brc_v3_20k_fibercount_conf50_default,20k FC 50%,real,-1,1,1.6,467,980,47,20312027,0.07590688765048981,0.17738781869411469,0.07067202031612396,0.10671577602624893,0.000246299197897315,2.853362292128593,0.006109983494922041,2.0,4.48,0.06971374154090881,0.17890022695064545,0.06682183593511581,0.11207840591669083,0.0005731403944082558,3.1395760262228283,0.0067228608698561634,5.0,8.0,-0.006193146109580994,0.0015124082565307617,-0.003850184381008148,0.0053626298904418945,0.0003268411965109408,0.28621373409423523,0.0006128773749341223,2.599999999999999,8.233333333333329,5.633333333333329
brc_v3_20k_fibercount_conf50_default,20k FC 50%,real,-1,2,1.6,467,980,47,20312028,0.045793723315000534,0.10810581594705582,0.04436666518449783,0.06373915821313858,1.2286525816307403e-05,2.8236659386536958,0.00604639387292012,2.0,4.48,0.03249943256378174,0.15333816409111023,0.041516199707984924,0.11182194948196411,9.16874996619299e-05,3.1126028568679356,0.006665102477233267,5.0,8.0,-0.013294290751218796,0.04523234814405441,-0.002850465476512909,0.04808279126882553,7.94009738456225e-05,0.28893691821423984,0.0006187086043131472,2.599999999999999,8.233333333333329,5.633333333333329
brc_v3_20k_fibercount_conf50_default,20k FC 50%,real,-1,3,1.6,467,980,47,20312029,0.009159390814602375,0.21737568080425262,0.02361762709915638,0.1937580406665802,2.4376970031880774e-05,2.828448742332817,0.0060566354225542116,2.0,4.48,0.01410001702606678,0.08720480650663376,0.02165447361767292,0.06555033475160599,6.008964192005806e-05,3.139036677223669,0.0067217059469457585,5.0,8.0,0.004940626211464405,-0.13017087429761887,-0.0019631534814834595,-0.1282077059149742,3.571267188817728e-05,0.31058793489085224,0.0006650705243915469,2.599999999999999,8.233333333333329,5.633333333333329
brc_v3_20k_fibercount_conf50_default,20k FC 50%,real,-1,4,1.6,467,980,47,20312030,0.1481664776802063,0.23839662969112396,0.14045003056526184,0.09794658422470093,0.0002457460213918239,2.778018370725461,0.005948647474786854,2.0,4.48,0.04904482886195183,0.12304465472698212,0.04392096400260925,0.07912368327379227,0.001269533415324986,3.067655249051928,0.006568854923023401,5.0,8.0,-0.09912164881825447,-0.11535197496414185,-0.09652906656265259,-0.01882290095090866,0.001023787393933162,0.28963687832646734,0.0006202074482365462,2.599999999999999,8.233333333333329,5.633333333333329
brc_v3_20k_fibercount_conf50_default,20k FC 50%,real,-1,5,1.6,467,980,47,20312031,0.06599915772676468,0.1514534056186676,0.05914389714598656,0.09230952709913254,1.799557139747776e-05,2.8606758513971933,0.006125644221407266,2.0,4.48,0.025416383519768715,0.18536731600761414,0.022035304456949234,0.1633320152759552,0.0002147926134057343,3.1248534163383708,0.006691334938626062,5.0,8.0,-0.040582774206995964,0.03391391038894653,-0.03710859268903732,0.07102248817682266,0.00019679704200825654,0.2641775649411775,0.0005656907172187954,2.599999999999999,8.233333333333329,5.633333333333329
brc_v3_20k_fibercount_conf50_default,20k FC 50%,real,-1,6,1.6,467,980,47,20312032,0.04025935009121895,0.12021521478891373,0.03566737473011017,0.08454783260822296,0.0001370099635096267,2.866392628243956,0.0061378857135844875,2.0,4.48,0.057377420365810394,0.17094437777996063,0.05867500603199005,0.11226937919855118,9.441513248020783e-05,3.102855398685619,0.006644229975772203,5.0,8.0,0.017118070274591446,0.050729162991046906,0.023007631301879883,0.027721546590328217,-4.2594831029418856e-05,0.2364627704416633,0.0005063442621877157,2.599999999999999,8.233333333333329,5.633333333333329
brc_v3_20k_fibercount_conf50_default,20k FC 50%,real,-1,7,1.6,467,980,47,20312033,0.0619574710726738,0.10606591403484344,0.059471674263477325,0.04659423977136612,0.0007724208990111947,2.8063052081304987,0.006009218861093145,2.0,4.48,0.0689786970615387,0.26606303453445435,0.05125739052891731,0.21480563282966614,6.150760600576177e-05,3.1534432840651756,0.006752555212130997,5.0,8.0,0.007021225988864899,0.1599971204996109,-0.008214283734560013,0.16821139305830002,-0.0007109132930054329,0.34713807593467694,0.0007433363510378523,2.599999999999999,8.233333333333329,5.633333333333329
brc_v3_20k_fibercount_conf50_default,20k FC 50%,real,-1,8,1.6,467,980,47,20312034,0.031731389462947845,0.14117613434791565,0.0269397534430027,0.11423639953136444,0.0001748154463712126,2.776741032393096,0.005945912274931684,2.0,4.48,0.03601633384823799,0.12558014690876007,0.03564804419875145,0.08993210643529892,1.7728483726386912e-05,3.0070350146625118,0.00643904714060495,5.0,8.0,0.004284944385290146,-0.015595987439155579,0.008708290755748749,-0.02430429309606552,-0.0001570869626448257,0.23029398226941566,0.0004931348656732667,2.599999999999999,8.233333333333329,5.633333333333329
brc_v3_20k_fibercount_conf50_default,20k FC 50%,real,-1,9,1.6,467,980,47,20312035,0.04371550679206848,0.06608245521783829,0.04250507056713104,0.023577382788062096,2.3594717276864685e-05,2.8021700990883924,0.006000364237876643,2.0,4.48,0.02775050513446331,0.18275891244411469,0.018604839220643044,0.16415409743785858,0.00030282288207672536,3.080185920506999,0.006595687195946464,5.0,8.0,-0.01596500165760517,0.1166764572262764,-0.023900231346488,0.14057671464979649,0.0002792281647998607,0.27801582141860637,0.0005953229580698211,2.599999999999999,8.233333333333329,5.633333333333329
brc_v3_20k_fibercount_conf50_default,20k FC 50%,real,-1,10,1.6,467,980,47,20312036,0.11945904046297073,0.12327766418457031,0.12017028778791428,0.0031073836144059896,0.00020624521130230278,2.759579095772953,0.005909162945980628,2.0,4.48,0.03359636664390564,0.14703233540058136,0.03126014769077301,0.11577218770980835,0.0002514363150112331,3.0377982105695245,0.006504921221776283,5.0,8.0,-0.0858626738190651,0.023754671216011047,-0.08891014009714127,0.11266480409540236,4.5191103708930314e-05,0.27821911479657135,0.0005957582757956555,2.599999999999999,8.233333333333329,5.633333333333329
brc_v3_20k_fibercount_conf50_default,20k FC 50%,real,-1,11,1.6,467,980,47,20312037,0.05713643506169319,0.2396196871995926,0.04310306906700134,0.19651667773723602,2.840050910890568e-05,2.776517844840871,0.005945434357260966,2.0,4.48,0.05366983637213707,0.2538534998893738,0.035024259239435196,0.21882925927639008,6.502225733129308e-05,3.001765378160753,0.0064277631223999,5.0,8.0,-0.003466598689556122,0.014233812689781189,-0.008078809827566147,0.022312581539154053,3.6621748222387396e-05,0.225247533319882,0.00048232876513893373,2.599999999999999,8.233333333333329,5.633333333333329
brc_v3_20k_fibercount_conf50_default,20k FC 50%,degree_preserving,0,0,1.6,467,980,47,20412026,0.05151462182402611,0.21194466948509216,0.041385285556316376,0.17055943608283997,0.00021943860338069499,2.9420565313815468,0.006299906919446567,2.0,4.48,0.04570779576897621,0.2067519575357437,0.04330219328403473,0.1634497493505478,0.0008764869999140501,3.2810909366846652,0.007025890656712345,5.0,8.0,-0.005806826055049896,-0.00519271194934845,0.0019169077277183533,-0.007109686732292175,0.0006570483965333551,0.33903440530311846,0.0007259837372657783,2.599999999999999,8.233333333333329,5.633333333333329
brc_v3_20k_fibercount_conf50_default,20k FC 50%,degree_preserving,1,0,1.6,467,980,47,20512026,0.05219088867306709,0.07252245396375656,0.05187585577368736,0.02064659632742405,0.00021525085321627557,2.8123351857303653,0.006022131018694573,2.0,4.48,0.0567835308611393,0.11231285333633423,0.056528475135564804,0.05578436329960823,0.00015038397395983338,3.1159198852538093,0.006672205321742632,5.0,8.0,0.004592642188072205,0.03979039937257767,0.004652619361877441,0.03513776697218418,-6.486687925644219e-05,0.3035846995234439,0.0006500743030480594,2.599999999999999,8.233333333333329,5.633333333333329
brc_v3_20k_fibercount_conf50_default,20k FC 50%,degree_preserving,2,0,1.6,467,980,47,20612026,0.08253888040781021,0.2501606047153473,0.06991350650787354,0.18024708330631256,0.00021061580628156662,2.8578496743304553,0.006119592450386414,2.0,4.48,0.043443713337183,0.1788908988237381,0.04208241030573845,0.13680848479270935,0.00032408698461949825,3.0977549313901043,0.0066333082042614655,5.0,8.0,-0.03909516707062721,-0.07126970589160919,-0.027831096202135086,-0.04343859851360321,0.00011347117833793163,0.23990525705964894,0.0005137157538750515,2.599999999999999,8.233333333333329,5.633333333333329
brc_v3_20k_fibercount_conf50_default,20k FC 50%,degree_preserving,3,0,1.6,467,980,47,20712026,0.048709042370319366,0.1233951672911644,0.0514967143535614,0.0718984454870224,1.0089805073221214e-05,2.824898410544085,0.006049032999023737,2.0,4.48,0.0478304885327816,0.1937575787305832,0.03693610057234764,0.15682145953178406,0.00033303748932667077,3.123916614715775,0.006689328939434208,5.0,8.0,-0.0008785538375377655,0.07036241143941879,-0.01456061378121376,0.08492301404476166,0.00032294768425344955,0.29901820417169,0.0006402959404104708,2.599999999999999,8.233333333333329,5.633333333333329
brc_v3_20k_fibercount_conf50_default,20k FC 50%,degree_preserving,4,0,1.6,467,980,47,20812026,0.026659978553652763,0.1606401801109314,0.021160347387194633,0.1394798457622528,4.643330612452701e-05,2.7686191769050774,0.005928520721424148,2.0,4.48,0.03602324426174164,0.12592612206935883,0.05101345106959343,0.0749126598238945,0.0002463484415784478,3.0341655730036283,0.006497142554611624,5.0,8.0,0.009363265708088875,-0.03471405804157257,0.029853103682398796,-0.0645671859383583,0.0001999151354539208,0.2655463960985509,0.0005686218331874757,2.599999999999999,8.233333333333329,5.633333333333329
brc_v3_20k_fibercount_conf50_default,20k FC 50%,degree_preserving,5,0,1.6,467,980,47,20912026,0.07421857118606567,0.21062485873699188,0.061953023076057434,0.14867183566093445,6.108612433308735e-05,2.844295824031787,0.0060905692163421565,2.0,4.48,0.0505136139690876,0.1368483155965805,0.05951691418886185,0.07733140140771866,9.657412010710686e-05,3.1759573543752406,0.006800765212794948,5.0,8.0,-0.023704957216978073,-0.07377654314041138,-0.002436108887195587,-0.07134043425321579,3.548799577401951e-05,0.3316615303434536,0.0007101959964527912,2.599999999999999,8.233333333333329,5.633333333333329
brc_v3_20k_fibercount_conf50_default,20k FC 50%,degree_preserving,6,0,1.6,467,980,47,21012026,0.044467125087976456,0.15604789555072784,0.035272497683763504,0.12077537924051285,0.00034913310082629323,2.7448335807587836,0.005877587967363563,2.0,4.48,0.0790947899222374,0.26771077513694763,0.06008649989962578,0.20762430131435394,0.00019420866738073528,3.0388386092082,0.006507149056120343,5.0,8.0,0.03462766483426094,0.11166287958621979,0.024814002215862274,0.0868489220738411,-0.00015492443344555795,0.29400502844941645,0.0006295610887567804,2.599999999999999,8.233333333333329,5.633333333333329
brc_v3_20k_fibercount_conf50_default,20k FC 50%,degree_preserving,7,0,1.6,467,980,47,21112026,0.016665354371070862,0.1874455213546753,0.03066304698586464,0.15678247809410095,2.3092103219823912e-05,2.7579178797376556,0.005905605738196265,2.0,4.48,0.0597129762172699,0.18513333797454834,0.08274450898170471,0.10238882899284363,0.00018931555678136647,3.069110217376903,0.0065719704868884435,5.0,8.0,0.043047621846199036,-0.002312183380126953,0.05208146199584007,-0.054393649101257324,0.00016622345356154256,0.31119233763924736,0.0006663647486921786,2.599999999999999,8.233333333333329,5.633333333333329
brc_v3_20k_fibercount_conf50_default,20k FC 50%,degree_preserving,8,0,1.6,467,980,47,21212026,0.07328490912914276,0.29839783906936646,0.048947159200906754,0.2494506984949112,0.00010141796519747004,2.842347935665533,0.00608639814917673,2.0,4.48,0.11182456463575363,0.3038610517978668,0.09095663577318192,0.2129044085741043,4.517304478213191e-05,3.0661878354009886,0.006565712709638091,5.0,8.0,0.03853965550661087,0.005463212728500366,0.04200947657227516,-0.036546289920806885,-5.624492041533813e-05,0.22383989973545582,0.00047931456046136113,2.599999999999999,8.233333333333329,5.633333333333329
brc_v3_20k_fibercount_conf50_default,20k FC 50%,degree_preserving,9,0,1.6,467,980,47,21312026,0.06317140907049179,0.15022657811641693,0.05861310660839081,0.09161348640918732,4.1917057387763634e-05,2.8625585403971425,0.006129675675368614,2.0,4.48,0.03784570470452309,0.177442729473114,0.02875761315226555,0.14868511259555817,0.00016780818987172097,3.1536783895846736,0.006753058650074247,5.0,8.0,-0.025325704365968704,0.027216151356697083,-0.02985549345612526,0.05707162618637085,0.00012589113248395734,0.2911198491875311,0.0006233829747056335,2.599999999999999,8.233333333333329,5.633333333333329
brc_v3_20k_fibercount_conf50_default,20k FC 50%,degree_preserving,10,0,1.6,467,980,47,21412026,0.07633768767118454,0.30159851908683777,0.056451115757226944,0.24514737725257874,0.0006103210616856813,2.838350971343342,0.006077839339064972,2.0,4.48,0.11389303207397461,0.3525431156158447,0.09217625856399536,0.260366827249527,0.0004111009475309402,3.12905328181097,0.006700328226575953,5.0,8.0,0.03755534440279007,0.05094459652900696,0.03572514280676842,0.015219449996948242,-0.00019922011415474117,0.29070231046762807,0.0006224888875109805,2.599999999999999,8.233333333333329,5.633333333333329
brc_v3_20k_fibercount_conf50_default,20k FC 50%,degree_preserving,11,0,1.6,467,980,47,21512026,0.06943637132644653,0.15441523492336273,0.06846200674772263,0.0859532281756401,2.682771264517214e-05,2.7843785512766135,0.0059622667050891085,2.0,4.48,0.029163667932152748,0.03320211544632912,0.03095386177301407,0.002248251810669899,5.552326183533296e-05,3.0285203424652924,0.006485054266520969,5.0,8.0,-0.040272703394293785,-0.12121311947703362,-0.03750814497470856,-0.08370497636497021,2.869554919016082e-05,0.24414179118867896,0.0005227875614318605,2.599999999999999,8.233333333333329,5.633333333333329
brc_v3_20k_fibercount_conf50_default,20k FC 50%,degree_strength_preserving,0,0,1.6,467,980,47,20412026,0.055635787546634674,0.23400993645191193,0.04384496808052063,0.1901649683713913,8.934149809647352e-05,2.936464016478737,0.006287931512802434,2.0,4.48,0.0777587890625,0.35845062136650085,0.050301454961299896,0.30814918875694275,0.00025256365188397467,3.2926000361015992,0.007050535409211133,5.0,8.0,0.022123001515865326,0.12444068491458893,0.006456486880779266,0.11798422038555145,0.00016322215378750116,0.35613601962286223,0.0007626038964086987,2.599999999999999,8.233333333333329,5.633333333333329
brc_v3_20k_fibercount_conf50_default,20k FC 50%,degree_strength_preserving,1,0,1.6,467,980,47,20512026,0.04378033056855202,0.06610693782567978,0.05351142957806587,0.012595508247613907,1.3880351616535336e-05,2.8376580656455443,0.006076355600954057,2.0,4.48,0.0662212148308754,0.288842111825943,0.062145303934812546,0.22669681906700134,0.00040294902282767,3.1320494405882164,0.0067067439841289435,5.0,8.0,0.02244088426232338,0.22273517400026321,0.008633874356746674,0.21410131081938744,0.00038906867121113464,0.2943913749426721,0.0006303883831748867,2.599999999999999,8.233333333333329,5.633333333333329
brc_v3_20k_fibercount_conf50_default,20k FC 50%,degree_strength_preserving,2,0,1.6,467,980,47,20612026,0.07733532041311264,0.30323365330696106,0.05983705073595047,0.24339659512043,0.00014639864093624055,2.8177125798015608,0.006033645781159659,2.0,4.48,0.06128090247511864,0.2892102301120758,0.04691040515899658,0.24229983985424042,0.00015542766777798533,3.0984096662449363,0.006634710206091941,5.0,8.0,-0.016054417937994003,-0.014023423194885254,-0.012926645576953888,-0.0010967552661895752,9.02902684174478e-06,0.28069708644337554,0.0006010644249322813,2.599999999999999,8.233333333333329,5.633333333333329
brc_v3_20k_fibercount_conf50_default,20k FC 50%,degree_strength_preserving,3,0,1.6,467,980,47,20712026,0.0565955750644207,0.17462579905986786,0.047704920172691345,0.12692084908485413,5.973085353616625e-05,2.80376414404772,0.006003777610380557,2.0,4.48,0.04245332255959511,0.14998941123485565,0.03417490795254707,0.11581452190876007,0.0006331478361971676,3.1346467177636437,0.006712305605489601,5.0,8.0,-0.014142252504825592,-0.024636387825012207,-0.013530012220144272,-0.011106327176094055,0.0005734169826610014,0.33088257371592356,0.0007085279951090442,2.599999999999999,8.233333333333329,5.633333333333329
brc_v3_20k_fibercount_conf50_default,20k FC 50%,degree_strength_preserving,4,0,1.6,467,980,47,20812026,0.018091050907969475,0.11940953880548477,0.02634616196155548,0.09306337684392929,7.210787589428946e-05,2.786703414724507,0.005967244999410079,2.0,4.48,0.03958743065595627,0.26607948541641235,0.03404085338115692,0.23203860223293304,0.00046599950292147696,3.0319352717213266,0.006492366748867937,5.0,8.0,0.021496379747986794,0.14666994661092758,0.00769469141960144,0.13897522538900375,0.0003938916270271875,0.2452318569968197,0.0005251217494578577,2.599999999999999,8.233333333333329,5.633333333333329
brc_v3_20k_fibercount_conf50_default,20k FC 50%,degree_strength_preserving,5,0,1.6,467,980,47,20912026,0.10870451480150223,0.34501758217811584,0.08582469075918198,0.25919288396835327,7.32132320990786e-05,2.853316024055904,0.006109884419819923,2.0,4.48,0.033363260328769684,0.36010777950286865,0.060427408665418625,0.29968032240867615,0.0003259472723584622,3.162948923661594,0.006772909900774291,5.0,8.0,-0.07534125447273254,0.015090197324752808,-0.02539728209376335,0.040487438440322876,0.0002527340402593836,0.30963289960569007,0.0006630254809543677,2.599999999999999,8.233333333333329,5.633333333333329
brc_v3_20k_fibercount_conf50_default,20k FC 50%,degree_strength_preserving,6,0,1.6,467,980,47,21012026,0.07313831895589828,0.19978612661361694,0.05998688563704491,0.13979923725128174,0.00019640973187051713,2.7639814617160634,0.00591858985378172,2.0,4.48,0.07991286367177963,0.23368006944656372,0.06303203850984573,0.1706480234861374,0.0004996608477085829,3.0381290102447607,0.006505629572258588,5.0,8.0,0.006774544715881348,0.03389394283294678,0.003045152872800827,0.030848786234855652,0.00030325111583806574,0.27414754852869727,0.0005870397184768684,2.599999999999999,8.233333333333329,5.633333333333329
brc_v3_20k_fibercount_conf50_default,20k FC 50%,degree_strength_preserving,7,0,1.6,467,980,47,21112026,0.0224407147616148,0.19919022917747498,0.026367664337158203,0.17282256484031677,0.0001427870593033731,2.74983573863139,0.005888299226191413,2.0,4.48,0.054081033915281296,0.1199963241815567,0.05860019847750664,0.06139611080288887,0.0007867946405895054,3.059410992299886,0.006551201268308107,5.0,8.0,0.031640319153666496,-0.07919390499591827,0.032232534140348434,-0.1114264540374279,0.0006440075812861323,0.30957525366849614,0.0006629020421166937,2.599999999999999,8.233333333333329,5.633333333333329
brc_v3_20k_fibercount_conf50_default,20k FC 50%,degree_strength_preserving,8,0,1.6,467,980,47,21212026,0.08987345546483994,0.29508164525032043,0.06760597974061966,0.2274756282567978,5.804422835353762e-05,2.833134811089129,0.006066669831025972,2.0,4.48,0.13264039158821106,0.3867549002170563,0.10519653558731079,0.2815583646297455,7.100150833139196e-05,3.075858051856393,0.0065864198112556595,5.0,8.0,0.042766936123371124,0.09167325496673584,0.03759055584669113,0.05408273637294769,1.2957279977854341e-05,0.24272324076726415,0.0005197499802296873,2.599999999999999,8.233333333333329,5.633333333333329
brc_v3_20k_fibercount_conf50_default,20k FC 50%,degree_strength_preserving,9,0,1.6,467,980,47,21312026,0.031872231513261795,0.1295720636844635,0.027712518349289894,0.10185954719781876,1.352474919258384e-05,2.863429978249341,0.006131541709313364,2.0,4.48,0.02227046526968479,0.07929704338312149,0.019967414438724518,0.05932962894439697,0.00012494195834733546,3.158616872368744,0.006763633559676112,5.0,8.0,-0.009601766243577003,-0.05027502030134201,-0.007745103910565376,-0.04252991825342178,0.00011141720915475162,0.29518689411940313,0.0006320918503627477,2.599999999999999,8.233333333333329,5.633333333333329
brc_v3_20k_fibercount_conf50_default,20k FC 50%,degree_strength_preserving,10,0,1.6,467,980,47,21412026,0.09373544901609421,0.29395848512649536,0.07255687564611435,0.2214016318321228,0.0006745297578163445,2.857268571241823,0.0061183481182908415,2.0,4.48,0.11540649831295013,0.34090468287467957,0.09771158546209335,0.2431931048631668,0.00024020261480472982,3.1098179431024957,0.006659139064459306,5.0,8.0,0.021671049296855927,0.046946197748184204,0.025154709815979004,0.021791473031044006,-0.0004343271430116147,0.2525493718606726,0.0005407909461684641,2.599999999999999,8.233333333333329,5.633333333333329
brc_v3_20k_fibercount_conf50_default,20k FC 50%,degree_strength_preserving,11,0,1.6,467,980,47,21512026,0.06710588932037354,0.2067827731370926,0.057687051594257355,0.14909574389457703,0.00011192714009666815,2.789216239444302,0.0059726257803946504,2.0,4.48,0.05021551996469498,0.060523778200149536,0.05497278645634651,0.0055510010570287704,4.331482341513038e-05,3.029143116573042,0.00648638782992086,5.0,8.0,-0.01689036935567856,-0.14625899493694305,-0.002714265137910843,-0.14354474283754826,-6.861231668153778e-05,0.23992687712873995,0.0005137620495262096,2.599999999999999,8.233333333333329,5.633333333333329
brc_v3_20k_fibercount_conf50_default,20k FC 50%,real,-1,0,2.4,467,980,47,20312826,0.055526793003082275,0.2733188569545746,0.04178828373551369,0.2315305769443512,0.0015931124798953533,2.8057106234975855,0.006007945660594402,2.0,4.48,0.0868067592382431,0.4867388606071472,0.048434462398290634,0.4383043348789215,0.0002783237141557038,3.009260806619038,0.006443813290404793,5.0,8.0,0.03127996623516083,0.21342000365257263,0.006646178662776947,0.2067737579345703,-0.0013147887657396495,0.20355018312145257,0.00043586762981039084,2.5999999999999996,8.233333333333336,5.633333333333336
brc_v3_20k_fibercount_conf50_default,20k FC 50%,real,-1,1,2.4,467,980,47,20312827,0.039496056735515594,0.11318624019622803,0.036739107221364975,0.07644711434841156,0.0002032610500464216,2.845940286529872,0.006094090549314501,2.0,4.48,0.07470816373825073,0.3658738434314728,0.04790937900543213,0.31796446442604065,0.00040100753540173173,3.1809952286011587,0.006811552952036742,5.0,8.0,0.03521210700273514,0.25268760323524475,0.011170271784067154,0.2415173500776291,0.00019774648535531014,0.3350549420712867,0.0007174624027222413,2.5999999999999996,8.233333333333336,5.633333333333336
brc_v3_20k_fibercount_conf50_default,20k FC 50%,real,-1,2,2.4,467,980,47,20312828,0.06987093389034271,0.21659037470817566,0.06622520089149475,0.1503651887178421,0.00011941340198973194,2.751402708221925,0.005891654621460224,2.0,4.48,0.07976942509412766,0.40316885709762573,0.04920986667275429,0.35395902395248413,0.00011392594751669094,2.9534674773297604,0.006324341493211478,5.0,8.0,0.009898491203784943,0.18657848238945007,-0.017015334218740463,0.20359383523464203,-5.487454473040998e-06,0.20206476910783566,0.00043268687175125435,2.5999999999999996,8.233333333333336,5.633333333333336
brc_v3_20k_fibercount_conf50_default,20k FC 50%,real,-1,3,2.4,467,980,47,20312829,0.06056837737560272,0.10367102175951004,0.056895315647125244,0.04677571356296539,0.0002647203509695828,2.75939215013301,0.005908762634117794,2.0,4.48,0.06624790281057358,0.30040284991264343,0.05659986659884453,0.2438029795885086,6.175076850922778e-05,2.986682624883153,0.006395466006173775,5.0,8.0,0.005679525434970856,0.1967318281531334,-0.00029544904828071594,0.1970272660255432,-0.00020296958246035501,0.22729047475014275,0.00048670337205598043,2.5999999999999996,8.233333333333336,5.633333333333336
brc_v3_20k_fibercount_conf50_default,20k FC 50%,real,-1,4,2.4,467,980,47,20312830,0.07166878879070282,0.14631672203540802,0.06736527383327484,0.07895141839981079,0.00011407420242903754,2.687492782377749,0.005754802531858135,2.0,4.48,0.08326762914657593,0.28373461961746216,0.0723903700709343,0.21134427189826965,5.0738508434733376e-05,2.959445045416723,0.00633714142487521,5.0,8.0,0.011598840355873108,0.13741789758205414,0.005025096237659454,0.13239285349845886,-6.333569399430417e-05,0.2719522630389739,0.0005823388930170752,2.5999999999999996,8.233333333333336,5.633333333333336
brc_v3_20k_fibercount_conf50_default,20k FC 50%,real,-1,5,2.4,467,980,47,20312831,0.061173275113105774,0.2929990291595459,0.03731174394488335,0.25568729639053345,0.0006436093244701624,2.705767976520757,0.005793935709894555,2.0,4.48,0.04079242795705795,0.29342660307884216,0.03948744013905525,0.2539391815662384,0.00015523239562753588,2.9949272225888666,0.006413120390982584,5.0,8.0,-0.02038084715604782,0.00042757391929626465,0.0021756961941719055,-0.001748114824295044,-0.0004883769288426265,0.2891592460681096,0.0006191846810880289,2.5999999999999996,8.233333333333336,5.633333333333336
brc_v3_20k_fibercount_conf50_default,20k FC 50%,real,-1,6,2.4,467,980,47,20312832,0.1466105878353119,0.3667534291744232,0.12446469068527222,0.24228881299495697,0.00012764890561811626,2.7804762646543586,0.005953910630951517,2.0,4.48,0.055905021727085114,0.2221202403306961,0.04224386066198349,0.17987637221813202,0.0004039871855638921,3.07868422438545,0.00659247157255985,5.0,8.0,-0.09070556610822678,-0.1446331888437271,-0.08222083002328873,-0.06241244077682495,0.00027633827994577587,0.2982079597310916,0.0006385609416083328,2.5999999999999996,8.233333333333336,5.633333333333336
brc_v3_20k_fibercount_conf50_default,20k FC 50%,real,-1,7,2.4,467,980,47,20312833,0.062398798763751984,0.14137622714042664,0.06742150336503983,0.07395471632480621,0.0007679381524212658,2.7381663595844437,0.005863311262493455,2.0,4.48,0.07305604219436646,0.39245444536209106,0.03741534799337387,0.35503914952278137,4.085761247552e-05,2.939180698409972,0.006293748818865037,5.0,8.0,0.010657243430614471,0.25107821822166443,-0.030006155371665955,0.28108443319797516,-0.0007270805399457458,0.20101433882552833,0.0004304375563715813,2.5999999999999996,8.233333333333336,5.633333333333336
brc_v3_20k_fibercount_conf50_default,20k FC 50%,real,-1,8,2.4,467,980,47,20312834,0.029549337923526764,0.13144442439079285,0.03129039704799652,0.10015404224395752,0.0001722351007629186,2.7600431309857387,0.005910156597399869,2.0,4.48,0.07376363128423691,0.22130104899406433,0.07182776927947998,0.14947329461574554,5.1930794143117964e-05,3.048188296596416,0.006527169799992325,5.0,8.0,0.044214293360710144,0.08985662460327148,0.04053737223148346,0.049319252371788025,-0.00012030430661980063,0.28814516561067727,0.0006170132025924563,2.5999999999999996,8.233333333333336,5.633333333333336
brc_v3_20k_fibercount_conf50_default,20k FC 50%,real,-1,9,2.4,467,980,47,20312835,0.02814045362174511,0.21226532757282257,0.016412684693932533,0.1958526223897934,0.0001189766771858558,2.7842520889443776,0.005961995907803806,2.0,4.48,0.03488664701581001,0.16347084939479828,0.03681451082229614,0.12665635347366333,0.0003854719689115882,3.0850135949459054,0.006606024828577956,5.0,8.0,0.006746193394064903,-0.04879447817802429,0.02040182612836361,-0.06919626891613007,0.0002664952917257324,0.30076150600152785,0.0006440289207741492,2.5999999999999996,8.233333333333336,5.633333333333336
brc_v3_20k_fibercount_conf50_default,20k FC 50%,real,-1,10,2.4,467,980,47,20312836,0.04824860021471977,0.13068625330924988,0.04558474197983742,0.08510151505470276,5.577215051744133e-05,2.7825388048157698,0.005958327205172954,2.0,4.48,0.06864063441753387,0.2657015919685364,0.053540248423814774,0.2121613621711731,7.504382665501907e-05,3.064277051544149,0.006561621095383617,5.0,8.0,0.020392034202814102,0.1350153386592865,0.007955506443977356,0.12705984711647034,1.9271676137577742e-05,0.2817382467283793,0.0006032938902106625,2.5999999999999996,8.233333333333336,5.633333333333336
brc_v3_20k_fibercount_conf50_default,20k FC 50%,real,-1,11,2.4,467,980,47,20312837,0.027564778923988342,0.0945628434419632,0.0251740925014019,0.06938875466585159,7.10551903466694e-05,2.8393806991117856,0.006080044323579841,2.0,4.48,0.0540255568921566,0.33424586057662964,0.038709212094545364,0.2955366373062134,0.0002746730169747025,3.131252260145639,0.006705036959626636,5.0,8.0,0.02646077796816826,0.23968301713466644,0.013535119593143463,0.22614788264036179,0.00020361782662803307,0.2918715610338536,0.0006249926360467955,2.5999999999999996,8.233333333333336,5.633333333333336
brc_v3_20k_fibercount_conf50_default,20k FC 50%,degree_preserving,0,0,2.4,467,980,47,20412826,0.07820522785186768,0.24097873270511627,0.06904774159193039,0.17193099856376648,7.122209353838116e-05,2.922705657214535,0.006258470358061103,2.0,4.48,0.07835488766431808,0.2649499773979187,0.06452491134405136,0.20042508840560913,0.00013932897127233446,3.186982422452779,0.006824373495616229,5.0,8.0,0.00014965981245040894,0.02397124469280243,-0.004522830247879028,0.02849408984184265,6.81068777339533e-05,0.26427676523824406,0.0005659031375551266,2.5999999999999996,8.233333333333336,5.633333333333336
brc_v3_20k_fibercount_conf50_default,20k FC 50%,degree_preserving,1,0,2.4,467,980,47,20512826,0.1973186433315277,0.272816002368927,0.1893387883901596,0.08347727358341217,0.00022278804681263864,2.85333696884084,0.006109929269466467,2.0,4.48,0.051125574856996536,0.18383322656154633,0.03830404952168465,0.14552918076515198,0.0007187359151430428,3.08113320242492,0.006597715636884197,5.0,8.0,-0.14619306847453117,-0.08898277580738068,-0.15103473886847496,0.06205190718173981,0.0004959478683304042,0.22779623358407974,0.0004877863674177295,2.5999999999999996,8.233333333333336,5.633333333333336
brc_v3_20k_fibercount_conf50_default,20k FC 50%,degree_preserving,2,0,2.4,467,980,47,20612826,0.019015295431017876,0.13462166488170624,0.028400644659996033,0.10622099786996841,2.2883948986418545e-05,2.893769679243241,0.006196508949128996,2.0,4.48,0.04307413846254349,0.10442366451025009,0.046018972992897034,0.05840469151735306,0.0004961792146787047,3.1575953617312713,0.006761446170730774,5.0,8.0,0.024058843031525612,-0.030198000371456146,0.017618328332901,-0.047816306352615356,0.0004732952656922862,0.2638256824880303,0.0005649372216017783,2.5999999999999996,8.233333333333336,5.633333333333336
brc_v3_20k_fibercount_conf50_default,20k FC 50%,degree_preserving,3,0,2.4,467,980,47,20712826,0.0722644105553627,0.06529410928487778,0.07749141752719879,-0.012197311967611313,5.059651084593497e-05,2.722832576355859,0.0058304766088990555,2.0,4.48,0.026760367676615715,0.08450016379356384,0.024551507085561752,0.05994865670800209,0.0002459954412188381,3.0984253416975056,0.006634743772371532,5.0,8.0,-0.045504042878746986,0.019206054508686066,-0.05293991044163704,0.0721459686756134,0.00019539893037290312,0.37559276534164665,0.0008042671634724769,2.5999999999999996,8.233333333333336,5.633333333333336
brc_v3_20k_fibercount_conf50_default,20k FC 50%,degree_preserving,4,0,2.4,467,980,47,20812826,0.04528168961405754,0.09315294027328491,0.04122820869088173,0.05192473530769348,5.900812084291829e-06,2.7326838506718514,0.0058515714147148856,2.0,4.48,0.039067622274160385,0.13883453607559204,0.0322255864739418,0.10660896450281143,8.333779260283336e-05,2.9459830947771004,0.006308314978109423,5.0,8.0,-0.006214067339897156,0.04568159580230713,-0.009002622216939926,0.05468422919511795,7.743698051854153e-05,0.21329924410524903,0.0004567435633945375,2.5999999999999996,8.233333333333336,5.633333333333336
brc_v3_20k_fibercount_conf50_default,20k FC 50%,degree_preserving,5,0,2.4,467,980,47,20912826,0.0923982709646225,0.21867550909519196,0.08680374175310135,0.1318717896938324,9.895310358842835e-05,2.7817281259831543,0.0059565912761951915,2.0,4.48,0.07276862114667892,0.25325116515159607,0.06888910382986069,0.18436209857463837,0.0006195631576701999,2.987343371076615,0.0063968808802497105,5.0,8.0,-0.019629649817943573,0.034575656056404114,-0.01791463792324066,0.05249030888080597,0.0005206100540817715,0.20561524509346052,0.00044028960405451904,2.5999999999999996,8.233333333333336,5.633333333333336
brc_v3_20k_fibercount_conf50_default,20k FC 50%,degree_preserving,6,0,2.4,467,980,47,21012826,0.04486079141497612,0.0380849614739418,0.05094499513506889,-0.012860029004514217,7.469574484275654e-05,2.7424769871502255,0.005872541728373074,2.0,4.48,0.09518814831972122,0.24613894522190094,0.07938087731599808,0.16675804555416107,0.0013414936838671565,3.0196153882433414,0.00646598584206283,5.0,8.0,0.0503273569047451,0.20805398374795914,0.028435882180929184,0.1796180745586753,0.0012667979390244,0.27713840109311594,0.0005934441136897558,2.5999999999999996,8.233333333333336,5.633333333333336
brc_v3_20k_fibercount_conf50_default,20k FC 50%,degree_preserving,7,0,2.4,467,980,47,21112826,0.028774570673704147,0.058728765696287155,0.03328154608607292,0.025447221472859383,4.5298380427993834e-05,2.798006277305691,0.005991448131275569,2.0,4.48,0.04710787162184715,0.13738398253917694,0.03868044912815094,0.0987035483121872,0.00022386619821190834,3.0930678091140194,0.006623271539858714,5.0,8.0,0.018333300948143005,0.07865521684288979,0.005398903042078018,0.07325632683932781,0.0001785678177839145,0.2950615318083285,0.0006318234085831449,2.5999999999999996,8.233333333333336,5.633333333333336
brc_v3_20k_fibercount_conf50_default,20k FC 50%,degree_preserving,8,0,2.4,467,980,47,21212826,0.05137024074792862,0.22162513434886932,0.05756182223558426,0.16406330466270447,1.0773691428767052e-05,2.7663955805232505,0.005923759273069059,2.0,4.48,0.03359663486480713,0.19935111701488495,0.023658590391278267,0.17569249868392944,0.00011670411913655698,3.0046553794005653,0.006433951561885579,5.0,8.0,-0.01777360588312149,-0.022274017333984375,-0.03390323184430599,0.011629194021224976,0.00010593042770778993,0.23825979887731474,0.0005101922888165198,2.5999999999999996,8.233333333333336,5.633333333333336
brc_v3_20k_fibercount_conf50_default,20k FC 50%,degree_preserving,9,0,2.4,467,980,47,21312826,0.032766811549663544,0.09704762697219849,0.03933250531554222,0.05771510303020477,0.0005085736629553139,2.780670879337298,0.005954327364747961,2.0,4.48,0.04801304265856743,0.23854830861091614,0.054261188954114914,0.18428713083267212,0.00019802272436209023,3.0883537938726917,0.006613177288806621,5.0,8.0,0.015246231108903885,0.14150068163871765,0.014928683638572693,0.12657202780246735,-0.0003105509385932237,0.30768291453539387,0.0006588499240586599,2.5999999999999996,8.233333333333336,5.633333333333336
brc_v3_20k_fibercount_conf50_default,20k FC 50%,degree_preserving,10,0,2.4,467,980,47,21412826,0.03787481039762497,0.12381215393543243,0.029650777578353882,0.09416137635707855,6.839475099695846e-05,2.8826023543924513,0.006172596047949575,2.0,4.48,0.026427075266838074,0.07506708055734634,0.0285317525267601,0.04653533175587654,6.443837628467008e-05,3.1537483394775943,0.006753208435712193,5.0,8.0,-0.011447735130786896,-0.04874507337808609,-0.0011190250515937805,-0.04762604460120201,-3.95637471228838e-06,0.271145985085143,0.0005806123877626183,2.5999999999999996,8.233333333333336,5.633333333333336
brc_v3_20k_fibercount_conf50_default,20k FC 50%,degree_preserving,11,0,2.4,467,980,47,21512826,0.09946661442518234,0.05946388095617294,0.10707772523164749,-0.04761383682489395,0.00017241097521036863,2.8415037281298905,0.006084590424261007,2.0,4.48,0.042329397052526474,0.1624128520488739,0.04308328777551651,0.11932957917451859,0.00010919228225247934,3.0959592205005264,0.0066294629989304635,5.0,8.0,-0.05713721737265587,0.10294897109270096,-0.06399443745613098,0.16694341599941254,-6.321869295788929e-05,0.2544554923706359,0.0005448725746694562,2.5999999999999996,8.233333333333336,5.633333333333336
brc_v3_20k_fibercount_conf50_default,20k FC 50%,degree_strength_preserving,0,0,2.4,467,980,47,20412826,0.08383998274803162,0.3917328119277954,0.05116622895002365,0.34056657552719116,0.00012447679182514548,2.843931899604777,0.006089789934913869,2.0,4.48,0.04096562787890434,0.14322294294834137,0.034459877759218216,0.10876306891441345,0.00037948170211166143,3.1944402924383195,0.006840343238625952,5.0,8.0,-0.042874354869127274,-0.24850986897945404,-0.016706351190805435,-0.2318035066127777,0.00025500491028651595,0.3505083928335426,0.0007505533037120826,2.5999999999999996,8.233333333333336,5.633333333333336
brc_v3_20k_fibercount_conf50_default,20k FC 50%,degree_strength_preserving,1,0,2.4,467,980,47,20512826,0.19720403850078583,0.3290312588214874,0.18380708992481232,0.14522413909435272,0.00029913955950178206,2.8372796068092905,0.00607554519659377,2.0,4.48,0.05412184074521065,0.11873573064804077,0.05268421396613121,0.06605152785778046,0.0008885452407412231,3.125309777263299,0.006692312156880726,5.0,8.0,-0.14308219775557518,-0.21029552817344666,-0.1311228759586811,-0.07917261123657227,0.000589405681239441,0.2880301704540087,0.0006167669602869562,2.5999999999999996,8.233333333333336,5.633333333333336
brc_v3_20k_fibercount_conf50_default,20k FC 50%,degree_strength_preserving,2,0,2.4,467,980,47,20612826,0.05677550286054611,0.12894980609416962,0.060495369136333466,0.06845445185899734,4.914279270451516e-05,2.88631847710113,0.006180553484156595,2.0,4.48,0.03911362960934639,0.16605018079280853,0.03033512830734253,0.135715052485466,0.000435976980952546,3.1233431800599316,0.006688101027965593,5.0,8.0,-0.017661873251199722,0.037100374698638916,-0.030160240828990936,0.06726060062646866,0.00038683418824803084,0.23702470295880174,0.0005075475438089975,2.5999999999999996,8.233333333333336,5.633333333333336
brc_v3_20k_fibercount_conf50_default,20k FC 50%,degree_strength_preserving,3,0,2.4,467,980,47,20712826,0.03800859674811363,0.07754137367010117,0.04093744978308678,0.03660391643643379,2.9112228730809875e-05,2.7541203694696024,0.005897474024560177,2.0,4.48,0.049606699496507645,0.3064938187599182,0.024151846766471863,0.2823420464992523,0.0009690752485767007,3.095242530763834,0.006627928331400073,5.0,8.0,0.011598102748394012,0.22895244508981705,-0.016785603016614914,0.24573813006281853,0.0009399630198458908,0.3411221612942317,0.0007304543068398965,2.5999999999999996,8.233333333333336,5.633333333333336
brc_v3_20k_fibercount_conf50_default,20k FC 50%,degree_strength_preserving,4,0,2.4,467,980,47,20812826,0.08376773446798325,0.19851598143577576,0.076011061668396,0.12250487506389618,1.1516448466863949e-05,2.7554822038452857,0.00590039015812695,2.0,4.48,0.1037328764796257,0.2908508777618408,0.08333266526460648,0.20751819014549255,1.4218388059816789e-05,2.928749138953959,0.006271411432449591,5.0,8.0,0.019965142011642456,0.09233489632606506,0.00732160359621048,0.08501331508159637,2.70193959295284e-06,0.17326693510867308,0.000371021274322641,2.5999999999999996,8.233333333333336,5.633333333333336
brc_v3_20k_fibercount_conf50_default,20k FC 50%,degree_strength_preserving,5,0,2.4,467,980,47,20912826,0.03822638839483261,0.16976891458034515,0.03924303874373436,0.1305258572101593,0.00022430892568081617,2.789178439397263,0.0059725448381097715,2.0,4.48,0.01404904667288065,0.25203871726989746,0.025167573243379593,0.22687119245529175,0.00012075173435732722,3.020727673017805,0.006468367608175171,5.0,8.0,-0.02417734172195196,0.08226980268955231,-0.014075465500354767,0.09634533524513245,-0.00010355719132348895,0.2315492336205418,0.0004958227700653994,2.5999999999999996,8.233333333333336,5.633333333333336
brc_v3_20k_fibercount_conf50_default,20k FC 50%,degree_strength_preserving,6,0,2.4,467,980,47,21012826,0.08377488702535629,0.2003065049648285,0.0749451220035553,0.125361368060112,0.00019599657389335334,2.75452926516453,0.005898349604206703,2.0,4.48,0.0527067668735981,0.2687186300754547,0.031223202124238014,0.23749549686908722,0.0007326230406761169,3.0628990907953346,0.006558670429968596,5.0,8.0,-0.031068120151758194,0.06841212511062622,-0.043721919879317284,0.11213412880897522,0.0005366264667827636,0.3083698256308045,0.0006603208257618936,2.5999999999999996,8.233333333333336,5.633333333333336
brc_v3_20k_fibercount_conf50_default,20k FC 50%,degree_strength_preserving,7,0,2.4,467,980,47,21112826,0.04084545001387596,0.07622940838336945,0.039357978850603104,0.03687141463160515,0.00013386552745942026,2.83765417308239,0.006076347265701049,2.0,4.48,0.05580664426088333,0.2630387842655182,0.04779195412993431,0.21524687111377716,6.2546219851356e-05,3.092823645098471,0.006622748704707647,5.0,8.0,0.01496119424700737,0.18680937588214874,0.008433975279331207,0.178375456482172,-7.131930760806426e-05,0.2551694720160813,0.0005464014390065977,2.5999999999999996,8.233333333333336,5.633333333333336
brc_v3_20k_fibercount_conf50_default,20k FC 50%,degree_strength_preserving,8,0,2.4,467,980,47,21212826,0.08864405006170273,0.17447027564048767,0.08237842470407486,0.0920918732881546,6.828418918303214e-06,2.7563396455906473,0.005902226221821514,2.0,4.48,0.058955222368240356,0.2436772882938385,0.042360711842775345,0.20131655037403107,4.8519985284656286e-05,3.040329448051966,0.006510341430518128,5.0,8.0,-0.029688827693462372,0.06920701265335083,-0.040017712861299515,0.10922467708587646,4.169156636635307e-05,0.2839898024613188,0.000608115208696614,2.5999999999999996,8.233333333333336,5.633333333333336
brc_v3_20k_fibercount_conf50_default,20k FC 50%,degree_strength_preserving,9,0,2.4,467,980,47,21312826,0.03883026912808418,0.1523449569940567,0.03935594856739044,0.11298900842666626,0.00013385459897108376,2.7725516617963235,0.005936941459949301,2.0,4.48,0.0870128646492958,0.31578147411346436,0.06627640873193741,0.2495051473379135,0.00025863482733257115,3.03770921816276,0.00650473065987743,5.0,8.0,0.048182595521211624,0.16343651711940765,0.026920460164546967,0.13651613891124725,0.0001247802283614874,0.26515755636643634,0.0005677891999281287,2.5999999999999996,8.233333333333336,5.633333333333336
brc_v3_20k_fibercount_conf50_default,20k FC 50%,degree_strength_preserving,10,0,2.4,467,980,47,21412826,0.11268383264541626,0.34389615058898926,0.08714262396097183,0.25675347447395325,0.0003413702070247382,2.873011964295936,0.006152059880719349,2.0,4.48,0.10245630145072937,0.38758108019828796,0.07561847567558289,0.31196266412734985,0.00031059078173711896,3.1142993993496004,0.006668735330513063,5.0,8.0,-0.01022753119468689,0.043684929609298706,-0.011524148285388947,0.055209189653396606,-3.077942528761923e-05,0.24128743505366446,0.0005166754497937147,2.5999999999999996,8.233333333333336,5.633333333333336
brc_v3_20k_fibercount_conf50_default,20k FC 50%,degree_strength_preserving,11,0,2.4,467,980,47,21512826,0.10084519535303116,0.12133372575044632,0.10096597671508789,0.020367739722132683,9.408862388227135e-05,2.8647537518127515,0.006134376342211459,2.0,4.48,0.03749306499958038,0.21085576713085175,0.031828053295612335,0.17902767658233643,0.00010554560867603868,3.1021741339149256,0.006642771164700054,5.0,8.0,-0.06335213035345078,0.08952204138040543,-0.06913792341947556,0.15865993686020374,1.1456984793767333e-05,0.2374203821021741,0.0005083948224885951,2.5999999999999996,8.233333333333336,5.633333333333336
brc_v3_20k_fibercount_conf50_default,20k FC 50%,real,-1,0,3.2,467,980,47,20313626,0.03577203303575516,0.3223012685775757,0.0394938662648201,0.28280743956565857,0.00031880673486739397,2.7214064813889425,0.005827422872353196,2.0,4.48,0.11098819971084595,0.3522947132587433,0.08407162874937057,0.2682231068611145,0.00013708537153434008,3.005583502141056,0.006435938976747443,5.0,8.0,0.07521616667509079,0.029993444681167603,0.044577762484550476,-0.014584332704544067,-0.0001817213633330539,0.2841770207521135,0.0006085161043942466,2.599999999999999,8.233333333333329,5.633333333333329
brc_v3_20k_fibercount_conf50_default,20k FC 50%,real,-1,1,3.2,467,980,47,20313627,0.08473701775074005,0.41218453645706177,0.04909960553050041,0.36308497190475464,6.753519119229168e-05,2.73714440998391,0.00586112293358439,2.0,4.48,0.07341965287923813,0.1937050074338913,0.06740160286426544,0.12630341947078705,7.108188583515584e-05,2.93651837934989,0.006288047921520107,5.0,8.0,-0.011317364871501923,-0.21847952902317047,0.01830199733376503,-0.2367815524339676,3.5466946428641677e-06,0.19937396936597995,0.00042692498793571714,2.599999999999999,8.233333333333329,5.633333333333329
brc_v3_20k_fibercount_conf50_default,20k FC 50%,real,-1,2,3.2,467,980,47,20313628,0.08377263695001602,0.12136095762252808,0.09127173572778702,0.030089236795902252,9.519355444354005e-06,2.8149690149371236,0.0060277709099296,2.0,4.48,0.1138407289981842,0.5933578610420227,0.06541953980922699,0.5279383659362793,0.0004625268338713795,3.0520785252724805,0.0065355000541166604,5.0,8.0,0.030068092048168182,0.47199690341949463,-0.025852195918560028,0.49784912914037704,0.0004530074784270255,0.23710951033535688,0.00050772914418706,2.599999999999999,8.233333333333329,5.633333333333329
brc_v3_20k_fibercount_conf50_default,20k FC 50%,real,-1,3,3.2,467,980,47,20313629,0.13160830736160278,0.4857656955718994,0.09735201299190521,0.388413667678833,0.0003186780377291143,2.862587458573439,0.006129737598658328,2.0,4.48,0.12621843814849854,0.5893918871879578,0.07554858922958374,0.5138433575630188,0.00020022956596221775,3.0750537501189563,0.006584697537727958,5.0,8.0,-0.005389869213104248,0.10362619161605835,-0.021803423762321472,0.1254296898841858,-0.00011844847176689655,0.2124662915455171,0.0004549599390696298,2.599999999999999,8.233333333333329,5.633333333333329
brc_v3_20k_fibercount_conf50_default,20k FC 50%,real,-1,4,3.2,467,980,47,20313630,0.14754359424114227,0.5797446966171265,0.1063171997666359,0.473427414894104,0.001871303073130548,2.8059413660640344,0.00600843975602577,2.0,4.48,0.19725435972213745,0.7334306836128235,0.14564529061317444,0.5877854228019714,0.00032543353154323995,2.999369293661178,0.006422632320473615,5.0,8.0,0.04971076548099518,0.15368598699569702,0.039328090846538544,0.11435800790786743,-0.001545869541587308,0.19342792759714378,0.0004141925644478451,2.599999999999999,8.233333333333329,5.633333333333329
brc_v3_20k_fibercount_conf50_default,20k FC 50%,real,-1,5,3.2,467,980,47,20313631,0.1864451915025711,0.31755730509757996,0.17667655646800995,0.1408807784318924,0.00014925666619092226,2.719700057650355,0.005823768860065,2.0,4.48,0.10806940495967865,0.2899176776409149,0.08803162723779678,0.20188604295253754,0.00012718577636405826,2.9439984813888427,0.00630406527063992,5.0,8.0,-0.07837578654289246,-0.02763962745666504,-0.08864492923021317,0.06100526452064514,-2.2070889826864004e-05,0.22429842373848752,0.00048029641057492026,2.599999999999999,8.233333333333329,5.633333333333329
brc_v3_20k_fibercount_conf50_default,20k FC 50%,real,-1,6,3.2,467,980,47,20313632,0.08687048405408859,0.21542498469352722,0.07394633442163467,0.14147867262363434,0.0007802657200954854,2.6602672087269434,0.005696503658944204,2.0,4.48,0.12624429166316986,0.5192503929138184,0.08855661749839783,0.4306938350200653,9.035284165292978e-05,2.880066442233694,0.006167165829194205,5.0,8.0,0.03937380760908127,0.30382540822029114,0.014610283076763153,0.28921516239643097,-0.0006899128784425557,0.21979923350675046,0.0004706621702500009,2.599999999999999,8.233333333333329,5.633333333333329
brc_v3_20k_fibercount_conf50_default,20k FC 50%,real,-1,7,3.2,467,980,47,20313633,0.09138426929712296,0.3135955333709717,0.0698927640914917,0.24370278418064117,6.345417205011472e-05,2.735985204975132,0.005858640695878227,2.0,4.48,0.04755144193768501,0.31376343965530396,0.03329379856586456,0.2804696261882782,9.478965512244031e-05,3.027359729844705,0.0064825690146567555,5.0,8.0,-0.04383282735943794,0.0001679062843322754,-0.036598965525627136,0.036766842007637024,3.133548307232559e-05,0.29137452486957294,0.0006239283187785289,2.599999999999999,8.233333333333329,5.633333333333329
brc_v3_20k_fibercount_conf50_default,20k FC 50%,real,-1,8,3.2,467,980,47,20313634,0.09414814412593842,0.3958485722541809,0.06554817408323288,0.3303004205226898,0.0010206371080130339,2.7905860789626704,0.005975559055594584,2.0,4.48,0.16716735064983368,0.4330073893070221,0.1467399150133133,0.28626748919487,9.420035348739475e-05,2.9201892374340948,0.006253081878873865,5.0,8.0,0.07301920652389526,0.037158817052841187,0.08119174093008041,-0.044032931327819824,-0.0009264367545256391,0.12960315847142434,0.0002775228232792812,2.599999999999999,8.233333333333329,5.633333333333329
brc_v3_20k_fibercount_conf50_default,20k FC 50%,real,-1,9,3.2,467,980,47,20313635,0.22381597757339478,0.47009971737861633,0.19811038672924042,0.27198928594589233,0.0007178446976467967,2.706459207523509,0.005795415861934709,2.0,4.48,0.18771404027938843,0.7033995985984802,0.1369541436433792,0.5664454698562622,0.0019906116649508476,2.8527420427507537,0.0061086553377960465,5.0,8.0,-0.03610193729400635,0.2332998812198639,-0.061156243085861206,0.2944561839103699,0.001272766967304051,0.1462828352272445,0.0003132394758613372,2.599999999999999,8.233333333333329,5.633333333333329
brc_v3_20k_fibercount_conf50_default,20k FC 50%,real,-1,10,3.2,467,980,47,20313636,0.09152649343013763,0.1001235693693161,0.09235724061727524,0.007766329683363438,0.0003382408176548779,2.842488844402342,0.0060866998809472,2.0,4.48,0.037201058119535446,0.19223910570144653,0.02392449602484703,0.1683146357536316,0.00038572310586459935,3.0253835819320316,0.006478337434543965,5.0,8.0,-0.05432543531060219,0.09211553633213043,-0.06843274459242821,0.16054830607026815,4.7482288209721446e-05,0.18289473752968943,0.000391637553596765,2.599999999999999,8.233333333333329,5.633333333333329
brc_v3_20k_fibercount_conf50_default,20k FC 50%,real,-1,11,3.2,467,980,47,20313637,0.10201288014650345,0.2577839493751526,0.08522903174161911,0.17255493998527527,0.00011174491373822093,2.7535189084991183,0.005896186099569847,2.0,4.48,0.12058988213539124,0.4228416681289673,0.0876045823097229,0.3352371156215668,0.00023634349054191262,3.069223561730484,0.006572213194283692,5.0,8.0,0.018577001988887787,0.1650577187538147,0.0023755505681037903,0.1626821756362915,0.00012459857680369169,0.31570465323136565,0.0006760270947138453,2.599999999999999,8.233333333333329,5.633333333333329
brc_v3_20k_fibercount_conf50_default,20k FC 50%,degree_preserving,0,0,3.2,467,980,47,20413626,0.07805986702442169,0.07581237703561783,0.08042734861373901,-0.0046149673871695995,6.88204963807948e-05,2.7171401815246,0.005818287326605139,2.0,4.48,0.06962060928344727,0.18437086045742035,0.05826401710510254,0.12610681354999542,1.797369259293191e-05,2.991871195865512,0.006406576436542852,5.0,8.0,-0.008439257740974426,0.10855848342180252,-0.022163331508636475,0.13072178093716502,-5.084680378786288e-05,0.27473101434091207,0.0005882891099377131,2.599999999999999,8.233333333333329,5.633333333333329
brc_v3_20k_fibercount_conf50_default,20k FC 50%,degree_preserving,1,0,3.2,467,980,47,20513626,0.04311124607920647,0.06898917257785797,0.052152637392282486,0.016836535185575485,2.363814382988494e-05,2.7420294286510885,0.0058715833589959065,2.0,4.48,0.07454069703817368,0.2991490662097931,0.05288005992770195,0.24626897275447845,0.0007270212518051267,3.0042124444146894,0.006433003092965074,5.0,8.0,0.03142945095896721,0.23015989363193512,0.0007274225354194641,0.22943243756890297,0.0007033831079752417,0.2621830157636009,0.0005614197339691672,2.599999999999999,8.233333333333329,5.633333333333329
brc_v3_20k_fibercount_conf50_default,20k FC 50%,degree_preserving,2,0,3.2,467,980,47,20613626,0.07073135673999786,0.15784680843353271,0.06228996813297272,0.09555685520172119,5.451414472190663e-05,2.68989132254619,0.005759938592175996,2.0,4.48,0.06294602155685425,0.1988510936498642,0.05053984746336937,0.14831125736236572,0.0020899076480418444,2.993079511802584,0.006409163836836368,5.0,8.0,-0.007785335183143616,0.04100428521633148,-0.011750120669603348,0.05275440216064453,0.0020353935033199377,0.3031881892563941,0.0006492252446603725,2.599999999999999,8.233333333333329,5.633333333333329
brc_v3_20k_fibercount_conf50_default,20k FC 50%,degree_preserving,3,0,3.2,467,980,47,20713626,0.06508487462997437,0.19461442530155182,0.05136165767908096,0.14325276017189026,0.00028639391530305147,2.694773761936172,0.0057703934945100045,2.0,4.48,0.08218023180961609,0.14118346571922302,0.08294741809368134,0.058236073702573776,0.000742753385566175,2.8391145428023625,0.006079474395722403,5.0,8.0,0.017095357179641724,-0.053430959582328796,0.03158576041460037,-0.08501668646931648,0.0004563594702631235,0.1443407808661905,0.00030908090121239875,2.599999999999999,8.233333333333329,5.633333333333329
brc_v3_20k_fibercount_conf50_default,20k FC 50%,degree_preserving,4,0,3.2,467,980,47,20813626,0.02741708792746067,0.12230733782052994,0.032046884298324585,0.09026045352220535,0.00011449445446487516,2.6655058980336586,0.00570772140906565,2.0,4.48,0.10964721441268921,0.514995276927948,0.06486573815345764,0.45012956857681274,0.0019005199428647757,2.97415475634115,0.006368639735205889,5.0,8.0,0.08223012648522854,0.39268793910741806,0.03281885385513306,0.3598691150546074,0.0017860254883999005,0.30864885830749156,0.0006609183261402389,2.599999999999999,8.233333333333329,5.633333333333329
brc_v3_20k_fibercount_conf50_default,20k FC 50%,degree_preserving,5,0,3.2,467,980,47,20913626,0.049416832625865936,0.14557136595249176,0.05430992692708969,0.09126142412424088,2.832928475982044e-05,2.840613963950889,0.006082685147646444,2.0,4.48,0.08291519433259964,0.3490767478942871,0.05433620139956474,0.29474055767059326,0.0001902210497064516,3.0255076877871763,0.006478603185839778,5.0,8.0,0.033498361706733704,0.20350538194179535,2.627447247505188e-05,0.2034791335463524,0.00016189176494663116,0.1848937238362871,0.0003959180381933342,2.599999999999999,8.233333333333329,5.633333333333329
brc_v3_20k_fibercount_conf50_default,20k FC 50%,degree_preserving,6,0,3.2,467,980,47,21013626,0.048416465520858765,0.10404512286186218,0.04820709303021431,0.05583804100751877,0.0001417388702975586,2.7435451045002535,0.005874828917559429,2.0,4.48,0.05201680585741997,0.14049021899700165,0.04384060576558113,0.09664962440729141,0.0006738016963936388,2.98963608822204,0.006401790338805224,5.0,8.0,0.003600340336561203,0.036445096135139465,-0.004366487264633179,0.040811583399772644,0.0005320628260960802,0.2460909837217864,0.0005269614212457955,2.599999999999999,8.233333333333329,5.633333333333329
brc_v3_20k_fibercount_conf50_default,20k FC 50%,degree_preserving,7,0,3.2,467,980,47,21113626,0.11093229055404663,0.2162778228521347,0.1034887507557869,0.11278906464576721,0.0003885490295942873,2.7679208526752124,0.005927025380460841,2.0,4.48,0.14150305092334747,0.3541898727416992,0.1216602697968483,0.23252959549427032,4.380955215310678e-05,2.9975675459090354,0.006418774188242046,5.0,8.0,0.030570760369300842,0.13791204988956451,0.0181715190410614,0.11974053084850311,-0.0003447394774411805,0.22964669323382303,0.000491748807781205,2.599999999999999,8.233333333333329,5.633333333333329
brc_v3_20k_fibercount_conf50_default,20k FC 50%,degree_preserving,8,0,3.2,467,980,47,21213626,0.04708992689847946,0.1035064309835434,0.05231063440442085,0.05119579657912254,7.992891187313944e-05,2.713357480416316,0.0058101873242319396,2.0,4.48,0.10123925656080246,0.1859631985425949,0.09757119417190552,0.08839200437068939,7.590293535031378e-05,3.0292914605830568,0.00648670548304723,5.0,8.0,0.054149329662323,0.08245676755905151,0.045260559767484665,0.03719620779156685,-4.025976522825658e-06,0.3159339801667409,0.0006765181588152909,2.599999999999999,8.233333333333329,5.633333333333329
brc_v3_20k_fibercount_conf50_default,20k FC 50%,degree_preserving,9,0,3.2,467,980,47,21313626,0.03203672170639038,0.1434440016746521,0.05141742154955864,0.09202658385038376,8.700817124918103e-05,2.784526598290042,0.005962583722248484,2.0,4.48,0.06961391866207123,0.27649828791618347,0.052728645503520966,0.2237696349620819,0.0012165999505668879,3.062636811685302,0.006558108804465315,5.0,8.0,0.03757719695568085,0.13305428624153137,0.001311223953962326,0.13174305111169815,0.0011295917793177068,0.27811021339526,0.000595525082216831,2.599999999999999,8.233333333333329,5.633333333333329
brc_v3_20k_fibercount_conf50_default,20k FC 50%,degree_preserving,10,0,3.2,467,980,47,21413626,0.1102817952632904,0.2623336613178253,0.12040350586175919,0.14193019270896912,0.0001990573655348271,2.7794808633219716,0.005951779150582381,2.0,4.48,0.17110227048397064,0.2909723222255707,0.16268260776996613,0.12828977406024933,5.304665683070198e-05,3.020426018537834,0.0064677216671045696,5.0,8.0,0.06082047522068024,0.02863866090774536,0.04227910190820694,-0.013640418648719788,-0.00014601070870412514,0.24094515521586235,0.0005159425165221889,2.599999999999999,8.233333333333329,5.633333333333329
brc_v3_20k_fibercount_conf50_default,20k FC 50%,degree_preserving,11,0,3.2,467,980,47,21513626,0.03834341838955879,0.17178568243980408,0.024134257808327675,0.14765140414237976,0.00011340901983203366,2.751830183282001,0.005892569985614563,2.0,4.48,0.06261950731277466,0.2819124460220337,0.040644388645887375,0.24126805365085602,0.0015391333727166057,3.0259397090144082,0.006479528284827426,5.0,8.0,0.024276088923215866,0.11012676358222961,0.0165101308375597,0.09361664950847626,0.001425724352884572,0.2741095257324071,0.0005869582992128631,2.599999999999999,8.233333333333329,5.633333333333329
brc_v3_20k_fibercount_conf50_default,20k FC 50%,degree_strength_preserving,0,0,3.2,467,980,47,20413626,0.09831082820892334,0.18244802951812744,0.08982868492603302,0.09261934459209442,0.0006361394771374762,2.775443505146936,0.005943133843997721,2.0,4.48,0.12632201611995697,0.4532190263271332,0.09042684733867645,0.36279216408729553,0.0008580845315009356,3.0145443225516155,0.006455127029018449,5.0,8.0,0.02801118791103363,0.27077099680900574,0.0005981624126434326,0.2701728194952011,0.00022194505436345935,0.2391008174046796,0.0005119931850207276,2.599999999999999,8.233333333333329,5.633333333333329
brc_v3_20k_fibercount_conf50_default,20k FC 50%,degree_strength_preserving,1,0,3.2,467,980,47,20513626,0.04005580395460129,0.1062464565038681,0.0389903262257576,0.06725612282752991,3.20387989631854e-05,2.784820621200097,0.005963213321627617,2.0,4.48,0.05737081170082092,0.32370632886886597,0.03991035744547844,0.28379595279693604,0.001433523721061647,3.0216321002830395,0.006470304283261326,5.0,8.0,0.017315007746219635,0.21745987236499786,0.0009200312197208405,0.21653982996940613,0.0014014849220984615,0.23681147908294253,0.0005070909616337093,2.599999999999999,8.233333333333329,5.633333333333329
brc_v3_20k_fibercount_conf50_default,20k FC 50%,degree_strength_preserving,2,0,3.2,467,980,47,20613626,0.10295641422271729,0.14261195063591003,0.09961643815040588,0.04299550876021385,0.00012236807378940284,2.737781870071289,0.005862487944478134,2.0,4.48,0.11928015947341919,0.439494788646698,0.0866026058793068,0.3528921604156494,0.00014802825171500444,2.97795637103211,0.006376780237756125,5.0,8.0,0.016323745250701904,0.29688283801078796,-0.01301383227109909,0.30989665165543556,2.56601779256016e-05,0.24017450096082138,0.0005142922932779908,2.599999999999999,8.233333333333329,5.633333333333329
brc_v3_20k_fibercount_conf50_default,20k FC 50%,degree_strength_preserving,3,0,3.2,467,980,47,20713626,0.07512673735618591,0.23230527341365814,0.06156865134835243,0.17073661088943481,0.0004632882191799581,2.6981580310552475,0.005777640323458774,2.0,4.48,0.10673284530639648,0.313874751329422,0.0843069925904274,0.2295677214860916,0.0004387121298350394,2.8209807200648522,0.0060406439401816964,5.0,8.0,0.03160610795021057,0.08156947791576385,0.022738341242074966,0.0588311105966568,-2.4576089344918728e-05,0.12282268900960469,0.00026300361672292223,2.599999999999999,8.233333333333329,5.633333333333329
brc_v3_20k_fibercount_conf50_default,20k FC 50%,degree_strength_preserving,4,0,3.2,467,980,47,20813626,0.0625193640589714,0.19196566939353943,0.054867520928382874,0.13709811866283417,0.0007009140681475401,2.723710324852576,0.005832356156001233,2.0,4.48,0.10198066383600235,0.4501831531524658,0.0685437023639679,0.3816394507884979,0.0012611995916813612,2.940387919877747,0.0062963338755412145,5.0,8.0,0.039461299777030945,0.2582174837589264,0.013676181435585022,0.24454133212566376,0.0005602855235338211,0.21667759502517114,0.0004639777195399814,2.599999999999999,8.233333333333329,5.633333333333329
brc_v3_20k_fibercount_conf50_default,20k FC 50%,degree_strength_preserving,5,0,3.2,467,980,47,20913626,0.0470876544713974,0.1787523329257965,0.0571892186999321,0.12156311422586441,4.554808037937619e-05,2.814946512025535,0.006027722723823415,2.0,4.48,0.18073301017284393,0.6525511741638184,0.13076786696910858,0.5217832922935486,0.0010290775680914521,3.043027526860988,0.006516118901201259,5.0,8.0,0.13364535570144653,0.47379884123802185,0.07357864826917648,0.4002201780676842,0.000983529487712076,0.2280810148354533,0.0004883961773778436,2.599999999999999,8.233333333333329,5.633333333333329
brc_v3_20k_fibercount_conf50_default,20k FC 50%,degree_strength_preserving,6,0,3.2,467,980,47,21013626,0.12229394912719727,0.2994528114795685,0.10270398110151291,0.19674885272979736,5.872188921784982e-05,2.7459551137543494,0.005879989536947215,2.0,4.48,0.13388928771018982,0.34755638241767883,0.11125260591506958,0.23630376160144806,0.000516941596288234,2.9794981591941703,0.006380081711336553,5.0,8.0,0.011595338582992554,0.04810357093811035,0.008548624813556671,0.039554908871650696,0.0004582197070703842,0.23354304543982085,0.0005000921743893378,2.599999999999999,8.233333333333329,5.633333333333329
brc_v3_20k_fibercount_conf50_default,20k FC 50%,degree_strength_preserving,7,0,3.2,467,980,47,21113626,0.1455489844083786,0.36884641647338867,0.12112611532211304,0.24772034585475922,0.0007555127958767116,2.7748169137570504,0.0059417921065461465,2.0,4.48,0.2017102837562561,0.5465432405471802,0.16609008610248566,0.38045310974121094,0.00010898343316512182,2.9598726660170698,0.006338057100678951,5.0,8.0,0.0561612993478775,0.1776968240737915,0.04496397078037262,0.13273276388645172,-0.0006465293627115898,0.18505575226001936,0.0003962649941328042,2.599999999999999,8.233333333333329,5.633333333333329
brc_v3_20k_fibercount_conf50_default,20k FC 50%,degree_strength_preserving,8,0,3.2,467,980,47,21213626,0.042087409645318985,0.19547231495380402,0.028795257210731506,0.1666770726442337,5.3137660870561376e-05,2.7289353157641,0.005843544573370664,2.0,4.48,0.04410325735807419,0.13934791088104248,0.04933951422572136,0.09000838547945023,0.00010163795377593488,3.063003977451467,0.006558895026662671,5.0,8.0,0.0020158477127552032,-0.056124404072761536,0.020544257014989853,-0.07666868716478348,4.85002929053735e-05,0.33406866168736693,0.0007153504532920064,2.599999999999999,8.233333333333329,5.633333333333329
brc_v3_20k_fibercount_conf50_default,20k FC 50%,degree_strength_preserving,9,0,3.2,467,980,47,21313626,0.03328840807080269,0.0992928147315979,0.042733997106552124,0.05655881017446518,0.00038358225720003247,2.7810134066774586,0.005955060828003123,2.0,4.48,0.03359384462237358,0.2662098705768585,0.03374344855546951,0.23246650397777557,0.0005831202142871916,3.0598334129000007,0.00655210580920771,5.0,8.0,0.00030543655157089233,0.16691705584526062,-0.008990548551082611,0.1759076938033104,0.00019953795708715916,0.2788200062225421,0.0005970449812045869,2.599999999999999,8.233333333333329,5.633333333333329
brc_v3_20k_fibercount_conf50_default,20k FC 50%,degree_strength_preserving,10,0,3.2,467,980,47,21413626,0.0898471400141716,0.18524014949798584,0.09840347617864609,0.08683668822050095,0.0002879625535570085,2.7914838158344115,0.005977481404356342,2.0,4.48,0.16305308043956757,0.49521929025650024,0.12986868619918823,0.36535054445266724,0.0005748050170950592,2.9970046612375416,0.006417568867746342,5.0,8.0,0.07320594042539597,0.3099791407585144,0.031465210020542145,0.2785138562321663,0.00028684246353805065,0.2055208454031301,0.00044008746339000045,2.599999999999999,8.233333333333329,5.633333333333329
brc_v3_20k_fibercount_conf50_default,20k FC 50%,degree_strength_preserving,11,0,3.2,467,980,47,21513626,0.09930524230003357,0.2859889268875122,0.08316686004400253,0.20282205939292908,9.550673712510616e-05,2.740299687616579,0.005867879416737856,2.0,4.48,0.07763923704624176,0.35356101393699646,0.058343466371297836,0.29521751403808594,0.0004225222219247371,3.057671073599379,0.0065474755323327175,5.0,8.0,-0.02166600525379181,0.06757208704948425,-0.024823393672704697,0.09239545464515686,0.00032701548479963094,0.3173713859828,0.0006795961155948611,2.599999999999999,8.233333333333329,5.633333333333329
brc_v3_20k_fibercount_conf50_default,20k FC 50%,real,-1,0,4.0,467,980,47,20314426,0.16266316175460815,0.4880983829498291,0.12646536529064178,0.3616330623626709,0.002211600774899125,2.7344525542585396,0.005855358788562183,2.0,4.48,0.2348773032426834,0.748515784740448,0.1783284991979599,0.5701872706413269,0.0008697282173670828,2.84450963256878,0.00609102705046848,5.0,8.0,0.07221414148807526,0.2604174017906189,0.051863133907318115,0.208554208278656,-0.0013418725575320423,0.11005707831024036,0.00023566826190629664,2.6000000000000014,8.233333333333334,5.633333333333333
brc_v3_20k_fibercount_conf50_default,20k FC 50%,real,-1,1,4.0,467,980,47,20314427,0.05765760689973831,0.23581387102603912,0.08689288049936295,0.14892099797725677,8.038289524847642e-05,2.6556669146779135,0.005686652922222513,2.0,4.48,0.07270855456590652,0.36201533675193787,0.06220311298966408,0.2998122274875641,0.0007148909498937428,2.9331452792747092,0.006280825009153553,5.0,8.0,0.015050947666168213,0.12620146572589874,-0.024689767509698868,0.1508912295103073,0.0006345080546452664,0.27747836459679576,0.0005941720869310401,2.6000000000000014,8.233333333333334,5.633333333333333
brc_v3_20k_fibercount_conf50_default,20k FC 50%,real,-1,2,4.0,467,980,47,20314428,0.25573107600212097,0.673248827457428,0.21021893620491028,0.4630299508571625,0.0005989563069306314,2.6290463571575615,0.00562964958706116,2.0,4.48,0.23859548568725586,0.7948781251907349,0.17685465514659882,0.6180234551429749,0.0002605243062134832,2.829281129658017,0.0060584178365268035,5.0,8.0,-0.017135590314865112,0.12162929773330688,-0.03336428105831146,0.15499350428581238,-0.0003384320007171482,0.20023477250045563,0.00042876824946564383,2.6000000000000014,8.233333333333334,5.633333333333333
brc_v3_20k_fibercount_conf50_default,20k FC 50%,real,-1,3,4.0,467,980,47,20314429,0.04451863467693329,0.21779125928878784,0.05410156399011612,0.16368964314460754,0.0005514844669960439,2.857208169996715,0.00611821877943622,2.0,4.48,0.07903443276882172,0.28721722960472107,0.059621360152959824,0.22759585082530975,3.207181362085976e-05,3.0866134532389995,0.006609450649334046,5.0,8.0,0.03451579809188843,0.06942597031593323,0.005519796162843704,0.06390620768070221,-0.0005194126533751842,0.2294052832422846,0.0004912318698978256,2.6000000000000014,8.233333333333334,5.633333333333333
brc_v3_20k_fibercount_conf50_default,20k FC 50%,real,-1,4,4.0,467,980,47,20314430,0.19492381811141968,0.4649525582790375,0.16534897685050964,0.2996036112308502,0.0002314545272383839,2.683133946251684,0.005745468835656711,2.0,4.48,0.12818317115306854,0.30716970562934875,0.11067898571491241,0.19649071991443634,0.0015317096840590239,2.8937116637727875,0.006196384718999545,5.0,8.0,-0.06674064695835114,-0.15778285264968872,-0.05466999113559723,-0.10311289131641388,0.00130025515682064,0.21057771752110366,0.0004509158833428343,2.6000000000000014,8.233333333333334,5.633333333333333
brc_v3_20k_fibercount_conf50_default,20k FC 50%,real,-1,5,4.0,467,980,47,20314431,0.06157847121357918,0.17102506756782532,0.0636114776134491,0.10741359740495682,0.0007396872970275581,2.7032559659538804,0.005788556672278116,2.0,4.48,0.11889266967773438,0.27835312485694885,0.1061350554227829,0.17221808433532715,3.428486888878979e-05,2.9622012325032334,0.006343043324418059,5.0,8.0,0.0573141984641552,0.10732805728912354,0.0425235778093338,0.06480448693037033,-0.0007054024281387683,0.258945266549353,0.0005544866521399426,2.6000000000000014,8.233333333333334,5.633333333333333
brc_v3_20k_fibercount_conf50_default,20k FC 50%,real,-1,6,4.0,467,980,47,20314432,0.0889364629983902,0.3237553834915161,0.06683814525604248,0.25691723823547363,1.6139014405780472e-05,2.619996994441871,0.005610271936706362,2.0,4.48,0.08082399517297745,0.2047426849603653,0.08934146910905838,0.11540120840072632,0.0002295664744451642,2.9681105906424206,0.006355697196236447,5.0,8.0,-0.00811246782541275,-0.11901269853115082,0.0225033238530159,-0.14151602983474731,0.00021342746003938373,0.3481135962005495,0.000745425259530085,2.6000000000000014,8.233333333333334,5.633333333333333
brc_v3_20k_fibercount_conf50_default,20k FC 50%,real,-1,7,4.0,467,980,47,20314433,0.10119880735874176,0.3658995032310486,0.0755360871553421,0.29036346077919006,5.366375989979133e-05,2.822753940539062,0.006044440986165015,2.0,4.48,0.14947684109210968,0.7652690410614014,0.08233704417943954,0.6829320192337036,0.0004053721495438367,2.964386627986949,0.006347722972134794,5.0,8.0,0.04827803373336792,0.3993695378303528,0.006800957024097443,0.39256855845451355,0.0003517083896440454,0.14163268744788704,0.0003032819859697788,2.6000000000000014,8.233333333333334,5.633333333333333
brc_v3_20k_fibercount_conf50_default,20k FC 50%,real,-1,8,4.0,467,980,47,20314434,0.08316227793693542,0.1963157206773758,0.07469342648983002,0.12162227183580399,0.00019341094593983144,2.841672635493423,0.006084952110264289,2.0,4.48,0.1410232037305832,0.4694122076034546,0.10561996698379517,0.3637923300266266,0.0023062832187861204,3.050215825900719,0.0065315114044983275,5.0,8.0,0.057860925793647766,0.2730964869260788,0.03092654049396515,0.2421700581908226,0.002112872272846289,0.20854319040729585,0.0004465592942340382,2.6000000000000014,8.233333333333334,5.633333333333333
brc_v3_20k_fibercount_conf50_default,20k FC 50%,real,-1,9,4.0,467,980,47,20314435,0.13555075228214264,0.41311129927635193,0.10523279011249542,0.3078785538673401,9.391702769789845e-05,2.758406681628949,0.005906652423188328,2.0,4.48,0.1523037850856781,0.4844706654548645,0.1160326898097992,0.3684380054473877,0.00010875127918552607,2.9234945022789014,0.006260159533787797,5.0,8.0,0.01675303280353546,0.07135936617851257,0.010799899697303772,0.06055945158004761,1.4834251487627625e-05,0.1650878206499522,0.0003535071105994691,2.6000000000000014,8.233333333333334,5.633333333333333
brc_v3_20k_fibercount_conf50_default,20k FC 50%,real,-1,10,4.0,467,980,47,20314436,0.1917089968919754,0.4884418547153473,0.1594664454460144,0.3289754390716553,0.00019358568533789366,2.6633976255839507,0.005703206907032014,2.0,4.48,0.1256139874458313,0.4742908477783203,0.08765826374292374,0.3866325318813324,0.0008580294088460505,2.7937008394573972,0.005982228778281365,5.0,8.0,-0.0660950094461441,-0.014151006937026978,-0.07180818170309067,0.057657092809677124,0.0006644437235081568,0.13030321387344657,0.0002790218712493504,2.6000000000000014,8.233333333333334,5.633333333333333
brc_v3_20k_fibercount_conf50_default,20k FC 50%,real,-1,11,4.0,467,980,47,20314437,0.10401172190904617,0.1513732671737671,0.11675363779067993,0.03461965546011925,0.0005297737079672515,2.795284039349117,0.0059856189279424345,2.0,4.48,0.09115912765264511,0.31281018257141113,0.0836399719119072,0.22917020320892334,0.00020705211500171572,3.075538275425994,0.0065857350651520215,5.0,8.0,-0.012852594256401062,0.16143691539764404,-0.033113665878772736,0.1945505477488041,-0.0003227215929655358,0.28025423607687694,0.0006001161372095869,2.6000000000000014,8.233333333333334,5.633333333333333
brc_v3_20k_fibercount_conf50_default,20k FC 50%,degree_preserving,0,0,4.0,467,980,47,20414426,0.08530520647764206,0.15349994599819183,0.08003596216440201,0.07346398383378983,0.00039489459595642984,2.664796001320563,0.0057062012876243325,2.0,4.48,0.04012855514883995,0.08647266775369644,0.03883491829037666,0.04763775318861008,0.000666847568936646,2.9812215489593994,0.006383772053446251,5.0,8.0,-0.04517665132880211,-0.06702727824449539,-0.041201043874025345,-0.02582623064517975,0.00027195297298021615,0.31642554763883624,0.0006775707658219186,2.6000000000000014,8.233333333333334,5.633333333333333
brc_v3_20k_fibercount_conf50_default,20k FC 50%,degree_preserving,1,0,4.0,467,980,47,20514426,0.04980039969086647,0.10842815786600113,0.044913195073604584,0.06351494044065475,2.7974592740065418e-05,2.748020387930135,0.005884411965589155,2.0,4.48,0.050232790410518646,0.15320582687854767,0.05769781023263931,0.09550800174474716,0.0005206940695643425,2.9419776097200714,0.006299737922312787,5.0,8.0,0.0004323907196521759,0.04477766901254654,0.012784615159034729,0.03199306130409241,0.0004927194768242771,0.19395722178993635,0.000415325956723632,2.6000000000000014,8.233333333333334,5.633333333333333
brc_v3_20k_fibercount_conf50_default,20k FC 50%,degree_preserving,2,0,4.0,467,980,47,20614426,0.171709805727005,0.25779449939727783,0.1659686267375946,0.09182588011026382,4.430598710314371e-05,2.6213909409133054,0.005613256832790804,2.0,4.48,0.16872434318065643,0.45546862483024597,0.1416620910167694,0.3138064742088318,2.3275610146811232e-05,2.831977495474662,0.006064191639132038,5.0,8.0,-0.0029854625463485718,0.19767412543296814,-0.024306535720825195,0.22198059409856796,-2.1030376956332475e-05,0.21058655456135655,0.0004509348063412343,2.6000000000000014,8.233333333333334,5.633333333333333
brc_v3_20k_fibercount_conf50_default,20k FC 50%,degree_preserving,3,0,4.0,467,980,47,20714426,0.11490997672080994,0.25028789043426514,0.10470670461654663,0.1455811709165573,2.3830802092561498e-05,2.6991292614856954,0.005779720046007913,2.0,4.48,0.030282383784651756,0.12066109478473663,0.02490852028131485,0.09575257450342178,0.00018808069580700248,3.0181975579190343,0.006462949802824485,5.0,8.0,-0.08462759293615818,-0.1296267956495285,-0.07979818433523178,-0.04982859641313553,0.000164249893714441,0.3190682964333389,0.0006832297568165717,2.6000000000000014,8.233333333333334,5.633333333333333
brc_v3_20k_fibercount_conf50_default,20k FC 50%,degree_preserving,4,0,4.0,467,980,47,20814426,0.0893402174115181,0.27329760789871216,0.07030878216028214,0.20298878848552704,2.483215394022409e-05,2.6704698633874226,0.005718350885197907,2.0,4.48,0.05295054614543915,0.24477097392082214,0.04198367893695831,0.20278728008270264,7.012658170424402e-05,2.952419751187064,0.006322097968280651,5.0,8.0,-0.03638967126607895,-0.028526633977890015,-0.028325103223323822,-0.00020150840282440186,4.529442776401993e-05,0.28194988779964136,0.0006037470830827438,2.6000000000000014,8.233333333333334,5.633333333333333
brc_v3_20k_fibercount_conf50_default,20k FC 50%,degree_preserving,5,0,4.0,467,980,47,20914426,0.09857384860515594,0.2727115750312805,0.08010067045688629,0.19261088967323303,0.00028854559059254825,2.6831132585162765,0.005745424536437423,2.0,4.48,0.07223216444253922,0.05148083716630936,0.08154614269733429,-0.03006531111896038,0.0001540571975056082,2.8378951083516974,0.006076863187048602,5.0,8.0,-0.02634168416261673,-0.22123073786497116,0.001445472240447998,-0.2226762007921934,-0.00013448839308694005,0.15478184983542098,0.0003314386506111794,2.6000000000000014,8.233333333333334,5.633333333333333
brc_v3_20k_fibercount_conf50_default,20k FC 50%,degree_preserving,6,0,4.0,467,980,47,21014426,0.08233382552862167,0.11771548539400101,0.0810004472732544,0.03671504557132721,0.0003604814119171351,2.8095124443065385,0.006016086604510789,2.0,4.48,0.04638424515724182,0.2263658493757248,0.04578535258769989,0.1805804967880249,0.0007578468066640198,3.027318459421716,0.006482480641159991,5.0,8.0,-0.03594958037137985,0.10865036398172379,-0.035215094685554504,0.1438654512166977,0.0003973653947468847,0.2178060151151775,0.0004663940366492021,2.6000000000000014,8.233333333333334,5.633333333333333
brc_v3_20k_fibercount_conf50_default,20k FC 50%,degree_preserving,7,0,4.0,467,980,47,21114426,0.09379591047763824,0.2698710858821869,0.07857802510261536,0.19129306077957153,0.00012932979734614491,2.7099151921081854,0.005802816257190975,2.0,4.48,0.11318156868219376,0.23421679437160492,0.10555893182754517,0.12865786254405975,0.0008965935558080673,3.0849399038244525,0.00660586703174401,5.0,8.0,0.01938565820455551,-0.03565429151058197,0.02698090672492981,-0.06263519823551178,0.0007672637584619224,0.37502471171626706,0.000803050774553035,2.6000000000000014,8.233333333333334,5.633333333333333
brc_v3_20k_fibercount_conf50_default,20k FC 50%,degree_preserving,8,0,4.0,467,980,47,21214426,0.12288407981395721,0.3052966892719269,0.1048077642917633,0.20048893988132477,0.00014836150512564927,2.696829310210722,0.005774795096810968,2.0,4.48,0.15680015087127686,0.5058442950248718,0.12541280686855316,0.38043150305747986,0.0003876609553117305,2.9453370460327464,0.006306931576087252,5.0,8.0,0.03391607105731964,0.20054760575294495,0.020605042576789856,0.1799425631761551,0.00023929945018608123,0.24850773582202423,0.0005321364792762835,2.6000000000000014,8.233333333333334,5.633333333333333
brc_v3_20k_fibercount_conf50_default,20k FC 50%,degree_preserving,9,0,4.0,467,980,47,21314426,0.11620572209358215,0.30973461270332336,0.09619197994470596,0.21354267001152039,8.71152660693042e-05,2.6790654660904187,0.0057367568867032525,2.0,4.48,0.08315601944923401,0.2698482573032379,0.08975476026535034,0.18009348213672638,0.0006936956779100001,2.8510746832996965,0.006105084974945817,5.0,8.0,-0.033049702644348145,-0.03988635540008545,-0.006437219679355621,-0.033449187874794006,0.0006065804118406959,0.17200921720927775,0.00036832808824256453,2.6000000000000014,8.233333333333334,5.633333333333333
brc_v3_20k_fibercount_conf50_default,20k FC 50%,degree_preserving,10,0,4.0,467,980,47,21414426,0.07403764873743057,0.13495109975337982,0.07313061505556107,0.061820514500141144,9.548678644932806e-05,2.6939848025298674,0.005768704073939759,2.0,4.48,0.07082097977399826,0.28315553069114685,0.05756978690624237,0.22558574378490448,0.00042080599814653397,3.020225693933566,0.006467292706495859,5.0,8.0,-0.003216668963432312,0.14820443093776703,-0.015560828149318695,0.16376522928476334,0.0003253192116972059,0.3262408914036987,0.0006985886325560995,2.6000000000000014,8.233333333333334,5.633333333333333
brc_v3_20k_fibercount_conf50_default,20k FC 50%,degree_preserving,11,0,4.0,467,980,47,21514426,0.1545429229736328,0.35875457525253296,0.13769623637199402,0.22105832397937775,0.0026536877267062664,2.743405497402583,0.005874529973024804,2.0,4.48,0.14499755203723907,0.3670808672904968,0.12165083736181259,0.24543002247810364,0.0014973225770518184,2.9300294142516434,0.006274152921309729,5.0,8.0,-0.009545370936393738,0.008326292037963867,-0.016045399010181427,0.02437169849872589,-0.001156365149654448,0.1866239168490602,0.00039962294828492506,2.6000000000000014,8.233333333333334,5.633333333333333
brc_v3_20k_fibercount_conf50_default,20k FC 50%,degree_strength_preserving,0,0,4.0,467,980,47,20414426,0.12982496619224548,0.18373176455497742,0.12523822486400604,0.05849354714155197,0.002423199824988842,2.6750245272033677,0.005728103912641044,2.0,4.48,0.12078657746315002,0.3842127323150635,0.09225635230541229,0.29195642471313477,0.00025272133643738925,2.987527896805594,0.0063972760102903505,5.0,8.0,-0.009038388729095459,0.20048096776008606,-0.03298187255859375,0.2334628775715828,-0.0021704784885514528,0.31250336960222613,0.0006691720976493062,2.6000000000000014,8.233333333333334,5.633333333333333
brc_v3_20k_fibercount_conf50_default,20k FC 50%,degree_strength_preserving,1,0,4.0,467,980,47,20514426,0.0329652801156044,0.0853719711303711,0.03462553769350052,0.050746429711580276,6.0171365475980565e-05,2.7953587913529656,0.00598577899647316,2.0,4.48,0.04124319925904274,0.28961414098739624,0.031262461096048355,0.2583516538143158,0.0013972553424537182,2.996656801896261,0.006416823986929896,5.0,8.0,0.00827791914343834,0.20424216985702515,-0.0033630765974521637,0.20760522410273552,0.0013370839769777376,0.20129801054329555,0.00043104499045673594,2.6000000000000014,8.233333333333334,5.633333333333333
brc_v3_20k_fibercount_conf50_default,20k FC 50%,degree_strength_preserving,2,0,4.0,467,980,47,20614426,0.10464948415756226,0.21582883596420288,0.09256567060947418,0.12326318025588989,3.913321779691614e-05,2.6319576706493737,0.005635883663060758,2.0,4.48,0.17860209941864014,0.6207687258720398,0.1305491030216217,0.4902196228504181,0.0005421710084192455,2.8577341908890395,0.006119345162503296,5.0,8.0,0.07395261526107788,0.4049398899078369,0.03798343241214752,0.3669564425945282,0.0005030377906223293,0.22577652023966577,0.0004834614994425387,2.6000000000000014,8.233333333333334,5.633333333333333
brc_v3_20k_fibercount_conf50_default,20k FC 50%,degree_strength_preserving,3,0,4.0,467,980,47,20714426,0.1649259477853775,0.4726322591304779,0.13058507442474365,0.34204718470573425,0.00024319330987054855,2.6519265542027752,0.005678643585016649,2.0,4.48,0.032141365110874176,0.19500529766082764,0.0236374419182539,0.1713678538799286,0.00038045592373237014,2.983345828843468,0.006388320832641259,5.0,8.0,-0.13278458267450333,-0.27762696146965027,-0.10694763250648975,-0.17067933082580566,0.0001372626138618216,0.33141927464069276,0.0007096772476246098,2.6000000000000014,8.233333333333334,5.633333333333333
brc_v3_20k_fibercount_conf50_default,20k FC 50%,degree_strength_preserving,4,0,4.0,467,980,47,20814426,0.15866151452064514,0.45147937536239624,0.12614203989505768,0.32533732056617737,0.0006153278518468142,2.6876920876696433,0.0057552293097851035,2.0,4.48,0.14283351600170135,0.4633517563343048,0.11187801510095596,0.35147371888160706,9.632942237658426e-05,2.906794527643958,0.006224399416796484,5.0,8.0,-0.015827998518943787,0.01187238097190857,-0.014264024794101715,0.026136398315429688,-0.0005189984294702299,0.21910243997431467,0.0004691701070113803,2.6000000000000014,8.233333333333334,5.633333333333333
brc_v3_20k_fibercount_conf50_default,20k FC 50%,degree_strength_preserving,5,0,4.0,467,980,47,20914426,0.14369216561317444,0.32777661085128784,0.12606874108314514,0.2017078995704651,0.00013953179586678743,2.7224300142646993,0.005829614591573232,2.0,4.48,0.21509596705436707,0.49984434247016907,0.18427430093288422,0.31557005643844604,6.252874300116673e-05,2.814596505174832,0.006026973244485722,5.0,8.0,0.07140380144119263,0.17206773161888123,0.058205559849739075,0.11386215686798096,-7.70030528656207e-05,0.09216649091013274,0.00019735865291249047,2.6000000000000014,8.233333333333334,5.633333333333333
brc_v3_20k_fibercount_conf50_default,20k FC 50%,degree_strength_preserving,6,0,4.0,467,980,47,21014426,0.0932670533657074,0.2785952687263489,0.07929177582263947,0.19930347800254822,0.0002445500867906958,2.7839831601461,0.0059614200431394,2.0,4.48,0.038822971284389496,0.1264212429523468,0.04259355366230011,0.08382769674062729,0.00019200508540961891,2.986537489415024,0.0063951552235867746,5.0,8.0,-0.0544440820813179,-0.15217402577400208,-0.036698222160339355,-0.11547578126192093,-5.254500138107687e-05,0.2025543292689238,0.00043373518044737425,2.6000000000000014,8.233333333333334,5.633333333333333
brc_v3_20k_fibercount_conf50_default,20k FC 50%,degree_strength_preserving,7,0,4.0,467,980,47,21114426,0.0639687180519104,0.1675025224685669,0.052442517131567,0.11506001651287079,2.7165246137883514e-05,2.7882596224733787,0.005970577350050061,2.0,4.48,0.10497530549764633,0.4175506830215454,0.07447759062051773,0.34307312965393066,0.002815400715917349,3.119808457335939,0.006680532028556614,5.0,8.0,0.04100658744573593,0.2500481605529785,0.02203507348895073,0.22801311314105988,0.0027882354697794653,0.33154883486256015,0.0007099546785065526,2.6000000000000014,8.233333333333334,5.633333333333333
brc_v3_20k_fibercount_conf50_default,20k FC 50%,degree_strength_preserving,8,0,4.0,467,980,47,21214426,0.1836746633052826,0.343119740486145,0.1662224680185318,0.17689728736877441,0.00010411777475383133,2.685968693574065,0.005751538958402709,2.0,4.48,0.14789870381355286,0.25287774205207825,0.1367308497428894,0.11614687740802765,0.0004788275109604001,2.956171440693423,0.00633013156465401,5.0,8.0,-0.035775959491729736,-0.09024199843406677,-0.029491618275642395,-0.060750409960746765,0.0003747097362065688,0.27020274711935777,0.0005785926062513011,2.6000000000000014,8.233333333333334,5.633333333333333
brc_v3_20k_fibercount_conf50_default,20k FC 50%,degree_strength_preserving,9,0,4.0,467,980,47,21314426,0.13067017495632172,0.3026883900165558,0.11154206842184067,0.19114631414413452,0.0005039415555074811,2.659688226824252,0.0056952638690026805,2.0,4.48,0.17282962799072266,0.364475816488266,0.1545945256948471,0.20988130569458008,0.0001213904470205307,2.85455816229336,0.006112544244739529,5.0,8.0,0.04215945303440094,0.061787426471710205,0.04305245727300644,0.018734991550445557,-0.0003825511084869504,0.19486993546910814,0.00041728037573684866,2.6000000000000014,8.233333333333334,5.633333333333333
brc_v3_20k_fibercount_conf50_default,20k FC 50%,degree_strength_preserving,10,0,4.0,467,980,47,21414426,0.05934317037463188,0.17941060662269592,0.052923910319805145,0.126486673951149,0.0012420837301760912,2.707227787084615,0.005797061642579475,2.0,4.48,0.13805340230464935,0.32467353343963623,0.11753625422716141,0.20713722705841064,0.0003710764867719263,3.0289757289562536,0.006486029398193262,5.0,8.0,0.07871023193001747,0.1452629268169403,0.06461234390735626,0.08065055310726166,-0.0008710072434041649,0.3217479418716387,0.0006889677556137872,2.6000000000000014,8.233333333333334,5.633333333333333
brc_v3_20k_fibercount_conf50_default,20k FC 50%,degree_strength_preserving,11,0,4.0,467,980,47,21514426,0.20938120782375336,0.5255631804466248,0.1750853806734085,0.35047784447669983,0.004097496159374714,2.7331502468915296,0.005852570121823404,2.0,4.48,0.24302691221237183,0.6902209520339966,0.19418521225452423,0.4960356652736664,0.0008028421434573829,2.8548938839281046,0.006113263134749689,5.0,8.0,0.03364570438861847,0.16465777158737183,0.019099831581115723,0.14555782079696655,-0.003294654015917331,0.12174363703657498,0.0002606930129262844,2.6000000000000014,8.233333333333334,5.633333333333333
